listing_id,listed_date,neighbourhood,property_type,bedrooms,bathrooms,size_sqm,furnished,balcony,parking_spaces,year_built,distance_to_transit_km,pets_allowed,monthly_rent_usd
R00447,2025-01-01,Old Town,Apartment,3,4,121.0,0,0,0,1960.0,0.41,1,3160
R01529,2025-01-01,Northgate,1-bed apartment,1,1,57.0,0,0,0,1996.0,0.57,0,900
R00316,2025-01-01,Harbourfront,Townhouse,3,2,109.0,0,0,0,1993.0,0.11,0,4100
R00349,2025-01-01,Eastside,1-bed apartment,1,1,50.0,1,0,1,1984.0,1.86,0,860
R01857,2025-01-01,Airport Fringe,1-bed apartment,1,2,58.0,0,1,1,2002.0,2.85,1,650
R00380,2025-01-01,Airport Fringe,Apartment,2,2,,0,1,2,1991.0,1.43,1,640
R00126,2025-01-01,Riverside,Apartment,2,2,87.0,1,1,0,2022.0,0.88,0,2480
R01825,2025-01-01,Southpark,Apartment,2,2,116.0,0,1,1,1973.0,0.15,0,1500
R01084,2025-01-01,Hillcrest,Apartment,2,1,103.0,0,0,1,1958.0,0.08,1,1830
R01932,2025-01-01,Midtown,Apartment,2,2,89.0,0,0,1,1967.0,0.27,0,2770
R01951,2025-01-01,Riverside,Studio,0,1,33.0,0,1,1,1987.0,0.47,0,840
R01071,2025-01-01,Southpark,Apartment,2,1,81.0,1,1,1,1982.0,0.37,0,1360
R00291,2025-01-01,Southpark,Studio,0,1,36.0,0,0,1,2008.0,0.29,1,580
R02167,2025-01-01,Riverside,1-bed apartment,1,1,60.0,0,0,0,1955.0,1.11,0,1120
R01493,2025-01-02,University District,Studio,0,1,31.0,0,0,0,1969.0,1.03,0,610
R00118,2025-01-02,Old Town,Apartment,3,2,121.0,0,0,1,2012.0,0.89,1,3670
R01784,2025-01-02,Eastside,Detached house,5,5,225.0,0,1,1,1960.0,0.71,0,3190
R00891,2025-01-02,Riverside,Apartment,2,1,70.0,0,0,0,1974.0,0.98,1,1590
R01170,2025-01-02,Southpark,1-bed apartment,1,2,48.0,0,0,0,1958.0,0.2,0,620
R01595,2025-01-02,University District,Apartment,3,3,117.0,1,1,1,2006.0,0.38,0,2870
R01240,2025-01-03,Old Town,Apartment,2,1,86.0,0,0,2,1996.0,0.15,0,3060
R01184,2025-01-03,University District,Studio,0,2,30.0,0,0,0,1967.0,1.59,0,620
R01062,2025-01-03,Northgate,1-bed apartment,1,2,48.0,0,1,0,1953.0,0.6,1,1030
R02143,2025-01-03,Eastside,Apartment,2,2,88.0,1,1,2,2021.0,1.76,1,1440
R01615,2025-01-03,Eastside,Apartment,2,1,82.0,0,1,0,1974.0,0.27,0,1400
R01406,2025-01-03,Northgate,Apartment,3,4,139.0,0,1,1,1974.0,1.01,1,2310
R02130,2025-01-03,Hillcrest,Apartment,2,2,65.0,0,1,1,2014.0,0.49,0,1880
R02375,2025-01-03,Westfield,Townhouse,3,4,141.0,0,0,0,1950.0,1.89,1,2060
R01543,2025-01-03,Midtown,Studio,0,1,31.0,0,1,1,1965.0,0.78,0,740
R00626,2025-01-03,Southpark,Apartment,2,2,91.0,1,0,1,1998.0,0.77,1,1510
R01460,2025-01-04,University District,Apartment,3,4,128.0,0,0,1,1968.0,0.6,0,2640
R00400,2025-01-04,Lakeview,Townhouse,4,5,145.0,0,1,0,1953.0,1.31,0,2560
R02254,2025-01-04,Southpark,Studio,0,2,29.0,0,1,0,1999.0,0.78,0,480
R00950,2025-01-04,Airport Fringe,Studio,0,1,39.0,0,1,1,2002.0,0.2,1,530
R01865,2025-01-04,Southpark,1-bed apartment,1,2,,0,0,0,1995.0,0.14,0,560
R02066,2025-01-04,Westfield,Townhouse,4,3,137.0,0,0,1,1973.0,0.78,0,2370
R01171,2025-01-04,Hillcrest,Studio,0,1,35.0,0,0,0,1959.0,0.83,0,930
R00435,2025-01-04,Eastside,Detached house,5,4,225.0,0,0,1,2019.0,0.82,0,3270
R00060,2025-01-04,Southpark,Studio,0,2,28.0,0,0,1,1973.0,0.74,1,350
R01374,2025-01-05,Harbourfront,Detached house,3,3,168.0,0,0,1,1954.0,0.48,1,5330
R02383,2025-01-05,Southpark,Apartment,2,3,93.0,0,0,1,1964.0,0.97,0,990
R01585,2025-01-05,Midtown,Apartment,2,2,60.0,0,1,1,2020.0,0.57,0,2190
R01226,2025-01-05,Old Town,Apartment,2,2,115.0,1,0,1,2003.0,0.24,0,3880
R00283,2025-01-05,University District,1-bed apartment,1,2,46.0,0,0,0,1982.0,0.4,1,1070
R01204,2025-01-05,Riverside,Apartment,2,1,73.0,0,1,2,1968.0,0.61,0,1930
R01588,2025-01-05,Riverside,Apartment,3,4,108.0,0,0,2,1987.0,0.57,1,2920
R00276,2025-01-05,Eastside,Townhouse,4,5,138.0,0,1,1,2009.0,0.48,1,2260
R02163,2025-01-05,Hillcrest,1-bed apartment,1,2,53.0,1,0,0,2013.0,0.32,0,1370
R02022,2025-01-05,Riverside,Apartment,3,2,97.0,0,0,1,1957.0,1.74,0,1940
R00312,2025-01-05,Lakeview,Apartment,3,3,141.0,1,1,1,1989.0,1.21,1,4480
R01291,2025-01-06,Hillcrest,Detached house,4,4,195.0,0,0,1,1966.0,0.39,1,4240
R00763,2025-01-06,Riverside,Apartment,3,3,113.0,1,0,2,1997.0,0.17,0,3280
R01562,2025-01-06,Midtown,Apartment,2,2,84.0,0,1,1,1981.0,0.79,1,2040
R01998,2025-01-06,Eastside,Detached house,3,2,164.0,0,0,1,1952.0,1.29,1,1970
R01107,2025-01-06,University District,Apartment,2,2,86.0,0,1,1,1982.0,0.9,0,1890
R01840,2025-01-06,Midtown,Studio,0,1,40.0,0,0,1,1976.0,1.38,1,980
R00226,2025-01-07,Northgate,Apartment,3,2,103.0,1,1,1,1997.0,0.26,0,2070
R01076,2025-01-07,Old Town,1-bed apartment,1,2,38.0,1,1,1,2023.0,0.94,0,1420
R00383,2025-01-07,Midtown,Apartment,3,2,114.0,0,0,1,1996.0,1.6,0,2240
R01714,2025-01-07,Midtown,1-bed apartment,1,1,57.0,0,1,0,1998.0,0.2,0,1820
R00580,2025-01-07,University District,Townhouse,2,2,59.0,0,0,1,1966.0,0.41,1,1180
R01640,2025-01-07,Eastside,Apartment,2,1,73.0,1,1,2,2002.0,1.25,1,1200
R01994,2025-01-07,University District,Apartment,2,2,109.0,0,0,0,2020.0,0.43,1,2180
R02147,2025-01-07,Northgate,Townhouse,2,2,74.0,0,1,2,2002.0,1.21,0,1390
R01140,2025-01-07,Westfield,Studio,0,1,25.0,0,0,1,1975.0,0.55,0,490
R01131,2025-01-07,Northgate,Apartment,3,2,148.0,0,0,0,1954.0,0.16,0,2120
R02139,2025-01-07,Harbourfront,Studio,0,1,35.0,0,1,0,1993.0,0.18,1,1250
R00890,2025-01-07,Midtown,1-bed apartment,1,1,53.0,1,1,0,1998.0,0.07,0,1840
R00557,2025-01-07,Midtown,Apartment,2,2,65.0,0,1,2,1973.0,0.64,0,1580
R01211,2025-01-07,Riverside,Apartment,3,3,82.0,0,0,1,2023.0,0.17,0,2570
R00883,2025-01-07,Eastside,1-bed apartment,1,1,48.0,0,1,1,1968.0,0.61,1,770
R01075,2025-01-07,Eastside,Detached house,3,4,181.0,1,0,0,1967.0,0.3,1,4190
R01265,2025-01-08,Southpark,Apartment,2,3,104.0,0,0,0,1966.0,0.97,1,1700
R01242,2025-01-08,Hillcrest,Studio,0,1,35.0,0,0,0,,0.53,0,660
R01648,2025-01-08,Southpark,Detached house,4,4,199.0,0,0,0,,1.21,1,2770
R02209,2025-01-08,University District,1-bed apartment,1,1,52.0,0,0,0,1989.0,0.2,0,1100
R00050,2025-01-08,Harbourfront,1-bed apartment,1,1,45.0,0,0,0,2017.0,0.4,0,2210
R01440,2025-01-08,Northgate,Townhouse,3,2,113.0,0,0,1,1961.0,0.25,1,1830
R01452,2025-01-08,Lakeview,Apartment,2,2,78.0,0,0,1,1957.0,0.19,1,1700
R02105,2025-01-08,Airport Fringe,Apartment,3,3,116.0,0,0,2,2022.0,0.3,1,1510
R01343,2025-01-08,Old Town,1-bed apartment,1,1,52.0,0,0,0,2012.0,0.71,0,1600
R00688,2025-01-08,University District,Detached house,4,4,190.0,0,0,0,1977.0,1.0,1,3640
R01864,2025-01-08,Eastside,Apartment,3,4,143.0,0,0,1,1958.0,0.72,0,2000
R00638,2025-01-09,Hillcrest,1-bed apartment,1,1,55.0,0,0,0,2017.0,0.19,0,1200
R01116,2025-01-09,Westfield,Studio,0,1,20.0,0,0,0,1998.0,0.54,0,360
R01631,2025-01-09,Northgate,Townhouse,3,4,115.0,0,0,2,1969.0,0.56,1,1970
R00638,2025-01-09,Hillcrest,1-bed apartment,1,1,55.0,0,0,0,2017.0,0.19,0,1200
R00767,2025-01-09,Eastside,Studio,0,1,25.0,0,0,1,2019.0,0.48,0,360
R02184,2025-01-09,Eastside,Studio,0,1,32.0,0,1,0,2014.0,0.77,0,520
R00094,2025-01-09,Westfield,Apartment,2,1,63.0,1,0,2,2002.0,0.73,1,1300
R02490,2025-01-09,Southpark,Apartment,2,2,96.0,1,1,2,1965.0,0.44,0,1900
R01987,2025-01-09,Eastside,1-bed apartment,1,2,,0,1,0,1964.0,0.74,0,940
R02138,2025-01-09,Hillcrest,Apartment,2,2,83.0,0,0,1,2004.0,0.51,1,1830
R01841,2025-01-09,Midtown,Apartment,2,2,,0,0,1,2020.0,0.38,1,3120
R02099,2025-01-09,Eastside,1-bed apartment,1,2,56.0,0,0,1,1977.0,0.19,0,960
R01295,2025-01-09,Eastside,Studio,0,1,36.0,0,0,0,1966.0,1.16,0,500
R00935,2025-01-09,Midtown,Studio,0,1,32.0,0,1,0,1999.0,0.81,1,1010
R00759,2025-01-09,Hillcrest,Detached house,4,4,196.0,0,0,1,2013.0,0.68,1,4830
R01337,2025-01-10,Airport Fringe,Studio,0,1,28.0,1,0,0,1995.0,3.2,1,300
R01929,2025-01-10,Hillcrest,Studio,0,2,36.0,0,0,1,1974.0,0.49,1,830
R01267,2025-01-10,Riverside,Apartment,3,4,101.0,1,0,1,1999.0,0.51,0,2490
R01561,2025-01-10,Airport Fringe,Townhouse,2,2,95.0,1,0,2,1963.0,0.59,0,1170
R00670,2025-01-10,Hillcrest,1-bed apartment,1,1,55.0,0,1,1,1993.0,0.73,0,1170
R01086,2025-01-10,Southpark,Apartment,2,2,75.0,0,0,2,1956.0,0.23,1,1160
R02429,2025-01-10,Hillcrest,Detached house,4,4,197.0,1,0,1,1999.0,0.26,0,6120
R01001,2025-01-10,Southpark,Apartment,2,3,67.0,0,1,0,1958.0,0.38,0,1040
R02384,2025-01-10,Hillcrest,1-bed apartment,1,1,50.0,0,0,1,1981.0,0.36,0,800
R00470,2025-01-10,University District,Detached house,3,4,180.0,0,0,1,1978.0,1.08,1,3410
R00405,2025-01-10,Eastside,Apartment,2,2,82.0,1,1,0,2015.0,0.46,0,1760
R00073,2025-01-11,Old Town,Apartment,2,2,98.0,0,0,2,1985.0,0.18,0,3170
R01531,2025-01-11,Lakeview,1-bed apartment,1,2,50.0,0,0,0,1978.0,0.49,1,1030
R02109,2025-01-11,University District,1-bed apartment,1,1,60.0,0,1,0,1964.0,0.87,0,1250
R01584,2025-01-11,University District,1-bed apartment,1,2,58.0,0,0,1,1978.0,0.62,1,1350
R01910,2025-01-11,Northgate,Townhouse,3,3,99.0,1,0,1,1989.0,1.96,0,2230
R01644,2025-01-11,Eastside,1-bed apartment,1,2,60.0,0,0,0,1970.0,0.84,1,750
R01043,2025-01-11,Midtown,Apartment,2,2,87.0,1,0,1,1988.0,0.48,1,2690
R00772,2025-01-11,Lakeview,Studio,0,1,33.0,1,0,1,1974.0,0.65,1,890
R01887,2025-01-12,Midtown,Detached house,3,4,145.0,0,0,1,2020.0,0.71,1,4080
R01691,2025-01-12,Riverside,Apartment,2,3,84.0,0,1,1,1968.0,1.17,0,2370
R00306,2025-01-12,Airport Fringe,Studio,0,1,36.0,0,1,0,2013.0,1.26,0,570
R01400,2025-01-12,Northgate,Detached house,5,4,219.0,1,0,2,1999.0,1.29,0,4310
R00538,2025-01-12,Eastside,Apartment,3,4,124.0,0,0,1,1983.0,0.35,0,2040
R01350,2025-01-12,Lakeview,1-bed apartment,1,1,52.0,0,0,0,1994.0,0.22,0,1350
R01097,2025-01-12,Westfield,Apartment,3,3,106.0,0,0,1,1999.0,0.66,1,1820
R02303,2025-01-12,Harbourfront,Apartment,2,1,83.0,1,1,1,1980.0,0.3,1,3800
R02288,2025-01-12,University District,Apartment,2,1,65.0,1,1,1,1991.0,0.62,0,1580
R01809,2025-01-12,Old Town,Studio,0,2,39.0,0,1,0,1968.0,0.58,0,1120
R01313,2025-01-12,Eastside,1-bed apartment,1,2,44.0,0,1,0,2015.0,0.14,0,890
R00849,2025-01-12,Hillcrest,1-bed apartment,1,1,63.0,0,1,1,1952.0,0.22,0,1430
R01186,2025-01-12,University District,Townhouse,2,2,84.0,0,1,2,1991.0,0.07,1,1960
R00712,2025-01-13,Harbourfront,Studio,0,1,35.0,1,1,1,1986.0,0.75,0,1540
R00328,2025-01-13,Eastside,Apartment,2,1,89.0,0,1,1,1955.0,0.07,0,1540
R02400,2025-01-13,University District,Studio,0,1,32.0,1,1,0,1951.0,0.12,0,740
R01260,2025-01-13,Harbourfront,1-bed apartment,1,1,46.0,1,0,0,2007.0,0.55,0,2230
R00882,2025-01-13,Harbourfront,Apartment,2,2,87.0,0,1,2,1965.0,0.52,1,3070
R00619,2025-01-13,Southpark,Detached house,4,4,192.0,0,1,1,2002.0,0.47,0,3170
R01769,2025-01-13,Eastside,Apartment,3,4,137.0,0,1,2,1980.0,1.36,0,1890
R00004,2025-01-13,University District,1-bed apartment,1,2,51.0,0,1,0,2015.0,0.42,1,1250
R01833,2025-01-13,Riverside,Apartment,2,3,77.0,0,0,2,1979.0,0.08,0,2210
R00586,2025-01-13,Westfield,1-bed apartment,1,2,47.0,0,0,1,2012.0,0.28,0,1090
R00671,2025-01-13,Hillcrest,Apartment,3,3,132.0,0,0,1,2003.0,0.67,0,3100
R02077,2025-01-13,Lakeview,Apartment,3,3,101.0,0,1,0,2010.0,0.1,1,3380
R00173,2025-01-13,Lakeview,Townhouse,3,2,128.0,0,1,1,2012.0,0.33,1,2310
R00877,2025-01-14,Westfield,Studio,0,1,33.0,0,0,1,2020.0,0.46,0,640
R00309,2025-01-14,Old Town,Studio,0,1,30.0,0,0,1,1985.0,0.56,0,860
R02246,2025-01-14,Northgate,1-bed apartment,1,1,38.0,1,1,0,1953.0,0.61,0,700
R00022,2025-01-14,Harbourfront,Apartment,3,3,127.0,0,0,1,1978.0,0.32,0,4690
R02017,2025-01-14,Hillcrest,Studio,0,1,34.0,0,1,0,1978.0,0.3,0,950
R00555,2025-01-14,Midtown,Townhouse,2,2,81.0,0,1,1,1993.0,0.15,1,2760
R01969,2025-01-14,Riverside,Apartment,2,3,90.0,0,1,1,1964.0,0.38,0,2200
R00730,2025-01-14,Westfield,1-bed apartment,1,1,48.0,0,0,0,1961.0,0.37,0,820
R01138,2025-01-14,University District,Townhouse,4,4,141.0,0,1,0,2021.0,1.08,1,2840
R01962,2025-01-14,Northgate,Townhouse,3,2,102.0,0,1,2,1982.0,1.89,1,2260
R00511,2025-01-15,Eastside,Studio,0,1,34.0,0,0,0,1967.0,0.07,0,480
R02368,2025-01-15,Midtown,Apartment,2,2,80.0,0,1,1,2013.0,0.28,1,2640
R01538,2025-01-15,Riverside,Studio,0,1,31.0,1,0,1,1999.0,0.93,0,730
R00724,2025-01-16,Airport Fringe,Apartment,3,3,122.0,1,0,1,1959.0,0.12,0,1280
R01632,2025-01-16,Riverside,Apartment,2,2,82.0,0,1,0,1992.0,0.56,0,1870
R01778,2025-01-16,Eastside,Detached house,3,3,184.0,0,0,1,2014.0,0.94,0,3250
R02188,2025-01-16,Airport Fringe,Apartment,2,3,78.0,1,0,1,1978.0,1.48,0,1040
R01125,2025-01-16,Hillcrest,1-bed apartment,1,1,,0,0,0,2012.0,0.83,0,1140
R02136,2025-01-16,Southpark,Townhouse,3,3,117.0,0,0,1,2024.0,0.45,0,1920
R02135,2025-01-17,University District,Townhouse,4,3,158.0,0,0,2,1950.0,1.91,0,2990
R00401,2025-01-17,University District,Detached house,3,4,153.0,0,0,2,2000.0,0.73,1,3140
R02298,2025-01-17,University District,Apartment,2,1,85.0,0,0,0,1988.0,0.09,1,1590
R00064,2025-01-17,Airport Fringe,Apartment,3,4,117.0,0,0,1,2011.0,0.42,0,1450
R00843,2025-01-17,Westfield,Townhouse,3,2,119.0,1,0,2,2003.0,0.44,0,2300
R00233,2025-01-17,Riverside,1-bed apartment,1,1,50.0,0,1,0,2011.0,0.81,0,1500
R01126,2025-01-17,Northgate,Detached house,5,4,221.0,0,0,1,1964.0,0.11,0,2880
R01995,2025-01-17,Eastside,Studio,0,1,41.0,1,1,1,1994.0,0.63,0,880
R02012,2025-01-17,Eastside,Studio,0,1,33.0,0,0,0,1987.0,0.92,1,370
R00076,2025-01-17,Eastside,1-bed apartment,1,1,55.0,0,0,0,1989.0,0.53,1,700
R01315,2025-01-17,Riverside,1-bed apartment,1,1,53.0,0,1,0,1977.0,0.25,1,1390
R02285,2025-01-17,Northgate,Apartment,3,3,122.0,0,0,0,1969.0,1.0,1,2070
R01064,2025-01-18,Hillcrest,Apartment,3,3,114.0,1,0,0,2000.0,0.5,0,2480
R00741,2025-01-18,Riverside,1-bed apartment,1,1,59.0,0,1,1,1992.0,0.64,1,1380
R00867,2025-01-18,University District,Apartment,2,2,102.0,0,0,1,2007.0,0.18,1,1990
R00830,2025-01-18,Harbourfront,1-bed apartment,1,1,41.0,0,0,0,2001.0,0.58,0,1730
R01936,2025-01-18,Westfield,1-bed apartment,1,1,45.0,0,1,0,2012.0,1.02,0,1030
R01786,2025-01-18,Westfield,Apartment,2,2,79.0,0,1,1,1975.0,1.46,0,1220
R00182,2025-01-18,Midtown,Detached house,3,3,155.0,1,0,1,1987.0,0.4,0,4750
R01357,2025-01-18,University District,Townhouse,2,1,86.0,0,0,1,2007.0,0.09,0,2640
R00517,2025-01-18,Harbourfront,1-bed apartment,1,2,54.0,1,1,1,1986.0,0.51,1,2210
R01890,2025-01-18,Midtown,Apartment,2,2,61.0,0,1,1,2007.0,1.55,1,1820
R00418,2025-01-19,University District,Detached house,4,3,175.0,0,0,1,2013.0,0.81,0,3690
R01587,2025-01-19,Eastside,1-bed apartment,1,1,45.0,1,0,1,2004.0,0.85,1,710
R02048,2025-01-19,Northgate,Apartment,3,4,104.0,0,0,1,1987.0,0.85,0,2050
R01193,2025-01-19,Hillcrest,1-bed apartment,1,2,68.0,0,1,0,1997.0,0.36,0,1280
R02294,2025-01-19,Northgate,Studio,0,2,25.0,0,0,0,1981.0,0.61,0,490
R00566,2025-01-19,Old Town,Townhouse,2,1,113.0,0,0,1,1953.0,0.64,0,2980
R01963,2025-01-20,Harbourfront,1-bed apartment,1,2,41.0,0,0,0,1993.0,0.2,1,1320
R01819,2025-01-20,Harbourfront,1-bed apartment,1,2,55.0,0,0,0,2012.0,0.06,0,2450
R00016,2025-01-20,Lakeview,1-bed apartment,1,1,53.0,0,1,0,1973.0,0.73,0,1490
R00467,2025-01-20,Northgate,Apartment,2,2,86.0,0,0,1,1982.0,0.73,1,1600
R00678,2025-01-20,Midtown,Apartment,2,3,95.0,0,0,1,,0.4,1,2860
R01726,2025-01-20,Midtown,Detached house,3,2,162.0,0,0,2,2008.0,0.17,0,5200
R01245,2025-01-20,Harbourfront,Townhouse,4,3,165.0,0,1,2,,1.12,0,4000
R02342,2025-01-20,University District,Apartment,2,2,75.0,0,1,1,1964.0,0.2,1,1540
R01699,2025-01-20,Riverside,Studio,0,1,37.0,0,0,0,1984.0,0.94,1,850
R00286,2025-01-20,Southpark,1-bed apartment,1,2,55.0,0,1,0,1982.0,3.03,0,610
R00028,2025-01-20,University District,Apartment,3,3,105.0,0,1,0,1988.0,0.7,1,2050
R00421,2025-01-20,Southpark,Apartment,3,4,115.0,1,1,0,1965.0,0.66,0,1960
R00987,2025-01-21,Old Town,Apartment,3,3,91.0,0,1,2,1975.0,0.96,0,3160
R00817,2025-01-21,Old Town,Apartment,3,3,131.0,0,0,2,1953.0,0.43,1,3820
R01517,2025-01-21,Airport Fringe,1-bed apartment,1,1,61.0,1,0,1,1954.0,1.78,1,800
R01886,2025-01-21,Westfield,Townhouse,3,2,96.0,1,1,1,2000.0,0.09,1,2120
R01202,2025-01-21,Riverside,Townhouse,2,3,83.0,0,0,2,1992.0,0.68,0,2250
R01370,2025-01-21,Airport Fringe,1-bed apartment,1,1,34.0,0,1,0,1961.0,0.87,1,460
R01201,2025-01-21,Riverside,Apartment,2,1,99.0,0,0,2,1977.0,0.57,1,2130
R01227,2025-01-21,Airport Fringe,1-bed apartment,1,2,,1,0,0,1990.0,0.61,0,930
R00044,2025-01-22,Airport Fringe,Townhouse,2,3,85.0,1,0,2,2024.0,0.67,1,1200
R02070,2025-01-22,Westfield,1-bed apartment,1,1,44.0,0,0,1,1969.0,0.3,0,760
R02162,2025-01-22,Westfield,Detached house,3,3,187.0,1,0,1,1998.0,0.66,0,3940
R01985,2025-01-22,Northgate,Detached house,3,3,159.0,0,0,0,1997.0,1.34,0,2730
R01281,2025-01-22,Hillcrest,1-bed apartment,1,1,53.0,0,0,1,1970.0,0.23,0,1190
R01701,2025-01-22,Old Town,Apartment,2,3,98.0,0,1,1,1977.0,1.37,0,3190
R01997,2025-01-22,Airport Fringe,Studio,0,1,35.0,0,1,1,1961.0,1.41,1,460
R01148,2025-01-22,Riverside,Apartment,3,4,123.0,0,0,0,1971.0,1.29,1,3100
R01597,2025-01-22,Airport Fringe,Detached house,4,4,201.0,0,0,1,1958.0,0.89,0,1920
R00516,2025-01-22,Northgate,Apartment,2,2,79.0,1,0,0,1995.0,0.4,0,1330
R00762,2025-01-22,Eastside,Studio,0,1,24.0,0,0,0,2023.0,1.49,0,380
R02123,2025-01-22,University District,1-bed apartment,1,1,56.0,0,1,1,1965.0,4.37,0,1030
R00657,2025-01-22,Eastside,Apartment,3,2,108.0,1,1,1,2010.0,0.75,0,1880
R01262,2025-01-23,Airport Fringe,Detached house,4,5,211.0,1,0,1,1980.0,1.01,0,3260
R01470,2025-01-23,Harbourfront,Apartment,3,3,124.0,0,1,1,,1.13,0,3980
R01744,2025-01-23,Westfield,Apartment,2,3,123.0,0,1,1,1996.0,1.09,0,2310
R02434,2025-01-23,Southpark,Detached house,5,4,209.0,0,0,2,2022.0,0.55,0,3320
R01707,2025-01-23,Eastside,Apartment,2,3,81.0,0,0,0,2009.0,0.3,0,1480
R00356,2025-01-23,Hillcrest,1-bed apartment,1,2,40.0,0,1,0,1979.0,1.05,0,740
R01041,2025-01-23,Midtown,Apartment,3,2,109.0,0,1,2,2014.0,0.39,0,3650
R01434,2025-01-24,Northgate,Studio,0,1,39.0,0,0,1,1956.0,2.26,0,600
R02101,2025-01-24,Lakeview,Studio,0,1,34.0,0,1,0,1987.0,1.21,0,810
R00597,2025-01-24,Westfield,1-bed apartment,1,2,63.0,0,1,0,2000.0,1.67,0,1120
R00776,2025-01-24,Southpark,1-bed apartment,1,1,46.0,1,0,0,1960.0,0.39,0,680
R02221,2025-01-24,Northgate,Apartment,3,4,99.0,0,0,1,2022.0,0.43,1,1550
R01434,2025-01-24,Northgate,Studio,0,1,39.0,0,0,1,1956.0,2.26,0,600
R02408,2025-01-24,Westfield,Townhouse,3,3,,0,1,0,2013.0,1.09,0,2150
R01478,2025-01-24,Northgate,1-bed apartment,1,1,46.0,1,0,0,1958.0,0.46,0,720
R01216,2025-01-24,Riverside,1-bed apartment,1,1,35.0,1,1,0,1968.0,3.1,0,870
R01606,2025-01-24,Airport Fringe,Townhouse,3,2,136.0,1,0,1,1982.0,0.12,1,1870
R00190,2025-01-24,Airport Fringe,Studio,0,1,33.0,1,1,1,1994.0,2.06,0,420
R00205,2025-01-24,Lakeview,Townhouse,3,4,125.0,1,0,0,2023.0,2.53,0,3320
R01507,2025-01-24,Midtown,Apartment,3,4,103.0,1,1,1,2020.0,1.13,0,3850
R00193,2025-01-25,Southpark,1-bed apartment,1,1,50.0,0,1,0,1968.0,0.78,0,570
R00237,2025-01-25,Old Town,Apartment,3,3,121.0,0,1,2,1955.0,1.92,0,2340
R01717,2025-01-25,Airport Fringe,Apartment,2,2,109.0,0,0,1,2003.0,1.28,1,1450
R00975,2025-01-25,Eastside,Detached house,3,2,173.0,1,0,2,1971.0,0.48,0,3270
R01385,2025-01-25,Northgate,Apartment,2,2,100.0,0,1,1,1986.0,0.14,0,2160
R00471,2025-01-25,Old Town,Apartment,3,4,,1,1,1,1989.0,0.22,1,4530
R01718,2025-01-25,Eastside,Townhouse,2,3,84.0,0,0,0,1985.0,0.64,0,1470
R02347,2025-01-25,Midtown,Apartment,2,3,90.0,0,1,0,1974.0,0.46,0,1960
R02379,2025-01-25,Lakeview,Townhouse,3,2,151.0,1,1,1,1960.0,0.47,0,4040
R02179,2025-01-25,Eastside,Apartment,2,2,104.0,1,1,2,1978.0,0.51,0,1280
R02172,2025-01-26,Eastside,Studio,0,1,35.0,0,0,0,2009.0,1.06,0,450
R01619,2025-01-26,Hillcrest,Apartment,3,4,136.0,0,1,1,1990.0,0.89,0,3790
R01906,2025-01-26,Midtown,1-bed apartment,1,1,50.0,0,1,0,2000.0,1.06,0,1640
R01923,2025-01-26,Riverside,1-bed apartment,1,1,54.0,0,1,0,1999.0,0.11,1,1260
R01628,2025-01-26,Eastside,Townhouse,2,2,78.0,0,0,1,2004.0,0.57,0,1360
R00150,2025-01-26,Northgate,Apartment,2,3,87.0,0,0,1,2008.0,0.52,0,1590
R00150,2025-01-26,Northgate,Apartment,2,3,87.0,0,0,1,2008.0,0.52,0,1590
R00433,2025-01-26,Riverside,Apartment,2,2,96.0,0,0,2,1962.0,0.14,0,2060
R00694,2025-01-26,Westfield,1-bed apartment,1,1,67.0,1,1,1,1962.0,1.24,1,1600
R02259,2025-01-26,Southpark,Detached house,3,3,187.0,0,0,1,2000.0,0.56,0,3160
R02106,2025-01-26,Southpark,Detached house,4,5,207.0,0,0,1,2011.0,1.56,1,2920
R00281,2025-01-26,Riverside,1-bed apartment,1,1,43.0,0,0,0,1980.0,0.58,0,710
R00713,2025-01-26,Westfield,Townhouse,3,2,145.0,0,0,0,1988.0,0.69,0,2070
R00297,2025-01-26,Lakeview,Apartment,2,3,90.0,0,1,2,1986.0,0.32,1,2240
R00977,2025-01-27,University District,Apartment,2,1,91.0,0,1,2,1962.0,0.71,0,1710
R01514,2025-01-27,Hillcrest,1-bed apartment,1,2,45.0,0,0,1,2002.0,1.94,1,1010
R01263,2025-01-27,Westfield,1-bed apartment,1,2,46.0,0,1,1,1980.0,0.8,0,780
R02355,2025-01-27,University District,Apartment,2,2,80.0,0,0,0,2005.0,0.23,0,1470
R02330,2025-01-27,Northgate,Apartment,2,3,82.0,0,0,2,1967.0,0.46,1,990
R00460,2025-01-27,Southpark,Apartment,2,2,110.0,1,0,2,1967.0,0.25,0,1640
R00179,2025-01-27,Hillcrest,Detached house,4,4,207.0,0,0,1,1971.0,0.41,0,4620
R01376,2025-01-28,Old Town,1-bed apartment,1,1,39.0,0,0,0,1983.0,1.09,1,1230
R01905,2025-01-28,Riverside,Townhouse,3,3,,0,1,2,2001.0,2.2,0,3310
R01542,2025-01-28,Southpark,Apartment,2,2,76.0,0,0,1,2005.0,0.7,0,1030
R01010,2025-01-28,Midtown,Apartment,2,2,96.0,1,0,2,1954.0,0.29,0,3200
R00071,2025-01-28,Midtown,Apartment,2,1,88.0,0,1,1,1982.0,0.77,0,2670
R00615,2025-01-28,Lakeview,1-bed apartment,1,1,52.0,1,1,0,1952.0,0.05,0,1330
R01098,2025-01-28,Eastside,Apartment,2,1,80.0,0,1,2,1999.0,2.59,0,1200
R00846,2025-01-28,Old Town,Studio,0,1,33.0,0,1,1,1966.0,0.44,1,1100
R01457,2025-01-28,Harbourfront,Apartment,3,2,135.0,1,1,2,1973.0,0.28,1,4730
R00790,2025-01-28,Harbourfront,1-bed apartment,1,1,51.0,0,0,1,1992.0,0.19,1,1830
R00615,2025-01-28,Lakeview,1-bed apartment,1,1,52.0,1,1,0,1952.0,0.05,0,1330
R00203,2025-01-28,Southpark,Detached house,4,4,198.0,0,0,1,1965.0,0.3,0,2730
R01077,2025-01-28,Lakeview,1-bed apartment,1,2,35.0,0,1,1,1971.0,0.6,0,760
R01982,2025-01-28,Southpark,1-bed apartment,1,1,42.0,1,1,0,,0.33,1,930
R02208,2025-01-28,Westfield,Townhouse,2,1,96.0,0,0,1,1985.0,1.18,1,1420
R01029,2025-01-29,University District,Townhouse,3,3,114.0,0,1,1,2011.0,0.31,1,2470
R00607,2025-01-29,Westfield,Townhouse,3,3,87.0,0,1,1,1968.0,0.26,0,1500
R01474,2025-01-29,Eastside,Apartment,3,4,102.0,1,0,2,1960.0,0.48,0,1350
R01373,2025-01-29,Lakeview,Apartment,2,2,47.0,0,0,1,2000.0,0.1,1,1490
R00376,2025-01-29,Westfield,Detached house,3,2,149.0,0,1,0,1984.0,1.79,0,2780
R00565,2025-01-29,University District,Detached house,3,2,140.0,0,0,2,2002.0,0.45,0,3200
R02149,2025-01-29,Southpark,Apartment,3,4,115.0,0,1,1,2007.0,0.57,0,1570
R01330,2025-01-30,Airport Fringe,Townhouse,2,2,102.0,0,1,1,1977.0,1.27,0,1160
R00583,2025-01-30,Westfield,Apartment,3,2,123.0,1,0,0,1957.0,0.83,0,2130
R01003,2025-01-30,Eastside,Apartment,2,3,67.0,0,0,2,1966.0,0.27,0,940
R01286,2025-01-30,Riverside,1-bed apartment,1,1,54.0,0,1,0,1979.0,1.16,0,1150
R01279,2025-01-31,Westfield,Studio,0,1,35.0,0,1,1,2008.0,0.07,0,610
R02402,2025-01-31,Midtown,Townhouse,3,3,137.0,0,1,1,2001.0,1.33,1,3450
R01990,2025-01-31,Lakeview,Townhouse,4,4,118.0,0,1,2,1963.0,0.88,0,3050
R00578,2025-01-31,Westfield,1-bed apartment,1,1,,0,0,0,1964.0,1.02,0,600
R01371,2025-01-31,Riverside,Townhouse,4,4,,0,1,0,1987.0,0.41,1,3530
R01750,2025-01-31,Westfield,Studio,0,1,37.0,0,0,1,1965.0,0.7,1,580
R02425,2025-01-31,Midtown,Townhouse,3,4,116.0,0,0,0,2015.0,1.12,0,3140
R01791,2025-02-01,Westfield,Apartment,2,3,67.0,0,0,0,1985.0,0.05,1,1030
R02424,2025-02-01,University District,Studio,0,1,37.0,0,0,0,1965.0,1.39,1,870
R02058,2025-02-01,Eastside,Studio,0,1,37.0,1,1,0,1981.0,1.37,0,690
R02016,2025-02-01,Harbourfront,Detached house,4,5,192.0,0,0,2,2005.0,1.11,0,6540
R01941,2025-02-01,Northgate,Apartment,3,3,125.0,1,1,1,1985.0,1.18,1,2020
R01085,2025-02-01,Midtown,1-bed apartment,1,1,50.0,0,0,0,1961.0,0.9,0,1190
R00477,2025-02-01,Northgate,Townhouse,3,4,139.0,1,0,2,1975.0,0.95,1,3540
R01575,2025-02-01,Riverside,Studio,0,1,31.0,0,0,0,2001.0,0.29,0,790
R00200,2025-02-02,University District,Apartment,2,3,83.0,0,0,1,2006.0,0.05,0,2340
R00115,2025-02-02,Midtown,Detached house,4,3,190.0,0,0,2,1988.0,0.63,0,6120
R02494,2025-02-02,Old Town,Townhouse,3,4,147.0,0,0,1,2002.0,0.27,0,4980
R01101,2025-02-02,Eastside,Apartment,2,2,84.0,0,1,0,2023.0,1.14,0,1640
R01366,2025-02-02,Eastside,Apartment,3,2,115.0,0,0,1,1976.0,0.93,0,1490
R00777,2025-02-03,Eastside,1-bed apartment,1,2,63.0,0,1,0,1967.0,0.57,0,1100
R02081,2025-02-03,Eastside,Apartment,2,1,82.0,1,0,0,1976.0,1.9,0,1360
R01663,2025-02-03,Eastside,Apartment,2,1,72.0,0,0,2,1963.0,0.3,1,1060
R01197,2025-02-03,Northgate,Apartment,3,3,112.0,0,0,1,1973.0,0.34,0,2010
R01669,2025-02-03,Northgate,Apartment,2,1,82.0,0,0,1,1991.0,0.22,0,1770
R02085,2025-02-03,Hillcrest,Apartment,3,2,99.0,0,1,2,1967.0,0.51,1,2060
R01920,2025-02-03,Westfield,Townhouse,4,4,148.0,0,0,1,2010.0,1.12,0,2420
R01386,2025-02-03,University District,Apartment,3,4,97.0,0,1,2,1956.0,0.62,1,1870
R01914,2025-02-04,Harbourfront,Detached house,3,3,199.0,0,0,1,1952.0,0.05,0,6840
R02493,2025-02-04,Airport Fringe,Townhouse,4,5,131.0,1,0,2,2014.0,0.44,0,2420
R00202,2025-02-04,Midtown,Apartment,2,1,68.0,0,0,1,2012.0,0.69,1,1940
R02397,2025-02-04,Airport Fringe,Studio,0,1,,1,0,0,1962.0,0.52,0,380
R00961,2025-02-04,Westfield,Apartment,2,1,56.0,1,1,2,2010.0,0.07,0,1390
R00744,2025-02-04,University District,Apartment,2,1,108.0,0,0,1,2006.0,1.91,0,2330
R00773,2025-02-04,Hillcrest,Apartment,2,2,61.0,0,1,1,2024.0,0.44,0,1210
R01154,2025-02-04,Midtown,Apartment,2,3,103.0,0,1,1,1966.0,0.62,1,2910
R00054,2025-02-04,Northgate,1-bed apartment,1,1,57.0,0,0,0,1963.0,0.27,0,1100
R01472,2025-02-04,Southpark,Detached house,3,4,180.0,1,0,0,2006.0,0.66,0,2620
R01826,2025-02-04,Westfield,1-bed apartment,1,2,52.0,0,1,0,2009.0,0.27,0,1230
R00319,2025-02-04,Westfield,Apartment,3,2,116.0,0,0,1,2003.0,0.81,0,3210
R00287,2025-02-05,Northgate,Detached house,3,4,153.0,0,0,1,1989.0,1.39,0,2170
R00974,2025-02-05,Midtown,1-bed apartment,1,1,64.0,0,0,0,1998.0,1.14,0,1600
R00465,2025-02-05,Riverside,1-bed apartment,1,1,51.0,0,0,1,2017.0,0.36,0,1600
R00848,2025-02-05,Northgate,Apartment,2,2,87.0,0,1,1,,0.9,0,1840
R00089,2025-02-05,Southpark,Studio,0,1,29.0,0,1,1,1974.0,0.24,1,540
R01469,2025-02-05,University District,1-bed apartment,1,1,40.0,0,0,0,2020.0,0.22,1,1170
R02182,2025-02-05,Northgate,Apartment,2,2,89.0,0,0,2,2002.0,1.61,1,1520
R01693,2025-02-05,Lakeview,Apartment,3,3,115.0,0,1,2,1951.0,1.52,1,3370
R01698,2025-02-05,University District,Studio,0,2,32.0,0,0,1,1993.0,1.08,0,740
R00541,2025-02-06,Midtown,Apartment,2,3,94.0,1,0,0,1981.0,0.68,0,2330
R00822,2025-02-06,Northgate,Detached house,4,4,184.0,0,0,0,1992.0,1.24,1,2760
R00911,2025-02-06,Airport Fringe,Townhouse,4,4,165.0,0,1,0,1973.0,2.66,1,1910
R01128,2025-02-06,Airport Fringe,Apartment,3,3,111.0,0,1,1,1977.0,0.25,1,1540
R00106,2025-02-06,Midtown,Detached house,3,3,161.0,1,0,1,1959.0,1.22,0,3950
R00966,2025-02-06,Southpark,1-bed apartment,1,1,50.0,0,0,0,1989.0,2.04,0,770
R01215,2025-02-06,Lakeview,Apartment,2,2,90.0,0,1,2,2001.0,0.88,0,2190
R00295,2025-02-06,Northgate,1-bed apartment,1,1,47.0,0,1,1,1966.0,0.81,1,870
R00680,2025-02-06,Northgate,Apartment,2,3,91.0,0,1,1,1990.0,0.61,0,1690
R02333,2025-02-06,University District,Townhouse,3,4,101.0,0,1,2,2004.0,0.57,1,2240
R01212,2025-02-06,Hillcrest,1-bed apartment,1,1,60.0,0,1,0,1983.0,0.33,0,1050
R01104,2025-02-06,University District,Studio,0,2,34.0,0,1,0,1978.0,1.57,1,690
R00047,2025-02-07,Eastside,Detached house,3,3,161.0,1,0,2,1982.0,1.13,1,2090
R00137,2025-02-07,Old Town,1-bed apartment,1,1,60.0,0,1,0,1958.0,0.17,1,1660
R00591,2025-02-07,Northgate,Apartment,2,1,83.0,0,0,0,2007.0,0.66,0,1330
R00334,2025-02-07,Westfield,Apartment,2,1,76.0,0,0,2,1977.0,1.42,1,980
R02124,2025-02-07,Eastside,1-bed apartment,1,1,53.0,0,1,1,2002.0,1.44,0,880
R01364,2025-02-07,Hillcrest,Studio,0,2,26.0,0,0,1,1979.0,0.15,1,440
R01978,2025-02-07,Riverside,Apartment,2,3,,0,1,0,1989.0,0.08,1,3000
R02145,2025-02-07,Hillcrest,Studio,0,1,41.0,0,0,0,2004.0,0.38,0,700
R02173,2025-02-07,Westfield,Townhouse,2,2,82.0,0,0,1,1964.0,1.58,0,1440
R01780,2025-02-08,Northgate,Townhouse,3,3,107.0,0,1,0,2006.0,0.12,0,2260
R00419,2025-02-08,University District,Apartment,3,3,103.0,0,1,0,2000.0,0.3,0,2220
R02477,2025-02-08,Riverside,1-bed apartment,1,2,50.0,0,0,1,2022.0,0.45,1,990
R01690,2025-02-08,Northgate,Apartment,2,2,86.0,1,0,2,1981.0,0.57,0,1520
R00603,2025-02-08,University District,1-bed apartment,1,1,56.0,0,0,1,2020.0,0.8,1,1600
R00354,2025-02-09,Westfield,Townhouse,2,2,87.0,0,0,1,1953.0,1.77,0,1510
R00008,2025-02-09,Westfield,Apartment,2,2,,0,0,2,1982.0,0.62,1,2020
R02488,2025-02-09,Midtown,Apartment,2,3,97.0,0,1,0,1969.0,0.87,1,1700
R00970,2025-02-09,Eastside,Studio,0,1,35.0,0,0,0,2011.0,0.36,1,510
R00373,2025-02-09,Westfield,1-bed apartment,1,1,39.0,0,1,1,1992.0,0.53,1,840
R01221,2025-02-09,Eastside,Apartment,3,4,119.0,0,1,1,1999.0,1.25,1,1550
R02227,2025-02-09,Eastside,Townhouse,3,3,109.0,1,0,0,2003.0,0.19,0,2340
R02238,2025-02-09,Midtown,Apartment,2,2,103.0,0,0,1,1983.0,1.29,1,2950
R01637,2025-02-09,Lakeview,Apartment,2,2,105.0,0,0,2,1977.0,1.69,0,1840
R00845,2025-02-10,Old Town,1-bed apartment,1,1,49.0,0,1,0,1961.0,0.7,0,1310
R01945,2025-02-10,Westfield,Townhouse,2,1,93.0,0,0,2,1975.0,1.3,1,1630
R01050,2025-02-10,University District,Townhouse,4,4,129.0,1,0,1,1998.0,0.23,1,2580
R02327,2025-02-10,Hillcrest,Apartment,2,2,91.0,1,1,1,2007.0,0.42,1,2380
R01749,2025-02-10,Southpark,Studio,0,1,31.0,1,1,0,1961.0,0.35,0,570
R00212,2025-02-11,Westfield,Apartment,2,3,108.0,1,1,2,2010.0,0.43,1,2360
R01980,2025-02-11,Riverside,Detached house,3,2,,1,0,1,1952.0,0.06,0,5090
R00812,2025-02-11,Riverside,1-bed apartment,1,2,43.0,0,1,0,1972.0,1.41,0,890
R00092,2025-02-11,Hillcrest,Detached house,3,2,161.0,1,0,1,1998.0,0.48,0,4480
R00251,2025-02-11,Northgate,Detached house,4,5,213.0,0,0,1,1963.0,0.61,1,3190
R00496,2025-02-11,Airport Fringe,Apartment,2,2,68.0,1,1,1,1951.0,0.58,1,930
R01118,2025-02-11,Southpark,Studio,0,1,31.0,0,1,0,1972.0,0.34,0,480
R01586,2025-02-11,Midtown,1-bed apartment,1,1,33.0,0,0,0,2005.0,1.64,1,630
R00781,2025-02-11,Lakeview,Apartment,2,2,73.0,0,0,2,1966.0,0.39,0,2130
R00758,2025-02-12,Southpark,Apartment,3,3,,0,0,2,1986.0,0.73,0,2160
R01481,2025-02-12,Westfield,Studio,0,1,27.0,0,1,1,2019.0,0.66,1,480
R00213,2025-02-12,Old Town,Townhouse,2,1,82.0,0,0,2,1979.0,0.23,0,2370
R00362,2025-02-12,University District,Detached house,4,4,192.0,0,0,1,1979.0,0.13,0,4140
R02137,2025-02-12,Harbourfront,Townhouse,2,3,83.0,1,1,1,1975.0,0.99,0,3210
R01391,2025-02-12,Lakeview,Detached house,5,5,220.0,0,0,2,2009.0,0.4,0,5730
R01620,2025-02-12,Airport Fringe,Apartment,3,4,140.0,0,1,0,1982.0,0.66,1,1910
R00243,2025-02-13,Old Town,1-bed apartment,1,1,62.0,0,1,0,2004.0,0.91,1,1580
R00746,2025-02-13,University District,Townhouse,2,2,91.0,1,1,1,2000.0,0.24,0,2580
R02194,2025-02-13,Riverside,1-bed apartment,1,1,43.0,0,1,1,1990.0,0.6,0,1000
R01413,2025-02-13,University District,1-bed apartment,1,2,53.0,0,1,0,1965.0,0.98,0,1130
R00444,2025-02-13,Old Town,Studio,0,1,20.0,0,1,0,1990.0,0.05,0,610
R00165,2025-02-13,Northgate,Apartment,2,1,100.0,0,0,2,1995.0,0.49,0,1710
R00256,2025-02-13,Harbourfront,Apartment,3,4,100.0,1,0,2,1957.0,0.12,0,3170
R00051,2025-02-13,University District,1-bed apartment,1,2,56.0,0,1,0,1970.0,0.28,0,1060
R02315,2025-02-13,Westfield,Detached house,4,5,188.0,0,1,1,2001.0,0.62,0,2560
R00563,2025-02-13,Hillcrest,Detached house,4,3,180.0,1,0,2,1992.0,0.69,0,4300
R02386,2025-02-13,University District,1-bed apartment,1,1,59.0,0,0,1,1962.0,0.25,0,1320
R00608,2025-02-13,Old Town,1-bed apartment,1,1,49.0,0,0,0,2007.0,1.53,1,1380
R01130,2025-02-14,Midtown,1-bed apartment,1,2,46.0,1,0,0,1974.0,1.13,0,980
R01111,2025-02-14,Airport Fringe,1-bed apartment,1,1,44.0,0,1,0,1972.0,0.78,0,610
R01437,2025-02-14,Northgate,Apartment,2,3,87.0,0,1,1,1964.0,0.51,0,1690
R02064,2025-02-14,Southpark,Townhouse,3,3,101.0,0,0,1,1978.0,0.48,0,1540
R01519,2025-02-14,Hillcrest,Townhouse,3,3,85.0,0,1,2,1986.0,0.49,1,1920
R02302,2025-02-14,Hillcrest,Studio,0,1,31.0,0,0,0,,2.85,0,470
R01783,2025-02-14,Harbourfront,Apartment,2,2,81.0,0,0,0,1983.0,0.44,1,2040
R00057,2025-02-14,Midtown,Detached house,3,3,153.0,0,0,0,1977.0,0.19,0,3990
R00175,2025-02-14,Riverside,Apartment,2,2,84.0,0,0,2,2006.0,1.01,0,2050
R01438,2025-02-14,Southpark,Detached house,5,5,216.0,1,0,1,2003.0,0.31,1,3330
R00369,2025-02-15,Harbourfront,1-bed apartment,1,1,45.0,0,1,0,,0.94,0,1810
R00958,2025-02-15,Old Town,Apartment,2,2,102.0,0,1,0,1956.0,0.47,0,3270
R01560,2025-02-15,Riverside,1-bed apartment,1,1,48.0,0,0,0,1955.0,0.45,0,870
R00864,2025-02-15,Hillcrest,1-bed apartment,1,1,50.0,0,0,1,1953.0,0.63,0,1010
R00472,2025-02-15,Lakeview,Studio,0,1,33.0,1,0,1,1967.0,0.11,0,1000
R00913,2025-02-15,Southpark,Apartment,3,3,129.0,0,1,0,1966.0,0.07,0,1850
R01768,2025-02-15,Old Town,Apartment,2,3,89.0,1,1,2,1972.0,0.68,0,3410
R02257,2025-02-15,Eastside,Apartment,2,2,95.0,0,0,1,2017.0,0.44,1,1530
R00171,2025-02-15,Lakeview,Apartment,2,3,87.0,0,1,2,2006.0,0.49,1,2650
R01984,2025-02-15,Hillcrest,Studio,0,1,30.0,0,0,0,2002.0,0.72,0,700
R01810,2025-02-16,Eastside,Apartment,2,3,96.0,0,1,2,2012.0,0.63,1,1890
R00704,2025-02-16,Lakeview,Apartment,2,3,112.0,1,1,1,1974.0,2.59,0,2930
R01185,2025-02-16,Old Town,Townhouse,2,2,91.0,0,1,1,1986.0,0.23,0,2640
R00091,2025-02-17,Eastside,Apartment,2,1,110.0,0,1,2,2019.0,0.25,0,2380
R00432,2025-02-17,Midtown,Townhouse,4,3,138.0,0,0,2,2013.0,1.86,1,4050
R02026,2025-02-17,Riverside,Apartment,2,2,88.0,0,0,1,1978.0,0.12,0,1770
R01946,2025-02-17,Lakeview,1-bed apartment,1,1,39.0,1,1,0,1951.0,0.53,1,1040
R00567,2025-02-17,Hillcrest,Apartment,3,3,115.0,0,0,2,1997.0,1.81,0,2330
R00663,2025-02-17,Riverside,Apartment,3,2,102.0,1,1,1,1951.0,0.44,0,2990
R01497,2025-02-17,Hillcrest,1-bed apartment,1,2,49.0,1,1,0,2000.0,2.05,0,1270
R01354,2025-02-17,Harbourfront,Apartment,2,3,92.0,0,1,0,1966.0,0.53,1,3370
R01949,2025-02-17,Eastside,Apartment,2,2,86.0,1,0,0,2013.0,2.16,0,1460
R02042,2025-02-17,Westfield,Apartment,2,1,105.0,1,1,2,1982.0,1.5,1,1950
R01512,2025-02-17,Harbourfront,Apartment,2,3,92.0,1,1,1,1951.0,1.0,0,4990
R00096,2025-02-17,Westfield,Apartment,3,3,144.0,0,0,2,1976.0,0.27,0,2460
R01895,2025-02-18,Midtown,Apartment,3,4,119.0,0,1,1,1995.0,1.15,1,3810
R00503,2025-02-18,Eastside,Apartment,2,2,49.0,0,0,0,1969.0,1.34,1,630
R00709,2025-02-18,Hillcrest,Apartment,2,2,92.0,0,1,1,1997.0,0.14,0,2110
R00568,2025-02-18,Westfield,Studio,0,2,27.0,1,0,0,2007.0,0.26,0,630
R01408,2025-02-18,Midtown,Apartment,3,3,114.0,0,0,1,1981.0,0.3,1,3110
R02445,2025-02-18,Southpark,Detached house,4,4,233.0,0,0,2,2008.0,0.29,0,3980
R01008,2025-02-18,Northgate,Detached house,3,3,173.0,0,0,1,2008.0,0.1,0,3640
R01139,2025-02-18,Airport Fringe,Studio,0,1,33.0,0,1,0,1968.0,0.6,1,440
R01635,2025-02-18,Westfield,Detached house,5,4,217.0,0,0,1,2007.0,1.79,0,3920
R01488,2025-02-18,Westfield,Apartment,3,4,113.0,0,1,0,1971.0,0.05,0,2140
R00398,2025-02-18,Riverside,Studio,0,1,36.0,0,0,1,1991.0,0.53,1,760
R00893,2025-02-18,Northgate,Detached house,3,2,182.0,0,0,1,1987.0,0.93,1,3910
R00609,2025-02-19,Lakeview,Detached house,3,4,149.0,0,0,1,2019.0,0.19,0,4580
R00130,2025-02-19,Westfield,Townhouse,3,2,118.0,0,0,1,1950.0,0.27,0,2060
R01030,2025-02-19,Harbourfront,Townhouse,3,3,98.0,0,0,2,2024.0,0.51,1,3110
R01762,2025-02-19,Riverside,Detached house,4,5,203.0,0,0,2,1986.0,0.83,0,4340
R01465,2025-02-19,Southpark,Studio,0,2,42.0,1,1,1,1952.0,0.31,0,580
R01896,2025-02-19,Lakeview,Studio,0,1,19.0,0,1,0,1995.0,0.95,0,700
R02479,2025-02-19,Riverside,Studio,0,1,19.0,1,0,1,2022.0,0.53,0,650
R00940,2025-02-19,Harbourfront,Apartment,2,3,87.0,0,1,0,1970.0,0.33,1,3130
R02159,2025-02-19,Eastside,Studio,0,2,30.0,0,1,0,1970.0,0.93,0,500
R01078,2025-02-20,Old Town,Townhouse,3,3,97.0,1,1,2,1951.0,0.62,0,3430
R02449,2025-02-20,Airport Fringe,Detached house,5,5,242.0,0,0,1,1951.0,0.99,0,3210
R01456,2025-02-20,Hillcrest,Studio,0,1,29.0,1,0,0,2001.0,0.97,1,720
R01427,2025-02-20,Airport Fringe,Apartment,3,3,145.0,0,1,1,2007.0,0.22,0,1900
R02360,2025-02-20,Midtown,Apartment,2,3,85.0,0,1,1,,1.25,0,2320
R01678,2025-02-20,Old Town,1-bed apartment,1,2,53.0,0,0,1,1963.0,0.26,1,1720
R01169,2025-02-20,Eastside,Detached house,3,2,182.0,1,0,1,2011.0,0.39,0,3280
R01979,2025-02-20,Lakeview,1-bed apartment,1,1,55.0,1,1,0,2016.0,0.2,0,1560
R02476,2025-02-20,Old Town,1-bed apartment,1,1,51.0,0,1,0,2017.0,1.1,0,1410
R00360,2025-02-21,Lakeview,Townhouse,3,3,129.0,1,1,1,1973.0,1.46,0,3800
R01475,2025-02-21,Harbourfront,Studio,0,1,30.0,0,0,0,2012.0,0.81,1,1140
R02186,2025-02-21,Old Town,Detached house,4,5,204.0,1,0,0,1980.0,0.18,1,6790
R01530,2025-02-21,Airport Fringe,Apartment,2,2,79.0,0,1,2,1988.0,0.67,0,1040
R00971,2025-02-21,Riverside,1-bed apartment,1,2,46.0,0,0,1,1956.0,1.23,1,830
R01502,2025-02-21,Westfield,1-bed apartment,1,1,51.0,0,1,1,1972.0,0.26,1,990
R00230,2025-02-21,Riverside,Apartment,3,4,91.0,1,0,2,1962.0,0.09,0,2600
R00528,2025-02-22,Lakeview,1-bed apartment,1,1,48.0,0,1,0,1991.0,0.41,1,1240
R01205,2025-02-22,Northgate,Townhouse,2,1,99.0,0,1,1,2006.0,1.33,0,2030
R02431,2025-02-22,Westfield,Apartment,2,2,70.0,0,0,2,2011.0,0.2,0,1440
R02376,2025-02-22,Westfield,1-bed apartment,1,1,50.0,1,0,0,1963.0,0.38,0,870
R00207,2025-02-22,Southpark,Detached house,3,2,197.0,0,0,1,1971.0,0.28,0,2410
R01534,2025-02-22,Eastside,Studio,0,1,31.0,1,1,0,1987.0,0.64,0,530
R01765,2025-02-22,Eastside,Apartment,3,3,146.0,0,0,0,1962.0,1.69,1,2490
R02340,2025-02-22,Westfield,Studio,0,1,37.0,0,1,0,1995.0,0.93,1,740
R01743,2025-02-22,Old Town,Apartment,3,2,96.0,0,0,0,1954.0,1.54,0,2700
R01582,2025-02-22,Harbourfront,Apartment,2,2,106.0,0,0,1,1954.0,1.11,0,2900
R01136,2025-02-22,Southpark,Townhouse,2,2,79.0,0,0,0,1989.0,0.58,0,1100
R02010,2025-02-22,Eastside,1-bed apartment,1,2,57.0,0,1,0,2007.0,0.5,0,870
R00377,2025-02-22,Airport Fringe,Apartment,3,4,109.0,0,0,0,1993.0,2.02,0,1290
R00645,2025-02-22,Hillcrest,Detached house,5,4,225.0,0,0,2,,0.3,1,4590
R00823,2025-02-23,Harbourfront,Apartment,2,1,94.0,0,1,1,2014.0,1.0,0,3740
R00656,2025-02-23,Lakeview,Townhouse,2,3,91.0,1,0,0,1966.0,0.58,0,1810
R02447,2025-02-23,Airport Fringe,Townhouse,2,2,95.0,1,0,1,1975.0,0.29,0,1660
R02084,2025-02-23,Lakeview,Detached house,5,5,251.0,1,0,1,1969.0,2.3,0,6320
R00314,2025-02-23,Westfield,Apartment,3,3,108.0,0,0,1,1991.0,0.11,1,2990
R02265,2025-02-23,Lakeview,Townhouse,3,3,123.0,0,1,0,2014.0,0.19,1,3250
R00046,2025-02-23,Eastside,Apartment,2,2,88.0,1,1,1,2022.0,1.1,1,2060
R01725,2025-02-23,Southpark,Apartment,3,3,126.0,0,0,2,1998.0,0.74,0,2050
R02291,2025-02-24,University District,Apartment,3,3,103.0,0,0,1,1950.0,1.06,0,1910
R00040,2025-02-24,Northgate,1-bed apartment,1,1,52.0,1,0,1,1966.0,2.2,0,940
R00978,2025-02-24,University District,Apartment,3,3,113.0,0,1,2,1984.0,0.81,0,2270
R01903,2025-02-24,University District,Studio,0,1,34.0,0,0,1,2007.0,0.71,0,660
R00079,2025-02-24,Midtown,Townhouse,3,3,110.0,0,0,2,1991.0,0.13,0,3780
R00868,2025-02-24,Southpark,1-bed apartment,1,1,40.0,0,1,0,1984.0,0.48,0,440
R00102,2025-02-24,Old Town,Studio,0,2,25.0,1,1,1,1956.0,1.56,0,880
R01462,2025-02-24,Eastside,Apartment,3,3,120.0,1,1,0,1981.0,0.53,1,2180
R00585,2025-02-24,University District,Studio,0,1,28.0,0,1,0,1992.0,0.3,0,760
R00876,2025-02-24,Riverside,Apartment,3,3,85.0,1,1,2,1990.0,1.68,1,2480
R01334,2025-02-24,Northgate,Apartment,3,3,100.0,0,1,2,1979.0,2.5,0,2260
R01816,2025-02-24,Eastside,Townhouse,2,3,89.0,1,0,1,2020.0,0.44,0,1360
R02291,2025-02-24,University District,Apartment,3,3,103.0,0,0,1,1950.0,1.06,0,1910
R01911,2025-02-24,Riverside,Detached house,3,3,182.0,0,0,1,2017.0,1.27,1,4140
R01716,2025-02-24,Eastside,Townhouse,3,3,143.0,0,0,2,1976.0,0.09,0,2300
R01850,2025-02-25,Harbourfront,Townhouse,4,5,124.0,0,0,1,2004.0,0.62,0,4470
R00442,2025-02-25,Eastside,1-bed apartment,1,1,50.0,0,0,0,,0.83,0,650
R00560,2025-02-25,University District,Apartment,2,2,104.0,0,1,1,1950.0,0.22,0,2710
R00483,2025-02-25,Midtown,Apartment,2,2,88.0,1,0,1,2020.0,0.05,1,2860
R02350,2025-02-25,Northgate,Apartment,2,3,104.0,0,1,1,2003.0,1.69,0,2150
R01634,2025-02-25,Southpark,Apartment,2,2,65.0,0,0,1,2013.0,1.04,1,810
R01580,2025-02-26,Lakeview,Apartment,3,4,105.0,0,1,1,1992.0,0.28,1,3260
R01445,2025-02-26,Westfield,Townhouse,4,4,144.0,0,0,2,2016.0,0.75,0,2190
R01972,2025-02-26,Southpark,Apartment,3,3,112.0,0,0,1,1981.0,1.25,0,1520
R01787,2025-02-26,Lakeview,Detached house,5,5,,0,0,1,1955.0,0.94,0,4760
R00616,2025-02-26,Hillcrest,Apartment,2,3,87.0,0,0,1,2011.0,0.19,0,2510
R00300,2025-02-26,Westfield,Detached house,5,4,241.0,1,0,2,2000.0,0.33,0,3560
R00533,2025-02-26,Eastside,Apartment,2,1,98.0,0,1,0,1977.0,0.31,1,1590
R02352,2025-02-26,Lakeview,Detached house,3,4,188.0,0,0,1,2006.0,0.8,0,4540
R00880,2025-02-26,Southpark,Apartment,2,1,101.0,0,0,1,1958.0,0.47,1,1340
R01149,2025-02-26,Southpark,Studio,0,2,33.0,1,1,0,1989.0,0.45,0,480
R01251,2025-02-26,Lakeview,Studio,0,1,33.0,0,0,1,1988.0,2.06,1,710
R00229,2025-02-27,Midtown,Detached house,3,2,172.0,0,0,1,2000.0,0.7,1,5150
R01428,2025-02-27,Westfield,Studio,0,1,24.0,0,0,1,2009.0,1.11,1,320
R02439,2025-02-27,Harbourfront,Apartment,2,2,99.0,0,0,1,1995.0,0.15,1,3180
R01806,2025-02-27,Harbourfront,Detached house,3,3,158.0,0,0,2,1950.0,0.86,1,4510
R00575,2025-02-27,Northgate,Apartment,2,1,93.0,0,0,1,,0.35,0,1760
R01731,2025-02-27,Westfield,Studio,0,1,26.0,1,0,0,1954.0,0.36,0,470
R01954,2025-02-27,Old Town,Studio,0,2,27.0,0,0,1,1955.0,0.28,0,840
R00367,2025-02-27,Eastside,Townhouse,3,4,121.0,0,1,2,1961.0,0.11,0,1630
R00168,2025-02-27,Eastside,Apartment,3,2,100.0,0,0,2,2023.0,0.12,0,1670
R01622,2025-02-28,Airport Fringe,Apartment,3,3,114.0,0,1,2,1959.0,0.42,0,1630
R00210,2025-02-28,Midtown,Apartment,2,2,77.0,1,0,1,2006.0,1.3,0,2560
R00301,2025-02-28,Riverside,1-bed apartment,1,1,52.0,1,0,0,1993.0,2.23,0,1480
R00787,2025-02-28,Old Town,Apartment,2,3,107.0,1,1,1,2009.0,0.11,0,4530
R01665,2025-02-28,Midtown,1-bed apartment,1,1,36.0,0,0,0,2013.0,0.88,0,1130
R00144,2025-02-28,Midtown,Apartment,3,3,104.0,0,0,1,2023.0,2.74,0,2180
R01065,2025-02-28,Northgate,Townhouse,3,2,127.0,0,1,1,1960.0,0.33,1,2230
R00348,2025-02-28,Midtown,Apartment,2,1,87.0,0,0,1,1953.0,1.57,1,1910
R00518,2025-03-01,Northgate,Apartment,2,3,111.0,0,0,1,1992.0,0.13,0,2030
R00793,2025-03-01,Eastside,Apartment,3,3,115.0,0,1,1,1990.0,0.86,1,1760
R00738,2025-03-01,Harbourfront,Apartment,2,3,85.0,0,0,2,2010.0,0.77,0,2580
R00456,2025-03-01,Westfield,1-bed apartment,1,1,56.0,0,1,1,1989.0,0.23,0,920
R00537,2025-03-01,Old Town,1-bed apartment,1,1,61.0,0,1,1,1979.0,0.33,0,1710
R02121,2025-03-01,Hillcrest,1-bed apartment,1,1,42.0,0,0,1,1973.0,0.48,1,1400
R01380,2025-03-01,Old Town,1-bed apartment,1,1,40.0,0,0,0,1975.0,0.82,1,1180
R00013,2025-03-01,Harbourfront,Apartment,2,2,,0,1,2,1965.0,1.54,1,2620
R01052,2025-03-01,Eastside,Apartment,2,2,114.0,0,0,2,2014.0,0.49,1,1640
R01653,2025-03-01,Lakeview,Apartment,2,1,85.0,0,0,2,2018.0,2.99,1,1650
R02382,2025-03-01,Harbourfront,1-bed apartment,1,1,52.0,0,1,0,1984.0,1.26,0,1930
R02128,2025-03-02,University District,Apartment,3,4,115.0,0,1,2,1975.0,1.39,0,3220
R00058,2025-03-02,Lakeview,Apartment,3,4,142.0,0,1,2,1981.0,0.6,0,4060
R00792,2025-03-02,Old Town,Townhouse,4,5,148.0,1,0,0,2009.0,0.61,0,4090
R01417,2025-03-02,Airport Fringe,Detached house,3,2,149.0,0,0,0,1969.0,1.47,0,1790
R01100,2025-03-02,Hillcrest,Apartment,2,1,67.0,1,0,1,2005.0,0.15,1,1780
R01633,2025-03-02,Old Town,Apartment,2,2,106.0,0,0,1,1959.0,0.61,0,2570
R01873,2025-03-02,Westfield,Studio,0,1,30.0,0,1,1,1966.0,0.75,1,550
R00123,2025-03-02,Lakeview,Apartment,2,2,92.0,0,0,2,1952.0,1.02,1,1970
R02051,2025-03-02,Airport Fringe,1-bed apartment,1,1,52.0,1,1,0,2023.0,0.41,1,720
R01952,2025-03-02,Midtown,Apartment,2,2,81.0,0,0,0,2007.0,0.95,1,2210
R01805,2025-03-02,Southpark,Apartment,3,2,123.0,0,1,1,2020.0,0.43,0,1840
R02248,2025-03-02,Northgate,Apartment,2,3,92.0,0,1,2,1964.0,0.27,0,2150
R01801,2025-03-02,Westfield,Apartment,2,3,81.0,0,0,1,1972.0,0.15,1,1430
R02465,2025-03-03,Old Town,Apartment,2,1,83.0,1,0,1,1960.0,1.26,0,2110
R02206,2025-03-03,Northgate,Apartment,2,1,90.0,0,0,0,2007.0,1.34,0,1550
R01432,2025-03-03,University District,Apartment,2,2,100.0,1,1,1,2017.0,0.35,0,2580
R02226,2025-03-03,Southpark,Detached house,3,2,151.0,0,0,0,1985.0,1.49,1,2330
R01266,2025-03-03,Airport Fringe,1-bed apartment,1,1,43.0,1,1,0,1970.0,0.3,0,630
R01067,2025-03-03,Westfield,1-bed apartment,1,2,47.0,0,1,1,1982.0,1.5,0,630
R00068,2025-03-03,Southpark,Townhouse,2,2,93.0,0,0,1,1989.0,0.98,0,1400
R01681,2025-03-03,Riverside,1-bed apartment,1,2,60.0,0,1,1,2023.0,0.66,0,1610
R01614,2025-03-03,Westfield,1-bed apartment,1,1,44.0,0,0,0,2001.0,1.16,0,820
R01191,2025-03-03,Eastside,Detached house,5,5,216.0,0,0,2,2008.0,1.03,0,3030
R00370,2025-03-04,Westfield,Townhouse,3,3,117.0,0,1,1,2016.0,1.6,1,2030
R00221,2025-03-04,Southpark,Studio,0,1,30.0,0,0,0,1952.0,1.02,0,340
R02181,2025-03-04,Hillcrest,Apartment,2,2,69.0,1,1,1,1982.0,0.37,0,1870
R00863,2025-03-04,University District,Studio,0,1,25.0,1,0,0,1965.0,0.37,1,590
R00059,2025-03-04,Riverside,Apartment,3,3,125.0,0,0,1,2011.0,0.34,1,2990
R01344,2025-03-04,Westfield,Townhouse,2,1,94.0,0,0,1,1965.0,1.07,0,1550
R02338,2025-03-04,Lakeview,Apartment,2,3,95.0,0,1,2,2007.0,1.94,1,2390
R01016,2025-03-04,Old Town,Apartment,3,3,97.0,0,1,1,1978.0,0.05,1,2910
R01930,2025-03-04,Westfield,Apartment,2,2,101.0,0,0,1,1982.0,2.35,0,1130
R01574,2025-03-04,Riverside,Apartment,3,2,133.0,0,0,1,,1.07,1,2540
R01083,2025-03-04,Westfield,Townhouse,2,2,97.0,0,1,2,2011.0,0.81,1,2110
R01231,2025-03-04,Southpark,Apartment,2,2,85.0,0,0,0,2015.0,1.77,1,1070
R00163,2025-03-04,Harbourfront,1-bed apartment,1,2,,1,1,1,1954.0,0.05,1,1940
R01292,2025-03-04,Westfield,Townhouse,2,2,81.0,0,1,1,2024.0,0.24,1,1540
R00651,2025-03-05,University District,Detached house,4,3,196.0,0,0,2,1962.0,0.48,0,3970
R01133,2025-03-05,Hillcrest,Apartment,2,2,87.0,0,0,1,1971.0,0.35,0,1660
R01431,2025-03-05,Southpark,Detached house,3,3,187.0,0,0,2,2019.0,0.58,0,2640
R01715,2025-03-05,University District,Apartment,2,2,77.0,0,1,0,1971.0,0.29,0,1580
R00721,2025-03-05,Midtown,1-bed apartment,1,1,57.0,0,1,1,1958.0,0.43,1,1940
R00454,2025-03-05,Eastside,Townhouse,3,3,112.0,0,0,1,1997.0,0.21,1,1590
R00707,2025-03-05,Lakeview,Studio,0,2,39.0,0,1,1,1984.0,0.46,0,1000
R00429,2025-03-06,Northgate,1-bed apartment,1,2,47.0,1,1,0,2018.0,0.75,0,1020
R01418,2025-03-06,Southpark,Detached house,3,4,192.0,0,0,1,1953.0,0.16,0,2780
R01767,2025-03-06,Westfield,Townhouse,4,5,169.0,0,1,1,1980.0,0.11,1,2810
R00250,2025-03-06,Eastside,Apartment,2,3,99.0,0,1,2,1970.0,1.0,1,1630
R01792,2025-03-06,University District,Apartment,2,1,63.0,0,0,0,1967.0,0.32,0,1380
R02328,2025-03-06,Hillcrest,Townhouse,2,2,74.0,1,1,1,2003.0,0.22,0,1940
R01892,2025-03-06,Westfield,Apartment,2,1,79.0,0,1,1,1987.0,0.51,0,1880
R02112,2025-03-06,Old Town,Detached house,3,4,167.0,1,0,1,1990.0,0.67,1,6370
R01868,2025-03-07,Midtown,Apartment,2,1,105.0,1,0,2,1960.0,1.14,1,2810
R01112,2025-03-07,Old Town,Apartment,3,4,121.0,0,0,2,1967.0,0.15,0,4020
R02377,2025-03-07,Westfield,1-bed apartment,1,1,47.0,1,0,1,1960.0,0.61,0,850
R02200,2025-03-07,Eastside,Townhouse,2,3,71.0,1,0,1,1984.0,0.91,1,1590
R01494,2025-03-07,Eastside,Studio,0,1,32.0,0,1,0,2023.0,1.09,0,510
R00189,2025-03-07,Riverside,Studio,0,1,25.0,0,0,0,1962.0,1.36,0,490
R00579,2025-03-07,University District,Studio,0,1,23.0,0,1,0,,0.41,0,480
R02418,2025-03-08,Eastside,Apartment,2,2,51.0,0,0,2,1972.0,0.49,0,870
R02492,2025-03-08,Harbourfront,Apartment,2,3,102.0,0,1,2,1986.0,0.76,1,3840
R01384,2025-03-08,Eastside,Apartment,2,3,92.0,1,1,2,1984.0,0.96,1,1800
R02134,2025-03-08,Harbourfront,Apartment,2,2,91.0,0,0,1,1980.0,0.51,1,3870
R01447,2025-03-08,Riverside,Detached house,3,2,165.0,1,0,1,1976.0,0.88,0,3860
R01734,2025-03-08,University District,Townhouse,3,2,108.0,0,0,2,1976.0,0.13,1,2590
R01958,2025-03-08,Northgate,Studio,0,2,23.0,0,0,0,1960.0,0.54,0,370
R01960,2025-03-08,Midtown,1-bed apartment,1,1,51.0,1,0,0,1981.0,0.77,0,1600
R01338,2025-03-08,Eastside,Detached house,5,5,242.0,0,0,0,2005.0,0.53,0,4870
R00070,2025-03-09,Eastside,Detached house,4,5,200.0,0,0,1,2021.0,1.1,1,3690
R00225,2025-03-09,Westfield,1-bed apartment,1,1,57.0,0,1,0,1967.0,0.33,0,1000
R02072,2025-03-09,Westfield,1-bed apartment,1,1,50.0,0,0,1,1997.0,0.36,1,990
R02216,2025-03-09,Lakeview,Townhouse,2,2,75.0,0,1,1,2001.0,0.79,0,2030
R02024,2025-03-09,Westfield,1-bed apartment,1,2,57.0,1,0,0,1989.0,0.56,1,1100
R01120,2025-03-09,Airport Fringe,1-bed apartment,1,1,64.0,0,1,0,1997.0,0.31,0,720
R01223,2025-03-09,Northgate,Apartment,2,1,58.0,0,0,2,1968.0,0.1,0,1080
R01827,2025-03-09,Westfield,Studio,0,1,29.0,0,0,1,2002.0,0.99,0,510
R01455,2025-03-10,Old Town,Studio,0,2,39.0,0,1,0,1952.0,1.32,0,1060
R01797,2025-03-10,Airport Fringe,Apartment,3,3,101.0,0,1,0,1973.0,1.32,0,1330
R01927,2025-03-10,Southpark,Detached house,3,3,181.0,0,0,1,,0.4,1,2830
R00285,2025-03-10,Harbourfront,Apartment,2,3,103.0,0,0,1,1993.0,0.17,0,3080
R02304,2025-03-10,Southpark,Detached house,4,5,199.0,0,1,2,2000.0,1.15,1,2440
R00280,2025-03-10,University District,Apartment,2,3,70.0,1,1,2,2005.0,0.51,1,2440
R00717,2025-03-10,Old Town,Apartment,2,3,76.0,0,0,0,1998.0,0.05,0,2160
R00896,2025-03-10,Old Town,Apartment,2,3,53.0,1,0,2,1992.0,0.23,0,2550
R00742,2025-03-10,Lakeview,1-bed apartment,1,2,55.0,1,0,0,1976.0,0.23,1,1800
R01325,2025-03-10,University District,Studio,0,1,,0,0,0,2010.0,0.38,0,590
R01007,2025-03-10,Airport Fringe,Studio,0,2,30.0,0,0,0,1955.0,0.05,1,440
R01537,2025-03-11,Harbourfront,Apartment,2,3,91.0,0,0,0,1971.0,0.22,0,2180
R00033,2025-03-11,University District,1-bed apartment,1,1,64.0,1,1,0,1955.0,0.44,1,1100
R02040,2025-03-11,Riverside,Apartment,2,3,95.0,1,0,2,1980.0,1.22,0,2370
R01458,2025-03-11,Eastside,Apartment,3,4,117.0,0,1,2,1990.0,0.74,0,2010
R02199,2025-03-11,Midtown,Detached house,4,4,191.0,0,0,2,1958.0,0.51,1,4600
R00844,2025-03-11,Lakeview,1-bed apartment,1,1,52.0,0,0,0,1992.0,0.92,1,1450
R02326,2025-03-11,Southpark,Detached house,3,3,155.0,0,0,1,1951.0,0.17,1,2250
R01466,2025-03-11,Airport Fringe,Apartment,2,1,93.0,0,1,1,1972.0,1.05,1,950
R00122,2025-03-11,University District,Apartment,2,2,,0,0,0,2006.0,0.08,1,1430
R00129,2025-03-11,Westfield,Detached house,4,3,203.0,1,0,1,,0.23,0,4840
R01274,2025-03-11,Riverside,Detached house,3,3,143.0,0,0,2,1986.0,0.66,0,3210
R01785,2025-03-11,Hillcrest,Studio,0,1,31.0,1,0,0,1996.0,0.29,1,770
R00178,2025-03-11,Harbourfront,1-bed apartment,1,2,50.0,0,1,0,1980.0,0.26,0,1580
R00803,2025-03-12,Northgate,1-bed apartment,1,1,53.0,0,1,0,1952.0,2.06,1,910
R00111,2025-03-12,Westfield,Studio,0,2,,0,1,1,1959.0,0.87,0,460
R02454,2025-03-12,Old Town,1-bed apartment,1,1,50.0,0,0,1,1970.0,0.05,0,1440
R01141,2025-03-12,University District,Apartment,2,2,67.0,0,0,1,1967.0,0.76,0,1170
R02231,2025-03-12,Northgate,1-bed apartment,1,1,48.0,0,0,1,1968.0,0.62,1,840
R00949,2025-03-12,Northgate,1-bed apartment,1,1,57.0,0,1,0,1963.0,1.99,0,750
R00999,2025-03-12,Airport Fringe,Studio,0,2,37.0,0,0,0,1994.0,0.35,1,580
R02491,2025-03-12,Harbourfront,Apartment,2,1,81.0,0,0,1,1997.0,0.42,0,2510
R00636,2025-03-12,Lakeview,Apartment,2,3,69.0,0,1,2,1991.0,2.61,0,1310
R00902,2025-03-12,Westfield,Townhouse,2,2,111.0,0,1,0,1991.0,0.74,0,2260
R01283,2025-03-13,Midtown,1-bed apartment,1,2,48.0,1,0,0,1972.0,0.39,1,1590
R00808,2025-03-13,Hillcrest,Apartment,2,3,88.0,0,0,0,2021.0,0.43,1,2140
R01057,2025-03-13,Riverside,Detached house,3,4,159.0,1,0,1,1962.0,0.18,1,3770
R00539,2025-03-13,Northgate,Studio,0,2,27.0,1,0,0,2003.0,0.45,0,580
R00289,2025-03-13,Southpark,Apartment,3,3,98.0,1,1,1,1967.0,0.19,1,1650
R02460,2025-03-13,Hillcrest,Apartment,2,2,,0,1,0,2011.0,0.92,0,1660
R01684,2025-03-13,Riverside,Apartment,2,1,88.0,0,0,1,2002.0,0.2,0,2080
R01063,2025-03-13,Eastside,1-bed apartment,1,1,57.0,0,0,0,2013.0,0.45,1,970
R00620,2025-03-13,Northgate,Detached house,5,5,235.0,0,0,0,1952.0,1.25,0,2970
R01940,2025-03-13,Hillcrest,Studio,0,1,19.0,0,1,0,1951.0,1.33,0,370
R01300,2025-03-13,Hillcrest,Studio,0,2,36.0,0,0,1,1997.0,0.05,0,950
R00208,2025-03-13,Lakeview,Studio,0,2,31.0,0,1,1,2007.0,1.21,1,960
R01539,2025-03-13,Harbourfront,Detached house,3,2,166.0,0,0,1,2007.0,0.34,1,4940
R02171,2025-03-13,Lakeview,Detached house,3,3,190.0,0,0,0,2003.0,0.44,1,3910
R00497,2025-03-13,Airport Fringe,1-bed apartment,1,1,58.0,0,0,1,2009.0,0.16,0,960
R02228,2025-03-13,Northgate,Studio,0,2,32.0,0,1,0,2011.0,0.8,0,730
R02266,2025-03-13,Old Town,Apartment,2,3,99.0,0,0,2,1957.0,0.67,0,2620
R01625,2025-03-13,Southpark,Apartment,3,4,125.0,1,1,1,1958.0,3.27,0,1640
R00547,2025-03-14,Midtown,Townhouse,3,4,113.0,0,1,2,1959.0,0.6,0,2730
R02354,2025-03-14,Westfield,Detached house,4,4,219.0,0,0,1,1979.0,0.51,0,4170
R00593,2025-03-14,Midtown,Apartment,3,2,131.0,1,0,1,1996.0,0.05,0,3940
R02000,2025-03-14,University District,Apartment,2,2,60.0,1,1,0,1953.0,0.21,1,1640
R01284,2025-03-14,Southpark,Studio,0,2,39.0,0,1,0,2005.0,0.66,1,610
R00315,2025-03-14,Midtown,1-bed apartment,1,1,59.0,0,0,1,1977.0,0.87,1,1370
R00386,2025-03-14,Eastside,1-bed apartment,1,1,56.0,1,0,0,1985.0,0.21,0,1110
R00937,2025-03-14,Lakeview,Apartment,2,2,65.0,1,0,1,2021.0,0.76,1,1530
R02233,2025-03-15,Southpark,1-bed apartment,1,1,37.0,1,1,0,2017.0,1.14,0,590
R00569,2025-03-15,Northgate,Apartment,3,3,128.0,0,1,1,1987.0,1.18,0,2690
R00548,2025-03-15,University District,Apartment,3,4,146.0,1,0,1,1989.0,0.3,0,2720
R01781,2025-03-15,Eastside,Studio,0,1,29.0,1,1,0,2013.0,0.1,0,460
R00732,2025-03-15,Midtown,Townhouse,4,4,142.0,1,0,1,1970.0,0.93,1,3590
R02373,2025-03-15,Midtown,Apartment,2,1,62.0,1,1,0,2024.0,0.62,1,2620
R01402,2025-03-15,Northgate,1-bed apartment,1,1,58.0,0,0,0,1957.0,1.78,1,940
R00995,2025-03-15,Lakeview,Apartment,3,2,127.0,0,0,2,1956.0,0.33,0,2180
R02073,2025-03-15,University District,Townhouse,3,2,106.0,0,0,0,1977.0,0.28,0,1750
R02065,2025-03-15,Westfield,Apartment,2,1,76.0,0,0,2,1975.0,1.53,0,1500
R01856,2025-03-16,Lakeview,Apartment,2,1,71.0,1,0,1,1992.0,0.84,0,2600
R00835,2025-03-16,Midtown,Studio,0,1,21.0,0,0,1,2018.0,0.12,0,710
R01943,2025-03-16,Old Town,Apartment,2,3,117.0,0,0,2,1964.0,0.16,0,3360
R00479,2025-03-16,Southpark,Apartment,2,1,78.0,0,0,0,1957.0,0.35,1,1020
R00211,2025-03-16,Old Town,Townhouse,3,2,105.0,1,0,2,1991.0,2.28,1,2760
R01739,2025-03-16,Eastside,1-bed apartment,1,1,44.0,0,1,1,1952.0,0.63,0,750
R01308,2025-03-16,Riverside,Studio,0,1,34.0,1,1,0,1964.0,0.65,0,740
R00273,2025-03-16,Midtown,Studio,0,1,31.0,0,1,0,1952.0,0.36,1,910
R00571,2025-03-16,Riverside,Townhouse,3,4,123.0,0,1,1,2006.0,0.61,0,3120
R00249,2025-03-16,University District,1-bed apartment,1,1,32.0,0,1,0,1976.0,5.0,1,460
R01157,2025-03-16,Westfield,1-bed apartment,1,1,55.0,0,0,1,1982.0,1.58,0,710
R01520,2025-03-17,Westfield,Detached house,3,3,156.0,1,0,0,2017.0,0.56,0,3220
R01122,2025-03-17,Eastside,Studio,0,1,36.0,0,0,0,1953.0,0.51,1,660
R00045,2025-03-17,Westfield,Studio,0,1,36.0,0,1,1,1959.0,0.59,0,670
R00887,2025-03-17,Westfield,Apartment,2,1,98.0,0,0,1,1974.0,1.21,0,1420
R00621,2025-03-17,University District,Apartment,2,3,48.0,0,0,1,2006.0,0.05,0,880
R00463,2025-03-17,Westfield,Apartment,2,2,58.0,0,1,0,1992.0,0.17,1,970
R01363,2025-03-18,Hillcrest,1-bed apartment,1,1,43.0,0,1,0,1981.0,0.84,0,990
R00907,2025-03-18,Southpark,Apartment,3,3,119.0,0,0,1,2021.0,0.7,1,1620
R01740,2025-03-18,Westfield,Apartment,2,2,69.0,0,1,0,1974.0,0.27,0,1130
R00065,2025-03-18,Lakeview,Townhouse,3,2,109.0,0,0,2,1963.0,1.05,1,2420
R02457,2025-03-18,University District,Apartment,2,2,126.0,1,1,2,1961.0,0.08,0,2350
R02052,2025-03-18,Southpark,Apartment,3,2,,0,1,2,1957.0,0.15,0,1660
R00993,2025-03-18,Lakeview,Apartment,3,3,87.0,0,0,1,2024.0,0.37,0,2220
R00294,2025-03-18,Old Town,Townhouse,3,3,91.0,0,1,1,1969.0,1.13,0,3100
R00413,2025-03-18,University District,1-bed apartment,1,2,44.0,1,1,1,1959.0,0.38,1,1410
R01217,2025-03-18,Midtown,Apartment,3,3,98.0,0,0,1,1978.0,0.34,0,2890
R00396,2025-03-18,Southpark,Apartment,3,3,96.0,0,0,2,1959.0,0.94,0,1340
R00564,2025-03-18,Riverside,Apartment,2,3,88.0,0,0,1,2014.0,1.81,0,2770
R00866,2025-03-18,Lakeview,1-bed apartment,1,1,48.0,0,1,1,,0.05,1,1350
R00561,2025-03-19,Hillcrest,Apartment,2,1,,1,0,1,1996.0,0.79,0,1800
R02025,2025-03-19,Southpark,Detached house,4,4,174.0,0,0,2,1952.0,0.19,0,2740
R01674,2025-03-19,University District,Apartment,2,3,75.0,0,0,0,1974.0,0.36,0,1350
R00627,2025-03-19,University District,Apartment,3,3,108.0,1,1,1,2015.0,0.35,1,2690
R02423,2025-03-19,Old Town,Detached house,4,5,211.0,0,1,1,1998.0,1.2,1,5500
R02250,2025-03-19,Harbourfront,Studio,0,2,26.0,0,0,0,2006.0,0.69,1,1240
R00491,2025-03-19,Hillcrest,Townhouse,3,3,85.0,0,0,0,1992.0,1.18,0,1890
R01939,2025-03-19,Eastside,Detached house,3,3,161.0,0,0,2,2004.0,0.95,1,2990
R01382,2025-03-19,Harbourfront,Studio,0,1,34.0,0,1,0,1979.0,0.37,1,1210
R01594,2025-03-19,Northgate,1-bed apartment,1,2,50.0,0,1,0,2008.0,1.04,0,970
R02229,2025-03-19,Eastside,Apartment,2,1,102.0,0,0,2,1973.0,0.73,0,1240
R02057,2025-03-19,Riverside,Townhouse,4,4,133.0,1,1,0,1993.0,0.39,0,3600
R01486,2025-03-20,Midtown,Townhouse,3,2,121.0,0,1,1,1963.0,0.05,0,4300
R02013,2025-03-20,Northgate,Apartment,3,4,122.0,0,0,1,1972.0,1.07,0,2000
R02046,2025-03-20,Eastside,Studio,0,1,26.0,0,1,0,1995.0,0.81,1,390
R01812,2025-03-20,Southpark,Detached house,4,3,183.0,1,0,2,1985.0,1.33,1,2690
R00239,2025-03-20,Southpark,Townhouse,3,2,110.0,0,1,1,1978.0,0.72,0,1520
R01026,2025-03-20,Northgate,Studio,0,1,33.0,0,1,1,1951.0,0.22,0,630
R01358,2025-03-20,Lakeview,Studio,0,2,33.0,0,1,0,1976.0,0.22,1,980
R02161,2025-03-20,Riverside,1-bed apartment,1,1,50.0,0,0,0,2013.0,0.77,0,1360
R00523,2025-03-21,Westfield,Townhouse,4,4,155.0,0,1,1,1980.0,0.33,0,2660
R02224,2025-03-21,Airport Fringe,1-bed apartment,1,2,44.0,0,1,1,2005.0,0.78,1,430
R01550,2025-03-21,Southpark,Townhouse,3,4,122.0,0,0,0,1990.0,0.39,0,1570
R00177,2025-03-21,Southpark,Studio,0,1,38.0,0,0,0,1974.0,0.51,0,550
R01309,2025-03-21,Old Town,Detached house,4,4,233.0,0,0,1,1964.0,0.81,0,6360
R02448,2025-03-21,Midtown,Studio,0,2,30.0,0,0,1,1950.0,0.56,0,1000
R01883,2025-03-21,Hillcrest,Studio,0,1,30.0,1,1,0,1956.0,0.69,0,990
R02023,2025-03-21,Eastside,Townhouse,4,5,143.0,0,0,1,1974.0,1.6,0,1670
R02411,2025-03-21,Southpark,Detached house,4,4,210.0,0,0,1,2023.0,0.67,1,3510
R00363,2025-03-21,Westfield,1-bed apartment,1,1,46.0,0,0,0,1951.0,2.99,0,520
R00034,2025-03-21,University District,1-bed apartment,1,1,58.0,0,0,1,2007.0,2.23,0,1140
R00821,2025-03-22,University District,1-bed apartment,1,1,49.0,0,1,1,1974.0,0.4,0,1090
R02472,2025-03-22,Hillcrest,Apartment,2,2,77.0,0,0,2,1987.0,1.39,0,2420
R00648,2025-03-22,Northgate,Apartment,2,2,70.0,0,0,2,1978.0,1.97,0,1150
R00546,2025-03-22,Old Town,Studio,0,1,20.0,0,1,1,1951.0,0.07,0,670
R01490,2025-03-22,Harbourfront,Studio,0,2,39.0,1,0,1,1976.0,0.3,0,1370
R00740,2025-03-23,Riverside,Studio,0,1,39.0,0,0,0,,0.53,1,1150
R00035,2025-03-23,Westfield,1-bed apartment,1,1,33.0,0,1,0,2005.0,0.13,1,740
R01467,2025-03-23,Lakeview,Apartment,2,3,77.0,0,0,0,1958.0,0.96,1,1730
R00340,2025-03-23,Southpark,Detached house,5,5,236.0,0,0,2,1987.0,1.49,0,2950
R00019,2025-03-23,Westfield,Townhouse,3,2,115.0,0,1,1,2003.0,0.78,1,1940
R00424,2025-03-23,University District,Studio,0,1,32.0,0,1,0,2017.0,0.94,1,740
R02119,2025-03-23,Airport Fringe,Detached house,4,4,198.0,1,0,1,2015.0,3.07,1,2750
R01702,2025-03-24,Northgate,1-bed apartment,1,1,43.0,0,0,0,2002.0,3.14,0,630
R02015,2025-03-24,Midtown,Apartment,2,2,88.0,0,0,2,2018.0,0.81,0,2900
R01090,2025-03-24,Harbourfront,Apartment,3,3,113.0,0,0,1,2013.0,0.14,0,4850
R00632,2025-03-24,Northgate,Detached house,4,4,203.0,0,0,1,1962.0,2.03,0,2340
R01451,2025-03-24,Old Town,Townhouse,2,2,82.0,0,0,2,2015.0,0.74,0,2520
R01459,2025-03-24,University District,Apartment,2,1,84.0,0,1,1,1992.0,0.56,0,1720
R01601,2025-03-24,Northgate,1-bed apartment,1,1,44.0,0,0,1,1986.0,0.22,0,840
R01673,2025-03-24,Southpark,Apartment,3,2,131.0,0,0,2,1982.0,0.9,1,1740
R01854,2025-03-24,University District,Apartment,3,2,102.0,0,1,0,1955.0,0.55,1,1770
R01372,2025-03-24,Southpark,1-bed apartment,1,1,52.0,0,1,1,1988.0,0.5,1,860
R02157,2025-03-25,Westfield,Studio,0,1,36.0,0,0,0,1964.0,1.3,1,620
R01424,2025-03-25,Westfield,Studio,0,1,30.0,0,0,0,2022.0,0.77,1,580
R00332,2025-03-25,Eastside,1-bed apartment,1,1,38.0,0,1,1,1957.0,0.76,0,550
R00258,2025-03-25,Westfield,Studio,0,1,33.0,0,1,0,1996.0,0.56,0,690
R00587,2025-03-25,Eastside,Studio,0,1,37.0,1,1,0,1995.0,0.54,0,830
R00056,2025-03-25,Riverside,Apartment,2,2,91.0,1,0,2,2021.0,1.28,1,2210
R01624,2025-03-25,Midtown,1-bed apartment,1,1,53.0,0,0,0,1994.0,1.69,0,1010
R02219,2025-03-25,Hillcrest,Apartment,3,3,153.0,0,0,2,2008.0,0.84,0,3850
R01729,2025-03-25,Old Town,Townhouse,3,3,113.0,0,1,1,1962.0,1.67,0,3280
R01011,2025-03-25,Hillcrest,Apartment,2,2,93.0,1,1,2,1998.0,0.16,1,2370
R02346,2025-03-25,Riverside,Apartment,2,2,80.0,0,1,1,2009.0,0.89,1,2110
R02115,2025-03-26,Riverside,Apartment,3,4,122.0,0,1,0,2017.0,1.25,0,2960
R01483,2025-03-26,University District,1-bed apartment,1,1,50.0,1,0,1,1950.0,0.56,1,930
R01410,2025-03-26,Eastside,Apartment,2,2,,1,1,1,1957.0,0.17,0,1240
R02195,2025-03-26,Southpark,Detached house,5,4,236.0,0,0,1,2018.0,2.22,0,3640
R00852,2025-03-26,Westfield,Apartment,3,3,143.0,0,1,1,2015.0,0.81,0,2370
R02339,2025-03-26,Northgate,Apartment,2,2,,1,0,0,1960.0,0.61,0,1560
R02480,2025-03-26,Old Town,Detached house,5,6,221.0,1,0,2,1980.0,0.59,1,6630
R00025,2025-03-26,Hillcrest,Studio,0,1,33.0,1,0,1,1968.0,0.65,1,630
R02005,2025-03-26,Hillcrest,Apartment,2,3,90.0,0,0,1,1952.0,0.48,0,1990
R00154,2025-03-26,Old Town,Studio,0,2,25.0,0,0,0,1951.0,0.21,0,920
R02215,2025-03-26,Eastside,Apartment,3,3,129.0,0,0,2,1978.0,1.03,0,1850
R00837,2025-03-27,Westfield,1-bed apartment,1,1,52.0,0,0,0,2013.0,0.19,1,1230
R01435,2025-03-27,Riverside,Apartment,3,4,108.0,1,0,1,1972.0,0.76,0,2390
R02148,2025-03-27,University District,Townhouse,2,2,100.0,1,1,2,1954.0,1.92,1,2350
R01845,2025-03-27,Old Town,Studio,0,1,30.0,1,1,1,1960.0,0.88,0,850
R01753,2025-03-27,Riverside,Townhouse,3,4,96.0,0,1,2,2010.0,0.47,0,2760
R01307,2025-03-28,Midtown,Apartment,3,3,125.0,0,0,1,1953.0,0.45,0,2640
R02223,2025-03-28,Westfield,Townhouse,3,3,119.0,0,0,1,1967.0,0.28,0,1980
R00515,2025-03-28,Southpark,Studio,0,1,30.0,0,0,0,1954.0,0.14,0,540
R01859,2025-03-28,Hillcrest,Studio,0,1,34.0,0,0,0,1950.0,1.44,1,680
R02297,2025-03-28,Northgate,Studio,0,1,30.0,1,1,0,1999.0,0.74,0,710
R01545,2025-03-28,Hillcrest,Detached house,3,3,174.0,0,0,2,1988.0,0.86,0,3310
R00142,2025-03-28,Northgate,Apartment,3,3,143.0,0,0,0,2010.0,0.76,1,2400
R00317,2025-03-28,Eastside,Detached house,4,4,205.0,0,0,2,1975.0,0.27,0,2220
R00881,2025-03-29,Westfield,Apartment,3,2,118.0,0,1,2,2020.0,1.89,0,1740
R01492,2025-03-29,Northgate,Apartment,2,2,,1,0,2,1998.0,0.22,1,1650
R00829,2025-03-29,Old Town,Studio,0,2,30.0,1,0,0,1961.0,0.49,0,1030
R02035,2025-03-29,Southpark,1-bed apartment,1,1,55.0,0,1,1,1975.0,0.08,0,720
R00544,2025-03-29,Eastside,Studio,0,1,33.0,0,1,0,1965.0,0.72,0,500
R02370,2025-03-29,Midtown,Studio,0,1,29.0,0,0,0,1956.0,0.33,0,870
R01559,2025-03-29,Midtown,Townhouse,3,3,126.0,0,1,2,,2.43,0,3400
R00916,2025-03-29,Midtown,1-bed apartment,1,2,48.0,1,0,0,2009.0,0.29,0,1700
R01048,2025-03-29,Eastside,Apartment,2,2,73.0,0,0,1,1977.0,0.23,0,1240
R00487,2025-03-29,Riverside,1-bed apartment,1,1,48.0,0,0,0,2008.0,0.51,0,1550
R02467,2025-03-29,Harbourfront,Townhouse,2,1,97.0,1,0,1,1998.0,1.45,1,3700
R01771,2025-03-29,Harbourfront,Studio,0,1,36.0,1,1,0,2016.0,1.07,1,1420
R01198,2025-03-29,Harbourfront,Apartment,2,3,89.0,0,1,0,1974.0,0.93,1,2550
R00584,2025-03-29,Northgate,1-bed apartment,1,1,44.0,1,0,0,2019.0,0.83,1,1010
R02120,2025-03-29,Eastside,Apartment,2,2,,1,0,1,1950.0,0.16,0,1430
R02044,2025-03-29,Lakeview,Apartment,3,4,118.0,0,0,1,1977.0,0.32,0,2250
R01821,2025-03-29,Old Town,Townhouse,3,3,123.0,1,1,2,2011.0,0.14,1,5120
R00451,2025-03-29,Harbourfront,Apartment,3,2,118.0,1,0,2,1991.0,0.7,0,4720
R01012,2025-03-29,University District,Apartment,3,3,115.0,1,0,0,1990.0,0.41,0,2510
R00922,2025-03-29,Northgate,Apartment,3,4,134.0,0,0,2,2016.0,0.32,1,2990
R01548,2025-03-30,Harbourfront,Detached house,5,6,228.0,0,0,2,1982.0,1.92,0,7710
R00441,2025-03-30,Eastside,Apartment,2,2,89.0,1,1,2,2002.0,0.19,0,1550
R01973,2025-03-30,Westfield,Apartment,2,2,63.0,0,0,1,1988.0,0.33,0,1150
R01276,2025-03-30,Old Town,Townhouse,3,2,112.0,0,0,1,1962.0,1.55,1,2330
R02256,2025-03-30,Midtown,Apartment,2,2,59.0,0,1,0,1966.0,0.15,0,1840
R01415,2025-03-31,University District,Apartment,2,1,74.0,0,0,1,1995.0,1.08,0,1510
R01552,2025-03-31,Eastside,Detached house,4,4,,0,0,1,2005.0,1.97,0,3170
R00951,2025-03-31,Northgate,Apartment,2,3,77.0,1,0,1,1994.0,0.27,1,1880
R02430,2025-03-31,Midtown,Detached house,4,4,200.0,0,0,1,1971.0,0.48,1,3890
R01412,2025-03-31,Southpark,Townhouse,3,2,114.0,0,1,0,1957.0,1.45,0,1570
R01278,2025-03-31,Riverside,Studio,0,1,38.0,0,1,1,1955.0,1.04,0,980
R00098,2025-03-31,Hillcrest,1-bed apartment,1,1,64.0,0,1,1,1963.0,0.17,0,1390
R02391,2025-03-31,Westfield,1-bed apartment,1,1,53.0,0,1,0,1995.0,0.05,1,880
R01878,2025-03-31,Eastside,Studio,0,2,35.0,0,0,0,2016.0,1.37,0,600
R01036,2025-03-31,Westfield,Apartment,2,2,96.0,0,0,1,2016.0,0.61,0,1730
R01567,2025-03-31,Riverside,Townhouse,3,3,128.0,1,1,1,1960.0,0.83,0,3630
R00461,2025-03-31,Lakeview,Apartment,2,1,81.0,0,0,1,1989.0,0.43,0,2410
R02108,2025-03-31,Southpark,Detached house,4,3,199.0,0,0,1,2022.0,2.27,0,3480
R00909,2025-03-31,Harbourfront,Detached house,4,5,171.0,0,0,2,1953.0,0.91,0,4910
R00081,2025-04-01,Northgate,Apartment,2,2,85.0,0,0,2,2017.0,1.95,1,1580
R00903,2025-04-01,Riverside,Apartment,2,2,97.0,0,1,2,1992.0,2.36,0,2190
R01547,2025-04-01,Midtown,Apartment,2,1,64.0,0,1,1,1975.0,0.6,0,2080
R02394,2025-04-01,Westfield,Studio,0,1,37.0,0,1,1,,0.71,0,1020
R01824,2025-04-01,Old Town,Studio,0,1,36.0,0,1,1,2006.0,0.11,0,1410
R01244,2025-04-01,Airport Fringe,Detached house,4,3,,0,0,2,1985.0,0.08,1,2630
R02290,2025-04-01,Airport Fringe,1-bed apartment,1,1,,1,0,1,2012.0,0.05,1,790
R02170,2025-04-01,Hillcrest,1-bed apartment,1,1,50.0,0,0,1,2012.0,0.76,1,1480
R01500,2025-04-01,Westfield,Apartment,3,3,125.0,0,0,2,1975.0,0.22,1,2230
R01842,2025-04-01,University District,Studio,0,1,31.0,0,1,0,1952.0,0.89,1,620
R01794,2025-04-02,Old Town,Apartment,3,3,98.0,1,1,1,1962.0,0.32,1,3920
R00504,2025-04-02,Northgate,Apartment,3,2,,1,0,2,2016.0,0.41,0,2410
R00492,2025-04-02,Riverside,Apartment,3,3,103.0,0,1,1,2018.0,0.53,0,2930
R00425,2025-04-02,Northgate,1-bed apartment,1,1,51.0,0,1,1,1968.0,0.75,1,730
R01992,2025-04-02,Eastside,Apartment,3,4,120.0,1,1,0,,0.75,0,1800
R01453,2025-04-02,Northgate,Detached house,3,3,163.0,0,0,1,2000.0,0.3,0,2730
R01331,2025-04-02,Westfield,1-bed apartment,1,1,43.0,1,1,1,1974.0,0.34,0,850
R00858,2025-04-03,Westfield,Detached house,4,3,211.0,1,0,2,2017.0,0.3,1,4220
R00945,2025-04-03,University District,Apartment,2,2,89.0,1,1,2,2021.0,0.23,0,2630
R00201,2025-04-03,Northgate,Townhouse,3,3,116.0,1,1,2,1955.0,0.62,0,2300
R02193,2025-04-03,Eastside,Studio,0,1,30.0,0,0,0,2011.0,0.2,0,660
R01254,2025-04-03,Riverside,Apartment,2,2,104.0,1,0,2,1985.0,0.89,0,3020
R02222,2025-04-03,Eastside,Apartment,3,2,117.0,0,1,1,2006.0,1.57,0,2160
R00474,2025-04-03,Eastside,Detached house,4,5,192.0,0,1,1,1979.0,1.32,0,3460
R00595,2025-04-03,Northgate,Townhouse,3,2,115.0,0,0,1,1964.0,0.97,0,1860
R01871,2025-04-03,University District,Apartment,3,3,121.0,0,0,2,1988.0,0.16,0,3200
R00769,2025-04-04,University District,Townhouse,3,3,124.0,0,1,1,1985.0,0.55,0,3070
R02495,2025-04-04,Eastside,1-bed apartment,1,1,48.0,1,0,0,1984.0,0.15,0,880
R01000,2025-04-04,Northgate,Apartment,2,2,106.0,0,1,1,1971.0,0.97,0,2080
R02260,2025-04-04,Lakeview,Townhouse,4,4,166.0,0,0,2,2020.0,0.49,1,4270
R00865,2025-04-04,University District,Apartment,3,3,,0,0,2,2022.0,0.59,0,2640
R00801,2025-04-04,Southpark,Apartment,3,3,100.0,0,1,2,1994.0,0.63,0,1600
R00905,2025-04-04,Riverside,Apartment,2,2,79.0,0,0,1,1984.0,1.52,0,2010
R00336,2025-04-04,University District,Apartment,2,3,91.0,0,0,0,2010.0,0.52,0,2050
R00104,2025-04-05,Southpark,Apartment,2,2,91.0,0,0,2,2024.0,1.29,0,1440
R00932,2025-04-05,Southpark,1-bed apartment,1,1,43.0,0,1,1,1977.0,0.49,0,530
R00495,2025-04-05,Westfield,Studio,0,1,27.0,0,0,0,1972.0,0.38,0,540
R00049,2025-04-05,Harbourfront,1-bed apartment,1,1,56.0,0,1,0,2010.0,0.93,0,2160
R01776,2025-04-05,Westfield,Studio,0,2,28.0,1,0,1,2007.0,0.82,0,460
R00795,2025-04-05,Northgate,Apartment,2,3,75.0,0,1,0,2018.0,1.44,1,1410
R00986,2025-04-05,University District,Studio,0,2,29.0,0,1,1,1993.0,0.43,0,470
R01299,2025-04-05,Eastside,1-bed apartment,1,2,46.0,0,1,1,1955.0,0.39,0,670
R00604,2025-04-06,Westfield,Townhouse,4,4,164.0,0,0,1,1990.0,1.04,0,2830
R01863,2025-04-06,University District,Studio,0,1,30.0,0,1,0,1982.0,0.15,0,550
R01044,2025-04-06,Midtown,1-bed apartment,1,1,,0,0,0,2011.0,0.15,0,1470
R01314,2025-04-06,Eastside,Studio,0,2,37.0,1,0,0,1960.0,0.48,1,570
R00524,2025-04-06,Airport Fringe,1-bed apartment,1,1,49.0,0,1,0,2007.0,0.27,0,890
R01629,2025-04-06,University District,Apartment,2,2,96.0,1,0,2,2001.0,0.25,0,2490
R01836,2025-04-06,Hillcrest,Townhouse,2,1,85.0,0,1,2,2012.0,1.43,0,1360
R02094,2025-04-06,Westfield,Townhouse,2,2,103.0,0,1,2,2010.0,0.3,0,2110
R01396,2025-04-06,Lakeview,1-bed apartment,1,1,55.0,0,0,0,,0.88,0,1490
R01389,2025-04-06,Harbourfront,Apartment,3,2,,0,1,1,2017.0,0.97,0,4630
R01839,2025-04-06,Southpark,Detached house,5,4,234.0,0,0,0,1993.0,0.22,1,2530
R01311,2025-04-07,Westfield,1-bed apartment,1,2,40.0,0,1,0,2005.0,0.28,1,910
R00809,2025-04-07,Riverside,Detached house,5,5,227.0,1,0,2,1959.0,1.16,1,7190
R00155,2025-04-07,University District,Townhouse,3,3,,0,1,1,2000.0,0.16,0,2070
R00264,2025-04-07,Midtown,Detached house,3,3,172.0,1,0,2,2015.0,0.69,1,6430
R01846,2025-04-07,Northgate,1-bed apartment,1,2,46.0,1,1,1,1993.0,0.95,0,990
R01811,2025-04-07,University District,1-bed apartment,1,2,43.0,0,1,0,1976.0,1.51,1,960
R00899,2025-04-07,Lakeview,1-bed apartment,1,1,52.0,0,1,0,1997.0,0.2,1,1300
R00501,2025-04-07,Lakeview,1-bed apartment,1,1,52.0,0,1,1,1995.0,0.47,1,1610
R00963,2025-04-07,Lakeview,Studio,0,1,34.0,0,1,1,1974.0,0.82,0,870
R00948,2025-04-07,Midtown,Apartment,3,3,65.0,0,0,0,1985.0,0.43,0,2400
R01073,2025-04-07,University District,Detached house,3,3,171.0,0,0,2,1995.0,0.28,0,3490
R00324,2025-04-07,Midtown,Studio,0,1,37.0,0,1,0,1996.0,0.61,0,1020
R02258,2025-04-08,Northgate,Apartment,3,4,112.0,0,0,1,1961.0,1.79,0,1790
R02385,2025-04-08,Riverside,Apartment,2,3,104.0,0,0,2,2007.0,0.34,0,3720
R00884,2025-04-08,Eastside,Studio,0,1,32.0,0,0,1,2005.0,0.05,1,390
R02413,2025-04-08,Riverside,Apartment,3,4,111.0,0,0,1,,0.56,1,2160
R00535,2025-04-08,Westfield,Townhouse,4,3,146.0,0,1,1,1952.0,0.81,1,2280
R01912,2025-04-08,Eastside,Apartment,2,3,87.0,1,0,2,1972.0,0.08,1,1220
R01866,2025-04-08,Old Town,Apartment,2,3,88.0,0,1,0,2004.0,0.48,1,2590
R00726,2025-04-08,Riverside,Townhouse,4,5,140.0,0,0,2,1974.0,0.17,1,3670
R01612,2025-04-08,Westfield,Apartment,2,2,92.0,0,0,1,2022.0,0.55,0,1860
R01712,2025-04-08,Midtown,1-bed apartment,1,1,54.0,0,0,1,2021.0,0.6,1,1930
R01074,2025-04-08,University District,Townhouse,3,3,108.0,0,1,0,1950.0,0.49,0,1670
R00038,2025-04-08,Southpark,Apartment,2,1,93.0,0,0,1,1998.0,1.43,0,1360
R01525,2025-04-09,Eastside,Studio,0,1,30.0,0,0,1,1983.0,0.94,0,480
R01113,2025-04-09,Midtown,Detached house,4,3,213.0,0,0,2,1998.0,0.67,0,5690
R01758,2025-04-09,Lakeview,Studio,0,1,28.0,0,1,0,2016.0,0.08,0,750
R01919,2025-04-09,Westfield,1-bed apartment,1,2,59.0,1,0,0,1964.0,2.59,1,1110
R01823,2025-04-09,Old Town,1-bed apartment,1,2,47.0,0,1,0,2009.0,0.36,0,1600
R00041,2025-04-09,Eastside,Apartment,3,2,120.0,1,0,2,1972.0,1.59,1,2150
R00267,2025-04-09,Midtown,Studio,0,1,,1,0,1,,0.11,0,1050
R00628,2025-04-10,Westfield,Apartment,2,2,93.0,0,1,1,1954.0,0.39,0,1270
R00702,2025-04-10,Midtown,Detached house,4,4,187.0,0,0,1,2019.0,0.35,0,5170
R01214,2025-04-10,Riverside,1-bed apartment,1,2,64.0,0,0,0,2003.0,0.68,0,1640
R02277,2025-04-10,Midtown,Apartment,2,2,90.0,0,0,2,2024.0,1.83,0,2110
R00001,2025-04-10,Northgate,1-bed apartment,1,1,55.0,0,1,0,1958.0,0.98,1,890
R01891,2025-04-10,Eastside,Apartment,2,1,98.0,0,0,1,1992.0,0.32,0,1570
R02299,2025-04-10,University District,Apartment,2,2,72.0,0,1,2,1970.0,0.65,1,1700
R01700,2025-04-10,Lakeview,1-bed apartment,1,1,48.0,1,0,0,1998.0,0.68,0,1440
R02053,2025-04-10,Midtown,1-bed apartment,1,1,60.0,0,0,0,2003.0,2.81,0,1100
R02036,2025-04-10,Eastside,Townhouse,3,3,117.0,1,1,1,1990.0,0.58,1,1700
R01682,2025-04-10,Old Town,Apartment,2,1,93.0,1,0,1,1970.0,0.26,0,3280
R00847,2025-04-10,Riverside,1-bed apartment,1,1,45.0,0,0,0,2003.0,1.7,0,890
R01830,2025-04-11,Eastside,Studio,0,1,27.0,0,0,0,1971.0,0.17,0,480
R00630,2025-04-11,Midtown,1-bed apartment,1,1,57.0,0,0,0,1961.0,0.45,0,1260
R00562,2025-04-11,Midtown,Apartment,2,2,80.0,0,0,1,1962.0,1.17,0,1600
R00927,2025-04-11,University District,Apartment,2,3,119.0,0,1,1,2001.0,1.48,0,2760
R01581,2025-04-11,Eastside,Detached house,3,3,179.0,0,0,0,2021.0,0.57,0,2800
R01070,2025-04-11,Midtown,Apartment,3,4,111.0,1,1,0,2007.0,0.67,1,3420
R00824,2025-04-11,Midtown,Detached house,3,3,,1,0,2,2001.0,0.8,0,5260
R02353,2025-04-11,Eastside,Apartment,2,2,76.0,0,0,0,1956.0,0.32,1,1280
R00009,2025-04-11,Midtown,1-bed apartment,1,2,54.0,0,0,0,1986.0,0.61,0,1570
R00037,2025-04-11,Eastside,Studio,0,1,,0,1,0,1969.0,0.11,0,400
R01018,2025-04-11,Old Town,Apartment,3,3,,0,1,2,1956.0,3.74,1,2310
R00605,2025-04-11,Lakeview,Apartment,2,3,47.0,1,0,2,1960.0,1.3,0,1250
R01675,2025-04-12,Harbourfront,Townhouse,3,3,112.0,0,0,1,2023.0,0.44,0,3650
R02481,2025-04-12,Eastside,1-bed apartment,1,2,47.0,0,1,1,1996.0,0.33,0,820
R02107,2025-04-12,Eastside,Studio,0,1,34.0,0,0,1,1958.0,0.64,0,430
R00521,2025-04-12,Southpark,1-bed apartment,1,1,51.0,0,1,0,1978.0,0.27,1,1010
R01605,2025-04-12,Westfield,Studio,0,1,36.0,1,1,1,1958.0,0.24,1,700
R02344,2025-04-12,Old Town,Studio,0,1,33.0,0,1,1,2015.0,2.96,0,790
R01024,2025-04-13,Southpark,Apartment,3,4,68.0,0,1,1,1986.0,0.15,0,1280
R01565,2025-04-13,University District,Apartment,2,1,102.0,0,1,1,2009.0,1.19,0,2560
R01590,2025-04-13,Airport Fringe,1-bed apartment,1,2,53.0,1,0,0,1971.0,0.07,1,800
R01352,2025-04-13,Westfield,Apartment,3,3,130.0,0,1,2,1992.0,0.21,0,2720
R01225,2025-04-13,Midtown,Apartment,2,2,,0,0,0,2005.0,0.24,0,1910
R00180,2025-04-13,University District,Townhouse,2,2,87.0,0,0,1,2011.0,0.7,1,1990
R01151,2025-04-13,Westfield,1-bed apartment,1,1,52.0,0,1,1,1999.0,0.06,0,1080
R02426,2025-04-13,Hillcrest,Townhouse,2,2,99.0,0,1,2,1981.0,0.59,0,2350
R02470,2025-04-13,Eastside,1-bed apartment,1,1,36.0,0,1,1,1961.0,0.65,1,540
R01004,2025-04-13,Harbourfront,Apartment,2,2,67.0,1,0,1,1996.0,0.78,0,2820
R01318,2025-04-13,University District,Studio,0,1,30.0,0,0,0,2011.0,0.5,0,640
R01203,2025-04-13,Northgate,Apartment,2,2,93.0,0,0,1,1959.0,0.35,0,1530
R00257,2025-04-14,University District,Townhouse,2,3,82.0,0,0,2,1978.0,1.27,1,1810
R00804,2025-04-14,University District,Apartment,3,4,77.0,1,0,1,1972.0,1.29,1,1700
R00819,2025-04-14,Southpark,Townhouse,2,2,69.0,0,0,2,2020.0,1.45,1,1110
R02009,2025-04-14,Old Town,Apartment,3,3,126.0,0,0,1,2007.0,1.17,0,2870
R01668,2025-04-14,Midtown,Detached house,3,3,,0,0,1,1990.0,2.0,1,3930
R02176,2025-04-14,University District,Apartment,2,2,76.0,0,0,1,1974.0,2.0,0,1400
R02409,2025-04-14,Lakeview,Studio,0,1,34.0,0,1,0,1987.0,1.43,0,810
R01233,2025-04-14,Midtown,Detached house,5,6,251.0,1,0,0,1993.0,0.5,0,7020
R01153,2025-04-14,Old Town,1-bed apartment,1,1,53.0,0,1,1,1951.0,0.93,0,1750
R01173,2025-04-14,Northgate,1-bed apartment,1,1,,0,0,0,1960.0,0.33,1,590
R01250,2025-04-14,Eastside,1-bed apartment,1,1,51.0,0,0,1,,1.08,0,800
R00811,2025-04-15,Riverside,Apartment,2,1,81.0,0,1,2,1952.0,0.18,0,1780
R01066,2025-04-15,Hillcrest,1-bed apartment,1,1,45.0,1,0,1,1988.0,0.13,1,1480
R01256,2025-04-15,Midtown,1-bed apartment,1,1,42.0,0,1,0,2021.0,0.81,0,2020
R01152,2025-04-15,Riverside,Apartment,2,1,82.0,0,0,1,2024.0,2.46,1,1960
R02337,2025-04-15,University District,1-bed apartment,1,2,53.0,0,0,1,1991.0,0.69,0,1170
R02453,2025-04-15,Midtown,Townhouse,3,2,135.0,0,0,0,1965.0,0.54,1,3720
R01002,2025-04-15,Midtown,Apartment,3,4,107.0,1,0,2,1963.0,0.48,1,3050
R01319,2025-04-15,Old Town,1-bed apartment,1,1,62.0,0,1,0,,0.3,0,2070
R02498,2025-04-15,Riverside,1-bed apartment,1,1,49.0,1,1,1,1987.0,1.14,1,1480
R01649,2025-04-15,Lakeview,Apartment,3,3,116.0,0,1,0,1990.0,0.55,0,2750
R02321,2025-04-15,University District,Apartment,3,2,120.0,0,1,1,2008.0,0.39,1,2820
R01375,2025-04-16,Southpark,Apartment,2,2,113.0,0,0,1,1969.0,1.58,0,1430
R00797,2025-04-16,Riverside,Detached house,4,4,204.0,1,0,0,2013.0,0.9,0,6690
R00946,2025-04-16,Eastside,Studio,0,2,31.0,1,0,0,2020.0,0.79,1,550
R01190,2025-04-16,Midtown,Detached house,5,6,228.0,0,0,1,1954.0,0.53,0,5450
R02482,2025-04-16,Lakeview,Apartment,3,4,117.0,1,1,0,1961.0,1.05,0,3250
R00788,2025-04-16,Hillcrest,Studio,0,1,30.0,0,0,1,2017.0,0.4,1,750
R01970,2025-04-16,Northgate,Studio,0,2,35.0,1,0,1,,0.06,0,720
R01255,2025-04-16,Westfield,Studio,0,1,28.0,0,1,1,2016.0,0.63,0,610
R00321,2025-04-16,Riverside,Studio,0,1,30.0,0,0,1,1982.0,0.14,0,800
R00900,2025-04-16,Hillcrest,Studio,0,1,34.0,0,0,0,2007.0,1.35,1,730
R00693,2025-04-17,Harbourfront,Apartment,2,1,109.0,1,0,0,2004.0,0.78,0,4340
R01054,2025-04-17,Eastside,Studio,0,1,36.0,0,1,0,1953.0,0.32,0,600
R01228,2025-04-17,Southpark,Studio,0,2,28.0,0,1,1,1989.0,0.56,1,420
R01165,2025-04-17,Hillcrest,Studio,0,1,30.0,0,0,0,2018.0,0.18,1,710
R01258,2025-04-17,Eastside,Detached house,4,3,217.0,0,0,2,2000.0,0.39,0,4630
R01196,2025-04-17,Westfield,Studio,0,1,30.0,1,1,1,1977.0,0.32,1,610
R01893,2025-04-17,Riverside,Studio,0,2,35.0,1,1,0,1963.0,0.31,0,790
R00860,2025-04-17,Old Town,Detached house,4,4,185.0,0,0,2,1969.0,0.67,1,4540
R01599,2025-04-17,Westfield,Apartment,3,2,131.0,1,0,0,2007.0,0.51,1,2530
R02063,2025-04-17,University District,Apartment,2,2,,0,0,2,1993.0,1.59,1,1880
R01657,2025-04-18,Midtown,Apartment,2,3,100.0,0,0,2,,0.33,1,3700
R00969,2025-04-18,Harbourfront,Apartment,2,2,90.0,0,0,2,2022.0,1.11,0,3210
R00067,2025-04-18,Riverside,Townhouse,2,2,93.0,0,1,2,1985.0,1.25,0,2430
R00633,2025-04-18,Northgate,Apartment,3,2,,0,0,0,2005.0,0.98,1,1870
R01341,2025-04-18,Eastside,Apartment,3,3,93.0,1,0,1,2023.0,0.76,1,1750
R00326,2025-04-18,Southpark,Apartment,2,2,84.0,1,0,1,2022.0,0.69,0,1500
R00956,2025-04-18,Midtown,Apartment,2,2,92.0,0,0,2,1988.0,0.42,0,3280
R00601,2025-04-18,Westfield,1-bed apartment,1,1,35.0,0,0,0,1986.0,0.9,1,540
R01604,2025-04-19,Old Town,Townhouse,3,3,111.0,0,0,1,1999.0,0.77,0,4680
R00310,2025-04-19,Midtown,Apartment,2,2,78.0,0,1,1,1973.0,1.48,1,1840
R01621,2025-04-19,Harbourfront,1-bed apartment,1,1,52.0,0,1,0,1987.0,2.71,1,1910
R01134,2025-04-19,Westfield,Apartment,2,2,98.0,0,0,2,1963.0,1.56,0,1610
R01268,2025-04-19,Westfield,1-bed apartment,1,1,46.0,0,1,0,2013.0,0.74,0,1000
R00478,2025-04-19,Midtown,Apartment,3,3,90.0,0,0,2,1966.0,0.73,1,2020
R01643,2025-04-19,Airport Fringe,1-bed apartment,1,2,46.0,0,0,0,2013.0,0.68,0,640
R01236,2025-04-19,Harbourfront,Townhouse,3,4,114.0,0,0,1,1957.0,0.25,1,4160
R00734,2025-04-19,Midtown,1-bed apartment,1,1,56.0,0,1,1,1981.0,0.52,0,2270
R02436,2025-04-20,Southpark,Apartment,2,2,85.0,1,1,1,2004.0,1.6,0,1440
R00718,2025-04-20,University District,1-bed apartment,1,1,42.0,0,1,1,1989.0,0.44,0,920
R01667,2025-04-20,Riverside,Apartment,2,2,78.0,1,0,1,1999.0,1.13,1,1950
R00698,2025-04-20,Westfield,Apartment,3,3,130.0,1,1,2,1968.0,0.27,1,2300
R00840,2025-04-20,Midtown,Apartment,2,1,92.0,0,0,1,1991.0,1.52,1,2310
R01652,2025-04-20,Harbourfront,Apartment,2,1,97.0,0,1,1,2023.0,1.52,0,3640
R01448,2025-04-20,Hillcrest,Apartment,2,2,83.0,1,0,1,1980.0,2.46,1,1530
R00308,2025-04-20,Westfield,Apartment,2,2,81.0,0,0,2,2001.0,0.16,0,1470
R00181,2025-04-20,Lakeview,Detached house,4,3,204.0,1,0,0,2003.0,0.62,0,5220
R00426,2025-04-21,Airport Fringe,Studio,0,1,40.0,0,0,0,1966.0,0.12,0,530
R00700,2025-04-21,Old Town,Studio,0,1,32.0,1,1,0,1997.0,1.04,1,1110
R00164,2025-04-21,Eastside,Detached house,4,3,201.0,0,0,0,1951.0,2.64,1,2220
R00368,2025-04-21,University District,Detached house,3,3,181.0,1,0,1,2016.0,0.67,1,4080
R02207,2025-04-21,Northgate,Studio,0,2,34.0,1,0,0,2004.0,1.26,0,640
R02014,2025-04-21,University District,1-bed apartment,1,1,60.0,0,0,0,1984.0,0.09,0,1360
R01049,2025-04-21,Lakeview,Apartment,2,1,87.0,1,0,1,2001.0,0.24,1,2710
R01646,2025-04-21,University District,Apartment,2,1,88.0,1,1,1,1975.0,0.06,0,2090
R02045,2025-04-21,Lakeview,Apartment,3,4,96.0,0,0,1,2007.0,0.99,0,2120
R00453,2025-04-21,Harbourfront,Detached house,3,3,161.0,1,0,0,1964.0,0.33,0,5850
R01532,2025-04-21,Eastside,1-bed apartment,1,1,53.0,0,1,1,2004.0,0.39,0,990
R01430,2025-04-21,Midtown,Detached house,3,2,168.0,0,0,1,2023.0,0.23,0,6450
R01603,2025-04-22,University District,Detached house,4,5,194.0,0,0,1,1977.0,0.69,1,4330
R00084,2025-04-22,Westfield,Apartment,2,2,,0,0,0,2005.0,1.42,1,1800
R00509,2025-04-22,Southpark,Studio,0,1,42.0,0,0,0,1989.0,1.3,0,840
R02133,2025-04-22,University District,Detached house,3,4,151.0,0,0,2,1989.0,0.19,1,3660
R01411,2025-04-22,Eastside,Apartment,2,2,101.0,0,0,0,2021.0,0.46,0,1770
R02203,2025-04-22,Westfield,Townhouse,2,1,65.0,0,1,1,1954.0,0.08,1,1110
R01563,2025-04-22,Eastside,Studio,0,2,28.0,0,0,0,1967.0,0.48,0,450
R00908,2025-04-22,Lakeview,1-bed apartment,1,2,47.0,0,0,1,1967.0,0.75,0,1120
R00684,2025-04-22,Lakeview,Apartment,3,2,,1,0,0,1967.0,0.49,1,3520
R02283,2025-04-22,Airport Fringe,Detached house,4,4,183.0,0,0,1,1972.0,0.29,0,2270
R00192,2025-04-22,Midtown,1-bed apartment,1,2,50.0,0,0,0,2006.0,0.52,0,1360
R00486,2025-04-22,Riverside,Townhouse,4,4,140.0,0,1,1,1959.0,0.54,1,3330
R00299,2025-04-23,Southpark,Townhouse,3,3,103.0,0,0,1,1954.0,1.51,1,1550
R01745,2025-04-23,Southpark,Detached house,4,4,189.0,0,0,1,1963.0,0.61,1,2670
R00215,2025-04-23,Old Town,Townhouse,4,3,173.0,0,1,2,1998.0,0.25,1,5360
R00293,2025-04-23,Eastside,1-bed apartment,1,1,56.0,0,0,1,1958.0,0.3,1,830
R00988,2025-04-23,Westfield,Apartment,2,3,97.0,1,1,0,1953.0,0.36,1,1870
R01305,2025-04-23,Southpark,Studio,0,1,32.0,0,0,1,1993.0,0.63,1,590
R02002,2025-04-23,Eastside,Detached house,5,6,218.0,0,0,1,2023.0,0.49,0,3380
R00406,2025-04-23,Westfield,Detached house,5,5,236.0,0,0,1,2003.0,0.11,0,3950
R01419,2025-04-23,Hillcrest,Apartment,2,3,96.0,1,1,1,1958.0,1.05,1,2380
R00549,2025-04-23,Westfield,Apartment,3,3,121.0,0,1,2,1986.0,0.75,1,2150
R00559,2025-04-24,Northgate,Apartment,2,2,86.0,0,0,2,2007.0,0.36,1,1590
R01917,2025-04-24,Lakeview,Apartment,3,3,108.0,1,0,2,1964.0,0.94,1,3900
R01991,2025-04-24,Southpark,Apartment,2,2,88.0,0,0,0,2021.0,0.14,0,1210
R01659,2025-04-24,Riverside,Studio,0,2,39.0,0,0,0,2012.0,0.62,1,1380
R00554,2025-04-24,Old Town,Apartment,3,2,121.0,1,0,1,1965.0,0.32,0,4060
R00755,2025-04-24,Southpark,Detached house,3,3,169.0,0,0,1,2022.0,0.08,0,2630
R01132,2025-04-24,Eastside,Townhouse,4,4,134.0,0,0,2,1968.0,0.05,0,1740
R00138,2025-04-24,Westfield,Apartment,3,4,136.0,1,1,1,2022.0,0.18,0,2870
R02422,2025-04-24,Midtown,Detached house,4,4,207.0,1,0,1,1961.0,0.6,1,5760
R00141,2025-04-24,Hillcrest,Studio,0,1,37.0,0,1,0,1958.0,1.69,1,810
R01837,2025-04-24,Old Town,1-bed apartment,1,1,60.0,0,1,0,1981.0,0.96,0,1690
R00964,2025-04-25,Old Town,Detached house,4,4,202.0,0,0,2,1964.0,1.68,0,5330
R01237,2025-04-25,Hillcrest,Studio,0,1,38.0,0,0,0,2017.0,2.3,1,730
R01172,2025-04-25,Midtown,Apartment,3,3,101.0,1,0,2,2000.0,0.07,1,3820
R01340,2025-04-25,Lakeview,Apartment,2,2,77.0,0,1,0,1969.0,1.16,1,1760
R00002,2025-04-26,Westfield,Studio,0,2,37.0,0,0,1,2005.0,1.02,1,600
R02316,2025-04-26,Old Town,Townhouse,2,3,82.0,1,1,1,1989.0,0.24,0,3380
R02192,2025-04-26,Lakeview,Detached house,5,5,,0,0,1,1989.0,1.17,0,4670
R02273,2025-04-26,Northgate,Townhouse,4,4,142.0,0,0,0,2003.0,0.98,0,2250
R00753,2025-04-26,Southpark,Apartment,2,2,90.0,0,0,2,1950.0,0.9,1,1500
R01953,2025-04-26,Eastside,Apartment,3,3,143.0,0,1,1,1974.0,1.83,0,1840
R00923,2025-04-27,Riverside,Studio,0,1,35.0,0,1,0,2008.0,1.18,0,890
R01121,2025-04-27,Midtown,Apartment,3,3,104.0,0,0,2,1990.0,0.21,0,2800
R00838,2025-04-27,Eastside,Apartment,2,1,106.0,0,1,1,1971.0,0.18,0,1650
R00131,2025-04-27,Riverside,Apartment,2,1,111.0,0,1,0,2021.0,1.09,0,2870
R01683,2025-04-27,Hillcrest,Apartment,2,2,96.0,1,0,2,1973.0,0.24,1,2850
R01600,2025-04-27,Eastside,1-bed apartment,1,2,,0,0,0,1956.0,0.5,0,670
R00525,2025-04-27,Midtown,Detached house,3,3,168.0,0,0,2,1972.0,0.29,1,4540
R00750,2025-04-27,Riverside,1-bed apartment,1,1,51.0,0,1,0,1982.0,0.77,0,1210
R01861,2025-04-27,Riverside,Townhouse,2,2,68.0,0,0,2,1992.0,2.7,0,1950
R00796,2025-04-27,Westfield,Apartment,2,2,95.0,0,1,0,1950.0,0.06,0,1280
R00727,2025-04-27,University District,Detached house,4,3,195.0,1,0,1,1986.0,0.48,0,4040
R00513,2025-04-27,University District,Detached house,3,2,191.0,0,1,0,1963.0,0.56,0,3870
R00983,2025-04-27,Southpark,1-bed apartment,1,1,47.0,1,0,1,2008.0,1.09,1,690
R00862,2025-04-27,Old Town,Townhouse,2,2,83.0,0,0,1,1951.0,0.69,1,2440
R01454,2025-04-27,University District,Townhouse,4,4,132.0,0,0,1,1988.0,0.67,0,2630
R01025,2025-04-27,Airport Fringe,Apartment,2,1,86.0,1,0,2,2004.0,0.72,0,1310
R01541,2025-04-27,Hillcrest,Apartment,2,2,84.0,0,0,1,2000.0,1.23,0,2070
R02438,2025-04-27,Harbourfront,Apartment,2,2,86.0,0,0,1,1960.0,0.27,0,2940
R01238,2025-04-27,Northgate,Townhouse,2,1,79.0,1,1,1,2008.0,1.04,1,1770
R02405,2025-04-28,Midtown,Studio,0,2,29.0,0,1,1,1976.0,1.21,0,640
R00572,2025-04-28,Midtown,Apartment,3,3,135.0,1,0,0,1995.0,0.72,0,4760
R00117,2025-04-28,Northgate,Studio,0,1,25.0,1,1,0,1965.0,0.48,0,550
R00992,2025-04-28,Midtown,Studio,0,1,31.0,0,1,0,1969.0,0.9,0,1020
R00292,2025-04-28,University District,1-bed apartment,1,1,52.0,0,0,0,1976.0,0.65,0,910
R00475,2025-04-28,Midtown,Apartment,2,1,99.0,0,1,2,1990.0,0.11,1,3380
R00090,2025-04-28,Eastside,Apartment,2,2,87.0,0,1,2,1981.0,0.05,1,1390
R00779,2025-04-28,Southpark,Detached house,3,3,153.0,0,0,2,2001.0,1.43,1,2380
R00751,2025-04-28,Harbourfront,Apartment,3,3,133.0,0,0,1,2021.0,0.18,0,5000
R00167,2025-04-28,Southpark,Studio,0,1,34.0,1,1,0,1950.0,0.55,1,440
R01661,2025-04-28,University District,1-bed apartment,1,1,,0,1,1,2015.0,1.77,0,800
R00534,2025-04-28,Airport Fringe,Apartment,3,2,139.0,0,1,1,1954.0,0.83,0,1770
R01876,2025-04-28,Midtown,Studio,0,1,30.0,0,1,0,1964.0,0.4,1,730
R01938,2025-04-29,Northgate,1-bed apartment,1,1,,0,1,1,2007.0,0.2,0,690
R00379,2025-04-29,Lakeview,1-bed apartment,1,1,55.0,0,1,0,2019.0,0.25,0,1820
R00146,2025-04-29,Lakeview,Detached house,3,2,199.0,0,0,2,,0.71,0,5340
R01589,2025-04-29,Southpark,Apartment,2,2,82.0,0,1,2,1970.0,0.22,0,1290
R00875,2025-04-29,Airport Fringe,Detached house,3,3,165.0,1,0,2,1979.0,0.38,1,2300
R00612,2025-04-29,Midtown,1-bed apartment,1,2,44.0,1,1,0,2022.0,0.52,1,1600
R02349,2025-04-29,Westfield,Apartment,2,2,119.0,1,1,0,1996.0,0.05,0,2390
R00147,2025-04-29,Westfield,Apartment,3,4,106.0,1,1,1,1950.0,0.96,1,1890
R00082,2025-04-29,University District,Apartment,2,1,96.0,0,1,1,1994.0,0.16,0,2710
R02082,2025-04-29,Midtown,Detached house,5,5,249.0,0,0,0,1958.0,0.59,1,7040
R01814,2025-04-29,University District,Studio,0,2,32.0,0,1,0,2004.0,1.3,1,650
R00770,2025-04-29,Riverside,Townhouse,2,1,73.0,0,1,0,1987.0,0.39,0,1690
R02335,2025-04-30,Southpark,1-bed apartment,1,1,60.0,0,1,0,2001.0,0.44,1,990
R01741,2025-04-30,Harbourfront,Detached house,3,3,151.0,1,0,0,2003.0,0.31,0,5230
R00329,2025-04-30,Hillcrest,Studio,0,1,27.0,0,1,1,1967.0,1.26,1,500
R01033,2025-04-30,Riverside,Apartment,3,2,122.0,0,0,1,1993.0,0.34,0,3080
R01977,2025-04-30,Northgate,Studio,0,1,26.0,0,0,0,2002.0,0.76,0,410
R00622,2025-04-30,Southpark,1-bed apartment,1,1,54.0,0,0,0,1981.0,0.5,0,590
R01433,2025-04-30,University District,Detached house,3,2,159.0,1,0,1,1978.0,0.38,0,4950
R00898,2025-04-30,Midtown,Studio,0,2,29.0,0,0,0,1975.0,0.48,0,690
R01194,2025-04-30,Westfield,Detached house,4,4,173.0,0,1,2,,0.41,1,2940
R00508,2025-04-30,Hillcrest,1-bed apartment,1,1,46.0,0,0,1,1956.0,0.28,0,1000
R02059,2025-04-30,Northgate,Studio,0,2,31.0,0,0,0,1994.0,1.01,0,530
R02478,2025-04-30,Northgate,Apartment,3,3,113.0,0,0,1,2022.0,0.64,0,2320
R01464,2025-05-01,Midtown,Apartment,2,1,81.0,1,0,2,2012.0,0.44,0,2940
R01660,2025-05-01,Northgate,1-bed apartment,1,1,60.0,1,0,0,1978.0,0.91,1,1290
R00925,2025-05-01,University District,1-bed apartment,1,1,,1,0,0,1984.0,0.25,1,1980
R02049,2025-05-01,Lakeview,Detached house,3,3,171.0,0,0,1,1966.0,0.4,0,3530
R00577,2025-05-01,Midtown,Townhouse,3,2,,0,0,2,1998.0,0.53,0,3600
R01381,2025-05-01,Airport Fringe,Townhouse,4,3,168.0,1,1,2,1988.0,0.24,0,2530
R01733,2025-05-01,Harbourfront,Apartment,2,1,117.0,0,1,1,2023.0,0.87,1,5710
R00669,2025-05-01,Northgate,1-bed apartment,1,1,66.0,0,1,0,1964.0,0.54,0,1210
R01324,2025-05-01,Midtown,Apartment,3,2,120.0,1,1,1,1962.0,1.52,1,3270
R00488,2025-05-01,Lakeview,Apartment,3,2,103.0,0,0,2,1954.0,0.35,0,2520
R01099,2025-05-02,Riverside,Apartment,3,2,80.0,0,1,2,1973.0,1.11,1,1370
R00080,2025-05-02,Riverside,Studio,0,1,34.0,1,0,1,1966.0,0.11,0,1130
R01909,2025-05-02,Harbourfront,Apartment,3,3,143.0,0,1,1,1958.0,0.53,1,4930
R00010,2025-05-02,Northgate,Apartment,3,2,126.0,1,0,2,1979.0,0.22,1,2060
R00512,2025-05-02,Midtown,Townhouse,4,4,139.0,0,1,1,2004.0,0.26,0,4580
R00482,2025-05-02,University District,Apartment,2,2,83.0,0,0,1,2001.0,0.19,1,2030
R01617,2025-05-02,Airport Fringe,1-bed apartment,1,2,53.0,1,1,1,2009.0,0.28,0,910
R01800,2025-05-02,Lakeview,Studio,0,1,31.0,0,0,1,2006.0,0.23,1,810
R00661,2025-05-03,Harbourfront,Apartment,2,2,84.0,0,0,2,1990.0,1.24,0,3330
R00204,2025-05-03,Southpark,Apartment,2,3,73.0,0,0,2,1964.0,0.43,0,960
R00006,2025-05-03,Riverside,Apartment,3,3,114.0,0,0,0,1972.0,0.07,1,3360
R02274,2025-05-03,Northgate,Apartment,3,2,128.0,1,0,1,1988.0,0.67,0,2480
R02110,2025-05-03,Harbourfront,Apartment,2,2,90.0,1,0,0,,0.6,0,3800
R00188,2025-05-03,Eastside,Detached house,3,3,176.0,0,0,2,,0.65,0,3040
R02267,2025-05-03,Northgate,Townhouse,4,5,127.0,0,0,2,1957.0,1.03,0,2310
R01573,2025-05-03,Westfield,1-bed apartment,1,2,50.0,0,0,0,1961.0,0.62,1,700
R01257,2025-05-03,Old Town,1-bed apartment,1,1,56.0,1,0,1,1969.0,1.34,1,1450
R01222,2025-05-04,University District,1-bed apartment,1,1,62.0,0,0,0,1998.0,0.21,0,1550
R00806,2025-05-04,University District,Townhouse,3,3,130.0,0,1,0,1969.0,2.17,1,1890
R00350,2025-05-04,Northgate,Detached house,4,5,190.0,0,0,1,1971.0,1.24,1,3190
R01404,2025-05-04,Riverside,Detached house,4,4,216.0,0,1,1,2022.0,0.52,0,5770
R01521,2025-05-04,Northgate,1-bed apartment,1,1,37.0,1,1,1,1995.0,0.38,0,1200
R02272,2025-05-04,Southpark,Apartment,2,3,97.0,1,1,2,1959.0,0.96,0,1680
R01422,2025-05-04,Harbourfront,Townhouse,3,4,145.0,0,1,0,1989.0,1.11,0,4520
R00807,2025-05-04,Northgate,Studio,0,2,28.0,0,1,0,1960.0,0.69,1,450
R00857,2025-05-05,Riverside,Apartment,3,2,90.0,0,0,1,1976.0,0.35,0,1690
R00878,2025-05-05,Riverside,Townhouse,2,3,67.0,0,1,2,1956.0,0.39,0,2070
R00265,2025-05-05,Northgate,Detached house,4,3,177.0,1,0,1,1957.0,1.09,0,2710
R02018,2025-05-05,Southpark,Townhouse,3,3,138.0,1,1,1,2005.0,1.01,0,2720
R01897,2025-05-05,Midtown,Apartment,3,3,113.0,0,1,2,,0.75,0,2550
R01013,2025-05-05,Harbourfront,Detached house,3,3,184.0,0,0,0,1954.0,1.05,0,5770
R01942,2025-05-05,University District,1-bed apartment,1,1,46.0,1,0,0,1996.0,0.71,1,840
R00139,2025-05-05,Eastside,Apartment,2,2,96.0,0,0,2,2019.0,0.85,0,1540
R01618,2025-05-05,Eastside,Studio,0,2,23.0,1,1,1,2007.0,0.32,0,520
R02452,2025-05-05,Eastside,Townhouse,2,2,,1,0,2,1982.0,1.42,0,1840
R00450,2025-05-05,Southpark,Studio,0,1,,0,1,0,2001.0,1.47,1,460
R01006,2025-05-05,Hillcrest,Apartment,2,2,96.0,0,1,1,2015.0,0.4,0,2120
R00917,2025-05-06,Northgate,Apartment,2,2,104.0,0,0,1,1959.0,0.56,0,1380
R01935,2025-05-06,Riverside,Townhouse,2,3,104.0,0,1,1,2021.0,0.57,1,3110
R01298,2025-05-06,Old Town,1-bed apartment,1,2,54.0,0,0,0,1974.0,0.3,1,1350
R00244,2025-05-06,University District,Studio,0,2,27.0,0,0,0,2003.0,0.78,0,480
R01904,2025-05-06,Lakeview,Studio,0,1,,0,0,0,1951.0,1.07,0,770
R00600,2025-05-06,Westfield,Apartment,2,1,73.0,0,0,0,1950.0,0.48,0,1040
R02275,2025-05-07,Old Town,Townhouse,4,5,117.0,0,0,2,2007.0,0.76,1,3840
R01160,2025-05-07,Southpark,1-bed apartment,1,1,53.0,1,1,1,2004.0,1.61,0,910
R01642,2025-05-07,Airport Fringe,Townhouse,4,4,,0,0,1,2017.0,0.09,0,2490
R01727,2025-05-07,Riverside,Apartment,2,2,63.0,0,1,0,1993.0,1.89,0,1420
R01414,2025-05-07,Northgate,1-bed apartment,1,1,,0,1,1,2024.0,0.7,0,1050
R00140,2025-05-07,Airport Fringe,Studio,0,1,27.0,1,1,1,1973.0,0.19,0,450
R02076,2025-05-07,Eastside,Studio,0,2,31.0,0,0,1,1964.0,1.14,1,480
R00683,2025-05-07,University District,1-bed apartment,1,2,43.0,1,1,0,1977.0,0.34,1,860
R02323,2025-05-07,Riverside,Apartment,2,1,,0,1,1,1998.0,0.72,1,2130
R01023,2025-05-08,Southpark,Studio,0,1,33.0,0,0,0,1980.0,0.77,1,470
R01365,2025-05-08,University District,1-bed apartment,1,2,58.0,1,1,0,2007.0,1.04,0,1630
R00162,2025-05-08,Southpark,1-bed apartment,1,1,51.0,0,1,0,1997.0,0.51,1,650
R01772,2025-05-08,University District,Townhouse,2,2,78.0,0,1,0,2022.0,0.67,1,1850
R01021,2025-05-08,Southpark,1-bed apartment,1,2,60.0,0,1,0,2020.0,0.19,1,870
R00588,2025-05-08,University District,Apartment,3,4,100.0,0,1,2,2018.0,0.84,1,2140
R00325,2025-05-08,Southpark,Townhouse,2,2,82.0,0,1,0,1964.0,0.15,0,1510
R00018,2025-05-08,Old Town,1-bed apartment,1,1,57.0,0,0,0,2002.0,1.07,0,1610
R00259,2025-05-08,Northgate,Apartment,3,3,113.0,0,0,1,2014.0,0.12,0,2710
R00939,2025-05-08,Westfield,Studio,0,1,21.0,1,0,0,1984.0,0.9,1,420
R00784,2025-05-09,Old Town,Apartment,2,2,112.0,0,1,1,1979.0,0.42,0,3910
R00743,2025-05-09,Southpark,1-bed apartment,1,1,59.0,0,0,1,1990.0,0.31,0,1010
R01759,2025-05-09,Southpark,1-bed apartment,1,1,42.0,1,0,0,1996.0,0.17,1,710
R01777,2025-05-09,Harbourfront,Studio,0,2,21.0,0,0,0,2024.0,0.2,1,850
R02287,2025-05-09,Old Town,Apartment,2,3,92.0,1,0,2,1999.0,0.59,0,3600
R02463,2025-05-09,Northgate,Detached house,5,5,217.0,1,0,2,2019.0,0.25,1,4660
R00640,2025-05-09,Harbourfront,Detached house,3,3,170.0,0,0,1,1997.0,0.31,0,6680
R00664,2025-05-09,University District,1-bed apartment,1,1,49.0,0,0,0,1986.0,0.45,0,1010
R00590,2025-05-09,Hillcrest,Detached house,4,4,188.0,1,0,2,2014.0,0.84,0,6230
R01353,2025-05-09,Westfield,Studio,0,1,30.0,0,1,1,1983.0,0.72,0,540
R01513,2025-05-09,Midtown,Townhouse,4,4,140.0,1,1,1,,0.79,0,5700
R00959,2025-05-09,Northgate,1-bed apartment,1,2,50.0,1,0,1,2021.0,0.13,0,1360
R01944,2025-05-09,Hillcrest,1-bed apartment,1,1,61.0,0,1,0,1992.0,0.69,0,1210
R01378,2025-05-09,Airport Fringe,Detached house,4,4,198.0,1,1,1,1968.0,0.56,0,2340
R02169,2025-05-09,Eastside,Apartment,2,2,61.0,1,0,1,1956.0,1.06,1,940
R00152,2025-05-10,Hillcrest,Apartment,3,3,105.0,0,1,0,2020.0,0.65,0,2650
R00679,2025-05-10,Riverside,Townhouse,3,4,94.0,0,0,1,1957.0,0.98,0,2410
R00658,2025-05-10,Harbourfront,Townhouse,2,1,111.0,1,0,1,2001.0,1.45,0,3310
R02165,2025-05-10,Riverside,Townhouse,4,5,161.0,0,0,1,1976.0,1.62,0,3180
R00254,2025-05-10,Riverside,Apartment,2,1,102.0,0,1,1,1993.0,0.53,0,2490
R00675,2025-05-10,Midtown,Detached house,4,3,203.0,0,0,1,2018.0,0.27,0,6090
R00690,2025-05-10,Riverside,Apartment,2,2,81.0,0,0,0,1980.0,0.75,1,1840
R00436,2025-05-10,Eastside,Apartment,2,2,101.0,0,0,1,1987.0,1.72,1,1680
R02348,2025-05-10,University District,Studio,0,1,40.0,0,0,1,1963.0,0.55,0,750
R00714,2025-05-10,Old Town,Townhouse,4,4,157.0,0,0,2,1985.0,2.18,1,3650
R00288,2025-05-11,Westfield,Apartment,2,2,88.0,0,1,1,1956.0,0.7,0,1560
R00706,2025-05-11,University District,1-bed apartment,1,2,52.0,0,0,0,1965.0,1.09,0,1050
R00127,2025-05-11,Midtown,Apartment,2,2,62.0,0,0,1,1973.0,0.72,0,1630
R00248,2025-05-11,Old Town,Apartment,2,2,,0,0,2,1980.0,1.65,0,3290
R00133,2025-05-11,University District,Apartment,2,1,92.0,0,1,1,1990.0,0.61,0,1870
R02095,2025-05-11,Airport Fringe,Studio,0,1,33.0,0,0,1,2014.0,0.98,0,500
R01150,2025-05-11,Midtown,1-bed apartment,1,1,60.0,0,0,0,,0.27,0,1480
R01429,2025-05-11,Westfield,Studio,0,2,35.0,0,0,0,2014.0,0.82,1,620
R00357,2025-05-11,Old Town,Apartment,3,2,137.0,0,0,1,2010.0,0.96,1,4520
R00298,2025-05-11,Southpark,Detached house,3,4,148.0,0,0,0,1995.0,0.28,1,1910
R00989,2025-05-11,Southpark,Apartment,3,2,115.0,0,0,2,1997.0,0.62,1,2170
R00768,2025-05-11,Eastside,Apartment,3,2,101.0,0,1,2,,0.07,0,2070
R02029,2025-05-12,Lakeview,Detached house,5,5,236.0,0,0,2,1996.0,0.76,0,4450
R00378,2025-05-12,Old Town,Detached house,5,4,222.0,0,0,0,1997.0,1.54,1,5730
R00007,2025-05-12,Lakeview,Detached house,4,3,208.0,0,0,2,1994.0,1.23,0,4720
R01484,2025-05-12,Riverside,Apartment,2,2,102.0,0,1,1,1994.0,0.12,1,2560
R01142,2025-05-12,Westfield,Apartment,2,1,83.0,0,1,0,2002.0,0.28,1,1540
R01421,2025-05-12,Old Town,1-bed apartment,1,1,52.0,0,1,0,1955.0,0.12,0,1310
R01557,2025-05-12,Airport Fringe,1-bed apartment,1,1,47.0,0,0,0,,2.1,0,440
R00722,2025-05-12,Airport Fringe,Apartment,2,1,83.0,1,1,1,1979.0,0.97,1,1210
R01102,2025-05-12,Old Town,Townhouse,3,3,130.0,1,1,1,2022.0,0.55,1,5300
R02132,2025-05-12,Old Town,Townhouse,3,2,,0,0,1,2015.0,0.32,1,3140
R01658,2025-05-12,Northgate,Detached house,4,3,184.0,0,0,0,1994.0,0.58,0,3570
R00374,2025-05-13,Northgate,Apartment,2,2,110.0,1,0,1,1977.0,0.97,0,2630
R01677,2025-05-13,Old Town,Townhouse,3,3,125.0,0,0,2,1966.0,0.9,0,3530
R02401,2025-05-13,Old Town,Apartment,2,2,66.0,0,0,0,1957.0,1.65,0,1900
R01323,2025-05-13,Lakeview,Apartment,3,2,120.0,0,0,1,1981.0,0.61,0,2340
R02366,2025-05-13,Westfield,Apartment,3,4,123.0,0,0,1,1973.0,0.22,1,2070
R01287,2025-05-13,Midtown,Apartment,2,3,101.0,0,0,1,2012.0,0.24,1,3410
R02433,2025-05-13,Riverside,Studio,0,1,33.0,1,0,0,1965.0,0.7,1,660
R01306,2025-05-13,Southpark,Detached house,3,3,161.0,0,1,0,2006.0,1.8,1,2390
R00428,2025-05-13,Hillcrest,Townhouse,3,4,123.0,0,1,2,2024.0,0.17,0,3400
R01444,2025-05-13,Riverside,1-bed apartment,1,1,52.0,1,1,0,1994.0,0.33,0,1260
R01195,2025-05-14,Westfield,Apartment,3,4,136.0,1,1,1,,1.43,0,2620
R01093,2025-05-14,Midtown,Apartment,2,3,69.0,0,1,2,2013.0,0.08,1,2470
R02466,2025-05-14,Southpark,Townhouse,2,2,97.0,0,1,1,1981.0,0.32,1,1560
R01089,2025-05-14,Riverside,Detached house,3,4,176.0,0,0,2,1963.0,0.94,1,3460
R02450,2025-05-14,Lakeview,Detached house,3,3,189.0,1,0,1,1994.0,0.96,0,4950
R02390,2025-05-14,Hillcrest,Studio,0,1,29.0,0,1,0,2013.0,0.74,1,620
R02113,2025-05-14,Riverside,1-bed apartment,1,1,,0,0,0,1951.0,0.82,1,1040
R00985,2025-05-14,Riverside,Detached house,5,5,233.0,1,0,0,2008.0,1.2,1,6800
R00042,2025-05-14,Lakeview,1-bed apartment,1,1,55.0,0,0,0,1971.0,0.54,1,1280
R00720,2025-05-14,Eastside,1-bed apartment,1,1,44.0,1,0,0,2005.0,1.99,1,790
R01208,2025-05-15,Midtown,1-bed apartment,1,1,52.0,0,0,1,1959.0,0.11,0,1380
R00697,2025-05-15,Midtown,Studio,0,1,28.0,0,0,0,1984.0,0.69,0,640
R00920,2025-05-15,Eastside,Apartment,3,4,103.0,0,0,2,1970.0,0.4,0,1440
R00462,2025-05-15,Harbourfront,Studio,0,2,41.0,0,0,0,2006.0,1.07,0,1780
R02410,2025-05-15,Airport Fringe,Townhouse,3,3,102.0,1,0,0,2018.0,0.19,1,1370
R01556,2025-05-15,Northgate,Studio,0,1,42.0,0,1,0,1984.0,0.1,1,750
R00101,2025-05-15,Midtown,Apartment,3,2,90.0,0,0,2,1968.0,0.41,0,2010
R01790,2025-05-15,Westfield,Apartment,2,2,102.0,0,0,1,1958.0,1.87,0,1530
R02021,2025-05-15,Riverside,1-bed apartment,1,1,47.0,1,0,1,2014.0,0.54,0,1260
R00617,2025-05-15,Lakeview,1-bed apartment,1,2,51.0,0,0,0,2006.0,0.19,1,1930
R00074,2025-05-15,Westfield,Studio,0,1,,0,0,0,2004.0,0.43,0,640
R00654,2025-05-16,Airport Fringe,Apartment,2,1,88.0,1,1,2,1952.0,0.82,0,1260
R00087,2025-05-16,Hillcrest,Detached house,4,3,197.0,0,0,1,1965.0,0.11,1,3950
R00015,2025-05-16,Old Town,Apartment,2,1,66.0,1,0,2,2015.0,0.6,0,2160
R00390,2025-05-16,Westfield,Apartment,2,2,94.0,0,0,2,,1.1,1,1810
R00284,2025-05-16,Hillcrest,Apartment,3,3,98.0,0,0,1,1986.0,0.76,1,2140
R01957,2025-05-16,Midtown,Townhouse,2,1,,0,1,1,1966.0,1.33,1,2980
R00947,2025-05-16,Lakeview,Detached house,5,4,243.0,0,0,1,1957.0,0.25,0,6130
R02378,2025-05-16,Riverside,Apartment,2,3,98.0,0,1,1,1959.0,0.85,0,2800
R00151,2025-05-17,University District,1-bed apartment,1,1,,0,0,1,2004.0,0.24,1,980
R02001,2025-05-17,Riverside,Apartment,2,1,81.0,0,1,2,1991.0,0.67,0,1810
R00255,2025-05-17,Northgate,Detached house,4,3,207.0,0,0,1,1964.0,0.32,0,3390
R01320,2025-05-17,Harbourfront,Apartment,3,4,102.0,1,0,2,1999.0,0.05,0,3850
R00318,2025-05-17,Westfield,Apartment,3,2,123.0,0,0,2,2003.0,0.38,1,1950
R00014,2025-05-17,Riverside,Studio,0,1,39.0,0,1,0,1979.0,0.26,0,910
R01549,2025-05-17,Northgate,Studio,0,1,38.0,0,1,0,2014.0,0.08,0,680
R01540,2025-05-17,University District,Apartment,3,3,104.0,0,1,0,2006.0,0.69,1,1720
R01388,2025-05-17,Westfield,Townhouse,2,2,110.0,0,1,2,1956.0,0.78,1,2110
R01847,2025-05-17,Midtown,1-bed apartment,1,1,54.0,1,1,0,1959.0,1.25,0,1480
R01495,2025-05-17,Riverside,Apartment,2,1,76.0,0,1,1,2015.0,0.96,0,2440
R02444,2025-05-17,Midtown,1-bed apartment,1,1,49.0,1,0,1,1964.0,0.18,0,1710
R01367,2025-05-17,University District,1-bed apartment,1,1,57.0,0,0,0,1977.0,0.89,0,1150
R01900,2025-05-18,Southpark,1-bed apartment,1,1,53.0,0,0,0,1960.0,1.83,1,580
R02322,2025-05-18,Riverside,Apartment,2,2,92.0,1,0,1,1996.0,0.9,0,2530
R02234,2025-05-18,Northgate,Apartment,3,4,94.0,0,0,0,1982.0,0.56,0,1570
R02202,2025-05-18,Lakeview,Detached house,4,4,191.0,1,0,1,1994.0,0.38,0,5700
R00723,2025-05-18,Old Town,Studio,0,1,28.0,0,0,0,1960.0,0.75,1,720
R02359,2025-05-18,Old Town,Studio,0,1,33.0,0,1,0,2013.0,0.97,0,1010
R00736,2025-05-18,Airport Fringe,Detached house,5,6,248.0,0,0,0,2004.0,1.02,0,2830
R00647,2025-05-18,Northgate,Apartment,2,3,74.0,1,1,1,1983.0,0.35,0,1800
R01028,2025-05-19,University District,Apartment,3,3,120.0,0,1,1,1961.0,0.6,0,2650
R00841,2025-05-19,Airport Fringe,1-bed apartment,1,1,49.0,0,0,0,2019.0,0.18,0,730
R01317,2025-05-19,Hillcrest,1-bed apartment,1,2,52.0,1,0,0,2023.0,0.39,0,1350
R01870,2025-05-19,Eastside,Apartment,3,3,107.0,0,1,2,2009.0,0.2,1,1820
R01832,2025-05-19,Southpark,Detached house,3,4,163.0,0,0,2,1981.0,0.59,1,2580
R01955,2025-05-19,Westfield,Townhouse,2,3,92.0,0,1,1,1996.0,0.89,1,1580
R00752,2025-05-19,Lakeview,1-bed apartment,1,1,45.0,1,0,0,2013.0,0.1,0,1080
R01689,2025-05-19,Westfield,1-bed apartment,1,2,58.0,0,0,0,1999.0,0.46,0,910
R01722,2025-05-20,Old Town,Detached house,5,5,259.0,1,0,0,2005.0,0.53,0,8050
R02212,2025-05-20,Harbourfront,Apartment,3,4,110.0,0,1,1,1961.0,0.21,1,4530
R01060,2025-05-20,Midtown,Apartment,3,4,154.0,1,0,2,2002.0,0.66,1,5820
R01094,2025-05-20,Airport Fringe,Apartment,2,2,109.0,1,1,2,1971.0,1.05,1,1600
R02427,2025-05-20,Lakeview,Townhouse,3,2,114.0,0,1,1,1966.0,0.77,0,2600
R01509,2025-05-20,Northgate,Apartment,2,1,92.0,0,1,2,1983.0,0.6,0,1990
R02074,2025-05-20,Midtown,Apartment,2,2,75.0,0,1,1,1990.0,2.52,0,1890
R01616,2025-05-20,University District,1-bed apartment,1,1,49.0,1,0,0,2004.0,1.71,0,1210
R02020,2025-05-20,Old Town,Townhouse,3,3,96.0,0,0,2,1956.0,1.45,0,2830
R00172,2025-05-20,Northgate,Apartment,3,3,127.0,0,1,2,2012.0,1.61,1,2730
R02358,2025-05-20,Midtown,Studio,0,2,24.0,1,0,0,2011.0,2.39,1,660
R01898,2025-05-21,Midtown,Apartment,2,2,68.0,0,1,1,2001.0,0.78,0,1800
R01968,2025-05-21,Southpark,Studio,0,1,30.0,0,0,1,1961.0,0.48,0,370
R02210,2025-05-21,Old Town,Apartment,3,2,117.0,0,0,2,1985.0,0.07,1,4130
R00505,2025-05-21,Riverside,Townhouse,3,3,119.0,1,0,0,2022.0,0.32,0,2800
R01602,2025-05-21,Northgate,Townhouse,3,3,106.0,0,1,1,1955.0,1.76,1,2400
R01793,2025-05-21,Riverside,Apartment,3,4,115.0,0,0,1,1988.0,1.36,0,1970
R02440,2025-05-21,Old Town,Apartment,2,2,92.0,0,1,2,1977.0,2.17,1,2640
R02011,2025-05-21,Lakeview,Detached house,3,2,175.0,0,0,1,1994.0,0.52,0,4350
R00109,2025-05-21,Westfield,Detached house,4,4,231.0,0,0,1,1975.0,1.01,0,3920
R00699,2025-05-21,Old Town,1-bed apartment,1,2,54.0,0,0,1,2018.0,0.9,0,1380
R02464,2025-05-22,Southpark,Apartment,2,3,62.0,0,0,1,1974.0,1.3,0,1070
R00980,2025-05-22,Old Town,1-bed apartment,1,1,48.0,1,1,1,1960.0,0.9,0,1490
R00176,2025-05-23,Westfield,Detached house,3,2,177.0,0,0,0,1961.0,0.09,0,3080
R01387,2025-05-23,Southpark,Apartment,3,4,,1,1,1,2005.0,0.55,1,1770
R01924,2025-05-23,Airport Fringe,Studio,0,1,32.0,0,1,1,1966.0,1.68,0,380
R01971,2025-05-23,Airport Fringe,Studio,0,2,,0,0,0,1963.0,0.83,0,320
R00800,2025-05-23,Westfield,Townhouse,3,3,,0,1,2,1996.0,0.53,1,2750
R02392,2025-05-23,Southpark,Apartment,3,2,132.0,0,0,1,1995.0,0.26,0,1910
R02079,2025-05-23,Westfield,Apartment,3,4,64.0,0,0,1,1991.0,2.38,1,990
R01651,2025-05-23,University District,1-bed apartment,1,1,,0,0,0,1990.0,1.91,0,840
R01925,2025-05-23,Old Town,Apartment,3,3,130.0,0,1,1,1975.0,0.92,0,3860
R01241,2025-05-23,Lakeview,Apartment,2,1,87.0,0,0,1,1963.0,1.33,0,2030
R02443,2025-05-23,Lakeview,Apartment,2,1,89.0,0,0,1,1982.0,0.23,0,2490
R00611,2025-05-24,Old Town,Apartment,2,2,88.0,1,1,1,2003.0,1.1,0,2940
R01379,2025-05-24,Eastside,1-bed apartment,1,1,63.0,0,1,0,2013.0,0.69,1,1240
R00430,2025-05-24,Hillcrest,1-bed apartment,1,1,47.0,1,1,0,1960.0,0.34,1,1130
R01316,2025-05-24,Eastside,Apartment,3,2,129.0,0,0,1,2008.0,0.21,0,2180
R01748,2025-05-25,Eastside,Detached house,3,4,174.0,1,0,0,1955.0,1.0,0,2630
R01426,2025-05-25,Hillcrest,1-bed apartment,1,1,36.0,0,1,1,1953.0,0.58,1,770
R00581,2025-05-25,Airport Fringe,Apartment,2,3,72.0,0,1,1,1952.0,0.91,0,880
R02092,2025-05-25,Northgate,1-bed apartment,1,1,50.0,0,1,0,2020.0,0.33,1,1180
R01697,2025-05-25,Westfield,1-bed apartment,1,1,50.0,0,0,0,1960.0,0.7,0,760
R01482,2025-05-25,Northgate,1-bed apartment,1,1,52.0,0,0,0,2005.0,1.55,0,1010
R00659,2025-05-26,Eastside,Apartment,3,2,106.0,0,1,1,1975.0,0.56,0,1410
R01881,2025-05-26,Lakeview,1-bed apartment,1,1,46.0,0,0,0,1984.0,0.49,0,740
R02168,2025-05-26,Lakeview,Townhouse,3,4,110.0,0,1,1,1953.0,1.62,0,3200
R02313,2025-05-26,Harbourfront,Townhouse,3,2,125.0,0,1,1,1956.0,1.27,1,3690
R01129,2025-05-26,Hillcrest,Studio,0,1,30.0,1,0,0,1961.0,0.1,1,610
R01301,2025-05-26,Riverside,Studio,0,1,31.0,0,1,1,1969.0,0.45,0,840
R01296,2025-05-26,Eastside,1-bed apartment,1,1,53.0,0,1,1,2002.0,0.31,1,770
R02462,2025-05-26,Riverside,Apartment,3,3,102.0,0,0,2,1996.0,0.18,0,2460
R00991,2025-05-26,Lakeview,Apartment,2,2,72.0,0,1,2,1981.0,1.56,1,1900
R00235,2025-05-26,Riverside,Detached house,4,3,201.0,0,0,1,1983.0,0.84,1,4020
R00198,2025-05-26,Lakeview,Apartment,2,2,,0,1,0,1961.0,0.27,0,2610
R01546,2025-05-26,Airport Fringe,1-bed apartment,1,1,61.0,0,1,1,1976.0,0.56,0,800
R00592,2025-05-26,Airport Fringe,1-bed apartment,1,1,51.0,1,1,0,1966.0,1.15,1,820
R00469,2025-05-27,Midtown,1-bed apartment,1,1,46.0,1,0,1,1982.0,0.83,1,1250
R01626,2025-05-27,Midtown,Apartment,2,2,73.0,1,1,0,1995.0,0.17,0,2350
R00206,2025-05-27,Riverside,Townhouse,3,3,110.0,0,0,2,1970.0,0.06,0,2660
R01392,2025-05-27,Riverside,Apartment,2,2,107.0,1,1,1,1967.0,0.46,1,2940
R00783,2025-05-27,Hillcrest,1-bed apartment,1,1,41.0,1,0,1,2003.0,0.44,1,1110
R00570,2025-05-27,Eastside,Apartment,2,2,104.0,0,0,1,1990.0,0.19,0,1500
R00242,2025-05-27,University District,Studio,0,1,23.0,0,1,0,2012.0,0.58,0,450
R01020,2025-05-27,Midtown,Detached house,3,4,151.0,0,0,1,2006.0,1.0,0,5520
R01510,2025-05-27,Old Town,Townhouse,3,3,111.0,0,0,1,1959.0,0.5,0,2450
R01789,2025-05-27,Midtown,1-bed apartment,1,1,55.0,0,0,0,1992.0,0.7,0,1090
R01879,2025-05-27,Southpark,1-bed apartment,1,1,51.0,0,1,1,1971.0,0.57,0,730
R01246,2025-05-27,Midtown,Apartment,2,2,,1,1,2,2008.0,0.13,0,2150
R02252,2025-05-28,Harbourfront,1-bed apartment,1,1,55.0,0,0,1,1965.0,0.89,1,1760
R01630,2025-05-28,Eastside,Apartment,2,1,64.0,0,0,2,2018.0,0.29,1,1050
R00976,2025-05-28,Midtown,1-bed apartment,1,1,51.0,0,1,0,1976.0,0.16,0,1230
R00414,2025-05-28,Lakeview,1-bed apartment,1,1,48.0,0,0,0,1981.0,0.55,0,1590
R01487,2025-05-28,University District,Townhouse,3,4,119.0,1,0,1,1979.0,1.78,1,2230
R00476,2025-05-28,Riverside,Detached house,5,5,230.0,0,0,1,2021.0,0.14,0,5690
R00278,2025-05-28,University District,1-bed apartment,1,2,,1,1,1,2022.0,0.9,1,1200
R01527,2025-05-28,Southpark,1-bed apartment,1,1,59.0,1,0,1,2015.0,0.17,1,1100
R00036,2025-05-28,Eastside,Studio,0,1,33.0,0,1,0,1960.0,0.7,1,530
R00385,2025-05-28,Westfield,Detached house,3,3,198.0,0,0,1,1962.0,0.16,1,3440
R01135,2025-05-28,Northgate,Apartment,3,3,141.0,1,0,2,1955.0,0.97,0,2900
R00967,2025-05-28,University District,1-bed apartment,1,1,43.0,0,0,1,,0.43,0,870
R00733,2025-05-29,Harbourfront,1-bed apartment,1,2,56.0,0,0,0,1976.0,0.85,0,1670
R00810,2025-05-29,Midtown,Apartment,2,2,93.0,0,1,2,1978.0,0.48,0,2690
R02178,2025-05-29,Midtown,1-bed apartment,1,1,52.0,0,0,0,1975.0,0.74,0,1240
R00520,2025-05-29,Southpark,1-bed apartment,1,1,46.0,1,0,0,2020.0,1.49,1,600
R00982,2025-05-29,Northgate,Townhouse,3,3,95.0,0,0,0,1967.0,1.92,1,1730
R02398,2025-05-29,Airport Fringe,Studio,0,2,,1,0,1,2023.0,0.68,0,600
R02006,2025-05-29,Midtown,Apartment,3,3,126.0,1,1,1,1970.0,0.74,0,2820
R01285,2025-05-29,Northgate,Apartment,3,2,133.0,0,0,2,1991.0,1.99,0,2280
R00219,2025-05-30,Southpark,Townhouse,4,4,134.0,0,0,0,2011.0,0.94,0,2180
R02308,2025-05-30,Northgate,Detached house,3,3,205.0,1,0,1,1990.0,0.6,0,3790
R00030,2025-05-30,Southpark,Apartment,2,2,122.0,1,0,1,2012.0,1.39,1,1970
R01706,2025-05-30,Riverside,Detached house,5,5,224.0,1,0,1,2008.0,1.04,0,6610
R01834,2025-05-30,Hillcrest,Studio,0,1,30.0,0,1,0,2009.0,0.51,0,870
R02041,2025-05-30,Hillcrest,Studio,0,1,39.0,0,0,0,2014.0,0.85,1,960
R00055,2025-05-30,Midtown,Detached house,4,3,191.0,0,0,2,1967.0,1.5,0,4280
R00904,2025-05-30,Midtown,Apartment,2,1,88.0,1,1,2,2021.0,0.66,0,3010
R01277,2025-05-30,Old Town,Apartment,3,3,123.0,1,1,0,1995.0,0.25,0,4280
R02038,2025-05-30,Riverside,Apartment,2,1,72.0,0,0,2,2004.0,0.16,0,2050
R00274,2025-05-30,Northgate,Studio,0,1,38.0,1,1,0,1981.0,2.11,1,720
R00618,2025-05-31,Northgate,Apartment,3,4,102.0,0,0,0,2005.0,0.05,0,2130
R02365,2025-05-31,Hillcrest,Apartment,2,2,79.0,0,0,0,1972.0,0.43,0,1610
R01974,2025-05-31,Lakeview,1-bed apartment,1,2,50.0,1,0,0,2004.0,2.25,0,1460
R00536,2025-05-31,University District,1-bed apartment,1,1,47.0,0,0,1,1955.0,1.21,0,840
R01746,2025-05-31,Eastside,Studio,0,1,38.0,0,0,0,1985.0,0.51,1,620
R00618,2025-05-31,Northgate,Apartment,3,4,102.0,0,0,0,2005.0,0.05,0,2130
R02325,2025-05-31,Westfield,Townhouse,4,3,147.0,1,1,1,,1.07,0,2930
R01463,2025-06-01,Airport Fringe,Apartment,2,1,82.0,0,0,2,1963.0,0.05,1,1070
R01966,2025-06-01,University District,Studio,0,1,30.0,0,1,1,2010.0,0.45,0,750
R02417,2025-06-01,Harbourfront,Detached house,4,5,217.0,1,0,1,2004.0,1.83,0,8370
R00224,2025-06-01,Eastside,Studio,0,1,28.0,0,1,0,2008.0,0.64,1,520
R00114,2025-06-01,University District,Townhouse,2,2,97.0,0,0,0,1998.0,0.2,1,2160
R00236,2025-06-01,Hillcrest,Townhouse,3,2,133.0,1,1,1,2008.0,1.55,1,2910
R00582,2025-06-02,Airport Fringe,Apartment,3,3,136.0,1,0,1,1961.0,0.28,1,2050
R01069,2025-06-02,Riverside,Apartment,2,2,105.0,0,1,1,2003.0,1.41,0,2530
R00915,2025-06-02,Southpark,Apartment,2,1,,0,1,0,1955.0,0.44,0,1250
R01179,2025-06-02,University District,Apartment,3,3,83.0,1,1,1,2005.0,2.48,0,1950
R01875,2025-06-02,Eastside,Detached house,3,3,194.0,0,0,1,2003.0,0.6,0,3590
R02500,2025-06-02,Airport Fringe,Apartment,3,2,100.0,0,0,2,1958.0,1.03,1,1290
R01108,2025-06-02,Hillcrest,Studio,0,2,33.0,1,0,0,1961.0,1.48,0,530
R00816,2025-06-02,Airport Fringe,Apartment,2,1,100.0,0,0,0,1992.0,0.27,0,1410
R01533,2025-06-02,Northgate,Apartment,3,4,99.0,1,1,2,1960.0,0.68,1,2340
R01609,2025-06-02,Harbourfront,Apartment,2,3,,0,0,1,2000.0,1.25,1,3160
R01723,2025-06-03,Hillcrest,Apartment,3,3,104.0,1,1,1,2004.0,0.17,1,3270
R00339,2025-06-03,Midtown,Apartment,3,4,82.0,0,1,1,,0.18,0,2050
R00217,2025-06-03,Hillcrest,Studio,0,1,33.0,0,1,1,2012.0,0.66,1,920
R02230,2025-06-03,Hillcrest,Apartment,2,2,80.0,0,0,0,1969.0,1.23,1,1740
R01368,2025-06-03,Harbourfront,1-bed apartment,1,1,45.0,1,0,0,2021.0,1.65,0,1660
R00078,2025-06-03,Harbourfront,Apartment,2,3,87.0,0,0,2,1985.0,1.82,0,2420
R00431,2025-06-03,Airport Fringe,Apartment,3,2,114.0,0,1,1,2002.0,0.92,0,1730
R01106,2025-06-03,Riverside,Apartment,2,1,94.0,0,1,2,2007.0,0.5,1,2440
R00088,2025-06-03,Northgate,1-bed apartment,1,1,54.0,0,0,0,1970.0,0.95,0,950
R01551,2025-06-03,Northgate,Apartment,2,2,81.0,0,1,1,2003.0,1.26,1,1660
R02281,2025-06-04,Northgate,1-bed apartment,1,1,37.0,0,1,1,1975.0,1.24,0,640
R02305,2025-06-04,Old Town,1-bed apartment,1,1,52.0,0,1,0,2016.0,0.6,1,1590
R00735,2025-06-04,Riverside,Apartment,3,2,98.0,0,0,1,2008.0,0.39,1,2520
R01220,2025-06-04,Eastside,Apartment,3,4,110.0,0,0,2,1977.0,0.88,0,1230
R00871,2025-06-04,Southpark,Studio,0,1,33.0,0,0,0,2011.0,1.02,1,490
R00216,2025-06-04,Lakeview,Apartment,3,3,134.0,0,0,2,2023.0,1.11,1,3160
R01524,2025-06-04,Hillcrest,Apartment,2,2,88.0,0,0,2,1987.0,1.21,0,1950
R00972,2025-06-04,Midtown,Apartment,2,2,77.0,0,0,1,1984.0,1.05,1,1790
R00364,2025-06-04,Lakeview,Studio,0,1,40.0,0,1,0,2008.0,0.05,0,1270
R00914,2025-06-04,Lakeview,1-bed apartment,1,2,43.0,0,1,0,1950.0,1.15,0,1270
R02102,2025-06-05,Midtown,1-bed apartment,1,1,46.0,0,1,0,1959.0,0.25,0,1180
R01913,2025-06-05,University District,Apartment,3,2,117.0,0,0,2,1980.0,0.45,0,2110
R02142,2025-06-05,Lakeview,Apartment,2,1,95.0,0,1,2,1995.0,0.76,0,2430
R01210,2025-06-05,Northgate,Townhouse,3,3,121.0,0,1,1,1984.0,0.1,1,2280
R00681,2025-06-05,Airport Fringe,Apartment,3,3,110.0,0,0,0,2003.0,0.27,0,1260
R01802,2025-06-05,University District,Apartment,3,3,126.0,0,0,1,1952.0,0.97,0,2710
R01441,2025-06-05,University District,Studio,0,1,26.0,1,0,0,1968.0,0.49,0,670
R01735,2025-06-06,Westfield,Detached house,4,4,182.0,0,0,1,1984.0,0.49,0,3720
R01347,2025-06-06,Northgate,1-bed apartment,1,1,44.0,0,1,1,1973.0,1.15,1,820
R00631,2025-06-06,University District,Apartment,3,3,109.0,1,1,0,1954.0,1.01,0,2880
R00924,2025-06-06,Westfield,Studio,0,2,37.0,0,0,0,2010.0,0.09,1,750
R02242,2025-06-06,Southpark,Apartment,3,2,,0,0,1,1958.0,0.54,0,2200
R01032,2025-06-06,Harbourfront,1-bed apartment,1,1,46.0,1,0,0,1957.0,0.25,0,1570
R00353,2025-06-06,Northgate,Apartment,3,3,92.0,0,1,1,2020.0,0.56,0,1740
R00223,2025-06-06,Lakeview,1-bed apartment,1,2,53.0,1,0,1,1964.0,0.44,0,1790
R00160,2025-06-06,Midtown,Townhouse,3,3,142.0,0,1,2,1986.0,2.66,1,3620
R00061,2025-06-06,Eastside,Apartment,2,2,80.0,1,0,1,1954.0,1.12,0,910
R00634,2025-06-06,Northgate,Townhouse,4,4,143.0,0,0,1,2017.0,0.18,0,3480
R01156,2025-06-07,Old Town,Apartment,2,3,90.0,0,0,2,1994.0,1.9,0,2560
R01206,2025-06-07,Eastside,Apartment,2,1,94.0,0,0,2,1994.0,0.49,0,1240
R00760,2025-06-07,Riverside,Apartment,2,2,114.0,0,1,0,1998.0,0.24,0,3130
R02160,2025-06-07,Westfield,1-bed apartment,1,1,,1,0,0,1967.0,0.67,0,960
R01591,2025-06-07,Midtown,1-bed apartment,1,1,37.0,0,1,0,1956.0,0.67,0,820
R00984,2025-06-07,Eastside,Detached house,4,5,208.0,0,0,0,1961.0,1.53,0,2690
R00345,2025-06-07,Lakeview,Apartment,2,2,85.0,0,1,1,1952.0,0.55,1,2430
R01844,2025-06-07,Riverside,Townhouse,4,5,145.0,0,0,1,1983.0,0.31,1,2870
R01053,2025-06-07,Riverside,Townhouse,3,4,109.0,0,0,1,1966.0,0.05,0,3130
R00691,2025-06-07,Midtown,Townhouse,2,3,62.0,1,0,1,1962.0,2.16,0,1650
R01593,2025-06-08,Westfield,1-bed apartment,1,1,53.0,0,1,1,1962.0,0.61,1,1000
R00673,2025-06-08,Riverside,Apartment,3,2,132.0,1,0,2,1994.0,0.78,0,4310
R02030,2025-06-08,University District,Apartment,2,2,106.0,0,0,0,1974.0,0.1,0,2700
R01218,2025-06-08,University District,Apartment,3,4,130.0,0,1,1,2015.0,0.43,1,2970
R00337,2025-06-08,Midtown,1-bed apartment,1,1,60.0,0,1,1,1986.0,0.12,1,1730
R00218,2025-06-08,Southpark,Apartment,3,4,127.0,0,0,1,2006.0,0.29,1,1570
R01096,2025-06-09,Riverside,Detached house,4,4,204.0,0,0,1,,1.52,0,4270
R01213,2025-06-09,Eastside,1-bed apartment,1,1,52.0,0,0,1,1994.0,0.61,0,960
R01752,2025-06-09,Midtown,Apartment,2,1,94.0,0,0,2,1960.0,1.08,1,2630
R00351,2025-06-09,Old Town,Apartment,3,3,107.0,1,0,2,1955.0,1.46,0,3000
R01989,2025-06-09,Westfield,Townhouse,4,5,171.0,0,0,2,1955.0,0.6,0,2450
R02155,2025-06-09,Southpark,1-bed apartment,1,1,36.0,0,0,1,1993.0,0.28,1,500
R01885,2025-06-09,Westfield,Apartment,2,3,104.0,1,1,2,2007.0,0.1,0,2420
R02126,2025-06-09,Southpark,Detached house,3,3,152.0,0,0,1,1952.0,0.66,1,2450
R02474,2025-06-09,University District,Studio,0,1,35.0,0,0,0,1989.0,0.54,1,790
R00543,2025-06-09,Westfield,Apartment,3,3,127.0,1,1,0,2020.0,0.83,1,2570
R02061,2025-06-09,Hillcrest,Apartment,3,3,88.0,0,1,1,2014.0,1.38,0,2390
R02089,2025-06-09,Old Town,Detached house,4,4,186.0,0,0,1,2024.0,0.31,1,5800
R02098,2025-06-09,Old Town,Studio,0,2,33.0,0,0,0,1971.0,0.81,1,670
R02104,2025-06-10,Midtown,Apartment,3,3,116.0,0,0,1,2023.0,0.61,1,3880
R01670,2025-06-10,Midtown,1-bed apartment,1,1,39.0,0,0,1,2024.0,1.45,1,990
R01808,2025-06-11,Riverside,Townhouse,2,2,68.0,1,0,1,1968.0,1.33,0,2070
R01293,2025-06-11,Airport Fringe,Townhouse,3,3,89.0,0,1,1,2002.0,0.49,1,1410
R00270,2025-06-11,Old Town,Apartment,3,4,129.0,0,1,1,1969.0,0.64,1,3940
R02314,2025-06-11,Southpark,Townhouse,3,4,119.0,0,0,0,1990.0,1.17,1,1430
R02307,2025-06-11,Riverside,Detached house,4,4,206.0,0,0,1,2019.0,0.61,0,4450
R00614,2025-06-11,Riverside,Apartment,2,1,96.0,0,0,2,1953.0,0.07,0,2150
R02086,2025-06-12,Westfield,Apartment,2,3,86.0,0,1,2,1962.0,0.86,0,1370
R01899,2025-06-12,Northgate,Studio,0,2,29.0,1,1,0,1972.0,1.02,0,510
R02220,2025-06-12,Harbourfront,Apartment,2,2,84.0,0,0,0,2006.0,0.38,0,2820
R01711,2025-06-12,Riverside,Apartment,3,3,138.0,0,0,1,1996.0,0.88,1,2560
R00417,2025-06-12,Midtown,Detached house,5,5,247.0,0,0,2,2011.0,0.15,0,8850
R02247,2025-06-13,Riverside,Studio,0,2,27.0,0,0,1,1989.0,0.19,0,650
R02485,2025-06-13,Midtown,Apartment,2,1,67.0,0,1,2,1963.0,1.22,1,2210
R01061,2025-06-13,Eastside,Apartment,3,3,129.0,0,1,0,2010.0,0.08,1,2150
R01167,2025-06-13,Northgate,Detached house,4,5,173.0,0,0,2,2003.0,0.11,0,3720
R02421,2025-06-13,Westfield,Detached house,3,2,193.0,0,0,1,2014.0,0.14,1,3730
R02218,2025-06-13,Hillcrest,Studio,0,1,32.0,0,1,0,2015.0,0.11,0,710
R00107,2025-06-13,Eastside,Apartment,3,2,122.0,0,1,2,2000.0,0.07,0,2180
R01775,2025-06-13,University District,Townhouse,2,1,61.0,0,1,2,2008.0,0.53,0,1410
R02372,2025-06-13,Riverside,Studio,0,1,28.0,1,1,0,1983.0,0.16,1,920
R00791,2025-06-13,Northgate,Apartment,2,2,88.0,0,0,2,2022.0,1.07,1,1990
R00412,2025-06-13,Northgate,Apartment,3,3,,0,1,2,1957.0,0.83,0,1610
R01047,2025-06-13,Riverside,Apartment,2,2,79.0,0,1,0,1977.0,0.34,0,2060
R01756,2025-06-13,Midtown,Apartment,2,2,82.0,1,1,2,1990.0,0.77,1,2540
R00307,2025-06-14,Northgate,Detached house,3,3,159.0,0,0,1,1971.0,0.83,0,2990
R01183,2025-06-14,Lakeview,Townhouse,3,2,89.0,0,0,2,1970.0,0.78,0,2150
R01362,2025-06-14,Eastside,1-bed apartment,1,2,60.0,0,1,0,1977.0,1.85,0,820
R01450,2025-06-14,University District,1-bed apartment,1,2,59.0,0,0,0,1965.0,1.32,0,1090
R00275,2025-06-15,Riverside,Townhouse,3,3,143.0,0,0,1,1997.0,1.15,1,3140
R02008,2025-06-15,Westfield,Apartment,2,2,77.0,0,1,0,1957.0,0.27,1,1340
R00241,2025-06-15,Old Town,Townhouse,3,3,106.0,0,1,1,1997.0,2.07,0,2890
R00820,2025-06-15,Midtown,Apartment,3,3,97.0,0,1,1,1991.0,0.26,0,2480
R00649,2025-06-15,University District,Apartment,2,3,91.0,1,0,0,2013.0,0.54,0,1950
R01042,2025-06-15,University District,Detached house,5,5,219.0,0,0,2,1973.0,1.54,0,3850
R01158,2025-06-16,Hillcrest,Townhouse,2,2,64.0,0,0,1,1998.0,0.63,0,1400
R01031,2025-06-16,Hillcrest,Townhouse,4,4,162.0,1,1,1,2023.0,0.31,1,4030
R00598,2025-06-16,Lakeview,1-bed apartment,1,1,49.0,1,0,1,1988.0,0.07,1,1620
R02235,2025-06-16,Midtown,Apartment,2,2,91.0,1,0,2,2022.0,0.54,1,3830
R01180,2025-06-16,Northgate,1-bed apartment,1,1,52.0,1,0,0,2007.0,0.54,0,1100
R00156,2025-06-16,Northgate,Apartment,2,2,108.0,0,0,1,2013.0,0.98,0,2020
R01158,2025-06-16,Hillcrest,Townhouse,2,2,64.0,0,0,1,1998.0,0.63,0,1400
R02187,2025-06-16,Airport Fringe,Apartment,2,2,83.0,1,0,1,2006.0,0.67,1,1040
R01275,2025-06-16,Airport Fringe,Apartment,2,1,101.0,1,0,0,1968.0,0.42,0,1470
R01105,2025-06-16,Riverside,1-bed apartment,1,2,45.0,0,0,0,2013.0,0.14,0,1560
R01349,2025-06-16,Eastside,Apartment,3,3,139.0,1,0,2,1971.0,2.04,0,2230
R01235,2025-06-17,University District,Apartment,2,2,98.0,0,0,1,2006.0,0.55,1,2210
R01807,2025-06-17,Southpark,Studio,0,1,31.0,0,0,1,2006.0,0.51,0,550
R01351,2025-06-17,Eastside,1-bed apartment,1,1,48.0,1,0,1,1994.0,0.15,1,880
R01407,2025-06-17,Midtown,Studio,0,2,29.0,0,0,0,1968.0,0.15,0,700
R02043,2025-06-17,Westfield,Apartment,2,1,83.0,1,0,1,2008.0,0.25,0,1760
R01499,2025-06-17,Northgate,Detached house,3,4,164.0,0,0,0,1997.0,0.09,1,2850
R00197,2025-06-17,University District,Townhouse,2,1,74.0,0,0,0,1996.0,0.93,0,1470
R00161,2025-06-17,Midtown,Apartment,2,2,70.0,0,0,1,1992.0,2.03,1,1920
R00262,2025-06-17,Westfield,Apartment,3,3,117.0,1,0,2,2009.0,0.88,0,2370
R01867,2025-06-17,Midtown,Townhouse,3,3,123.0,0,0,2,1970.0,1.24,0,3300
R02140,2025-06-17,Southpark,Apartment,2,1,104.0,0,0,0,1986.0,0.31,0,1540
R01763,2025-06-17,Midtown,1-bed apartment,1,1,41.0,0,1,0,,0.9,1,1170
R01568,2025-06-18,Hillcrest,Detached house,3,3,168.0,0,0,1,1979.0,2.1,0,2760
R01068,2025-06-18,Airport Fringe,1-bed apartment,1,1,51.0,0,0,0,1992.0,1.36,1,450
R00668,2025-06-18,Eastside,Townhouse,4,5,151.0,1,1,0,1998.0,0.59,0,2120
R01224,2025-06-18,Southpark,Detached house,3,3,181.0,0,0,1,2003.0,1.03,1,2390
R01115,2025-06-18,Westfield,Apartment,3,3,108.0,1,0,0,1964.0,0.77,0,2240
R00606,2025-06-18,Southpark,1-bed apartment,1,1,44.0,0,0,0,1970.0,0.46,1,690
R00705,2025-06-18,University District,Apartment,2,2,66.0,0,1,1,1987.0,0.08,0,1220
R01568,2025-06-18,Hillcrest,Detached house,3,3,168.0,0,0,1,1979.0,2.1,0,2760
R02389,2025-06-19,Hillcrest,Apartment,3,3,109.0,0,0,2,1967.0,0.69,0,2900
R01477,2025-06-19,Westfield,Apartment,2,2,87.0,0,1,1,2019.0,0.68,0,1780
R01436,2025-06-19,Northgate,Townhouse,2,2,80.0,1,0,1,1979.0,0.37,1,1420
R01403,2025-06-19,Southpark,Townhouse,2,1,95.0,0,0,2,1953.0,1.55,1,920
R01611,2025-06-19,Hillcrest,1-bed apartment,1,1,57.0,0,1,0,2011.0,0.58,0,1170
R01329,2025-06-19,Hillcrest,1-bed apartment,1,2,51.0,0,0,1,2020.0,0.35,0,1260
R02320,2025-06-19,Riverside,Apartment,3,3,98.0,1,0,2,1973.0,0.61,0,2980
R01666,2025-06-20,Riverside,1-bed apartment,1,1,41.0,0,1,0,2022.0,0.55,1,1110
R01730,2025-06-20,Southpark,Apartment,2,3,63.0,0,0,1,1958.0,1.59,0,910
R00522,2025-06-20,Westfield,Apartment,2,2,89.0,0,0,2,1954.0,0.08,1,1470
R01058,2025-06-20,Eastside,Apartment,2,2,88.0,0,1,2,1993.0,0.29,0,1420
R00624,2025-06-20,Hillcrest,Apartment,3,4,125.0,0,1,1,1982.0,0.79,0,2960
R01598,2025-06-20,Riverside,Studio,0,1,36.0,1,0,0,1951.0,1.8,0,780
R02446,2025-06-20,Southpark,Apartment,3,4,119.0,1,1,1,1955.0,0.14,0,1680
R01862,2025-06-20,Southpark,Apartment,2,2,54.0,0,0,1,1983.0,1.16,0,720
R02118,2025-06-20,Northgate,Apartment,2,3,91.0,1,0,0,2023.0,0.2,0,2580
R01051,2025-06-20,Northgate,Studio,0,2,30.0,0,0,0,1957.0,0.3,0,490
R00739,2025-06-21,Hillcrest,Studio,0,1,35.0,0,1,0,1965.0,0.73,0,770
R00422,2025-06-21,Lakeview,Detached house,4,5,204.0,1,0,1,1979.0,0.74,0,4920
R01009,2025-06-21,Midtown,Apartment,3,4,106.0,1,1,2,1954.0,0.08,1,3690
R01638,2025-06-21,University District,Apartment,3,3,132.0,1,0,1,1995.0,0.98,1,3170
R00311,2025-06-21,Westfield,Apartment,2,2,90.0,0,1,2,2023.0,1.48,0,1760
R01164,2025-06-21,Southpark,Studio,0,1,31.0,0,0,1,1980.0,0.78,0,370
R02351,2025-06-21,Midtown,1-bed apartment,1,2,30.0,0,1,0,1960.0,0.05,1,1040
R01724,2025-06-22,Northgate,Townhouse,3,4,114.0,0,0,0,1978.0,0.22,1,2010
R00850,2025-06-22,Old Town,Studio,0,2,,0,1,0,1987.0,0.55,0,1050
R01817,2025-06-22,Old Town,Townhouse,3,4,131.0,0,0,1,,0.29,0,3040
R01289,2025-06-22,Midtown,Studio,0,1,26.0,0,0,0,1953.0,0.37,0,770
R01988,2025-06-23,Airport Fringe,Apartment,2,1,95.0,1,0,1,2000.0,0.29,0,1410
R01694,2025-06-23,Midtown,Apartment,3,3,99.0,0,1,2,2000.0,1.79,1,2440
R01803,2025-06-23,Lakeview,Apartment,2,1,62.0,0,0,0,1967.0,1.08,0,1470
R00399,2025-06-23,Old Town,Townhouse,4,3,154.0,0,0,0,1957.0,1.93,0,4550
R00409,2025-06-23,Westfield,Studio,0,2,39.0,0,0,0,1951.0,0.55,0,570
R01219,2025-06-23,Southpark,Apartment,2,2,101.0,0,1,2,1988.0,0.37,1,1450
R02331,2025-06-23,Northgate,1-bed apartment,1,1,57.0,0,1,1,1968.0,1.04,1,1120
R00933,2025-06-23,Harbourfront,1-bed apartment,1,1,55.0,1,1,0,1965.0,0.72,0,2550
R02019,2025-06-23,Harbourfront,Apartment,2,1,78.0,0,0,1,2000.0,1.31,0,2320
R01187,2025-06-23,Hillcrest,Townhouse,3,4,132.0,1,1,1,1962.0,1.37,1,2260
R01579,2025-06-23,Lakeview,1-bed apartment,1,1,42.0,0,0,0,1966.0,0.05,0,990
R00128,2025-06-23,Old Town,Detached house,3,2,149.0,1,1,1,1993.0,1.32,0,4500
R00973,2025-06-23,Eastside,Apartment,3,3,107.0,0,1,1,1952.0,2.29,0,1070
R00438,2025-06-24,Old Town,Apartment,3,4,122.0,1,0,1,1988.0,0.25,1,4210
R01975,2025-06-24,Westfield,Apartment,3,3,129.0,0,0,2,1984.0,0.8,1,2480
R01937,2025-06-24,University District,Apartment,2,1,73.0,0,0,1,1975.0,0.39,1,1360
R00737,2025-06-24,Eastside,1-bed apartment,1,1,40.0,0,0,1,1976.0,0.72,0,740
R01639,2025-06-24,Airport Fringe,Apartment,2,3,93.0,1,0,1,1972.0,0.6,0,1140
R01322,2025-06-25,Westfield,1-bed apartment,1,1,40.0,0,1,1,1966.0,1.26,0,720
R01872,2025-06-25,Airport Fringe,Apartment,2,2,67.0,0,0,2,2002.0,0.51,0,860
R02236,2025-06-26,University District,Apartment,3,4,118.0,0,0,2,2018.0,0.48,0,2500
R01182,2025-06-26,Northgate,1-bed apartment,1,1,58.0,1,0,1,2004.0,0.11,1,1290
R01964,2025-06-26,Airport Fringe,Studio,0,1,34.0,1,1,1,1977.0,1.01,0,590
R02096,2025-06-26,Hillcrest,Detached house,3,3,181.0,0,0,1,1978.0,0.61,1,3420
R02263,2025-06-26,Lakeview,Studio,0,2,35.0,0,0,0,2016.0,0.66,1,970
R01779,2025-06-26,Westfield,1-bed apartment,1,1,47.0,1,0,0,2015.0,1.31,1,960
R02343,2025-06-26,University District,Apartment,2,3,92.0,0,0,2,2003.0,0.05,0,2060
R00457,2025-06-26,Harbourfront,Apartment,2,2,82.0,0,0,1,1982.0,1.01,1,2710
R02416,2025-06-26,Harbourfront,Apartment,2,1,99.0,1,0,1,1978.0,1.49,0,3710
R00003,2025-06-26,Hillcrest,Apartment,3,3,110.0,0,0,0,1977.0,1.08,0,2640
R00799,2025-06-26,Old Town,Apartment,2,2,91.0,0,1,2,1971.0,0.09,1,3490
R00157,2025-06-27,University District,Detached house,4,3,215.0,0,0,2,1980.0,0.6,1,3970
R01732,2025-06-27,Northgate,Apartment,2,2,79.0,0,1,0,1995.0,0.5,0,1880
R02080,2025-06-27,Westfield,Apartment,3,2,144.0,0,0,0,1987.0,1.07,0,2300
R00120,2025-06-27,Eastside,Studio,0,1,47.0,0,1,1,1983.0,0.16,0,850
R00766,2025-06-27,Airport Fringe,Townhouse,2,2,105.0,0,0,0,2019.0,0.92,0,1430
R00069,2025-06-27,Eastside,Apartment,2,2,83.0,0,0,1,1993.0,0.15,0,1030
R01882,2025-06-27,Eastside,Townhouse,4,5,139.0,0,0,0,1950.0,0.86,0,2010
R01848,2025-06-27,Riverside,Studio,0,2,29.0,1,1,1,1977.0,0.25,0,890
R00596,2025-06-27,Old Town,Studio,0,2,29.0,0,0,0,1978.0,1.66,1,810
R00448,2025-06-27,University District,Apartment,3,2,116.0,0,1,1,2024.0,0.61,0,3050
R01627,2025-06-27,Old Town,Studio,0,1,36.0,0,0,1,1953.0,0.33,0,1220
R00885,2025-06-28,Old Town,1-bed apartment,1,1,50.0,0,0,1,1962.0,0.58,1,1440
R00894,2025-06-28,Old Town,1-bed apartment,1,1,50.0,0,1,0,1983.0,0.55,1,1540
R01544,2025-06-28,Old Town,Townhouse,2,2,78.0,0,1,2,2000.0,0.24,1,2170
R01294,2025-06-28,Eastside,1-bed apartment,1,1,54.0,0,0,0,1999.0,2.08,1,850
R00100,2025-06-28,Riverside,Apartment,3,3,114.0,0,1,0,1953.0,0.72,0,2790
R01901,2025-06-28,Hillcrest,Studio,0,1,38.0,0,1,0,2003.0,0.46,1,850
R00818,2025-06-29,Riverside,Apartment,2,2,92.0,0,0,1,1960.0,0.05,1,2340
R01645,2025-06-29,Southpark,Apartment,2,2,94.0,1,0,0,1956.0,0.38,0,1430
R01522,2025-06-29,Midtown,Studio,0,1,35.0,0,0,0,2017.0,0.62,0,1070
R01662,2025-06-29,Lakeview,Apartment,3,4,102.0,0,0,2,1967.0,0.12,1,2510
R01976,2025-06-29,Southpark,Apartment,2,1,94.0,1,1,1,1951.0,1.05,0,1390
R01119,2025-06-29,Riverside,Townhouse,3,2,,0,1,2,2019.0,0.76,1,2870
R02127,2025-06-29,Old Town,Apartment,2,2,77.0,1,0,1,1995.0,0.36,0,3020
R01818,2025-06-29,University District,1-bed apartment,1,1,49.0,0,0,1,1978.0,0.87,1,1160
R02185,2025-06-30,Hillcrest,Apartment,2,2,93.0,0,1,0,1953.0,0.11,1,1940
R01894,2025-06-30,Eastside,Apartment,2,2,94.0,0,0,1,,1.86,0,1740
R00754,2025-06-30,University District,Townhouse,3,3,113.0,1,0,2,1979.0,0.26,1,2680
R01345,2025-06-30,Midtown,Detached house,4,4,207.0,1,0,1,2016.0,1.01,0,6060
R00466,2025-06-30,Midtown,Apartment,2,2,,0,0,1,1974.0,0.91,0,1640
R01303,2025-06-30,Old Town,Apartment,2,1,115.0,0,0,2,2016.0,0.33,0,4340
R00020,2025-06-30,Northgate,Apartment,2,2,83.0,0,1,1,2018.0,3.04,0,1310
R02032,2025-06-30,Old Town,Townhouse,2,2,74.0,0,1,2,2008.0,0.29,0,1920
R02404,2025-06-30,Hillcrest,Townhouse,4,5,151.0,0,0,1,1981.0,1.48,1,2760
R02345,2025-06-30,Riverside,Apartment,2,2,86.0,0,1,2,1983.0,0.91,0,1910
R01249,2025-06-30,Hillcrest,Apartment,2,2,77.0,0,0,1,1976.0,0.64,0,1790
R02071,2025-07-01,Northgate,1-bed apartment,1,1,58.0,0,0,0,2008.0,0.28,1,1020
R02197,2025-07-01,Southpark,Studio,0,1,28.0,1,0,1,2012.0,0.92,0,490
R00304,2025-07-01,Southpark,Townhouse,3,4,108.0,0,1,0,2011.0,1.47,0,1630
R01327,2025-07-01,Westfield,Apartment,3,2,135.0,0,0,1,2014.0,0.64,0,3450
R01114,2025-07-01,Harbourfront,1-bed apartment,1,2,44.0,1,0,0,1967.0,1.74,1,1230
R01933,2025-07-02,Northgate,1-bed apartment,1,1,53.0,0,0,0,1964.0,0.3,0,840
R02395,2025-07-02,Midtown,Detached house,5,4,224.0,1,0,2,2003.0,0.58,0,5930
R00017,2025-07-02,Southpark,Apartment,2,3,69.0,0,0,2,1966.0,0.05,0,930
R00023,2025-07-02,Airport Fringe,Apartment,2,2,103.0,0,0,0,1982.0,0.9,0,1030
R01766,2025-07-02,Hillcrest,Studio,0,2,30.0,0,0,1,1978.0,0.9,0,620
R00290,2025-07-02,Northgate,Apartment,2,2,77.0,0,0,1,2000.0,0.66,0,1760
R00761,2025-07-02,Old Town,Detached house,3,3,168.0,0,0,1,2000.0,1.27,0,4190
R00938,2025-07-02,Hillcrest,Detached house,3,2,172.0,0,0,1,2014.0,0.79,0,4360
R02241,2025-07-02,Southpark,Townhouse,3,4,122.0,0,0,1,1960.0,0.53,0,1910
R00514,2025-07-03,Lakeview,Studio,0,2,28.0,1,0,0,2003.0,2.06,0,660
R00384,2025-07-03,Southpark,Townhouse,3,3,107.0,0,0,1,1977.0,0.96,1,1490
R01395,2025-07-03,Northgate,Apartment,2,1,61.0,0,1,1,2005.0,0.7,1,1570
R00635,2025-07-03,University District,Detached house,4,4,206.0,1,0,1,1978.0,0.22,0,4060
R00514,2025-07-03,Lakeview,Studio,0,2,28.0,1,0,0,2003.0,2.06,0,660
R00725,2025-07-03,Northgate,Apartment,2,1,80.0,1,0,2,1998.0,1.39,1,1630
R01162,2025-07-03,Northgate,Detached house,3,4,172.0,1,0,0,2000.0,0.22,0,3450
R01858,2025-07-03,Westfield,Apartment,2,3,94.0,0,0,1,1987.0,0.71,1,1400
R00277,2025-07-03,Lakeview,Detached house,4,4,191.0,0,0,0,1950.0,2.39,0,4500
R02403,2025-07-03,Eastside,Apartment,2,1,65.0,0,1,0,2001.0,0.84,0,1060
R00371,2025-07-03,Northgate,Townhouse,3,3,119.0,0,1,1,1975.0,0.15,0,1500
R00247,2025-07-03,Airport Fringe,1-bed apartment,1,1,,0,0,0,2005.0,1.46,0,490
R01981,2025-07-03,Riverside,1-bed apartment,1,2,48.0,0,0,0,1978.0,0.23,0,870
R01369,2025-07-03,Airport Fringe,Studio,0,1,25.0,0,0,1,1968.0,0.68,0,380
R01737,2025-07-03,Southpark,1-bed apartment,1,1,47.0,0,0,0,2006.0,1.45,1,710
R01705,2025-07-03,Hillcrest,1-bed apartment,1,2,58.0,1,1,0,1997.0,0.85,1,1580
R01526,2025-07-03,Midtown,Apartment,2,3,94.0,1,0,2,1988.0,0.47,1,3920
R00703,2025-07-04,Riverside,Apartment,2,1,86.0,0,0,1,1968.0,0.6,0,2080
R00729,2025-07-04,Old Town,Studio,0,1,31.0,0,0,1,2010.0,0.11,1,880
R00660,2025-07-04,University District,Townhouse,2,3,95.0,0,0,0,2023.0,0.55,0,2170
R01986,2025-07-04,Harbourfront,Studio,0,1,26.0,0,0,0,2015.0,1.45,0,960
R02201,2025-07-04,Eastside,Apartment,3,3,79.0,0,0,2,1956.0,0.47,0,1290
R01123,2025-07-04,Midtown,Apartment,2,3,77.0,1,0,2,1957.0,0.44,0,2210
R00382,2025-07-04,Midtown,Studio,0,2,33.0,1,0,0,1950.0,2.26,0,1180
R01747,2025-07-04,Midtown,Studio,0,1,37.0,0,0,0,2000.0,0.71,0,1040
R02484,2025-07-05,Midtown,Apartment,2,2,124.0,1,1,0,1987.0,1.43,1,3930
R00639,2025-07-05,Northgate,Apartment,2,1,59.0,0,1,2,1965.0,0.79,0,1110
R00032,2025-07-05,Southpark,1-bed apartment,1,2,48.0,0,0,0,2011.0,0.93,0,860
R00153,2025-07-05,Midtown,Studio,0,1,38.0,0,0,1,1960.0,0.46,0,990
R00333,2025-07-05,Northgate,1-bed apartment,1,1,48.0,0,0,0,1996.0,0.99,0,630
R00352,2025-07-05,Old Town,Townhouse,3,2,125.0,0,1,1,1966.0,0.26,0,2950
R01416,2025-07-05,Midtown,Studio,0,1,38.0,1,0,1,1963.0,0.64,0,1330
R01921,2025-07-05,Southpark,Apartment,3,2,133.0,1,0,1,1955.0,0.35,0,1920
R00296,2025-07-05,Midtown,Townhouse,3,2,122.0,0,0,1,2012.0,0.55,0,3780
R01696,2025-07-05,Midtown,Studio,0,2,44.0,0,0,0,2016.0,0.5,1,1190
R00979,2025-07-05,Hillcrest,Detached house,3,4,183.0,0,0,1,2009.0,0.93,1,4080
R02292,2025-07-05,Southpark,Townhouse,2,2,99.0,0,1,0,2012.0,1.67,0,1400
R02279,2025-07-06,Riverside,1-bed apartment,1,1,47.0,0,0,0,1998.0,0.13,0,1210
R00105,2025-07-06,Harbourfront,Apartment,3,2,85.0,0,1,0,1991.0,0.17,0,3180
R00780,2025-07-06,Old Town,1-bed apartment,1,2,57.0,0,0,0,2000.0,0.63,0,2050
R00271,2025-07-06,University District,Detached house,3,3,171.0,0,0,2,1995.0,1.7,1,3690
R00490,2025-07-06,Northgate,Detached house,5,5,,0,0,2,1995.0,1.09,0,3460
R02487,2025-07-06,Lakeview,1-bed apartment,1,1,59.0,0,0,1,1976.0,1.37,0,1520
R01005,2025-07-06,Southpark,1-bed apartment,1,1,40.0,1,1,0,2007.0,1.1,0,680
R01571,2025-07-06,Lakeview,Townhouse,2,1,86.0,1,1,1,1992.0,0.18,0,2650
R02412,2025-07-06,University District,Apartment,3,3,115.0,0,1,1,1954.0,0.82,0,2210
R01956,2025-07-06,Midtown,Apartment,2,1,106.0,1,1,1,1962.0,0.85,1,3100
R01199,2025-07-07,Southpark,Apartment,2,1,88.0,0,0,1,1991.0,0.47,0,1230
R00031,2025-07-07,Southpark,Studio,0,2,,0,1,0,2012.0,0.47,1,650
R02225,2025-07-07,Riverside,Studio,0,1,41.0,0,0,0,1975.0,0.85,0,840
R01037,2025-07-07,Eastside,Apartment,2,1,95.0,1,1,2,1958.0,0.38,1,1770
R00689,2025-07-07,Midtown,Apartment,3,3,,1,0,1,2009.0,0.87,1,3830
R01656,2025-07-07,Southpark,Apartment,2,3,80.0,1,1,2,1975.0,0.59,1,1380
R00232,2025-07-08,Northgate,Apartment,2,3,68.0,0,0,0,,0.42,1,1300
R01040,2025-07-08,Lakeview,Townhouse,3,4,81.0,1,1,1,1955.0,2.78,0,1760
R02245,2025-07-08,Harbourfront,Apartment,2,2,87.0,0,0,1,1962.0,0.22,0,2460
R02180,2025-07-08,Midtown,Apartment,3,2,132.0,0,0,0,2019.0,1.89,0,3920
R02371,2025-07-08,Northgate,1-bed apartment,1,1,49.0,0,1,1,2020.0,0.28,0,910
R00550,2025-07-08,Midtown,Apartment,2,1,92.0,0,0,2,1990.0,0.25,0,3460
R00388,2025-07-09,Westfield,Townhouse,3,2,107.0,0,0,1,2016.0,0.22,0,2000
R01082,2025-07-09,Harbourfront,Detached house,5,6,263.0,0,0,1,1956.0,0.53,1,7290
R01931,2025-07-09,Hillcrest,Studio,0,1,39.0,0,0,0,1983.0,0.75,0,910
R00392,2025-07-09,Westfield,Townhouse,3,4,111.0,0,0,2,1960.0,0.54,1,2330
R00234,2025-07-09,Riverside,Townhouse,4,5,127.0,1,1,2,1961.0,1.59,1,2440
R00955,2025-07-10,Northgate,Apartment,3,3,129.0,1,0,0,1983.0,0.41,1,2860
R00912,2025-07-10,Airport Fringe,Studio,0,1,32.0,1,0,0,2020.0,1.05,1,380
R01280,2025-07-10,Old Town,Detached house,3,3,153.0,0,0,1,1954.0,0.71,1,4820
R00341,2025-07-10,Northgate,Apartment,3,4,134.0,1,0,1,,0.34,1,2910
R02217,2025-07-10,Airport Fringe,Detached house,5,4,242.0,0,0,1,2013.0,0.09,0,4480
R01409,2025-07-10,Harbourfront,Townhouse,2,3,85.0,0,0,2,1950.0,0.46,0,2500
R00637,2025-07-10,Riverside,Apartment,2,3,92.0,1,0,2,1975.0,0.52,0,2560
R02028,2025-07-10,Midtown,Detached house,4,4,182.0,0,0,2,1991.0,1.39,0,5190
R00303,2025-07-10,Eastside,Studio,0,1,,1,1,0,2012.0,1.27,1,450
R00526,2025-07-10,Riverside,Studio,0,1,27.0,0,0,0,2000.0,0.81,0,810
R02067,2025-07-10,Midtown,Apartment,3,2,121.0,0,0,1,2020.0,0.98,0,3580
R01555,2025-07-10,Lakeview,Apartment,3,2,115.0,0,1,1,2013.0,1.48,1,3020
R01820,2025-07-11,University District,Detached house,3,2,168.0,0,0,2,1996.0,0.5,0,3290
R01176,2025-07-11,Riverside,1-bed apartment,1,1,55.0,0,0,0,2001.0,0.17,0,1450
R00066,2025-07-11,Northgate,Apartment,2,2,66.0,1,1,0,2009.0,1.05,1,1280
R00944,2025-07-11,Harbourfront,Studio,0,2,31.0,0,1,1,2014.0,0.95,0,1150
R01269,2025-07-11,Southpark,Detached house,5,5,219.0,1,0,2,1963.0,0.58,0,3060
R02286,2025-07-11,Midtown,Townhouse,4,3,138.0,0,1,2,1951.0,0.37,1,4730
R02336,2025-07-11,University District,Detached house,3,3,168.0,0,0,2,2016.0,0.49,1,3190
R00170,2025-07-11,University District,Townhouse,2,1,95.0,0,1,1,1981.0,1.16,0,3000
R00395,2025-07-12,Midtown,Studio,0,1,41.0,0,1,1,1986.0,0.38,0,1170
R01888,2025-07-12,Old Town,Apartment,2,1,54.0,0,0,2,1977.0,1.95,0,1780
R00711,2025-07-12,Westfield,Apartment,3,2,105.0,0,1,2,,1.19,1,1400
R00459,2025-07-12,Old Town,Apartment,3,4,131.0,0,1,2,1990.0,1.68,1,3470
R00195,2025-07-13,Lakeview,1-bed apartment,1,2,47.0,1,1,0,2004.0,0.29,0,1470
R02276,2025-07-13,Midtown,Townhouse,2,2,77.0,1,0,2,1996.0,1.3,1,2010
R02198,2025-07-13,Old Town,Apartment,2,1,88.0,0,1,2,1958.0,2.05,0,2390
R00199,2025-07-13,Old Town,1-bed apartment,1,1,43.0,0,0,0,1982.0,1.32,0,1270
R01874,2025-07-13,Midtown,1-bed apartment,1,1,38.0,0,1,0,1975.0,1.08,1,1080
R00778,2025-07-13,Lakeview,Apartment,2,2,98.0,0,0,1,1990.0,2.1,1,2410
R01736,2025-07-13,Old Town,Detached house,3,2,156.0,0,0,2,1990.0,1.99,1,3580
R01302,2025-07-13,Riverside,Townhouse,4,5,136.0,1,1,0,1989.0,0.65,0,3920
R00227,2025-07-14,Eastside,Studio,0,1,32.0,0,0,1,1973.0,0.19,1,460
R01017,2025-07-14,Riverside,Studio,0,1,25.0,0,1,1,1983.0,1.24,1,790
R00086,2025-07-14,Riverside,1-bed apartment,1,1,51.0,0,0,0,2008.0,1.04,0,1070
R02211,2025-07-14,Westfield,Detached house,4,4,212.0,0,0,1,1963.0,1.14,0,3430
R01719,2025-07-14,University District,Townhouse,3,3,113.0,1,0,0,2000.0,0.43,0,2470
R01332,2025-07-14,Riverside,1-bed apartment,1,1,48.0,1,0,0,1987.0,1.0,1,1110
R01577,2025-07-14,Midtown,Apartment,3,4,115.0,0,1,2,1958.0,0.94,1,3900
R01181,2025-07-14,Northgate,Detached house,3,3,194.0,1,0,1,2023.0,0.17,1,4590
R02125,2025-07-15,Southpark,Apartment,2,2,87.0,1,0,0,2014.0,0.16,0,1650
R02078,2025-07-15,Northgate,Apartment,2,3,86.0,0,0,1,1975.0,1.12,1,1320
R02295,2025-07-15,Northgate,1-bed apartment,1,2,,1,0,0,1992.0,0.43,1,1460
R02332,2025-07-15,Midtown,Townhouse,4,4,146.0,0,0,1,1998.0,0.38,1,4300
R00826,2025-07-15,Westfield,Apartment,2,3,70.0,0,0,1,,0.5,1,930
R02407,2025-07-15,Riverside,Detached house,3,2,143.0,0,0,2,1991.0,1.48,1,3100
R01326,2025-07-15,Riverside,Townhouse,3,3,122.0,1,0,2,1964.0,0.83,0,3240
R01091,2025-07-15,Eastside,Apartment,2,3,68.0,1,0,1,1973.0,0.76,0,1070
R01671,2025-07-15,Eastside,Studio,0,2,37.0,0,1,0,1980.0,0.16,0,540
R01476,2025-07-16,Riverside,Apartment,2,2,105.0,0,0,0,1962.0,0.08,0,2680
R01039,2025-07-16,Old Town,Apartment,3,3,109.0,0,0,2,1966.0,0.05,0,3300
R01498,2025-07-16,Westfield,Apartment,2,2,94.0,0,1,1,2010.0,1.06,1,2070
R00990,2025-07-16,Harbourfront,Apartment,2,2,110.0,0,1,1,2009.0,0.29,0,4390
R00771,2025-07-16,University District,Detached house,4,4,220.0,0,0,1,2010.0,2.02,0,4120
R02499,2025-07-16,Eastside,1-bed apartment,1,1,62.0,0,1,1,1955.0,0.25,0,980
R00083,2025-07-16,Eastside,1-bed apartment,1,1,50.0,1,1,1,1955.0,0.77,0,890
R01773,2025-07-16,Eastside,Apartment,2,3,65.0,0,0,2,2022.0,1.47,1,980
R00166,2025-07-16,University District,Apartment,3,3,101.0,1,1,0,2001.0,0.63,0,2690
R01755,2025-07-17,Old Town,Apartment,3,3,117.0,0,1,1,2020.0,0.87,0,2630
R01518,2025-07-17,Old Town,1-bed apartment,1,1,46.0,0,1,0,1992.0,1.29,0,1430
R01770,2025-07-17,Northgate,Detached house,3,2,146.0,0,0,1,2017.0,0.93,0,2080
R02284,2025-07-17,Westfield,Apartment,2,3,90.0,1,0,2,,0.13,1,1530
R02255,2025-07-17,Midtown,Townhouse,2,2,101.0,0,0,1,2022.0,0.26,1,3530
R00005,2025-07-17,Westfield,Apartment,2,2,91.0,1,0,1,2008.0,0.48,0,2090
R01770,2025-07-17,Northgate,Detached house,3,2,146.0,0,0,1,2017.0,0.93,0,2080
R00184,2025-07-17,Westfield,Townhouse,3,4,116.0,0,0,1,1963.0,1.52,1,1490
R02414,2025-07-17,Southpark,Apartment,2,2,93.0,0,0,2,1951.0,0.23,1,1370
R01918,2025-07-18,Northgate,Townhouse,2,1,110.0,0,1,1,2010.0,0.37,0,2090
R00888,2025-07-18,Hillcrest,Apartment,2,3,76.0,0,1,1,2018.0,0.43,1,2210
R00716,2025-07-18,Harbourfront,Townhouse,3,3,144.0,0,0,1,1952.0,1.88,1,4600
R00473,2025-07-18,Airport Fringe,Studio,0,1,40.0,0,0,0,2011.0,0.89,1,610
R00365,2025-07-18,Harbourfront,1-bed apartment,1,1,44.0,0,0,0,1974.0,0.05,1,1260
R00676,2025-07-18,Lakeview,1-bed apartment,1,1,57.0,1,0,0,2021.0,1.0,0,1600
R01688,2025-07-18,Westfield,Studio,0,2,31.0,0,1,0,1986.0,0.42,0,610
R00892,2025-07-18,Hillcrest,Townhouse,2,2,59.0,0,1,2,2008.0,2.12,0,1410
R01272,2025-07-18,Southpark,Apartment,2,2,69.0,0,1,0,2006.0,0.48,0,1190
R00666,2025-07-18,Westfield,Studio,0,1,27.0,0,0,0,1981.0,0.94,0,450
R02253,2025-07-18,Eastside,Studio,0,1,30.0,0,1,1,2018.0,0.94,0,500
R00485,2025-07-19,Lakeview,1-bed apartment,1,1,51.0,1,1,0,1986.0,0.21,0,1630
R01804,2025-07-19,Old Town,Townhouse,4,4,120.0,0,1,1,1997.0,0.14,1,3300
R02334,2025-07-19,Westfield,Apartment,3,4,142.0,0,0,1,2024.0,0.66,0,2570
R01461,2025-07-19,Harbourfront,1-bed apartment,1,1,46.0,0,0,1,2019.0,0.31,1,1840
R00355,2025-07-19,Northgate,Detached house,5,5,253.0,1,0,1,1967.0,0.55,1,5190
R01491,2025-07-19,Westfield,Apartment,3,3,99.0,0,1,1,1985.0,0.39,0,2020
R01908,2025-07-19,Airport Fringe,Detached house,5,6,250.0,1,0,1,2015.0,0.42,1,3340
R00402,2025-07-19,Riverside,Townhouse,3,2,114.0,0,0,1,1988.0,1.02,0,3130
R00484,2025-07-20,Southpark,Apartment,2,2,106.0,0,1,1,1951.0,0.23,0,1470
R02027,2025-07-20,Old Town,Apartment,2,2,54.0,1,1,2,2020.0,0.33,1,1980
R00789,2025-07-20,Old Town,Townhouse,3,4,112.0,0,1,1,1960.0,0.71,0,3760
R01503,2025-07-20,Lakeview,Detached house,3,3,165.0,1,0,1,1966.0,0.19,1,4960
R02154,2025-07-20,Northgate,Apartment,3,4,115.0,0,0,0,1971.0,0.85,0,1980
R01229,2025-07-20,Lakeview,Detached house,4,5,,0,0,0,1989.0,0.12,0,4420
R00886,2025-07-20,Airport Fringe,Apartment,3,2,114.0,0,1,1,1950.0,1.45,0,1360
R01248,2025-07-20,Midtown,Apartment,3,3,102.0,0,0,2,2004.0,1.34,0,2500
R00642,2025-07-21,Harbourfront,Studio,0,1,35.0,0,0,0,2000.0,2.97,0,1160
R01610,2025-07-21,Southpark,1-bed apartment,1,1,60.0,0,1,0,2005.0,0.63,0,1090
R00269,2025-07-21,Riverside,Apartment,2,3,97.0,0,0,0,1964.0,0.26,0,2350
R01088,2025-07-21,Westfield,1-bed apartment,1,1,35.0,1,1,0,2021.0,1.77,0,610
R00701,2025-07-21,Lakeview,1-bed apartment,1,1,50.0,1,1,0,1970.0,1.45,1,1370
R00629,2025-07-21,Eastside,Apartment,2,2,73.0,0,0,1,,0.51,0,1070
R00682,2025-07-22,Midtown,Apartment,3,3,113.0,0,1,1,1976.0,0.29,0,3680
R02496,2025-07-22,Riverside,Studio,0,2,35.0,0,1,0,1992.0,2.69,1,730
R02473,2025-07-22,University District,1-bed apartment,1,1,51.0,0,0,0,1993.0,0.98,1,910
R00667,2025-07-22,Lakeview,Apartment,2,3,64.0,1,0,1,1982.0,0.78,1,1570
R01405,2025-07-22,Lakeview,Apartment,3,2,,1,0,0,1968.0,0.38,0,2800
R00145,2025-07-22,Eastside,Studio,0,1,32.0,1,0,1,1963.0,0.39,1,530
R00135,2025-07-22,Hillcrest,Detached house,3,4,153.0,1,0,2,1978.0,0.1,0,5560
R02461,2025-07-22,Southpark,Apartment,3,4,104.0,0,0,0,1987.0,0.2,0,1700
R00672,2025-07-22,Airport Fringe,Townhouse,4,3,151.0,0,1,2,2021.0,0.63,1,2390
R01110,2025-07-22,Riverside,1-bed apartment,1,2,46.0,1,1,0,1990.0,1.8,1,1060
R01485,2025-07-22,Hillcrest,Townhouse,3,3,,1,1,1,2014.0,0.23,0,2370
R02406,2025-07-22,Northgate,Studio,0,1,38.0,0,0,0,1969.0,2.85,0,650
R00686,2025-07-23,Midtown,Townhouse,2,2,86.0,0,0,1,1972.0,0.23,0,2150
R01398,2025-07-23,Midtown,Detached house,4,4,183.0,0,0,1,1960.0,1.41,1,4030
R01813,2025-07-23,Riverside,1-bed apartment,1,1,55.0,0,0,0,1968.0,1.86,0,1030
R00434,2025-07-23,Riverside,Studio,0,1,36.0,0,1,0,1977.0,0.5,0,1010
R00194,2025-07-23,Hillcrest,1-bed apartment,1,1,45.0,0,0,1,1959.0,0.2,1,1020
R00196,2025-07-23,University District,Apartment,2,3,97.0,0,0,0,1992.0,0.32,1,1980
R00872,2025-07-23,Southpark,Apartment,2,3,64.0,0,1,2,1954.0,0.43,0,890
R01596,2025-07-23,Old Town,Townhouse,3,2,104.0,0,1,2,1950.0,0.08,0,3650
R00397,2025-07-23,Harbourfront,Apartment,3,4,118.0,1,0,1,1963.0,0.95,0,4870
R02183,2025-07-23,Midtown,1-bed apartment,1,1,53.0,1,0,1,2008.0,0.71,0,1910
R00279,2025-07-23,Midtown,Studio,0,1,34.0,1,0,0,1965.0,0.58,1,920
R02087,2025-07-23,Airport Fringe,Apartment,3,3,139.0,0,0,2,1973.0,0.1,1,2060
R00677,2025-07-24,Old Town,Apartment,3,4,123.0,0,1,0,1983.0,0.09,1,3670
R00121,2025-07-24,Hillcrest,1-bed apartment,1,1,47.0,0,1,1,1980.0,0.91,0,1050
R00011,2025-07-24,University District,1-bed apartment,1,2,53.0,1,0,0,2007.0,1.75,0,920
R01175,2025-07-24,Northgate,Townhouse,3,3,104.0,0,0,2,1965.0,0.3,1,1680
R00489,2025-07-24,Northgate,Apartment,3,3,123.0,0,1,2,1976.0,1.44,0,2400
R00359,2025-07-24,Midtown,Apartment,2,3,67.0,0,1,1,1977.0,0.35,1,1920
R00870,2025-07-25,Harbourfront,Apartment,2,2,69.0,0,0,1,1952.0,0.57,1,2600
R01983,2025-07-25,Northgate,Studio,0,1,35.0,1,0,1,1992.0,1.08,1,770
R01934,2025-07-25,University District,Studio,0,2,27.0,0,1,0,1951.0,0.93,1,540
R00263,2025-07-25,Southpark,Townhouse,4,3,141.0,1,0,2,2012.0,0.13,0,2970
R00416,2025-07-25,Harbourfront,1-bed apartment,1,1,44.0,0,0,0,2003.0,0.74,0,1490
R00116,2025-07-25,Airport Fringe,1-bed apartment,1,1,50.0,1,0,1,1974.0,0.06,0,590
R00085,2025-07-25,Midtown,1-bed apartment,1,2,57.0,1,1,0,1970.0,0.23,0,2020
R00831,2025-07-25,University District,Apartment,2,2,,1,0,2,2001.0,0.78,0,2060
R00253,2025-07-26,Old Town,Studio,0,1,28.0,0,0,0,1961.0,1.3,1,710
R00148,2025-07-26,Riverside,Apartment,2,3,55.0,0,0,1,2002.0,0.26,0,1370
R02213,2025-07-26,Midtown,Studio,0,1,37.0,1,0,0,1979.0,0.23,1,1000
R02270,2025-07-26,Northgate,Apartment,2,3,75.0,0,0,0,2019.0,0.74,0,1490
R01679,2025-07-26,Airport Fringe,Apartment,3,2,110.0,0,1,2,1999.0,2.61,0,1260
R01360,2025-07-26,Riverside,Apartment,2,2,101.0,0,0,0,2008.0,1.54,0,2360
R01188,2025-07-26,Riverside,Apartment,2,2,52.0,0,1,2,1975.0,1.94,1,1140
R02190,2025-07-26,Lakeview,Apartment,2,2,106.0,0,0,1,1976.0,2.05,0,2470
R00305,2025-07-27,University District,Apartment,3,3,,1,1,2,2006.0,0.37,1,2940
R00358,2025-07-27,Northgate,Townhouse,3,2,127.0,0,1,2,2012.0,0.8,1,2760
R01576,2025-07-27,Hillcrest,Apartment,2,1,103.0,0,0,2,1975.0,0.22,0,1920
R00455,2025-07-27,Southpark,Detached house,4,4,201.0,0,1,1,,0.92,1,2640
R01209,2025-07-27,Riverside,Townhouse,2,3,107.0,0,1,1,1980.0,1.39,1,2350
R00556,2025-07-27,Westfield,Studio,0,1,26.0,1,0,0,1963.0,1.06,0,560
R02069,2025-07-27,Old Town,Townhouse,4,3,139.0,0,1,2,2009.0,0.84,0,3890
R00798,2025-07-28,Southpark,Studio,0,1,38.0,0,0,0,1955.0,0.85,0,520
R02003,2025-07-28,Northgate,Studio,0,1,31.0,0,1,1,1950.0,1.51,1,470
R00209,2025-07-28,Northgate,Studio,0,2,34.0,0,1,0,1960.0,0.89,1,470
R00125,2025-07-28,Hillcrest,Detached house,5,5,225.0,0,0,1,,0.45,0,5930
R00625,2025-07-28,Northgate,Townhouse,3,2,121.0,1,1,1,1960.0,0.58,0,2330
R00542,2025-07-28,Hillcrest,1-bed apartment,1,1,47.0,0,0,1,1994.0,0.26,0,1070
R02483,2025-07-28,Old Town,Studio,0,1,28.0,0,1,0,1969.0,0.38,0,740
R01252,2025-07-28,Lakeview,1-bed apartment,1,2,60.0,0,1,0,1985.0,2.67,1,1080
R00420,2025-07-29,Eastside,Apartment,2,1,79.0,0,1,2,1994.0,0.73,1,1300
R00021,2025-07-29,Riverside,1-bed apartment,1,1,40.0,0,0,1,2018.0,0.71,1,1420
R01721,2025-07-29,Midtown,1-bed apartment,1,1,59.0,0,0,1,1996.0,0.33,0,2110
R01312,2025-07-29,University District,Studio,0,1,42.0,1,0,1,1971.0,0.34,0,990
R01328,2025-07-29,Southpark,Apartment,2,2,98.0,0,1,2,1977.0,1.27,1,1330
R02037,2025-07-29,University District,1-bed apartment,1,1,42.0,0,1,1,1997.0,0.13,0,970
R01439,2025-07-30,Westfield,Studio,0,2,34.0,1,0,1,2022.0,0.27,0,730
R02458,2025-07-30,Riverside,1-bed apartment,1,1,42.0,0,0,0,1963.0,0.26,1,950
R00214,2025-07-30,Westfield,Apartment,3,3,106.0,0,1,2,1993.0,0.45,0,1930
R01608,2025-07-30,Midtown,1-bed apartment,1,1,46.0,1,1,1,2001.0,1.85,0,1300
R02278,2025-07-30,Westfield,Apartment,2,1,,1,1,1,2022.0,1.08,1,1880
R02204,2025-07-30,Old Town,Apartment,2,2,95.0,0,0,1,2016.0,0.52,1,3320
R00613,2025-07-30,Westfield,Detached house,4,4,218.0,1,0,2,1999.0,0.38,0,4080
R01161,2025-07-30,Westfield,Apartment,3,3,121.0,0,0,0,2007.0,0.79,1,1780
R01664,2025-07-30,Airport Fringe,1-bed apartment,1,1,38.0,1,0,1,1984.0,0.81,0,770
R02150,2025-07-30,Northgate,Apartment,2,2,88.0,0,0,2,1965.0,1.77,0,1180
R01253,2025-07-30,Midtown,Studio,0,1,33.0,0,0,0,1963.0,0.46,0,900
R00062,2025-07-30,Northgate,Townhouse,4,4,143.0,0,0,2,1960.0,0.51,0,2510
R00919,2025-07-31,Midtown,Apartment,3,3,119.0,0,1,1,1956.0,1.02,0,3120
R01261,2025-07-31,Southpark,Studio,0,1,33.0,0,0,0,2007.0,0.62,0,440
R00481,2025-07-31,Lakeview,Apartment,3,4,96.0,1,0,1,1979.0,0.82,1,2560
R00853,2025-07-31,Eastside,Apartment,2,1,93.0,0,1,2,1968.0,0.53,1,1160
R02396,2025-07-31,Hillcrest,Apartment,2,1,102.0,0,1,1,1998.0,0.9,0,2510
R00191,2025-07-31,Riverside,Apartment,2,3,82.0,1,0,1,1999.0,2.33,0,1800
R00039,2025-07-31,Lakeview,Studio,0,2,41.0,0,1,0,1986.0,1.27,1,950
R01247,2025-07-31,Harbourfront,1-bed apartment,1,2,46.0,1,1,0,1975.0,0.38,0,2180
R00653,2025-07-31,Eastside,Apartment,3,3,112.0,0,1,1,2000.0,1.39,0,1740
R02497,2025-07-31,Northgate,Apartment,2,2,114.0,1,0,1,1983.0,0.14,1,2420
R00869,2025-08-01,Airport Fringe,1-bed apartment,1,1,49.0,1,0,0,1986.0,1.42,1,810
R00957,2025-08-01,Riverside,1-bed apartment,1,1,53.0,0,1,1,1954.0,0.96,0,1640
R01159,2025-08-01,Harbourfront,Detached house,3,4,180.0,1,1,1,1968.0,0.64,1,6620
R01686,2025-08-01,Hillcrest,Apartment,2,1,65.0,0,1,0,2009.0,0.24,1,1480
R02068,2025-08-01,Northgate,1-bed apartment,1,1,,0,0,0,1989.0,0.77,1,600
R00921,2025-08-01,Eastside,Townhouse,3,3,97.0,1,1,2,2001.0,0.63,0,2270
R00506,2025-08-01,Lakeview,1-bed apartment,1,2,52.0,0,0,1,2011.0,0.5,1,1610
R01676,2025-08-01,Riverside,1-bed apartment,1,2,40.0,0,0,0,2002.0,2.1,0,830
R00464,2025-08-01,Midtown,Apartment,2,2,87.0,0,0,2,1959.0,0.33,1,1890
R02114,2025-08-01,Westfield,Apartment,2,2,104.0,1,1,1,1964.0,0.59,0,1200
R02152,2025-08-01,Midtown,Apartment,3,4,101.0,0,0,2,1986.0,0.62,0,2570
R00960,2025-08-02,University District,Apartment,3,3,110.0,1,0,1,1962.0,0.98,0,2540
R02319,2025-08-02,Midtown,Studio,0,2,45.0,0,0,0,1999.0,0.39,1,1430
R00048,2025-08-02,Eastside,Apartment,2,3,76.0,1,0,1,1983.0,0.72,0,1560
R00574,2025-08-02,Midtown,Detached house,3,3,195.0,0,0,1,2008.0,0.42,1,5670
R00874,2025-08-02,Midtown,Apartment,2,2,87.0,0,0,1,1979.0,2.21,0,2530
R00558,2025-08-02,Southpark,Apartment,3,3,,0,0,2,2007.0,1.54,0,1410
R01055,2025-08-02,Southpark,Apartment,3,3,116.0,0,1,1,2011.0,1.1,1,1830
R00785,2025-08-02,Northgate,1-bed apartment,1,2,50.0,0,0,1,1952.0,0.26,0,1100
R02177,2025-08-02,Harbourfront,Detached house,3,3,156.0,0,0,2,1957.0,0.39,0,5270
R02034,2025-08-02,Eastside,Apartment,3,4,97.0,0,1,0,1998.0,0.43,0,1550
R02244,2025-08-03,Riverside,Studio,0,1,32.0,0,1,1,2023.0,0.06,0,990
R01704,2025-08-03,Eastside,Studio,0,1,33.0,0,1,1,2004.0,0.2,1,380
R00952,2025-08-03,Midtown,Apartment,2,2,87.0,1,1,1,2022.0,0.28,0,3100
R02174,2025-08-03,University District,Apartment,2,2,70.0,0,1,0,1985.0,0.28,0,1580
R02158,2025-08-03,Eastside,Studio,0,1,35.0,0,0,0,1987.0,0.18,1,470
R00113,2025-08-03,University District,Townhouse,3,3,113.0,0,0,1,1954.0,0.48,1,2540
R01234,2025-08-03,Northgate,Apartment,3,4,120.0,0,0,0,1952.0,1.55,0,2010
R00687,2025-08-03,Old Town,Townhouse,3,3,143.0,0,0,1,1983.0,0.57,1,3770
R02399,2025-08-03,Harbourfront,1-bed apartment,1,1,53.0,0,1,0,1955.0,1.42,0,1530
R00936,2025-08-03,Southpark,Apartment,2,2,103.0,0,0,1,2015.0,0.76,1,1450
R01471,2025-08-03,Harbourfront,Apartment,2,3,,0,1,1,1984.0,0.1,0,3060
R00347,2025-08-03,University District,Studio,0,1,27.0,1,1,0,2019.0,0.13,1,580
R02324,2025-08-03,Lakeview,Detached house,3,3,192.0,0,0,2,1997.0,0.45,0,5120
R02175,2025-08-03,Midtown,Apartment,3,3,121.0,1,0,1,1995.0,1.32,0,3390
R02166,2025-08-03,Midtown,Apartment,3,2,121.0,0,0,1,2020.0,1.5,1,2900
R02141,2025-08-04,University District,Apartment,2,2,62.0,0,0,1,2011.0,0.51,0,1520
R02437,2025-08-04,Northgate,Studio,0,1,29.0,1,1,1,2000.0,0.97,0,560
R01356,2025-08-04,Old Town,Studio,0,1,38.0,0,0,0,1955.0,0.3,0,1010
R00246,2025-08-04,Midtown,Studio,0,1,,1,0,1,1964.0,0.53,1,1120
R02471,2025-08-05,Eastside,1-bed apartment,1,1,64.0,0,1,0,1986.0,1.62,0,1000
R01015,2025-08-05,Old Town,Apartment,2,1,66.0,0,1,2,2004.0,2.57,0,2040
R01243,2025-08-05,University District,Apartment,3,4,105.0,1,1,1,2003.0,1.6,1,2400
R00344,2025-08-05,Hillcrest,Townhouse,2,3,,0,0,2,2007.0,0.56,1,1860
R00897,2025-08-05,Eastside,Apartment,3,2,126.0,0,0,1,1987.0,0.39,0,2050
R00423,2025-08-05,Riverside,Townhouse,3,2,112.0,1,0,2,1960.0,0.18,1,3510
R01788,2025-08-05,Southpark,Detached house,3,2,150.0,1,0,2,1993.0,0.99,0,2340
R01654,2025-08-05,Eastside,Townhouse,3,3,104.0,0,0,2,,0.59,1,1900
R02489,2025-08-05,Old Town,Townhouse,2,1,74.0,0,0,1,1975.0,0.49,0,1860
R00445,2025-08-05,Riverside,Apartment,2,1,72.0,0,0,0,1975.0,0.61,1,1540
R02468,2025-08-06,Eastside,Detached house,3,2,202.0,0,0,1,2015.0,0.98,1,3390
R01511,2025-08-06,Southpark,Townhouse,3,3,141.0,0,1,2,1979.0,0.05,0,2070
R02240,2025-08-06,Midtown,Detached house,3,2,177.0,0,0,1,2022.0,0.18,1,5780
R02317,2025-08-06,Riverside,Townhouse,2,2,86.0,0,1,1,2011.0,0.51,1,1920
R01144,2025-08-06,Eastside,Studio,0,1,,0,1,1,1969.0,0.35,1,510
R02031,2025-08-06,Old Town,Apartment,2,2,91.0,0,0,1,2010.0,0.4,1,2680
R00136,2025-08-06,Northgate,Studio,0,1,44.0,0,1,1,1985.0,0.99,1,820
R01506,2025-08-06,Harbourfront,1-bed apartment,1,2,54.0,0,1,0,1994.0,0.29,1,2140
R01851,2025-08-06,Hillcrest,Townhouse,3,4,,1,1,1,1980.0,0.76,1,3830
R01321,2025-08-06,Eastside,Apartment,3,2,116.0,1,1,1,1978.0,0.97,0,1490
R01127,2025-08-07,University District,1-bed apartment,1,1,46.0,0,1,1,2016.0,1.41,1,1040
R02419,2025-08-07,Hillcrest,Townhouse,3,3,113.0,0,1,1,2012.0,0.37,0,2290
R01742,2025-08-07,University District,Apartment,2,2,60.0,0,0,0,1997.0,0.43,0,1410
R00794,2025-08-07,Airport Fringe,Townhouse,3,4,103.0,1,1,0,2002.0,0.52,1,1490
R01902,2025-08-08,Lakeview,Detached house,5,5,229.0,0,1,2,1978.0,1.48,0,6550
R00228,2025-08-08,Old Town,Studio,0,1,27.0,1,1,0,1997.0,2.13,0,590
R01297,2025-08-08,Eastside,Detached house,5,4,239.0,0,0,1,1985.0,0.47,1,3130
R01764,2025-08-08,Westfield,Studio,0,2,30.0,0,0,0,2005.0,0.37,0,510
R01361,2025-08-08,Lakeview,Apartment,2,2,89.0,0,1,2,2013.0,0.88,0,2070
R00942,2025-08-08,University District,Apartment,3,2,110.0,0,0,0,1965.0,0.05,1,2020
R00238,2025-08-08,Riverside,Studio,0,2,31.0,1,0,1,1975.0,0.45,0,1040
R00077,2025-08-08,Midtown,1-bed apartment,1,2,53.0,0,1,1,1987.0,1.45,0,1280
R02039,2025-08-09,Hillcrest,Apartment,3,3,112.0,0,1,1,1950.0,0.16,0,2390
R01271,2025-08-09,Northgate,Apartment,2,1,97.0,1,0,1,2018.0,0.61,1,1740
R00906,2025-08-09,Southpark,Detached house,3,4,161.0,0,1,2,1969.0,1.39,0,2690
R02146,2025-08-09,Riverside,Detached house,3,4,143.0,0,0,0,1956.0,1.99,1,2820
R00551,2025-08-09,Eastside,Apartment,2,2,70.0,0,0,1,1976.0,0.91,1,1100
R01178,2025-08-09,Eastside,Apartment,3,3,,1,0,0,2004.0,0.62,1,2300
R00839,2025-08-09,Old Town,Townhouse,3,4,135.0,0,0,2,1959.0,1.16,0,3760
R01390,2025-08-09,Eastside,Studio,0,2,34.0,0,1,1,2012.0,0.82,0,530
R00403,2025-08-09,Midtown,1-bed apartment,1,1,46.0,0,0,1,,0.1,1,1450
R00928,2025-08-09,Midtown,Apartment,2,2,107.0,1,0,1,1963.0,0.35,1,2740
R01092,2025-08-09,Eastside,Townhouse,2,3,,0,1,0,1958.0,0.13,0,1370
R01928,2025-08-09,Southpark,Apartment,2,3,62.0,0,0,2,,0.89,0,860
R00532,2025-08-10,Westfield,1-bed apartment,1,1,47.0,0,1,0,2020.0,0.31,0,870
R01708,2025-08-10,Lakeview,1-bed apartment,1,2,52.0,0,0,1,1991.0,0.07,1,1600
R01713,2025-08-10,Eastside,Studio,0,1,30.0,0,0,0,1979.0,1.91,1,420
R00500,2025-08-10,Lakeview,Studio,0,1,29.0,0,1,1,1955.0,0.22,0,660
R01401,2025-08-10,Lakeview,Apartment,2,1,74.0,1,1,2,1977.0,0.75,1,2100
R01796,2025-08-10,Old Town,Apartment,2,2,102.0,0,1,2,1952.0,0.32,0,2660
R02280,2025-08-10,Eastside,Townhouse,2,2,90.0,0,0,1,1971.0,2.64,0,1300
R02047,2025-08-10,Southpark,Studio,0,1,34.0,0,0,0,2013.0,0.23,0,440
R01922,2025-08-10,Midtown,Studio,0,1,29.0,0,1,1,2003.0,0.85,0,910
R01059,2025-08-11,Westfield,Apartment,3,2,95.0,0,0,1,1950.0,0.55,0,1400
R01168,2025-08-11,Old Town,Studio,0,2,23.0,1,0,0,1996.0,2.5,0,630
R00602,2025-08-11,Harbourfront,1-bed apartment,1,2,50.0,0,0,1,1962.0,1.08,1,1750
R00879,2025-08-11,Old Town,Detached house,3,3,192.0,0,0,0,2016.0,1.11,0,5170
R02243,2025-08-11,Old Town,Studio,0,1,32.0,1,1,0,1966.0,0.65,0,820
R00261,2025-08-11,Midtown,Apartment,2,3,98.0,1,1,2,2017.0,0.35,1,3680
R00266,2025-08-11,University District,Studio,0,1,39.0,0,0,1,2012.0,0.21,1,1020
R02387,2025-08-11,Southpark,Apartment,2,1,83.0,0,0,0,2009.0,3.48,1,1310
R00443,2025-08-11,Riverside,1-bed apartment,1,1,52.0,0,1,1,2020.0,0.19,0,1680
R01420,2025-08-11,Harbourfront,Apartment,2,2,83.0,0,0,1,1970.0,1.11,1,3320
R00813,2025-08-12,Midtown,Studio,0,1,23.0,0,0,1,1955.0,0.11,0,780
R01680,2025-08-12,Midtown,Detached house,3,3,171.0,0,0,1,1953.0,1.15,0,4720
R02131,2025-08-12,Northgate,1-bed apartment,1,1,48.0,0,0,0,2017.0,0.77,0,1000
R00929,2025-08-12,Lakeview,Townhouse,3,3,129.0,1,0,2,2012.0,0.82,1,3280
R01869,2025-08-12,Northgate,1-bed apartment,1,1,56.0,0,0,0,1990.0,0.34,0,1350
R00149,2025-08-12,Old Town,Studio,0,2,31.0,1,0,0,2024.0,0.47,0,1460
R00240,2025-08-12,Hillcrest,Apartment,3,2,125.0,0,1,2,2019.0,0.61,0,3080
R01273,2025-08-12,Eastside,1-bed apartment,1,1,41.0,0,0,0,1987.0,0.37,1,650
R02100,2025-08-12,Airport Fringe,1-bed apartment,1,1,42.0,0,0,1,2004.0,0.33,0,640
R00052,2025-08-12,Midtown,Townhouse,3,3,127.0,0,1,0,1968.0,0.54,1,4050
R01505,2025-08-13,Eastside,Townhouse,4,4,142.0,0,1,1,1950.0,0.78,1,1670
R00322,2025-08-13,Westfield,Townhouse,4,4,,0,0,2,2023.0,0.75,1,2690
R00024,2025-08-13,University District,Detached house,4,5,226.0,0,1,2,1962.0,0.2,0,5150
R00331,2025-08-13,Northgate,Townhouse,4,4,131.0,0,1,1,2020.0,0.09,0,3410
R01607,2025-08-13,University District,Studio,0,1,31.0,0,0,0,1956.0,0.87,1,620
R01760,2025-08-13,Westfield,Detached house,4,4,207.0,0,0,1,1960.0,1.46,0,2750
R02329,2025-08-14,Airport Fringe,Apartment,2,2,98.0,0,0,0,2019.0,0.45,0,1580
R02456,2025-08-14,Northgate,Studio,0,1,24.0,0,0,0,1996.0,0.32,1,480
R01795,2025-08-14,Northgate,Detached house,4,5,207.0,0,1,0,1979.0,0.36,0,3690
R00662,2025-08-14,Riverside,Apartment,2,3,89.0,1,0,1,2018.0,0.55,0,2160
R01103,2025-08-14,Northgate,Studio,0,1,32.0,0,0,0,1958.0,0.54,0,470
R00856,2025-08-14,Southpark,1-bed apartment,1,1,50.0,0,0,0,2004.0,0.45,0,730
R00393,2025-08-14,Midtown,1-bed apartment,1,2,53.0,0,0,0,1953.0,0.54,0,1540
R01799,2025-08-14,Hillcrest,Apartment,2,2,88.0,0,1,1,1966.0,0.24,0,1820
R02312,2025-08-14,Midtown,Detached house,5,6,256.0,1,0,1,1987.0,1.07,0,5180
R01843,2025-08-14,Harbourfront,Apartment,2,1,94.0,0,1,2,2000.0,0.54,0,3960
R00594,2025-08-15,Riverside,Apartment,3,3,109.0,0,1,2,2023.0,2.08,1,3030
R02388,2025-08-15,Old Town,Townhouse,4,5,117.0,1,0,1,1967.0,0.29,0,3870
R00252,2025-08-15,Westfield,1-bed apartment,1,2,55.0,0,0,1,2003.0,0.75,1,1000
R02264,2025-08-15,Airport Fringe,1-bed apartment,1,2,45.0,0,1,0,1950.0,0.5,0,400
R00674,2025-08-15,Southpark,Detached house,4,3,196.0,0,0,1,1993.0,0.85,0,2920
R01394,2025-08-16,Airport Fringe,Apartment,3,3,96.0,0,1,2,1980.0,0.52,0,1360
R01496,2025-08-16,Lakeview,Studio,0,1,33.0,0,0,1,1975.0,0.18,1,810
R01397,2025-08-16,Southpark,1-bed apartment,1,1,57.0,0,0,0,2011.0,0.22,1,850
R02075,2025-08-16,Westfield,1-bed apartment,1,1,49.0,0,0,0,1963.0,0.56,0,830
R00965,2025-08-16,Southpark,1-bed apartment,1,1,44.0,0,0,0,1982.0,0.82,0,670
R01310,2025-08-16,Old Town,Apartment,3,3,115.0,1,0,0,1982.0,0.41,0,3300
R01564,2025-08-16,Midtown,Detached house,4,4,203.0,1,0,0,2002.0,0.46,0,5610
R01687,2025-08-16,Old Town,Townhouse,2,2,82.0,1,0,1,1999.0,0.57,1,2610
R00075,2025-08-16,Old Town,Apartment,2,1,90.0,1,0,2,,1.12,1,3060
R00072,2025-08-16,Northgate,Studio,0,1,31.0,0,0,0,2021.0,1.21,1,550
R01355,2025-08-16,University District,Apartment,3,4,100.0,0,0,0,2002.0,0.67,0,2060
R01738,2025-08-16,University District,Townhouse,2,1,78.0,0,1,0,1966.0,0.26,0,2020
R00112,2025-08-16,Eastside,Studio,0,1,27.0,1,0,0,1992.0,1.22,1,540
R02364,2025-08-16,Southpark,Apartment,3,2,122.0,1,1,1,1975.0,0.09,1,2010
R01200,2025-08-17,University District,Detached house,3,3,174.0,1,0,0,1980.0,2.33,1,3630
R02196,2025-08-17,Hillcrest,Apartment,2,3,90.0,0,0,2,2001.0,0.56,0,1880
R00272,2025-08-17,Midtown,Apartment,3,4,,0,1,1,1989.0,1.18,0,3210
R00643,2025-08-17,Old Town,Detached house,4,3,211.0,0,0,2,1987.0,1.33,0,7330
R00655,2025-08-17,Hillcrest,Apartment,2,3,126.0,0,1,1,2015.0,0.07,1,3150
R00043,2025-08-17,Midtown,Townhouse,2,2,90.0,0,1,0,2000.0,0.55,1,2580
R02363,2025-08-17,Midtown,1-bed apartment,1,2,54.0,0,1,1,2020.0,0.32,1,1490
R00756,2025-08-17,Hillcrest,Apartment,2,2,62.0,1,0,0,2012.0,0.25,1,1820
R00302,2025-08-18,Northgate,Townhouse,3,3,107.0,0,0,2,1967.0,1.17,1,1620
R01288,2025-08-18,Hillcrest,Apartment,2,2,,1,0,1,2006.0,1.66,0,1820
R01072,2025-08-18,Southpark,Studio,0,1,41.0,0,0,1,1953.0,0.57,1,630
R00260,2025-08-18,Westfield,Studio,0,1,29.0,1,1,0,1959.0,0.2,0,470
R01828,2025-08-18,Southpark,Townhouse,2,1,103.0,0,0,1,2010.0,0.25,0,1520
R02374,2025-08-18,Harbourfront,Apartment,2,3,79.0,0,1,1,2021.0,0.24,0,3130
R01339,2025-08-18,University District,Townhouse,2,1,62.0,0,0,1,1969.0,0.41,1,1280
R00954,2025-08-18,Harbourfront,Studio,0,1,32.0,0,0,0,2017.0,1.14,1,1140
R02156,2025-08-18,University District,1-bed apartment,1,1,57.0,0,0,0,1993.0,0.11,0,1190
R01915,2025-08-18,Hillcrest,Townhouse,2,2,103.0,0,0,2,1973.0,1.17,1,2110
R00695,2025-08-19,Riverside,Detached house,4,4,175.0,0,0,1,1998.0,0.18,1,4180
R01442,2025-08-19,Midtown,Apartment,3,2,,0,0,0,1994.0,1.67,0,2540
R01446,2025-08-19,Northgate,Apartment,2,2,44.0,0,1,1,1987.0,0.67,0,730
R01270,2025-08-19,Midtown,Townhouse,2,2,73.0,0,0,2,1968.0,0.49,1,2210
R01174,2025-08-19,Northgate,Studio,0,1,32.0,0,1,0,2009.0,1.19,1,590
R02129,2025-08-19,Southpark,1-bed apartment,1,1,51.0,0,1,0,1965.0,0.88,0,740
R00320,2025-08-19,Harbourfront,1-bed apartment,1,2,44.0,0,1,0,2013.0,0.27,0,2070
R01342,2025-08-19,Lakeview,1-bed apartment,1,2,49.0,1,0,1,1990.0,0.95,1,1290
R01558,2025-08-19,Airport Fringe,Apartment,2,1,67.0,0,1,1,2009.0,0.77,0,800
R02117,2025-08-19,Eastside,Detached house,3,4,131.0,1,0,2,1977.0,0.68,1,2020
R00440,2025-08-19,Westfield,Studio,0,1,35.0,0,0,0,1983.0,1.56,1,460
R00507,2025-08-20,Eastside,Apartment,2,3,95.0,1,1,1,1975.0,1.39,0,1440
R00842,2025-08-20,Lakeview,Detached house,3,2,162.0,0,0,1,1951.0,0.62,0,3590
R02341,2025-08-20,Midtown,Apartment,2,3,90.0,0,0,1,2012.0,0.12,0,2600
R01692,2025-08-21,Westfield,Apartment,2,1,101.0,0,0,1,1988.0,0.17,1,2180
R00387,2025-08-21,Northgate,1-bed apartment,1,1,40.0,1,1,1,1951.0,0.31,1,1000
R00998,2025-08-21,University District,Studio,0,1,34.0,1,1,0,1975.0,4.17,0,720
R01346,2025-08-21,Riverside,Townhouse,3,3,117.0,1,0,2,1999.0,0.75,0,3550
R02459,2025-08-21,Airport Fringe,1-bed apartment,1,1,44.0,0,0,1,2017.0,0.2,1,800
R00997,2025-08-21,Midtown,Townhouse,2,2,96.0,0,0,2,1999.0,2.16,1,2940
R00220,2025-08-21,Eastside,Townhouse,3,3,96.0,1,0,1,2004.0,1.43,1,1620
R02268,2025-08-21,Lakeview,Studio,0,1,38.0,1,0,1,1992.0,1.11,0,820
R00545,2025-08-21,Airport Fringe,1-bed apartment,1,2,,0,0,0,1976.0,0.4,0,750
R00323,2025-08-22,Hillcrest,1-bed apartment,1,1,45.0,0,0,0,1964.0,0.52,0,1100
R00029,2025-08-22,University District,Detached house,4,5,206.0,0,0,0,1954.0,0.6,0,3590
R01965,2025-08-22,Westfield,Townhouse,4,4,143.0,1,0,1,1973.0,0.38,1,3240
R00185,2025-08-22,Old Town,Apartment,2,2,89.0,0,0,1,1989.0,0.51,1,3100
R02050,2025-08-22,Northgate,Apartment,3,2,102.0,1,0,0,1966.0,0.68,1,1770
R01192,2025-08-22,Airport Fringe,Studio,0,1,25.0,1,1,0,1985.0,0.31,1,300
R00169,2025-08-22,Southpark,Apartment,2,2,,1,1,0,1992.0,0.36,1,1400
R00245,2025-08-23,Riverside,Apartment,2,2,70.0,0,1,1,1977.0,0.74,1,1940
R01034,2025-08-23,Old Town,Apartment,2,3,85.0,0,0,0,1975.0,0.67,0,2370
R00859,2025-08-23,University District,Detached house,4,5,216.0,1,0,2,2000.0,0.18,0,5910
R02144,2025-08-23,Eastside,Apartment,2,3,73.0,1,1,0,2000.0,0.64,0,1340
R01523,2025-08-23,Westfield,Townhouse,3,2,115.0,1,0,0,2022.0,0.15,0,2310
R01045,2025-08-23,Hillcrest,Studio,0,1,27.0,0,0,0,1953.0,0.88,0,530
R02251,2025-08-23,Westfield,Detached house,3,4,157.0,0,0,0,2017.0,0.86,0,3170
R01959,2025-08-23,Riverside,1-bed apartment,1,1,45.0,0,1,0,1992.0,0.16,1,1070
R00408,2025-08-23,Old Town,Apartment,3,3,132.0,1,0,1,1999.0,0.34,0,5210
R00407,2025-08-23,Hillcrest,Studio,0,1,26.0,0,1,0,2010.0,0.87,0,550
R00775,2025-08-23,Eastside,Apartment,3,3,137.0,0,0,1,1976.0,1.02,1,2190
R01081,2025-08-23,Riverside,Apartment,2,3,92.0,0,0,2,2013.0,0.27,0,2530
R02151,2025-08-23,Harbourfront,Studio,0,2,33.0,1,1,0,1993.0,0.35,0,1630
R01501,2025-08-23,Riverside,Apartment,2,2,100.0,1,1,0,1955.0,0.91,0,2510
R00313,2025-08-23,University District,1-bed apartment,1,1,60.0,0,0,1,2013.0,0.46,1,1390
R02271,2025-08-23,Riverside,Townhouse,2,2,85.0,0,0,0,1953.0,0.7,0,1900
R00381,2025-08-24,Hillcrest,Apartment,3,4,112.0,1,1,0,2010.0,0.96,0,2970
R01508,2025-08-24,Lakeview,Detached house,4,5,224.0,0,0,1,1950.0,0.49,0,4410
R01014,2025-08-24,Northgate,1-bed apartment,1,2,71.0,0,1,1,2010.0,0.47,0,1230
R00728,2025-08-24,Riverside,Apartment,2,2,71.0,0,0,2,2023.0,0.53,1,2210
R00530,2025-08-24,Eastside,Apartment,3,3,125.0,0,0,0,1959.0,0.44,1,1640
R00335,2025-08-24,Eastside,Studio,0,1,38.0,0,1,1,1978.0,0.29,0,840
R01623,2025-08-24,Hillcrest,Detached house,4,5,199.0,1,0,0,2000.0,0.28,0,5050
R01046,2025-08-25,Northgate,Apartment,2,3,88.0,0,1,0,1981.0,0.62,1,1490
R01710,2025-08-25,Westfield,Townhouse,2,1,81.0,0,1,0,1972.0,0.31,1,1280
R00553,2025-08-25,Southpark,Studio,0,1,40.0,1,0,1,2011.0,0.92,0,730
R00650,2025-08-25,Eastside,Detached house,3,4,166.0,0,0,0,2023.0,0.51,1,2740
R01504,2025-08-25,Northgate,Apartment,2,1,79.0,0,1,2,1992.0,0.17,0,1420
R01852,2025-08-25,Lakeview,Studio,0,1,34.0,0,0,1,1985.0,2.17,0,790
R01335,2025-08-25,Southpark,Apartment,3,4,120.0,1,0,1,1952.0,0.44,1,2110
R01761,2025-08-25,Eastside,1-bed apartment,1,1,49.0,0,0,0,1990.0,0.1,0,850
R01259,2025-08-26,Harbourfront,Apartment,3,3,,0,1,2,2012.0,1.09,0,4300
R00764,2025-08-26,Northgate,Apartment,2,2,107.0,0,0,1,2002.0,0.88,0,1460
R00366,2025-08-26,Riverside,Apartment,2,2,98.0,0,0,0,1982.0,0.37,0,2610
R01282,2025-08-26,Harbourfront,Townhouse,3,3,112.0,0,0,0,2012.0,0.62,1,3290
R02060,2025-08-26,Airport Fringe,Studio,0,1,25.0,0,0,0,1987.0,1.16,0,330
R00097,2025-08-27,Old Town,Studio,0,2,21.0,1,1,0,1957.0,0.6,0,830
R00437,2025-08-27,Northgate,1-bed apartment,1,1,51.0,0,1,0,1977.0,0.47,0,940
R01751,2025-08-27,Hillcrest,1-bed apartment,1,1,42.0,0,0,0,1996.0,0.86,0,870
R00646,2025-08-27,Northgate,Detached house,3,2,183.0,0,0,0,2000.0,0.3,0,3130
R00124,2025-08-27,Eastside,Studio,0,2,31.0,1,0,1,1959.0,0.18,1,490
R00110,2025-08-27,Riverside,1-bed apartment,1,2,50.0,0,1,0,1994.0,0.84,0,1290
R01647,2025-08-27,Airport Fringe,Apartment,2,2,87.0,1,1,1,2007.0,0.5,1,1130
R00159,2025-08-27,University District,Studio,0,1,30.0,1,1,0,1952.0,0.96,1,690
R00026,2025-08-28,Riverside,Studio,0,1,35.0,0,1,0,1957.0,0.13,1,1010
R01399,2025-08-28,University District,Detached house,4,4,195.0,0,0,1,1998.0,0.31,0,3980
R01685,2025-08-28,Eastside,Apartment,2,2,84.0,0,0,1,2003.0,0.95,0,1160
R01515,2025-08-28,Northgate,Townhouse,3,3,105.0,0,0,0,1955.0,1.0,1,1780
R01695,2025-08-28,Lakeview,Studio,0,1,35.0,0,1,0,2004.0,0.72,0,660
R00449,2025-08-28,Hillcrest,1-bed apartment,1,1,43.0,0,1,0,1980.0,2.84,0,670
R02269,2025-08-28,Westfield,Studio,0,1,35.0,0,0,0,2021.0,0.6,0,500
R01880,2025-08-28,Southpark,Apartment,3,4,119.0,0,0,1,2020.0,0.91,0,1840
R01480,2025-08-28,Old Town,Townhouse,3,4,112.0,1,1,1,2002.0,0.24,0,4310
R00222,2025-08-28,Midtown,Apartment,2,3,,0,0,0,1971.0,0.6,0,2220
R02318,2025-08-28,Harbourfront,Apartment,2,1,113.0,1,0,2,1963.0,1.03,1,4250
R01566,2025-08-28,Lakeview,Apartment,2,1,87.0,0,1,0,2021.0,0.42,0,2310
R00404,2025-08-28,Northgate,Apartment,2,2,110.0,1,1,1,1987.0,0.41,0,2490
R02189,2025-08-28,Harbourfront,Apartment,2,2,75.0,1,0,1,1969.0,1.74,0,3010
R00372,2025-08-28,Midtown,Detached house,4,4,182.0,1,0,0,2006.0,0.19,0,6920
R01516,2025-08-28,Eastside,1-bed apartment,1,1,46.0,1,0,1,1997.0,0.38,1,1080
R00918,2025-08-28,University District,Studio,0,1,31.0,0,1,0,1995.0,0.55,0,770
R02088,2025-08-28,Old Town,Apartment,2,2,78.0,0,0,1,2014.0,0.26,0,2640
R02214,2025-08-28,University District,Townhouse,3,2,109.0,1,0,1,1988.0,1.02,1,2240
R01703,2025-08-28,Westfield,Detached house,3,3,169.0,0,0,2,2007.0,1.01,0,3260
R00394,2025-08-29,Airport Fringe,Apartment,3,4,110.0,0,1,2,1978.0,0.53,1,1350
R01155,2025-08-29,Westfield,Apartment,3,3,117.0,0,1,2,2006.0,1.92,0,1980
R00696,2025-08-29,Harbourfront,1-bed apartment,1,1,54.0,0,0,0,2003.0,1.23,0,2090
R01304,2025-08-29,Riverside,Apartment,2,2,96.0,0,0,2,1979.0,0.41,0,2800
R00527,2025-08-29,Northgate,1-bed apartment,1,1,56.0,0,0,0,,1.4,0,980
R02455,2025-08-29,Westfield,Apartment,3,4,109.0,0,0,2,1977.0,0.87,1,1740
R01855,2025-08-29,Riverside,Detached house,3,3,198.0,0,1,2,2017.0,0.54,0,5260
R00427,2025-08-29,Riverside,1-bed apartment,1,2,44.0,0,1,1,2004.0,1.2,1,1230
R01829,2025-08-29,Southpark,1-bed apartment,1,1,54.0,0,0,0,1960.0,0.82,1,670
R00498,2025-08-30,Harbourfront,Apartment,2,1,88.0,0,1,1,2023.0,1.14,1,4220
R00439,2025-08-30,Harbourfront,Townhouse,3,2,129.0,1,0,2,1992.0,0.59,0,4640
R02054,2025-08-30,Westfield,Townhouse,3,4,122.0,1,1,0,1998.0,0.12,0,2940
R00854,2025-08-30,University District,Studio,0,1,30.0,1,0,0,1958.0,0.18,0,860
R00410,2025-08-30,University District,1-bed apartment,1,1,48.0,0,1,0,1956.0,0.12,1,780
R02311,2025-08-31,Westfield,Detached house,5,6,231.0,1,0,0,1977.0,1.14,0,3760
R01655,2025-08-31,Eastside,1-bed apartment,1,1,53.0,0,0,0,2020.0,0.05,0,800
R02420,2025-08-31,Airport Fringe,Apartment,3,3,116.0,0,1,2,1981.0,1.48,1,1600
R00641,2025-08-31,Lakeview,1-bed apartment,1,1,,1,1,0,2015.0,1.52,1,1270
R00943,2025-08-31,Southpark,Apartment,3,3,102.0,0,1,2,1987.0,0.29,1,2110
R02420,2025-08-31,Airport Fringe,Apartment,3,3,116.0,0,1,2,1981.0,1.48,1,1600
R01146,2025-08-31,Riverside,Studio,0,1,28.0,0,0,1,1971.0,0.88,0,680
R00836,2025-08-31,Midtown,Townhouse,3,3,118.0,0,0,2,1984.0,0.63,0,4090
R02442,2025-08-31,Northgate,Townhouse,3,3,127.0,0,1,2,2012.0,0.51,0,2660
R00953,2025-08-31,Airport Fringe,Apartment,3,2,122.0,0,0,1,1975.0,0.27,0,1490
R00502,2025-08-31,University District,1-bed apartment,1,2,47.0,1,0,0,2017.0,1.21,0,1050
R01592,2025-08-31,Lakeview,1-bed apartment,1,1,59.0,1,1,1,1983.0,0.97,1,1600
R01889,2025-09-01,Harbourfront,Townhouse,4,5,155.0,0,1,2,1994.0,1.29,1,4870
R01709,2025-09-01,Hillcrest,Studio,0,1,33.0,1,1,1,2012.0,0.19,1,760
R00468,2025-09-01,Midtown,1-bed apartment,1,1,49.0,0,0,0,1975.0,0.31,0,1610
R01553,2025-09-02,Hillcrest,Apartment,2,3,111.0,1,0,1,1965.0,0.32,1,3550
R01095,2025-09-02,Westfield,Apartment,3,2,98.0,0,0,2,2018.0,0.53,0,2320
R00962,2025-09-02,University District,Detached house,5,6,219.0,0,0,0,1996.0,0.72,0,4030
R00143,2025-09-02,Eastside,Detached house,3,2,130.0,0,0,2,1960.0,0.07,1,2040
R00745,2025-09-02,Midtown,Apartment,3,3,76.0,1,0,2,1989.0,0.67,0,2300
R00183,2025-09-02,Airport Fringe,Studio,0,2,33.0,0,1,1,2014.0,0.6,0,440
R00715,2025-09-02,Southpark,1-bed apartment,1,1,53.0,1,1,0,1954.0,0.56,1,920
R02301,2025-09-02,University District,Studio,0,1,32.0,0,0,1,2006.0,0.21,1,930
R02300,2025-09-02,Northgate,Apartment,3,2,106.0,0,1,1,1984.0,1.15,0,2150
R00757,2025-09-02,Eastside,Townhouse,3,4,110.0,0,1,2,1983.0,0.05,0,2030
R00825,2025-09-02,Eastside,Detached house,4,4,211.0,0,0,1,1975.0,0.33,1,2580
R01117,2025-09-02,Riverside,Detached house,4,4,205.0,0,0,1,1956.0,0.05,1,5260
R01535,2025-09-02,Northgate,Apartment,2,2,97.0,1,1,0,1986.0,1.8,1,1880
R01027,2025-09-03,Southpark,Apartment,2,3,122.0,0,0,1,1983.0,1.15,0,1610
R00531,2025-09-03,Southpark,Apartment,2,2,85.0,1,1,1,1957.0,0.78,1,1260
R00901,2025-09-03,Northgate,Detached house,3,3,146.0,0,0,0,1993.0,0.78,0,3100
R01087,2025-09-03,Riverside,1-bed apartment,1,1,50.0,1,0,1,1967.0,1.06,0,1250
R02361,2025-09-03,Westfield,Studio,0,1,37.0,0,0,1,2017.0,0.33,0,620
R00540,2025-09-03,University District,Apartment,2,2,93.0,1,1,2,2006.0,2.02,1,2450
R01383,2025-09-03,Lakeview,1-bed apartment,1,1,57.0,0,1,0,1951.0,0.22,1,1400
R01189,2025-09-03,Hillcrest,Townhouse,3,3,102.0,0,0,1,1999.0,0.4,1,2620
R02249,2025-09-03,Harbourfront,Studio,0,2,23.0,0,0,0,1996.0,1.62,1,710
R00786,2025-09-03,Westfield,1-bed apartment,1,1,47.0,1,0,0,2015.0,0.63,0,990
R02111,2025-09-03,Hillcrest,Studio,0,1,33.0,0,0,0,1997.0,0.08,0,820
R00552,2025-09-04,Old Town,Apartment,3,2,123.0,1,0,1,1976.0,0.96,0,4420
R01831,2025-09-04,Eastside,1-bed apartment,1,1,43.0,0,1,1,2007.0,0.72,1,720
R01798,2025-09-04,Midtown,Apartment,2,2,,0,1,2,2011.0,0.28,1,2470
R02428,2025-09-04,University District,Townhouse,3,2,127.0,0,1,1,1995.0,0.29,1,2890
R02239,2025-09-04,Old Town,Townhouse,2,2,59.0,0,1,2,2019.0,1.69,0,2460
R00132,2025-09-04,Hillcrest,Apartment,3,3,111.0,0,1,2,1956.0,0.67,1,2430
R02004,2025-09-04,Old Town,Apartment,2,1,63.0,0,1,0,2004.0,0.78,0,1670
R00053,2025-09-04,Lakeview,Townhouse,3,3,109.0,0,1,2,1974.0,0.56,0,3270
R02393,2025-09-04,Airport Fringe,Townhouse,2,1,113.0,1,1,2,2019.0,1.31,0,2020
R02055,2025-09-05,Hillcrest,Detached house,5,5,220.0,0,0,1,1959.0,0.25,0,3910
R00361,2025-09-05,Midtown,1-bed apartment,1,1,44.0,1,0,0,1990.0,1.11,0,1470
R02055,2025-09-05,Hillcrest,Detached house,5,5,220.0,0,0,1,1959.0,0.25,0,3910
R00731,2025-09-05,Old Town,Townhouse,2,3,111.0,0,1,2,1988.0,0.66,0,3110
R00493,2025-09-05,Old Town,1-bed apartment,1,1,,0,0,1,2013.0,0.87,0,1850
R00873,2025-09-05,University District,Apartment,2,3,103.0,0,0,2,1971.0,0.92,0,2660
R00805,2025-09-05,Hillcrest,Apartment,3,3,100.0,0,1,0,1990.0,0.93,0,2120
R01145,2025-09-06,Harbourfront,1-bed apartment,1,1,52.0,0,1,0,2018.0,0.8,1,2250
R00119,2025-09-06,Northgate,Apartment,2,2,75.0,0,0,1,2003.0,0.97,0,1810
R01849,2025-09-06,Airport Fringe,Apartment,2,2,72.0,0,1,0,1967.0,1.05,0,730
R01449,2025-09-06,University District,Apartment,3,4,132.0,0,0,2,1978.0,1.1,0,2320
R01999,2025-09-06,Airport Fringe,Apartment,2,2,60.0,1,0,1,1996.0,1.16,0,780
R00095,2025-09-06,Hillcrest,Apartment,3,2,118.0,0,0,2,1977.0,0.85,0,3190
R01754,2025-09-06,University District,Townhouse,3,3,115.0,0,0,1,2021.0,0.75,0,1990
R00338,2025-09-06,Riverside,1-bed apartment,1,1,56.0,1,0,0,1957.0,0.69,1,1130
R02432,2025-09-06,Old Town,1-bed apartment,1,1,46.0,0,0,0,1985.0,0.62,0,1570
R01572,2025-09-06,University District,Detached house,3,3,,0,0,1,2020.0,0.13,0,3930
R01877,2025-09-06,Westfield,Townhouse,4,3,141.0,0,1,1,1982.0,0.2,1,2330
R02293,2025-09-06,Lakeview,Apartment,3,4,112.0,1,1,2,1988.0,0.32,0,2980
R01569,2025-09-06,Lakeview,Apartment,3,2,100.0,0,0,1,1959.0,0.34,0,2120
R00391,2025-09-06,Southpark,Studio,0,2,27.0,0,0,0,1983.0,1.5,1,380
R00774,2025-09-06,Harbourfront,Apartment,2,3,87.0,0,0,0,1985.0,0.28,0,3370
R02362,2025-09-07,University District,Studio,0,1,38.0,0,0,1,1977.0,0.54,0,870
R00652,2025-09-07,University District,Apartment,3,2,108.0,1,1,0,1992.0,1.11,0,2720
R00411,2025-09-07,Riverside,Apartment,3,4,109.0,0,1,2,2022.0,0.19,1,2660
R01425,2025-09-07,Northgate,Detached house,3,3,145.0,0,0,2,1955.0,0.1,0,2560
R00685,2025-09-07,Southpark,Apartment,3,3,107.0,0,0,1,1974.0,0.05,1,1270
R00573,2025-09-07,Riverside,Townhouse,4,5,138.0,0,0,2,1960.0,1.74,0,2720
R00749,2025-09-07,University District,Detached house,3,3,142.0,0,0,1,1950.0,1.77,0,2620
R00375,2025-09-07,Riverside,Apartment,3,4,116.0,0,1,1,1976.0,0.32,1,3630
R00342,2025-09-08,Old Town,Detached house,4,3,229.0,0,0,2,1952.0,1.2,0,6780
R01926,2025-09-08,Hillcrest,Detached house,4,4,194.0,0,0,0,1971.0,1.29,0,3600
R01641,2025-09-08,Lakeview,1-bed apartment,1,1,50.0,1,0,0,2015.0,0.37,0,1430
R01359,2025-09-08,Eastside,Townhouse,3,2,129.0,1,0,1,1977.0,2.64,0,1820
R02091,2025-09-08,Eastside,Studio,0,1,23.0,0,0,0,1998.0,0.3,0,340
R01822,2025-09-08,Harbourfront,Studio,0,1,33.0,0,1,1,2004.0,0.7,0,930
R00828,2025-09-09,Harbourfront,1-bed apartment,1,2,41.0,0,1,0,2018.0,0.91,1,1480
R01489,2025-09-09,Midtown,Apartment,2,1,92.0,0,0,0,1995.0,0.72,0,2650
R00941,2025-09-09,Midtown,Townhouse,4,4,153.0,0,0,1,1999.0,0.37,0,3490
R00063,2025-09-09,Westfield,Detached house,5,5,247.0,1,0,1,1956.0,0.73,0,4400
R02469,2025-09-09,University District,Apartment,3,4,129.0,0,1,1,1961.0,0.9,1,2960
R02380,2025-09-09,Northgate,Studio,0,1,36.0,0,1,0,2021.0,0.44,0,780
R01916,2025-09-09,Midtown,Detached house,3,3,151.0,0,0,2,,0.78,0,3710
R00610,2025-09-09,Airport Fringe,Detached house,4,4,179.0,0,0,1,1975.0,0.56,0,2200
R02435,2025-09-09,Eastside,Apartment,2,2,80.0,1,0,2,2000.0,0.28,0,1850
R01907,2025-09-09,Northgate,Apartment,3,4,104.0,0,0,2,1973.0,0.61,1,2020
R00599,2025-09-09,Lakeview,Detached house,3,4,161.0,0,1,0,1952.0,0.05,0,3980
R02262,2025-09-09,Lakeview,Townhouse,3,3,113.0,0,1,1,1967.0,0.27,1,3480
R01554,2025-09-09,Northgate,Detached house,4,5,,1,0,2,1999.0,0.65,0,3280
R01967,2025-09-09,Hillcrest,Townhouse,2,2,77.0,0,0,2,2001.0,0.59,0,1940
R02122,2025-09-10,Old Town,1-bed apartment,1,1,,1,1,0,1994.0,0.24,0,1460
R02062,2025-09-10,Harbourfront,Townhouse,3,2,,0,0,1,1975.0,0.35,1,3510
R00981,2025-09-10,Old Town,Apartment,2,1,99.0,0,0,2,2015.0,0.62,0,2810
R00889,2025-09-10,Airport Fringe,1-bed apartment,1,2,49.0,0,0,0,1979.0,1.38,0,580
R00815,2025-09-10,Eastside,Townhouse,2,2,92.0,1,0,1,1993.0,0.75,0,2000
R00692,2025-09-10,Midtown,Apartment,3,2,121.0,0,0,2,2013.0,0.46,1,3470
R00910,2025-09-10,Lakeview,Apartment,3,3,110.0,1,0,1,1971.0,0.35,0,3460
R01948,2025-09-10,Westfield,Studio,0,1,34.0,0,0,0,2022.0,0.39,0,730
R02296,2025-09-10,University District,Apartment,2,2,101.0,0,0,2,2004.0,0.44,0,2200
R00452,2025-09-10,Old Town,1-bed apartment,1,2,55.0,1,1,0,1996.0,0.15,0,2100
R00346,2025-09-10,Lakeview,Apartment,2,1,97.0,0,1,1,2012.0,0.75,1,2770
R00186,2025-09-11,Riverside,Apartment,3,3,108.0,0,0,2,1993.0,0.24,0,2570
R02356,2025-09-11,Lakeview,1-bed apartment,1,2,56.0,0,0,1,1979.0,0.72,1,1240
R01035,2025-09-11,Airport Fringe,1-bed apartment,1,1,51.0,0,0,1,1985.0,0.4,0,650
R01239,2025-09-11,Northgate,1-bed apartment,1,1,59.0,0,1,1,1972.0,0.63,0,780
R00330,2025-09-11,Westfield,Apartment,3,2,150.0,1,0,2,2004.0,0.39,1,3460
R00782,2025-09-11,Hillcrest,Apartment,3,3,106.0,0,0,1,1952.0,0.42,0,1990
R01163,2025-09-11,Northgate,Townhouse,4,3,158.0,0,0,1,1975.0,0.54,1,2390
R01815,2025-09-12,University District,Studio,0,1,,1,0,0,1996.0,0.42,0,780
R00748,2025-09-12,Riverside,Apartment,3,4,,0,0,2,1963.0,0.06,1,2710
R01038,2025-09-12,Eastside,1-bed apartment,1,1,44.0,0,0,0,1965.0,0.72,0,650
R00499,2025-09-12,Midtown,Detached house,3,4,188.0,1,0,1,2001.0,0.12,1,6230
R01996,2025-09-12,Midtown,1-bed apartment,1,1,44.0,0,0,1,1955.0,0.53,1,1330
R01377,2025-09-12,Old Town,Apartment,2,1,89.0,0,0,1,1961.0,0.31,1,2730
R01290,2025-09-12,University District,Apartment,3,4,108.0,0,0,2,2007.0,0.3,0,2560
R02007,2025-09-13,Riverside,Townhouse,2,2,75.0,0,0,1,1962.0,0.52,1,1870
R01838,2025-09-13,Eastside,Townhouse,2,3,75.0,1,0,0,2022.0,0.16,0,1590
R00708,2025-09-13,Airport Fringe,Detached house,3,4,132.0,0,1,1,1996.0,0.35,1,1420
R00814,2025-09-13,University District,Apartment,2,3,82.0,1,0,2,1978.0,2.17,0,1560
R00268,2025-09-13,Airport Fringe,Studio,0,2,,0,1,0,1966.0,0.05,0,340
R01207,2025-09-13,Hillcrest,1-bed apartment,1,1,43.0,0,0,0,,2.89,1,800
R00968,2025-09-13,University District,Townhouse,2,2,87.0,0,1,2,1985.0,0.43,1,2390
R00327,2025-09-13,Old Town,Townhouse,3,3,122.0,0,0,1,2020.0,1.75,0,3360
R01672,2025-09-13,Eastside,Apartment,2,1,82.0,0,0,2,1964.0,0.24,1,1160
R00529,2025-09-13,Airport Fringe,Detached house,3,3,,1,0,2,2000.0,0.52,0,2450
R00994,2025-09-13,Lakeview,Apartment,3,3,,1,1,1,1992.0,0.37,0,3240
R00108,2025-09-13,Midtown,Apartment,3,3,110.0,0,1,0,,1.13,1,2730
R00861,2025-09-14,Riverside,Townhouse,2,2,67.0,1,0,1,1972.0,1.06,0,1730
R00623,2025-09-14,Riverside,Townhouse,3,3,123.0,0,1,1,1977.0,0.62,1,2420
R02451,2025-09-14,Midtown,Townhouse,2,2,97.0,0,0,0,2019.0,0.05,0,3010
R02415,2025-09-14,Lakeview,1-bed apartment,1,1,48.0,1,0,0,1953.0,0.3,1,1130
R01536,2025-09-14,Midtown,Studio,0,1,36.0,0,0,1,1974.0,0.53,0,1140
R01022,2025-09-14,Westfield,Townhouse,2,2,73.0,0,0,1,2020.0,0.56,0,1440
R00996,2025-09-14,Westfield,Studio,0,1,33.0,1,0,1,1984.0,1.59,1,610
R00343,2025-09-14,Eastside,Studio,0,2,,0,0,0,1979.0,0.26,1,770
R00158,2025-09-15,Lakeview,Apartment,2,1,86.0,0,1,0,1955.0,1.39,1,1690
R01782,2025-09-15,Midtown,Townhouse,3,4,91.0,0,0,0,1967.0,0.19,1,2660
R02083,2025-09-15,Hillcrest,Studio,0,1,26.0,0,1,0,2001.0,0.2,0,600
R02357,2025-09-15,Lakeview,Studio,0,1,37.0,1,1,0,,0.43,0,1090
R00747,2025-09-15,Midtown,Detached house,3,4,170.0,0,0,1,2001.0,0.41,0,4860
R00103,2025-09-15,Hillcrest,1-bed apartment,1,1,53.0,0,0,1,1976.0,1.28,0,1060
R00389,2025-09-15,Westfield,Studio,0,2,40.0,0,0,1,1966.0,0.46,0,660
R00834,2025-09-15,Midtown,Studio,0,2,22.0,0,0,1,2012.0,1.3,0,640
R00012,2025-09-15,Old Town,Apartment,2,2,89.0,1,0,2,1980.0,0.17,0,2580
R00494,2025-09-16,Northgate,Detached house,3,3,166.0,1,0,2,2020.0,0.62,1,4040
R02475,2025-09-16,Lakeview,Studio,0,1,37.0,1,0,0,2024.0,0.65,1,1080
R01264,2025-09-16,Southpark,Apartment,3,4,,0,0,1,1953.0,0.68,0,1580
R01166,2025-09-16,Hillcrest,Studio,0,1,26.0,0,0,1,2017.0,0.76,0,610
R01109,2025-09-16,Eastside,1-bed apartment,1,1,56.0,0,1,0,2012.0,0.48,1,900
R02056,2025-09-16,Westfield,Apartment,2,2,93.0,0,0,0,1953.0,2.0,1,1530
R00934,2025-09-16,Northgate,Townhouse,3,4,111.0,0,0,0,1983.0,0.93,0,1760
R02191,2025-09-16,University District,Apartment,3,3,104.0,0,0,1,1958.0,0.26,0,2260
R01950,2025-09-16,Eastside,Apartment,3,3,117.0,0,1,2,1998.0,1.58,0,1430
R02441,2025-09-16,Midtown,Studio,0,1,30.0,0,0,1,2022.0,0.54,0,1040
R00027,2025-09-16,Midtown,1-bed apartment,1,2,43.0,0,0,0,1989.0,0.64,1,1060
R01774,2025-09-16,Midtown,Apartment,2,2,,1,1,1,2009.0,0.5,0,2620
R00931,2025-09-17,Riverside,1-bed apartment,1,1,54.0,0,1,1,1979.0,0.07,0,1370
R01757,2025-09-17,Harbourfront,Detached house,5,6,240.0,1,0,1,1958.0,0.32,1,7970
R00827,2025-09-17,Harbourfront,1-bed apartment,1,1,50.0,1,0,0,2010.0,0.21,1,2450
R01961,2025-09-17,Riverside,1-bed apartment,1,1,44.0,1,0,0,1983.0,0.15,0,1590
R02381,2025-09-17,Harbourfront,Detached house,4,4,211.0,0,0,0,1969.0,0.16,0,7450
R00589,2025-09-17,Eastside,Apartment,3,3,91.0,0,0,0,2008.0,1.18,1,1610
R01230,2025-09-17,Eastside,Apartment,2,3,89.0,0,1,1,1971.0,0.6,0,1320
R00510,2025-09-17,Southpark,Apartment,3,3,118.0,0,1,1,1998.0,0.49,0,1720
R01884,2025-09-17,Old Town,1-bed apartment,1,1,71.0,0,0,0,2020.0,0.15,0,2770
R00282,2025-09-17,University District,Studio,0,1,33.0,0,0,0,1987.0,1.0,1,570
R01613,2025-09-18,Eastside,Detached house,3,2,158.0,0,0,1,2018.0,1.4,0,2420
R02309,2025-09-18,Hillcrest,Apartment,2,3,,0,1,1,1960.0,0.74,0,2040
R01056,2025-09-18,Midtown,Detached house,3,4,182.0,0,0,2,1980.0,0.47,0,5650
R02205,2025-09-18,Southpark,Apartment,3,3,128.0,0,1,0,2006.0,0.48,0,1790
R02232,2025-09-18,Old Town,Apartment,3,2,147.0,1,1,1,1990.0,1.27,1,6510
R01080,2025-09-18,Northgate,Townhouse,2,1,110.0,1,1,1,1981.0,0.42,0,2120
R02486,2025-09-18,Midtown,Studio,0,1,26.0,0,0,0,1968.0,1.21,1,700
R02093,2025-09-18,Northgate,Studio,0,1,29.0,0,1,1,2005.0,0.08,1,1010
R02289,2025-09-18,Westfield,1-bed apartment,1,1,45.0,1,0,1,1987.0,0.91,0,830
R01853,2025-09-18,Southpark,Studio,0,1,32.0,0,1,1,1978.0,0.29,0,450
R01333,2025-09-18,Westfield,Studio,0,1,30.0,0,1,1,1968.0,0.55,0,520
R00665,2025-09-19,Midtown,Studio,0,2,45.0,0,0,0,1974.0,0.52,0,1290
R00926,2025-09-19,Hillcrest,Townhouse,3,3,129.0,1,0,1,1976.0,0.1,0,2580
R01528,2025-09-19,Airport Fringe,Apartment,2,3,104.0,1,0,2,1970.0,0.28,0,1480
R01137,2025-09-19,Old Town,Studio,0,1,29.0,0,0,1,2017.0,0.32,0,920
R01479,2025-09-19,Midtown,Townhouse,2,2,65.0,0,0,0,1975.0,0.48,0,1980
R00187,2025-09-19,Eastside,Studio,0,1,32.0,1,0,1,2006.0,1.66,0,540
R01336,2025-09-19,Eastside,1-bed apartment,1,1,70.0,0,0,1,1962.0,0.21,0,1020
R01728,2025-09-19,Riverside,Apartment,2,2,111.0,0,0,0,,0.66,1,2760
R01177,2025-09-20,Old Town,Townhouse,4,4,144.0,0,1,1,1983.0,1.35,0,4280
R01443,2025-09-20,University District,Townhouse,3,2,120.0,0,1,1,2023.0,0.17,0,3200
R02153,2025-09-20,Eastside,1-bed apartment,1,1,44.0,0,1,0,2003.0,0.54,0,810
R02164,2025-09-20,Riverside,Townhouse,3,3,,0,0,1,1954.0,0.69,0,1970
R00480,2025-09-20,University District,Townhouse,3,3,125.0,0,0,2,1964.0,2.45,0,2450
R01860,2025-09-20,Westfield,Apartment,3,3,90.0,0,0,1,1988.0,1.36,1,2110
R01232,2025-09-20,Southpark,1-bed apartment,1,1,57.0,0,1,1,1990.0,1.79,0,1050
R02103,2025-09-21,Hillcrest,Apartment,2,1,63.0,0,0,2,1953.0,1.52,1,1000
R01473,2025-09-21,Lakeview,Apartment,2,2,108.0,0,1,1,2001.0,0.44,1,2930
R00576,2025-09-21,Westfield,Detached house,3,3,171.0,1,0,1,2020.0,0.89,1,3500
R01124,2025-09-21,Westfield,Studio,0,1,35.0,0,1,0,1980.0,1.53,1,520
R01993,2025-09-21,University District,Apartment,2,3,92.0,1,0,2,1951.0,0.31,0,2140
R02116,2025-09-21,Lakeview,Detached house,3,3,,0,0,2,1967.0,0.45,0,4960
R00765,2025-09-22,Eastside,Studio,0,2,28.0,0,0,1,1961.0,0.24,0,470
R00099,2025-09-22,Lakeview,Detached house,3,2,122.0,0,0,2,2017.0,1.73,0,2870
R01578,2025-09-22,Riverside,1-bed apartment,1,1,49.0,0,0,1,1993.0,0.48,0,1220
R00802,2025-09-22,Airport Fringe,Apartment,3,3,118.0,0,1,1,2002.0,0.44,1,1660
R01019,2025-09-22,Eastside,Townhouse,3,2,142.0,1,0,0,1963.0,1.61,1,1760
R02369,2025-09-23,Old Town,Townhouse,3,3,115.0,0,0,1,1978.0,0.78,1,3960
R01636,2025-09-23,Old Town,Apartment,2,1,56.0,0,0,1,1991.0,0.94,1,1310
R01650,2025-09-23,Northgate,Apartment,3,3,104.0,0,1,2,1951.0,1.41,1,2240
R02282,2025-09-23,Westfield,Townhouse,3,4,117.0,0,1,0,1979.0,0.4,1,1770
R01947,2025-09-24,Midtown,Townhouse,2,2,87.0,0,0,2,1966.0,0.2,1,2700
R02261,2025-09-24,Midtown,Apartment,2,3,96.0,0,1,1,1980.0,0.2,0,2670
R01835,2025-09-24,Airport Fringe,Detached house,5,5,237.0,0,0,1,1955.0,0.61,0,2810
R00519,2025-09-24,Riverside,1-bed apartment,1,1,63.0,0,0,1,2013.0,0.49,0,1400
R02306,2025-09-24,University District,Studio,0,1,33.0,0,0,0,1989.0,1.45,1,620
R01079,2025-09-24,Hillcrest,Apartment,2,2,67.0,0,0,0,2000.0,1.07,0,1420
R01348,2025-09-24,University District,Apartment,3,3,131.0,1,1,1,1954.0,1.68,0,2280
R02237,2025-09-24,University District,Studio,0,1,34.0,0,1,0,,1.83,0,700
R02090,2025-09-24,Southpark,Apartment,3,3,98.0,0,0,1,1977.0,0.99,0,1180
R01393,2025-09-25,Midtown,Townhouse,3,4,108.0,0,0,1,2008.0,1.11,1,2880
R01147,2025-09-25,Midtown,1-bed apartment,1,1,49.0,0,0,0,1955.0,0.91,0,1650
R00446,2025-09-25,University District,Studio,0,2,28.0,0,0,1,1960.0,0.68,1,700
R00710,2025-09-25,Airport Fringe,Townhouse,3,3,89.0,0,0,1,1979.0,0.33,1,1030
R00458,2025-09-25,University District,Apartment,3,4,126.0,1,0,1,1975.0,0.49,0,3280
R00895,2025-09-25,University District,1-bed apartment,1,1,44.0,0,0,0,1952.0,0.6,1,1040
R00415,2025-09-25,Northgate,Apartment,3,2,120.0,1,1,1,1959.0,0.28,1,3080
R00134,2025-09-25,Southpark,Apartment,3,3,108.0,0,0,0,2023.0,0.1,0,1750
R00832,2025-09-25,University District,Apartment,2,2,83.0,0,1,0,1996.0,0.97,0,1880
R02097,2025-09-25,Midtown,Apartment,2,2,65.0,0,0,2,1979.0,0.17,1,2100
R00851,2025-09-25,Lakeview,1-bed apartment,1,2,61.0,0,0,0,2024.0,0.68,0,1270
R01468,2025-09-26,Hillcrest,Studio,0,2,38.0,1,0,1,2004.0,1.77,0,870
R00855,2025-09-26,Southpark,Studio,0,1,28.0,0,0,0,1957.0,0.64,0,330
R01423,2025-09-26,Harbourfront,Apartment,3,4,87.0,0,0,1,2001.0,0.92,0,2880
R00644,2025-09-26,Lakeview,Apartment,2,2,77.0,0,1,1,1987.0,0.07,1,2200
R02033,2025-09-26,Riverside,Apartment,2,2,71.0,0,1,0,2020.0,1.66,1,1960
R02367,2025-09-26,Old Town,Apartment,2,2,78.0,0,1,2,1958.0,0.16,0,2330
R00833,2025-09-26,Westfield,Apartment,2,1,93.0,1,0,0,1986.0,0.57,1,2040
R00719,2025-09-26,Riverside,1-bed apartment,1,1,58.0,0,0,1,2008.0,0.31,1,1550
R01143,2025-09-26,University District,1-bed apartment,1,1,52.0,1,0,1,1955.0,0.23,0,1040
R01720,2025-09-27,Midtown,Detached house,4,5,202.0,0,0,1,1970.0,0.96,0,5830
R02310,2025-09-27,Harbourfront,Townhouse,3,3,126.0,0,1,1,1963.0,0.22,0,5380
R01570,2025-09-27,University District,Apartment,3,3,121.0,0,1,1,1974.0,0.62,1,2510
R00174,2025-09-27,Lakeview,1-bed apartment,1,2,55.0,0,1,0,1979.0,0.54,1,1480
R00093,2025-09-27,Old Town,Townhouse,2,2,79.0,1,1,1,2018.0,0.45,0,2760
R00930,2025-09-27,Old Town,Detached house,5,6,240.0,0,0,2,1960.0,0.24,0,6290
R01583,2025-09-27,Harbourfront,1-bed apartment,1,2,,0,1,0,1984.0,1.23,1,2040
R00231,2025-09-27,Hillcrest,Apartment,2,3,83.0,0,1,1,1961.0,0.84,0,1490
