appointment_id,patient_age,patient_sex,department,booking_date,appointment_date,sms_reminder_sent,previous_appointments,previous_no_shows,distance_km,insurance,chronic_condition,rain_forecast,no_show
P04314,92,F,General practice,2025-01-08,2025-01-08,0,3,1,10.2,Private,1,1,0
P02597,30,M,Dental,2025-01-08,2025-01-08,1,4,2,17.2,Public,1,1,1
P02195,31,F,General practice,2025-01-07,2025-01-08,1,2,1,6.0,Private,0,0,0
P00556,29,M,Paediatrics,2025-01-07,2025-01-09,1,2,1,2.0,None,0,0,0
P00230,16,F,Antenatal,2025-01-08,2025-01-09,1,4,1,4.6,None,0,0,0
P02627,24,F,General practice,2025-01-09,2025-01-09,1,4,0,4.8,Public,0,1,0
P00852,20,M,General practice,2025-01-06,2025-01-09,0,6,2,21.5,Public,0,0,0
P00310,15,F,Eye clinic,2025-01-06,2025-01-09,0,1,0,9.5,Public,0,0,0
P04400,22,F,Dental,2025-01-06,2025-01-09,1,3,2,5.7,Public,0,1,0
P04775,21,F,Eye clinic,2025-01-10,2025-01-10,0,2,1,9.8,None,0,0,1
P03057,13,M,Paediatrics,2025-01-07,2025-01-10,0,4,0,3.7,None,1,1,0
P00860,43,F,General practice,2025-01-06,2025-01-10,0,2,1,6.1,None,1,0,1
P01883,15,M,General practice,2025-01-08,2025-01-13,1,3,0,10.3,None,0,0,0
P02755,24,F,Physiotherapy,2025-01-09,2025-01-13,1,3,0,2.3,Public,0,0,0
P01488,37,F,General practice,2025-01-09,2025-01-13,0,3,1,3.5,Public,0,0,0
P00406,15,F,General practice,2025-01-07,2025-01-13,1,3,0,11.7,None,0,0,0
P01641,41,M,Eye clinic,2025-01-09,2025-01-13,1,3,1,4.0,None,0,1,1
P01677,19,F,General practice,2025-01-13,2025-01-13,0,4,0,24.5,Private,0,0,0
P03546,50,F,Physiotherapy,2025-01-08,2025-01-13,0,7,0,1.0,None,1,0,0
P03372,13,M,Eye clinic,2025-01-08,2025-01-13,1,2,0,12.2,None,1,1,0
P03088,51,M,Antenatal,2025-01-11,2025-01-13,0,6,0,11.7,Public,1,0,0
P02172,13,F,Diabetes clinic,2025-01-11,2025-01-13,1,3,0,3.5,Private,0,0,0
P03993,17,F,Paediatrics,2025-01-06,2025-01-13,0,0,0,8.1,None,0,0,0
P03391,23,F,General practice,2025-01-08,2025-01-13,1,4,1,3.7,Private,0,0,0
P01305,41,M,Dental,2025-01-07,2025-01-13,1,2,0,4.8,Public,0,1,0
P04086,32,M,General practice,2025-01-08,2025-01-14,0,3,1,2.9,Public,0,1,0
P02546,19,F,Diabetes clinic,2025-01-08,2025-01-14,0,5,1,6.0,None,0,0,0
P01091,49,F,General practice,2025-01-06,2025-01-14,1,6,0,8.7,Private,1,0,0
P03894,42,M,Physiotherapy,2025-01-11,2025-01-14,1,4,1,,Public,1,0,0
P02579,17,M,General practice,2025-01-12,2025-01-14,1,0,0,6.6,Public,0,0,0
P04809,15,F,General practice,2025-01-10,2025-01-14,0,5,2,8.1,Public,0,1,1
P03523,37,F,Eye clinic,2025-01-12,2025-01-14,0,2,0,6.0,Private,0,0,0
P02757,38,M,General practice,2025-01-09,2025-01-14,1,2,0,18.1,None,1,0,0
P02830,46,M,Paediatrics,2025-01-06,2025-01-14,0,3,0,12.6,None,1,0,1
P00724,43,F,Diabetes clinic,2025-01-08,2025-01-15,0,1,0,7.7,Private,0,0,0
P00076,71,M,Diabetes clinic,2025-01-12,2025-01-15,1,3,1,,Public,0,1,0
P03672,64,F,Dental,2025-01-11,2025-01-15,0,2,1,4.7,Public,1,1,1
P01531,47,F,Dental,2025-01-12,2025-01-15,0,6,1,2.5,None,0,1,0
P04218,65,F,General practice,2025-01-10,2025-01-15,1,4,0,1.2,None,1,0,0
P00800,42,F,Dental,2025-01-14,2025-01-15,1,1,0,,Public,0,0,0
P01766,48,F,Diabetes clinic,2025-01-14,2025-01-15,0,5,1,8.2,Public,1,0,0
P01106,15,M,Eye clinic,2025-01-09,2025-01-15,1,1,0,10.9,Public,0,0,0
P04605,33,F,Antenatal,2025-01-11,2025-01-15,0,1,0,5.4,None,0,1,0
P04758,24,M,Antenatal,2025-01-13,2025-01-15,1,4,0,13.6,Private,0,1,0
P02929,37,M,Diabetes clinic,2025-01-07,2025-01-15,0,1,0,10.7,None,0,0,1
P03694,20,F,Eye clinic,2025-01-10,2025-01-15,1,2,1,7.0,None,0,0,1
P01620,74,F,Antenatal,2025-01-07,2025-01-16,0,3,0,15.2,Private,1,0,0
P02551,33,M,Physiotherapy,2025-01-13,2025-01-16,0,6,1,3.9,Public,0,0,0
P02251,11,M,Eye clinic,2025-01-16,2025-01-16,0,3,1,,None,0,0,1
P02248,8,F,General practice,2025-01-15,2025-01-16,0,1,0,7.5,Public,0,0,0
P03495,36,F,Diabetes clinic,2025-01-13,2025-01-16,1,3,0,31.3,Public,0,0,0
P00169,14,F,Eye clinic,2025-01-13,2025-01-16,0,5,1,15.0,Private,0,0,1
P01145,24,M,Physiotherapy,2025-01-08,2025-01-16,1,3,1,18.9,Private,1,0,1
P00229,35,F,Diabetes clinic,2025-01-13,2025-01-16,0,3,0,5.8,Public,0,0,0
P04440,33,M,General practice,2025-01-12,2025-01-16,0,1,0,12.4,None,0,0,0
P04945,15,F,Dental,2025-01-13,2025-01-16,1,1,0,7.7,Private,1,0,0
P03113,50,M,Dental,2025-01-12,2025-01-17,1,3,0,10.3,Public,0,1,0
P00277,30,F,General practice,2025-01-10,2025-01-17,0,3,0,15.8,Public,1,0,1
P00422,41,M,Diabetes clinic,2025-01-17,2025-01-17,1,3,1,2.2,None,0,1,0
P01606,43,F,Paediatrics,2025-01-11,2025-01-17,1,5,1,7.7,Private,0,0,0
P03485,48,M,General practice,2025-01-11,2025-01-17,1,2,1,7.0,None,0,1,0
P02803,19,F,General practice,2025-01-11,2025-01-17,0,0,0,3.7,None,0,0,0
P01345,27,F,Antenatal,2025-01-07,2025-01-17,1,3,0,5.8,Private,0,0,0
P04012,16,F,General practice,2025-01-15,2025-01-17,0,1,1,12.7,None,0,0,1
P03978,2,M,Antenatal,2025-01-17,2025-01-17,0,5,1,13.9,None,0,0,1
P00334,23,F,Antenatal,2025-01-14,2025-01-20,1,4,2,10.4,None,0,0,0
P00778,16,M,Diabetes clinic,2025-01-12,2025-01-20,0,0,0,3.3,None,0,1,0
P02843,17,F,General practice,2025-01-13,2025-01-20,1,3,0,19.5,None,1,1,0
P00381,31,M,General practice,2025-01-14,2025-01-20,1,4,0,14.1,None,1,0,0
P02041,92,F,Diabetes clinic,2025-01-14,2025-01-20,1,5,1,3.5,Public,0,0,0
P04825,45,M,Dental,2025-01-17,2025-01-20,1,5,1,26.1,None,0,0,0
P04123,42,M,Paediatrics,2025-01-06,2025-01-20,1,1,0,1.7,Public,0,0,0
P00335,49,F,General practice,2025-01-19,2025-01-20,1,4,1,3.0,Private,0,0,0
P02783,59,M,Paediatrics,2025-01-18,2025-01-20,1,4,1,12.2,Public,1,1,0
P01881,31,F,Physiotherapy,2025-01-08,2025-01-20,0,2,0,5.8,None,0,1,0
P02557,43,F,Paediatrics,2025-01-14,2025-01-20,1,5,1,26.2,Public,0,0,0
P00889,21,F,General practice,2025-01-18,2025-01-20,1,3,0,2.8,None,0,0,0
P00138,24,F,Dental,2025-01-06,2025-01-20,1,1,0,5.7,Private,0,0,0
P01890,11,M,Physiotherapy,2025-01-14,2025-01-20,1,0,0,3.1,Public,0,0,0
P00955,81,F,General practice,2025-01-19,2025-01-20,0,4,0,17.4,Public,0,0,0
P01060,29,F,General practice,2025-01-13,2025-01-20,0,1,1,4.2,None,0,0,1
P00309,26,F,Dental,2025-01-13,2025-01-20,1,1,0,10.9,None,0,0,1
P01952,56,F,Diabetes clinic,2025-01-19,2025-01-20,0,2,0,3.1,Private,0,1,1
P01112,19,F,Paediatrics,2025-01-18,2025-01-20,1,1,1,10.2,Public,0,0,1
P04482,45,M,Paediatrics,2025-01-12,2025-01-20,1,3,0,4.0,None,0,0,1
P02153,29,F,General practice,2025-01-10,2025-01-20,1,3,1,5.3,None,0,0,0
P04347,27,M,Paediatrics,2025-01-12,2025-01-20,0,2,1,11.7,None,0,0,1
P04118,26,F,General practice,2025-01-11,2025-01-20,0,2,1,9.1,,0,1,0
P04667,55,M,General practice,2025-01-12,2025-01-20,0,1,0,21.8,None,0,0,1
P04095,22,M,Eye clinic,2025-01-19,2025-01-20,1,3,0,25.2,None,0,0,0
P00450,40,F,Eye clinic,2025-01-19,2025-01-20,1,1,0,10.4,None,0,0,1
P03967,33,F,Physiotherapy,2025-01-15,2025-01-20,1,3,2,20.3,Public,0,1,1
P03483,16,M,Eye clinic,2025-01-17,2025-01-20,1,3,1,18.5,None,0,0,0
P01306,43,F,General practice,2025-01-14,2025-01-20,0,2,0,11.6,Public,1,0,0
P03409,12,F,Paediatrics,2025-01-10,2025-01-20,1,2,0,22.6,Public,0,0,0
P03390,14,M,Paediatrics,2025-01-07,2025-01-20,1,5,0,0.7,None,0,1,0
P03401,88,F,Paediatrics,2025-01-10,2025-01-20,0,4,0,13.7,Private,1,0,0
P03187,44,M,Paediatrics,2025-01-14,2025-01-20,1,3,1,,Public,0,0,0
P03139,32,F,Eye clinic,2025-01-12,2025-01-20,1,1,1,2.1,Public,0,0,1
P04876,29,F,Antenatal,2025-01-19,2025-01-20,1,7,1,7.6,None,0,0,0
P00617,20,M,Dental,2025-01-12,2025-01-20,1,3,1,6.9,None,1,0,1
P01843,19,F,Physiotherapy,2025-01-09,2025-01-21,0,6,1,26.8,None,0,0,0
P04457,24,F,General practice,2025-01-07,2025-01-21,1,4,0,5.5,None,0,0,0
P01595,30,F,General practice,2025-01-14,2025-01-21,0,1,0,2.6,None,0,1,0
P01457,29,F,Antenatal,2025-01-13,2025-01-21,1,2,0,10.7,Public,0,1,0
P03773,21,F,Antenatal,2025-01-07,2025-01-21,1,1,0,7.4,Private,0,1,0
P03612,6,F,Physiotherapy,2025-01-17,2025-01-21,0,3,1,4.9,None,0,1,0
P00467,30,M,General practice,2025-01-17,2025-01-21,1,0,0,11.4,Public,0,0,0
P00427,6,M,General practice,2025-01-16,2025-01-21,0,5,1,22.8,Private,0,1,1
P04545,43,F,General practice,2025-01-11,2025-01-21,0,2,0,19.7,None,0,1,1
P03608,27,M,General practice,2025-01-17,2025-01-21,0,5,0,11.9,None,0,0,0
P02445,70,F,Paediatrics,2025-01-15,2025-01-21,1,2,0,1.2,None,0,0,1
P02406,26,F,General practice,2025-01-19,2025-01-22,1,3,1,5.2,,0,0,0
P03942,38,F,Diabetes clinic,2025-01-13,2025-01-22,1,4,2,4.3,Public,0,0,0
P02981,51,F,Paediatrics,2025-01-09,2025-01-22,1,5,0,3.2,Private,1,1,0
P03732,22,M,General practice,2025-01-11,2025-01-22,0,2,1,3.5,Public,0,1,0
P02975,56,F,Antenatal,2025-01-11,2025-01-22,1,2,1,6.7,Public,0,0,1
P02530,41,F,Physiotherapy,2025-01-22,2025-01-22,1,2,0,4.4,None,0,0,0
P00636,34,F,Diabetes clinic,2025-01-17,2025-01-22,1,5,1,8.8,None,0,0,0
P04438,14,M,General practice,2025-01-19,2025-01-22,1,1,0,3.3,None,0,0,0
P04357,51,F,Paediatrics,2025-01-16,2025-01-22,1,3,0,8.7,Public,1,0,0
P01819,68,F,Dental,2025-01-15,2025-01-22,1,5,3,17.5,Private,0,0,1
P04301,31,F,Paediatrics,2025-01-13,2025-01-22,0,4,0,11.8,None,0,0,0
P04911,72,F,General practice,2025-01-08,2025-01-22,1,6,0,3.6,Public,1,0,0
P00070,71,M,Diabetes clinic,2025-01-20,2025-01-23,1,5,1,21.9,None,1,0,0
P00243,56,M,General practice,2025-01-17,2025-01-23,0,1,0,3.1,None,0,0,0
P01796,17,F,Antenatal,2025-01-09,2025-01-23,1,5,2,5.0,Public,0,0,0
P04274,33,M,Diabetes clinic,2025-01-17,2025-01-23,1,2,0,,Private,0,1,0
P04810,8,M,General practice,2025-01-12,2025-01-23,1,3,1,4.8,Public,0,0,0
P00541,67,F,General practice,2025-01-19,2025-01-23,1,4,1,8.7,None,0,0,0
P00551,34,M,Dental,2025-01-12,2025-01-23,1,3,1,10.0,Public,0,1,0
P00023,17,F,Physiotherapy,2025-01-21,2025-01-23,1,2,0,5.1,Private,0,1,0
P04217,40,F,Diabetes clinic,2025-01-18,2025-01-23,1,3,1,11.0,Private,1,1,0
P03752,19,M,Antenatal,2025-01-22,2025-01-24,1,4,1,8.5,Private,0,0,0
P00128,69,M,Paediatrics,2025-01-09,2025-01-24,1,2,0,16.5,None,0,0,0
P03424,36,F,General practice,2025-01-10,2025-01-24,0,3,0,6.5,Private,0,0,0
P03979,35,M,General practice,2025-01-11,2025-01-24,1,5,0,16.9,Public,0,1,0
P04061,24,M,Diabetes clinic,2025-01-23,2025-01-24,1,3,0,7.4,Public,0,0,0
P03219,16,F,Diabetes clinic,2025-01-11,2025-01-24,0,4,2,8.2,Public,0,0,0
P03192,47,M,Diabetes clinic,2025-01-17,2025-01-24,1,3,1,15.4,None,0,0,1
P04596,38,M,Physiotherapy,2025-01-24,2025-01-24,0,1,1,4.0,None,0,0,1
P02674,42,F,General practice,2025-01-06,2025-01-24,1,1,0,5.2,Public,0,0,0
P02892,19,M,Antenatal,2025-01-20,2025-01-24,0,5,1,3.3,None,0,0,0
P04456,29,M,Antenatal,2025-01-08,2025-01-24,1,2,0,24.4,Public,0,1,0
P02481,57,F,Diabetes clinic,2025-01-13,2025-01-24,1,2,1,2.7,Public,1,0,0
P02300,41,F,Paediatrics,2025-01-14,2025-01-24,1,4,0,0.3,None,1,1,0
P00315,48,F,Paediatrics,2025-01-21,2025-01-24,1,5,1,3.3,None,1,1,0
P01083,63,F,Eye clinic,2025-01-22,2025-01-24,1,7,1,0.5,Public,0,0,1
P00200,11,F,Eye clinic,2025-01-13,2025-01-27,1,1,0,2.1,Public,0,0,0
P01303,26,F,General practice,2025-01-19,2025-01-27,0,7,1,4.0,None,0,1,0
P00272,41,M,Dental,2025-01-11,2025-01-27,1,5,0,4.0,None,1,1,0
P00776,41,M,Paediatrics,2025-01-18,2025-01-27,1,2,1,15.9,Public,0,0,1
P00626,39,F,Paediatrics,2025-01-15,2025-01-27,1,4,1,8.0,Private,0,0,1
P00887,24,F,Eye clinic,2025-01-21,2025-01-27,1,3,0,21.1,Private,0,0,0
P00518,63,F,General practice,2025-01-22,2025-01-27,1,5,2,8.6,Public,1,0,0
P00232,10,M,General practice,2025-01-13,2025-01-27,1,4,1,6.2,None,0,0,1
P00505,28,F,Eye clinic,2025-01-26,2025-01-27,0,4,1,9.2,Public,0,0,1
P01267,9,M,Diabetes clinic,2025-01-22,2025-01-27,1,1,0,14.9,None,0,0,0
P01361,86,F,Dental,2025-01-15,2025-01-27,1,5,2,14.2,Public,0,0,0
P02691,49,M,Dental,2025-01-09,2025-01-27,0,2,0,11.7,None,0,1,0
P01429,14,M,General practice,2025-01-24,2025-01-27,1,2,1,14.6,Private,0,0,1
P03244,23,F,Paediatrics,2025-01-25,2025-01-27,0,3,0,9.1,Public,0,1,0
P03270,25,M,Eye clinic,2025-01-09,2025-01-27,0,1,1,14.4,Public,0,0,1
P03279,34,M,Antenatal,2025-01-11,2025-01-27,1,3,1,5.1,None,0,0,0
P03521,38,F,Dental,2025-01-20,2025-01-27,0,5,2,16.0,None,0,0,1
P03551,52,M,General practice,2025-01-22,2025-01-27,0,6,2,4.0,Public,0,0,0
P03653,11,F,General practice,2025-01-17,2025-01-27,1,2,1,12.4,None,0,1,0
P03731,71,M,Diabetes clinic,2025-01-12,2025-01-27,1,1,0,5.0,Private,0,0,0
P03871,18,M,General practice,2025-01-20,2025-01-27,1,3,0,9.7,Public,0,0,0
P03935,26,F,Eye clinic,2025-01-21,2025-01-27,1,2,0,2.9,Private,0,1,0
P03189,24,M,Physiotherapy,2025-01-25,2025-01-27,1,3,0,2.2,Private,0,0,0
P04113,71,F,Paediatrics,2025-01-18,2025-01-27,1,1,0,9.6,Public,0,0,0
P04221,59,F,Dental,2025-01-23,2025-01-27,1,2,1,11.0,Public,0,0,1
P04311,61,F,Physiotherapy,2025-01-14,2025-01-27,0,2,1,3.9,Public,0,0,0
P04466,92,F,Antenatal,2025-01-20,2025-01-27,1,2,1,1.7,Private,1,0,0
P04476,49,M,Paediatrics,2025-01-08,2025-01-27,1,1,0,9.7,Public,0,0,0
P04479,14,M,Antenatal,2025-01-20,2025-01-27,0,4,1,11.9,Private,0,0,0
P04705,30,M,Dental,2025-01-18,2025-01-27,0,7,0,1.4,None,0,1,1
P04735,12,F,General practice,2025-01-12,2025-01-27,1,2,0,16.6,Private,0,1,0
P04904,41,M,Paediatrics,2025-01-21,2025-01-27,0,3,0,9.1,None,0,0,0
P04966,43,F,Eye clinic,2025-01-17,2025-01-27,1,4,2,8.0,Public,0,1,0
P04174,17,F,Diabetes clinic,2025-01-11,2025-01-27,1,4,0,21.5,Private,0,0,0
P03015,70,M,General practice,2025-01-25,2025-01-27,1,3,1,10.2,Public,0,0,0
P03074,40,F,Diabetes clinic,2025-01-14,2025-01-27,0,4,1,7.5,Public,0,1,1
P02183,16,M,General practice,2025-01-25,2025-01-27,1,4,1,,Private,0,0,1
P02087,31,F,Paediatrics,2025-01-10,2025-01-27,1,6,2,3.5,Public,1,0,0
P01860,77,F,Physiotherapy,2025-01-13,2025-01-27,0,2,0,1.4,None,0,0,0
P02980,24,F,General practice,2025-01-17,2025-01-27,1,3,1,12.3,None,0,1,1
P02187,74,F,Antenatal,2025-01-14,2025-01-27,0,4,1,23.1,Public,0,0,0
P02205,80,F,Paediatrics,2025-01-25,2025-01-27,0,1,0,5.0,Public,1,0,0
P01835,70,M,Dental,2025-01-07,2025-01-27,1,4,2,8.1,Public,1,1,0
P02052,24,F,General practice,2025-01-24,2025-01-27,0,6,0,8.3,None,0,0,0
P02226,10,M,Diabetes clinic,2025-01-21,2025-01-27,0,2,1,10.2,None,0,1,1
P02417,88,M,General practice,2025-01-20,2025-01-27,1,4,0,7.6,Private,1,0,0
P02790,12,F,Dental,2025-01-09,2025-01-27,0,3,0,10.7,Public,0,0,1
P02802,24,M,General practice,2025-01-23,2025-01-27,1,3,1,,Private,0,0,0
P01573,56,M,Dental,2025-01-11,2025-01-27,1,1,0,0.5,Private,0,0,1
P02364,23,M,General practice,2025-01-14,2025-01-27,1,7,0,2.5,Public,1,1,1
P02030,13,F,Dental,2025-01-09,2025-01-27,0,2,0,0.8,None,0,0,1
P01782,37,M,Dental,2025-01-16,2025-01-28,0,2,1,6.4,Public,0,1,0
P01738,33,M,Paediatrics,2025-01-15,2025-01-28,0,7,1,12.5,Private,1,0,0
P01142,17,M,Dental,2025-01-27,2025-01-28,1,3,1,11.2,None,0,0,0
P01428,18,F,Paediatrics,2025-01-11,2025-01-28,0,6,1,7.8,None,0,0,1
P01103,41,M,General practice,2025-01-22,2025-01-28,1,3,0,28.0,Public,0,0,0
P00958,57,F,General practice,2025-01-21,2025-01-28,0,6,2,4.3,Public,1,1,0
P02412,16,F,Paediatrics,2025-01-20,2025-01-28,1,6,2,,Public,0,1,1
P02576,18,M,Diabetes clinic,2025-01-18,2025-01-28,1,4,1,,None,0,0,0
P03135,23,M,General practice,2025-01-27,2025-01-28,1,1,1,13.4,Public,0,0,1
P04293,77,F,Paediatrics,2025-01-22,2025-01-28,0,1,0,2.1,Public,0,1,1
P00001,55,F,Diabetes clinic,2025-01-17,2025-01-28,0,5,1,26.0,Public,0,0,1
P05000,57,M,Physiotherapy,2025-01-21,2025-01-28,0,3,1,1.5,Public,0,0,0
P00182,24,F,Eye clinic,2025-01-27,2025-01-28,1,5,1,9.6,Public,0,1,0
P00021,41,F,General practice,2025-01-12,2025-01-28,1,3,0,13.1,Public,0,0,0
P01453,22,F,General practice,2025-01-18,2025-01-29,1,3,1,11.0,Public,0,0,0
P01801,78,M,General practice,2025-01-27,2025-01-29,1,4,1,17.0,Public,0,0,1
P02918,19,F,Eye clinic,2025-01-21,2025-01-29,0,5,0,3.2,Private,0,1,0
P03531,20,M,Antenatal,2025-01-21,2025-01-29,0,4,2,13.6,Private,0,0,1
P01661,59,F,Diabetes clinic,2025-01-29,2025-01-29,0,4,1,1.3,Private,1,0,1
P02938,29,F,Eye clinic,2025-01-23,2025-01-29,0,2,1,1.9,Public,1,0,1
P00757,92,F,Paediatrics,2025-01-26,2025-01-29,1,10,1,2.8,Public,1,0,0
P03584,31,M,Dental,2025-01-27,2025-01-29,1,0,0,4.1,None,0,0,0
P00431,18,F,General practice,2025-01-26,2025-01-29,1,2,1,10.5,Public,0,1,0
P02740,18,F,Dental,2025-01-17,2025-01-29,0,3,0,6.8,Public,1,0,1
P02771,75,F,General practice,2025-01-27,2025-01-29,1,8,1,0.6,Private,0,0,0
P04396,25,F,Eye clinic,2025-01-07,2025-01-29,1,4,1,6.8,Private,1,1,0
P02996,58,F,Physiotherapy,2025-01-28,2025-01-29,1,2,0,21.7,None,1,0,0
P03678,24,F,Diabetes clinic,2025-01-26,2025-01-30,0,3,2,19.9,None,1,1,1
P01388,83,M,General practice,2025-01-21,2025-01-30,0,6,3,4.4,Public,1,0,1
P00993,55,M,Paediatrics,2025-01-22,2025-01-30,1,5,1,13.2,Public,1,1,1
P00880,8,M,Diabetes clinic,2025-01-29,2025-01-30,1,3,0,19.2,Public,0,0,0
P02381,16,M,Diabetes clinic,2025-01-26,2025-01-30,1,2,0,2.0,Public,0,0,0
P03544,10,M,Physiotherapy,2025-01-22,2025-01-30,0,4,1,12.0,Private,0,0,1
P00418,46,F,General practice,2025-01-16,2025-01-30,0,3,1,6.3,Public,0,0,1
P00333,57,M,Paediatrics,2025-01-15,2025-01-30,0,2,0,5.2,Public,1,0,0
P03906,30,F,General practice,2025-01-20,2025-01-30,1,6,1,2.0,Private,0,1,0
P01426,48,F,Eye clinic,2025-01-25,2025-01-30,1,2,0,7.1,None,0,0,0
P02395,21,F,Dental,2025-01-22,2025-01-31,0,1,0,6.8,None,0,1,0
P01073,7,F,General practice,2025-01-29,2025-01-31,0,2,0,8.5,Public,1,0,0
P02990,23,F,General practice,2025-01-22,2025-01-31,1,3,0,5.8,None,0,0,0
P01574,36,F,Diabetes clinic,2025-01-29,2025-01-31,1,0,0,10.5,Public,1,0,0
P00813,59,M,Dental,2025-01-29,2025-01-31,1,2,0,4.6,Private,0,0,0
P02831,22,F,Antenatal,2025-01-12,2025-01-31,1,2,0,5.9,Private,0,1,0
P00170,79,F,Paediatrics,2025-01-29,2025-01-31,0,2,0,5.9,None,1,0,0
P04547,43,F,Eye clinic,2025-01-15,2025-01-31,1,2,0,12.0,Public,0,0,0
P00877,36,F,Paediatrics,2025-01-27,2025-01-31,1,4,1,4.4,Public,1,0,0
P00270,38,M,General practice,2025-01-29,2025-01-31,1,1,0,,None,0,1,0
P00749,24,F,Antenatal,2025-01-06,2025-02-03,0,2,1,7.6,Public,0,0,1
P02042,70,M,General practice,2025-01-24,2025-02-03,1,4,0,5.6,Public,0,1,0
P01652,38,M,Antenatal,2025-02-01,2025-02-03,1,3,2,7.9,Public,0,1,1
P04063,19,F,Eye clinic,2025-01-18,2025-02-03,1,3,0,,Public,0,1,0
P02594,8,M,Diabetes clinic,2025-01-29,2025-02-03,0,4,0,7.8,Private,0,1,0
P03349,26,F,Physiotherapy,2025-01-25,2025-02-03,1,3,1,2.2,Private,0,0,0
P02878,39,M,General practice,2025-01-25,2025-02-03,0,1,0,2.4,Private,1,0,1
P03352,12,F,Dental,2025-01-09,2025-02-03,0,2,0,10.7,None,0,0,1
P01002,20,M,General practice,2025-01-07,2025-02-03,0,6,0,10.3,Private,0,0,1
P03397,21,M,Antenatal,2025-01-06,2025-02-03,1,1,0,12.2,Public,1,0,0
P04653,13,F,Diabetes clinic,2025-02-01,2025-02-03,0,3,0,15.7,Public,0,0,0
P00322,22,M,General practice,2025-02-02,2025-02-03,1,2,1,2.8,None,0,1,0
P00779,46,M,Antenatal,2025-01-09,2025-02-03,1,1,0,16.4,None,0,0,1
P02212,36,M,General practice,2025-01-30,2025-02-03,0,1,0,10.8,Public,0,0,0
P01444,48,M,Paediatrics,2025-01-25,2025-02-03,1,4,0,2.3,Public,1,1,0
P01127,16,F,General practice,2025-01-31,2025-02-03,0,3,1,9.4,Public,0,0,0
P00090,15,M,General practice,2025-01-12,2025-02-03,0,3,0,8.0,None,0,0,1
P04196,40,F,Antenatal,2025-01-20,2025-02-03,0,1,0,37.1,Private,1,0,0
P01712,36,M,Dental,2025-01-20,2025-02-03,1,3,1,1.1,None,1,0,0
P01774,11,M,Eye clinic,2025-01-30,2025-02-03,0,1,0,33.1,Public,0,0,1
P00828,44,F,Paediatrics,2025-01-19,2025-02-03,0,3,2,8.5,None,0,1,1
P02437,30,F,Diabetes clinic,2025-01-31,2025-02-03,0,2,0,2.2,Public,0,0,0
P04071,38,M,General practice,2025-01-14,2025-02-03,1,5,1,2.7,Private,0,0,0
P04681,37,M,Paediatrics,2025-01-21,2025-02-03,0,2,0,20.2,Public,0,0,0
P03780,30,M,General practice,2025-01-09,2025-02-03,1,1,1,,None,0,0,1
P01336,32,F,Antenatal,2025-01-10,2025-02-03,1,0,0,9.2,Public,0,0,0
P00227,39,M,Physiotherapy,2025-01-31,2025-02-03,1,5,1,7.5,Public,0,1,1
P03793,39,M,General practice,2025-01-28,2025-02-03,1,2,1,17.9,None,0,0,1
P04956,28,F,Antenatal,2025-01-29,2025-02-03,1,0,0,4.2,Public,0,1,1
P00898,23,M,General practice,2025-01-20,2025-02-03,1,4,1,22.4,Private,0,1,1
P00464,33,F,Antenatal,2025-02-01,2025-02-03,1,1,0,7.9,None,0,0,0
P03081,20,F,General practice,2025-01-23,2025-02-03,1,2,0,16.3,None,0,0,0
P02548,28,M,Physiotherapy,2025-01-22,2025-02-03,1,2,0,6.1,Public,0,0,0
P00614,74,M,Eye clinic,2025-01-15,2025-02-03,1,2,0,3.7,Public,0,1,0
P00465,68,F,Eye clinic,2025-01-24,2025-02-03,1,2,0,5.3,None,1,1,0
P01564,33,M,Dental,2025-01-30,2025-02-03,0,5,1,16.3,Public,0,0,1
P01372,6,F,General practice,2025-01-19,2025-02-03,0,4,1,2.5,None,0,1,1
P02522,26,M,Paediatrics,2025-01-29,2025-02-03,0,2,0,0.8,None,1,0,0
P00858,36,M,Paediatrics,2025-01-20,2025-02-03,1,2,0,4.8,None,0,0,0
P02461,18,F,Antenatal,2025-02-01,2025-02-04,0,3,1,13.5,None,0,0,1
P03002,66,F,Diabetes clinic,2025-01-30,2025-02-04,1,5,1,0.8,None,1,0,0
P01373,37,M,General practice,2025-01-15,2025-02-04,0,4,0,17.6,None,0,0,1
P03581,47,F,General practice,2025-01-15,2025-02-04,1,3,1,0.8,None,0,0,0
P00566,13,F,Antenatal,2025-01-19,2025-02-04,1,0,0,17.3,Public,0,0,0
P03809,51,F,General practice,2025-01-28,2025-02-04,1,2,0,2.1,None,0,0,0
P01349,28,M,Physiotherapy,2025-01-20,2025-02-04,1,3,1,5.1,None,0,0,0
P04473,22,M,Physiotherapy,2025-01-13,2025-02-04,0,2,0,7.0,Private,0,1,0
P03086,46,F,Eye clinic,2025-02-02,2025-02-04,0,3,0,5.9,None,1,0,1
P00687,69,M,Antenatal,2025-01-19,2025-02-04,0,5,0,3.2,Private,0,0,0
P02496,36,M,General practice,2025-02-04,2025-02-04,1,3,0,7.6,Public,0,1,0
P00052,20,F,Paediatrics,2025-01-31,2025-02-04,1,3,0,18.1,Public,1,1,0
P00285,41,F,Paediatrics,2025-02-02,2025-02-04,1,4,0,1.3,None,0,0,0
P00948,65,M,Antenatal,2025-02-02,2025-02-05,0,3,1,10.0,Public,0,0,0
P01481,38,M,General practice,2025-01-09,2025-02-05,1,5,1,4.8,Public,0,1,1
P03510,23,F,Antenatal,2025-01-06,2025-02-05,0,4,2,14.6,None,0,1,1
P04475,42,M,Antenatal,2025-01-23,2025-02-05,0,2,0,7.6,Public,0,0,0
P00599,22,F,Diabetes clinic,2025-02-01,2025-02-05,1,1,1,18.3,Private,0,0,1
P02487,18,F,Physiotherapy,2025-02-01,2025-02-05,1,2,1,4.3,Public,0,1,0
P02877,19,M,Eye clinic,2025-01-24,2025-02-05,1,1,0,16.4,Public,0,1,0
P04263,20,M,General practice,2025-02-05,2025-02-05,0,2,0,12.3,Private,0,0,0
P03224,26,F,Antenatal,2025-01-21,2025-02-05,1,2,1,3.6,Public,0,0,1
P04591,33,F,General practice,2025-01-11,2025-02-05,1,4,1,19.6,Public,0,1,1
P00253,16,M,Physiotherapy,2025-02-03,2025-02-05,0,3,0,22.1,Public,1,0,0
P01758,63,F,Eye clinic,2025-01-09,2025-02-05,1,1,0,0.4,None,1,0,0
P01104,88,M,Physiotherapy,2025-01-16,2025-02-05,1,1,0,8.3,None,1,1,0
P03294,39,F,General practice,2025-02-04,2025-02-05,0,3,0,7.6,None,0,0,0
P02463,24,F,Paediatrics,2025-02-01,2025-02-06,1,2,1,9.2,Public,0,1,1
P01196,57,F,Eye clinic,2025-02-01,2025-02-06,1,3,0,5.4,Public,1,0,0
P03900,42,F,Dental,2025-01-18,2025-02-06,0,5,2,2.8,Public,0,0,0
P01576,20,F,General practice,2025-01-28,2025-02-06,1,2,0,1.3,Private,0,0,0
P04725,42,F,Paediatrics,2025-01-22,2025-02-06,0,3,0,2.8,Public,0,1,0
P02063,9,F,Physiotherapy,2025-02-01,2025-02-06,0,0,0,13.3,Private,0,1,1
P03230,15,F,Diabetes clinic,2025-01-30,2025-02-06,1,0,0,18.1,None,0,0,0
P04563,20,M,Antenatal,2025-01-27,2025-02-06,1,3,1,5.9,Private,1,0,0
P00960,33,M,Diabetes clinic,2025-01-24,2025-02-06,0,4,0,7.9,Public,0,0,0
P00811,12,F,Diabetes clinic,2025-01-11,2025-02-06,1,2,1,11.0,Private,0,0,1
P01795,39,M,Antenatal,2025-01-27,2025-02-06,1,1,0,6.4,None,0,1,0
P04178,52,M,General practice,2025-02-05,2025-02-06,0,1,0,9.3,Public,1,0,0
P00992,29,M,General practice,2025-02-04,2025-02-06,1,4,1,2.1,Public,0,1,0
P03950,42,F,Antenatal,2025-01-29,2025-02-06,0,3,0,2.3,Public,0,0,1
P01855,42,F,General practice,2025-01-24,2025-02-06,1,0,0,3.3,None,0,1,1
P03142,77,F,Physiotherapy,2025-01-29,2025-02-06,1,2,0,4.6,None,0,0,0
P01448,32,M,Paediatrics,2025-01-29,2025-02-06,1,3,2,14.1,Public,0,0,0
P04808,44,F,Diabetes clinic,2025-01-31,2025-02-07,1,4,2,11.8,Public,0,1,0
P02819,7,M,Eye clinic,2025-02-04,2025-02-07,0,2,1,2.9,Public,0,0,0
P04782,31,F,General practice,2025-02-07,2025-02-07,0,5,1,5.8,Public,0,1,0
P03340,45,F,Physiotherapy,2025-02-01,2025-02-07,0,1,0,5.4,Public,1,0,0
P00766,55,F,Eye clinic,2025-01-27,2025-02-07,1,2,1,2.6,Public,0,0,0
P04997,51,M,General practice,2025-01-31,2025-02-07,0,6,2,5.7,Public,0,1,1
P02097,64,F,Eye clinic,2025-02-04,2025-02-07,0,4,2,3.7,Public,0,0,1
P03665,34,F,Paediatrics,2025-01-24,2025-02-07,1,3,1,4.9,Public,0,1,1
P00515,27,M,Diabetes clinic,2025-02-02,2025-02-07,0,6,2,4.5,Public,0,0,0
P00123,18,F,General practice,2025-01-26,2025-02-07,1,3,1,,None,0,0,1
P02640,9,F,Eye clinic,2025-01-16,2025-02-07,0,1,0,8.7,None,0,0,1
P02378,59,F,General practice,2025-01-18,2025-02-07,1,4,1,13.4,Public,0,0,0
P01170,49,F,General practice,2025-01-22,2025-02-07,0,5,2,1.3,Public,0,0,1
P02750,10,F,Paediatrics,2025-02-04,2025-02-07,0,5,0,6.7,Private,0,0,1
P01022,7,F,Paediatrics,2025-02-05,2025-02-07,1,0,0,4.2,None,0,0,0
P01632,25,F,Antenatal,2025-01-17,2025-02-07,0,4,2,2.8,None,0,0,0
P00963,41,F,Dental,2025-01-17,2025-02-07,0,1,0,3.2,Public,0,1,0
P04542,26,F,Dental,2025-01-14,2025-02-07,0,4,1,27.3,None,0,1,1
P02287,14,M,General practice,2025-01-24,2025-02-07,1,3,0,15.3,None,0,0,0
P01186,26,F,Antenatal,2025-01-30,2025-02-07,0,4,1,3.2,Public,0,0,0
P02507,7,F,Physiotherapy,2025-01-27,2025-02-10,1,1,1,34.5,None,0,1,1
P03202,48,M,General practice,2025-01-24,2025-02-10,0,1,0,9.1,Private,0,0,0
P00019,7,F,Physiotherapy,2025-02-08,2025-02-10,0,2,0,17.9,None,0,0,1
P03487,11,M,Paediatrics,2025-01-23,2025-02-10,0,4,1,5.7,Public,0,0,0
P04739,54,M,Diabetes clinic,2025-01-31,2025-02-10,0,1,0,10.0,Private,1,1,0
P01597,22,M,General practice,2025-02-09,2025-02-10,0,3,1,2.5,Private,0,0,1
P00063,30,F,Diabetes clinic,2025-02-09,2025-02-10,0,2,1,26.2,None,0,0,1
P03587,14,F,Dental,2025-01-27,2025-02-10,0,0,0,7.1,None,0,1,1
P04933,55,F,Dental,2025-01-29,2025-02-10,1,5,0,5.0,None,0,0,0
P00543,28,M,Paediatrics,2025-02-02,2025-02-10,1,5,0,3.4,Private,0,0,0
P01354,44,M,Physiotherapy,2025-01-30,2025-02-10,1,5,1,1.4,Public,0,1,0
P01175,12,M,Eye clinic,2025-02-04,2025-02-10,0,3,0,6.6,Private,0,0,0
P01928,26,F,General practice,2025-02-07,2025-02-10,1,3,0,14.8,Public,0,0,0
P01793,23,M,General practice,2025-02-10,2025-02-10,1,5,0,2.7,None,0,0,0
P01459,5,F,Diabetes clinic,2025-02-07,2025-02-10,0,6,1,37.7,Private,0,1,1
P01417,18,M,General practice,2025-01-22,2025-02-10,1,3,1,7.1,None,0,0,0
P03687,9,M,General practice,2025-02-08,2025-02-10,0,2,0,16.6,None,0,0,0
P03869,11,M,Diabetes clinic,2025-01-20,2025-02-10,1,2,0,4.6,None,0,1,0
P01029,24,F,Diabetes clinic,2025-01-09,2025-02-10,1,2,1,7.9,Public,0,0,1
P03913,4,F,General practice,2025-01-27,2025-02-10,1,1,1,17.8,None,1,0,0
P01285,21,M,Diabetes clinic,2025-01-27,2025-02-10,1,4,1,8.6,Private,0,1,0
P03407,67,F,General practice,2025-01-18,2025-02-10,1,2,1,10.4,None,1,0,0
P04826,19,F,Antenatal,2025-02-05,2025-02-10,1,1,1,5.6,Public,0,1,1
P02619,63,M,Dental,2025-02-10,2025-02-10,0,3,0,8.8,None,0,1,0
P04375,85,M,General practice,2025-01-25,2025-02-10,1,3,0,10.8,None,0,0,0
P04056,43,M,Dental,2025-01-28,2025-02-10,1,3,1,5.3,None,0,0,1
P04304,32,F,Antenatal,2025-01-26,2025-02-10,1,6,0,12.0,Public,0,1,0
P03232,29,F,Antenatal,2025-02-02,2025-02-10,1,3,1,6.6,None,0,0,0
P01739,18,F,General practice,2025-01-21,2025-02-10,1,2,1,20.9,Private,0,0,1
P00736,25,F,Antenatal,2025-01-28,2025-02-10,0,2,1,11.4,Public,0,0,1
P03597,38,F,General practice,2025-01-23,2025-02-10,1,5,0,5.2,Public,1,1,0
P00977,17,M,Diabetes clinic,2025-02-06,2025-02-10,0,1,0,1.0,Public,0,1,0
P04632,51,F,Diabetes clinic,2025-01-22,2025-02-10,0,3,0,24.9,None,0,0,1
P03071,27,M,Physiotherapy,2025-02-03,2025-02-11,1,4,1,0.9,Public,0,0,0
P00986,20,F,Paediatrics,2025-02-05,2025-02-11,0,4,1,5.9,Private,0,0,0
P01735,92,M,Physiotherapy,2025-01-25,2025-02-11,1,2,0,8.5,None,0,0,0
P00498,26,F,General practice,2025-02-07,2025-02-11,1,4,1,6.6,Private,0,1,1
P04895,18,M,General practice,2025-01-09,2025-02-11,1,4,1,9.9,None,0,1,1
P04519,75,F,Paediatrics,2025-01-21,2025-02-11,1,3,2,5.0,None,0,0,1
P04462,35,F,Dental,2025-01-30,2025-02-11,0,5,1,8.1,Public,0,1,1
P01017,34,F,Dental,2025-02-04,2025-02-11,1,3,1,9.8,None,1,1,1
P04040,28,M,Eye clinic,2025-02-01,2025-02-11,1,2,0,3.6,Public,0,1,0
P04616,18,F,General practice,2025-02-10,2025-02-11,1,1,0,3.6,None,0,0,0
P04249,27,M,Antenatal,2025-02-10,2025-02-11,0,0,0,17.7,None,1,1,0
P02934,28,F,Diabetes clinic,2025-01-21,2025-02-11,1,2,0,5.0,Public,0,1,1
P03475,50,F,Paediatrics,2025-02-01,2025-02-11,1,2,0,17.2,None,1,1,0
P04786,69,F,Physiotherapy,2025-01-24,2025-02-11,0,1,0,11.7,Public,0,0,0
P00857,38,F,Dental,2025-02-01,2025-02-11,0,3,0,,None,0,0,0
P04553,33,M,Antenatal,2025-01-30,2025-02-11,1,2,1,3.2,Private,0,0,0
P04597,40,M,General practice,2025-02-05,2025-02-11,0,5,2,13.4,None,0,0,0
P03036,50,M,Paediatrics,2025-02-11,2025-02-12,1,1,0,11.4,Public,1,1,0
P01233,15,M,Physiotherapy,2025-01-28,2025-02-12,1,4,2,10.7,Public,0,0,0
P04143,31,F,Physiotherapy,2025-02-12,2025-02-12,1,5,4,16.8,Private,0,0,0
P04540,75,M,Antenatal,2025-01-08,2025-02-12,1,3,0,5.3,Public,1,0,1
P04156,51,F,Eye clinic,2025-01-06,2025-02-12,0,4,0,4.6,None,0,0,0
P01181,10,M,Physiotherapy,2025-02-04,2025-02-12,1,1,0,4.5,None,0,0,0
P00791,39,F,Diabetes clinic,2025-02-11,2025-02-12,0,2,0,15.9,Public,0,1,1
P03851,39,F,Antenatal,2025-02-02,2025-02-12,1,4,0,13.0,Public,0,0,0
P03310,12,M,Antenatal,2025-02-02,2025-02-12,0,1,0,0.8,Private,0,0,1
P02021,10,M,Eye clinic,2025-01-23,2025-02-12,1,4,1,4.7,Public,0,1,1
P02930,14,M,Dental,2025-01-27,2025-02-12,0,2,0,6.3,Public,0,0,1
P01400,30,M,General practice,2025-02-09,2025-02-12,1,2,2,19.4,None,0,0,1
P03329,30,M,Physiotherapy,2025-02-09,2025-02-12,1,2,0,3.2,Public,0,1,0
P04226,63,F,Antenatal,2025-02-12,2025-02-12,1,4,2,15.3,None,1,1,0
P02177,26,F,Diabetes clinic,2025-02-01,2025-02-12,1,1,0,9.6,None,0,0,0
P03878,24,M,Eye clinic,2025-02-06,2025-02-12,0,2,1,3.5,Private,0,0,1
P02498,51,M,General practice,2025-02-03,2025-02-13,0,5,1,5.7,None,1,0,0
P04065,79,M,Antenatal,2025-02-04,2025-02-13,1,6,2,23.9,Private,0,0,0
P00044,58,M,Diabetes clinic,2025-01-29,2025-02-13,1,2,0,21.7,Public,1,0,1
P00936,53,F,Diabetes clinic,2025-02-03,2025-02-13,0,7,1,9.2,None,0,0,1
P04219,56,M,Dental,2025-01-27,2025-02-13,0,5,2,18.7,Public,1,0,1
P01381,29,F,General practice,2025-02-10,2025-02-13,1,3,0,3.3,Public,1,1,0
P01626,81,F,Diabetes clinic,2025-02-08,2025-02-13,0,2,0,2.0,Private,1,0,0
P04050,53,F,Dental,2025-02-05,2025-02-13,0,1,0,3.0,Private,0,0,0
P03926,42,F,General practice,2025-02-08,2025-02-13,1,2,0,3.4,Public,0,1,1
P00462,66,F,General practice,2025-01-30,2025-02-13,1,6,2,11.2,None,0,0,0
P00313,45,F,Antenatal,2025-02-08,2025-02-13,1,7,0,6.3,Private,0,1,0
P04888,12,M,Eye clinic,2025-02-05,2025-02-13,1,5,0,12.8,Private,0,1,0
P00482,92,M,Paediatrics,2025-01-27,2025-02-13,0,3,1,8.3,None,1,0,1
P01656,46,M,Eye clinic,2025-02-05,2025-02-13,1,2,0,,Private,1,0,0
P03439,60,M,General practice,2025-01-30,2025-02-13,1,3,0,27.4,None,1,0,0
P03098,35,F,Eye clinic,2025-01-21,2025-02-13,0,5,0,3.0,Public,1,1,0
P00429,42,F,Eye clinic,2025-02-02,2025-02-13,1,3,1,6.1,None,0,1,1
P03243,13,M,General practice,2025-02-12,2025-02-13,0,7,2,6.0,Public,0,0,0
P01168,9,M,General practice,2025-01-30,2025-02-13,0,3,0,6.8,Public,0,1,0
P00806,35,M,Paediatrics,2025-01-31,2025-02-13,1,3,0,5.6,Public,0,0,0
P01608,43,M,Eye clinic,2025-02-02,2025-02-13,1,5,2,20.7,Public,0,0,1
P02294,23,F,Diabetes clinic,2025-01-27,2025-02-14,0,1,0,12.0,Public,0,1,1
P00619,64,F,Eye clinic,2025-02-13,2025-02-14,1,4,1,0.8,None,0,0,0
P03026,72,F,General practice,2025-02-05,2025-02-14,1,1,0,20.2,Public,1,1,0
P00510,66,M,Paediatrics,2025-02-03,2025-02-14,1,5,1,5.8,,0,0,0
P01828,33,M,Eye clinic,2025-02-10,2025-02-14,0,3,1,14.5,Public,0,0,1
P02567,24,F,General practice,2025-01-29,2025-02-14,1,6,1,17.0,Public,0,0,1
P00439,11,F,Physiotherapy,2025-01-15,2025-02-14,1,3,0,4.8,Private,0,0,0
P01135,26,F,General practice,2025-01-27,2025-02-14,1,3,1,9.7,Public,0,0,1
P02476,37,M,Eye clinic,2025-01-26,2025-02-14,0,2,0,10.3,None,0,0,0
P01858,12,F,Physiotherapy,2025-02-04,2025-02-14,0,1,0,12.9,None,0,1,0
P00967,60,M,Diabetes clinic,2025-02-08,2025-02-14,1,2,0,7.3,Private,0,0,0
P04220,42,M,General practice,2025-02-11,2025-02-17,1,6,1,32.2,,0,1,0
P02915,3,F,General practice,2025-02-13,2025-02-17,1,3,1,14.3,None,0,0,1
P03992,15,F,Diabetes clinic,2025-02-10,2025-02-17,1,2,0,16.4,None,0,0,1
P00849,63,F,General practice,2025-02-12,2025-02-17,0,1,0,16.7,None,0,1,0
P04504,36,M,Physiotherapy,2025-01-20,2025-02-17,1,3,1,8.7,Private,0,1,0
P02477,39,M,Paediatrics,2025-02-07,2025-02-17,1,1,1,7.2,Private,0,0,1
P03020,55,F,Antenatal,2025-01-25,2025-02-17,0,1,1,4.1,Public,0,0,1
P03640,60,F,General practice,2025-02-15,2025-02-17,1,1,0,13.0,None,0,0,0
P04365,47,F,Diabetes clinic,2025-01-26,2025-02-17,0,2,0,9.9,Public,0,0,0
P01237,56,M,Dental,2025-02-07,2025-02-17,1,1,0,15.5,Public,0,0,0
P04108,33,M,General practice,2025-02-08,2025-02-17,1,6,2,3.0,Private,0,0,0
P04215,18,F,Antenatal,2025-02-15,2025-02-17,0,2,0,3.9,None,0,0,0
P04471,16,M,General practice,2025-01-27,2025-02-17,1,4,0,25.5,None,1,0,0
P02911,9,M,General practice,2025-01-27,2025-02-17,0,2,1,9.7,Public,0,0,1
P01815,40,F,Eye clinic,2025-02-02,2025-02-17,1,4,0,3.6,None,0,0,0
P04574,38,F,General practice,2025-01-28,2025-02-17,0,3,1,,Public,0,1,0
P00534,3,F,Paediatrics,2025-02-13,2025-02-17,1,6,1,19.2,None,0,0,0
P00926,10,F,Dental,2025-02-15,2025-02-17,1,5,0,11.8,,0,0,0
P03847,92,M,Eye clinic,2025-02-16,2025-02-17,1,8,1,3.4,Private,0,0,0
P02796,58,F,Eye clinic,2025-02-03,2025-02-17,1,3,1,3.0,None,1,0,0
P02493,23,M,General practice,2025-02-07,2025-02-17,1,1,0,9.4,Public,0,1,0
P02489,44,M,Antenatal,2025-02-12,2025-02-17,0,2,0,17.7,None,0,0,0
P04168,42,M,General practice,2025-02-15,2025-02-17,0,3,1,1.4,Public,1,0,0
P04203,46,M,Antenatal,2025-02-01,2025-02-17,1,3,0,9.5,None,1,0,0
P04248,71,M,Paediatrics,2025-01-28,2025-02-17,1,0,0,10.6,None,0,0,0
P02075,14,F,Eye clinic,2025-02-05,2025-02-17,1,1,0,4.0,None,0,0,0
P02793,3,F,General practice,2025-02-08,2025-02-17,1,4,1,,Public,1,1,0
P00734,11,F,General practice,2025-02-02,2025-02-17,1,5,2,35.3,None,0,0,0
P02710,39,M,Eye clinic,2025-01-28,2025-02-17,0,0,0,16.1,Public,0,0,1
P03631,14,M,Antenatal,2025-02-04,2025-02-17,1,4,2,4.7,Public,0,0,0
P00846,25,F,Diabetes clinic,2025-02-09,2025-02-17,0,2,0,18.4,Private,0,1,1
P01327,82,M,Antenatal,2025-02-15,2025-02-17,1,2,0,8.4,Public,1,1,0
P04850,34,F,Physiotherapy,2025-02-07,2025-02-17,1,3,2,10.7,Public,0,0,1
P03396,57,M,Antenatal,2025-02-07,2025-02-17,1,1,1,11.3,None,0,1,1
P01281,28,F,General practice,2025-02-10,2025-02-17,1,1,0,8.0,Public,0,0,0
P02140,27,M,General practice,2025-02-13,2025-02-17,1,2,0,3.1,None,0,0,0
P04815,71,F,Paediatrics,2025-02-09,2025-02-17,0,4,1,5.4,None,1,0,1
P03450,23,F,Paediatrics,2025-01-26,2025-02-17,0,6,1,3.6,Private,0,0,0
P03478,67,F,Physiotherapy,2025-02-14,2025-02-17,1,1,0,4.1,Public,1,0,0
P04788,48,F,General practice,2025-01-29,2025-02-17,1,2,0,7.0,None,0,0,0
P03417,8,F,Paediatrics,2025-02-12,2025-02-17,0,1,0,10.4,Public,0,1,1
P03348,23,M,Antenatal,2025-01-14,2025-02-17,1,4,2,17.6,Private,0,0,1
P01681,79,M,General practice,2025-02-15,2025-02-17,0,6,0,13.3,None,1,0,0
P02314,36,F,Paediatrics,2025-01-23,2025-02-17,1,4,1,11.4,Public,0,0,1
P01722,49,F,Paediatrics,2025-02-14,2025-02-17,1,0,0,9.0,Public,0,0,0
P04715,27,M,General practice,2025-02-01,2025-02-17,1,5,1,6.7,Private,0,1,0
P00392,46,M,General practice,2025-01-28,2025-02-17,1,1,1,2.7,Public,0,1,1
P01600,34,M,Diabetes clinic,2025-01-19,2025-02-17,1,3,0,6.9,Private,0,1,0
P03300,7,F,Physiotherapy,2025-02-10,2025-02-17,1,1,0,7.4,Public,0,0,1
P02414,6,M,General practice,2025-02-11,2025-02-17,0,1,0,13.2,None,0,1,1
P03565,55,M,Physiotherapy,2025-02-15,2025-02-17,1,6,1,4.5,Private,0,0,0
P04984,35,F,Diabetes clinic,2025-01-24,2025-02-17,0,2,0,4.6,None,0,0,1
P04887,36,F,General practice,2025-02-16,2025-02-17,1,3,0,23.4,None,0,1,0
P00376,33,F,General practice,2025-02-09,2025-02-18,0,3,0,,None,0,0,1
P03908,46,F,Eye clinic,2025-02-10,2025-02-18,1,3,0,10.6,None,0,1,0
P01699,15,F,General practice,2025-02-17,2025-02-18,1,5,1,19.5,Public,0,0,0
P01427,54,F,Dental,2025-02-12,2025-02-18,0,1,0,10.5,Public,0,0,1
P01430,92,F,Dental,2025-02-18,2025-02-18,0,4,1,2.1,Public,1,1,0
P04503,82,F,General practice,2025-02-02,2025-02-18,1,4,0,1.2,Public,1,0,0
P01649,39,F,Dental,2025-02-16,2025-02-18,0,3,0,9.3,Public,0,0,0
P02741,14,F,Antenatal,2025-02-16,2025-02-18,0,5,1,2.3,Public,0,1,0
P04240,41,F,Antenatal,2025-02-12,2025-02-18,1,0,0,1.6,Private,0,0,0
P03161,58,M,Paediatrics,2025-02-16,2025-02-18,0,5,2,15.4,Public,0,0,0
P02564,13,F,General practice,2025-02-05,2025-02-19,1,2,0,14.3,Private,0,0,0
P02053,82,F,General practice,2025-01-12,2025-02-19,1,2,1,2.6,Public,1,0,0
P02848,13,F,Eye clinic,2025-01-17,2025-02-19,0,2,0,4.2,None,0,1,1
P03069,19,F,Diabetes clinic,2025-02-15,2025-02-19,1,4,0,12.3,Private,0,0,0
P03713,34,F,Diabetes clinic,2025-02-14,2025-02-19,0,2,0,4.2,Private,0,0,1
P02842,32,M,Eye clinic,2025-02-19,2025-02-19,1,3,0,1.9,Private,0,0,0
P02791,23,F,Diabetes clinic,2025-02-07,2025-02-19,1,2,1,12.1,None,1,0,1
P03356,67,F,General practice,2025-02-08,2025-02-19,1,5,0,2.3,Public,1,0,0
P02435,71,M,General practice,2025-02-16,2025-02-19,1,1,0,34.9,None,1,1,0
P04276,16,F,Antenatal,2025-02-12,2025-02-19,0,3,0,11.4,Public,1,0,0
P00062,27,M,Dental,2025-01-30,2025-02-19,0,3,0,2.6,None,0,0,0
P03496,48,F,General practice,2025-02-14,2025-02-19,1,4,1,21.5,None,0,0,1
P03594,25,F,General practice,2025-02-01,2025-02-19,0,2,0,3.7,Public,1,0,0
P03215,15,F,Diabetes clinic,2025-02-14,2025-02-19,1,2,1,3.8,Public,0,0,0
P04742,24,F,General practice,2025-02-04,2025-02-19,1,3,0,4.2,Private,0,0,0
P04753,28,F,General practice,2025-01-29,2025-02-20,0,5,2,6.6,,0,0,1
P04064,62,M,General practice,2025-02-19,2025-02-20,1,1,0,15.0,Private,0,0,0
P03174,32,F,Diabetes clinic,2025-02-12,2025-02-20,0,0,0,3.0,Private,0,1,0
P00985,50,F,Diabetes clinic,2025-01-28,2025-02-20,1,2,0,4.6,,0,0,0
P03905,25,F,General practice,2025-02-03,2025-02-20,0,3,1,22.4,None,1,1,1
P01847,36,M,General practice,2025-02-05,2025-02-20,1,5,0,3.6,Private,0,0,0
P02044,59,M,Antenatal,2025-02-20,2025-02-20,1,6,0,13.7,Private,1,1,0
P01440,15,F,Antenatal,2025-02-13,2025-02-20,1,3,2,3.8,None,0,0,0
P02213,13,M,General practice,2025-02-06,2025-02-20,1,4,0,7.7,None,0,0,0
P00124,13,F,Diabetes clinic,2025-02-15,2025-02-20,0,3,2,8.7,Public,1,1,0
P00012,34,F,Eye clinic,2025-02-12,2025-02-20,1,2,0,14.2,Public,0,0,0
P04130,11,M,Dental,2025-02-19,2025-02-20,1,2,0,8.8,Private,0,0,1
P02164,10,M,Eye clinic,2025-02-09,2025-02-21,0,3,0,,None,0,0,0
P02510,46,M,General practice,2025-01-30,2025-02-21,0,0,0,13.9,Public,1,0,1
P02952,33,M,Paediatrics,2025-02-18,2025-02-21,1,3,0,5.4,None,0,0,0
P04974,28,F,General practice,2025-02-20,2025-02-21,0,5,1,12.0,Private,0,0,0
P02884,9,F,Diabetes clinic,2025-02-21,2025-02-21,1,2,1,1.6,None,0,0,0
P00616,32,M,Dental,2025-02-17,2025-02-21,1,2,0,,None,1,0,0
P04928,48,F,General practice,2025-02-16,2025-02-21,0,2,0,5.7,None,1,0,0
P00962,36,M,Diabetes clinic,2025-02-16,2025-02-21,1,2,0,3.6,None,0,0,0
P04062,92,M,Diabetes clinic,2025-02-10,2025-02-21,0,5,0,12.1,Private,1,0,0
P01268,35,F,Paediatrics,2025-02-04,2025-02-21,1,2,0,3.3,Public,0,1,0
P04057,64,F,Antenatal,2025-01-28,2025-02-21,0,5,0,10.6,Public,0,0,0
P04404,30,M,General practice,2025-02-13,2025-02-21,0,4,2,11.5,Public,0,1,0
P00139,37,F,General practice,2025-02-19,2025-02-21,1,3,0,6.6,None,0,0,0
P02628,31,F,Paediatrics,2025-02-05,2025-02-21,1,5,1,2.8,None,0,0,1
P02765,16,M,Paediatrics,2025-02-19,2025-02-21,1,3,0,23.8,None,0,0,0
P00662,39,F,Antenatal,2025-02-08,2025-02-21,1,4,3,5.5,Public,0,1,0
P00177,58,F,Paediatrics,2025-02-02,2025-02-21,1,0,0,1.6,Public,0,1,0
P00527,53,F,Physiotherapy,2025-02-14,2025-02-21,0,4,0,2.0,Public,1,0,0
P01301,26,M,General practice,2025-02-08,2025-02-21,1,3,0,8.4,Private,0,0,0
P01258,25,F,Eye clinic,2025-02-13,2025-02-21,0,6,2,2.4,None,0,0,0
P02020,43,F,Dental,2025-02-17,2025-02-24,1,2,1,5.8,None,0,0,1
P04872,40,M,Physiotherapy,2025-02-22,2025-02-24,1,3,0,14.9,Private,0,0,0
P03660,25,F,General practice,2025-02-21,2025-02-24,0,4,0,6.4,None,0,0,0
P03736,12,M,Antenatal,2025-02-18,2025-02-24,1,3,0,,,0,0,0
P03989,17,M,General practice,2025-02-20,2025-02-24,0,1,0,6.7,Public,0,0,0
P04707,16,M,Paediatrics,2025-02-18,2025-02-24,1,2,1,34.8,Public,0,0,0
P03413,24,M,Paediatrics,2025-02-17,2025-02-24,1,0,0,3.0,None,1,1,1
P03090,5,F,General practice,2025-02-21,2025-02-24,1,1,0,6.7,Public,0,1,0
P01700,49,F,Paediatrics,2025-02-07,2025-02-24,1,4,0,0.8,None,1,0,0
P04710,5,F,Diabetes clinic,2025-02-22,2025-02-24,1,0,0,10.7,None,0,1,0
P02703,20,F,General practice,2025-02-11,2025-02-24,0,1,0,14.3,Public,0,0,0
P02175,29,F,Dental,2025-01-19,2025-02-24,0,4,0,4.2,None,0,0,1
P03818,77,F,Antenatal,2025-02-22,2025-02-24,1,3,1,15.5,None,0,1,0
P00390,48,F,Physiotherapy,2025-02-05,2025-02-24,1,4,0,2.9,Private,0,0,1
P00192,53,M,Physiotherapy,2025-02-15,2025-02-24,0,5,2,11.6,Public,1,1,0
P04027,85,M,Dental,2025-02-22,2025-02-24,0,4,1,1.0,Public,0,1,0
P03180,40,F,Diabetes clinic,2025-02-10,2025-02-24,0,2,0,10.5,Private,0,1,1
P03697,10,F,Dental,2025-02-02,2025-02-24,0,1,0,9.0,None,0,1,0
P01451,23,F,Paediatrics,2025-02-23,2025-02-24,0,3,0,10.2,Private,1,0,0
P03813,33,M,Antenatal,2025-02-18,2025-02-24,0,1,0,11.1,,0,0,0
P01254,36,F,Diabetes clinic,2025-02-11,2025-02-24,1,3,2,34.1,Private,0,0,1
P02045,41,F,Paediatrics,2025-02-09,2025-02-24,1,3,0,16.8,None,0,0,0
P04844,33,F,Paediatrics,2025-02-11,2025-02-24,1,4,1,12.8,None,0,0,0
P03708,17,F,Dental,2025-02-05,2025-02-24,0,2,0,7.3,Public,0,1,0
P00125,30,F,Diabetes clinic,2025-02-11,2025-02-24,0,2,0,9.6,Public,1,0,1
P00796,54,M,Dental,2025-02-16,2025-02-24,1,2,0,4.2,Public,1,0,0
P02610,31,F,Eye clinic,2025-02-15,2025-02-24,0,3,0,7.2,None,0,1,0
P01865,9,M,Paediatrics,2025-02-18,2025-02-24,0,5,0,31.3,None,0,0,1
P01437,56,M,General practice,2025-02-20,2025-02-24,0,5,1,,None,0,1,0
P02744,39,M,Antenatal,2025-02-12,2025-02-24,0,5,0,6.4,,0,0,0
P04664,47,M,General practice,2025-02-19,2025-02-24,0,5,1,21.4,Public,1,1,1
P03315,12,M,General practice,2025-02-15,2025-02-24,0,4,0,6.3,Private,0,0,0
P00247,23,F,Physiotherapy,2025-01-30,2025-02-24,1,11,0,2.8,Public,0,1,0
P02617,30,M,Dental,2025-02-04,2025-02-24,0,7,0,2.7,Private,0,0,0
P01839,49,M,Antenatal,2025-02-18,2025-02-24,1,3,1,5.5,None,1,1,0
P03119,27,F,Physiotherapy,2025-01-24,2025-02-24,1,4,0,11.6,Private,0,0,0
P02745,46,M,Diabetes clinic,2025-02-19,2025-02-24,0,6,0,4.9,Public,0,0,0
P00005,5,F,Antenatal,2025-02-11,2025-02-24,1,4,1,2.2,Public,1,0,1
P01024,19,M,General practice,2025-01-17,2025-02-24,1,3,0,12.3,Private,0,1,0
P03799,39,F,Diabetes clinic,2025-02-16,2025-02-24,0,2,1,8.0,Public,0,0,0
P00217,58,F,General practice,2025-01-27,2025-02-24,1,3,0,6.4,Private,0,0,0
P02730,44,F,Diabetes clinic,2025-02-14,2025-02-24,0,3,0,12.9,,0,0,0
P00827,20,F,Paediatrics,2025-02-05,2025-02-24,1,2,0,9.9,None,1,0,0
P04177,27,F,Physiotherapy,2025-02-18,2025-02-24,0,0,0,10.5,Private,0,0,0
P01772,19,M,General practice,2025-02-21,2025-02-24,1,5,1,7.5,Private,0,0,0
P02509,51,F,Paediatrics,2025-02-20,2025-02-24,1,2,0,3.1,Public,1,0,0
P03216,12,F,Eye clinic,2025-01-13,2025-02-24,1,2,0,2.4,Private,0,0,0
P00865,43,F,Antenatal,2025-01-27,2025-02-24,0,5,0,5.1,Public,1,0,0
P03782,25,M,General practice,2025-02-20,2025-02-24,0,3,0,11.2,,0,0,0
P03395,5,F,General practice,2025-02-20,2025-02-24,0,4,0,2.5,None,0,0,0
P01898,33,M,Antenatal,2025-01-15,2025-02-24,1,0,0,7.0,Public,1,1,0
P00576,9,M,Antenatal,2025-02-05,2025-02-24,0,5,0,5.1,None,0,1,0
P04731,30,M,Physiotherapy,2025-02-15,2025-02-24,1,2,0,,None,0,1,0
P01137,53,F,Eye clinic,2025-02-10,2025-02-24,1,7,2,15.8,Private,1,0,1
P01172,76,M,Paediatrics,2025-02-08,2025-02-24,1,1,0,18.5,Private,0,0,0
P04754,32,M,General practice,2025-02-20,2025-02-24,1,2,1,4.0,Private,0,0,0
P03810,16,M,Physiotherapy,2025-02-03,2025-02-24,1,2,0,3.1,Private,0,0,0
P01599,23,M,Eye clinic,2025-02-03,2025-02-25,1,1,0,8.2,None,0,0,0
P01993,29,M,General practice,2025-02-17,2025-02-25,1,1,0,17.6,None,0,0,0
P03794,56,M,General practice,2025-02-05,2025-02-25,0,3,0,4.2,,0,0,0
P02651,14,M,Physiotherapy,2025-02-15,2025-02-25,1,0,0,11.3,Private,0,0,1
P00819,25,M,Dental,2025-02-15,2025-02-25,0,5,2,13.3,Public,0,1,1
P00142,92,M,General practice,2025-02-16,2025-02-25,0,7,1,11.2,None,1,0,0
P03956,30,F,Diabetes clinic,2025-02-10,2025-02-25,0,5,0,11.0,Public,0,0,0
P01269,63,F,General practice,2025-01-29,2025-02-25,0,5,1,15.1,Public,1,0,1
P02450,31,M,Antenatal,2025-02-23,2025-02-25,1,6,3,13.7,Private,0,1,0
P04736,21,M,Antenatal,2025-02-16,2025-02-25,0,3,0,3.5,Public,0,0,0
P00108,16,F,Physiotherapy,2025-02-05,2025-02-25,1,2,0,1.5,Public,0,1,1
P01494,63,M,General practice,2025-02-14,2025-02-25,1,3,0,16.5,None,1,1,0
P01507,27,M,Diabetes clinic,2025-02-19,2025-02-25,0,3,0,12.8,Public,0,0,1
P01806,18,F,Paediatrics,2025-02-24,2025-02-25,0,1,0,2.6,None,0,0,0
P00382,38,M,Physiotherapy,2025-02-22,2025-02-25,1,2,2,12.8,Private,0,1,1
P03296,62,M,Physiotherapy,2025-02-05,2025-02-26,1,5,1,5.1,None,0,1,1
P01449,31,F,Diabetes clinic,2025-01-10,2025-02-26,0,6,1,20.3,None,0,0,1
P01976,25,F,Eye clinic,2025-02-08,2025-02-26,0,4,0,21.4,None,0,1,1
P01813,42,F,Dental,2025-02-18,2025-02-26,1,6,0,8.8,Public,0,0,0
P01794,19,F,Physiotherapy,2025-02-23,2025-02-26,1,3,1,13.8,None,1,0,1
P04459,42,F,Physiotherapy,2025-02-19,2025-02-26,0,3,0,7.4,Private,1,0,0
P03144,22,F,Paediatrics,2025-01-13,2025-02-26,1,2,1,9.4,Private,0,0,1
P02400,36,F,Antenatal,2025-02-10,2025-02-26,0,2,1,9.9,Public,0,0,0
P02460,22,M,Dental,2025-02-19,2025-02-26,0,1,0,6.3,Private,0,0,1
P02234,54,F,General practice,2025-02-21,2025-02-27,1,2,0,21.2,None,0,0,0
P04163,15,F,General practice,2025-01-31,2025-02-27,0,5,2,18.3,Public,0,1,1
P01745,26,F,General practice,2025-02-24,2025-02-27,1,3,0,13.3,None,0,0,0
P02845,39,F,Paediatrics,2025-01-12,2025-02-27,1,3,1,7.5,Public,1,0,1
P03759,79,M,Paediatrics,2025-02-17,2025-02-27,1,4,0,8.3,Public,0,0,0
P02815,7,F,Paediatrics,2025-02-22,2025-02-27,0,2,0,34.8,Public,0,0,0
P03867,27,F,Eye clinic,2025-02-10,2025-02-27,0,5,1,3.6,Public,0,1,0
P03693,13,F,Paediatrics,2025-02-26,2025-02-27,0,2,1,6.4,None,0,1,1
P01188,51,F,Eye clinic,2025-02-07,2025-02-27,1,2,1,6.0,Public,1,0,1
P04337,11,F,Dental,2025-02-22,2025-02-27,1,7,1,0.5,Private,0,0,0
P01724,5,M,General practice,2025-02-19,2025-02-27,0,0,0,0.5,Public,0,0,0
P04608,20,M,Diabetes clinic,2025-02-06,2025-02-27,1,1,0,9.9,None,0,0,0
P01736,52,F,Paediatrics,2025-02-22,2025-02-27,1,2,0,1.2,Public,1,0,0
P02413,36,F,General practice,2025-02-22,2025-02-28,1,3,1,,None,0,1,0
P04302,59,M,Paediatrics,2025-02-24,2025-02-28,0,3,1,11.4,Private,0,0,1
P03403,22,F,Eye clinic,2025-01-30,2025-02-28,0,4,1,1.6,Public,0,1,1
P03834,29,M,Dental,2025-02-25,2025-02-28,1,3,2,11.0,Public,0,0,0
P04855,73,M,General practice,2025-02-27,2025-02-28,0,5,1,6.9,Private,1,0,0
P03563,62,M,Dental,2025-02-16,2025-02-28,1,0,0,6.0,Public,0,1,0
P00199,28,M,General practice,2025-02-16,2025-02-28,1,6,1,13.0,None,0,0,0
P00774,19,M,General practice,2025-02-19,2025-02-28,1,4,1,1.6,None,0,0,0
P01390,34,M,General practice,2025-02-13,2025-02-28,1,1,0,14.8,Public,1,1,1
P02221,81,F,Antenatal,2025-02-10,2025-02-28,1,1,0,25.0,Public,0,0,1
P00373,44,F,Diabetes clinic,2025-02-17,2025-02-28,0,2,0,13.1,Private,0,0,0
P02393,60,F,Antenatal,2025-02-25,2025-02-28,0,7,1,3.5,Public,1,0,0
P03025,9,F,Eye clinic,2025-02-19,2025-03-03,1,4,0,3.4,Private,0,1,0
P01299,92,F,General practice,2025-02-18,2025-03-03,1,1,0,12.7,None,0,0,0
P02467,27,F,Dental,2025-02-14,2025-03-03,1,5,3,4.4,None,0,1,1
P01713,31,F,Physiotherapy,2025-03-01,2025-03-03,1,7,2,5.5,Public,1,0,0
P03328,15,M,General practice,2025-02-23,2025-03-03,0,5,0,2.2,Public,0,0,1
P03044,29,M,Antenatal,2025-02-28,2025-03-03,0,5,1,18.8,None,0,0,1
P01493,67,F,General practice,2025-01-21,2025-03-03,0,4,3,16.7,Public,0,0,1
P04359,18,M,General practice,2025-02-24,2025-03-03,1,4,1,3.2,Private,0,1,0
P03156,63,F,Diabetes clinic,2025-01-27,2025-03-03,1,1,0,11.6,Public,1,1,1
P00470,27,F,Paediatrics,2025-02-10,2025-03-03,1,2,0,10.6,Public,0,0,0
P04627,77,M,Antenatal,2025-02-20,2025-03-03,1,5,0,28.1,Public,1,0,0
P04893,50,M,Antenatal,2025-02-23,2025-03-03,0,6,1,11.4,Private,1,0,0
P03410,12,F,Eye clinic,2025-02-27,2025-03-03,1,5,1,17.0,None,0,0,0
P00735,7,M,General practice,2025-02-25,2025-03-03,1,3,3,9.5,Private,0,0,1
P01637,71,F,General practice,2025-02-11,2025-03-03,0,6,2,5.3,None,0,1,1
P00457,72,M,General practice,2025-02-12,2025-03-03,1,2,1,13.6,None,0,0,1
P02108,32,M,Diabetes clinic,2025-02-15,2025-03-03,0,2,1,20.0,Public,0,0,1
P02618,16,F,Dental,2025-02-15,2025-03-03,0,2,1,17.7,None,0,1,1
P01629,27,M,Dental,2025-02-12,2025-03-03,0,1,0,31.2,Private,0,0,0
P01442,17,M,General practice,2025-02-20,2025-03-03,0,4,1,11.0,Private,0,0,0
P02614,63,F,Physiotherapy,2025-02-23,2025-03-03,0,7,2,11.4,Public,1,1,1
P04920,11,F,Dental,2025-02-21,2025-03-03,1,1,0,7.9,Public,0,1,0
P02792,44,F,Physiotherapy,2025-02-28,2025-03-03,1,4,1,0.9,Public,0,1,0
P03771,33,M,General practice,2025-02-24,2025-03-03,1,1,1,10.1,,0,0,1
P02047,21,M,Paediatrics,2025-02-27,2025-03-03,1,3,2,9.4,Private,0,0,0
P00643,37,F,Physiotherapy,2025-02-25,2025-03-03,0,1,0,15.2,None,0,0,1
P01391,36,M,Dental,2025-02-18,2025-03-03,0,2,0,7.6,Public,0,0,1
P03854,33,M,Dental,2025-02-26,2025-03-03,1,2,0,7.7,Public,0,0,0
P04834,14,M,General practice,2025-02-25,2025-03-03,1,1,0,6.8,Private,0,0,0
P00378,26,F,Dental,2025-02-20,2025-03-03,1,4,0,10.1,None,0,0,0
P02560,92,M,General practice,2025-02-08,2025-03-03,0,3,2,3.7,None,0,0,1
P03844,14,F,Diabetes clinic,2025-02-09,2025-03-03,1,4,1,3.5,Private,0,1,0
P03876,18,F,Paediatrics,2025-02-11,2025-03-03,0,6,1,29.9,Private,0,0,1
P04643,6,M,Diabetes clinic,2025-02-28,2025-03-03,0,0,0,3.4,None,0,0,1
P01121,7,F,Physiotherapy,2025-02-25,2025-03-03,1,5,0,3.9,Public,0,0,0
P01123,32,F,General practice,2025-02-07,2025-03-03,1,2,0,4.9,None,0,0,0
P02088,12,F,Physiotherapy,2025-02-20,2025-03-03,1,4,0,9.0,Private,0,0,0
P00591,48,M,General practice,2025-01-12,2025-03-03,1,4,2,10.7,None,1,0,1
P00586,19,F,Eye clinic,2025-02-11,2025-03-03,0,3,0,6.7,None,1,0,0
P01159,29,F,General practice,2025-02-26,2025-03-03,1,2,0,8.2,Public,0,0,0
P00553,60,F,Paediatrics,2025-02-23,2025-03-03,1,1,0,29.9,Public,0,0,0
P00875,62,F,Antenatal,2025-02-27,2025-03-03,1,1,0,3.5,Private,0,1,0
P02388,8,F,General practice,2025-03-01,2025-03-03,1,4,2,12.0,Public,0,1,0
P02078,38,M,Paediatrics,2025-02-13,2025-03-03,0,2,0,3.2,None,0,1,0
P04833,14,F,General practice,2025-02-04,2025-03-03,0,5,1,5.5,Public,0,1,1
P03899,79,M,General practice,2025-02-20,2025-03-03,0,3,0,4.4,Public,1,1,1
P02451,16,F,Diabetes clinic,2025-03-01,2025-03-04,0,1,0,8.4,Public,0,0,0
P04222,37,F,Paediatrics,2025-03-01,2025-03-04,0,7,1,2.9,None,1,1,1
P01810,58,F,Physiotherapy,2025-02-17,2025-03-04,1,1,1,4.7,None,0,0,1
P02766,10,F,Diabetes clinic,2025-01-31,2025-03-04,1,1,0,10.2,Public,0,0,1
P04362,36,M,Eye clinic,2025-03-03,2025-03-04,1,5,2,3.4,None,0,0,0
P02724,55,M,Antenatal,2025-02-27,2025-03-04,1,2,0,7.9,Public,0,0,0
P01399,65,F,Physiotherapy,2025-02-12,2025-03-05,0,2,0,13.0,Public,1,0,0
P04059,32,M,Paediatrics,2025-02-27,2025-03-05,0,6,1,4.7,,0,1,0
P03179,7,M,General practice,2025-02-14,2025-03-05,1,4,1,,None,0,0,0
P03335,34,F,General practice,2025-02-05,2025-03-05,1,4,0,3.7,Private,1,0,1
P02116,46,M,Physiotherapy,2025-03-02,2025-03-05,0,5,0,3.9,Public,0,0,0
P04354,17,F,General practice,2025-03-03,2025-03-05,1,6,1,11.5,Public,0,1,0
P02242,16,F,Paediatrics,2025-02-24,2025-03-05,1,2,0,6.4,Private,0,0,0
P03193,22,M,Diabetes clinic,2025-02-22,2025-03-05,1,4,0,4.7,Private,0,0,0
P00152,19,M,General practice,2025-03-01,2025-03-05,0,4,0,1.8,Public,0,0,0
P00164,65,M,Paediatrics,2025-03-04,2025-03-05,1,2,0,12.3,Public,1,0,0
P00537,20,M,Eye clinic,2025-02-13,2025-03-05,0,4,2,12.3,Private,0,1,1
P02304,53,M,General practice,2025-03-01,2025-03-05,0,6,1,4.3,None,0,0,0
P03014,29,M,Dental,2025-02-26,2025-03-05,0,4,0,,None,0,1,0
P00238,5,F,Eye clinic,2025-02-25,2025-03-05,1,3,1,7.3,Private,1,0,0
P00637,51,F,Eye clinic,2025-02-07,2025-03-05,0,5,0,2.1,None,0,1,0
P01259,29,M,General practice,2025-01-13,2025-03-05,1,1,0,3.8,Public,0,1,0
P02217,16,F,General practice,2025-02-15,2025-03-05,0,2,1,7.0,Private,0,0,0
P04957,26,F,General practice,2025-03-02,2025-03-06,1,2,0,5.1,Private,0,0,0
P03576,69,F,General practice,2025-02-24,2025-03-06,1,1,0,1.6,Public,0,0,0
P01273,45,M,Antenatal,2025-03-02,2025-03-06,0,1,0,6.1,Private,0,0,0
P01917,25,F,Diabetes clinic,2025-02-20,2025-03-06,1,3,1,10.8,,0,1,1
P02822,8,F,General practice,2025-03-03,2025-03-06,0,2,1,4.6,Public,0,0,0
P01150,12,F,Diabetes clinic,2025-02-07,2025-03-06,1,2,0,8.5,None,0,0,0
P01967,15,F,Eye clinic,2025-03-06,2025-03-06,1,0,0,3.1,Public,0,1,0
P01030,12,M,Paediatrics,2025-03-04,2025-03-06,1,3,0,0.8,None,0,0,0
P03929,11,M,General practice,2025-02-13,2025-03-06,1,6,1,4.4,Public,0,1,0
P02415,19,M,Diabetes clinic,2025-02-19,2025-03-06,1,2,1,18.0,Private,0,1,0
P03383,59,F,General practice,2025-02-18,2025-03-06,1,2,1,6.8,Public,1,0,1
P01859,75,M,General practice,2025-02-10,2025-03-06,1,3,0,5.9,None,0,0,0
P00893,36,M,Paediatrics,2025-02-24,2025-03-06,0,1,0,12.1,None,0,0,0
P04308,87,F,Eye clinic,2025-03-02,2025-03-06,1,1,0,8.0,None,0,0,0
P01009,42,F,Dental,2025-03-02,2025-03-06,0,1,1,2.2,Public,0,0,1
P02743,25,M,General practice,2025-02-21,2025-03-06,0,2,0,8.8,Public,0,0,0
P03426,52,F,Eye clinic,2025-02-05,2025-03-07,1,7,1,1.8,None,1,0,0
P01941,35,M,General practice,2025-02-27,2025-03-07,1,3,1,4.3,Private,0,0,0
P03561,21,F,Diabetes clinic,2025-01-14,2025-03-07,1,5,1,4.6,Public,1,0,1
P03231,18,F,Diabetes clinic,2025-02-21,2025-03-07,1,3,0,6.6,Private,0,0,0
P00569,24,M,Physiotherapy,2025-02-28,2025-03-07,1,4,0,10.3,None,0,0,0
P04654,40,M,Eye clinic,2025-02-18,2025-03-07,1,7,2,6.8,Private,0,0,0
P01131,82,M,Antenatal,2025-03-06,2025-03-07,1,3,0,,None,1,1,0
P04696,6,M,Paediatrics,2025-02-26,2025-03-07,1,4,0,4.5,None,0,0,0
P03473,21,F,Antenatal,2025-02-26,2025-03-07,0,3,1,9.2,Public,1,0,0
P01624,74,M,Antenatal,2025-03-06,2025-03-07,1,0,0,1.5,Public,1,0,0
P02678,50,F,Dental,2025-02-18,2025-03-07,0,4,2,6.9,Public,1,0,0
P00797,2,F,Eye clinic,2025-02-09,2025-03-07,1,2,0,1.6,Public,0,1,0
P00578,24,M,General practice,2025-02-14,2025-03-07,0,2,0,10.3,Public,1,1,0
P02694,25,F,Diabetes clinic,2025-03-01,2025-03-07,1,3,0,8.9,None,0,1,0
P01500,92,F,Dental,2025-03-03,2025-03-10,1,2,0,7.1,Private,0,0,1
P00835,67,F,Eye clinic,2025-01-20,2025-03-10,1,4,1,7.6,Public,1,0,0
P04961,27,F,General practice,2025-02-20,2025-03-10,0,4,1,10.9,Public,0,1,1
P04212,35,F,Eye clinic,2025-03-04,2025-03-10,0,2,0,,Private,0,0,0
P04133,74,M,General practice,2025-02-06,2025-03-10,0,4,0,6.3,Public,1,0,1
P00223,42,F,Dental,2025-02-18,2025-03-10,0,3,1,20.3,None,1,0,1
P00208,63,F,Antenatal,2025-02-06,2025-03-10,0,4,1,11.0,Public,1,1,0
P04083,92,M,General practice,2025-03-08,2025-03-10,1,7,1,10.4,None,1,0,0
P04635,12,M,General practice,2025-03-08,2025-03-10,0,3,1,7.6,Private,0,0,1
P04647,11,F,Dental,2025-02-14,2025-03-10,0,3,0,12.1,None,0,1,0
P02566,40,F,Diabetes clinic,2025-03-10,2025-03-10,1,2,1,18.7,Public,0,0,0
P01419,24,F,Dental,2025-01-26,2025-03-10,1,3,1,9.6,None,0,0,0
P03463,9,F,Diabetes clinic,2025-02-14,2025-03-10,1,0,0,2.0,None,0,0,1
P01086,35,M,General practice,2025-03-05,2025-03-10,1,1,0,6.9,None,1,1,0
P00680,50,F,Dental,2025-03-04,2025-03-10,1,3,2,3.8,None,1,1,1
P04598,51,F,Eye clinic,2025-03-01,2025-03-10,1,6,3,6.9,None,1,1,1
P01386,41,M,Diabetes clinic,2025-03-09,2025-03-10,1,2,0,20.7,Public,0,0,0
P01225,73,F,General practice,2025-03-07,2025-03-10,1,2,0,6.5,None,0,0,0
P01382,58,F,General practice,2025-03-07,2025-03-10,1,4,1,29.2,Private,0,0,0
P01374,43,M,Dental,2025-02-23,2025-03-10,1,2,0,5.9,Private,1,0,1
P00374,7,F,Antenatal,2025-03-05,2025-03-10,1,5,0,4.2,None,0,1,1
P00661,39,F,General practice,2025-03-05,2025-03-10,0,1,0,7.3,Private,0,0,0
P04340,43,F,Dental,2025-02-28,2025-03-10,0,4,2,13.8,None,0,0,1
P02176,15,F,General practice,2025-03-07,2025-03-10,1,2,0,10.2,None,0,0,0
P04535,69,M,Diabetes clinic,2025-03-04,2025-03-10,0,7,3,8.7,None,1,0,1
P00424,21,M,Antenatal,2025-03-06,2025-03-10,1,3,0,4.7,Public,0,0,0
P04031,25,F,Physiotherapy,2025-02-26,2025-03-10,1,1,1,14.4,None,0,0,0
P02162,60,F,General practice,2025-02-23,2025-03-10,1,4,2,3.9,None,0,0,1
P00571,13,M,Dental,2025-02-14,2025-03-10,1,2,1,,Public,0,1,0
P04676,31,M,Diabetes clinic,2025-03-05,2025-03-10,0,3,1,3.6,Private,0,0,0
P02816,50,M,Diabetes clinic,2025-03-04,2025-03-10,0,3,1,0.7,Public,0,0,0
P04572,29,M,General practice,2025-03-06,2025-03-10,1,1,0,9.0,None,0,0,0
P00216,78,F,Paediatrics,2025-03-09,2025-03-11,1,4,2,12.1,Public,1,1,0
P03898,55,M,Eye clinic,2025-02-15,2025-03-11,1,2,0,1.4,None,0,0,0
P03595,23,M,Eye clinic,2025-03-08,2025-03-11,1,4,0,1.8,Public,0,1,0
P03836,11,F,General practice,2025-03-01,2025-03-11,1,1,1,2.6,None,1,0,1
P03063,11,M,Diabetes clinic,2025-03-04,2025-03-11,1,2,0,17.0,Public,0,0,1
P02501,28,M,Diabetes clinic,2025-03-08,2025-03-11,1,5,1,6.4,Public,1,0,0
P02926,28,M,Antenatal,2025-03-06,2025-03-11,1,2,1,3.8,Private,0,0,0
P01210,85,F,General practice,2025-02-10,2025-03-11,1,1,0,5.4,Private,1,0,0
P02849,53,F,General practice,2025-03-10,2025-03-11,1,1,0,15.4,Private,0,0,0
P01005,20,F,General practice,2025-02-17,2025-03-11,1,5,0,6.4,Public,0,0,0
P02595,65,F,Antenatal,2025-02-17,2025-03-11,1,1,0,6.0,Private,0,1,0
P02653,29,F,General practice,2025-03-06,2025-03-11,1,6,1,10.0,Public,0,1,0
P00506,9,F,Dental,2025-03-01,2025-03-11,1,3,0,4.5,Public,0,0,1
P00512,17,F,Eye clinic,2025-03-03,2025-03-11,0,3,1,4.6,None,0,1,0
P04117,49,M,General practice,2025-02-22,2025-03-11,0,3,1,17.7,Public,0,0,1
P00496,23,F,General practice,2025-02-28,2025-03-12,1,4,1,14.6,None,0,0,1
P01180,4,F,Paediatrics,2025-02-28,2025-03-12,1,3,0,8.7,Public,0,0,1
P00014,47,F,Dental,2025-02-26,2025-03-12,1,3,0,4.5,None,1,0,0
P00754,41,M,Eye clinic,2025-03-09,2025-03-12,1,2,0,9.8,None,0,0,1
P01545,26,F,Physiotherapy,2025-02-24,2025-03-12,0,2,0,10.0,Private,0,0,0
P01695,30,F,Paediatrics,2025-02-22,2025-03-12,1,3,0,15.5,Public,0,1,0
P01543,38,F,Diabetes clinic,2025-02-26,2025-03-12,1,4,1,16.0,Private,0,0,0
P04491,18,M,Eye clinic,2025-01-06,2025-03-12,1,2,2,3.5,Private,0,0,0
P04355,42,F,Dental,2025-03-07,2025-03-12,0,5,0,30.2,Public,0,0,0
P03614,37,F,Dental,2025-03-08,2025-03-12,1,4,1,3.6,Public,0,1,0
P04149,58,F,Paediatrics,2025-02-28,2025-03-12,1,5,1,8.9,None,0,1,0
P03141,42,M,Physiotherapy,2025-03-05,2025-03-12,1,4,0,10.4,Private,0,0,0
P03902,57,F,General practice,2025-03-07,2025-03-12,1,1,0,5.2,Public,1,1,0
P02748,19,F,Paediatrics,2025-03-09,2025-03-12,1,3,2,4.6,Public,0,1,1
P02408,6,F,Eye clinic,2025-01-22,2025-03-12,1,3,2,9.7,Private,0,0,1
P01043,27,M,Physiotherapy,2025-03-09,2025-03-13,1,6,1,7.9,None,0,0,0
P03062,63,F,Physiotherapy,2025-02-15,2025-03-13,1,3,1,3.0,None,0,0,1
P02232,55,F,Diabetes clinic,2025-02-11,2025-03-13,0,1,0,6.7,Private,0,0,1
P01320,18,M,Physiotherapy,2025-02-28,2025-03-13,1,1,0,2.3,Private,0,0,0
P01333,30,M,Eye clinic,2025-03-08,2025-03-13,1,2,0,4.3,Public,0,0,0
P03874,17,M,Diabetes clinic,2025-03-04,2025-03-13,1,4,0,1.2,None,0,0,0
P00106,21,F,General practice,2025-03-02,2025-03-13,0,2,0,12.4,None,0,0,0
P03718,92,M,General practice,2025-03-07,2025-03-13,1,2,1,2.9,Public,1,0,1
P02167,5,M,General practice,2025-02-19,2025-03-13,0,2,0,9.4,Public,0,0,1
P00961,54,F,Antenatal,2025-02-24,2025-03-13,1,1,0,1.3,Public,0,1,0
P02603,49,M,Eye clinic,2025-02-24,2025-03-13,1,1,0,6.4,Private,0,0,0
P03909,35,F,Eye clinic,2025-02-26,2025-03-14,1,2,1,13.4,None,0,0,0
P01247,9,M,Eye clinic,2025-03-05,2025-03-14,1,6,0,0.8,None,0,0,0
P03319,40,M,Dental,2025-02-18,2025-03-14,1,2,2,31.4,Public,0,0,1
P03525,86,F,General practice,2025-02-20,2025-03-14,1,1,0,6.4,Public,1,1,0
P01553,12,M,Diabetes clinic,2025-02-24,2025-03-14,0,2,0,19.4,None,0,1,1
P03719,57,M,General practice,2025-02-22,2025-03-14,0,0,0,11.1,None,1,0,0
P01315,18,M,Antenatal,2025-02-17,2025-03-14,0,3,1,18.1,None,0,0,0
P01892,59,M,Antenatal,2025-03-11,2025-03-14,0,1,0,7.4,None,0,0,0
P02760,10,F,Dental,2025-03-07,2025-03-14,1,4,0,2.1,Public,0,0,0
P04089,26,F,Antenatal,2025-03-11,2025-03-14,1,2,0,9.2,None,0,1,0
P00094,78,M,Diabetes clinic,2025-03-09,2025-03-14,0,4,1,1.6,None,0,0,0
P01566,92,F,Paediatrics,2025-03-14,2025-03-14,0,2,0,6.7,None,1,0,0
P02103,25,M,General practice,2025-03-09,2025-03-14,0,1,0,7.5,Public,0,0,0
P04728,11,F,General practice,2025-03-14,2025-03-14,0,3,2,9.1,Public,0,0,0
P02143,6,F,Eye clinic,2025-03-07,2025-03-14,1,3,1,9.3,Public,0,0,0
P04372,62,F,General practice,2025-03-01,2025-03-14,0,3,1,9.6,Private,0,1,0
P00715,37,M,Paediatrics,2025-02-28,2025-03-14,1,0,0,24.8,Public,0,0,0
P00611,38,F,General practice,2025-02-28,2025-03-14,1,1,0,1.8,None,0,0,0
P04309,53,F,Dental,2025-02-14,2025-03-14,1,3,2,10.3,Public,1,0,1
P04437,21,M,Antenatal,2025-03-08,2025-03-14,1,2,1,19.8,Private,0,0,0
P02809,30,M,General practice,2025-03-06,2025-03-17,1,3,0,3.8,Public,0,0,0
P02368,17,F,General practice,2025-03-04,2025-03-17,1,2,0,3.3,Private,1,1,0
P01445,46,F,Paediatrics,2025-02-26,2025-03-17,0,3,0,6.9,Public,1,0,0
P01037,37,M,General practice,2025-03-11,2025-03-17,0,2,2,10.3,Private,0,1,1
P04134,27,M,General practice,2025-03-02,2025-03-17,1,2,0,14.7,Private,0,1,1
P04414,92,M,Antenatal,2025-03-14,2025-03-17,1,0,0,12.8,None,0,0,0
P00197,40,M,General practice,2025-03-10,2025-03-17,1,4,1,9.5,Public,0,0,0
P04407,39,F,General practice,2025-03-11,2025-03-17,1,2,1,3.6,None,0,1,0
P04751,1,M,Diabetes clinic,2025-03-05,2025-03-17,0,2,0,6.1,Private,0,0,0
P01343,14,F,Dental,2025-02-22,2025-03-17,1,4,2,8.7,Public,0,1,1
P01351,63,F,Antenatal,2025-02-10,2025-03-17,1,2,2,4.6,None,1,0,0
P01683,20,F,General practice,2025-02-01,2025-03-17,1,2,0,11.2,None,0,0,0
P02649,24,F,Diabetes clinic,2025-02-24,2025-03-17,0,6,0,8.0,None,0,0,0
P01975,30,M,Diabetes clinic,2025-03-14,2025-03-17,1,0,0,8.2,Public,0,0,0
P04139,8,F,General practice,2025-03-15,2025-03-17,0,1,0,5.5,None,0,1,0
P04836,24,F,General practice,2025-03-15,2025-03-17,1,7,2,2.9,None,0,0,0
P01675,22,F,Paediatrics,2025-02-28,2025-03-17,0,5,1,5.0,Private,0,0,0
P03988,24,F,General practice,2025-03-14,2025-03-17,1,3,0,,None,0,0,0
P00342,27,M,Dental,2025-03-15,2025-03-17,1,5,1,8.5,Public,0,0,1
P01406,62,M,Paediatrics,2025-03-14,2025-03-17,1,2,0,7.6,None,1,0,0
P01665,18,M,Dental,2025-02-28,2025-03-17,0,3,1,20.9,None,0,0,1
P04785,92,F,General practice,2025-03-07,2025-03-17,1,5,4,9.8,None,0,0,1
P04430,29,M,General practice,2025-03-12,2025-03-17,1,1,0,2.4,Private,0,0,0
P03204,51,M,Antenatal,2025-03-14,2025-03-17,1,1,0,10.7,None,1,0,0
P02987,24,M,Physiotherapy,2025-03-12,2025-03-17,0,4,1,11.0,Public,0,0,1
P01141,15,F,General practice,2025-03-05,2025-03-17,0,3,0,7.0,Private,0,0,0
P04595,26,F,General practice,2025-03-10,2025-03-17,0,4,1,12.3,Public,0,0,1
P00219,11,M,Antenatal,2025-03-09,2025-03-17,1,3,1,,Public,1,0,0
P01134,57,F,General practice,2025-03-01,2025-03-17,1,5,2,6.2,None,1,0,1
P03829,56,M,General practice,2025-03-05,2025-03-17,1,2,0,12.4,None,1,1,0
P00495,33,F,Paediatrics,2025-03-05,2025-03-17,1,1,1,9.0,Public,0,1,1
P04167,49,F,General practice,2025-03-12,2025-03-17,0,3,0,0.4,Public,0,0,0
P01246,51,F,General practice,2025-03-16,2025-03-17,1,3,1,9.1,None,1,0,0
P02271,18,F,General practice,2025-03-16,2025-03-17,0,5,2,10.8,Public,0,1,0
P03591,22,M,Paediatrics,2025-03-07,2025-03-17,0,6,1,21.7,Public,0,1,0
P00187,18,M,Diabetes clinic,2025-03-07,2025-03-17,0,4,1,6.1,Public,0,0,1
P01098,92,F,Eye clinic,2025-03-11,2025-03-17,1,1,0,8.0,Public,1,1,0
P00304,18,M,Eye clinic,2025-03-03,2025-03-17,1,4,0,29.3,Public,0,1,0
P02903,17,F,General practice,2025-03-09,2025-03-17,1,4,1,6.5,Private,1,0,0
P00472,70,F,General practice,2025-03-10,2025-03-17,1,1,1,6.8,None,0,0,1
P03628,35,M,General practice,2025-02-21,2025-03-17,0,5,0,19.0,Public,0,0,0
P00193,70,M,Antenatal,2025-03-13,2025-03-17,1,5,1,6.7,None,1,0,0
P02856,30,M,Antenatal,2025-03-14,2025-03-17,1,4,2,9.6,Public,0,0,0
P00632,10,F,General practice,2025-02-27,2025-03-17,0,2,0,3.2,None,0,0,1
P01930,15,F,Diabetes clinic,2025-03-13,2025-03-17,0,4,0,9.5,None,0,1,0
P01064,24,M,Paediatrics,2025-03-12,2025-03-17,0,3,1,11.1,Public,0,0,0
P03657,17,F,General practice,2025-03-17,2025-03-18,0,1,0,3.7,None,0,0,0
P03756,60,F,Dental,2025-03-14,2025-03-18,1,2,0,13.0,None,0,0,0
P00203,40,F,Dental,2025-03-08,2025-03-18,1,2,0,6.3,None,0,1,0
P03431,84,F,General practice,2025-03-11,2025-03-18,1,3,1,5.8,Public,0,0,0
P03742,4,M,General practice,2025-03-15,2025-03-18,1,3,0,17.0,Public,0,0,0
P00647,6,F,Eye clinic,2025-03-06,2025-03-18,0,3,0,4.3,None,0,0,0
P04416,24,F,General practice,2025-03-02,2025-03-18,0,6,1,3.3,Public,0,0,0
P03003,46,M,General practice,2025-02-19,2025-03-18,0,3,0,4.7,None,1,0,0
P03626,49,M,Physiotherapy,2025-03-08,2025-03-18,1,5,1,2.6,Private,0,0,0
P00684,22,F,Paediatrics,2025-02-26,2025-03-18,1,1,0,2.9,Public,0,1,1
P04303,49,M,Eye clinic,2025-03-02,2025-03-18,0,4,0,10.3,Public,1,1,0
P01377,25,F,Physiotherapy,2025-02-28,2025-03-18,0,2,1,15.3,None,0,0,1
P02278,78,M,General practice,2025-03-13,2025-03-18,0,2,1,8.6,Private,0,0,0
P02267,51,M,Antenatal,2025-03-08,2025-03-18,1,3,0,5.8,Public,0,0,0
P04912,29,M,General practice,2025-03-01,2025-03-18,0,0,0,10.6,None,0,1,0
P02237,34,M,Paediatrics,2025-03-12,2025-03-18,1,1,0,22.3,Private,0,0,0
P00327,44,F,General practice,2025-03-05,2025-03-19,0,1,0,4.0,Private,0,1,1
P01575,46,F,Physiotherapy,2025-02-06,2025-03-19,0,2,0,14.1,Private,0,1,1
P01682,74,F,General practice,2025-02-03,2025-03-19,1,3,0,8.9,None,0,1,0
P03863,70,F,General practice,2025-03-07,2025-03-19,0,6,1,1.8,Public,0,1,1
P03053,39,F,Dental,2025-02-13,2025-03-19,1,7,2,14.8,None,0,0,1
P03754,42,F,Dental,2025-03-15,2025-03-19,1,3,0,,None,0,0,0
P02284,53,F,Dental,2025-02-26,2025-03-19,1,3,1,6.5,Private,0,1,0
P03639,29,M,Paediatrics,2025-03-13,2025-03-19,1,2,0,20.1,Public,0,0,0
P04792,16,F,Antenatal,2025-02-27,2025-03-19,0,8,2,6.8,Public,0,0,0
P04300,21,F,Antenatal,2025-03-08,2025-03-19,1,3,0,10.4,Public,0,0,1
P01571,22,F,General practice,2025-02-20,2025-03-19,1,1,1,2.2,Public,0,0,1
P00523,35,F,General practice,2025-03-16,2025-03-19,1,5,0,1.0,Public,0,0,0
P03458,29,F,General practice,2025-03-09,2025-03-19,1,1,0,5.2,None,0,0,1
P03600,29,F,General practice,2025-03-07,2025-03-19,1,2,0,16.9,None,0,1,1
P04428,24,F,Antenatal,2025-03-04,2025-03-20,1,2,0,6.5,None,0,0,0
P04609,27,M,Physiotherapy,2025-03-13,2025-03-20,1,3,0,8.1,None,0,1,0
P02795,29,F,Paediatrics,2025-02-20,2025-03-20,1,3,0,3.2,Public,0,1,1
P04615,36,M,Antenatal,2025-03-06,2025-03-20,1,4,1,8.6,Public,0,0,0
P04777,23,M,Physiotherapy,2025-02-26,2025-03-20,1,11,0,11.7,None,0,0,0
P00038,27,M,Dental,2025-02-26,2025-03-20,1,5,1,11.1,Public,1,0,0
P03266,12,F,General practice,2025-03-13,2025-03-20,0,1,0,9.2,Private,1,0,0
P00793,35,F,Antenatal,2025-03-12,2025-03-20,1,3,0,0.7,Private,0,0,0
P02273,89,F,Diabetes clinic,2025-03-15,2025-03-20,1,5,1,5.4,None,1,1,0
P00575,23,M,General practice,2025-01-30,2025-03-20,0,3,2,2.5,None,1,0,1
P03512,13,F,Physiotherapy,2025-03-19,2025-03-20,1,3,0,6.4,Public,1,0,0
P01989,75,F,General practice,2025-03-17,2025-03-20,1,0,0,4.1,Public,1,0,0
P04740,30,F,Dental,2025-03-10,2025-03-21,1,5,1,3.8,None,0,0,0
P02119,34,M,General practice,2025-02-25,2025-03-21,1,5,0,10.9,None,1,1,0
P02957,39,M,Physiotherapy,2025-03-07,2025-03-21,1,2,1,2.0,None,0,0,0
P02086,11,M,Diabetes clinic,2025-03-16,2025-03-21,0,5,1,5.0,Public,1,1,0
P01601,10,F,General practice,2025-03-10,2025-03-21,0,3,1,6.8,None,0,0,0
P01951,38,F,Diabetes clinic,2025-02-25,2025-03-21,1,1,0,9.0,Public,0,1,0
P02780,12,F,Diabetes clinic,2025-02-14,2025-03-21,1,3,0,13.9,Private,1,0,1
P04006,23,F,Dental,2025-03-15,2025-03-21,0,1,0,10.7,Public,0,1,1
P02611,44,M,Paediatrics,2025-03-02,2025-03-21,1,7,1,6.3,Public,0,0,1
P02115,19,F,Physiotherapy,2025-03-08,2025-03-21,1,3,2,11.3,None,1,0,1
P01982,48,F,Antenatal,2025-03-19,2025-03-21,1,2,1,26.7,None,1,0,1
P00432,92,F,Diabetes clinic,2025-02-22,2025-03-21,1,2,0,4.8,Public,0,1,0
P03757,23,M,Dental,2025-03-04,2025-03-21,1,5,1,4.4,None,0,0,0
P02306,37,M,Paediatrics,2025-03-16,2025-03-24,1,2,0,9.3,Public,0,1,0
P03919,92,M,Dental,2025-03-12,2025-03-24,1,3,2,3.3,Private,1,0,0
P01398,17,F,Dental,2025-03-19,2025-03-24,1,2,0,3.8,None,0,0,0
P02635,33,M,Paediatrics,2025-03-04,2025-03-24,1,2,0,1.0,None,0,0,0
P00394,58,M,Physiotherapy,2025-03-15,2025-03-24,0,2,0,10.9,Private,1,0,0
P02326,34,M,General practice,2025-02-27,2025-03-24,1,2,0,23.4,Private,1,1,0
P03288,35,F,General practice,2025-03-21,2025-03-24,1,2,0,1.5,Private,0,0,0
P02051,37,F,General practice,2025-03-08,2025-03-24,1,3,1,9.6,Private,1,0,0
P03274,73,F,Antenatal,2025-03-20,2025-03-24,0,3,0,18.8,None,1,0,0
P00720,25,F,Dental,2025-03-03,2025-03-24,1,4,0,16.3,Public,0,0,0
P00118,24,M,Antenatal,2025-03-10,2025-03-24,0,2,0,4.0,Public,0,0,0
P02250,20,M,Eye clinic,2025-03-05,2025-03-24,0,3,0,4.1,Public,0,1,0
P03645,22,M,General practice,2025-03-18,2025-03-24,1,0,0,20.2,Public,0,1,0
P02258,34,F,Paediatrics,2025-03-17,2025-03-24,1,2,1,9.0,Private,0,0,0
P04469,30,M,Diabetes clinic,2025-03-17,2025-03-24,1,4,1,3.4,None,0,0,1
P00013,21,F,Antenatal,2025-03-18,2025-03-24,1,5,1,2.5,Public,0,0,0
P00447,21,F,Physiotherapy,2025-03-22,2025-03-24,0,3,1,2.8,None,0,0,0
P04936,41,F,General practice,2025-03-09,2025-03-24,1,1,0,16.4,Private,1,1,0
P01166,19,F,General practice,2025-03-14,2025-03-24,0,3,1,4.9,None,0,0,1
P02778,25,F,Antenatal,2025-03-16,2025-03-24,0,3,0,15.5,Public,0,0,1
P02351,12,F,Antenatal,2025-03-16,2025-03-24,1,0,0,3.7,Public,0,0,0
P04266,38,F,General practice,2025-03-12,2025-03-24,1,4,0,20.5,Public,0,0,0
P01072,54,F,Dental,2025-03-14,2025-03-24,1,3,1,17.8,Private,0,1,0
P02345,24,F,General practice,2025-03-21,2025-03-24,1,0,0,1.3,Private,0,1,0
P01640,46,F,General practice,2025-03-15,2025-03-24,0,4,2,6.3,None,0,1,0
P01176,40,M,Physiotherapy,2025-03-01,2025-03-24,1,5,1,2.2,None,0,1,0
P04698,28,F,General practice,2025-02-26,2025-03-24,0,1,0,2.7,None,0,0,0
P00316,36,F,General practice,2025-03-19,2025-03-24,1,4,1,3.0,None,0,1,0
P03208,19,F,General practice,2025-03-14,2025-03-24,0,4,2,4.5,None,0,0,0
P04098,70,F,Antenatal,2025-02-28,2025-03-24,1,3,1,,None,1,0,1
P01147,45,F,Dental,2025-03-20,2025-03-24,1,3,2,3.9,Private,1,0,0
P04045,14,M,Diabetes clinic,2025-03-22,2025-03-24,0,3,0,5.8,None,0,1,1
P01539,50,F,Antenatal,2025-03-12,2025-03-24,0,1,0,8.1,None,1,0,1
P00686,24,F,Paediatrics,2025-03-09,2025-03-24,0,4,0,3.3,Public,0,0,0
P04932,41,M,Eye clinic,2025-03-17,2025-03-24,1,3,1,1.1,Public,0,1,1
P00214,26,F,Eye clinic,2025-02-27,2025-03-24,1,5,0,11.8,None,0,0,0
P01491,32,F,General practice,2025-03-07,2025-03-24,1,2,0,9.8,Public,0,0,0
P01057,20,M,Paediatrics,2025-03-20,2025-03-24,1,2,0,12.0,None,0,0,0
P01659,92,F,Diabetes clinic,2025-03-23,2025-03-24,0,2,0,10.7,None,0,0,0
P01300,48,F,General practice,2025-02-27,2025-03-25,1,2,1,6.9,Public,1,0,0
P03826,23,F,Paediatrics,2025-03-11,2025-03-25,0,2,1,5.2,Public,0,0,1
P01031,24,M,Dental,2025-03-09,2025-03-25,1,3,0,6.6,,0,0,1
P04394,31,M,Physiotherapy,2025-03-20,2025-03-25,0,4,0,4.5,Public,0,0,1
P03623,62,F,Dental,2025-02-17,2025-03-25,1,0,0,5.7,,1,1,0
P02292,40,M,General practice,2025-03-10,2025-03-25,0,1,1,6.5,Private,0,0,0
P02016,43,M,Eye clinic,2025-03-23,2025-03-25,1,2,1,3.2,Private,0,0,0
P01122,52,F,Diabetes clinic,2025-03-09,2025-03-25,1,4,1,6.0,None,1,0,1
P02526,3,F,Paediatrics,2025-03-23,2025-03-25,1,5,0,3.9,None,0,0,0
P01591,32,F,Antenatal,2025-03-18,2025-03-26,1,5,0,2.0,None,1,1,0
P00809,38,F,Diabetes clinic,2025-03-15,2025-03-26,0,1,1,7.8,None,0,0,1
P02192,33,F,Dental,2025-03-22,2025-03-26,1,3,1,2.1,None,1,1,0
P01108,58,F,Diabetes clinic,2025-02-16,2025-03-26,0,1,0,6.4,Public,0,0,1
P00633,14,F,Antenatal,2025-03-08,2025-03-26,1,5,1,0.3,Private,0,0,1
P03788,20,M,Diabetes clinic,2025-03-15,2025-03-26,1,1,0,3.2,Public,0,0,0
P01384,92,M,Dental,2025-03-08,2025-03-26,0,1,0,5.4,None,1,0,0
P02956,12,F,General practice,2025-03-25,2025-03-26,1,8,1,5.8,Public,0,1,0
P03259,67,F,Paediatrics,2025-02-20,2025-03-26,1,4,2,2.4,Public,1,0,1
P02768,16,M,General practice,2025-03-09,2025-03-26,0,5,2,12.0,None,0,0,0
P00740,63,M,General practice,2025-03-15,2025-03-26,1,1,0,9.8,None,0,0,0
P01994,41,M,Eye clinic,2025-03-18,2025-03-26,0,5,0,4.0,None,0,0,1
P03792,20,F,Eye clinic,2025-03-09,2025-03-26,1,3,0,15.5,Private,0,0,1
P01540,58,M,General practice,2025-03-15,2025-03-26,0,6,5,6.5,Public,0,0,1
P02723,40,F,Antenatal,2025-03-06,2025-03-26,1,0,0,12.6,Public,0,0,0
P02900,92,M,Physiotherapy,2025-03-13,2025-03-26,1,1,0,15.4,Public,0,0,1
P00176,51,F,Antenatal,2025-03-18,2025-03-26,1,0,0,5.6,Public,1,0,0
P03414,42,F,General practice,2025-03-09,2025-03-26,1,1,1,8.8,Public,0,1,1
P04444,48,M,Physiotherapy,2025-03-24,2025-03-26,1,1,0,6.7,Public,0,0,0
P03605,49,F,General practice,2025-03-21,2025-03-27,0,5,3,6.4,None,1,0,1
P03947,28,M,Antenatal,2025-03-25,2025-03-27,0,3,1,6.7,None,0,0,1
P00352,15,F,Diabetes clinic,2025-03-20,2025-03-27,1,0,0,14.8,None,0,1,0
P02876,56,F,General practice,2025-03-23,2025-03-27,0,1,0,14.5,None,1,1,0
P00588,48,M,Paediatrics,2025-03-23,2025-03-27,1,2,1,6.0,Private,1,0,0
P04583,34,F,General practice,2025-03-01,2025-03-27,0,0,0,5.1,None,0,0,0
P00016,92,F,Dental,2025-03-04,2025-03-27,1,4,0,20.8,None,1,1,1
P02036,40,M,Paediatrics,2025-03-20,2025-03-27,0,1,0,6.6,None,0,1,0
P03689,63,F,Paediatrics,2025-03-20,2025-03-27,0,2,0,17.1,None,1,0,0
P04369,38,M,Paediatrics,2025-03-15,2025-03-27,0,5,1,2.0,Public,0,0,0
P03662,14,M,General practice,2025-03-14,2025-03-27,0,2,0,5.6,None,0,0,1
P03784,33,M,Eye clinic,2025-03-18,2025-03-27,1,6,0,6.7,Private,0,1,0
P04948,12,F,Diabetes clinic,2025-03-19,2025-03-27,0,1,0,6.5,None,0,0,0
P00883,70,F,General practice,2025-02-24,2025-03-28,1,3,1,19.3,Private,0,1,0
P02264,12,F,Paediatrics,2025-03-13,2025-03-28,1,2,1,7.0,Public,0,1,1
P03227,28,F,Antenatal,2025-03-23,2025-03-28,1,4,1,7.3,Private,0,0,1
P00799,18,M,Dental,2025-03-27,2025-03-28,0,1,1,12.3,Public,1,0,0
P04880,50,F,Physiotherapy,2025-03-11,2025-03-28,1,5,3,3.4,Public,0,0,0
P02439,20,M,Dental,2025-02-25,2025-03-28,0,4,0,6.8,Public,1,1,1
P04908,23,F,Dental,2025-03-24,2025-03-28,1,1,0,17.5,None,0,0,0
P02891,40,M,General practice,2025-03-09,2025-03-28,1,4,1,3.2,Public,0,1,1
P00428,18,F,General practice,2025-02-21,2025-03-28,1,2,0,6.7,None,0,1,0
P02239,75,M,Diabetes clinic,2025-03-22,2025-03-28,0,6,1,17.8,None,0,0,0
P00361,28,M,Diabetes clinic,2025-03-03,2025-03-28,1,3,1,1.9,Public,0,1,0
P04862,64,M,Diabetes clinic,2025-03-05,2025-03-28,1,2,1,10.3,None,0,0,1
P00244,36,M,General practice,2025-03-15,2025-03-28,1,5,0,6.6,Public,0,0,0
P03805,36,F,Eye clinic,2025-03-16,2025-03-31,0,0,0,20.6,Private,0,0,0
P04195,0,F,Paediatrics,2025-03-25,2025-03-31,1,4,1,5.4,Public,0,1,0
P01157,31,M,Eye clinic,2025-03-12,2025-03-31,0,3,1,6.0,Private,0,0,0
P04526,9,M,Paediatrics,2025-03-08,2025-03-31,0,4,1,1.2,None,0,0,0
P01764,22,F,Paediatrics,2025-03-21,2025-03-31,1,4,0,3.5,Public,0,1,1
P02515,17,F,Antenatal,2025-03-27,2025-03-31,1,1,0,10.1,None,0,0,0
P03868,31,F,Antenatal,2025-03-22,2025-03-31,1,1,0,11.5,None,0,0,1
P02472,75,F,Paediatrics,2025-03-29,2025-03-31,1,1,1,12.9,Private,0,0,1
P02082,15,F,Antenatal,2025-03-17,2025-03-31,1,3,1,1.8,None,0,0,0
P04465,36,F,General practice,2025-03-29,2025-03-31,1,2,0,2.4,None,0,0,0
P00638,20,F,Diabetes clinic,2025-03-30,2025-03-31,1,2,0,19.7,Private,0,1,0
P02124,27,M,Paediatrics,2025-03-15,2025-03-31,0,9,5,16.3,Private,0,1,1
P03695,30,F,General practice,2025-02-25,2025-03-31,1,2,0,9.5,Public,0,0,1
P02469,14,F,Antenatal,2025-03-15,2025-03-31,0,3,1,1.7,None,0,1,0
P00503,10,M,Antenatal,2025-03-27,2025-03-31,1,1,0,24.8,Private,0,0,0
P04190,5,F,Dental,2025-03-10,2025-03-31,0,5,2,14.7,Private,0,1,0
P02077,63,F,Diabetes clinic,2025-03-26,2025-03-31,0,2,0,20.8,Public,0,0,0
P01807,50,M,Eye clinic,2025-03-05,2025-03-31,1,2,0,4.3,Public,1,0,0
P03709,29,F,General practice,2025-03-28,2025-03-31,1,2,0,9.2,None,0,0,1
P00608,56,F,General practice,2025-03-23,2025-03-31,1,6,2,7.5,Private,0,0,1
P02777,31,M,General practice,2025-03-31,2025-03-31,1,3,0,14.3,Private,1,0,0
P03085,15,M,Diabetes clinic,2025-03-20,2025-03-31,0,3,0,5.1,None,0,0,0
P04366,59,F,General practice,2025-03-05,2025-03-31,1,5,1,10.6,Public,1,0,0
P03456,20,F,Physiotherapy,2025-03-20,2025-03-31,1,1,0,19.4,None,0,0,0
P04013,28,F,Antenatal,2025-03-21,2025-03-31,0,0,0,8.5,Private,0,0,1
P04339,7,M,General practice,2025-03-16,2025-03-31,1,3,0,10.0,None,0,0,0
P03921,33,M,General practice,2025-03-29,2025-03-31,1,3,1,0.4,Public,0,0,0
P03072,48,M,Paediatrics,2025-03-16,2025-03-31,0,2,1,2.2,None,0,0,1
P03470,42,M,Diabetes clinic,2025-03-11,2025-03-31,0,1,1,1.6,Public,0,0,1
P03472,19,M,General practice,2025-03-24,2025-03-31,0,4,1,23.3,Public,1,0,1
P01688,6,M,Antenatal,2025-03-19,2025-03-31,0,3,1,11.0,Private,1,0,0
P04128,45,F,Antenatal,2025-03-19,2025-03-31,0,2,0,5.6,None,0,0,0
P01685,45,M,General practice,2025-03-10,2025-03-31,0,1,0,15.9,Private,0,0,0
P02186,78,M,Antenatal,2025-03-25,2025-03-31,0,0,0,18.8,None,1,0,1
P03476,43,M,Paediatrics,2025-03-18,2025-03-31,1,1,1,15.3,Public,0,0,0
P01383,38,M,General practice,2025-03-26,2025-03-31,0,5,2,14.8,Private,0,0,1
P00160,86,M,Dental,2025-03-24,2025-03-31,1,4,1,9.2,Public,0,1,0
P02407,91,F,Antenatal,2025-03-22,2025-03-31,1,6,0,11.8,Private,0,0,0
P01603,36,F,Dental,2025-03-14,2025-03-31,0,4,1,7.9,Private,0,0,1
P03199,38,M,Paediatrics,2025-03-02,2025-03-31,0,2,0,4.6,None,0,0,0
P04125,49,F,Dental,2025-03-17,2025-03-31,0,11,0,4.2,None,0,1,1
P04048,30,F,Antenatal,2025-03-26,2025-03-31,1,3,1,1.8,Private,0,0,0
P01334,9,M,General practice,2025-02-06,2025-03-31,0,3,2,9.5,None,0,0,1
P04845,15,M,General practice,2025-03-11,2025-03-31,0,5,1,12.9,,0,0,0
P04410,31,M,Antenatal,2025-03-24,2025-03-31,1,4,2,0.8,Private,0,0,1
P00004,81,M,Diabetes clinic,2025-03-25,2025-03-31,0,3,1,15.7,None,0,0,1
P04254,11,M,Eye clinic,2025-03-02,2025-03-31,0,2,1,2.1,Public,0,0,1
P03884,39,M,Antenatal,2025-03-21,2025-03-31,1,3,0,22.1,Public,0,0,0
P03601,15,F,Antenatal,2025-03-20,2025-03-31,0,5,1,5.8,,0,0,0
P01309,18,M,Dental,2025-03-05,2025-03-31,0,3,0,10.6,Public,0,0,1
P01470,26,F,Eye clinic,2025-03-28,2025-03-31,1,2,0,4.3,None,0,1,1
P00297,20,F,Dental,2025-03-13,2025-03-31,0,3,1,6.0,None,0,0,1
P00937,21,M,Antenatal,2025-03-27,2025-03-31,1,5,0,7.7,None,1,0,0
P04712,62,F,Diabetes clinic,2025-03-12,2025-03-31,0,2,1,4.3,None,0,0,1
P02669,68,M,Paediatrics,2025-03-29,2025-03-31,1,2,0,2.1,None,1,0,0
P04958,16,M,General practice,2025-03-18,2025-03-31,1,3,1,5.5,Public,0,0,0
P01436,56,F,Antenatal,2025-03-25,2025-03-31,0,2,1,30.3,Private,0,0,1
P01968,44,M,Eye clinic,2025-03-21,2025-03-31,1,4,1,4.0,Private,0,1,0
P02652,12,F,Paediatrics,2025-02-17,2025-03-31,1,4,2,6.6,Public,0,0,1
P04429,40,F,Physiotherapy,2025-03-17,2025-03-31,1,3,0,2.6,Public,0,0,0
P02774,42,M,Eye clinic,2025-03-21,2025-03-31,1,6,1,0.7,Private,0,0,0
P00414,7,F,Paediatrics,2025-03-20,2025-03-31,0,4,3,7.3,Public,0,0,1
P03201,21,M,General practice,2025-03-29,2025-03-31,1,2,1,4.2,None,0,0,0
P03433,52,F,General practice,2025-03-10,2025-03-31,1,2,1,13.9,Public,1,1,0
P04846,33,M,Eye clinic,2025-03-28,2025-03-31,1,4,2,16.2,Private,0,1,1
P00995,11,M,General practice,2025-01-20,2025-03-31,1,2,0,7.3,None,1,0,1
P02399,55,F,General practice,2025-03-25,2025-04-01,0,5,0,2.9,None,0,0,0
P04326,50,F,Eye clinic,2025-03-23,2025-04-01,1,4,1,16.2,Private,0,0,0
P00338,28,F,General practice,2025-03-29,2025-04-01,1,3,1,2.0,None,0,0,1
P01887,17,M,General practice,2025-03-19,2025-04-01,0,1,0,9.0,None,0,1,0
P04138,49,F,General practice,2025-03-02,2025-04-01,1,6,2,10.3,None,0,0,1
P00999,4,F,General practice,2025-03-24,2025-04-01,0,0,0,22.9,Public,0,0,0
P03533,41,F,General practice,2025-03-13,2025-04-01,1,2,1,11.1,None,0,0,1
P02257,15,F,Antenatal,2025-03-14,2025-04-01,1,6,2,10.3,Private,0,1,1
P01318,39,F,Diabetes clinic,2025-03-31,2025-04-01,0,5,1,10.7,None,0,1,0
P02728,90,M,Dental,2025-03-31,2025-04-01,0,0,0,10.6,Private,0,0,0
P02838,33,M,Paediatrics,2025-03-23,2025-04-01,1,0,0,8.9,Private,0,0,0
P01808,92,M,General practice,2025-03-06,2025-04-01,1,2,0,5.7,None,0,0,0
P00471,20,M,General practice,2025-03-10,2025-04-02,0,4,0,5.0,Public,0,0,1
P03649,31,F,Physiotherapy,2025-03-16,2025-04-02,1,2,0,6.5,Public,0,0,0
P01270,33,F,General practice,2025-03-17,2025-04-02,1,0,0,7.9,None,0,0,0
P02138,34,M,Paediatrics,2025-03-27,2025-04-02,1,5,0,4.7,Public,0,1,1
P00920,92,F,General practice,2025-03-22,2025-04-02,1,4,1,14.5,None,1,0,0
P02092,50,M,General practice,2025-03-28,2025-04-02,0,0,0,4.8,None,1,1,0
P01035,23,F,Dental,2025-03-29,2025-04-02,1,1,1,7.1,Public,0,1,1
P00282,19,F,Eye clinic,2025-03-29,2025-04-02,1,2,0,2.1,None,0,0,0
P03052,34,F,Physiotherapy,2025-03-27,2025-04-02,0,5,0,15.8,None,1,0,0
P01896,31,F,General practice,2025-03-27,2025-04-02,0,4,2,9.7,None,0,1,0
P04708,39,F,Paediatrics,2025-04-01,2025-04-02,0,2,0,10.6,Private,0,0,0
P02871,17,M,Physiotherapy,2025-03-22,2025-04-02,1,3,0,2.4,Public,0,1,0
P02920,47,F,Physiotherapy,2025-03-16,2025-04-02,0,2,0,10.5,Public,0,0,0
P04495,25,F,General practice,2025-03-26,2025-04-02,0,3,1,14.5,None,0,1,1
P02073,61,M,Paediatrics,2025-03-30,2025-04-03,0,6,0,15.6,Public,1,0,0
P03228,13,M,General practice,2025-03-28,2025-04-03,1,3,1,17.8,Private,0,1,0
P02091,55,F,Diabetes clinic,2025-03-16,2025-04-03,0,4,0,4.6,None,0,0,0
P04493,32,F,Physiotherapy,2025-03-29,2025-04-03,1,3,0,22.9,Public,0,0,0
P00060,19,M,Diabetes clinic,2025-03-23,2025-04-03,1,6,1,2.6,None,0,0,0
P02585,12,F,Eye clinic,2025-03-30,2025-04-03,1,3,0,4.4,None,0,0,0
P02005,15,M,Antenatal,2025-03-08,2025-04-03,1,3,1,18.7,None,0,1,1
P03110,42,M,Antenatal,2025-03-22,2025-04-03,0,4,0,6.4,Public,0,1,0
P01965,57,F,Diabetes clinic,2025-04-01,2025-04-03,0,2,0,,None,1,0,0
P01767,20,F,Physiotherapy,2025-03-24,2025-04-03,0,6,2,24.0,None,0,0,0
P04564,4,F,General practice,2025-03-08,2025-04-04,1,2,1,3.6,None,0,0,0
P00220,14,F,Paediatrics,2025-03-28,2025-04-04,1,0,0,26.9,Public,0,0,1
P04624,36,M,General practice,2025-02-01,2025-04-04,1,1,0,9.5,None,0,0,1
P01684,36,F,Paediatrics,2025-03-25,2025-04-04,1,3,2,18.4,Private,0,0,0
P02505,51,F,General practice,2025-04-02,2025-04-04,1,2,0,7.8,Private,0,1,0
P00089,39,M,General practice,2025-03-26,2025-04-04,1,2,0,8.5,None,0,0,0
P04578,29,F,Paediatrics,2025-03-28,2025-04-04,1,3,0,11.0,None,0,1,0
P03018,45,F,Physiotherapy,2025-03-31,2025-04-04,1,1,0,10.7,Public,0,0,0
P03000,16,F,General practice,2025-04-01,2025-04-04,1,0,0,16.7,Public,0,0,0
P00477,17,F,General practice,2025-03-24,2025-04-04,1,2,0,20.6,Private,0,1,0
P01619,15,F,General practice,2025-03-22,2025-04-04,1,4,1,7.7,Public,0,1,0
P01403,34,M,Dental,2025-03-27,2025-04-04,0,5,0,20.1,Public,0,0,0
P03040,25,M,Paediatrics,2025-03-25,2025-04-04,1,6,2,20.4,Private,0,0,1
P01342,92,F,Diabetes clinic,2025-03-26,2025-04-04,0,6,2,10.6,Public,0,0,0
P04930,36,F,Antenatal,2025-04-04,2025-04-04,0,2,0,21.4,,0,1,0
P02174,47,F,General practice,2025-03-26,2025-04-04,0,4,0,5.8,Public,1,0,0
P03747,35,F,Diabetes clinic,2025-03-27,2025-04-04,1,2,0,12.6,None,0,1,0
P04587,31,F,Physiotherapy,2025-03-18,2025-04-04,0,2,1,3.8,Private,0,0,1
P02894,19,F,Physiotherapy,2025-03-19,2025-04-04,1,2,1,6.1,Public,0,0,1
P00982,35,F,General practice,2025-03-19,2025-04-04,1,3,0,13.3,Private,0,1,1
P04513,38,F,General practice,2025-03-15,2025-04-04,1,0,0,8.7,Private,0,0,0
P00868,90,F,Diabetes clinic,2025-03-22,2025-04-04,1,2,0,2.2,None,1,0,0
P03973,9,M,General practice,2025-03-22,2025-04-04,1,3,1,2.2,Public,0,0,1
P01047,60,F,General practice,2025-03-15,2025-04-04,0,2,0,1.0,None,1,0,0
P03843,20,M,Antenatal,2025-03-02,2025-04-04,1,3,0,2.1,None,1,0,0
P01049,29,F,Dental,2025-01-08,2025-04-04,1,1,0,8.0,None,0,1,1
P02514,35,M,Paediatrics,2025-03-24,2025-04-04,1,2,0,17.1,None,0,0,0
P01804,25,F,Eye clinic,2025-04-01,2025-04-04,1,4,1,8.8,Public,0,0,0
P04146,40,F,Paediatrics,2025-03-21,2025-04-04,1,4,2,6.6,Public,1,1,1
P01962,18,M,General practice,2025-03-29,2025-04-07,0,0,0,32.1,Public,1,0,0
P04804,18,F,Physiotherapy,2025-04-06,2025-04-07,0,5,0,21.6,Private,0,1,0
P01670,13,F,Diabetes clinic,2025-04-04,2025-04-07,1,0,0,5.9,None,0,0,0
P02370,46,M,General practice,2025-03-15,2025-04-07,1,1,0,17.9,Private,1,0,0
P04678,28,M,General practice,2025-03-21,2025-04-07,0,0,0,17.8,Public,0,0,1
P03299,69,F,Diabetes clinic,2025-04-05,2025-04-07,0,4,1,12.6,Public,1,0,0
P04673,21,F,Dental,2025-03-22,2025-04-07,1,2,0,2.0,Private,1,0,0
P03001,27,F,Paediatrics,2025-04-03,2025-04-07,0,3,1,5.5,Public,0,1,1
P00301,7,F,Antenatal,2025-03-19,2025-04-07,1,1,0,6.3,None,0,0,0
P00919,6,F,General practice,2025-03-16,2025-04-07,0,6,1,7.5,,0,0,1
P02811,30,F,Paediatrics,2025-02-25,2025-04-07,1,1,0,7.6,Public,0,0,1
P00646,23,F,General practice,2025-04-01,2025-04-07,0,1,0,8.0,Public,0,1,0
P04625,19,F,Physiotherapy,2025-04-03,2025-04-07,0,1,0,12.3,None,0,1,0
P01078,17,F,General practice,2025-02-27,2025-04-07,0,0,0,6.3,Private,0,1,1
P02922,16,M,Dental,2025-03-29,2025-04-07,1,4,0,13.7,None,0,0,0
P00435,20,F,Paediatrics,2025-04-07,2025-04-07,0,6,1,7.4,None,0,0,0
P03125,14,M,General practice,2025-03-27,2025-04-07,1,5,1,2.1,Public,0,0,0
P00631,27,M,Dental,2025-03-21,2025-04-07,1,2,0,1.3,Private,0,0,0
P03885,40,F,Physiotherapy,2025-04-03,2025-04-07,0,3,0,11.2,Private,0,0,0
P03893,14,M,General practice,2025-03-29,2025-04-07,0,4,1,2.5,Private,0,0,0
P02159,30,F,Paediatrics,2025-03-03,2025-04-07,0,1,0,1.0,Public,0,1,0
P04422,47,M,General practice,2025-03-16,2025-04-07,1,4,1,21.3,None,0,0,1
P02033,65,M,Antenatal,2025-04-04,2025-04-07,1,2,0,8.4,None,0,0,0
P04393,29,M,Paediatrics,2025-04-03,2025-04-07,1,3,2,7.2,Public,0,0,1
P01957,33,M,General practice,2025-04-05,2025-04-07,1,5,2,13.1,None,0,0,0
P00011,67,F,General practice,2025-03-10,2025-04-07,0,4,1,5.8,Public,0,1,1
P03931,10,F,Antenatal,2025-04-06,2025-04-07,0,1,1,0.7,Public,0,1,1
P03093,6,M,General practice,2025-03-09,2025-04-07,1,4,1,6.9,Private,0,1,0
P00224,25,F,Antenatal,2025-03-21,2025-04-07,0,3,0,6.0,None,0,0,0
P04517,62,M,Dental,2025-03-14,2025-04-07,1,3,0,6.3,Public,1,0,0
P00981,66,M,Eye clinic,2025-03-25,2025-04-07,1,5,0,9.2,Public,0,0,0
P01371,30,F,General practice,2025-04-04,2025-04-07,1,5,1,5.7,Public,1,0,0
P00093,92,F,Paediatrics,2025-03-30,2025-04-07,0,3,1,7.7,None,0,1,1
P04171,35,F,General practice,2025-03-28,2025-04-07,1,4,0,10.7,None,0,1,0
P04374,42,F,Dental,2025-04-04,2025-04-07,1,4,0,18.8,None,1,0,0
P04529,20,F,General practice,2025-03-10,2025-04-07,0,4,0,0.3,None,0,0,0
P02840,49,F,Paediatrics,2025-04-03,2025-04-07,1,2,0,9.0,Private,0,0,0
P00286,7,F,Physiotherapy,2025-04-05,2025-04-08,0,2,0,18.1,None,0,1,1
P00998,35,F,Diabetes clinic,2025-03-26,2025-04-08,0,1,0,3.7,None,0,1,0
P00446,13,F,Eye clinic,2025-04-08,2025-04-08,1,4,0,4.8,Public,0,1,0
P02720,24,M,Paediatrics,2025-04-02,2025-04-08,1,1,0,1.4,None,0,1,0
P02134,72,F,Diabetes clinic,2025-03-29,2025-04-08,0,3,1,3.0,None,0,0,0
P01979,44,M,Diabetes clinic,2025-03-30,2025-04-08,0,3,1,16.7,Private,0,0,1
P03342,54,M,General practice,2025-04-01,2025-04-08,1,2,0,6.2,Public,0,0,0
P03670,47,F,General practice,2025-03-08,2025-04-08,1,3,1,17.3,Public,0,1,1
P02333,8,F,General practice,2025-04-05,2025-04-08,0,2,0,5.2,Public,0,1,0
P02374,36,F,Antenatal,2025-03-30,2025-04-08,1,5,1,5.2,None,0,0,0
P04717,17,M,Physiotherapy,2025-03-26,2025-04-08,1,3,0,5.1,Public,0,0,0
P00092,49,M,General practice,2025-04-07,2025-04-08,0,2,0,6.7,None,0,1,1
P00765,36,F,General practice,2025-04-06,2025-04-08,0,2,0,20.5,Private,0,1,1
P03316,12,F,General practice,2025-03-23,2025-04-08,1,3,1,7.3,Public,0,0,0
P04977,18,M,General practice,2025-03-28,2025-04-08,0,3,2,6.1,Private,0,0,0
P00399,39,F,Diabetes clinic,2025-04-03,2025-04-08,0,1,0,8.8,None,1,1,0
P02128,16,F,Physiotherapy,2025-03-31,2025-04-09,1,1,0,7.4,Public,0,0,0
P03610,30,M,Paediatrics,2025-02-15,2025-04-09,0,2,1,6.5,None,0,0,1
P00401,36,F,General practice,2025-04-04,2025-04-09,0,2,1,7.9,None,1,0,1
P03054,54,M,General practice,2025-04-07,2025-04-09,1,2,0,3.6,Private,0,0,0
P00386,57,F,Paediatrics,2025-04-08,2025-04-09,1,3,2,18.7,Public,0,0,1
P02223,71,M,Paediatrics,2025-02-16,2025-04-09,0,3,1,5.4,Private,0,0,1
P01242,12,F,General practice,2025-03-25,2025-04-09,0,1,1,14.6,Public,1,0,0
P02025,34,F,Dental,2025-03-15,2025-04-09,0,0,0,11.5,,0,0,0
P02032,8,M,General practice,2025-03-31,2025-04-09,1,4,0,7.3,Public,0,1,0
P03658,54,F,Antenatal,2025-04-10,2025-04-10,0,1,0,5.6,None,1,1,0
P00623,63,F,Antenatal,2025-04-10,2025-04-10,1,4,1,5.6,None,1,1,0
P00704,23,F,General practice,2025-03-29,2025-04-10,1,1,1,19.5,None,0,0,1
P00640,14,M,General practice,2025-04-10,2025-04-10,0,3,0,7.5,None,0,0,1
P03744,25,F,Paediatrics,2025-04-09,2025-04-10,1,1,0,3.5,Public,0,0,0
P03400,12,M,Paediatrics,2025-04-07,2025-04-10,1,6,0,15.5,Private,0,0,0
P02049,54,M,Physiotherapy,2025-04-10,2025-04-10,0,2,1,18.0,None,0,0,0
P03722,25,M,Physiotherapy,2025-04-05,2025-04-10,0,3,1,6.1,Private,0,0,0
P00513,6,M,General practice,2025-03-21,2025-04-10,0,0,0,9.6,Public,0,0,0
P02321,18,F,Dental,2025-03-28,2025-04-10,0,4,0,2.4,Private,0,0,0
P00972,76,M,General practice,2025-03-22,2025-04-10,1,5,0,20.2,Private,0,1,0
P00100,26,M,Paediatrics,2025-03-11,2025-04-10,0,3,0,5.6,,0,1,0
P03446,48,F,General practice,2025-03-28,2025-04-10,1,2,0,8.5,None,0,0,0
P04382,70,F,Antenatal,2025-03-05,2025-04-11,1,2,0,15.1,Public,0,1,1
P00758,22,F,Physiotherapy,2025-04-04,2025-04-11,1,5,1,10.5,Public,0,1,0
P01537,41,F,Antenatal,2025-04-03,2025-04-11,0,3,1,7.1,None,0,0,0
P00763,10,F,General practice,2025-03-26,2025-04-11,1,2,0,6.7,Private,0,0,0
P03499,57,F,General practice,2025-04-10,2025-04-11,0,2,1,15.4,None,1,0,0
P02993,9,F,Diabetes clinic,2025-04-05,2025-04-11,1,3,1,6.0,Public,0,0,1
P04242,18,F,Paediatrics,2025-03-21,2025-04-11,1,2,1,26.5,None,0,1,1
P02456,20,M,General practice,2025-03-13,2025-04-11,1,3,2,7.5,None,1,1,0
P02425,32,F,Diabetes clinic,2025-04-10,2025-04-11,0,7,2,9.3,Public,0,0,0
P00358,9,M,General practice,2025-04-03,2025-04-11,1,4,0,4.4,None,0,0,0
P04511,73,M,Diabetes clinic,2025-04-07,2025-04-11,0,1,0,11.1,None,0,1,0
P02696,56,F,Eye clinic,2025-03-21,2025-04-11,1,5,1,8.3,None,0,0,0
P00186,21,F,Dental,2025-04-10,2025-04-11,1,4,0,3.4,Public,0,1,0
P00206,52,F,Antenatal,2025-04-10,2025-04-11,1,0,0,5.9,Private,1,0,0
P01657,74,M,General practice,2025-03-21,2025-04-11,1,3,2,3.8,None,1,0,1
P02820,13,M,Dental,2025-04-08,2025-04-14,1,2,1,,Public,0,1,1
P04806,20,F,Physiotherapy,2025-03-11,2025-04-14,1,6,0,3.3,Public,0,1,0
P02511,24,F,Diabetes clinic,2025-04-04,2025-04-14,1,2,1,6.9,None,0,1,0
P02836,15,M,Paediatrics,2025-03-14,2025-04-14,0,4,0,10.3,None,0,1,0
P00726,5,F,Antenatal,2025-03-15,2025-04-14,0,1,0,3.1,Private,0,1,0
P00974,22,M,General practice,2025-03-23,2025-04-14,1,1,1,3.0,Private,1,0,1
P00973,31,M,General practice,2025-04-09,2025-04-14,1,0,0,2.5,Public,0,0,0
P00430,61,F,General practice,2025-04-03,2025-04-14,0,4,0,7.2,Public,1,0,1
P04295,42,M,Diabetes clinic,2025-03-06,2025-04-14,1,3,0,14.7,None,0,0,1
P03890,40,M,Physiotherapy,2025-04-04,2025-04-14,1,4,0,7.4,None,0,0,0
P04784,42,M,Paediatrics,2025-04-12,2025-04-14,0,2,0,6.5,Public,0,0,0
P00443,22,F,Diabetes clinic,2025-03-23,2025-04-14,0,1,0,0.4,Private,0,0,0
P01308,18,F,Paediatrics,2025-04-03,2025-04-14,0,3,0,2.7,Private,0,1,1
P01418,60,F,Eye clinic,2025-04-12,2025-04-14,0,6,1,0.8,None,1,0,0
P00126,7,M,Eye clinic,2025-03-21,2025-04-14,1,4,0,1.9,Private,0,0,0
P00340,34,F,Diabetes clinic,2025-04-11,2025-04-14,1,3,2,15.3,None,0,0,0
P00845,12,F,Paediatrics,2025-04-11,2025-04-14,1,1,0,2.7,None,0,0,0
P03498,21,M,Diabetes clinic,2025-03-21,2025-04-14,1,4,1,3.3,Private,0,0,0
P01725,12,F,Paediatrics,2025-04-08,2025-04-14,1,3,2,5.3,Public,1,0,1
P00786,22,M,General practice,2025-03-10,2025-04-14,1,0,0,7.3,Public,0,0,0
P01148,37,F,Eye clinic,2025-04-09,2025-04-14,1,3,1,7.6,Public,0,1,0
P01981,38,M,General practice,2025-04-09,2025-04-14,1,6,1,1.8,None,0,0,0
P01105,15,M,Dental,2025-04-05,2025-04-14,1,1,0,19.4,Public,0,0,0
P00115,44,F,Paediatrics,2025-04-04,2025-04-14,0,3,3,20.7,None,0,0,1
P01497,23,F,General practice,2025-03-18,2025-04-14,1,3,1,29.2,None,0,0,1
P03800,26,F,Diabetes clinic,2025-04-07,2025-04-14,1,2,0,3.8,Public,0,0,0
P04584,6,F,Eye clinic,2025-04-05,2025-04-14,0,4,1,6.9,Public,0,0,1
P03004,48,F,General practice,2025-04-11,2025-04-14,1,2,0,10.1,Private,0,0,0
P03801,36,F,Dental,2025-04-05,2025-04-14,1,2,0,14.1,Public,0,0,1
P00509,39,M,General practice,2025-04-11,2025-04-14,1,5,0,12.0,Public,0,1,0
P01541,16,F,Antenatal,2025-03-22,2025-04-14,1,2,0,12.6,Public,0,0,1
P00536,30,F,Dental,2025-03-29,2025-04-14,0,4,0,1.1,Private,0,0,0
P04692,35,M,Diabetes clinic,2025-04-05,2025-04-14,1,2,1,5.8,None,0,0,0
P01945,23,M,Physiotherapy,2025-04-01,2025-04-14,0,3,0,16.0,None,1,1,0
P04972,24,M,General practice,2025-04-12,2025-04-14,1,2,1,7.6,None,0,0,0
P01524,30,F,Antenatal,2025-04-05,2025-04-14,0,5,1,7.2,None,0,1,1
P04192,36,F,Paediatrics,2025-03-18,2025-04-14,0,0,0,4.2,Public,0,1,1
P04960,44,F,Diabetes clinic,2025-02-24,2025-04-14,1,4,0,2.7,Public,1,1,1
P01467,53,F,Diabetes clinic,2025-04-11,2025-04-14,1,3,0,2.1,Private,0,1,1
P00073,66,F,Eye clinic,2025-04-08,2025-04-14,1,1,0,21.1,None,1,0,0
P03791,41,M,Paediatrics,2025-03-23,2025-04-14,1,5,3,4.5,Private,0,0,1
P03768,33,F,General practice,2025-03-31,2025-04-14,1,1,0,4.0,Private,0,1,0
P04096,39,F,Diabetes clinic,2025-04-08,2025-04-14,1,2,0,4.2,Private,0,0,0
P00080,30,F,General practice,2025-04-04,2025-04-14,1,2,1,10.8,None,0,0,0
P02275,35,M,Dental,2025-04-01,2025-04-14,1,4,1,9.8,None,0,1,1
P00645,13,F,Eye clinic,2025-03-12,2025-04-14,1,4,2,24.1,Public,0,0,0
P00290,16,F,Antenatal,2025-03-27,2025-04-14,1,4,1,3.6,None,0,1,0
P03416,74,M,General practice,2025-02-25,2025-04-14,0,3,1,21.2,None,0,0,1
P04180,47,F,Eye clinic,2025-04-10,2025-04-14,0,3,0,5.1,None,0,0,0
P02504,46,F,Paediatrics,2025-03-15,2025-04-14,1,1,0,6.7,Public,1,0,1
P01081,14,F,Diabetes clinic,2025-04-01,2025-04-14,1,2,1,1.2,None,0,0,1
P00862,36,F,Paediatrics,2025-03-28,2025-04-14,1,3,0,9.7,None,0,0,0
P00074,7,F,Antenatal,2025-04-07,2025-04-14,1,1,0,15.5,None,0,0,1
P04464,20,F,Diabetes clinic,2025-04-06,2025-04-14,1,4,1,18.5,Public,1,1,1
P02675,30,M,Physiotherapy,2025-03-09,2025-04-14,1,3,1,4.8,Public,0,0,0
P04582,28,F,Paediatrics,2025-04-15,2025-04-15,0,4,0,4.0,None,0,1,1
P00167,9,F,General practice,2025-04-14,2025-04-15,0,7,3,17.0,Private,0,0,0
P03749,9,M,Antenatal,2025-04-08,2025-04-15,1,3,2,8.9,None,0,0,1
P03277,50,F,General practice,2025-03-21,2025-04-15,0,5,2,15.8,Private,0,1,1
P04528,13,M,Diabetes clinic,2025-04-09,2025-04-15,0,1,0,1.7,Public,0,0,1
P03755,15,F,Physiotherapy,2025-04-04,2025-04-15,0,1,0,10.0,None,1,1,0
P00349,67,F,Diabetes clinic,2025-04-03,2025-04-15,1,7,1,18.1,None,0,1,0
P02593,61,F,Dental,2025-04-07,2025-04-15,1,3,1,8.7,Private,0,0,0
P00620,12,F,Diabetes clinic,2025-04-07,2025-04-15,1,0,0,3.6,Public,0,0,0
P02870,29,M,Antenatal,2025-04-03,2025-04-15,0,2,0,19.7,Public,0,1,1
P02552,42,F,Dental,2025-04-10,2025-04-15,1,0,0,16.6,Public,0,0,1
P00894,54,M,Eye clinic,2025-04-11,2025-04-15,1,0,0,8.4,Public,1,0,0
P02643,60,F,General practice,2025-04-13,2025-04-15,1,7,0,0.4,None,1,0,0
P02475,37,M,Antenatal,2025-04-12,2025-04-15,1,1,0,12.7,Public,1,0,0
P03572,12,M,Physiotherapy,2025-03-26,2025-04-15,1,3,0,15.4,None,0,1,0
P02229,25,M,Physiotherapy,2025-04-07,2025-04-15,1,2,0,,Private,0,0,0
P02207,22,F,General practice,2025-04-14,2025-04-15,1,3,0,7.2,Public,0,0,0
P03200,40,M,Diabetes clinic,2025-04-13,2025-04-15,1,4,1,2.6,Public,0,0,0
P04260,31,M,General practice,2025-03-15,2025-04-15,1,2,1,10.1,Private,0,0,1
P03042,36,M,Diabetes clinic,2025-04-12,2025-04-16,1,3,0,16.2,Public,0,1,0
P01895,27,M,Diabetes clinic,2025-04-15,2025-04-16,1,6,0,5.4,Private,1,0,0
P01062,23,F,Dental,2025-03-21,2025-04-16,1,5,0,8.1,None,0,0,0
P04172,19,F,Paediatrics,2025-04-08,2025-04-16,0,4,1,3.2,Public,0,0,1
P04522,18,F,Antenatal,2025-04-13,2025-04-16,1,3,1,4.0,None,0,1,0
P04170,41,M,Eye clinic,2025-04-07,2025-04-16,1,1,0,9.2,Public,0,0,0
P00134,13,F,Antenatal,2025-03-28,2025-04-16,1,6,0,27.9,Private,0,0,0
P00035,32,M,General practice,2025-03-24,2025-04-16,1,1,0,7.3,None,0,1,1
P02695,21,F,Eye clinic,2025-04-09,2025-04-16,0,3,2,8.0,Private,0,0,1
P03586,39,F,General practice,2025-03-30,2025-04-16,1,4,1,6.6,None,0,0,0
P04402,92,M,Eye clinic,2025-04-05,2025-04-16,0,4,0,8.3,Private,0,0,0
P04723,78,F,Physiotherapy,2025-04-15,2025-04-16,0,3,1,16.5,Private,0,0,0
P02742,32,M,Eye clinic,2025-04-15,2025-04-16,1,2,0,2.0,None,0,0,0
P03321,32,F,Paediatrics,2025-03-15,2025-04-16,1,0,0,1.4,None,0,0,0
P00802,30,F,Antenatal,2025-04-06,2025-04-16,0,0,0,12.6,Public,0,0,0
P01529,9,F,Dental,2025-04-07,2025-04-16,0,3,0,5.5,None,0,0,0
P03918,13,F,Antenatal,2025-04-09,2025-04-16,1,2,0,2.3,Private,1,0,0
P04075,34,M,Paediatrics,2025-03-02,2025-04-16,0,5,0,17.7,None,0,1,1
P02231,7,F,Diabetes clinic,2025-04-12,2025-04-17,0,4,3,10.1,None,1,0,1
P02759,59,F,Dental,2025-04-14,2025-04-17,1,3,2,8.3,None,1,0,1
P03297,55,F,General practice,2025-04-07,2025-04-17,0,3,0,19.9,None,1,0,1
P01897,24,F,Paediatrics,2025-04-01,2025-04-17,0,4,0,6.5,None,0,0,0
P00559,16,M,Diabetes clinic,2025-04-02,2025-04-17,1,2,0,6.8,Public,1,1,0
P00453,31,F,Diabetes clinic,2025-04-08,2025-04-17,0,4,1,2.3,Public,0,0,0
P02859,12,M,Diabetes clinic,2025-03-31,2025-04-17,1,0,0,3.9,Public,0,0,0
P03835,28,F,General practice,2025-03-21,2025-04-17,1,9,0,7.7,None,0,0,1
P03517,31,M,Paediatrics,2025-04-05,2025-04-17,1,2,0,6.5,Public,0,1,0
P00444,54,M,Physiotherapy,2025-04-10,2025-04-17,0,5,0,3.1,None,1,1,1
P01021,49,M,Antenatal,2025-04-06,2025-04-17,1,5,2,9.8,None,1,0,0
P01006,24,F,Antenatal,2025-04-07,2025-04-17,1,6,2,6.4,None,1,0,0
P03454,11,M,Antenatal,2025-04-16,2025-04-18,1,2,0,12.1,Public,0,1,0
P04121,11,M,Dental,2025-04-07,2025-04-18,1,3,0,4.6,Public,1,0,0
P04330,65,M,Paediatrics,2025-04-15,2025-04-18,1,4,1,5.8,,0,1,1
P01803,27,F,Physiotherapy,2025-04-17,2025-04-18,0,4,1,5.0,Private,0,0,1
P00572,71,M,Dental,2025-04-15,2025-04-18,1,5,1,4.1,None,0,0,0
P04894,76,F,General practice,2025-04-05,2025-04-18,1,5,2,,None,0,1,1
P00204,49,F,General practice,2025-03-31,2025-04-18,1,1,0,2.7,Public,0,0,0
P02578,43,F,Diabetes clinic,2025-03-30,2025-04-18,1,7,2,5.8,None,0,1,0
P04630,13,M,Dental,2025-04-14,2025-04-18,0,4,1,3.1,Public,0,0,1
P04306,7,M,Eye clinic,2025-03-12,2025-04-18,1,2,1,15.9,Public,0,1,1
P01066,7,M,General practice,2025-03-25,2025-04-18,1,5,1,12.5,None,0,0,1
P00934,5,M,Physiotherapy,2025-04-15,2025-04-21,1,1,0,7.9,Public,0,1,0
P00747,77,M,Paediatrics,2025-04-10,2025-04-21,1,0,0,8.7,Public,0,0,0
P01441,42,M,General practice,2025-04-11,2025-04-21,1,2,0,5.3,Public,0,0,0
P03441,7,M,General practice,2025-04-19,2025-04-21,1,5,2,15.6,None,0,0,0
P04899,44,M,Diabetes clinic,2025-04-18,2025-04-21,0,3,0,15.8,Public,0,0,0
P00759,48,M,Diabetes clinic,2025-04-16,2025-04-21,1,4,2,3.8,Public,0,0,0
P01906,25,F,Physiotherapy,2025-04-13,2025-04-21,0,5,2,18.3,None,0,0,1
P01642,57,M,Antenatal,2025-04-02,2025-04-21,0,5,0,9.8,Private,1,0,1
P01623,41,F,General practice,2025-03-21,2025-04-21,1,1,0,4.1,Private,0,0,0
P03375,51,M,General practice,2025-04-19,2025-04-21,1,1,0,13.6,Public,0,1,0
P00777,73,M,Diabetes clinic,2025-04-16,2025-04-21,0,7,1,8.8,Public,0,0,1
P03504,47,F,General practice,2025-04-19,2025-04-21,1,3,0,6.0,None,0,1,0
P04921,66,M,Physiotherapy,2025-03-20,2025-04-21,1,0,0,3.5,Public,0,1,0
P01569,26,M,Dental,2025-04-11,2025-04-21,0,2,0,17.3,None,0,0,0
P01790,32,M,Paediatrics,2025-04-17,2025-04-21,1,7,1,17.8,Public,0,0,1
P00550,49,M,Paediatrics,2025-03-20,2025-04-21,0,1,1,7.2,Public,0,0,1
P00549,6,F,General practice,2025-04-14,2025-04-21,1,2,0,0.5,None,0,0,0
P02721,85,F,General practice,2025-04-18,2025-04-21,1,7,0,9.8,Public,0,1,0
P00582,42,M,General practice,2025-04-17,2025-04-21,1,2,1,7.7,None,0,0,0
P01765,20,M,Antenatal,2025-04-05,2025-04-21,1,1,0,5.8,None,0,0,0
P00831,19,M,Eye clinic,2025-04-08,2025-04-21,0,1,1,10.0,None,0,0,1
P01486,3,M,General practice,2025-04-06,2025-04-21,0,2,0,6.0,Public,0,0,0
P02289,29,M,Eye clinic,2025-04-11,2025-04-21,1,4,2,9.7,Public,0,0,0
P03728,84,M,Paediatrics,2025-04-19,2025-04-21,0,2,0,6.9,Public,1,1,0
P02999,12,M,Physiotherapy,2025-04-01,2025-04-21,1,4,0,20.2,None,0,1,1
P03298,28,M,Eye clinic,2025-04-14,2025-04-21,0,2,1,13.8,None,0,0,0
P03717,7,F,Diabetes clinic,2025-04-11,2025-04-21,1,2,2,4.3,None,1,1,1
P01802,47,M,Eye clinic,2025-04-08,2025-04-21,0,3,1,4.7,None,1,0,1
P00256,37,F,General practice,2025-04-16,2025-04-21,1,1,0,2.7,Private,0,0,0
P00501,8,M,Paediatrics,2025-03-28,2025-04-21,1,2,0,1.1,Private,0,1,0
P00264,19,F,Diabetes clinic,2025-04-07,2025-04-21,1,3,0,2.4,Public,0,0,0
P01953,31,M,General practice,2025-03-12,2025-04-21,1,3,0,15.4,Public,0,0,0
P02199,63,M,Paediatrics,2025-04-13,2025-04-21,0,3,1,15.0,Public,0,0,1
P00383,7,M,Paediatrics,2025-04-18,2025-04-21,0,5,2,19.9,None,0,0,1
P00032,19,F,Antenatal,2025-04-15,2025-04-21,1,2,0,2.4,Public,0,0,0
P03535,56,F,General practice,2025-04-20,2025-04-21,1,5,1,20.1,None,1,0,0
P00359,21,F,Diabetes clinic,2025-04-13,2025-04-21,1,3,1,6.2,None,0,1,0
P04351,59,M,Antenatal,2025-04-13,2025-04-21,1,2,1,8.4,None,0,0,1
P02432,13,F,General practice,2025-03-29,2025-04-21,1,2,0,8.5,None,0,0,0
P03968,8,F,Dental,2025-04-15,2025-04-21,1,2,0,2.2,Private,0,0,0
P00990,18,M,Antenatal,2025-04-17,2025-04-21,0,2,0,22.4,Private,0,0,1
P03962,11,F,Paediatrics,2025-04-13,2025-04-21,0,2,0,9.0,Public,0,0,0
P04781,25,M,Eye clinic,2025-04-08,2025-04-21,1,5,1,6.0,Private,0,0,1
P01026,51,F,Diabetes clinic,2025-04-14,2025-04-21,0,2,1,11.5,Public,0,0,0
P04773,46,F,Paediatrics,2025-04-16,2025-04-21,1,2,0,15.2,Private,0,0,0
P00025,24,F,Diabetes clinic,2025-04-15,2025-04-22,1,2,0,18.7,None,0,0,1
P00885,36,F,General practice,2025-04-12,2025-04-22,1,2,0,13.0,None,1,0,0
P02376,42,F,General practice,2025-04-09,2025-04-22,0,4,0,5.7,None,0,0,1
P02781,36,F,General practice,2025-04-08,2025-04-22,1,2,0,11.3,Public,0,0,0
P01966,47,F,General practice,2025-04-05,2025-04-22,0,3,0,1.0,Public,0,0,0
P04757,40,M,Antenatal,2025-04-18,2025-04-22,1,1,0,7.2,Private,0,0,0
P01359,28,M,General practice,2025-04-15,2025-04-22,0,4,0,1.4,Public,0,0,1
P02373,39,M,General practice,2025-04-13,2025-04-22,0,1,0,2.2,Private,0,0,0
P01711,18,F,Physiotherapy,2025-04-15,2025-04-22,1,2,1,8.1,Public,0,0,0
P04755,56,M,Paediatrics,2025-04-13,2025-04-22,1,5,0,,None,0,1,0
P00488,3,F,Antenatal,2025-04-18,2025-04-22,0,1,0,9.4,None,0,0,1
P03479,28,F,Antenatal,2025-03-12,2025-04-22,0,4,1,14.7,Private,0,0,1
P02394,92,F,Paediatrics,2025-04-11,2025-04-22,0,3,0,3.2,Private,0,1,0
P02589,23,F,Paediatrics,2025-04-02,2025-04-22,1,3,0,6.9,None,0,0,0
P03858,19,M,General practice,2025-03-25,2025-04-22,0,3,1,4.0,None,0,1,1
P01414,8,M,Diabetes clinic,2025-04-07,2025-04-22,1,6,1,11.8,None,0,1,1
P04236,19,M,General practice,2025-04-11,2025-04-23,0,3,1,0.8,None,0,0,0
P01019,27,F,General practice,2025-03-31,2025-04-23,0,3,1,9.6,None,0,1,1
P03619,31,M,Antenatal,2025-04-02,2025-04-23,0,2,0,6.1,None,0,0,1
P02583,19,M,Dental,2025-04-22,2025-04-23,1,3,1,11.4,Public,0,1,1
P00853,41,F,Paediatrics,2025-04-09,2025-04-23,0,3,0,15.8,None,0,0,1
P01861,76,M,General practice,2025-04-16,2025-04-23,1,5,2,5.6,Private,0,1,0
P04155,58,M,General practice,2025-04-14,2025-04-23,0,1,0,3.3,Public,1,0,0
P01829,17,M,General practice,2025-03-07,2025-04-23,1,1,1,15.3,None,0,1,1
P01199,19,F,Physiotherapy,2025-03-12,2025-04-23,0,2,1,20.6,Private,0,1,1
P04729,32,F,Diabetes clinic,2025-04-14,2025-04-23,0,3,2,13.9,Private,0,0,1
P02122,12,M,General practice,2025-04-20,2025-04-24,0,2,0,8.6,Public,0,1,0
P01480,35,F,Antenatal,2025-04-24,2025-04-24,1,2,0,1.0,Public,0,1,0
P01182,18,F,Physiotherapy,2025-04-15,2025-04-24,0,2,0,5.0,None,0,0,0
P00627,72,M,Antenatal,2025-04-09,2025-04-24,1,4,0,10.7,None,0,0,0
P03982,27,F,Paediatrics,2025-04-12,2025-04-24,1,3,1,1.4,None,0,0,0
P00792,41,M,Diabetes clinic,2025-03-19,2025-04-24,0,2,1,3.1,Private,1,0,0
P00532,92,F,Dental,2025-04-13,2025-04-24,1,2,1,4.6,None,1,0,0
P02486,56,M,Paediatrics,2025-04-22,2025-04-24,1,2,0,5.9,Public,0,0,0
P01756,18,F,Physiotherapy,2025-04-18,2025-04-24,0,2,0,10.2,Public,0,0,0
P00593,46,M,Paediatrics,2025-04-23,2025-04-24,1,6,0,10.9,Private,1,0,0
P03704,26,M,Physiotherapy,2025-04-02,2025-04-24,0,3,0,8.9,None,0,1,1
P04140,14,F,Paediatrics,2025-04-18,2025-04-24,1,4,0,6.9,,0,1,0
P02260,15,F,General practice,2025-04-14,2025-04-24,1,1,0,8.3,Private,1,1,0
P02184,60,F,Diabetes clinic,2025-04-21,2025-04-24,1,0,0,4.2,None,1,1,0
P00644,21,F,Physiotherapy,2025-04-15,2025-04-24,0,2,1,9.0,Public,0,0,0
P02686,50,M,Antenatal,2025-04-15,2025-04-24,1,3,1,2.1,Public,1,0,0
P02018,18,M,Eye clinic,2025-04-11,2025-04-24,0,3,0,11.8,None,1,1,0
P00061,5,M,General practice,2025-04-13,2025-04-24,0,0,0,9.0,None,0,0,0
P01041,44,M,Diabetes clinic,2025-03-28,2025-04-24,1,7,1,7.7,Public,0,1,0
P00648,30,F,General practice,2025-04-13,2025-04-25,0,3,0,3.6,None,0,0,0
P02821,27,F,General practice,2025-04-17,2025-04-25,1,0,0,1.9,Public,0,0,0
P03812,27,F,General practice,2025-04-22,2025-04-25,1,6,0,18.3,None,0,1,0
P01288,11,F,Physiotherapy,2025-04-25,2025-04-25,0,4,1,4.8,Public,0,0,0
P03838,13,F,Eye clinic,2025-04-08,2025-04-25,1,3,0,5.1,Private,0,1,0
P04889,28,F,General practice,2025-04-17,2025-04-25,1,2,1,11.4,Public,1,0,0
P00072,35,F,General practice,2025-04-25,2025-04-25,1,5,1,9.8,None,0,0,0
P02814,15,M,General practice,2025-04-03,2025-04-25,1,2,0,21.5,Public,0,0,0
P03419,41,F,General practice,2025-04-19,2025-04-25,1,3,3,4.8,,0,0,0
P02545,67,F,General practice,2025-04-24,2025-04-25,0,3,0,5.3,None,1,1,0
P01202,27,F,Paediatrics,2025-04-16,2025-04-25,1,5,2,4.7,Public,1,0,0
P02299,17,M,Dental,2025-04-12,2025-04-25,0,2,2,10.5,Private,0,1,1
P03828,18,F,General practice,2025-04-19,2025-04-25,1,4,0,2.6,Private,0,0,0
P02726,56,F,Physiotherapy,2025-04-17,2025-04-25,0,1,0,6.4,None,0,0,0
P03507,20,M,Diabetes clinic,2025-04-13,2025-04-25,1,1,0,9.0,Public,0,1,0
P01654,62,F,Paediatrics,2025-04-22,2025-04-25,0,2,0,5.7,Private,0,1,0
P00189,63,F,Physiotherapy,2025-04-22,2025-04-25,1,3,1,4.5,Public,0,0,0
P01983,25,F,General practice,2025-04-15,2025-04-25,1,3,1,4.5,,0,0,0
P04132,47,F,Antenatal,2025-03-31,2025-04-28,1,3,0,13.6,None,1,1,0
P03629,74,F,Eye clinic,2025-04-17,2025-04-28,0,2,1,,Public,0,1,0
P04562,60,M,Diabetes clinic,2025-04-17,2025-04-28,1,3,0,2.6,Private,0,1,0
P02357,28,F,General practice,2025-04-23,2025-04-28,0,0,0,0.4,Private,1,0,0
P00879,36,F,Diabetes clinic,2025-04-26,2025-04-28,1,2,1,18.9,Public,0,0,0
P04417,11,M,General practice,2025-04-25,2025-04-28,1,3,0,6.4,None,0,0,0
P04695,18,F,Antenatal,2025-04-19,2025-04-28,1,3,2,9.0,Public,0,0,0
P03904,39,M,General practice,2025-04-23,2025-04-28,0,4,2,4.0,Public,0,0,0
P01852,27,M,Antenatal,2025-04-16,2025-04-28,1,6,3,0.5,None,1,1,0
P01679,66,F,General practice,2025-04-20,2025-04-28,1,5,1,1.0,None,1,0,0
P01012,26,F,Eye clinic,2025-04-21,2025-04-28,0,7,1,1.2,Private,0,1,0
P03291,38,F,Eye clinic,2025-04-25,2025-04-28,0,2,0,18.3,None,0,0,0
P01152,43,F,Eye clinic,2025-04-12,2025-04-28,1,2,0,21.8,Public,0,1,1
P00821,47,F,Eye clinic,2025-04-19,2025-04-28,1,5,0,8.6,None,0,0,0
P00733,35,F,General practice,2025-04-20,2025-04-28,1,2,0,10.8,Private,0,1,0
P04453,27,F,Paediatrics,2025-04-22,2025-04-28,1,4,0,1.9,Public,0,0,0
P02411,35,M,Diabetes clinic,2025-04-18,2025-04-28,1,5,0,20.7,Public,0,0,0
P00592,42,F,Paediatrics,2025-04-20,2025-04-28,1,2,0,14.5,None,0,1,1
P00667,85,F,Paediatrics,2025-04-10,2025-04-28,0,3,0,14.4,None,1,0,0
P03131,21,F,Diabetes clinic,2025-04-20,2025-04-28,1,9,5,10.4,Public,0,1,0
P01193,76,F,Physiotherapy,2025-04-22,2025-04-28,1,1,1,6.5,None,0,0,1
P03753,38,M,General practice,2025-04-03,2025-04-28,1,3,1,8.2,None,0,0,0
P04906,13,M,Dental,2025-04-06,2025-04-28,0,6,2,10.8,None,0,0,0
P00521,24,F,Physiotherapy,2025-03-21,2025-04-28,1,4,2,15.4,None,0,0,1
P01513,20,F,Eye clinic,2025-04-19,2025-04-28,1,3,0,6.2,Private,0,1,0
P01616,31,F,Dental,2025-04-20,2025-04-28,0,1,0,3.7,None,0,1,0
P03706,21,F,Antenatal,2025-04-06,2025-04-28,1,1,1,31.6,Private,0,0,0
P03106,25,M,General practice,2025-04-22,2025-04-28,1,4,0,12.8,Private,0,0,0
P04798,46,M,Paediatrics,2025-04-04,2025-04-28,1,3,1,15.3,None,1,1,1
P01276,19,F,Physiotherapy,2025-04-03,2025-04-28,1,2,0,18.9,None,0,0,0
P02168,22,M,General practice,2025-04-23,2025-04-28,1,2,0,4.2,None,1,0,0
P01316,9,F,Dental,2025-04-26,2025-04-28,1,6,1,3.5,Public,0,0,1
P02139,13,F,Antenatal,2025-04-23,2025-04-28,0,1,0,,None,1,0,0
P02419,3,F,Paediatrics,2025-03-22,2025-04-28,1,3,1,7.4,Private,0,1,0
P04258,80,F,Antenatal,2025-04-24,2025-04-28,1,3,1,6.0,Public,0,0,0
P03024,37,F,Antenatal,2025-04-15,2025-04-28,0,3,1,1.7,None,0,0,1
P03864,28,M,Dental,2025-03-14,2025-04-28,0,6,0,7.3,None,0,0,0
P03632,66,M,General practice,2025-04-18,2025-04-28,1,3,0,19.9,None,1,0,0
P04649,59,F,Paediatrics,2025-04-19,2025-04-28,1,3,0,12.0,None,1,1,0
P01366,40,F,Dental,2025-04-02,2025-04-28,0,4,0,13.0,None,0,0,0
P03924,57,F,Antenatal,2025-04-21,2025-04-28,1,5,0,11.8,Public,0,1,0
P00489,9,F,Dental,2025-04-21,2025-04-28,1,2,0,2.1,None,0,0,0
P02762,40,M,Antenatal,2025-04-06,2025-04-28,0,3,0,8.6,Public,0,0,1
P00500,19,M,General practice,2025-04-21,2025-04-28,1,4,2,12.5,None,1,0,0
P01118,33,F,Dental,2025-04-15,2025-04-28,1,3,1,0.9,None,1,0,0
P00408,24,M,Dental,2025-04-20,2025-04-28,0,5,1,0.9,Public,0,0,1
P03337,1,F,Diabetes clinic,2025-04-20,2025-04-28,1,2,1,21.7,Public,0,0,0
P02692,28,F,Eye clinic,2025-04-25,2025-04-28,1,1,0,6.0,Public,0,0,0
P04397,10,M,Diabetes clinic,2025-04-26,2025-04-28,1,3,0,18.7,Private,0,0,1
P01458,11,F,Diabetes clinic,2025-04-21,2025-04-28,1,0,0,12.5,None,0,0,0
P03035,92,F,General practice,2025-04-19,2025-04-28,1,1,0,2.1,Public,1,0,0
P00255,25,M,Diabetes clinic,2025-04-20,2025-04-28,1,5,3,3.7,None,1,0,1
P03031,18,F,Diabetes clinic,2025-04-07,2025-04-28,0,3,0,8.0,Public,0,0,1
P01567,50,F,Antenatal,2025-04-12,2025-04-29,1,5,2,9.9,Private,1,0,0
P01667,37,F,Diabetes clinic,2025-04-26,2025-04-29,0,3,1,9.6,None,0,1,0
P00952,49,F,Dental,2025-04-17,2025-04-29,0,3,0,2.8,None,0,1,1
P00114,57,F,Paediatrics,2025-03-19,2025-04-29,1,2,0,17.0,Public,0,1,1
P02666,20,M,Paediatrics,2025-04-26,2025-04-29,1,2,1,16.4,Private,0,1,0
P02524,19,M,Eye clinic,2025-04-24,2025-04-29,0,3,0,12.3,Public,0,0,0
P04053,58,M,Diabetes clinic,2025-04-27,2025-04-29,1,4,2,2.8,Public,0,0,0
P03147,23,F,Antenatal,2025-04-27,2025-04-29,0,2,1,5.5,Public,0,0,0
P04919,10,F,Paediatrics,2025-04-21,2025-04-29,1,3,0,23.5,None,0,0,0
P04633,52,F,Diabetes clinic,2025-04-29,2025-04-29,1,2,0,1.2,Public,0,0,0
P01592,28,F,Paediatrics,2025-04-26,2025-04-29,1,2,0,1.5,Public,0,1,0
P00784,30,F,General practice,2025-04-17,2025-04-29,1,3,1,2.5,None,0,0,0
P01706,25,M,Antenatal,2025-04-26,2025-04-30,1,1,0,0.6,Public,1,0,0
P02360,31,M,Antenatal,2025-04-30,2025-04-30,1,2,0,5.9,Public,0,1,0
P00143,22,F,Antenatal,2025-04-21,2025-04-30,0,3,0,5.7,None,0,0,1
P02259,5,F,Eye clinic,2025-04-29,2025-04-30,0,4,1,4.1,Public,0,1,0
P02222,56,M,Diabetes clinic,2025-04-24,2025-04-30,1,3,0,7.3,Private,1,0,0
P02901,40,M,General practice,2025-04-24,2025-04-30,1,3,1,2.3,Public,0,1,0
P02240,20,M,Physiotherapy,2025-04-28,2025-04-30,1,3,1,4.4,Public,1,1,1
P02556,39,M,Paediatrics,2025-04-27,2025-04-30,1,5,0,4.9,None,0,1,0
P02500,92,F,Antenatal,2025-04-27,2025-04-30,0,0,0,7.4,Private,1,0,0
P04733,87,M,Paediatrics,2025-03-30,2025-04-30,0,3,0,5.8,None,0,1,1
P03817,10,M,Diabetes clinic,2025-04-03,2025-04-30,1,0,0,8.6,Private,0,0,0
P00492,28,F,General practice,2025-04-27,2025-04-30,0,5,2,4.1,None,0,1,1
P04636,51,F,Dental,2025-04-01,2025-04-30,1,1,0,2.9,None,1,0,0
P03402,71,F,General practice,2025-03-17,2025-04-30,1,4,1,14.4,Private,0,0,0
P04727,50,M,Paediatrics,2025-04-24,2025-04-30,1,4,1,9.6,Private,1,0,0
P03464,46,F,Diabetes clinic,2025-04-14,2025-04-30,0,3,0,7.8,None,1,0,0
P03379,17,F,General practice,2025-04-29,2025-04-30,1,3,2,5.5,None,0,0,0
P02687,19,F,Dental,2025-04-06,2025-05-01,1,4,1,13.2,Public,0,1,0
P01721,47,F,Dental,2025-04-15,2025-05-01,1,6,0,25.3,None,1,0,1
P00348,36,M,Eye clinic,2025-04-27,2025-05-01,1,3,1,6.0,Private,0,1,0
P02110,29,F,General practice,2025-04-28,2025-05-01,1,5,0,4.1,Public,0,0,0
P04204,36,F,Diabetes clinic,2025-04-19,2025-05-01,1,2,1,10.4,Private,0,0,0
P00583,36,F,Paediatrics,2025-04-08,2025-05-01,0,4,1,21.1,None,0,0,0
P00321,9,M,General practice,2025-04-23,2025-05-01,0,3,1,27.3,Private,1,1,1
P04871,31,F,Paediatrics,2025-04-12,2025-05-01,1,1,0,7.0,None,0,0,0
P00522,25,M,General practice,2025-04-17,2025-05-01,1,7,1,7.2,Public,0,0,0
P00603,29,M,General practice,2025-04-29,2025-05-01,0,1,0,13.0,None,0,0,1
P02340,44,M,Dental,2025-03-22,2025-05-01,0,1,0,5.9,Public,1,0,1
P03198,80,F,General practice,2025-04-21,2025-05-01,1,4,0,14.0,Private,0,0,0
P02324,49,F,General practice,2025-04-25,2025-05-01,1,2,1,3.5,Private,0,0,0
P01932,54,F,Dental,2025-04-27,2025-05-01,0,5,1,8.8,None,1,0,1
P02254,23,M,Dental,2025-05-01,2025-05-01,0,4,1,9.8,Public,1,0,0
P01878,72,F,General practice,2025-04-16,2025-05-02,0,2,0,12.5,Public,1,0,1
P00145,36,M,Paediatrics,2025-04-27,2025-05-02,1,3,0,29.4,None,0,0,0
P04436,31,F,General practice,2025-05-01,2025-05-02,1,1,0,11.5,Private,0,1,0
P04621,19,M,General practice,2025-04-21,2025-05-02,0,2,0,2.8,None,0,0,1
P02700,31,F,Eye clinic,2025-03-27,2025-05-02,0,3,1,,Public,0,1,1
P02418,33,F,General practice,2025-04-25,2025-05-02,1,3,0,5.0,Public,0,0,0
P02898,46,F,Antenatal,2025-04-29,2025-05-02,0,2,0,8.8,None,0,0,0
P01506,30,M,Physiotherapy,2025-04-13,2025-05-02,0,5,0,8.1,Public,0,0,1
P01750,4,M,Antenatal,2025-04-22,2025-05-02,1,5,0,16.5,Public,0,0,0
P03985,24,F,Antenatal,2025-04-26,2025-05-02,1,5,1,1.2,Public,0,1,0
P04279,23,M,Paediatrics,2025-04-28,2025-05-02,1,5,2,19.5,Public,1,0,0
P00606,12,M,General practice,2025-04-29,2025-05-02,1,3,1,6.2,None,0,0,0
P03656,22,M,Dental,2025-04-27,2025-05-02,1,2,2,12.6,None,0,0,1
P00018,26,F,General practice,2025-05-01,2025-05-02,1,4,1,9.7,None,0,1,0
P04443,36,F,Dental,2025-04-18,2025-05-05,1,3,0,13.4,Public,0,1,0
P02570,50,F,Antenatal,2025-05-04,2025-05-05,1,3,0,5.3,None,1,0,0
P04007,44,F,Diabetes clinic,2025-04-20,2025-05-05,0,6,1,8.9,Public,1,0,0
P02682,16,F,Diabetes clinic,2025-03-25,2025-05-05,1,1,0,18.2,Private,0,1,1
P02038,58,F,General practice,2025-04-24,2025-05-05,1,2,0,16.3,None,0,0,0
P00822,9,F,Dental,2025-04-30,2025-05-05,0,4,2,9.4,Private,0,0,1
P04214,45,F,Diabetes clinic,2025-03-29,2025-05-05,1,2,1,11.0,None,0,0,1
P04412,27,F,Dental,2025-04-19,2025-05-05,0,3,1,14.9,None,0,0,0
P00181,73,F,Antenatal,2025-05-04,2025-05-05,1,2,0,10.0,Private,1,1,0
P03465,22,F,Dental,2025-04-28,2025-05-05,0,3,0,4.0,Private,1,1,0
P01454,18,M,General practice,2025-04-20,2025-05-05,1,4,1,4.0,None,1,1,0
P02010,10,M,Paediatrics,2025-04-17,2025-05-05,1,5,3,3.0,Public,0,0,1
P02665,80,M,General practice,2025-05-02,2025-05-05,1,2,0,3.7,Public,1,1,0
P04145,51,M,General practice,2025-04-15,2025-05-05,1,5,2,9.2,Public,1,0,0
P00762,35,F,Paediatrics,2025-04-29,2025-05-05,1,3,0,4.8,None,0,0,0
P00769,50,F,Physiotherapy,2025-05-03,2025-05-05,1,5,1,10.1,None,0,0,1
P04426,57,M,Diabetes clinic,2025-04-25,2025-05-05,1,1,0,6.4,Public,0,0,0
P00542,92,M,General practice,2025-05-02,2025-05-05,0,1,1,13.9,Private,1,0,0
P04182,17,M,Paediatrics,2025-05-03,2025-05-05,1,0,0,2.7,None,0,1,0
P02375,57,F,Paediatrics,2025-04-26,2025-05-05,1,2,0,9.5,None,1,1,0
P04929,33,M,General practice,2025-04-22,2025-05-05,0,4,1,6.6,Public,0,0,1
P03013,65,F,Paediatrics,2025-04-22,2025-05-05,0,3,1,8.0,None,1,0,1
P00278,33,M,General practice,2025-04-21,2025-05-05,1,1,0,13.0,None,0,1,0
P04950,15,M,General practice,2025-04-18,2025-05-05,0,6,2,1.4,None,0,0,1
P00120,30,M,Dental,2025-04-21,2025-05-05,1,4,0,4.9,Public,0,1,0
P01542,21,M,Dental,2025-04-10,2025-05-05,1,0,0,8.0,None,1,1,0
P01622,31,M,Antenatal,2025-05-03,2025-05-05,1,5,1,25.6,Public,1,1,0
P01749,11,F,Diabetes clinic,2025-04-30,2025-05-05,1,1,0,13.3,None,0,0,0
P00241,32,F,General practice,2025-04-26,2025-05-05,0,7,0,1.8,Private,0,0,0
P04796,37,M,General practice,2025-05-05,2025-05-05,1,2,0,4.3,None,0,0,0
P02984,12,M,Paediatrics,2025-04-06,2025-05-05,1,4,1,13.2,Public,0,0,0
P01769,44,M,Physiotherapy,2025-04-09,2025-05-05,1,0,0,9.7,Public,0,0,0
P00448,15,F,Physiotherapy,2025-05-04,2025-05-05,1,5,0,7.2,Private,0,0,0
P02288,45,M,General practice,2025-04-01,2025-05-05,0,4,0,1.2,Public,0,0,0
P00166,46,M,Paediatrics,2025-04-19,2025-05-05,1,3,0,0.5,Private,1,1,0
P04628,77,F,General practice,2025-04-29,2025-05-05,1,3,2,27.7,Public,0,0,0
P04592,59,M,General practice,2025-04-26,2025-05-05,1,4,1,4.8,None,1,0,0
P04567,12,F,Diabetes clinic,2025-04-29,2025-05-05,0,2,1,18.0,Public,0,0,1
P03489,10,F,Dental,2025-04-30,2025-05-05,1,3,1,8.3,Public,0,0,1
P01075,17,F,General practice,2025-04-25,2025-05-05,1,3,0,,Private,0,1,0
P04937,92,M,General practice,2025-05-05,2025-05-05,1,6,2,10.7,Public,1,0,0
P03235,64,F,Dental,2025-04-30,2025-05-05,1,2,1,4.1,Private,0,0,0
P01936,26,M,Physiotherapy,2025-04-09,2025-05-06,0,5,0,10.2,Private,0,0,1
P01056,13,F,Physiotherapy,2025-05-01,2025-05-06,1,2,1,5.8,None,0,0,0
P01731,45,F,Physiotherapy,2025-05-02,2025-05-06,0,4,0,6.2,Private,0,0,0
P01916,35,F,Eye clinic,2025-04-28,2025-05-06,0,1,0,4.6,Public,0,1,1
P00935,76,M,General practice,2025-04-30,2025-05-06,1,5,2,5.7,None,0,1,0
P01156,13,F,General practice,2025-05-04,2025-05-06,0,4,0,7.0,None,0,0,0
P03622,31,F,Eye clinic,2025-04-21,2025-05-06,1,3,0,1.4,Public,0,0,1
P03238,9,F,General practice,2025-04-30,2025-05-06,0,3,0,8.4,Private,0,1,0
P03046,23,M,Eye clinic,2025-05-04,2025-05-06,0,3,0,8.6,None,0,0,0
P01651,27,M,General practice,2025-03-18,2025-05-06,1,3,1,5.4,None,0,1,1
P00761,33,M,Paediatrics,2025-04-12,2025-05-06,1,3,1,2.5,None,0,1,0
P00395,48,F,Diabetes clinic,2025-04-29,2025-05-06,0,8,1,3.8,Public,1,0,0
P04722,52,F,Diabetes clinic,2025-05-04,2025-05-06,0,3,2,4.3,None,0,0,0
P00455,22,F,Diabetes clinic,2025-03-21,2025-05-06,1,6,0,3.0,None,0,0,0
P03324,23,F,General practice,2025-04-28,2025-05-06,0,4,0,5.7,Public,0,0,0
P00587,17,M,Physiotherapy,2025-04-18,2025-05-06,0,2,0,11.6,Public,0,1,0
P03038,13,F,Physiotherapy,2025-04-21,2025-05-06,1,2,0,2.0,Private,0,1,0
P04523,23,M,Antenatal,2025-04-07,2025-05-06,1,2,0,15.7,None,0,1,0
P02102,27,F,General practice,2025-05-01,2025-05-07,1,3,0,9.6,None,0,0,0
P02561,41,F,General practice,2025-04-27,2025-05-07,1,6,0,19.6,Private,0,0,0
P02506,22,M,General practice,2025-04-30,2025-05-07,1,6,1,10.5,None,0,1,0
P03698,55,M,General practice,2025-04-28,2025-05-07,1,3,0,4.2,Public,0,0,0
P03740,82,F,Antenatal,2025-04-08,2025-05-07,0,7,3,4.4,None,0,1,0
P02940,41,M,Antenatal,2025-05-03,2025-05-07,1,2,0,6.8,Private,1,0,0
P01959,36,M,Physiotherapy,2025-05-02,2025-05-07,0,3,1,4.6,Public,1,0,0
P04000,61,M,Antenatal,2025-04-13,2025-05-07,0,2,0,12.6,Private,1,0,1
P02196,32,M,General practice,2025-04-15,2025-05-07,0,4,0,3.8,None,0,1,0
P02014,27,F,Diabetes clinic,2025-05-03,2025-05-07,1,1,1,5.0,None,0,0,1
P02228,33,F,Dental,2025-04-30,2025-05-07,0,4,2,2.2,None,0,0,1
P03445,56,M,General practice,2025-04-18,2025-05-07,1,3,0,6.1,Public,0,0,0
P02341,65,F,Antenatal,2025-04-26,2025-05-07,1,7,1,3.4,None,0,1,0
P00873,17,F,General practice,2025-05-04,2025-05-07,1,3,1,7.2,None,1,1,0
P04067,42,F,Dental,2025-04-21,2025-05-07,1,2,0,2.8,None,0,0,1
P03627,10,F,Eye clinic,2025-04-23,2025-05-07,1,4,1,4.2,None,0,1,0
P02976,72,F,General practice,2025-04-23,2025-05-08,0,2,0,5.9,None,0,0,1
P03261,25,F,Eye clinic,2025-05-01,2025-05-08,1,4,1,9.5,Private,0,0,1
P00459,26,M,Dental,2025-05-08,2025-05-08,0,2,0,6.5,None,0,0,0
P01393,23,M,Eye clinic,2025-04-06,2025-05-08,1,2,0,14.4,None,0,1,0
P00628,16,F,Dental,2025-04-02,2025-05-08,0,3,1,3.0,Public,0,1,1
P03262,16,M,Eye clinic,2025-05-03,2025-05-08,1,4,2,5.2,None,0,1,1
P02019,4,F,Paediatrics,2025-04-26,2025-05-08,1,4,1,14.2,Public,0,1,1
P03872,15,F,General practice,2025-04-23,2025-05-08,1,1,0,12.9,Public,0,1,0
P03267,29,F,General practice,2025-04-20,2025-05-08,1,4,2,9.6,Private,0,0,0
P01025,47,F,Paediatrics,2025-04-07,2025-05-08,1,2,0,2.1,Private,1,1,0
P03323,17,F,General practice,2025-04-23,2025-05-08,0,4,0,9.4,Public,0,0,0
P00979,31,M,Diabetes clinic,2025-04-22,2025-05-08,0,2,0,2.5,Public,0,1,0
P01747,8,F,General practice,2025-05-08,2025-05-09,1,2,1,11.5,None,0,1,0
P02708,56,F,Diabetes clinic,2025-04-25,2025-05-09,1,6,1,3.9,Public,0,0,0
P03766,27,M,Dental,2025-05-08,2025-05-09,0,3,1,9.3,Public,0,1,0
P03865,47,F,Physiotherapy,2025-05-01,2025-05-09,0,10,1,0.5,None,1,0,0
P02631,9,M,General practice,2025-04-17,2025-05-09,1,2,0,7.4,None,0,0,0
P00939,37,F,General practice,2025-05-08,2025-05-09,1,3,0,5.8,Public,1,1,0
P04334,36,M,Antenatal,2025-05-01,2025-05-09,1,4,0,21.0,Public,0,1,1
P00043,70,F,Physiotherapy,2025-05-02,2025-05-09,1,5,2,8.3,None,0,1,0
P02754,31,M,Eye clinic,2025-05-08,2025-05-09,0,1,0,6.2,Public,0,1,0
P01998,73,F,Physiotherapy,2025-04-13,2025-05-09,1,0,0,10.0,Public,1,1,0
P00330,85,F,Eye clinic,2025-05-05,2025-05-09,1,3,0,6.8,Private,0,0,0
P04297,7,F,Eye clinic,2025-04-26,2025-05-09,0,4,0,2.4,Public,0,0,0
P03666,50,F,Eye clinic,2025-05-01,2025-05-09,1,2,0,6.3,Private,0,0,1
P01510,35,M,General practice,2025-04-19,2025-05-09,1,1,0,4.2,Private,0,0,1
P03073,35,F,Dental,2025-05-08,2025-05-09,0,4,1,1.9,None,0,0,0
P01547,23,F,Paediatrics,2025-04-29,2025-05-09,1,5,0,4.1,Private,0,0,0
P01589,22,M,General practice,2025-05-01,2025-05-09,1,3,1,19.9,None,0,1,0
P01536,42,M,General practice,2025-04-27,2025-05-09,1,3,1,13.2,Private,1,0,0
P00755,35,F,General practice,2025-04-12,2025-05-12,1,0,0,10.3,Public,0,0,0
P00336,66,F,General practice,2025-05-02,2025-05-12,1,6,2,,Public,0,1,0
P00750,48,M,Antenatal,2025-04-17,2025-05-12,1,2,2,6.9,Public,1,0,1
P04296,29,M,General practice,2025-05-09,2025-05-12,0,5,0,3.6,Public,0,0,0
P01099,32,M,Diabetes clinic,2025-04-16,2025-05-12,0,4,1,8.5,None,0,0,0
P03145,22,M,Dental,2025-05-10,2025-05-12,1,5,1,17.4,Public,0,0,0
P02600,38,F,Paediatrics,2025-04-25,2025-05-12,1,0,0,8.4,None,0,0,0
P02392,28,F,Diabetes clinic,2025-04-28,2025-05-12,1,2,1,3.6,Public,0,0,0
P01867,20,F,Paediatrics,2025-05-07,2025-05-12,0,0,0,1.6,Private,0,0,0
P01746,47,M,General practice,2025-05-11,2025-05-12,0,5,1,22.6,Public,1,0,0
P04446,65,F,Paediatrics,2025-04-30,2025-05-12,1,2,0,5.3,Private,1,0,0
P02937,30,F,Antenatal,2025-04-26,2025-05-12,1,3,0,5.5,Private,0,0,0
P03467,92,M,Paediatrics,2025-04-20,2025-05-12,1,6,1,1.1,Private,0,0,0
P00595,36,F,Physiotherapy,2025-05-04,2025-05-12,1,3,0,7.8,Private,0,0,0
P01618,11,M,General practice,2025-05-09,2025-05-12,1,4,2,5.3,Public,0,0,0
P02160,26,M,Diabetes clinic,2025-05-04,2025-05-12,1,3,0,2.7,Private,0,0,0
P01191,47,F,Physiotherapy,2025-05-10,2025-05-12,0,3,1,3.3,Private,1,1,0
P03796,59,M,Dental,2025-05-07,2025-05-12,1,4,1,9.1,None,0,0,0
P04805,6,M,Eye clinic,2025-04-14,2025-05-12,1,4,1,11.1,None,0,0,1
P03743,28,F,General practice,2025-05-06,2025-05-12,0,2,1,19.5,None,0,1,1
P03257,7,M,Diabetes clinic,2025-05-01,2025-05-12,0,2,0,5.7,Public,0,0,0
P00235,14,F,General practice,2025-05-07,2025-05-12,1,2,0,17.9,Public,1,0,0
P00234,11,M,General practice,2025-05-09,2025-05-12,0,2,0,9.1,Public,0,1,1
P03488,6,M,General practice,2025-05-07,2025-05-12,1,1,1,7.7,Private,0,0,1
P01572,39,F,Antenatal,2025-05-04,2025-05-12,1,3,1,9.5,None,0,0,1
P01849,21,F,General practice,2025-04-30,2025-05-12,1,2,1,27.0,Private,0,1,1
P03117,31,F,Dental,2025-05-06,2025-05-12,0,4,0,6.8,Public,0,1,0
P00928,10,F,Dental,2025-05-07,2025-05-12,0,2,1,12.2,Public,0,1,1
P00844,84,F,Eye clinic,2025-05-09,2025-05-12,1,1,0,18.5,Private,1,1,0
P00959,31,M,Diabetes clinic,2025-05-06,2025-05-12,1,4,2,2.5,Public,0,0,1
P03430,38,F,General practice,2025-04-09,2025-05-12,1,1,0,1.4,Private,0,0,0
P03132,31,F,Physiotherapy,2025-04-28,2025-05-12,1,3,0,4.1,Public,0,1,1
P01646,69,M,Eye clinic,2025-04-25,2025-05-12,1,1,0,11.0,Private,0,0,0
P04278,46,M,Physiotherapy,2025-04-27,2025-05-12,0,4,0,16.4,Public,0,1,1
P02220,24,M,Antenatal,2025-04-27,2025-05-12,0,1,0,8.3,None,0,1,0
P03278,49,F,Eye clinic,2025-04-22,2025-05-12,1,4,0,15.9,Public,0,0,0
P00808,40,F,Physiotherapy,2025-04-30,2025-05-12,1,2,1,19.3,Private,0,1,0
P04965,31,F,General practice,2025-04-28,2025-05-12,1,2,1,13.8,None,0,0,0
P00082,41,F,General practice,2025-04-30,2025-05-13,0,1,0,6.1,None,0,0,0
P03182,14,F,General practice,2025-04-27,2025-05-13,1,2,0,4.7,Public,0,0,0
P00175,92,F,Eye clinic,2025-04-24,2025-05-13,0,4,2,2.7,None,1,0,0
P03497,20,F,General practice,2025-05-08,2025-05-13,1,2,0,7.8,Public,0,0,1
P02066,35,M,Paediatrics,2025-05-12,2025-05-13,0,2,0,6.5,None,0,0,0
P03789,73,M,General practice,2025-05-09,2025-05-13,1,5,0,5.5,Private,0,1,0
P04094,18,M,Physiotherapy,2025-04-23,2025-05-13,1,3,2,5.2,Public,0,1,1
P02772,53,F,Paediatrics,2025-05-07,2025-05-13,1,5,2,4.4,Private,1,0,0
P03246,5,M,Antenatal,2025-05-09,2025-05-13,0,1,0,6.6,Public,0,0,1
P03051,21,F,Antenatal,2025-04-12,2025-05-13,1,3,1,3.5,None,1,0,0
P00946,34,F,General practice,2025-05-11,2025-05-13,1,0,0,3.8,Private,1,0,0
P04280,23,F,Antenatal,2025-05-13,2025-05-13,1,2,1,15.1,None,1,0,0
P03604,29,M,Physiotherapy,2025-05-11,2025-05-13,1,3,2,7.1,None,0,0,0
P01234,92,F,Dental,2025-05-02,2025-05-13,0,0,0,15.7,Public,0,1,0
P01204,43,M,Diabetes clinic,2025-04-30,2025-05-13,0,3,0,21.4,None,0,0,0
P03308,29,M,Paediatrics,2025-05-11,2025-05-13,1,4,1,18.9,,0,1,0
P01304,29,M,Paediatrics,2025-05-06,2025-05-13,0,1,0,14.5,None,0,0,1
P04752,39,M,General practice,2025-04-23,2025-05-13,1,2,0,3.3,Public,0,1,0
P00703,66,M,Dental,2025-04-02,2025-05-14,1,1,0,7.7,Private,1,0,0
P01978,43,F,General practice,2025-05-10,2025-05-14,1,3,0,1.6,None,0,0,1
P01077,51,F,Paediatrics,2025-04-25,2025-05-14,0,1,0,,None,1,0,0
P03399,92,M,Diabetes clinic,2025-04-23,2025-05-14,1,4,1,6.7,None,1,0,0
P00825,26,M,General practice,2025-05-10,2025-05-14,1,6,1,3.4,None,1,0,0
P02188,25,F,Antenatal,2025-05-04,2025-05-14,0,2,1,6.7,Public,0,1,1
P04060,39,F,Paediatrics,2025-04-15,2025-05-14,1,3,1,16.9,None,1,1,0
P04498,23,F,General practice,2025-05-05,2025-05-14,1,7,2,2.5,Public,0,0,0
P03703,46,F,General practice,2025-05-14,2025-05-14,0,3,0,10.1,None,0,0,0
P03861,13,M,Paediatrics,2025-05-03,2025-05-14,1,7,1,18.0,None,0,1,0
P01070,34,F,Physiotherapy,2025-05-10,2025-05-14,0,5,1,13.7,None,0,1,0
P01302,60,M,Physiotherapy,2025-04-28,2025-05-14,0,3,0,5.1,None,1,0,0
P02379,29,F,Physiotherapy,2025-05-05,2025-05-14,1,5,0,8.0,Public,1,1,1
P02676,52,M,Dental,2025-05-10,2025-05-14,1,5,1,14.8,Public,1,0,0
P03680,34,M,Antenatal,2025-04-17,2025-05-14,1,4,3,11.1,Public,0,0,1
P02428,47,F,Paediatrics,2025-05-12,2025-05-14,1,3,1,2.6,Public,0,0,1
P03571,37,F,General practice,2025-05-09,2025-05-14,1,2,0,2.8,Public,0,1,0
P04976,33,F,General practice,2025-05-08,2025-05-14,1,8,1,22.0,Public,0,0,0
P00433,36,F,General practice,2025-05-02,2025-05-14,1,1,0,14.9,None,0,1,0
P03963,41,F,Paediatrics,2025-03-28,2025-05-14,0,3,0,8.2,Private,0,1,1
P00682,26,M,Dental,2025-04-29,2025-05-14,0,4,2,13.5,None,0,0,1
P03393,14,F,Diabetes clinic,2025-05-05,2025-05-15,1,3,1,7.1,None,0,1,0
P01908,35,M,Eye clinic,2025-05-15,2025-05-15,1,4,2,11.6,None,0,1,1
P04915,53,M,Paediatrics,2025-04-25,2025-05-15,0,3,1,7.5,None,0,0,1
P04901,28,F,Dental,2025-05-08,2025-05-15,1,5,2,15.1,None,0,0,0
P03505,16,F,Paediatrics,2025-04-23,2025-05-15,0,3,0,0.8,None,0,1,0
P03166,65,F,Paediatrics,2025-03-26,2025-05-15,0,3,0,0.5,None,1,1,1
P03831,56,F,Physiotherapy,2025-04-30,2025-05-15,1,1,0,5.1,None,0,0,1
P04794,34,M,Paediatrics,2025-05-09,2025-05-15,0,5,0,10.0,None,0,0,0
P03442,12,F,Eye clinic,2025-05-09,2025-05-15,0,2,0,4.1,None,0,0,0
P00363,62,F,General practice,2025-05-13,2025-05-15,1,4,2,8.0,None,1,0,0
P00943,7,M,General practice,2025-05-02,2025-05-15,1,2,0,10.2,None,0,1,0
P03080,24,F,Paediatrics,2025-04-29,2025-05-15,1,1,0,9.4,None,0,0,0
P00037,35,F,Diabetes clinic,2025-05-15,2025-05-15,1,2,0,12.5,Private,0,0,0
P00625,37,F,General practice,2025-04-29,2025-05-15,1,2,0,8.5,Public,0,0,0
P00159,31,M,General practice,2025-04-20,2025-05-15,0,3,0,7.7,Public,0,0,0
P03330,6,F,Physiotherapy,2025-05-04,2025-05-15,0,4,1,18.3,Public,0,1,0
P03339,65,F,Paediatrics,2025-05-09,2025-05-15,1,2,0,18.2,Private,1,0,0
P04509,23,F,Dental,2025-05-15,2025-05-15,0,4,0,21.1,Public,0,1,0
P00609,92,F,General practice,2025-04-30,2025-05-15,0,2,1,6.1,Private,1,0,1
P02263,54,M,General practice,2025-05-02,2025-05-15,1,1,0,8.8,Public,1,0,0
P00863,25,F,Antenatal,2025-05-13,2025-05-16,1,1,0,,Public,1,0,0
P00859,2,M,Dental,2025-04-19,2025-05-16,0,5,0,0.6,None,0,1,1
P01973,24,F,Paediatrics,2025-05-14,2025-05-16,1,3,0,9.6,Public,0,0,0
P03917,36,F,Physiotherapy,2025-05-11,2025-05-16,0,4,1,24.0,None,0,0,0
P02332,37,F,Paediatrics,2025-05-03,2025-05-16,0,4,0,3.6,Private,0,0,0
P03630,32,M,Eye clinic,2025-05-08,2025-05-16,0,3,0,4.0,None,0,0,0
P03880,15,F,General practice,2025-04-30,2025-05-16,0,4,2,6.5,Public,0,0,0
P03282,49,F,Dental,2025-05-14,2025-05-16,0,6,0,4.7,Private,0,0,0
P04902,38,M,General practice,2025-05-06,2025-05-16,1,3,1,3.6,Public,0,0,0
P00771,17,M,General practice,2025-04-17,2025-05-16,1,3,1,11.4,Public,0,0,0
P02747,32,F,Eye clinic,2025-05-12,2025-05-16,0,3,0,8.3,None,1,0,0
P03853,34,M,Eye clinic,2025-04-22,2025-05-16,1,6,0,9.1,Public,0,1,0
P01528,10,M,General practice,2025-04-10,2025-05-16,1,2,1,29.0,Private,1,1,0
P03760,12,M,Antenatal,2025-04-26,2025-05-16,0,2,0,3.0,Public,0,0,0
P02971,33,F,Antenatal,2025-05-03,2025-05-16,1,4,2,5.5,None,1,0,0
P04487,16,M,General practice,2025-05-14,2025-05-16,1,5,1,6.0,Private,0,1,0
P01781,76,F,General practice,2025-05-11,2025-05-16,0,2,0,1.3,None,0,0,0
P00624,16,F,Antenatal,2025-05-08,2025-05-16,0,5,1,9.1,None,0,0,0
P04054,66,M,Physiotherapy,2025-05-12,2025-05-16,0,3,1,2.9,Public,1,0,0
P00095,23,M,Physiotherapy,2025-05-16,2025-05-16,1,1,0,10.3,Public,0,1,0
P02670,38,F,Physiotherapy,2025-05-10,2025-05-16,0,6,0,7.1,None,0,0,0
P03714,18,F,Physiotherapy,2025-05-10,2025-05-16,1,7,1,5.9,Public,0,1,0
P03596,27,F,Diabetes clinic,2025-04-23,2025-05-16,1,3,1,9.4,None,0,0,1
P00719,80,M,General practice,2025-04-30,2025-05-16,1,2,0,19.3,None,1,0,0
P00240,12,M,Diabetes clinic,2025-05-07,2025-05-16,0,3,0,6.5,Public,0,0,1
P04951,19,F,Physiotherapy,2025-05-16,2025-05-16,1,4,1,9.1,None,0,0,1
P02256,40,F,Diabetes clinic,2025-04-25,2025-05-16,0,2,0,9.1,Private,1,1,0
P01915,39,M,Eye clinic,2025-05-12,2025-05-16,0,3,0,3.2,None,0,1,0
P04657,22,F,Antenatal,2025-05-16,2025-05-16,0,8,2,11.6,Private,0,0,1
P04378,14,M,Paediatrics,2025-05-14,2025-05-16,1,1,0,27.8,None,0,0,1
P01668,15,M,Diabetes clinic,2025-05-02,2025-05-19,1,3,0,3.3,Private,0,0,0
P01893,37,F,Diabetes clinic,2025-05-07,2025-05-19,1,2,0,4.7,None,0,0,0
P01901,21,F,Antenatal,2025-05-03,2025-05-19,1,2,1,20.4,Public,0,1,0
P04944,28,F,Eye clinic,2025-05-03,2025-05-19,0,3,1,7.1,Private,0,0,0
P00104,49,F,General practice,2025-04-15,2025-05-19,0,4,0,6.6,Public,0,1,0
P04642,70,M,Eye clinic,2025-05-13,2025-05-19,1,2,0,2.9,None,1,0,0
P01996,38,F,General practice,2025-05-15,2025-05-19,0,3,1,2.6,Public,0,0,0
P04129,36,F,General practice,2025-05-05,2025-05-19,1,4,0,9.9,Private,0,0,0
P04590,30,F,Physiotherapy,2025-04-27,2025-05-19,1,1,0,16.1,Public,0,0,1
P02170,15,F,Diabetes clinic,2025-05-19,2025-05-19,0,0,0,3.0,Public,0,0,0
P02534,43,F,Eye clinic,2025-05-16,2025-05-19,0,1,0,1.1,None,0,0,0
P03376,31,M,Eye clinic,2025-05-19,2025-05-19,0,1,0,7.9,None,0,0,0
P04467,33,F,Antenatal,2025-04-27,2025-05-19,1,4,2,10.2,Public,0,0,0
P03206,13,F,Dental,2025-05-14,2025-05-19,1,0,0,12.6,Private,0,1,0
P00393,19,F,Diabetes clinic,2025-05-10,2025-05-19,1,5,1,3.5,None,0,0,0
P02587,18,F,Physiotherapy,2025-05-18,2025-05-19,1,2,1,6.5,Public,0,0,1
P00679,27,M,Eye clinic,2025-05-17,2025-05-19,0,3,2,2.6,Public,0,0,1
P02022,9,F,General practice,2025-05-06,2025-05-19,1,5,0,1.9,None,0,0,0
P00727,56,F,General practice,2025-04-17,2025-05-19,1,4,1,2.9,None,0,0,0
P00744,20,M,Eye clinic,2025-05-06,2025-05-19,1,2,0,16.3,Private,0,0,0
P04823,19,F,Physiotherapy,2025-04-28,2025-05-19,1,6,0,,None,0,0,0
P02384,64,F,General practice,2025-05-06,2025-05-19,1,1,0,11.1,None,1,0,0
P02012,58,M,General practice,2025-04-26,2025-05-19,1,3,1,7.8,Public,1,0,0
P04859,60,F,General practice,2025-05-14,2025-05-19,1,1,0,7.2,Public,0,1,0
P04861,72,F,Paediatrics,2025-04-30,2025-05-19,0,1,0,3.3,Public,1,1,0
P02236,15,F,Paediatrics,2025-05-02,2025-05-19,1,1,0,4.4,None,0,1,0
P04198,14,F,General practice,2025-05-17,2025-05-19,1,4,1,7.6,Public,0,0,0
P04126,13,M,General practice,2025-05-15,2025-05-19,1,2,0,14.0,None,0,1,0
P04448,15,M,General practice,2025-05-02,2025-05-19,1,5,1,9.1,None,0,0,0
P01991,21,F,General practice,2025-05-09,2025-05-19,1,0,0,12.7,Public,0,1,0
P02751,72,F,Diabetes clinic,2025-05-06,2025-05-19,1,3,1,34.4,Public,1,1,0
P00988,2,F,Antenatal,2025-05-16,2025-05-19,0,3,1,7.9,None,0,1,1
P01158,35,F,Antenatal,2025-04-18,2025-05-19,1,4,0,5.9,None,0,1,0
P03515,42,F,Paediatrics,2025-05-12,2025-05-19,0,3,3,8.0,None,0,0,1
P02965,31,F,Physiotherapy,2025-05-14,2025-05-19,0,5,4,5.8,Private,0,0,0
P01347,23,F,General practice,2025-04-23,2025-05-19,0,1,0,3.5,Public,0,0,0
P03720,12,F,Antenatal,2025-05-07,2025-05-19,1,4,3,7.1,None,0,0,1
P01776,79,M,Eye clinic,2025-04-18,2025-05-19,1,1,0,10.9,Public,0,0,0
P01744,39,M,General practice,2025-05-16,2025-05-19,1,1,0,4.2,Private,1,0,0
P03702,65,F,Paediatrics,2025-04-29,2025-05-19,1,5,0,5.0,Private,1,0,0
P01050,51,F,Paediatrics,2025-05-05,2025-05-19,1,5,1,8.5,None,1,0,0
P01015,14,M,Paediatrics,2025-05-17,2025-05-19,0,5,0,8.5,Public,0,0,0
P01296,52,F,General practice,2025-05-14,2025-05-19,0,6,1,1.8,Public,1,0,0
P01171,14,F,Physiotherapy,2025-05-18,2025-05-19,1,4,1,24.6,Private,0,0,0
P02261,66,M,General practice,2025-05-03,2025-05-20,1,3,0,11.9,Public,0,1,0
P02310,16,M,General practice,2025-05-11,2025-05-20,1,3,1,0.9,None,0,0,0
P04978,87,M,General practice,2025-05-14,2025-05-20,1,3,1,12.3,Private,1,0,0
P01854,61,F,Eye clinic,2025-04-11,2025-05-20,1,3,0,14.6,None,0,0,0
P01742,7,F,Diabetes clinic,2025-05-18,2025-05-20,1,4,0,6.0,None,0,0,0
P00081,42,F,General practice,2025-05-08,2025-05-20,1,3,0,14.3,None,0,0,0
P00403,53,M,General practice,2025-04-27,2025-05-20,1,5,4,4.3,None,0,0,0
P01527,56,M,General practice,2025-05-10,2025-05-20,0,6,3,10.2,Private,0,0,1
P00332,9,M,General practice,2025-05-18,2025-05-20,1,2,0,4.0,None,0,0,0
P00910,57,F,General practice,2025-05-15,2025-05-20,1,0,0,4.6,Public,1,0,0
P04985,92,M,General practice,2025-05-01,2025-05-20,1,1,0,34.4,None,0,1,1
P01748,66,M,General practice,2025-05-12,2025-05-20,1,1,1,1.0,Public,1,0,1
P04352,28,M,General practice,2025-05-14,2025-05-20,1,4,1,9.8,None,0,0,0
P04353,26,M,General practice,2025-05-15,2025-05-20,0,2,2,6.1,Private,0,0,1
P02869,40,F,Paediatrics,2025-05-01,2025-05-20,1,7,1,9.2,Public,0,0,0
P02799,33,M,Physiotherapy,2025-05-18,2025-05-20,0,2,0,8.3,None,0,1,0
P03558,15,F,General practice,2025-05-07,2025-05-20,1,5,0,3.3,Private,0,0,0
P02588,25,M,General practice,2025-05-08,2025-05-20,1,1,0,4.5,None,0,0,0
P02105,34,F,Paediatrics,2025-05-11,2025-05-20,1,2,2,11.9,Private,0,1,1
P02715,40,F,General practice,2025-05-15,2025-05-20,0,5,1,17.8,Public,0,1,1
P02716,29,F,Diabetes clinic,2025-05-06,2025-05-21,1,4,1,4.6,None,0,0,1
P01955,24,M,General practice,2025-05-10,2025-05-21,0,2,0,10.7,None,0,0,1
P01944,36,M,Paediatrics,2025-05-02,2025-05-21,0,7,1,16.4,Private,0,0,0
P02805,38,M,General practice,2025-04-19,2025-05-21,1,3,0,8.0,None,0,0,0
P03729,44,F,General practice,2025-05-02,2025-05-21,1,4,1,4.0,None,0,0,0
P01644,14,F,General practice,2025-05-08,2025-05-21,1,3,0,3.9,Public,0,0,0
P04746,74,M,Eye clinic,2025-05-20,2025-05-21,1,6,3,2.1,None,1,0,0
P02017,92,F,General practice,2025-05-03,2025-05-21,0,2,0,9.9,None,1,0,0
P00480,11,F,General practice,2025-05-17,2025-05-21,1,4,0,5.3,Private,0,1,0
P02471,23,F,General practice,2025-04-30,2025-05-21,1,4,0,7.6,None,0,0,0
P02039,15,F,General practice,2025-05-20,2025-05-21,1,3,1,25.0,Public,0,0,0
P04387,9,F,Antenatal,2025-05-04,2025-05-21,0,4,2,7.1,None,1,0,1
P03804,25,F,Dental,2025-05-21,2025-05-21,1,1,0,8.9,Public,0,0,0
P01358,27,F,Dental,2025-05-14,2025-05-21,1,3,1,12.0,Public,0,0,0
P03287,54,M,General practice,2025-05-12,2025-05-21,0,3,0,4.7,Public,1,1,0
P01038,34,F,Antenatal,2025-05-10,2025-05-21,1,5,0,6.0,None,1,1,0
P04253,25,F,Antenatal,2025-05-17,2025-05-21,1,3,0,4.1,Private,0,0,0
P00790,16,F,General practice,2025-04-26,2025-05-21,1,3,1,10.4,Public,0,0,0
P03092,20,F,General practice,2025-05-05,2025-05-21,0,3,1,1.9,Public,0,0,1
P04042,21,M,Paediatrics,2025-05-03,2025-05-21,0,2,0,7.5,Public,0,0,0
P04999,58,M,Eye clinic,2025-05-16,2025-05-22,1,2,0,11.3,Private,0,0,0
P00262,18,F,Diabetes clinic,2025-05-08,2025-05-22,0,5,1,5.3,Private,0,0,1
P03285,24,M,Paediatrics,2025-05-16,2025-05-22,0,4,0,12.2,Private,0,0,0
P04229,26,M,Antenatal,2025-05-08,2025-05-22,1,5,2,6.3,None,0,1,0
P04460,14,F,Diabetes clinic,2025-05-17,2025-05-22,0,4,1,8.9,Private,0,0,0
P02688,92,M,Antenatal,2025-05-13,2025-05-22,1,2,0,6.9,Private,0,0,0
P00366,33,F,General practice,2025-05-04,2025-05-22,0,5,0,6.2,Public,0,1,0
P00369,27,F,Paediatrics,2025-04-28,2025-05-22,1,2,1,4.8,Public,0,0,1
P02050,16,M,General practice,2025-05-20,2025-05-22,1,4,0,5.2,Public,0,1,0
P00924,13,F,Paediatrics,2025-05-16,2025-05-22,1,4,1,14.4,Private,0,1,0
P03735,13,F,Paediatrics,2025-04-10,2025-05-22,1,4,1,3.5,Public,0,0,0
P02443,36,M,Paediatrics,2025-05-14,2025-05-22,0,1,0,6.8,None,0,0,1
P00458,11,F,General practice,2025-05-18,2025-05-22,1,3,0,7.7,Public,1,1,0
P03309,49,F,Physiotherapy,2025-05-09,2025-05-22,0,2,0,14.6,Private,1,0,0
P01286,64,M,Diabetes clinic,2025-05-18,2025-05-22,1,7,3,11.7,Public,0,0,1
P00236,54,M,Physiotherapy,2025-05-12,2025-05-22,0,3,1,3.3,Private,1,1,1
P04580,42,F,Dental,2025-05-12,2025-05-22,0,6,2,0.9,None,0,0,0
P04173,30,F,Paediatrics,2025-05-07,2025-05-22,1,6,3,8.9,Public,0,1,1
P03429,36,M,Physiotherapy,2025-05-22,2025-05-22,0,2,1,5.8,Private,1,0,1
P02800,61,F,Physiotherapy,2025-05-17,2025-05-22,0,2,1,26.3,None,0,0,1
P02353,17,F,Dental,2025-05-09,2025-05-22,0,7,0,11.9,None,0,1,0
P04935,56,F,General practice,2025-04-15,2025-05-22,1,2,0,0.7,Public,0,0,1
P01079,14,F,Dental,2025-05-13,2025-05-23,0,6,0,15.8,Public,0,1,0
P04445,15,M,Eye clinic,2025-04-19,2025-05-23,1,4,1,10.1,Private,0,0,0
P03901,37,M,Eye clinic,2025-05-15,2025-05-23,1,6,2,7.2,Public,1,1,1
P02873,48,F,Antenatal,2025-05-19,2025-05-23,1,4,0,,Public,0,0,0
P01727,25,M,Paediatrics,2025-05-17,2025-05-23,1,2,1,4.5,Private,0,1,0
P04680,13,F,Physiotherapy,2025-05-17,2025-05-23,1,2,2,13.5,None,1,0,0
P00469,8,F,Paediatrics,2025-05-03,2025-05-23,1,2,0,2.4,None,0,0,0
P04454,29,M,Dental,2025-04-23,2025-05-23,0,3,1,5.9,None,0,0,1
P04979,21,F,General practice,2025-05-14,2025-05-23,0,3,2,4.4,None,0,1,1
P03165,32,F,Antenatal,2025-05-22,2025-05-23,0,2,0,3.0,Public,0,0,0
P02639,15,M,Antenatal,2025-05-22,2025-05-23,0,3,2,29.6,Public,0,0,1
P00594,29,F,Antenatal,2025-05-01,2025-05-23,1,2,1,1.3,Public,0,0,1
P02604,24,M,Antenatal,2025-05-14,2025-05-23,1,6,0,2.0,Public,0,0,1
P00911,48,F,General practice,2025-05-23,2025-05-23,1,3,1,2.1,Public,0,0,0
P02977,56,F,Antenatal,2025-05-21,2025-05-23,1,6,1,26.3,None,1,0,0
P01734,7,M,General practice,2025-04-19,2025-05-23,1,3,0,0.5,Public,0,0,0
P00693,65,F,General practice,2025-05-08,2025-05-23,1,4,1,6.7,None,0,0,1
P03914,13,F,Eye clinic,2025-05-22,2025-05-23,1,7,2,8.2,None,0,0,0
P03173,21,M,General practice,2025-05-19,2025-05-23,0,2,0,3.5,Public,0,0,0
P01402,27,F,Paediatrics,2025-05-15,2025-05-26,0,4,0,6.0,None,0,0,0
P02680,61,M,Physiotherapy,2025-05-15,2025-05-26,0,1,0,4.6,Public,0,0,0
P03455,14,F,Diabetes clinic,2025-05-21,2025-05-26,0,6,1,4.7,Private,1,1,0
P01446,19,M,Dental,2025-05-14,2025-05-26,0,2,0,3.1,None,0,0,0
P00265,28,M,General practice,2025-05-22,2025-05-26,0,3,1,11.5,Private,0,0,1
P01863,24,M,Antenatal,2025-05-14,2025-05-26,0,4,0,11.8,None,1,1,1
P01190,17,M,General practice,2025-05-07,2025-05-26,0,2,0,16.7,None,0,0,0
P01201,44,M,Antenatal,2025-05-23,2025-05-26,0,2,0,11.9,Public,1,0,1
P04288,35,F,Antenatal,2025-05-21,2025-05-26,0,3,0,8.8,Public,0,1,0
P04907,11,M,Paediatrics,2025-04-14,2025-05-26,1,4,0,2.1,Private,0,1,1
P01609,27,F,Eye clinic,2025-05-20,2025-05-26,1,0,0,7.0,Public,0,0,0
P01174,35,M,General practice,2025-05-05,2025-05-26,1,3,0,14.4,Public,0,1,0
P01097,30,M,Dental,2025-05-25,2025-05-26,0,1,0,13.8,Public,0,1,1
P01144,71,M,Antenatal,2025-05-23,2025-05-26,1,3,1,19.7,None,1,1,0
P02917,60,F,General practice,2025-05-16,2025-05-26,0,3,1,10.4,None,1,1,1
P01477,17,F,Eye clinic,2025-05-04,2025-05-26,0,3,0,11.5,Public,0,0,0
P00756,27,F,Dental,2025-05-23,2025-05-26,0,3,0,6.0,None,0,1,0
P01250,66,M,General practice,2025-05-07,2025-05-26,0,4,2,5.9,None,1,0,1
P01392,85,F,Physiotherapy,2025-05-23,2025-05-26,1,1,0,22.0,Public,0,0,0
P01422,89,F,Paediatrics,2025-04-27,2025-05-26,1,1,0,2.2,Public,1,0,0
P01937,24,M,Physiotherapy,2025-05-04,2025-05-26,1,3,0,16.1,None,0,1,0
P03096,19,F,Diabetes clinic,2025-05-09,2025-05-26,1,1,0,16.2,Private,0,0,0
P01312,24,F,Antenatal,2025-05-21,2025-05-26,1,2,2,1.5,None,0,1,0
P03169,26,M,General practice,2025-05-25,2025-05-26,1,3,0,14.1,Public,0,0,0
P02191,20,F,Antenatal,2025-05-12,2025-05-26,0,2,0,15.1,Public,0,0,1
P01935,31,F,Paediatrics,2025-05-17,2025-05-26,1,4,1,6.3,Private,0,1,0
P02244,12,M,Dental,2025-05-01,2025-05-26,1,4,0,4.6,None,0,1,0
P01378,16,F,General practice,2025-05-20,2025-05-26,1,2,0,5.1,Private,0,1,0
P03688,34,F,Diabetes clinic,2025-05-11,2025-05-26,1,4,1,3.1,None,0,1,0
P02709,68,M,General practice,2025-05-16,2025-05-26,0,3,1,11.7,Public,1,0,1
P01339,49,M,General practice,2025-05-20,2025-05-26,1,4,2,12.6,None,0,1,0
P03237,34,M,General practice,2025-05-18,2025-05-27,1,2,0,2.6,Private,0,1,0
P00499,49,M,Diabetes clinic,2025-05-27,2025-05-27,1,3,1,3.7,Public,0,0,0
P03151,7,F,Dental,2025-05-21,2025-05-27,1,2,1,16.8,Public,0,1,0
P04185,72,F,Diabetes clinic,2025-05-24,2025-05-27,1,5,2,2.8,None,1,0,0
P01223,17,F,General practice,2025-05-23,2025-05-27,1,3,2,10.0,None,0,0,0
P04481,64,M,Dental,2025-05-13,2025-05-27,0,2,0,2.2,None,1,1,0
P02182,13,F,Paediatrics,2025-05-22,2025-05-27,1,1,0,2.2,Public,0,0,0
P00218,27,F,Paediatrics,2025-05-20,2025-05-27,1,3,0,14.7,None,0,0,0
P04114,13,F,Antenatal,2025-05-25,2025-05-27,1,4,1,6.8,Public,0,1,0
P03607,66,F,Antenatal,2025-05-11,2025-05-27,1,2,0,18.1,Private,1,0,0
P03140,92,M,Paediatrics,2025-05-17,2025-05-27,1,1,0,1.5,None,1,1,0
P00930,17,F,General practice,2025-05-18,2025-05-28,1,3,0,8.9,None,0,0,1
P00564,26,M,General practice,2025-05-13,2025-05-28,0,5,1,7.7,None,0,0,1
P04983,52,M,Paediatrics,2025-05-23,2025-05-28,0,7,5,8.2,Public,1,0,0
P00597,53,M,Eye clinic,2025-05-20,2025-05-28,0,3,1,5.7,None,0,0,0
P03802,43,M,General practice,2025-05-16,2025-05-28,0,2,0,2.9,Public,1,1,0
P00008,23,M,Antenatal,2025-05-20,2025-05-28,1,0,0,3.4,None,0,0,0
P00764,67,M,General practice,2025-03-12,2025-05-28,1,2,1,15.5,None,0,0,1
P03724,8,M,General practice,2025-05-18,2025-05-28,1,2,1,2.0,None,0,0,0
P01283,73,F,Physiotherapy,2025-05-02,2025-05-28,1,1,0,8.1,Private,0,0,0
P00302,39,F,Physiotherapy,2025-05-23,2025-05-28,0,1,0,2.9,None,0,1,0
P03462,15,F,General practice,2025-05-09,2025-05-28,0,2,1,7.8,None,0,0,0
P01469,61,M,General practice,2025-05-27,2025-05-28,1,4,1,6.0,None,0,0,0
P02132,30,F,Antenatal,2025-05-13,2025-05-28,1,6,2,24.2,None,0,0,0
P00295,10,M,General practice,2025-05-14,2025-05-28,1,9,1,5.9,Private,1,0,0
P01179,29,F,Diabetes clinic,2025-05-07,2025-05-28,0,3,1,16.2,None,0,1,1
P00135,17,F,Paediatrics,2025-05-24,2025-05-29,1,5,2,11.3,Private,0,0,0
P01580,86,F,Dental,2025-05-22,2025-05-29,1,3,1,30.2,None,0,0,1
P02818,24,M,General practice,2025-05-01,2025-05-29,1,5,0,20.6,Public,0,0,0
P02607,11,F,Dental,2025-05-26,2025-05-29,1,2,0,14.1,Public,1,0,0
P03808,6,F,Antenatal,2025-04-30,2025-05-29,0,3,0,7.9,Public,0,1,1
P04043,9,F,Diabetes clinic,2025-05-16,2025-05-29,0,1,0,3.5,None,0,0,0
P02034,38,F,Dental,2025-05-21,2025-05-29,0,5,2,13.3,Private,0,0,1
P02881,82,F,Eye clinic,2025-05-24,2025-05-29,1,4,1,7.7,,1,0,0
P04741,4,F,Paediatrics,2025-05-20,2025-05-29,1,5,2,12.8,Private,0,1,0
P03966,42,M,Eye clinic,2025-05-21,2025-05-29,0,2,1,8.0,None,0,0,0
P04986,23,M,General practice,2025-05-24,2025-05-29,1,0,0,2.7,None,1,0,0
P02144,14,M,General practice,2025-05-22,2025-05-29,0,3,0,6.8,None,0,0,1
P04993,36,M,Diabetes clinic,2025-05-28,2025-05-29,1,4,1,9.7,Private,0,0,0
P00558,15,F,Eye clinic,2025-05-29,2025-05-29,0,3,0,15.8,None,0,1,0
P00580,9,M,General practice,2025-05-24,2025-05-29,1,3,0,7.1,Public,0,0,0
P04478,49,M,Dental,2025-05-17,2025-05-29,1,2,0,4.0,None,1,1,0
P03011,17,M,Diabetes clinic,2025-05-20,2025-05-30,0,4,1,8.0,None,0,0,0
P02502,12,F,General practice,2025-04-24,2025-05-30,0,2,0,14.2,None,1,0,1
P01087,44,F,General practice,2025-05-23,2025-05-30,1,3,1,20.7,Public,0,0,1
P01067,17,M,General practice,2025-05-29,2025-05-30,1,4,1,5.5,Public,0,0,1
P01872,22,F,Paediatrics,2025-04-28,2025-05-30,0,3,1,6.3,Public,0,0,1
P00820,20,F,Eye clinic,2025-05-03,2025-05-30,1,5,2,3.1,None,0,0,1
P02834,40,F,Physiotherapy,2025-05-14,2025-05-30,1,1,0,8.3,Public,0,0,1
P00205,10,M,Antenatal,2025-05-28,2025-05-30,0,3,0,11.6,None,1,1,0
P01044,27,F,General practice,2025-05-14,2025-05-30,1,2,1,19.3,None,0,1,1
P04208,30,M,General practice,2025-05-29,2025-05-30,1,3,0,16.2,Public,0,0,0
P02590,29,F,Antenatal,2025-05-23,2025-06-02,1,4,0,,Private,1,0,0
P03346,29,F,Antenatal,2025-05-16,2025-06-02,1,6,1,2.7,None,0,0,0
P00156,59,M,Dental,2025-05-22,2025-06-02,0,9,1,4.9,Public,1,0,0
P03176,34,M,Physiotherapy,2025-05-28,2025-06-02,1,3,0,3.9,Public,1,1,0
P00584,22,M,General practice,2025-05-31,2025-06-02,1,2,0,4.4,Public,0,0,1
P04541,80,F,Paediatrics,2025-05-28,2025-06-02,1,2,1,4.6,,0,0,0
P04122,56,F,Eye clinic,2025-05-25,2025-06-02,1,4,0,17.3,Public,0,0,1
P00931,14,M,Antenatal,2025-05-21,2025-06-02,0,5,0,2.0,Public,0,1,0
P00823,80,M,Dental,2025-06-02,2025-06-02,0,6,1,16.2,Private,1,0,1
P00158,46,M,Diabetes clinic,2025-05-28,2025-06-02,1,3,1,5.0,Public,0,1,0
P02331,32,M,Antenatal,2025-05-25,2025-06-02,1,6,1,15.1,Public,0,0,0
P00914,17,F,General practice,2025-05-12,2025-06-02,1,6,1,3.2,None,0,1,1
P03120,85,F,Eye clinic,2025-05-25,2025-06-02,0,4,0,6.1,Public,0,0,1
P00259,7,F,Diabetes clinic,2025-05-16,2025-06-02,1,1,1,10.2,Public,0,0,1
P04251,18,F,Paediatrics,2025-05-11,2025-06-02,1,3,1,13.2,None,0,1,0
P00675,12,F,Dental,2025-05-31,2025-06-02,0,4,2,0.8,Private,0,0,0
P02880,9,M,Diabetes clinic,2025-05-22,2025-06-02,1,3,0,10.5,None,0,0,0
P04148,30,M,Diabetes clinic,2025-05-23,2025-06-02,0,3,2,3.2,None,0,0,1
P02706,9,M,Physiotherapy,2025-04-19,2025-06-02,1,2,0,1.8,Public,0,0,1
P03136,57,F,Physiotherapy,2025-05-25,2025-06-02,0,3,1,10.5,Public,0,0,1
P03933,62,F,General practice,2025-05-06,2025-06-02,0,2,0,4.0,None,1,0,1
P02668,57,F,Dental,2025-05-10,2025-06-02,0,2,0,7.5,None,0,0,1
P02336,23,M,General practice,2025-05-28,2025-06-02,1,3,2,4.8,None,0,0,0
P02003,77,F,Diabetes clinic,2025-05-26,2025-06-02,0,2,0,2.2,Public,1,1,0
P01209,21,F,Diabetes clinic,2025-04-24,2025-06-02,1,1,1,17.2,Public,0,0,1
P04668,26,F,General practice,2025-05-21,2025-06-02,1,0,0,6.7,None,0,0,1
P01635,11,M,General practice,2025-04-21,2025-06-02,0,6,2,15.4,Public,0,1,0
P03846,60,F,Eye clinic,2025-05-27,2025-06-02,0,2,0,2.8,None,1,0,0
P04918,44,M,General practice,2025-05-10,2025-06-02,0,2,1,1.8,Private,0,0,1
P02262,8,F,Diabetes clinic,2025-05-18,2025-06-02,1,5,3,5.7,Private,0,0,0
P00398,35,M,Antenatal,2025-05-26,2025-06-02,1,3,0,5.7,Public,0,1,0
P03920,92,F,Antenatal,2025-05-30,2025-06-02,0,1,0,17.1,Private,0,0,0
P03646,21,M,Paediatrics,2025-05-24,2025-06-03,1,5,1,14.5,Public,0,0,0
P02117,23,M,Diabetes clinic,2025-05-22,2025-06-03,1,3,0,15.5,Public,0,1,1
P04791,18,M,Antenatal,2025-05-28,2025-06-03,0,2,1,7.9,,0,0,0
P04762,17,M,Antenatal,2025-06-03,2025-06-03,1,4,1,1.8,None,1,0,0
P04550,25,M,Diabetes clinic,2025-06-02,2025-06-03,0,4,1,4.7,None,0,0,0
P01517,63,M,Physiotherapy,2025-05-31,2025-06-03,1,5,2,2.1,,0,1,0
P03005,17,M,Eye clinic,2025-04-08,2025-06-03,1,1,0,6.0,None,0,0,1
P01282,15,M,Dental,2025-05-30,2025-06-03,0,5,0,15.6,Public,0,0,1
P02943,7,F,General practice,2025-05-29,2025-06-03,0,2,1,11.3,Private,0,1,0
P01095,23,F,Paediatrics,2025-05-30,2025-06-03,1,1,0,10.4,None,0,0,0
P00039,21,F,Dental,2025-05-17,2025-06-03,1,2,0,28.5,Public,1,0,1
P02062,42,F,Antenatal,2025-06-01,2025-06-03,1,5,1,9.8,None,0,1,0
P01100,21,F,General practice,2025-05-29,2025-06-03,0,3,1,11.1,Private,0,0,1
P02547,26,F,Eye clinic,2025-05-11,2025-06-04,1,6,1,12.7,Private,0,0,0
P03540,37,M,Paediatrics,2025-05-27,2025-06-04,1,1,0,5.5,Public,0,0,0
P02200,22,M,Diabetes clinic,2025-06-02,2025-06-04,1,2,0,16.7,None,0,0,0
P00902,34,F,Paediatrics,2025-05-15,2025-06-04,1,5,1,3.4,None,0,1,0
P01788,62,F,Dental,2025-05-26,2025-06-04,1,4,1,22.9,None,1,1,0
P03256,34,M,Physiotherapy,2025-05-23,2025-06-04,0,3,0,5.9,Private,0,0,1
P01068,4,M,Paediatrics,2025-05-20,2025-06-04,0,4,1,6.0,None,0,0,0
P04831,36,M,Antenatal,2025-05-22,2025-06-04,1,3,0,9.3,Public,0,0,0
P03746,50,F,General practice,2025-04-20,2025-06-04,1,3,1,3.0,Private,0,0,0
P04348,23,F,General practice,2025-06-01,2025-06-04,1,2,1,28.3,Public,0,0,1
P00511,76,F,Physiotherapy,2025-06-03,2025-06-04,1,2,0,7.1,None,0,0,0
P00360,38,M,General practice,2025-06-04,2025-06-05,1,3,1,1.7,Public,0,0,0
P02890,52,M,Diabetes clinic,2025-05-27,2025-06-05,0,4,1,5.5,Private,1,0,0
P03852,47,M,Antenatal,2025-06-02,2025-06-05,1,5,2,12.6,Public,0,0,0
P04761,69,M,Dental,2025-06-03,2025-06-05,0,2,1,7.6,None,1,1,1
P03290,39,F,General practice,2025-05-31,2025-06-05,1,2,0,14.4,Private,0,0,0
P02421,25,M,Eye clinic,2025-06-02,2025-06-05,0,4,1,5.6,None,0,0,0
P02440,15,F,General practice,2025-05-20,2025-06-05,1,2,1,9.7,Private,0,0,1
P03537,26,F,Eye clinic,2025-05-23,2025-06-05,1,2,0,3.4,Public,0,1,0
P03641,55,M,Antenatal,2025-05-29,2025-06-05,0,2,0,7.9,None,0,0,1
P01755,25,F,General practice,2025-05-17,2025-06-05,1,5,0,6.3,Public,0,0,0
P01837,65,F,General practice,2025-05-21,2025-06-05,1,2,1,6.5,None,1,1,0
P01385,34,F,Diabetes clinic,2025-05-30,2025-06-05,1,3,0,14.2,None,0,0,0
P04458,45,F,General practice,2025-05-29,2025-06-05,0,5,1,3.1,Public,0,1,1
P03994,18,M,Paediatrics,2025-06-03,2025-06-05,1,2,0,7.5,None,0,0,1
P04364,89,M,Diabetes clinic,2025-04-30,2025-06-06,1,2,1,14.1,None,0,0,1
P02644,29,M,Diabetes clinic,2025-06-04,2025-06-06,1,2,0,11.7,Public,0,1,0
P02409,21,F,Diabetes clinic,2025-05-15,2025-06-06,1,4,0,5.3,None,0,0,0
P03183,20,M,General practice,2025-06-01,2025-06-06,1,3,1,1.9,Public,0,0,0
P04640,72,F,Diabetes clinic,2025-05-16,2025-06-06,1,1,0,1.8,None,1,1,1
P01548,28,F,Antenatal,2025-05-27,2025-06-06,1,4,0,4.9,Public,0,0,0
P04800,17,M,General practice,2025-05-18,2025-06-06,1,4,0,13.2,Public,1,0,0
P01000,3,F,Eye clinic,2025-06-03,2025-06-06,1,3,2,7.9,None,0,1,1
P00202,52,M,General practice,2025-05-12,2025-06-06,0,5,2,4.1,Public,0,1,0
P02839,29,M,Diabetes clinic,2025-06-01,2025-06-06,1,4,1,11.0,Private,0,1,0
P00888,21,F,General practice,2025-05-16,2025-06-06,0,1,0,1.0,,0,1,0
P03466,28,F,General practice,2025-05-17,2025-06-06,1,3,0,3.0,Private,0,0,0
P03961,13,M,Eye clinic,2025-06-05,2025-06-06,0,7,2,18.9,Public,0,0,1
P00261,29,F,Dental,2025-05-29,2025-06-06,1,1,0,5.9,Public,0,0,0
P00254,49,M,General practice,2025-05-04,2025-06-09,0,3,0,12.2,Private,0,0,1
P04745,41,F,General practice,2025-05-08,2025-06-09,1,3,2,9.2,None,0,0,1
P03484,41,F,Eye clinic,2025-05-26,2025-06-09,1,5,0,9.5,None,1,0,0
P04166,15,M,Paediatrics,2025-06-05,2025-06-09,1,1,1,2.1,None,0,0,1
P02654,34,F,General practice,2025-06-05,2025-06-09,1,2,1,4.8,None,0,1,1
P00760,85,F,Antenatal,2025-05-24,2025-06-09,1,0,0,6.9,Public,0,0,0
P03421,83,F,General practice,2025-06-05,2025-06-09,0,3,2,4.5,Public,0,0,0
P01939,29,M,Paediatrics,2025-06-08,2025-06-09,1,5,0,1.3,Private,0,0,0
P00097,59,M,Physiotherapy,2025-06-07,2025-06-09,1,3,2,14.3,Public,0,1,1
P04152,37,M,Diabetes clinic,2025-06-03,2025-06-09,1,2,1,12.6,Private,0,1,0
P03234,37,M,General practice,2025-05-27,2025-06-09,1,4,0,14.9,None,0,0,0
P04873,30,F,General practice,2025-05-17,2025-06-09,1,4,0,13.4,Public,1,0,0
P01552,92,M,Dental,2025-04-05,2025-06-09,0,1,0,8.2,None,0,1,1
P04869,6,M,Physiotherapy,2025-05-29,2025-06-09,1,1,1,12.9,Private,0,0,1
P04769,23,F,General practice,2025-06-05,2025-06-09,1,3,1,4.6,Public,1,1,0
P00788,92,F,Antenatal,2025-05-23,2025-06-09,1,1,0,6.4,Public,1,1,0
P00855,72,F,Antenatal,2025-05-28,2025-06-09,1,0,0,8.3,None,1,0,0
P01954,51,F,Paediatrics,2025-05-18,2025-06-09,1,4,1,16.1,Public,1,0,0
P01433,34,M,General practice,2025-06-07,2025-06-09,1,2,1,5.8,Public,0,1,0
P02717,15,M,Diabetes clinic,2025-06-02,2025-06-09,0,2,0,2.1,Public,0,1,0
P04099,21,F,Paediatrics,2025-05-22,2025-06-09,1,3,1,19.4,None,0,0,0
P03437,23,M,Antenatal,2025-05-30,2025-06-09,1,1,0,3.3,None,0,0,0
P01590,67,M,Diabetes clinic,2025-05-18,2025-06-09,1,4,1,1.7,None,0,0,0
P01732,51,F,General practice,2025-05-30,2025-06-09,1,4,1,10.1,None,1,0,0
P00848,42,F,Diabetes clinic,2025-05-29,2025-06-09,0,1,0,3.4,,0,0,0
P00901,41,F,Physiotherapy,2025-05-29,2025-06-09,0,3,1,12.5,Public,0,0,1
P04127,23,M,Paediatrics,2025-06-02,2025-06-09,0,5,1,1.2,Public,0,0,0
P02953,52,M,General practice,2025-06-06,2025-06-09,1,6,0,18.6,Private,0,0,0
P02313,62,F,General practice,2025-05-30,2025-06-09,0,0,0,9.8,Public,1,0,0
P03650,18,M,Antenatal,2025-06-03,2025-06-09,1,4,2,28.9,Private,0,0,0
P04737,34,M,General practice,2025-06-07,2025-06-09,0,2,0,8.8,Public,0,0,1
P01894,31,F,Diabetes clinic,2025-06-05,2025-06-09,1,2,1,3.0,None,0,0,1
P00697,65,F,Dental,2025-05-22,2025-06-09,0,1,0,2.2,Private,1,0,0
P03527,38,M,Physiotherapy,2025-05-24,2025-06-09,0,1,0,7.5,None,1,0,0
P01714,45,F,Paediatrics,2025-05-25,2025-06-09,1,2,0,5.0,Private,0,0,0
P04409,21,M,Diabetes clinic,2025-05-29,2025-06-09,1,5,2,9.8,None,0,0,0
P01292,56,M,Paediatrics,2025-06-02,2025-06-09,1,1,1,9.4,Public,0,1,1
P02907,41,M,Physiotherapy,2025-05-27,2025-06-09,1,0,0,5.8,Public,0,1,0
P01692,37,F,Paediatrics,2025-05-23,2025-06-09,0,4,0,22.8,Public,0,1,0
P03840,46,M,General practice,2025-06-04,2025-06-09,1,4,1,4.6,Public,0,0,0
P04442,20,F,General practice,2025-06-07,2025-06-09,0,4,1,3.5,Public,0,0,0
P03613,12,M,Paediatrics,2025-05-28,2025-06-09,0,2,0,9.9,Public,0,0,0
P03787,38,M,Eye clinic,2025-05-22,2025-06-09,0,5,1,5.2,None,0,1,0
P04682,18,F,Eye clinic,2025-05-29,2025-06-09,1,0,0,1.1,Public,0,0,0
P02512,42,F,Diabetes clinic,2025-05-27,2025-06-09,1,0,0,4.1,Private,0,1,0
P02074,47,F,Diabetes clinic,2025-05-29,2025-06-09,0,3,2,4.6,None,1,0,1
P02946,35,M,Dental,2025-05-23,2025-06-09,1,4,0,4.2,None,0,1,1
P04700,30,F,Physiotherapy,2025-06-01,2025-06-09,1,6,1,5.7,Public,0,1,0
P03625,10,M,General practice,2025-06-05,2025-06-09,1,2,0,7.5,Public,1,0,0
P01355,13,M,Paediatrics,2025-05-29,2025-06-09,1,3,0,17.1,Public,0,0,0
P01874,25,M,Diabetes clinic,2025-05-15,2025-06-09,0,2,0,15.0,Public,0,0,0
P03776,7,M,Paediatrics,2025-05-24,2025-06-09,1,4,0,12.6,None,0,1,0
P01515,40,F,Physiotherapy,2025-05-30,2025-06-10,0,2,0,21.5,Public,0,0,0
P02763,62,F,Diabetes clinic,2025-06-05,2025-06-10,0,2,0,1.6,Public,0,0,0
P00544,29,M,Diabetes clinic,2025-05-18,2025-06-10,1,4,0,7.4,None,0,0,0
P03663,56,F,Dental,2025-06-01,2025-06-10,1,4,2,9.8,Public,1,0,0
P01045,28,F,Paediatrics,2025-06-02,2025-06-10,1,1,0,11.3,Public,0,1,0
P00525,70,M,General practice,2025-05-22,2025-06-10,1,3,0,6.1,Public,1,1,0
P00666,34,F,Paediatrics,2025-06-02,2025-06-10,1,3,0,12.6,Public,0,0,1
P01508,31,F,Dental,2025-05-30,2025-06-10,0,2,0,12.5,None,0,0,1
P01461,57,M,General practice,2025-06-01,2025-06-10,1,1,1,18.5,None,1,1,1
P02149,29,M,General practice,2025-04-15,2025-06-10,1,7,0,5.9,Public,0,0,1
P01109,14,F,Paediatrics,2025-05-09,2025-06-10,0,0,0,9.7,Public,0,0,0
P03263,30,M,Eye clinic,2025-06-05,2025-06-10,0,4,2,9.5,Public,0,0,1
P01974,29,F,General practice,2025-06-04,2025-06-10,0,4,1,9.2,Public,0,1,0
P04759,42,F,Eye clinic,2025-06-06,2025-06-10,1,0,0,20.1,Public,0,1,0
P01814,25,M,Physiotherapy,2025-05-10,2025-06-10,1,2,0,2.3,Private,0,1,0
P02874,24,M,Antenatal,2025-06-08,2025-06-11,1,2,1,4.1,Public,0,0,1
P01341,54,F,General practice,2025-06-11,2025-06-11,0,2,0,2.4,None,0,0,0
P00545,28,M,Physiotherapy,2025-05-18,2025-06-11,1,3,0,5.4,None,0,0,1
P02854,22,F,Dental,2025-06-07,2025-06-11,1,3,0,2.5,Public,0,0,0
P00410,1,F,General practice,2025-05-28,2025-06-11,1,4,0,5.5,Public,0,0,0
P04092,33,F,General practice,2025-06-02,2025-06-11,1,5,2,7.5,Public,0,0,0
P04367,1,F,General practice,2025-06-04,2025-06-11,0,7,2,2.9,Public,0,0,1
P00191,64,F,Paediatrics,2025-05-25,2025-06-11,1,3,0,9.4,None,0,1,0
P03611,13,F,Paediatrics,2025-05-30,2025-06-11,0,4,1,3.1,Private,0,0,0
P04392,39,M,Paediatrics,2025-06-03,2025-06-11,1,2,0,5.8,Public,0,1,0
P03945,58,F,Antenatal,2025-06-02,2025-06-11,0,1,0,8.3,Public,1,0,0
P01870,92,M,Diabetes clinic,2025-06-04,2025-06-12,0,3,1,3.6,Public,0,1,1
P00116,10,F,Dental,2025-06-09,2025-06-12,1,0,0,8.0,Private,0,0,0
P04521,33,F,Diabetes clinic,2025-06-01,2025-06-12,1,7,0,24.1,Public,1,1,0
P03520,56,F,Paediatrics,2025-05-13,2025-06-12,1,3,0,26.0,None,0,0,0
P03380,42,M,Dental,2025-06-03,2025-06-12,1,2,1,0.6,Public,0,0,1
P03739,60,M,General practice,2025-05-29,2025-06-12,1,1,1,14.7,None,1,0,1
P01664,59,F,General practice,2025-06-06,2025-06-12,0,4,1,8.2,Private,0,0,0
P00353,23,F,Dental,2025-05-25,2025-06-12,1,5,1,7.7,None,0,0,1
P03276,8,F,Paediatrics,2025-05-14,2025-06-12,1,2,0,7.3,None,0,0,1
P04021,43,M,General practice,2025-05-27,2025-06-12,0,2,0,6.5,Public,0,1,0
P00198,5,F,Paediatrics,2025-06-10,2025-06-12,1,1,0,6.8,None,0,0,0
P04586,39,F,General practice,2025-05-06,2025-06-12,0,3,1,7.2,None,0,0,0
P04343,44,F,Physiotherapy,2025-06-06,2025-06-12,1,7,2,16.6,None,0,0,0
P03960,13,F,General practice,2025-05-31,2025-06-12,0,3,1,12.1,Public,1,0,1
P02147,15,F,Physiotherapy,2025-06-05,2025-06-12,0,5,1,10.5,Public,1,0,0
P03501,3,F,Paediatrics,2025-05-22,2025-06-12,0,1,1,4.4,Public,0,0,1
P03097,65,M,Diabetes clinic,2025-06-08,2025-06-13,0,9,3,6.2,None,0,0,0
P00140,73,F,Eye clinic,2025-06-07,2025-06-13,0,1,0,8.8,None,0,0,0
P01004,53,F,General practice,2025-06-13,2025-06-13,0,2,0,11.1,Public,0,0,0
P04246,37,F,Paediatrics,2025-05-23,2025-06-13,1,4,0,5.8,Public,0,0,0
P03969,53,F,Dental,2025-06-09,2025-06-13,1,1,0,11.1,Private,1,0,0
P00153,36,F,Diabetes clinic,2025-06-08,2025-06-13,0,1,0,2.0,Public,0,0,1
P02028,55,M,Antenatal,2025-06-05,2025-06-13,0,1,0,17.3,None,1,1,1
P04360,12,M,Diabetes clinic,2025-05-28,2025-06-13,0,2,0,5.7,None,1,1,1
P02484,12,F,General practice,2025-05-26,2025-06-13,0,3,0,1.1,Public,0,0,0
P00514,52,F,Eye clinic,2025-06-11,2025-06-13,0,4,0,10.7,Private,0,0,1
P04425,17,F,General practice,2025-06-05,2025-06-13,1,3,0,3.7,Public,0,0,0
P01065,23,F,Antenatal,2025-06-01,2025-06-13,1,5,0,12.1,None,0,1,0
P04566,46,M,Physiotherapy,2025-05-30,2025-06-13,1,2,1,4.3,Public,0,0,0
P00560,17,F,Diabetes clinic,2025-06-08,2025-06-13,1,5,0,10.8,Public,0,0,0
P02389,60,F,General practice,2025-05-24,2025-06-13,0,4,0,27.6,Public,0,0,1
P01655,45,F,Paediatrics,2025-06-01,2025-06-13,1,4,1,7.6,None,0,0,1
P00341,87,M,Antenatal,2025-05-17,2025-06-13,1,5,1,3.2,Private,0,1,0
P04202,67,F,Eye clinic,2025-05-21,2025-06-13,1,5,1,4.2,None,0,0,0
P03167,37,M,Antenatal,2025-05-31,2025-06-13,0,3,1,24.4,Public,0,0,1
P02095,51,F,Dental,2025-05-22,2025-06-13,1,3,0,27.6,None,0,0,0
P02963,17,F,Antenatal,2025-05-20,2025-06-13,1,3,0,4.4,Private,0,0,0
P04884,83,M,Eye clinic,2025-06-04,2025-06-13,0,6,2,2.6,Public,1,0,0
P03849,43,M,General practice,2025-06-08,2025-06-16,0,1,0,5.1,None,0,0,0
P02824,51,F,Diabetes clinic,2025-06-05,2025-06-16,1,4,2,6.8,None,1,0,0
P03381,67,M,Eye clinic,2025-05-27,2025-06-16,0,1,0,18.9,None,1,1,1
P03819,31,M,Dental,2025-05-19,2025-06-16,0,5,2,11.3,None,0,0,0
P02947,34,M,General practice,2025-06-05,2025-06-16,1,2,0,5.3,Public,1,0,0
P02951,33,M,Diabetes clinic,2025-06-05,2025-06-16,1,3,0,6.2,None,0,0,0
P04645,36,F,Dental,2025-06-09,2025-06-16,0,5,0,,None,0,0,0
P04317,31,F,Antenatal,2025-06-02,2025-06-16,1,1,0,3.9,Public,0,1,0
P04016,7,M,Antenatal,2025-06-11,2025-06-16,1,1,0,12.4,Public,0,0,0
P03305,12,F,General practice,2025-06-09,2025-06-16,1,3,1,5.5,Public,0,1,1
P03585,20,F,General practice,2025-06-02,2025-06-16,0,3,0,4.9,Public,0,1,0
P03032,20,M,General practice,2025-05-24,2025-06-16,1,4,0,13.5,None,1,1,0
P02359,10,F,Eye clinic,2025-05-17,2025-06-16,0,6,2,8.5,Private,0,0,1
P04867,49,M,Diabetes clinic,2025-04-30,2025-06-16,1,5,0,10.4,Public,0,0,1
P04866,35,M,General practice,2025-05-27,2025-06-16,0,4,1,8.9,Public,0,1,1
P04169,26,M,General practice,2025-06-02,2025-06-16,1,5,2,20.7,Public,0,0,1
P04854,57,F,Paediatrics,2025-06-05,2025-06-16,1,5,0,5.0,Private,0,0,0
P04187,45,F,Dental,2025-06-02,2025-06-16,1,6,1,3.2,Public,0,0,0
P03881,35,F,Paediatrics,2025-06-15,2025-06-16,0,7,2,2.0,None,0,0,0
P03112,16,M,Eye clinic,2025-06-10,2025-06-16,1,6,1,10.7,Public,0,0,0
P03415,26,F,Paediatrics,2025-06-11,2025-06-16,0,4,0,5.7,Public,0,0,0
P03122,47,M,General practice,2025-06-14,2025-06-16,0,2,0,2.8,Public,0,0,0
P04211,92,M,Diabetes clinic,2025-05-29,2025-06-16,1,1,0,3.8,None,1,0,0
P02879,56,F,Paediatrics,2025-05-29,2025-06-16,0,3,1,1.7,Private,0,0,0
P04760,19,F,Antenatal,2025-04-24,2025-06-16,1,1,0,,Private,0,0,1
P03856,92,F,Physiotherapy,2025-06-15,2025-06-16,1,3,1,4.6,Public,1,1,0
P04942,70,F,General practice,2025-06-02,2025-06-16,1,3,0,9.3,None,0,0,0
P02657,25,M,Antenatal,2025-06-13,2025-06-16,0,0,0,10.8,None,0,1,0
P02349,20,F,General practice,2025-06-10,2025-06-16,1,4,1,6.2,Public,0,1,0
P04294,42,F,Diabetes clinic,2025-06-12,2025-06-16,0,1,0,5.5,Private,0,1,0
P04104,4,M,General practice,2025-05-30,2025-06-16,1,4,1,10.2,Private,0,0,1
P00033,12,M,Diabetes clinic,2025-06-11,2025-06-16,1,1,1,13.8,Public,0,0,0
P00212,48,F,Antenatal,2025-06-05,2025-06-16,1,1,0,13.5,None,0,0,0
P00780,25,M,Dental,2025-05-30,2025-06-16,1,3,1,2.2,Public,1,0,1
P01995,9,F,Physiotherapy,2025-06-14,2025-06-16,1,2,0,27.8,Private,1,0,0
P01114,18,F,Paediatrics,2025-06-07,2025-06-16,1,0,0,1.9,Private,0,0,0
P01555,44,F,General practice,2025-06-14,2025-06-16,0,2,1,1.6,None,0,0,1
P01538,55,F,Physiotherapy,2025-06-01,2025-06-16,1,3,0,15.7,Public,0,0,0
P00717,7,F,Physiotherapy,2025-06-09,2025-06-16,0,2,1,9.7,Public,0,0,1
P02161,35,M,General practice,2025-06-02,2025-06-16,1,3,1,13.4,Public,0,1,0
P00729,92,F,General practice,2025-06-13,2025-06-16,1,1,0,,None,0,1,1
P01222,81,M,Antenatal,2025-05-21,2025-06-16,0,4,1,19.9,None,1,1,1
P00882,21,F,General practice,2025-06-03,2025-06-16,1,2,1,10.6,Public,0,0,1
P01271,59,M,Paediatrics,2025-05-29,2025-06-16,0,1,0,8.1,None,1,0,1
P00864,43,M,General practice,2025-05-29,2025-06-16,1,2,0,11.5,Public,0,0,0
P01420,16,M,General practice,2025-06-13,2025-06-16,0,3,0,6.6,Public,1,0,0
P02027,9,F,General practice,2025-05-28,2025-06-16,0,2,0,2.8,None,0,0,1
P00421,13,F,General practice,2025-06-06,2025-06-16,1,3,1,5.3,Private,0,0,0
P02109,10,F,Paediatrics,2025-06-06,2025-06-16,1,4,0,8.3,None,1,0,1
P04602,23,F,Diabetes clinic,2025-06-08,2025-06-17,1,3,0,2.1,None,0,0,0
P01198,46,M,General practice,2025-06-15,2025-06-17,1,6,1,11.5,Public,1,1,0
P01495,27,F,Physiotherapy,2025-06-05,2025-06-17,1,4,1,6.7,Private,0,0,0
P00068,43,M,Diabetes clinic,2025-05-20,2025-06-17,0,3,0,9.3,Public,0,1,0
P02166,55,M,Paediatrics,2025-05-12,2025-06-17,1,3,0,9.7,Private,1,0,0
P02137,3,F,Diabetes clinic,2025-06-13,2025-06-17,1,4,1,7.5,None,0,0,0
P03365,51,F,Antenatal,2025-05-25,2025-06-17,1,3,0,10.2,Private,1,0,0
P04370,62,F,Dental,2025-05-26,2025-06-17,0,4,1,12.8,Private,1,0,0
P03318,51,F,General practice,2025-05-29,2025-06-17,0,3,0,7.4,Public,1,1,0
P00380,70,F,Physiotherapy,2025-06-12,2025-06-18,0,4,2,7.8,None,0,0,1
P01825,69,M,Paediatrics,2025-06-11,2025-06-18,1,3,1,22.1,None,1,0,0
P01719,55,M,Eye clinic,2025-06-10,2025-06-18,1,7,0,0.5,None,1,0,0
P00146,50,M,Diabetes clinic,2025-06-10,2025-06-18,0,1,0,12.9,Public,1,0,0
P01124,53,F,General practice,2025-06-14,2025-06-18,0,2,0,9.4,Public,1,0,0
P03841,8,M,Dental,2025-06-14,2025-06-18,0,1,0,7.7,None,0,1,1
P04779,45,M,General practice,2025-05-23,2025-06-18,1,3,0,6.6,None,0,1,0
P00965,25,F,Antenatal,2025-06-05,2025-06-18,1,3,0,4.4,Public,0,1,1
P00824,87,F,Diabetes clinic,2025-05-19,2025-06-18,1,2,0,18.0,None,0,0,1
P04656,17,M,Paediatrics,2025-06-14,2025-06-18,1,5,1,9.2,None,0,1,0
P00607,61,F,Paediatrics,2025-05-05,2025-06-18,0,2,1,9.2,Private,0,1,0
P01058,58,M,Dental,2025-06-01,2025-06-18,1,3,0,2.3,Private,1,1,0
P00293,43,M,Eye clinic,2025-06-08,2025-06-18,0,8,2,13.2,Public,0,0,1
P04119,16,F,Eye clinic,2025-06-15,2025-06-18,0,7,3,18.4,,1,1,0
P04376,82,F,Dental,2025-05-31,2025-06-19,0,3,1,27.6,Private,1,0,1
P04941,40,F,General practice,2025-06-10,2025-06-19,0,1,0,3.1,Private,0,0,0
P01709,27,F,Antenatal,2025-06-17,2025-06-19,0,1,0,10.0,None,0,1,0
P00445,47,M,General practice,2025-06-15,2025-06-19,0,4,2,9.2,None,0,1,1
P01207,92,M,Dental,2025-05-26,2025-06-19,1,4,0,13.4,Private,1,0,0
P00190,51,F,General practice,2025-05-31,2025-06-19,1,1,0,,None,1,1,0
P03582,26,F,Diabetes clinic,2025-06-17,2025-06-19,0,1,0,5.9,None,0,0,0
P01792,18,M,General practice,2025-05-30,2025-06-19,0,0,0,16.8,Private,0,0,0
P03550,22,M,Dental,2025-06-19,2025-06-19,1,3,0,9.9,Public,0,1,0
P03008,42,M,Antenatal,2025-06-14,2025-06-20,1,3,2,6.1,Public,0,0,1
P02537,6,F,Paediatrics,2025-06-11,2025-06-20,1,6,1,9.3,None,0,0,0
P04079,17,M,Eye clinic,2025-06-05,2025-06-20,1,1,0,6.9,None,0,0,0
P00991,92,M,General practice,2025-06-10,2025-06-20,1,1,0,9.1,None,0,1,0
P02602,61,F,Eye clinic,2025-06-04,2025-06-20,1,1,0,3.8,Private,0,0,0
P00529,21,M,Diabetes clinic,2025-06-19,2025-06-20,1,0,0,21.1,None,0,1,0
P04084,60,M,Antenatal,2025-06-10,2025-06-20,1,4,1,4.7,Private,1,0,0
P04940,32,M,Antenatal,2025-06-02,2025-06-20,1,1,0,12.2,Public,0,0,1
P04331,42,F,Paediatrics,2025-05-26,2025-06-20,0,5,0,3.9,Public,0,0,0
P04716,40,F,General practice,2025-06-01,2025-06-20,0,5,0,12.4,None,0,0,0
P00546,67,M,Diabetes clinic,2025-05-30,2025-06-20,0,5,0,1.2,Private,0,0,1
P00957,27,M,Diabetes clinic,2025-05-29,2025-06-20,0,2,0,4.0,Private,0,1,1
P00781,29,F,General practice,2025-06-09,2025-06-20,0,1,0,3.0,Public,0,1,0
P04401,34,F,Diabetes clinic,2025-06-13,2025-06-23,1,0,0,7.2,None,0,0,0
P02864,16,M,General practice,2025-06-16,2025-06-23,0,3,1,12.0,None,0,0,0
P03172,61,F,Eye clinic,2025-05-27,2025-06-23,1,0,0,4.7,Private,0,0,1
P04405,44,M,Dental,2025-06-13,2025-06-23,0,2,1,3.8,,0,1,1
P00006,20,F,General practice,2025-06-03,2025-06-23,1,2,1,10.5,None,1,0,0
P01838,89,F,Antenatal,2025-06-13,2025-06-23,1,6,0,4.1,None,0,0,0
P03102,92,M,Antenatal,2025-06-11,2025-06-23,1,5,0,8.2,None,0,1,0
P01740,46,M,General practice,2025-05-19,2025-06-23,1,4,1,3.8,None,1,1,0
P01845,24,F,Antenatal,2025-06-12,2025-06-23,1,5,1,5.6,None,1,0,0
P02402,22,M,Paediatrics,2025-06-14,2025-06-23,1,2,0,4.4,Public,0,0,0
P00137,8,F,Antenatal,2025-06-07,2025-06-23,0,3,1,12.6,Public,1,0,0
P00346,48,F,Antenatal,2025-06-19,2025-06-23,0,2,0,19.3,Private,1,0,0
P04408,28,M,General practice,2025-06-10,2025-06-23,1,0,0,5.3,Private,0,0,1
P04235,21,M,Antenatal,2025-06-04,2025-06-23,0,3,1,7.0,None,0,1,0
P03177,56,F,Eye clinic,2025-06-21,2025-06-23,1,1,0,20.6,Public,0,0,0
P02896,72,F,General practice,2025-06-12,2025-06-23,1,4,1,1.9,None,0,1,0
P03217,65,F,General practice,2025-06-12,2025-06-23,1,8,1,14.6,Public,0,0,0
P01293,39,F,Diabetes clinic,2025-06-18,2025-06-23,0,2,2,7.0,None,0,0,1
P00487,14,F,General practice,2025-05-31,2025-06-23,1,2,0,5.3,None,0,0,0
P01221,39,F,Paediatrics,2025-06-02,2025-06-23,0,0,0,11.3,None,0,0,1
P01496,83,F,Paediatrics,2025-06-14,2025-06-23,1,4,0,16.4,Private,0,0,0
P04661,36,F,Eye clinic,2025-06-08,2025-06-23,1,1,0,3.8,None,0,1,0
P01499,29,F,General practice,2025-06-18,2025-06-23,1,4,1,7.8,Private,0,0,0
P03734,25,F,General practice,2025-06-14,2025-06-23,1,4,1,16.9,Public,0,0,0
P02641,35,F,General practice,2025-05-22,2025-06-23,1,5,1,9.9,Private,0,0,1
P00188,68,F,Diabetes clinic,2025-06-21,2025-06-23,1,5,1,29.0,Public,0,1,0
P00055,32,M,Paediatrics,2025-06-16,2025-06-23,0,2,2,8.7,Private,0,0,0
P02647,32,F,Eye clinic,2025-06-17,2025-06-23,0,3,0,12.8,Public,1,0,1
P03583,22,M,General practice,2025-06-09,2025-06-23,0,3,0,1.7,None,0,0,1
P03411,25,F,General practice,2025-06-10,2025-06-23,1,0,0,10.0,None,0,0,1
P04554,40,M,Physiotherapy,2025-06-12,2025-06-23,1,2,0,11.6,Private,0,0,0
P01120,17,M,General practice,2025-06-17,2025-06-23,0,0,0,14.2,None,0,0,0
P02449,33,F,Dental,2025-06-15,2025-06-23,0,5,0,1.8,Private,1,1,1
P04714,26,M,Paediatrics,2025-06-23,2025-06-23,1,1,0,3.8,Private,0,0,0
P01927,59,F,Paediatrics,2025-05-25,2025-06-23,0,3,1,9.4,Public,1,0,0
P04433,35,F,Antenatal,2025-06-09,2025-06-23,1,3,1,11.4,None,0,1,0
P04447,9,M,Dental,2025-05-12,2025-06-23,1,6,2,0.5,None,0,0,1
P00258,27,F,General practice,2025-06-09,2025-06-23,1,3,0,8.6,Private,0,0,0
P04994,59,M,Diabetes clinic,2025-06-17,2025-06-23,1,3,0,8.4,None,0,0,1
P03873,46,M,Dental,2025-06-13,2025-06-23,1,8,1,5.8,None,0,1,1
P04988,28,F,Eye clinic,2025-05-24,2025-06-23,1,3,1,8.0,None,0,0,1
P04256,80,F,General practice,2025-06-06,2025-06-23,1,2,0,15.6,Public,1,0,0
P03573,25,M,Antenatal,2025-06-13,2025-06-23,0,4,1,3.1,None,0,1,1
P02339,50,M,Paediatrics,2025-06-01,2025-06-23,1,1,0,2.6,Private,0,0,1
P01779,33,M,Paediatrics,2025-06-18,2025-06-24,1,5,3,5.8,Private,0,0,0
P00746,42,F,General practice,2025-06-04,2025-06-24,1,6,2,8.9,Public,0,0,1
P00452,36,M,General practice,2025-05-29,2025-06-24,0,4,1,3.2,None,0,0,1
P01840,51,M,Diabetes clinic,2025-06-17,2025-06-24,1,5,0,19.6,None,0,0,1
P02356,55,F,Eye clinic,2025-06-17,2025-06-24,1,3,1,29.6,Public,1,0,0
P01533,42,F,General practice,2025-06-06,2025-06-24,0,2,1,6.1,Private,0,0,0
P04506,48,F,Diabetes clinic,2025-06-05,2025-06-24,1,2,1,10.0,Public,0,1,0
P00884,14,F,Eye clinic,2025-06-22,2025-06-24,1,4,0,19.8,None,0,0,0
P01971,16,F,Antenatal,2025-06-12,2025-06-24,1,2,0,7.9,Public,0,0,0
P01034,31,M,General practice,2025-06-14,2025-06-24,1,3,0,30.6,None,0,0,0
P02380,14,F,Physiotherapy,2025-06-15,2025-06-24,1,2,0,8.6,None,0,1,1
P00516,22,F,Antenatal,2025-06-12,2025-06-24,1,2,1,,None,0,0,1
P02433,16,M,General practice,2025-06-21,2025-06-24,1,3,0,11.3,Public,0,1,0
P01578,71,M,General practice,2025-06-24,2025-06-24,1,3,0,17.4,,1,0,0
P00676,69,F,Physiotherapy,2025-06-08,2025-06-25,1,2,1,13.7,Public,0,0,0
P04496,25,M,Paediatrics,2025-06-16,2025-06-25,1,3,1,5.1,None,0,0,1
P04290,11,M,General practice,2025-06-09,2025-06-25,0,1,1,13.5,Public,1,0,1
P02596,24,M,Paediatrics,2025-06-18,2025-06-25,0,4,0,9.1,,0,1,1
P02580,44,F,Antenatal,2025-06-17,2025-06-25,0,4,1,3.1,Public,0,1,0
P02624,36,F,General practice,2025-06-06,2025-06-25,0,3,1,12.2,Public,0,0,0
P02125,51,F,Physiotherapy,2025-06-21,2025-06-25,1,4,0,7.1,Public,0,0,1
P02057,11,F,Dental,2025-06-08,2025-06-25,1,2,0,6.1,Public,0,1,1
P04738,28,M,Eye clinic,2025-06-18,2025-06-25,0,6,0,8.7,Public,1,1,0
P04328,41,F,Paediatrics,2025-06-12,2025-06-25,0,2,1,5.6,Private,0,0,0
P04719,30,F,General practice,2025-06-04,2025-06-25,1,1,1,5.7,None,0,0,1
P04112,57,M,Paediatrics,2025-06-20,2025-06-25,1,4,0,5.2,Public,0,0,0
P03518,56,M,Diabetes clinic,2025-06-24,2025-06-25,0,2,0,5.3,None,0,1,0
P01787,23,M,General practice,2025-06-17,2025-06-25,1,4,2,6.4,Public,0,0,1
P03089,29,F,Dental,2025-06-20,2025-06-25,1,2,0,9.1,Private,0,1,0
P03444,26,M,Eye clinic,2025-06-12,2025-06-25,0,2,0,6.8,Private,1,1,0
P01455,63,F,Diabetes clinic,2025-06-17,2025-06-25,1,2,0,14.8,Public,0,1,0
P01211,42,F,General practice,2025-06-13,2025-06-25,1,2,1,11.5,None,0,0,1
P01054,8,F,Antenatal,2025-06-21,2025-06-25,1,7,0,12.8,Public,0,0,0
P01821,38,F,Paediatrics,2025-06-08,2025-06-25,1,3,0,2.7,None,0,1,0
P00913,14,F,Paediatrics,2025-05-24,2025-06-26,0,3,0,14.6,Public,0,0,1
P00354,65,M,Eye clinic,2025-06-16,2025-06-26,1,1,0,14.9,None,1,0,0
P04474,25,F,General practice,2025-05-31,2025-06-26,1,4,1,4.4,Private,0,0,1
P02927,24,M,General practice,2025-06-24,2025-06-26,1,3,1,2.2,Private,0,0,0
P01701,12,M,Paediatrics,2025-05-30,2025-06-26,0,4,0,19.6,Public,1,0,1
P03593,43,F,Antenatal,2025-05-31,2025-06-26,0,4,1,9.9,Public,0,0,0
P03493,57,F,Antenatal,2025-06-23,2025-06-26,1,4,1,16.7,None,0,0,0
P03503,19,M,Antenatal,2025-06-07,2025-06-26,1,3,1,7.5,None,0,0,1
P00563,70,M,Physiotherapy,2025-06-21,2025-06-26,1,2,1,8.1,None,1,0,0
P02135,11,F,Paediatrics,2025-06-03,2025-06-26,1,3,1,22.6,Public,0,1,1
P00816,20,F,General practice,2025-06-02,2025-06-26,1,7,2,2.1,Private,0,0,0
P02998,27,M,Physiotherapy,2025-06-13,2025-06-26,1,5,1,17.6,Public,1,1,0
P04289,10,F,Antenatal,2025-06-16,2025-06-26,1,1,1,11.1,Private,0,0,0
P02973,45,F,General practice,2025-06-25,2025-06-26,0,3,0,1.2,None,0,0,0
P04411,29,M,Eye clinic,2025-06-21,2025-06-27,1,1,0,4.5,None,0,1,0
P01715,21,M,General practice,2025-06-22,2025-06-27,1,1,0,10.3,Public,0,0,1
P03029,35,M,Antenatal,2025-06-22,2025-06-27,1,5,2,4.8,None,0,0,0
P03916,21,F,Dental,2025-06-11,2025-06-27,0,5,0,,Public,0,1,0
P01465,19,M,Diabetes clinic,2025-06-09,2025-06-27,1,7,2,25.7,Private,0,0,1
P03798,74,F,General practice,2025-06-26,2025-06-27,1,1,1,,None,0,0,1
P01375,16,F,Antenatal,2025-06-26,2025-06-27,1,3,0,4.8,Private,0,0,0
P02084,13,M,General practice,2025-06-25,2025-06-27,1,2,0,7.2,None,1,0,0
P04307,16,F,Paediatrics,2025-06-18,2025-06-27,0,3,1,12.5,Private,0,0,1
P03389,37,F,Antenatal,2025-06-14,2025-06-27,0,3,0,26.3,Public,0,0,0
P04699,24,M,Antenatal,2025-06-09,2025-06-27,1,3,0,9.0,Public,0,0,0
P02663,10,F,Dental,2025-06-05,2025-06-27,0,4,1,25.8,None,0,0,1
P00402,21,F,General practice,2025-06-07,2025-06-27,1,5,0,14.4,,0,1,1
P01230,14,F,Diabetes clinic,2025-06-25,2025-06-30,1,1,0,9.3,,0,0,0
P01501,54,F,Diabetes clinic,2025-06-14,2025-06-30,1,2,1,5.7,Private,1,1,0
P02636,17,M,Dental,2025-06-21,2025-06-30,1,5,0,2.9,Public,0,0,0
P03730,61,F,General practice,2025-05-28,2025-06-30,0,2,1,4.9,Public,0,0,1
P03307,75,F,Antenatal,2025-06-11,2025-06-30,1,0,0,3.0,None,0,0,1
P04551,18,F,General practice,2025-06-05,2025-06-30,1,4,3,8.8,Public,0,1,0
P03331,26,F,General practice,2025-06-22,2025-06-30,1,1,0,0.3,None,0,0,0
P03648,22,F,Paediatrics,2025-06-24,2025-06-30,1,2,0,2.8,Private,1,0,0
P03039,34,F,Physiotherapy,2025-06-16,2025-06-30,0,2,0,7.4,None,0,1,0
P02265,41,F,Diabetes clinic,2025-06-10,2025-06-30,0,1,1,1.6,Public,0,0,0
P02860,92,F,General practice,2025-06-15,2025-06-30,1,5,1,9.1,Public,1,0,0
P01307,11,M,Diabetes clinic,2025-06-21,2025-06-30,1,1,1,10.7,Public,0,0,1
P03438,53,F,Diabetes clinic,2025-06-24,2025-06-30,0,1,0,9.0,None,1,0,1
P00815,20,M,Dental,2025-06-16,2025-06-30,1,4,1,1.2,None,0,1,1
P04658,57,F,Diabetes clinic,2025-06-04,2025-06-30,0,1,0,5.1,Private,1,0,1
P00804,14,M,General practice,2025-06-28,2025-06-30,0,4,1,3.6,None,0,0,1
P04665,21,F,Paediatrics,2025-06-23,2025-06-30,0,2,0,2.7,None,0,0,0
P00456,20,F,Diabetes clinic,2025-06-04,2025-06-30,1,2,0,11.2,Public,0,1,0
P02285,40,M,General practice,2025-06-26,2025-06-30,1,2,0,13.9,Public,0,0,0
P03492,13,F,General practice,2025-06-26,2025-06-30,1,3,0,,None,0,0,0
P00325,18,M,Antenatal,2025-06-25,2025-06-30,0,3,0,0.5,None,0,0,0
P04604,28,M,Dental,2025-06-21,2025-06-30,1,1,1,3.8,None,0,0,1
P01287,36,M,General practice,2025-06-28,2025-06-30,0,2,0,1.9,Public,0,0,0
P01080,78,F,Paediatrics,2025-06-17,2025-06-30,1,2,1,2.4,Private,0,0,0
P02671,19,M,Dental,2025-06-23,2025-06-30,0,2,0,1.4,Private,0,0,1
P04383,32,F,Diabetes clinic,2025-06-26,2025-06-30,0,3,1,12.4,None,0,1,1
P02363,25,M,Dental,2025-06-06,2025-06-30,0,3,0,8.5,Public,0,0,1
P00300,34,M,Diabetes clinic,2025-05-26,2025-06-30,1,2,0,6.0,None,0,0,1
P02154,49,F,General practice,2025-06-26,2025-06-30,1,3,0,14.2,Public,0,0,0
P02218,73,F,General practice,2025-06-25,2025-06-30,1,6,2,11.8,None,1,0,0
P00677,10,M,Physiotherapy,2025-06-21,2025-06-30,0,4,2,5.1,Public,0,0,1
P01617,45,F,Paediatrics,2025-06-12,2025-06-30,1,5,2,10.0,Private,0,0,1
P03030,14,F,Antenatal,2025-06-26,2025-06-30,1,3,0,4.1,Private,1,0,0
P00722,38,F,General practice,2025-06-21,2025-06-30,0,2,0,2.3,None,1,0,1
P01113,20,F,General practice,2025-06-14,2025-06-30,0,5,1,21.7,None,0,1,1
P00084,13,F,Paediatrics,2025-06-17,2025-06-30,0,3,1,4.6,Public,0,1,1
P03188,45,F,Physiotherapy,2025-06-25,2025-06-30,1,2,0,0.9,None,0,0,0
P04325,10,F,General practice,2025-06-23,2025-06-30,1,2,0,2.3,None,1,1,0
P01931,16,F,Paediatrics,2025-06-30,2025-06-30,0,3,0,20.2,Public,0,1,0
P00659,27,M,General practice,2025-06-09,2025-06-30,1,4,0,6.0,None,0,0,0
P03892,55,M,Paediatrics,2025-06-27,2025-06-30,0,3,2,22.9,Private,0,0,1
P01857,15,M,General practice,2025-06-20,2025-06-30,1,4,3,4.4,Public,0,0,1
P03887,20,F,Diabetes clinic,2025-06-22,2025-06-30,0,0,0,4.7,Public,0,0,0
P01876,56,F,General practice,2025-06-22,2025-06-30,0,4,2,1.6,None,1,1,1
P03207,53,F,Antenatal,2025-06-26,2025-06-30,1,1,0,1.8,Public,0,0,0
P03211,75,F,Dental,2025-06-24,2025-06-30,1,1,1,3.2,Public,0,0,1
P04150,25,F,Antenatal,2025-06-15,2025-06-30,1,4,0,1.7,Public,0,1,0
P04527,16,M,Physiotherapy,2025-06-22,2025-06-30,1,1,0,18.9,Public,0,1,0
P02145,20,M,Physiotherapy,2025-06-25,2025-06-30,1,3,0,1.6,None,0,1,0
P01587,18,F,Diabetes clinic,2025-06-07,2025-06-30,1,4,0,10.5,Private,0,0,0
P04538,32,F,Paediatrics,2025-06-25,2025-06-30,1,4,1,6.4,Public,0,1,0
P02673,50,M,Eye clinic,2025-06-19,2025-06-30,1,4,1,1.2,None,1,0,0
P04373,63,M,Paediatrics,2025-06-14,2025-06-30,0,4,2,11.1,None,1,0,1
P04008,47,F,General practice,2025-06-15,2025-06-30,0,5,2,9.4,Public,0,0,0
P02941,24,F,Antenatal,2025-06-08,2025-07-01,1,5,2,8.2,Private,1,1,0
P02794,6,M,General practice,2025-07-01,2025-07-01,1,2,0,5.9,Private,0,0,0
P00071,30,F,Eye clinic,2025-06-26,2025-07-01,1,3,1,3.1,Public,0,0,1
P02770,23,F,General practice,2025-06-30,2025-07-01,0,3,0,14.7,Public,0,0,0
P01922,26,F,General practice,2025-06-30,2025-07-01,1,1,0,9.9,Public,0,1,1
P04431,40,M,Paediatrics,2025-06-28,2025-07-01,0,5,2,7.2,None,1,1,1
P03332,45,F,General practice,2025-06-25,2025-07-01,1,3,1,6.4,Public,1,0,0
P01177,68,M,Diabetes clinic,2025-06-09,2025-07-01,1,2,1,6.0,None,0,0,0
P01984,61,F,General practice,2025-06-28,2025-07-01,1,3,0,12.4,Public,1,0,0
P03590,39,F,Diabetes clinic,2025-06-26,2025-07-01,0,3,0,3.0,None,0,0,0
P03273,50,M,Antenatal,2025-06-21,2025-07-01,1,3,1,24.7,Private,0,0,0
P02606,3,M,Diabetes clinic,2025-05-23,2025-07-01,0,1,1,7.4,None,0,0,1
P02312,57,F,General practice,2025-07-01,2025-07-01,0,3,0,1.7,Private,0,0,0
P02152,11,F,Antenatal,2025-06-17,2025-07-01,1,3,0,10.6,None,0,1,0
P00292,30,F,Paediatrics,2025-06-28,2025-07-01,1,1,0,31.0,Private,0,0,0
P02478,25,M,Physiotherapy,2025-06-13,2025-07-02,0,2,1,7.4,,0,0,1
P04924,63,F,Paediatrics,2025-06-27,2025-07-02,1,2,0,8.0,None,1,1,0
P04197,31,M,Antenatal,2025-06-14,2025-07-02,1,2,0,5.8,Public,0,0,0
P02625,15,F,General practice,2025-06-11,2025-07-02,1,2,1,3.6,Public,0,0,0
P00473,20,F,General practice,2025-06-21,2025-07-02,1,4,1,10.6,None,0,0,1
P02797,43,F,General practice,2025-06-10,2025-07-02,1,1,0,12.5,Public,0,1,0
P01546,61,F,General practice,2025-06-24,2025-07-02,1,6,0,3.4,Private,1,0,0
P01805,9,M,Diabetes clinic,2025-05-28,2025-07-02,1,4,0,11.1,None,0,0,1
P01949,35,M,General practice,2025-06-05,2025-07-02,1,1,0,5.4,None,0,1,0
P03529,30,F,Dental,2025-06-18,2025-07-03,1,3,1,2.1,None,0,0,1
P03099,48,F,Paediatrics,2025-06-18,2025-07-03,1,4,2,15.6,None,0,0,1
P01716,31,M,General practice,2025-06-19,2025-07-03,1,3,1,9.9,Public,0,1,0
P04441,24,F,General practice,2025-06-15,2025-07-03,1,1,0,9.7,None,0,1,0
P01252,32,M,Paediatrics,2025-06-06,2025-07-03,1,2,0,10.5,Public,0,0,0
P04774,67,F,General practice,2025-06-25,2025-07-03,1,4,0,7.7,Private,0,0,0
P02447,19,M,Dental,2025-06-26,2025-07-03,1,3,0,1.1,Private,0,1,1
P00672,46,F,Physiotherapy,2025-06-25,2025-07-03,1,2,0,7.2,Public,1,1,0
P03070,32,F,Dental,2025-06-25,2025-07-03,1,5,2,9.9,Private,0,1,0
P03990,20,M,General practice,2025-06-02,2025-07-03,1,2,0,3.3,Public,1,1,1
P03770,6,F,Dental,2025-06-23,2025-07-03,1,3,0,6.3,Public,0,0,0
P02801,30,F,Paediatrics,2025-06-26,2025-07-03,0,4,1,3.8,None,0,0,0
P02638,55,F,General practice,2025-06-17,2025-07-03,1,2,0,23.5,None,1,0,1
P02982,6,F,Diabetes clinic,2025-06-25,2025-07-03,1,2,0,1.6,None,0,0,0
P02519,42,F,General practice,2025-06-18,2025-07-03,1,4,0,6.2,Private,0,0,0
P04227,14,F,Antenatal,2025-06-22,2025-07-03,1,1,0,7.3,Public,0,0,0
P03508,37,M,Eye clinic,2025-06-24,2025-07-03,0,4,1,3.4,Private,0,0,1
P01311,33,F,General practice,2025-06-17,2025-07-03,0,3,1,1.6,Private,0,0,0
P02156,12,F,General practice,2025-06-29,2025-07-04,1,5,1,6.2,Public,0,0,0
P03811,43,M,Antenatal,2025-06-23,2025-07-04,0,2,0,4.3,Public,0,1,1
P02622,32,F,Antenatal,2025-06-20,2025-07-04,1,1,1,2.7,Private,0,0,0
P03536,51,M,General practice,2025-06-09,2025-07-04,0,5,1,3.1,Public,0,0,1
P04205,92,F,Diabetes clinic,2025-05-31,2025-07-04,1,1,0,3.3,None,0,0,0
P00026,19,F,Paediatrics,2025-07-02,2025-07-04,0,5,1,17.3,Public,0,0,0
P04949,48,F,Dental,2025-06-20,2025-07-04,1,4,0,9.8,None,1,0,0
P02613,13,M,Paediatrics,2025-06-29,2025-07-04,1,4,0,11.6,None,0,0,0
P04216,31,M,General practice,2025-07-03,2025-07-04,1,1,0,17.9,Private,0,1,1
P04141,70,F,Paediatrics,2025-07-03,2025-07-04,1,2,0,4.8,None,1,1,0
P02483,25,F,Eye clinic,2025-06-20,2025-07-04,1,1,0,11.6,None,0,1,1
P00438,23,F,General practice,2025-06-24,2025-07-04,1,1,1,5.7,Private,0,0,0
P00479,44,M,General practice,2025-07-01,2025-07-07,1,1,0,15.9,None,0,0,0
P02659,36,M,Diabetes clinic,2025-06-12,2025-07-07,1,4,1,7.3,Public,0,0,0
P03116,24,M,Dental,2025-07-01,2025-07-07,1,4,1,10.5,None,0,0,1
P02366,62,F,Eye clinic,2025-06-29,2025-07-07,0,5,3,10.1,Public,1,0,0
P01588,56,F,Physiotherapy,2025-06-11,2025-07-07,0,1,0,2.8,Private,0,0,0
P04395,8,F,Eye clinic,2025-06-22,2025-07-07,0,1,0,3.7,Private,0,1,0
P01411,18,M,General practice,2025-06-29,2025-07-07,1,2,1,3.6,None,1,0,1
P03889,9,F,General practice,2025-06-26,2025-07-07,0,2,0,2.6,Public,0,0,0
P02584,66,F,Dental,2025-07-05,2025-07-07,1,4,1,3.6,Private,0,1,0
P03647,34,F,General practice,2025-07-01,2025-07-07,0,3,0,18.1,Private,0,0,1
P00538,67,M,Diabetes clinic,2025-06-07,2025-07-07,1,3,1,6.0,None,0,1,0
P04488,5,F,Paediatrics,2025-07-03,2025-07-07,0,4,0,13.0,None,0,0,0
P00486,16,F,Dental,2025-06-21,2025-07-07,0,3,0,5.8,Private,0,0,1
P02746,28,F,Antenatal,2025-06-28,2025-07-07,0,4,1,2.5,Public,0,0,0
P04548,20,M,Paediatrics,2025-07-06,2025-07-07,0,5,1,15.4,None,0,0,1
P03654,20,M,Antenatal,2025-07-04,2025-07-07,1,4,0,15.4,Public,0,0,0
P00618,24,F,General practice,2025-06-12,2025-07-07,0,4,3,8.7,Public,0,1,1
P01396,38,F,Diabetes clinic,2025-07-01,2025-07-07,0,7,3,8.8,None,0,1,0
P04489,18,F,Antenatal,2025-06-25,2025-07-07,1,6,2,4.3,Private,0,0,0
P02219,40,F,Physiotherapy,2025-06-16,2025-07-07,0,2,0,15.1,Private,0,0,0
P00357,37,M,General practice,2025-07-02,2025-07-07,0,3,2,7.4,Private,0,0,1
P01645,46,M,General practice,2025-05-22,2025-07-07,1,4,2,5.9,Public,0,1,0
P03932,21,M,Diabetes clinic,2025-06-26,2025-07-07,1,2,0,7.0,Private,0,0,1
P00344,47,M,Paediatrics,2025-06-08,2025-07-07,0,2,1,6.4,None,0,0,0
P01630,58,M,Paediatrics,2025-06-30,2025-07-07,0,1,0,14.8,Public,1,0,0
P04261,56,F,Paediatrics,2025-06-25,2025-07-07,0,3,1,11.9,Private,1,0,0
P03293,62,F,Dental,2025-07-02,2025-07-07,0,5,1,,Public,0,0,1
P03284,44,M,Antenatal,2025-07-05,2025-07-07,0,0,0,8.2,None,0,1,0
P04281,15,M,Eye clinic,2025-06-24,2025-07-07,0,6,2,16.2,Public,1,1,1
P04285,18,F,Antenatal,2025-06-22,2025-07-07,0,4,1,3.7,Public,0,0,0
P01824,63,M,Diabetes clinic,2025-06-18,2025-07-07,1,3,1,14.0,Public,0,0,1
P01717,92,F,Paediatrics,2025-06-27,2025-07-07,1,2,1,18.8,None,0,1,1
P00194,44,M,General practice,2025-06-06,2025-07-07,0,1,0,10.8,None,0,0,1
P00737,5,M,Paediatrics,2025-06-30,2025-07-07,1,2,1,6.6,Private,0,0,1
P04247,36,M,Dental,2025-07-05,2025-07-07,0,2,1,0.3,Public,0,0,0
P02529,45,M,General practice,2025-06-23,2025-07-07,1,3,1,2.6,None,0,0,0
P01565,65,F,Dental,2025-06-29,2025-07-07,1,1,0,3.4,Public,1,1,0
P02396,34,M,Physiotherapy,2025-06-21,2025-07-07,1,4,0,18.8,Public,0,0,0
P00307,78,F,General practice,2025-06-12,2025-07-07,0,5,3,6.3,Private,0,0,0
P02193,41,M,Diabetes clinic,2025-06-15,2025-07-07,1,4,1,6.5,Public,0,0,0
P02558,92,M,Paediatrics,2025-06-12,2025-07-07,1,5,1,12.7,None,0,1,1
P02129,50,M,Eye clinic,2025-07-02,2025-07-07,1,1,0,18.3,Private,1,0,0
P00201,35,F,General practice,2025-07-04,2025-07-07,1,5,0,32.6,Public,0,0,0
P02241,15,F,Dental,2025-06-27,2025-07-07,1,5,1,1.1,None,0,0,0
P02969,16,M,Paediatrics,2025-06-11,2025-07-07,0,6,4,8.3,None,0,0,1
P02658,36,F,Physiotherapy,2025-06-28,2025-07-08,0,5,2,5.4,None,0,1,1
P01129,58,M,Paediatrics,2025-06-29,2025-07-08,0,1,0,6.1,Private,0,1,0
P03420,37,M,Eye clinic,2025-07-08,2025-07-08,0,5,0,5.0,Public,0,0,0
P00066,7,F,General practice,2025-06-20,2025-07-08,1,2,0,12.5,Public,0,1,0
P01289,31,M,Dental,2025-06-13,2025-07-08,0,6,0,22.9,None,0,0,1
P02029,35,F,Paediatrics,2025-06-28,2025-07-08,1,5,1,8.1,Public,0,0,0
P02403,18,F,Diabetes clinic,2025-06-22,2025-07-08,1,1,0,16.7,None,0,0,1
P00705,69,F,General practice,2025-07-05,2025-07-08,1,3,0,4.8,Private,0,1,0
P03240,29,M,General practice,2025-07-07,2025-07-08,1,5,1,9.9,Private,1,0,0
P04603,23,M,General practice,2025-07-04,2025-07-08,1,6,1,6.6,Public,0,0,0
P01235,38,M,Physiotherapy,2025-06-16,2025-07-08,0,3,1,17.9,Private,0,0,1
P03345,14,F,Diabetes clinic,2025-07-06,2025-07-08,0,1,0,16.5,Private,0,1,1
P01370,7,F,Physiotherapy,2025-07-02,2025-07-08,0,6,3,13.9,Public,0,0,0
P01970,50,F,General practice,2025-07-03,2025-07-08,1,1,0,7.5,Public,1,1,0
P00463,33,F,Eye clinic,2025-07-06,2025-07-08,1,2,0,11.4,Private,0,1,0
P00172,40,F,Dental,2025-07-05,2025-07-08,0,5,1,2.7,None,0,0,1
P00225,14,F,Diabetes clinic,2025-07-02,2025-07-08,0,1,0,10.3,Public,0,0,0
P03549,62,F,General practice,2025-07-07,2025-07-08,1,2,0,11.2,Private,1,1,0
P02385,37,F,Diabetes clinic,2025-07-06,2025-07-08,1,3,1,13.4,None,0,0,0
P03910,18,M,Dental,2025-07-04,2025-07-08,1,3,0,11.6,Public,1,0,0
P03642,8,F,General practice,2025-06-18,2025-07-08,0,6,3,5.8,None,0,0,1
P02939,8,F,General practice,2025-06-15,2025-07-09,1,4,1,1.3,None,0,0,1
P00770,72,F,Antenatal,2025-06-29,2025-07-09,0,6,2,5.6,Public,1,0,0
P03671,92,F,Paediatrics,2025-07-06,2025-07-09,1,0,0,8.8,Private,1,0,0
P04959,17,M,Physiotherapy,2025-07-06,2025-07-09,0,5,3,5.6,Public,0,1,0
P00721,27,M,General practice,2025-07-07,2025-07-09,1,1,1,3.2,Public,1,0,0
P01133,27,M,Paediatrics,2025-07-05,2025-07-09,0,1,0,8.5,Public,1,0,0
P01462,48,F,Eye clinic,2025-07-07,2025-07-09,0,5,2,11.9,None,0,0,0
P03682,17,F,Antenatal,2025-07-09,2025-07-09,0,2,0,10.2,None,0,1,0
P01125,18,F,General practice,2025-07-05,2025-07-09,0,3,1,5.0,Public,1,0,0
P00768,40,M,Eye clinic,2025-07-06,2025-07-09,0,4,0,12.9,None,0,0,0
P00731,29,F,General practice,2025-06-23,2025-07-09,1,4,2,17.2,None,0,1,1
P03254,40,M,Eye clinic,2025-07-03,2025-07-09,1,3,1,10.7,Private,0,1,0
P04747,17,F,General practice,2025-07-01,2025-07-09,1,1,1,15.1,Private,0,0,1
P03532,56,F,Dental,2025-06-29,2025-07-09,1,1,0,17.8,Public,1,0,0
P03580,15,M,General practice,2025-06-30,2025-07-09,0,3,2,4.7,Public,0,0,1
P02104,23,M,Dental,2025-07-08,2025-07-09,1,5,0,18.8,Private,0,0,0
P03158,20,F,General practice,2025-06-18,2025-07-10,0,1,0,2.8,None,0,0,0
P03028,70,F,Eye clinic,2025-07-06,2025-07-10,1,4,1,5.8,Public,0,0,0
P03684,21,F,Dental,2025-06-30,2025-07-10,1,0,0,5.2,,0,0,0
P01577,27,F,General practice,2025-06-13,2025-07-10,1,2,1,15.8,Private,0,0,0
P01116,61,M,General practice,2025-06-24,2025-07-10,0,3,1,4.0,Private,0,1,0
P02131,7,M,Antenatal,2025-07-07,2025-07-10,1,2,0,15.1,Private,0,0,1
P01215,46,F,Diabetes clinic,2025-06-29,2025-07-10,1,2,0,9.3,Public,0,0,1
P02350,10,F,Antenatal,2025-06-27,2025-07-10,1,4,1,8.3,None,0,0,0
P00739,24,F,Physiotherapy,2025-07-07,2025-07-10,1,1,0,9.8,None,1,0,0
P01018,6,M,Diabetes clinic,2025-07-02,2025-07-10,0,6,2,13.4,Public,0,0,0
P01055,25,M,Dental,2025-06-12,2025-07-11,0,5,0,5.0,Private,1,1,1
P04713,30,F,Antenatal,2025-06-05,2025-07-11,1,3,1,7.6,None,0,0,0
P04697,9,M,Antenatal,2025-06-14,2025-07-11,0,6,0,4.6,Public,0,0,1
P01028,75,F,Paediatrics,2025-06-27,2025-07-11,0,2,0,13.8,None,0,0,0
P02719,10,M,Physiotherapy,2025-07-10,2025-07-11,1,3,0,8.6,Public,0,0,0
P02046,19,F,Eye clinic,2025-07-01,2025-07-11,1,3,1,3.6,Public,0,0,0
P02488,8,F,Paediatrics,2025-06-04,2025-07-11,0,2,1,15.3,Public,0,0,1
P01822,29,F,General practice,2025-06-30,2025-07-11,0,6,1,5.6,,0,1,1
P01704,31,F,General practice,2025-07-11,2025-07-11,0,4,1,14.5,None,0,0,0
P00916,37,F,Diabetes clinic,2025-07-03,2025-07-14,1,2,0,8.6,Public,0,0,0
P03067,33,M,Antenatal,2025-07-13,2025-07-14,0,1,0,9.0,Private,0,0,0
P04780,29,F,Dental,2025-06-01,2025-07-14,1,2,2,15.3,Public,0,1,1
P02925,72,F,Dental,2025-06-07,2025-07-14,0,5,1,5.3,Public,0,1,1
P01672,49,F,General practice,2025-07-03,2025-07-14,1,3,0,3.7,Public,0,0,1
P01340,57,F,Eye clinic,2025-06-23,2025-07-14,0,1,0,9.3,Private,0,0,0
P04257,24,F,General practice,2025-06-04,2025-07-14,0,4,1,3.7,None,1,0,1
P03468,45,M,Paediatrics,2025-07-13,2025-07-14,0,1,0,7.4,Private,0,1,1
P00951,38,F,Eye clinic,2025-07-11,2025-07-14,0,3,1,7.8,None,0,0,0
P03748,48,F,Antenatal,2025-06-30,2025-07-14,1,5,1,5.8,Private,1,1,0
P04492,55,M,Paediatrics,2025-06-29,2025-07-14,0,2,0,7.1,Private,0,0,0
P00274,19,M,General practice,2025-06-24,2025-07-14,0,1,1,15.3,Private,0,1,1
P04494,51,F,Antenatal,2025-07-10,2025-07-14,1,1,0,,None,0,0,0
P01263,21,F,Antenatal,2025-06-03,2025-07-14,0,7,3,13.9,Private,0,1,1
P00015,44,M,Paediatrics,2025-07-03,2025-07-14,1,4,0,5.1,None,0,0,0
P03079,18,M,General practice,2025-07-05,2025-07-14,1,4,0,8.6,Private,0,1,0
P01910,21,F,General practice,2025-06-07,2025-07-14,1,4,0,11.9,Private,0,1,0
P01950,39,F,Antenatal,2025-06-22,2025-07-14,1,3,0,5.1,Public,0,0,0
P01919,16,M,Dental,2025-06-30,2025-07-14,1,1,0,4.8,Private,0,0,0
P00268,34,F,General practice,2025-07-03,2025-07-14,1,4,1,1.2,Public,1,1,0
P04789,27,F,Antenatal,2025-06-20,2025-07-14,0,0,0,5.7,None,0,0,0
P04415,51,F,Antenatal,2025-07-02,2025-07-14,1,3,1,12.6,Private,0,1,0
P04468,13,F,General practice,2025-07-07,2025-07-14,0,3,0,1.3,None,1,0,1
P00694,53,M,Dental,2025-06-18,2025-07-14,0,2,1,2.4,None,1,0,1
P01911,43,M,Diabetes clinic,2025-06-26,2025-07-14,0,3,0,10.9,Public,0,0,0
P00922,81,M,Eye clinic,2025-07-09,2025-07-14,1,1,0,3.5,Private,0,0,1
P03696,32,F,General practice,2025-07-02,2025-07-14,1,2,0,5.0,None,0,0,0
P02343,26,F,Antenatal,2025-07-09,2025-07-14,1,4,1,4.6,Public,0,0,0
P00903,41,F,Antenatal,2025-07-12,2025-07-14,1,2,0,5.8,Public,0,0,0
P00561,25,M,Diabetes clinic,2025-05-29,2025-07-14,1,4,0,9.8,Public,0,1,0
P00308,36,F,General practice,2025-07-02,2025-07-14,0,2,0,,Private,0,0,1
P01379,5,M,Antenatal,2025-07-10,2025-07-14,0,4,0,14.3,,0,1,0
P01160,68,M,Paediatrics,2025-07-09,2025-07-14,1,3,1,7.7,Public,0,0,0
P00271,13,M,General practice,2025-06-13,2025-07-14,1,3,1,6.2,Public,0,0,0
P00010,19,M,General practice,2025-07-07,2025-07-14,0,7,2,13.6,,0,0,1
P02630,46,F,Antenatal,2025-06-09,2025-07-14,1,1,1,11.3,Public,0,0,1
P02171,30,F,Paediatrics,2025-07-05,2025-07-14,1,2,0,5.4,Private,0,0,0
P02646,92,M,Diabetes clinic,2025-07-12,2025-07-14,0,2,1,15.8,None,1,0,0
P01611,49,M,Diabetes clinic,2025-06-29,2025-07-14,1,4,1,10.2,Private,1,0,0
P01643,54,F,General practice,2025-06-17,2025-07-14,0,3,0,5.7,None,1,0,0
P04982,6,M,Paediatrics,2025-07-09,2025-07-14,1,2,0,13.8,None,0,1,0
P04890,34,F,Antenatal,2025-07-11,2025-07-14,1,3,1,3.6,None,1,0,0
P04878,26,F,Eye clinic,2025-07-08,2025-07-14,1,1,0,4.9,Public,0,0,0
P03866,26,M,Paediatrics,2025-07-01,2025-07-14,1,2,0,15.7,Public,0,0,0
P00141,14,F,Dental,2025-07-01,2025-07-15,1,2,0,40.4,Private,0,0,0
P00242,27,F,General practice,2025-07-04,2025-07-15,0,4,0,1.8,None,0,0,0
P02008,10,F,Physiotherapy,2025-07-14,2025-07-15,1,1,0,10.4,Public,0,0,1
P04305,71,M,General practice,2025-07-01,2025-07-15,1,3,1,20.4,Public,1,0,1
P04298,13,F,Paediatrics,2025-07-09,2025-07-15,1,5,2,7.7,None,0,1,0
P00075,51,F,Paediatrics,2025-06-25,2025-07-15,1,1,0,9.4,Public,0,0,0
P02736,12,M,Paediatrics,2025-07-15,2025-07-15,1,1,0,6.3,None,0,1,0
P01277,65,F,Dental,2025-07-01,2025-07-15,0,1,0,21.5,Private,0,0,0
P00174,76,F,General practice,2025-07-12,2025-07-15,0,3,0,1.7,Public,0,0,1
P03500,50,F,Diabetes clinic,2025-07-12,2025-07-15,1,5,3,2.7,Public,1,0,0
P01884,32,M,Antenatal,2025-07-10,2025-07-15,1,4,0,20.0,None,0,0,0
P03882,75,M,Eye clinic,2025-07-13,2025-07-15,1,2,0,5.3,Public,1,0,0
P04291,37,F,General practice,2025-07-10,2025-07-15,0,5,2,9.9,None,0,0,0
P04897,88,M,General practice,2025-06-25,2025-07-15,1,5,2,5.8,None,0,1,1
P02523,53,M,Physiotherapy,2025-06-21,2025-07-15,1,8,1,4.9,Public,0,0,0
P00596,24,M,Physiotherapy,2025-07-09,2025-07-15,0,5,1,5.2,None,0,1,0
P02525,14,F,Paediatrics,2025-07-09,2025-07-15,1,2,1,13.0,None,0,0,0
P00585,29,M,Eye clinic,2025-06-26,2025-07-15,0,2,0,26.3,Public,0,1,0
P01799,8,M,Antenatal,2025-07-16,2025-07-16,1,1,0,10.2,None,0,0,0
P04934,11,M,General practice,2025-06-13,2025-07-16,1,2,0,2.9,Public,1,1,0
P00657,9,M,General practice,2025-06-13,2025-07-16,1,1,0,9.3,Public,0,0,0
P04144,47,M,General practice,2025-07-13,2025-07-16,1,0,0,16.0,Public,0,0,0
P04671,35,F,General practice,2025-07-02,2025-07-16,1,8,3,4.4,Private,1,0,0
P03785,30,M,Diabetes clinic,2025-07-13,2025-07-16,1,2,1,12.7,Public,1,0,1
P01754,12,M,General practice,2025-07-10,2025-07-16,1,5,0,13.4,Private,1,1,0
P02281,20,M,Physiotherapy,2025-07-11,2025-07-16,1,2,0,12.1,Public,0,0,0
P00574,37,M,General practice,2025-06-28,2025-07-16,1,3,0,8.7,Public,0,0,1
P03603,29,F,Diabetes clinic,2025-06-26,2025-07-16,1,6,0,1.2,Public,0,0,0
P00685,5,M,Eye clinic,2025-06-26,2025-07-16,0,4,0,15.7,None,0,1,0
P00483,29,F,Eye clinic,2025-07-06,2025-07-16,0,3,0,5.5,None,0,0,0
P01357,18,M,General practice,2025-07-08,2025-07-16,1,3,1,1.1,Private,0,0,0
P04927,36,F,Dental,2025-06-29,2025-07-17,1,0,0,23.3,Public,0,0,0
P04093,27,M,General practice,2025-07-17,2025-07-17,1,1,0,5.8,Public,0,0,0
P02372,3,M,Dental,2025-06-25,2025-07-17,1,2,1,1.0,Private,0,0,0
P02573,21,M,General practice,2025-07-15,2025-07-17,0,1,0,6.7,Public,0,1,0
P02985,68,M,Dental,2025-07-03,2025-07-17,1,7,1,8.7,Public,0,0,0
P01337,40,F,Antenatal,2025-07-09,2025-07-17,1,1,0,24.3,None,0,0,0
P04651,15,F,Dental,2025-07-02,2025-07-17,1,3,0,3.8,Public,1,0,0
P02829,49,M,Antenatal,2025-05-30,2025-07-17,0,3,0,5.1,None,1,0,1
P00897,13,M,Physiotherapy,2025-07-15,2025-07-17,1,1,1,17.6,Public,0,0,0
P04660,20,M,Physiotherapy,2025-07-15,2025-07-17,0,4,1,5.0,Public,0,0,0
P01492,24,F,Eye clinic,2025-07-17,2025-07-17,1,2,0,5.2,None,0,1,0
P04024,92,F,Paediatrics,2025-07-12,2025-07-17,1,3,1,7.8,None,1,1,1
P02718,47,F,General practice,2025-06-25,2025-07-17,1,2,0,6.5,None,0,1,0
P04224,56,M,Antenatal,2025-07-15,2025-07-17,1,1,1,6.5,Public,0,0,1
P03509,35,M,Eye clinic,2025-06-30,2025-07-17,0,4,0,22.5,Private,0,0,0
P01613,14,F,Paediatrics,2025-06-25,2025-07-17,1,1,0,7.2,Private,0,1,0
P03634,35,F,Dental,2025-06-25,2025-07-17,0,1,0,16.8,Public,0,0,0
P00655,19,F,General practice,2025-07-09,2025-07-17,1,1,1,,Private,0,0,0
P01239,8,F,Paediatrics,2025-06-16,2025-07-18,0,4,1,26.6,Public,0,1,1
P04685,40,M,General practice,2025-07-03,2025-07-18,1,6,1,6.0,None,0,0,0
P02163,81,F,Diabetes clinic,2025-07-09,2025-07-18,1,2,1,10.6,Private,0,0,0
P01812,16,F,General practice,2025-07-15,2025-07-18,0,2,0,7.0,None,0,0,1
P04886,92,M,Diabetes clinic,2025-07-03,2025-07-18,1,6,1,11.8,Private,1,1,0
P00054,13,F,Dental,2025-07-02,2025-07-18,1,2,0,,None,0,0,0
P00056,13,M,General practice,2025-07-07,2025-07-18,1,1,0,7.2,None,0,1,0
P01245,56,F,General practice,2025-07-11,2025-07-18,1,1,0,7.1,Public,1,0,1
P01560,43,M,Dental,2025-07-14,2025-07-18,0,3,0,4.8,Private,0,0,0
P04449,30,F,General practice,2025-07-07,2025-07-18,1,2,2,4.9,Private,0,1,1
P02386,25,M,Dental,2025-07-11,2025-07-18,1,5,1,1.9,None,0,0,0
P03481,18,F,Diabetes clinic,2025-06-25,2025-07-18,0,4,1,6.9,Private,0,0,1
P00113,22,F,Physiotherapy,2025-07-04,2025-07-18,1,2,0,10.6,None,1,0,0
P01236,24,F,Paediatrics,2025-07-17,2025-07-18,1,3,0,3.9,None,0,0,0
P00989,36,M,Antenatal,2025-07-19,2025-07-21,0,2,0,19.7,None,0,1,0
P01325,15,M,Dental,2025-07-18,2025-07-21,0,3,0,12.4,Public,0,0,0
P01551,63,M,Eye clinic,2025-07-16,2025-07-21,1,0,0,17.5,Public,1,0,0
P04035,19,F,Antenatal,2025-07-12,2025-07-21,1,2,1,14.7,Private,0,1,0
P01882,20,M,General practice,2025-06-19,2025-07-21,1,4,0,8.2,None,0,0,0
P01544,40,F,General practice,2025-06-29,2025-07-21,0,2,1,4.2,Private,0,0,0
P02533,15,M,General practice,2025-07-12,2025-07-21,0,3,1,13.9,Public,0,1,1
P03007,45,M,General practice,2025-07-09,2025-07-21,1,2,1,8.4,Public,0,1,1
P04549,30,M,General practice,2025-07-07,2025-07-21,1,3,0,16.4,None,0,0,0
P02430,38,F,Antenatal,2025-07-13,2025-07-21,1,6,0,6.3,Private,0,1,0
P04711,26,M,Diabetes clinic,2025-07-16,2025-07-21,0,3,0,1.1,None,0,1,0
P02209,15,M,General practice,2025-05-26,2025-07-21,1,2,0,11.2,None,1,0,0
P00030,31,F,Diabetes clinic,2025-06-26,2025-07-21,1,3,0,3.6,None,0,0,0
P02562,22,F,Antenatal,2025-07-05,2025-07-21,1,4,0,9.2,Public,0,0,0
P00180,18,M,Physiotherapy,2025-07-17,2025-07-21,1,1,0,17.4,,0,0,1
P02841,16,F,Dental,2025-07-09,2025-07-21,1,0,0,10.5,Public,0,0,0
P00984,27,M,Paediatrics,2025-06-13,2025-07-21,1,3,0,17.3,Private,0,0,1
P02130,74,M,Paediatrics,2025-07-07,2025-07-21,0,1,0,4.2,Public,0,0,0
P02650,82,M,Diabetes clinic,2025-06-21,2025-07-21,1,0,0,2.0,None,0,0,0
P02833,92,F,Antenatal,2025-07-11,2025-07-21,1,4,1,4.9,None,1,0,0
P03432,9,F,General practice,2025-07-15,2025-07-21,0,3,1,3.8,Public,1,0,1
P04830,17,M,General practice,2025-07-19,2025-07-21,0,7,2,3.4,Private,0,1,0
P01093,57,F,Dental,2025-07-11,2025-07-21,1,2,1,3.1,None,0,0,0
P00379,53,M,Physiotherapy,2025-07-04,2025-07-21,1,4,1,3.5,Public,1,0,0
P01977,20,F,General practice,2025-07-04,2025-07-21,1,0,0,6.7,None,0,0,0
P03699,37,M,Antenatal,2025-07-18,2025-07-21,1,4,1,22.1,None,0,1,0
P01775,12,F,Paediatrics,2025-07-09,2025-07-21,1,2,0,9.4,Private,0,0,0
P00252,24,F,Diabetes clinic,2025-06-27,2025-07-21,0,0,0,19.1,Public,0,1,1
P01335,92,M,General practice,2025-06-26,2025-07-21,1,3,0,9.1,Public,0,0,1
P00794,48,F,Antenatal,2025-07-08,2025-07-21,0,2,0,17.7,Public,1,0,0
P03178,20,F,General practice,2025-07-20,2025-07-21,1,2,1,3.8,Private,0,0,1
P03302,36,F,Paediatrics,2025-06-04,2025-07-21,1,2,0,6.1,Private,0,0,0
P00416,25,F,General practice,2025-06-30,2025-07-21,1,0,0,14.5,None,0,0,0
P00519,56,F,Eye clinic,2025-07-17,2025-07-21,0,4,2,3.8,None,1,0,1
P04080,92,F,Diabetes clinic,2025-06-27,2025-07-21,1,3,1,2.5,Public,0,0,0
P00621,26,F,Paediatrics,2025-06-30,2025-07-21,0,2,0,10.0,None,0,0,1
P03767,10,M,Antenatal,2025-07-15,2025-07-21,1,2,1,18.6,Public,0,0,0
P04748,79,F,Paediatrics,2025-06-25,2025-07-21,1,3,0,2.5,Public,0,0,0
P04946,25,F,General practice,2025-06-27,2025-07-21,1,3,1,2.6,None,0,1,0
P02438,46,M,Antenatal,2025-07-18,2025-07-21,1,1,0,12.7,Public,0,0,0
P01723,33,F,Eye clinic,2025-07-12,2025-07-21,1,1,1,8.2,None,0,1,0
P00671,36,M,Dental,2025-07-20,2025-07-21,1,3,1,15.7,None,0,0,0
P03209,80,M,Diabetes clinic,2025-07-12,2025-07-21,0,4,1,5.1,None,0,1,1
P01476,38,M,Paediatrics,2025-07-17,2025-07-21,1,0,0,1.7,None,0,1,1
P04508,26,M,General practice,2025-07-03,2025-07-21,0,3,0,5.4,Private,0,0,1
P03528,7,F,Eye clinic,2025-07-15,2025-07-21,1,7,2,15.1,Private,0,1,1
P03839,44,M,General practice,2025-06-05,2025-07-21,1,3,0,,None,0,0,0
P02785,10,F,Physiotherapy,2025-07-15,2025-07-21,0,1,0,5.7,Public,0,0,0
P03636,77,M,Paediatrics,2025-07-17,2025-07-21,1,6,0,5.8,Public,0,0,0
P02453,13,F,General practice,2025-06-28,2025-07-21,1,1,0,20.3,Private,0,0,0
P03930,63,F,General practice,2025-07-05,2025-07-22,1,4,0,6.7,Private,1,0,0
P00634,51,F,General practice,2025-07-12,2025-07-22,0,2,0,12.8,Public,0,1,0
P03021,37,F,Diabetes clinic,2025-07-17,2025-07-22,1,2,2,11.3,Private,1,0,0
P02591,47,F,Paediatrics,2025-07-17,2025-07-22,1,4,0,5.2,Private,1,0,0
P03084,57,M,General practice,2025-07-18,2025-07-22,0,3,2,4.3,Public,1,0,1
P01101,8,M,Antenatal,2025-07-02,2025-07-22,1,4,1,25.8,Public,0,1,0
P02503,14,M,General practice,2025-07-22,2025-07-22,0,2,0,17.1,Public,0,0,1
P04025,19,M,Physiotherapy,2025-07-22,2025-07-22,0,1,1,8.2,None,0,0,1
P00351,49,M,Eye clinic,2025-07-10,2025-07-22,1,2,0,23.7,None,1,1,0
P01356,28,F,Diabetes clinic,2025-07-16,2025-07-22,1,3,1,10.3,Public,0,0,1
P03781,78,F,Antenatal,2025-07-18,2025-07-22,0,1,1,5.7,Public,0,0,1
P01784,15,M,General practice,2025-07-11,2025-07-22,1,3,0,4.7,Public,0,1,0
P03363,16,M,Dental,2025-07-14,2025-07-22,1,3,2,2.0,None,1,1,0
P03373,49,M,Antenatal,2025-07-18,2025-07-22,0,3,0,8.9,Private,0,0,0
P04344,38,M,Antenatal,2025-07-20,2025-07-22,0,3,0,3.1,Public,0,0,0
P02776,61,F,General practice,2025-07-15,2025-07-22,0,6,0,10.6,None,1,0,1
P04076,23,M,General practice,2025-07-19,2025-07-23,1,7,4,1.0,None,0,1,0
P04194,13,F,Diabetes clinic,2025-07-13,2025-07-23,1,0,0,5.3,Public,0,0,0
P01353,27,F,Physiotherapy,2025-07-22,2025-07-23,1,4,0,7.7,Private,1,0,0
P02035,8,M,General practice,2025-07-01,2025-07-23,1,2,0,3.7,Public,0,0,0
P01478,58,F,Antenatal,2025-07-20,2025-07-23,0,3,0,15.7,Public,1,0,0
P02101,41,F,Antenatal,2025-07-12,2025-07-23,1,1,1,3.6,Private,0,0,1
P00485,21,F,Paediatrics,2025-07-11,2025-07-23,0,2,0,13.2,Private,0,0,1
P00211,20,M,Dental,2025-07-06,2025-07-23,1,0,0,7.6,None,0,0,1
P02255,14,F,Eye clinic,2025-07-23,2025-07-23,1,1,0,1.4,Private,0,0,1
P00613,45,M,Diabetes clinic,2025-07-19,2025-07-23,0,0,0,11.9,Private,1,1,0
P02410,65,M,General practice,2025-07-18,2025-07-23,0,5,2,12.7,Public,0,1,0
P00367,17,F,General practice,2025-07-15,2025-07-23,1,0,0,5.7,Private,0,1,0
P04010,62,F,General practice,2025-06-09,2025-07-23,1,2,0,30.6,None,0,0,0
P00660,29,F,Physiotherapy,2025-07-17,2025-07-23,0,5,0,9.6,None,0,0,0
P04101,38,F,Dental,2025-07-07,2025-07-23,0,2,0,6.4,None,1,0,1
P00343,49,F,General practice,2025-07-18,2025-07-23,0,3,0,2.5,None,1,1,0
P04776,32,F,Eye clinic,2025-07-22,2025-07-23,0,1,0,4.5,Public,1,1,0
P01483,40,M,Dental,2025-07-23,2025-07-23,1,1,1,8.9,Private,0,0,0
P01154,59,F,General practice,2025-07-10,2025-07-23,0,3,0,24.3,Private,0,0,0
P04905,10,F,Diabetes clinic,2025-07-22,2025-07-24,0,5,1,17.9,Private,0,1,1
P00775,34,M,Antenatal,2025-06-28,2025-07-24,0,1,1,3.7,Public,0,0,0
P04853,85,M,Eye clinic,2025-06-27,2025-07-24,1,3,0,4.6,None,1,0,0
P01167,63,F,Antenatal,2025-06-18,2025-07-24,0,5,1,7.5,Public,0,0,1
P03448,16,M,Dental,2025-07-12,2025-07-24,1,2,0,20.1,None,0,0,0
P02812,25,F,General practice,2025-07-18,2025-07-24,0,4,1,7.9,Public,0,0,1
P04039,74,M,General practice,2025-07-22,2025-07-24,1,3,1,,Private,1,0,0
P04638,28,F,Paediatrics,2025-07-19,2025-07-24,0,2,1,6.7,None,0,0,0
P04629,92,M,General practice,2025-07-05,2025-07-24,1,3,3,4.6,Private,0,0,1
P03635,55,M,General practice,2025-07-18,2025-07-24,0,1,0,23.6,None,0,0,1
P00520,19,M,General practice,2025-07-18,2025-07-24,1,3,0,4.5,None,0,0,0
P03047,30,F,Dental,2025-07-19,2025-07-24,1,3,0,8.5,Private,0,0,0
P03124,14,F,Dental,2025-07-04,2025-07-24,1,1,0,11.3,None,0,0,1
P02291,58,F,General practice,2025-07-24,2025-07-24,0,1,0,24.0,Private,0,0,0
P00233,71,M,Eye clinic,2025-07-11,2025-07-24,0,1,0,16.5,None,0,0,1
P02660,12,M,Paediatrics,2025-07-20,2025-07-24,1,2,1,,Private,0,0,1
P01988,24,M,General practice,2025-07-06,2025-07-25,1,6,3,7.8,Public,0,0,0
P03212,55,F,General practice,2025-06-29,2025-07-25,1,1,0,9.9,Public,0,0,0
P03362,42,F,General practice,2025-07-13,2025-07-25,0,4,0,2.5,None,0,0,0
P03480,92,M,Physiotherapy,2025-07-17,2025-07-25,0,2,0,5.9,Private,0,1,0
P03115,69,F,Dental,2025-07-03,2025-07-25,1,2,2,9.9,Private,0,0,1
P03255,5,F,Eye clinic,2025-07-13,2025-07-25,1,4,3,10.4,Private,0,0,0
P02454,55,F,Antenatal,2025-07-12,2025-07-25,1,4,1,5.4,None,1,0,0
P03545,50,F,Paediatrics,2025-06-15,2025-07-28,1,4,0,12.5,Private,1,0,1
P00976,18,F,Antenatal,2025-07-21,2025-07-28,1,3,0,5.7,Public,0,1,1
P01707,41,M,Physiotherapy,2025-07-24,2025-07-28,0,6,2,11.6,Private,0,0,0
P01365,40,F,Paediatrics,2025-07-09,2025-07-28,1,6,0,0.8,Public,1,0,0
P00994,50,M,Antenatal,2025-07-27,2025-07-28,1,1,0,35.6,Public,0,0,0
P03095,38,M,Diabetes clinic,2025-05-03,2025-07-28,1,4,1,7.8,Private,0,0,1
P01809,54,F,Physiotherapy,2025-07-22,2025-07-28,1,9,1,3.1,Private,0,0,0
P02462,28,F,Eye clinic,2025-07-20,2025-07-28,1,3,0,1.2,None,0,0,1
P00303,20,M,General practice,2025-07-22,2025-07-28,1,4,1,18.1,Public,1,0,0
P04536,81,F,General practice,2025-07-02,2025-07-28,0,2,0,6.4,Public,0,0,0
P04852,39,F,Physiotherapy,2025-07-01,2025-07-28,1,4,0,4.4,None,0,0,0
P04450,11,F,Paediatrics,2025-07-21,2025-07-28,0,3,0,7.5,Private,0,0,0
P00329,44,F,Antenatal,2025-07-15,2025-07-28,0,5,1,6.5,None,0,1,1
P02065,39,F,General practice,2025-07-26,2025-07-28,1,1,0,,Public,0,0,1
P03825,47,F,Physiotherapy,2025-07-25,2025-07-28,1,5,2,20.5,None,0,1,1
P03452,87,F,Antenatal,2025-07-25,2025-07-28,1,1,0,0.5,Private,1,1,0
P00539,35,M,Eye clinic,2025-06-30,2025-07-28,0,2,1,11.3,None,0,1,1
P00226,43,F,General practice,2025-07-19,2025-07-28,0,6,1,10.1,Public,1,1,0
P00843,59,M,Physiotherapy,2025-07-23,2025-07-28,1,5,1,1.9,None,1,0,1
P03953,54,F,Eye clinic,2025-07-14,2025-07-28,1,3,2,2.8,Public,0,1,0
P01770,21,M,General practice,2025-07-18,2025-07-28,1,1,0,2.1,None,0,0,0
P02621,38,M,Paediatrics,2025-07-21,2025-07-28,1,5,1,,Private,0,0,0
P04763,14,F,Paediatrics,2025-06-29,2025-07-28,1,3,0,4.3,None,1,0,0
P01117,12,F,Paediatrics,2025-07-22,2025-07-28,0,2,0,11.8,Private,0,0,1
P02645,31,F,General practice,2025-07-15,2025-07-28,0,3,0,12.2,None,1,0,1
P03569,7,M,Paediatrics,2025-06-25,2025-07-28,1,0,0,15.4,Public,0,1,0
P02245,54,F,Antenatal,2025-07-02,2025-07-28,1,4,0,10.6,None,0,0,1
P03157,78,F,Paediatrics,2025-07-24,2025-07-28,0,5,0,17.9,Private,1,0,0
P00017,56,F,Eye clinic,2025-07-27,2025-07-28,1,8,4,5.9,Public,0,0,1
P02672,11,F,Diabetes clinic,2025-07-26,2025-07-28,0,5,1,6.8,None,0,1,0
P00565,23,F,Dental,2025-07-26,2025-07-28,1,5,2,6.0,Public,0,0,0
P03934,3,F,Physiotherapy,2025-07-12,2025-07-28,0,6,2,20.2,Private,1,0,0
P03557,44,F,General practice,2025-07-11,2025-07-28,1,6,1,7.1,Private,0,0,0
P04100,5,F,Dental,2025-07-14,2025-07-28,1,1,1,11.6,Public,0,0,1
P03327,16,M,Paediatrics,2025-07-07,2025-07-28,1,0,0,,None,1,0,0
P04379,15,F,General practice,2025-07-08,2025-07-28,0,6,1,5.5,Private,0,0,1
P02784,45,M,General practice,2025-07-25,2025-07-28,1,2,0,5.1,Public,0,0,0
P00890,66,F,Antenatal,2025-07-17,2025-07-28,0,1,0,5.5,None,0,1,0
P04380,37,F,General practice,2025-07-23,2025-07-28,0,1,0,10.6,None,1,0,0
P02358,13,F,General practice,2025-07-08,2025-07-28,0,3,1,11.7,None,1,1,1
P04641,48,M,Paediatrics,2025-07-24,2025-07-28,1,4,1,2.9,None,0,0,0
P01502,45,M,Diabetes clinic,2025-07-23,2025-07-28,0,2,0,7.1,Public,0,0,0
P02319,31,F,General practice,2025-07-21,2025-07-28,1,7,1,8.1,None,0,0,0
P00689,12,M,General practice,2025-07-23,2025-07-28,1,3,2,2.9,Private,0,1,0
P04320,30,M,General practice,2025-07-28,2025-07-28,1,8,0,4.0,None,0,0,1
P01212,29,F,Diabetes clinic,2025-07-24,2025-07-28,0,7,2,5.4,Private,0,1,1
P02441,31,F,General practice,2025-07-28,2025-07-28,1,3,0,9.2,None,0,0,0
P01841,42,M,Eye clinic,2025-06-01,2025-07-28,0,5,0,30.2,Private,0,1,1
P04321,15,F,General practice,2025-07-19,2025-07-28,1,1,0,18.2,None,1,0,1
P02286,47,M,Dental,2025-07-16,2025-07-28,1,3,1,4.9,Public,0,0,0
P02320,36,F,Diabetes clinic,2025-07-25,2025-07-28,0,2,1,1.7,Public,0,0,0
P01473,13,M,General practice,2025-07-23,2025-07-29,0,1,0,2.5,Private,0,1,0
P00245,51,F,Paediatrics,2025-07-15,2025-07-29,0,8,0,14.5,None,1,0,1
P04576,19,F,General practice,2025-06-29,2025-07-29,0,4,1,13.4,None,0,0,1
P01266,17,M,General practice,2025-07-23,2025-07-29,0,5,2,3.5,,0,1,0
P02011,29,M,Diabetes clinic,2025-07-27,2025-07-29,1,3,2,3.5,Private,0,0,1
P00909,42,F,Diabetes clinic,2025-06-27,2025-07-29,1,2,1,9.3,None,0,1,1
P01405,30,F,Diabetes clinic,2025-07-15,2025-07-29,0,8,1,13.7,None,0,0,0
P03306,36,F,Eye clinic,2025-07-23,2025-07-29,1,2,1,2.3,Private,0,0,0
P01926,15,F,Dental,2025-07-21,2025-07-29,1,1,0,8.5,None,0,0,0
P03333,37,F,Paediatrics,2025-07-25,2025-07-29,1,3,1,6.5,Public,1,0,0
P00772,27,M,Dental,2025-07-22,2025-07-29,1,1,0,6.7,None,0,1,0
P02837,56,M,Antenatal,2025-07-22,2025-07-29,0,3,2,5.0,None,0,0,1
P04154,44,F,Dental,2025-07-27,2025-07-30,1,4,1,17.7,None,1,0,0
P04009,33,M,Paediatrics,2025-07-23,2025-07-30,1,6,1,10.8,Public,0,0,0
P02555,21,F,Paediatrics,2025-07-27,2025-07-30,1,4,0,10.1,None,0,1,1
P03618,49,M,Antenatal,2025-07-26,2025-07-30,0,5,1,9.1,Public,1,1,0
P04703,16,M,Diabetes clinic,2025-07-22,2025-07-30,0,3,0,3.4,Private,1,0,0
P03679,26,F,General practice,2025-07-09,2025-07-30,1,1,0,13.0,None,0,1,0
P04732,17,M,Antenatal,2025-07-21,2025-07-30,1,4,2,8.7,None,0,0,1
P03311,43,M,Paediatrics,2025-07-23,2025-07-30,1,1,0,9.9,Private,0,0,0
P04275,31,M,Antenatal,2025-07-26,2025-07-30,1,8,1,6.1,Private,0,1,0
P00122,34,F,Dental,2025-07-06,2025-07-30,1,5,0,14.7,None,0,1,1
P02099,43,M,Dental,2025-07-21,2025-07-30,0,1,0,13.6,Private,0,0,0
P02773,32,M,Diabetes clinic,2025-07-27,2025-07-30,1,2,2,8.5,None,0,0,0
P03711,45,M,Eye clinic,2025-07-28,2025-07-30,0,2,2,3.9,None,0,1,1
P04689,36,F,General practice,2025-07-21,2025-07-30,1,6,1,4.2,Private,0,0,0
P01521,6,F,General practice,2025-07-12,2025-07-30,0,3,0,13.7,Private,0,0,0
P04361,47,M,Diabetes clinic,2025-07-18,2025-07-30,1,3,0,6.2,Public,1,1,0
P04840,36,M,Physiotherapy,2025-07-03,2025-07-30,1,3,0,8.6,Private,0,1,0
P00298,3,M,Dental,2025-07-21,2025-07-30,1,2,0,9.7,None,0,1,0
P03148,41,M,Paediatrics,2025-07-09,2025-07-30,1,3,0,2.4,Public,0,1,0
P00028,42,F,Eye clinic,2025-07-21,2025-07-30,0,5,0,9.6,Private,0,0,0
P00050,26,M,General practice,2025-07-29,2025-07-30,1,3,0,11.0,None,0,0,0
P02215,62,M,General practice,2025-07-12,2025-07-30,0,3,0,4.1,Public,1,0,0
P00742,10,M,General practice,2025-07-24,2025-07-31,0,7,1,28.8,Private,0,0,1
P02311,40,M,Antenatal,2025-07-30,2025-07-31,1,2,0,4.4,Public,1,0,0
P03850,15,F,Antenatal,2025-07-08,2025-07-31,0,1,1,2.1,None,0,0,1
P03677,8,F,General practice,2025-07-09,2025-07-31,1,3,1,6.5,Public,0,0,0
P04363,24,F,Dental,2025-07-08,2025-07-31,1,2,0,5.3,None,1,1,0
P04346,60,M,Antenatal,2025-07-26,2025-07-31,1,1,1,20.1,Public,0,0,1
P01364,30,F,General practice,2025-07-26,2025-07-31,0,4,1,6.4,None,0,1,1
P04299,55,F,General practice,2025-07-23,2025-08-01,1,5,1,5.8,Private,0,0,0
P01760,10,M,Eye clinic,2025-07-28,2025-08-01,0,3,0,16.0,Private,0,0,0
P04272,5,M,Paediatrics,2025-07-14,2025-08-01,1,3,0,6.5,None,0,0,0
P04081,32,F,Physiotherapy,2025-07-24,2025-08-01,0,2,0,7.7,Public,0,1,1
P01046,46,F,Paediatrics,2025-07-15,2025-08-01,1,3,0,16.7,Public,0,0,0
P00590,28,M,General practice,2025-07-30,2025-08-01,1,4,1,2.7,None,0,0,0
P03733,48,F,General practice,2025-07-26,2025-08-01,0,3,2,7.0,None,0,0,1
P00269,20,M,General practice,2025-07-11,2025-08-01,1,2,1,6.5,None,0,1,0
P02681,38,M,General practice,2025-07-23,2025-08-01,0,2,1,14.3,Private,0,0,0
P01224,16,M,General practice,2025-07-31,2025-08-01,1,6,0,16.5,Public,0,1,0
P02301,61,M,General practice,2025-07-07,2025-08-01,0,5,0,24.1,Public,1,0,1
P01737,17,F,Paediatrics,2025-07-21,2025-08-01,0,6,1,2.0,None,0,0,0
P00085,17,M,Paediatrics,2025-07-25,2025-08-01,0,6,0,5.2,Public,0,1,0
P01868,47,F,General practice,2025-07-21,2025-08-01,0,1,0,9.3,None,0,0,0
P03652,30,M,General practice,2025-06-12,2025-08-01,1,4,0,0.8,Private,0,0,0
P00871,9,F,General practice,2025-07-11,2025-08-04,1,3,1,15.9,None,0,0,1
P00151,70,F,Paediatrics,2025-07-16,2025-08-04,0,1,1,12.6,None,0,0,1
P03094,26,F,General practice,2025-07-11,2025-08-04,0,8,0,11.5,Public,0,0,0
P00874,31,F,General practice,2025-07-28,2025-08-04,1,4,2,7.4,Public,0,0,0
P03891,45,M,Physiotherapy,2025-07-18,2025-08-04,0,2,0,6.5,Private,0,0,0
P03249,69,F,Antenatal,2025-07-16,2025-08-04,1,1,1,7.4,None,1,1,0
P02238,29,M,General practice,2025-07-15,2025-08-04,1,2,0,1.9,Private,0,0,0
P04017,48,M,Antenatal,2025-07-22,2025-08-04,1,2,1,12.0,Public,1,0,1
P04106,12,F,Eye clinic,2025-07-10,2025-08-04,0,5,2,14.1,None,0,1,1
P04041,15,F,Eye clinic,2025-07-24,2025-08-04,0,3,0,5.1,None,0,0,1
P04014,14,M,Eye clinic,2025-07-10,2025-08-04,0,4,2,5.5,Public,0,0,1
P00423,11,M,General practice,2025-07-30,2025-08-04,0,6,1,21.1,None,0,0,1
P04384,23,M,Dental,2025-07-30,2025-08-04,1,4,0,14.7,None,0,0,0
P01217,25,F,General practice,2025-07-27,2025-08-04,1,3,0,10.1,None,0,0,0
P03351,31,F,Diabetes clinic,2025-07-08,2025-08-04,0,3,0,1.8,Private,0,1,1
P00695,53,F,General practice,2025-07-19,2025-08-04,0,3,2,4.9,Private,0,0,1
P02769,49,M,Diabetes clinic,2025-08-01,2025-08-04,0,4,0,16.7,Public,1,0,0
P03374,1,F,Antenatal,2025-07-19,2025-08-04,0,2,1,3.2,None,0,0,1
P04790,52,F,General practice,2025-07-06,2025-08-04,1,1,0,4.0,Public,0,1,0
P02739,27,F,Antenatal,2025-08-01,2025-08-04,0,3,0,5.6,Public,0,0,0
P04964,40,F,Physiotherapy,2025-07-30,2025-08-04,1,2,1,7.1,None,0,0,0
P00185,35,F,Paediatrics,2025-07-31,2025-08-04,1,4,1,19.1,Public,0,0,0
P02689,51,F,Paediatrics,2025-07-31,2025-08-04,1,3,1,3.0,Public,0,0,0
P03406,67,F,Paediatrics,2025-07-28,2025-08-04,1,1,1,14.3,Public,0,1,1
P04973,73,M,Diabetes clinic,2025-07-24,2025-08-04,0,1,0,9.8,Public,1,0,0
P00562,35,F,Paediatrics,2025-07-30,2025-08-04,1,4,0,10.4,None,0,1,0
P03609,25,F,Diabetes clinic,2025-08-01,2025-08-04,1,4,0,15.2,Private,0,0,0
P02296,31,M,Dental,2025-07-19,2025-08-04,0,4,1,3.1,Public,0,1,1
P04987,15,M,General practice,2025-07-30,2025-08-04,1,3,1,2.4,None,0,0,0
P02569,57,F,Physiotherapy,2025-07-09,2025-08-04,1,4,2,7.0,None,1,0,0
P01376,29,M,General practice,2025-07-22,2025-08-04,0,2,1,6.8,None,0,1,1
P02072,36,F,General practice,2025-07-26,2025-08-04,1,7,1,7.6,Public,0,0,0
P04679,37,M,Eye clinic,2025-07-31,2025-08-04,0,4,1,5.7,None,1,0,1
P02118,14,F,Dental,2025-07-29,2025-08-04,1,2,0,15.2,None,0,0,0
P01348,9,M,Physiotherapy,2025-07-31,2025-08-04,1,2,1,2.3,None,0,1,1
P00437,17,M,Antenatal,2025-07-23,2025-08-04,1,4,0,4.3,Public,0,0,0
P02528,23,M,Dental,2025-07-30,2025-08-04,1,4,0,21.3,None,0,0,1
P01350,32,F,General practice,2025-07-25,2025-08-04,1,1,0,2.6,Public,0,1,0
P04282,20,M,Antenatal,2025-07-20,2025-08-04,0,2,0,11.2,Public,0,0,0
P03303,11,M,Dental,2025-07-28,2025-08-04,1,0,0,0.8,None,1,0,0
P01008,62,F,Paediatrics,2025-08-02,2025-08-04,1,2,0,7.2,Public,1,0,0
P03258,26,F,Physiotherapy,2025-07-30,2025-08-04,1,3,0,13.4,Public,0,1,0
P02798,88,M,General practice,2025-07-16,2025-08-05,0,2,0,9.8,Public,1,0,0
P01143,39,F,General practice,2025-06-11,2025-08-05,0,5,2,,Public,1,0,1
P04842,10,M,General practice,2025-07-22,2025-08-05,1,1,0,12.2,Public,0,1,1
P02889,12,F,Paediatrics,2025-07-08,2025-08-05,1,4,1,13.4,Public,1,0,0
P03060,40,F,General practice,2025-08-02,2025-08-05,0,4,0,4.2,Public,0,0,0
P02249,61,M,General practice,2025-08-05,2025-08-05,0,3,1,21.1,None,1,0,0
P04688,26,M,Physiotherapy,2025-08-01,2025-08-05,1,6,1,27.7,Public,0,0,0
P00841,28,F,Dental,2025-07-18,2025-08-06,1,5,1,3.9,None,0,0,0
P01232,17,F,Antenatal,2025-07-30,2025-08-06,0,5,0,10.2,Public,0,1,0
P01615,54,M,Diabetes clinic,2025-07-16,2025-08-06,0,4,1,5.3,Public,0,0,1
P02361,8,M,General practice,2025-08-02,2025-08-06,1,3,0,11.2,Public,0,0,0
P04111,92,M,Paediatrics,2025-08-04,2025-08-06,0,2,0,3.9,None,1,1,0
P02071,27,M,General practice,2025-08-02,2025-08-06,1,2,1,17.7,None,0,1,1
P03490,47,F,Diabetes clinic,2025-07-29,2025-08-06,0,9,0,3.8,None,1,0,1
P00833,8,M,Paediatrics,2025-08-06,2025-08-06,1,2,1,3.1,None,0,0,1
P04131,59,F,Antenatal,2025-07-21,2025-08-06,0,6,4,5.3,Private,0,0,1
P01633,57,M,Dental,2025-08-02,2025-08-06,1,4,0,5.2,Private,0,1,0
P02921,8,F,General practice,2025-07-26,2025-08-06,1,3,0,41.5,None,0,0,1
P02382,34,F,General practice,2025-08-03,2025-08-06,1,5,3,13.2,None,0,0,1
P04569,65,M,Diabetes clinic,2025-08-02,2025-08-06,1,4,1,9.1,None,0,0,0
P00460,39,F,General practice,2025-07-28,2025-08-07,1,2,0,18.5,Public,0,0,0
P04358,16,F,General practice,2025-07-31,2025-08-07,1,1,0,8.7,None,0,0,0
P00912,50,F,Diabetes clinic,2025-07-28,2025-08-07,0,3,1,14.0,Private,0,0,0
P02909,20,F,Paediatrics,2025-07-19,2025-08-07,1,6,2,16.2,Public,1,1,0
P00554,36,F,General practice,2025-07-27,2025-08-07,1,5,1,5.7,Public,0,1,0
P03185,25,F,General practice,2025-07-29,2025-08-07,1,0,0,4.6,Private,0,0,0
P00966,31,M,Diabetes clinic,2025-07-13,2025-08-07,1,7,0,1.3,Private,1,1,0
P02180,12,M,General practice,2025-07-30,2025-08-07,1,0,0,4.9,None,0,0,0
P04938,6,M,Antenatal,2025-07-27,2025-08-07,1,6,1,5.4,None,0,0,0
P01830,12,F,Antenatal,2025-07-30,2025-08-07,0,5,1,8.3,None,0,0,0
P04087,31,F,Physiotherapy,2025-07-18,2025-08-07,1,3,2,9.9,None,0,0,0
P02540,32,F,Antenatal,2025-08-07,2025-08-07,0,1,0,8.3,Public,1,1,0
P00837,24,M,Physiotherapy,2025-07-09,2025-08-07,1,4,0,27.4,Private,0,1,1
P03222,65,M,Antenatal,2025-08-05,2025-08-07,1,5,0,7.4,None,0,0,0
P01523,10,F,Paediatrics,2025-08-03,2025-08-07,1,4,2,8.4,None,0,0,1
P04882,58,F,Antenatal,2025-07-13,2025-08-08,1,3,0,26.4,None,0,0,0
P03434,43,F,General practice,2025-07-31,2025-08-08,0,1,1,5.5,Public,0,0,1
P02737,49,F,General practice,2025-08-03,2025-08-08,1,7,3,4.3,None,1,0,0
P03077,15,F,Eye clinic,2025-08-08,2025-08-08,1,5,1,3.5,Public,0,0,0
P00579,40,M,Antenatal,2025-07-21,2025-08-08,0,2,2,11.8,Private,0,1,1
P00266,42,M,Diabetes clinic,2025-08-04,2025-08-08,1,3,0,7.6,Public,1,0,1
P04618,41,F,Dental,2025-07-27,2025-08-08,1,2,1,7.2,None,0,1,0
P02397,53,F,General practice,2025-08-05,2025-08-08,1,3,1,16.5,None,0,0,0
P00425,46,M,General practice,2025-08-06,2025-08-08,1,3,1,18.1,Public,1,0,0
P03554,17,F,Diabetes clinic,2025-07-12,2025-08-08,1,2,0,10.2,Private,0,1,0
P04252,92,F,Paediatrics,2025-07-24,2025-08-08,1,5,1,13.4,None,0,0,0
P04619,83,M,Eye clinic,2025-08-04,2025-08-08,0,2,0,7.3,None,0,0,0
P03764,58,M,Paediatrics,2025-07-23,2025-08-08,1,1,0,3.1,None,1,0,0
P03955,7,F,Antenatal,2025-08-08,2025-08-08,0,2,0,1.4,Private,0,0,0
P01880,47,M,General practice,2025-08-03,2025-08-08,1,4,1,0.8,None,0,0,0
P04851,31,F,Eye clinic,2025-08-03,2025-08-08,1,4,0,11.2,None,1,1,0
P00810,26,M,General practice,2025-08-05,2025-08-11,0,1,0,3.4,Public,0,0,0
P04720,14,F,Physiotherapy,2025-07-30,2025-08-11,0,3,0,11.7,None,0,1,0
P01471,3,F,Antenatal,2025-07-27,2025-08-11,0,1,0,11.4,Private,0,0,0
P02458,58,F,General practice,2025-07-29,2025-08-11,0,4,0,6.8,Private,0,0,0
P04046,10,M,Physiotherapy,2025-07-15,2025-08-11,0,2,0,17.7,None,0,1,1
P02094,9,M,Physiotherapy,2025-07-25,2025-08-11,1,2,0,2.8,Private,0,0,0
P00528,60,F,Eye clinic,2025-08-09,2025-08-11,1,1,0,10.8,None,0,0,0
P02962,50,F,Dental,2025-08-09,2025-08-11,0,1,0,2.7,None,0,1,0
P03980,22,F,General practice,2025-07-20,2025-08-11,1,3,0,7.1,None,0,1,0
P02662,21,M,Dental,2025-07-20,2025-08-11,0,3,0,15.5,Public,0,0,0
P01771,19,F,Eye clinic,2025-07-26,2025-08-11,1,6,1,2.6,None,0,0,0
P00389,26,F,Paediatrics,2025-05-16,2025-08-11,0,3,0,3.8,Private,0,1,0
P00305,42,F,Paediatrics,2025-07-30,2025-08-11,0,2,1,6.5,Private,0,0,0
P01602,45,M,Diabetes clinic,2025-07-31,2025-08-11,1,2,1,5.4,Private,0,0,0
P03578,72,M,Physiotherapy,2025-07-20,2025-08-11,1,1,0,1.0,Private,1,0,0
P03830,92,M,Eye clinic,2025-07-23,2025-08-11,1,3,0,5.1,None,1,0,0
P00567,50,F,Physiotherapy,2025-07-31,2025-08-11,1,4,0,4.7,None,0,0,0
P01184,26,F,Dental,2025-07-31,2025-08-11,1,1,0,15.7,None,0,0,1
P00798,38,F,General practice,2025-07-29,2025-08-11,1,4,1,0.6,Public,0,0,1
P03726,30,F,General practice,2025-08-08,2025-08-11,1,3,1,14.2,Public,0,1,1
P04841,21,F,Paediatrics,2025-08-01,2025-08-11,0,4,1,5.6,Public,0,0,1
P01213,88,M,General practice,2025-07-31,2025-08-11,0,5,0,9.3,None,1,0,1
P03357,34,M,General practice,2025-08-01,2025-08-11,1,5,0,12.0,Private,0,0,0
P00713,40,M,Diabetes clinic,2025-08-01,2025-08-11,1,0,0,15.2,Public,0,0,0
P01238,92,F,Dental,2025-08-07,2025-08-11,1,2,1,10.0,Public,1,0,0
P02789,21,M,Eye clinic,2025-08-09,2025-08-11,0,4,1,5.3,Public,1,0,0
P00102,39,M,Eye clinic,2025-07-29,2025-08-11,1,4,2,6.7,Public,0,0,0
P04107,16,M,Eye clinic,2025-08-02,2025-08-11,0,1,1,11.3,None,0,1,1
P04891,21,M,General practice,2025-07-18,2025-08-11,1,6,1,20.7,Public,0,1,0
P02875,11,F,General practice,2025-08-08,2025-08-11,0,1,0,8.7,Public,1,1,0
P03048,34,M,General practice,2025-08-08,2025-08-11,1,1,0,20.4,None,0,0,1
P03845,35,F,General practice,2025-07-30,2025-08-11,1,2,0,5.5,None,0,0,0
P04286,34,F,General practice,2025-07-23,2025-08-11,0,3,1,3.3,None,1,1,0
P00665,49,F,Paediatrics,2025-08-03,2025-08-11,0,5,0,2.7,Public,1,0,0
P00690,15,M,General practice,2025-08-04,2025-08-11,0,6,2,10.1,Public,0,0,1
P00773,15,F,Diabetes clinic,2025-07-30,2025-08-11,1,4,2,5.8,Private,1,0,0
P02893,87,F,General practice,2025-07-25,2025-08-11,1,1,0,14.5,None,1,0,0
P04199,21,M,General practice,2025-08-10,2025-08-12,0,3,0,9.0,None,0,0,0
P03358,43,F,Antenatal,2025-07-12,2025-08-12,0,2,1,9.1,None,0,0,1
P02995,81,F,General practice,2025-08-08,2025-08-12,1,2,0,2.3,Public,1,0,0
P03366,18,M,Eye clinic,2025-08-08,2025-08-12,0,2,0,5.5,Public,0,0,1
P02935,50,F,Paediatrics,2025-08-12,2025-08-12,1,4,0,10.0,None,1,1,0
P01423,32,M,General practice,2025-08-10,2025-08-12,0,0,0,2.0,None,0,0,0
P03137,54,M,General practice,2025-08-01,2025-08-12,1,2,1,7.7,None,1,0,0
P04510,86,F,Paediatrics,2025-07-18,2025-08-12,0,2,0,9.9,Public,0,0,0
P02155,27,F,Physiotherapy,2025-07-19,2025-08-12,0,3,0,15.3,None,0,0,0
P04898,10,F,Eye clinic,2025-08-05,2025-08-12,1,2,2,6.0,Public,0,1,1
P03190,34,F,Diabetes clinic,2025-07-06,2025-08-12,1,6,4,8.9,None,0,0,1
P03220,59,F,Dental,2025-08-10,2025-08-12,0,5,0,18.4,Public,0,0,0
P00356,24,F,Paediatrics,2025-08-01,2025-08-12,1,4,0,5.8,None,0,0,0
P01850,52,M,Paediatrics,2025-08-08,2025-08-13,1,5,1,4.9,Private,1,0,0
P01851,26,F,General practice,2025-07-24,2025-08-13,0,2,0,6.6,None,0,0,0
P02178,25,F,Paediatrics,2025-08-05,2025-08-13,1,0,0,1.3,None,0,1,0
P02081,58,M,Diabetes clinic,2025-08-08,2025-08-13,1,4,1,7.6,Public,1,0,0
P04995,41,F,Eye clinic,2025-08-01,2025-08-13,1,1,0,4.1,Private,0,1,0
P02377,29,F,General practice,2025-07-23,2025-08-13,0,3,0,13.3,None,0,1,0
P02204,19,F,Antenatal,2025-07-25,2025-08-13,0,5,1,4.0,Private,0,0,0
P02895,23,F,Antenatal,2025-08-04,2025-08-13,1,1,0,1.7,None,0,1,0
P02276,51,M,General practice,2025-07-12,2025-08-13,0,2,0,6.3,Public,1,0,0
P03388,35,F,Diabetes clinic,2025-08-06,2025-08-13,0,5,1,26.8,None,0,0,1
P02677,26,F,Dental,2025-08-03,2025-08-13,0,1,0,4.2,None,0,0,0
P04515,40,M,Diabetes clinic,2025-08-02,2025-08-13,1,5,1,2.1,Public,0,1,0
P00918,60,F,Dental,2025-08-13,2025-08-13,0,2,0,2.7,None,0,0,0
P01691,54,M,Paediatrics,2025-07-27,2025-08-13,0,3,0,22.9,None,0,0,1
P03952,50,M,General practice,2025-08-09,2025-08-13,0,2,1,2.3,Private,1,1,0
P02465,92,M,General practice,2025-07-31,2025-08-13,0,1,0,9.1,Private,0,0,0
P04243,37,F,Dental,2025-07-20,2025-08-13,1,3,0,4.6,Private,0,1,0
P03247,29,F,General practice,2025-08-03,2025-08-13,1,5,4,9.6,Private,0,0,0
P01484,67,M,Paediatrics,2025-07-12,2025-08-13,1,2,0,15.9,None,1,0,0
P03762,14,M,Antenatal,2025-07-24,2025-08-13,0,1,0,7.4,Public,0,1,1
P02390,13,M,Diabetes clinic,2025-07-24,2025-08-13,1,4,0,19.7,Public,0,1,0
P04455,40,F,Physiotherapy,2025-08-11,2025-08-14,0,2,0,26.9,Private,0,0,0
P00058,34,F,Eye clinic,2025-07-30,2025-08-14,1,4,1,3.4,None,0,1,1
P03163,10,M,General practice,2025-08-05,2025-08-14,1,2,1,6.6,Public,0,1,0
P03082,32,F,Antenatal,2025-08-07,2025-08-14,0,3,1,7.8,Public,0,0,0
P00876,16,F,General practice,2025-07-17,2025-08-14,1,1,0,8.8,Private,0,0,0
P03837,48,M,Paediatrics,2025-07-31,2025-08-14,0,7,0,18.8,Private,0,0,1
P01702,30,M,Paediatrics,2025-08-14,2025-08-14,1,1,1,18.3,Private,0,0,1
P00834,18,F,Paediatrics,2025-07-14,2025-08-14,1,3,0,8.2,Public,0,0,1
P03369,32,F,Paediatrics,2025-08-11,2025-08-14,0,4,0,6.2,Public,0,0,1
P03683,80,M,Dental,2025-08-13,2025-08-14,1,2,1,6.8,None,1,0,0
P01489,28,M,Eye clinic,2025-08-04,2025-08-15,1,1,0,12.9,Public,0,1,1
P03265,11,M,General practice,2025-08-14,2025-08-15,0,2,0,12.7,Public,0,0,0
P03553,7,M,Paediatrics,2025-07-19,2025-08-15,0,2,1,29.5,Private,0,1,1
P02327,50,F,Paediatrics,2025-08-01,2025-08-15,1,0,0,9.2,Public,0,1,0
P01614,41,M,General practice,2025-08-02,2025-08-15,1,2,0,12.6,None,0,1,1
P03012,22,M,General practice,2025-08-10,2025-08-15,1,5,0,15.7,None,0,0,1
P00136,21,M,General practice,2025-07-21,2025-08-15,1,0,0,14.9,Public,0,0,1
P04687,49,F,General practice,2025-08-14,2025-08-15,1,6,0,6.5,Public,0,0,1
P01820,9,M,General practice,2025-08-08,2025-08-15,1,1,0,8.1,None,0,0,0
P02206,14,M,General practice,2025-08-12,2025-08-15,1,2,0,7.2,Private,0,0,0
P00404,19,M,General practice,2025-08-12,2025-08-15,1,1,0,6.3,Private,0,0,0
P04600,11,F,Eye clinic,2025-07-25,2025-08-15,1,4,0,1.4,Public,0,0,0
P00385,24,F,General practice,2025-08-10,2025-08-15,1,1,0,8.1,Private,0,0,0
P03023,14,M,Eye clinic,2025-08-08,2025-08-15,1,1,0,9.1,Private,0,0,0
P04237,71,M,General practice,2025-07-27,2025-08-15,1,1,1,1.4,None,0,0,0
P02112,21,F,Paediatrics,2025-08-06,2025-08-15,1,6,1,2.8,None,0,1,0
P00996,9,F,General practice,2025-08-06,2025-08-15,1,2,0,5.0,Public,0,0,0
P03078,73,M,Paediatrics,2025-07-31,2025-08-18,1,6,2,13.0,,1,0,0
P00745,46,F,Paediatrics,2025-07-22,2025-08-18,1,1,0,11.1,None,0,0,1
P03034,14,F,Paediatrics,2025-07-22,2025-08-18,1,5,0,26.0,None,0,0,0
P01582,35,F,Physiotherapy,2025-07-02,2025-08-18,1,6,3,,Public,0,0,1
P02866,68,M,Antenatal,2025-08-16,2025-08-18,0,4,1,4.9,Public,0,0,0
P00904,55,F,Dental,2025-08-09,2025-08-18,1,7,2,12.5,Private,1,0,1
P03422,51,F,Dental,2025-08-06,2025-08-18,1,0,0,11.4,None,0,0,0
P02850,92,F,Diabetes clinic,2025-08-08,2025-08-18,0,4,1,7.4,Public,1,0,1
P01346,13,F,General practice,2025-07-28,2025-08-18,1,2,0,4.0,Private,0,0,0
P01432,50,F,General practice,2025-08-04,2025-08-18,0,3,0,12.3,Public,1,0,0
P00041,24,F,Antenatal,2025-07-21,2025-08-18,0,4,1,11.4,,1,0,1
P02000,20,F,Antenatal,2025-08-07,2025-08-18,1,2,1,18.6,Private,0,0,0
P01693,79,M,Antenatal,2025-08-10,2025-08-18,1,1,0,,Public,0,0,0
P02554,73,F,Paediatrics,2025-08-05,2025-08-18,0,1,0,9.0,Public,0,0,1
P02315,18,M,Eye clinic,2025-08-14,2025-08-18,1,4,0,1.1,None,0,0,0
P02067,36,F,Antenatal,2025-08-07,2025-08-18,0,5,0,7.1,Public,1,0,0
P03242,8,M,Diabetes clinic,2025-08-12,2025-08-18,0,2,0,5.7,None,0,0,1
P00803,31,F,Paediatrics,2025-08-10,2025-08-18,0,3,0,2.0,None,0,0,0
P04863,51,F,General practice,2025-08-10,2025-08-18,0,1,0,9.7,Public,1,0,0
P03272,68,F,Antenatal,2025-08-14,2025-08-18,0,4,2,3.5,Private,1,0,0
P00540,17,F,General practice,2025-07-29,2025-08-18,0,6,1,26.3,Private,0,0,0
P03807,13,F,General practice,2025-07-30,2025-08-18,0,3,0,25.0,Public,0,0,1
P01773,79,F,Eye clinic,2025-08-16,2025-08-18,1,6,0,28.5,None,1,0,0
P04245,12,M,Antenatal,2025-08-15,2025-08-18,1,4,0,11.1,None,0,1,0
P03461,33,M,Eye clinic,2025-08-04,2025-08-18,0,1,0,8.7,None,0,0,1
P04860,13,F,Physiotherapy,2025-06-24,2025-08-18,1,4,2,7.1,None,0,1,1
P03260,13,M,General practice,2025-08-13,2025-08-18,1,1,1,18.1,Public,1,0,1
P02609,12,F,Paediatrics,2025-08-17,2025-08-18,1,3,1,14.0,Public,0,0,0
P04183,44,F,Antenatal,2025-07-21,2025-08-18,0,2,0,0.5,Public,0,1,0
P01798,43,M,General practice,2025-07-30,2025-08-18,1,1,0,8.7,None,0,0,0
P02485,76,F,Physiotherapy,2025-08-15,2025-08-18,0,2,1,5.9,Public,0,1,0
P02916,23,M,General practice,2025-08-11,2025-08-18,1,2,0,11.6,None,0,0,0
P01743,38,F,Diabetes clinic,2025-08-14,2025-08-18,0,5,2,9.2,None,0,1,1
P04581,10,F,Eye clinic,2025-08-15,2025-08-18,1,2,0,16.8,None,0,0,1
P01425,23,M,General practice,2025-08-11,2025-08-18,0,3,1,3.1,Public,0,0,1
P03203,27,M,Diabetes clinic,2025-08-17,2025-08-18,1,3,2,1.4,None,0,1,0
P04868,16,F,Eye clinic,2025-08-01,2025-08-18,1,6,1,8.9,None,0,1,1
P04004,11,F,Antenatal,2025-08-10,2025-08-18,1,1,1,4.3,Public,1,0,0
P03114,11,M,General practice,2025-07-28,2025-08-18,0,1,0,10.3,None,0,1,0
P04530,36,F,Paediatrics,2025-07-19,2025-08-18,0,2,0,8.4,Private,0,1,1
P00975,11,F,Diabetes clinic,2025-07-21,2025-08-18,1,1,0,13.1,Public,0,0,0
P04424,28,M,Physiotherapy,2025-08-02,2025-08-18,1,1,0,14.3,Public,0,0,0
P03987,25,F,Diabetes clinic,2025-08-12,2025-08-18,1,5,0,3.7,Private,0,0,0
P03664,54,F,Physiotherapy,2025-08-11,2025-08-18,1,3,1,4.9,None,0,0,1
P00699,42,M,General practice,2025-08-13,2025-08-18,1,4,1,10.6,Public,0,0,1
P00442,26,M,General practice,2025-08-05,2025-08-18,1,2,1,19.9,None,0,1,0
P04730,45,F,General practice,2025-08-03,2025-08-18,1,4,1,5.9,Private,0,0,0
P00099,41,M,Paediatrics,2025-07-02,2025-08-18,1,1,0,6.5,Public,0,0,1
P04002,39,F,Eye clinic,2025-08-16,2025-08-18,1,7,1,6.5,Private,1,0,0
P04539,19,F,General practice,2025-08-07,2025-08-18,0,4,1,3.1,Public,1,0,0
P00213,53,M,Diabetes clinic,2025-08-14,2025-08-18,1,3,0,7.9,None,0,0,0
P02090,44,M,Physiotherapy,2025-07-30,2025-08-18,1,1,0,1.0,Private,0,1,0
P01048,23,F,Diabetes clinic,2025-08-15,2025-08-18,0,1,0,5.5,Private,1,0,1
P02426,71,F,Antenatal,2025-08-17,2025-08-18,1,3,0,17.7,Public,0,1,0
P01875,31,M,Dental,2025-08-14,2025-08-18,1,5,2,4.0,None,0,1,0
P04726,37,M,Antenatal,2025-08-12,2025-08-18,1,4,0,0.6,None,0,0,0
P04439,39,M,Dental,2025-08-09,2025-08-18,1,3,0,8.1,Public,0,1,0
P01013,66,F,Dental,2025-08-09,2025-08-18,1,8,0,9.9,Public,1,1,1
P01627,43,F,General practice,2025-08-02,2025-08-18,1,1,0,16.8,None,0,1,0
P04341,81,M,General practice,2025-08-11,2025-08-18,1,5,1,0.3,Public,1,0,0
P00364,70,F,Eye clinic,2025-08-11,2025-08-18,1,4,0,11.3,Public,1,0,0
P00396,19,F,Antenatal,2025-07-23,2025-08-19,1,4,2,15.7,Private,0,1,1
P02247,27,F,Paediatrics,2025-08-17,2025-08-19,1,3,0,9.2,Private,0,1,0
P03264,35,M,Eye clinic,2025-06-17,2025-08-19,1,4,1,16.6,None,0,1,1
P03516,44,M,Dental,2025-08-02,2025-08-19,1,2,0,37.1,Private,0,0,0
P00850,65,M,General practice,2025-08-14,2025-08-19,1,4,0,13.4,Public,0,0,0
P02127,43,F,Physiotherapy,2025-08-06,2025-08-19,0,6,2,18.2,Public,0,0,1
P03556,18,F,Antenatal,2025-08-08,2025-08-19,1,4,1,6.0,Public,0,0,0
P01321,47,F,General practice,2025-07-20,2025-08-19,1,1,0,6.0,None,0,0,0
P03923,41,F,Antenatal,2025-08-17,2025-08-19,0,3,2,22.8,Private,0,0,0
P02612,7,M,Antenatal,2025-08-12,2025-08-19,1,4,0,5.5,Private,0,0,0
P04896,26,F,Dental,2025-08-15,2025-08-19,1,7,1,24.0,None,0,0,0
P00065,38,M,Eye clinic,2025-08-19,2025-08-19,0,6,1,,Public,0,0,0
P01856,58,M,Antenatal,2025-08-01,2025-08-19,1,3,0,5.1,None,1,0,0
P02252,71,M,General practice,2025-08-06,2025-08-19,1,1,0,8.7,None,0,1,0
P04329,25,M,General practice,2025-08-16,2025-08-19,0,2,0,8.8,None,0,0,0
P00712,36,F,Antenatal,2025-08-03,2025-08-19,1,3,1,2.2,None,0,1,1
P03101,4,F,Diabetes clinic,2025-08-05,2025-08-19,1,5,1,10.8,None,0,0,0
P02347,40,F,Diabetes clinic,2025-08-12,2025-08-19,1,4,0,0.5,None,0,0,0
P03064,17,M,General practice,2025-08-08,2025-08-19,0,2,0,8.6,Public,1,0,0
P01504,63,M,Diabetes clinic,2025-08-17,2025-08-19,1,6,2,2.4,None,1,0,0
P04532,17,M,General practice,2025-08-18,2025-08-19,1,4,1,,None,0,0,0
P04914,43,F,Physiotherapy,2025-08-15,2025-08-19,0,5,1,1.2,Public,0,0,0
P04338,17,M,Diabetes clinic,2025-08-19,2025-08-19,0,0,0,11.6,Public,0,0,0
P00557,40,F,Dental,2025-08-15,2025-08-19,1,3,2,8.1,Public,0,0,1
P02542,7,F,Diabetes clinic,2025-08-11,2025-08-19,0,0,0,2.8,Private,0,0,0
P04287,33,M,Antenatal,2025-07-31,2025-08-19,0,0,0,11.4,Public,1,1,0
P03195,29,M,Eye clinic,2025-08-10,2025-08-20,0,6,0,5.1,None,1,0,0
P03806,38,M,Physiotherapy,2025-08-07,2025-08-20,1,5,2,15.4,Public,0,0,1
P01696,69,M,Physiotherapy,2025-08-02,2025-08-20,1,5,1,1.8,None,1,0,0
P03965,34,F,Dental,2025-08-10,2025-08-20,0,6,0,6.1,Private,0,0,0
P03958,26,F,Dental,2025-08-09,2025-08-20,1,3,0,3.3,Private,0,1,0
P02964,38,F,Eye clinic,2025-08-10,2025-08-20,1,1,0,6.4,,0,0,0
P04052,27,F,General practice,2025-08-18,2025-08-20,1,1,0,13.2,None,0,0,0
P00674,66,F,Eye clinic,2025-08-16,2025-08-20,0,4,0,2.9,None,0,1,0
P03127,7,F,Diabetes clinic,2025-08-01,2025-08-20,0,2,1,12.3,None,0,1,1
P04768,50,F,Eye clinic,2025-08-08,2025-08-20,1,2,0,1.7,None,1,1,0
P03506,44,F,General practice,2025-08-13,2025-08-20,0,4,2,,None,0,0,1
P03991,31,M,General practice,2025-08-13,2025-08-20,0,4,2,9.2,None,0,1,1
P01762,6,F,Antenatal,2025-08-13,2025-08-21,0,5,0,2.3,Private,0,0,0
P03312,19,M,General practice,2025-08-05,2025-08-21,0,3,0,11.7,Public,1,0,0
P01512,41,M,Physiotherapy,2025-07-16,2025-08-21,1,3,1,7.9,None,0,0,0
P01001,46,F,Eye clinic,2025-08-20,2025-08-21,1,4,4,2.5,None,0,0,1
P02767,26,M,Antenatal,2025-08-19,2025-08-21,1,3,0,9.1,Public,0,1,0
P04512,33,M,General practice,2025-08-11,2025-08-21,1,2,0,6.8,Private,0,1,0
P04176,30,F,General practice,2025-07-30,2025-08-21,1,1,0,5.4,None,0,1,1
P03859,25,F,Physiotherapy,2025-08-20,2025-08-21,0,3,0,17.5,None,0,1,1
P04244,32,F,General practice,2025-08-14,2025-08-21,1,2,0,31.9,Private,0,0,0
P00708,18,F,General practice,2025-08-18,2025-08-22,1,3,2,5.1,None,0,0,0
P00318,60,M,General practice,2025-08-15,2025-08-22,1,3,0,7.9,None,0,0,1
P02302,35,F,General practice,2025-07-23,2025-08-22,1,2,0,2.9,None,0,0,0
P03745,4,M,Paediatrics,2025-08-14,2025-08-22,0,2,0,11.3,None,0,1,0
P03457,43,F,General practice,2025-08-15,2025-08-22,1,1,0,10.7,None,0,1,0
P00947,52,F,General practice,2025-08-19,2025-08-22,0,5,1,12.8,Public,0,0,0
P03162,44,F,General practice,2025-08-20,2025-08-22,1,3,0,,None,0,0,0
P00287,57,F,Diabetes clinic,2025-08-11,2025-08-22,1,6,1,2.2,None,1,1,0
P03033,82,M,General practice,2025-08-15,2025-08-22,1,5,0,6.6,Public,1,1,0
P02203,11,M,Paediatrics,2025-08-03,2025-08-22,1,2,0,19.4,Public,0,1,1
P02615,42,M,General practice,2025-08-20,2025-08-22,0,2,2,14.8,None,0,0,1
P00454,85,M,General practice,2025-08-18,2025-08-22,1,1,0,2.2,None,0,0,0
P03815,92,F,General practice,2025-08-10,2025-08-22,1,5,2,5.2,Public,1,0,0
P00807,15,F,Antenatal,2025-08-14,2025-08-25,1,1,0,8.4,None,0,0,0
P03911,48,F,Antenatal,2025-08-04,2025-08-25,1,1,0,0.9,Public,0,0,0
P00714,46,F,General practice,2025-08-24,2025-08-25,1,2,0,19.2,Public,0,0,0
P00168,11,F,Eye clinic,2025-08-17,2025-08-25,1,3,2,12.7,None,0,0,0
P01036,7,M,General practice,2025-08-12,2025-08-25,1,3,1,18.9,None,0,0,0
P03440,17,M,Paediatrics,2025-08-22,2025-08-25,1,2,0,8.2,Private,0,1,0
P04335,29,M,Paediatrics,2025-08-14,2025-08-25,1,2,1,10.8,Private,0,0,1
P04980,34,M,General practice,2025-08-08,2025-08-25,0,2,0,20.7,None,0,0,1
P00411,52,M,Physiotherapy,2025-08-19,2025-08-25,1,3,0,1.8,Private,1,1,0
P00280,11,F,Antenatal,2025-07-25,2025-08-25,1,3,0,8.5,Public,1,0,0
P04313,10,M,Antenatal,2025-07-10,2025-08-25,1,5,0,9.1,Private,0,0,0
P02009,34,F,General practice,2025-08-24,2025-08-25,1,7,1,17.7,Public,0,0,0
P01219,67,M,Antenatal,2025-08-09,2025-08-25,1,4,3,7.1,None,1,1,1
P03427,38,F,Dental,2025-08-19,2025-08-25,1,3,0,6.4,None,0,0,0
P00231,52,F,Diabetes clinic,2025-08-18,2025-08-25,1,5,1,4.1,Public,0,0,0
P04652,63,M,Eye clinic,2025-08-16,2025-08-25,1,4,1,9.1,Private,1,0,0
P04322,6,M,Antenatal,2025-08-08,2025-08-25,0,1,1,9.1,Public,0,1,0
P00743,41,M,Eye clinic,2025-08-10,2025-08-25,1,4,0,6.8,Private,0,0,0
P02157,49,F,Diabetes clinic,2025-07-31,2025-08-25,1,0,0,2.4,None,0,1,0
P02056,35,M,General practice,2025-08-22,2025-08-25,0,2,0,5.4,Public,0,0,0
P04588,28,F,Diabetes clinic,2025-07-26,2025-08-25,1,3,0,4.1,Private,0,0,0
P00221,60,F,Antenatal,2025-08-03,2025-08-25,1,5,1,15.0,Public,0,0,0
P00284,74,M,Dental,2025-08-07,2025-08-25,1,5,0,11.8,Private,1,0,0
P03103,13,M,General practice,2025-08-15,2025-08-25,1,3,1,13.0,Public,0,0,1
P00854,32,F,General practice,2025-08-11,2025-08-25,1,2,0,7.2,Public,0,0,0
P03175,28,F,Paediatrics,2025-08-08,2025-08-25,1,4,1,1.8,Private,0,0,0
P04613,18,M,Physiotherapy,2025-07-01,2025-08-25,1,3,0,7.0,None,0,0,1
P04797,30,F,Physiotherapy,2025-08-21,2025-08-25,1,2,0,6.5,None,0,0,0
P01925,74,F,General practice,2025-08-18,2025-08-25,0,4,0,7.4,Public,0,0,0
P04206,26,F,Physiotherapy,2025-08-21,2025-08-25,1,1,0,3.1,Public,1,0,0
P02148,16,M,General practice,2025-07-23,2025-08-25,0,1,0,9.7,Public,0,0,1
P00812,13,F,Eye clinic,2025-08-07,2025-08-25,1,4,1,15.4,None,0,0,1
P04801,38,F,Physiotherapy,2025-08-19,2025-08-25,1,5,2,5.0,Public,0,1,0
P01818,32,M,Antenatal,2025-08-14,2025-08-25,1,2,0,34.2,Private,0,0,0
P03449,38,F,Antenatal,2025-08-06,2025-08-25,0,1,0,20.5,Private,0,0,0
P01532,32,M,Antenatal,2025-08-22,2025-08-25,1,1,0,8.0,Public,0,0,1
P01463,57,F,Eye clinic,2025-08-24,2025-08-25,0,4,0,5.1,Private,1,0,0
P04316,10,F,General practice,2025-08-24,2025-08-26,1,2,1,22.8,None,0,0,1
P04795,46,F,Dental,2025-08-18,2025-08-26,1,4,1,10.7,Public,0,0,1
P02352,24,M,General practice,2025-08-24,2025-08-26,1,0,0,2.6,Public,0,0,0
P03412,55,M,Physiotherapy,2025-08-10,2025-08-26,1,0,0,2.8,None,0,0,1
P03912,30,F,Diabetes clinic,2025-08-19,2025-08-26,1,3,1,0.5,Public,0,0,1
P03184,50,M,Dental,2025-08-17,2025-08-26,1,3,1,15.7,None,0,1,0
P04743,32,M,Paediatrics,2025-08-22,2025-08-26,1,4,1,5.0,Private,0,0,0
P04115,35,F,Diabetes clinic,2025-08-25,2025-08-26,1,2,0,1.1,Public,0,0,0
P02852,48,M,Paediatrics,2025-08-20,2025-08-26,0,0,0,7.1,None,1,0,0
P03301,23,M,Paediatrics,2025-08-04,2025-08-26,0,5,0,2.6,Private,0,0,0
P04864,59,M,Physiotherapy,2025-08-04,2025-08-26,1,3,1,6.8,Private,0,0,0
P02910,12,M,General practice,2025-08-21,2025-08-26,0,4,1,6.8,None,0,1,0
P03954,9,F,Paediatrics,2025-08-13,2025-08-27,1,3,2,8.5,Public,0,0,1
P04142,46,M,Dental,2025-08-18,2025-08-27,0,1,0,12.6,Private,0,1,1
P02813,19,F,General practice,2025-08-09,2025-08-27,0,1,0,2.0,None,0,0,0
P01195,15,M,General practice,2025-08-17,2025-08-27,1,3,0,7.4,None,0,0,0
P01986,26,F,General practice,2025-08-05,2025-08-27,1,3,0,13.6,None,1,0,0
P03091,48,M,General practice,2025-08-02,2025-08-27,1,2,0,13.8,None,0,1,0
P01888,51,M,Paediatrics,2025-08-18,2025-08-27,0,1,0,4.8,Public,1,0,0
P02151,92,F,Eye clinic,2025-08-03,2025-08-27,1,4,0,5.3,None,1,0,0
P01082,16,M,Antenatal,2025-08-04,2025-08-27,0,3,1,5.2,Public,0,0,1
P04284,33,F,General practice,2025-08-23,2025-08-27,1,2,0,12.7,Public,0,0,1
P00020,40,F,Diabetes clinic,2025-08-26,2025-08-27,1,2,1,,None,0,0,0
P04105,30,M,General practice,2025-08-11,2025-08-28,1,1,0,4.3,None,0,0,0
P00148,4,M,General practice,2025-08-21,2025-08-28,1,3,0,2.8,None,0,0,0
P00031,31,M,Dental,2025-08-22,2025-08-28,0,1,0,6.3,Public,0,0,0
P01842,12,F,General practice,2025-08-16,2025-08-28,1,4,1,8.6,None,0,0,0
P03377,35,F,General practice,2025-07-24,2025-08-28,1,5,0,12.2,Public,1,0,0
P00319,32,F,General practice,2025-08-20,2025-08-28,1,2,0,12.4,None,1,1,0
P02328,37,F,General practice,2025-08-14,2025-08-28,1,1,0,23.0,Public,0,0,0
P03848,38,F,Antenatal,2025-08-28,2025-08-28,1,4,2,5.6,Public,0,0,0
P01107,51,F,Antenatal,2025-07-30,2025-08-28,1,3,1,23.6,Public,1,1,0
P02679,33,M,General practice,2025-08-25,2025-08-28,0,3,0,12.9,Public,0,0,1
P02828,65,M,Physiotherapy,2025-07-29,2025-08-28,1,5,0,27.9,Public,1,0,1
P01997,25,M,Paediatrics,2025-08-11,2025-08-28,0,2,0,,Public,0,0,0
P00555,11,F,Eye clinic,2025-08-02,2025-08-28,1,5,0,7.9,Public,0,0,0
P00826,39,F,Diabetes clinic,2025-08-21,2025-08-28,1,3,1,6.6,Public,0,0,1
P01322,30,F,Paediatrics,2025-08-22,2025-08-29,0,2,0,12.4,None,0,1,1
P03977,71,M,General practice,2025-08-19,2025-08-29,0,1,0,1.8,Private,1,0,0
P02269,47,M,Dental,2025-08-16,2025-08-29,0,4,0,8.2,Private,0,0,0
P00436,21,F,Physiotherapy,2025-08-26,2025-08-29,0,2,0,2.0,None,0,0,0
P00022,12,M,Physiotherapy,2025-08-20,2025-08-29,1,3,0,3.4,Public,0,1,0
P01956,32,M,General practice,2025-08-13,2025-08-29,0,3,1,4.5,Public,0,0,0
P01474,72,F,Physiotherapy,2025-08-16,2025-08-29,0,3,1,3.5,None,1,0,1
P03862,35,F,Physiotherapy,2025-08-26,2025-08-29,1,2,1,8.1,Public,0,1,1
P01520,29,F,General practice,2025-08-22,2025-08-29,1,2,0,1.8,Private,0,0,0
P00222,53,M,Dental,2025-08-02,2025-08-29,0,1,0,5.0,Public,1,1,0
P00162,47,F,General practice,2025-07-29,2025-08-29,1,1,1,3.4,Public,1,1,1
P04078,31,F,Eye clinic,2025-08-24,2025-08-29,1,3,0,4.3,None,0,0,0
P01833,19,F,Antenatal,2025-08-23,2025-08-29,0,6,0,8.3,Private,0,0,0
P00886,12,F,General practice,2025-08-26,2025-08-29,1,2,0,10.3,Public,1,0,0
P01317,31,F,Eye clinic,2025-08-15,2025-09-01,0,2,0,14.3,Public,0,0,0
P02470,40,F,General practice,2025-08-03,2025-09-01,1,5,1,8.6,None,0,0,0
P02626,12,M,Antenatal,2025-08-17,2025-09-01,0,5,4,3.9,None,0,1,1
P00610,8,F,Paediatrics,2025-08-14,2025-09-01,1,5,0,1.8,None,0,1,0
P00481,13,M,Antenatal,2025-08-01,2025-09-01,0,4,1,17.5,Public,0,0,1
P04639,57,F,Physiotherapy,2025-08-27,2025-09-01,0,2,0,5.9,Public,0,1,1
P01990,33,F,Antenatal,2025-08-21,2025-09-01,0,5,0,13.0,None,0,0,0
P03491,22,F,General practice,2025-08-31,2025-09-01,0,2,0,10.9,Public,0,1,0
P01275,80,F,General practice,2025-08-26,2025-09-01,1,2,0,12.4,None,0,0,0
P02464,17,M,General practice,2025-08-30,2025-09-01,0,2,1,9.2,Public,0,0,0
P03526,84,M,Eye clinic,2025-08-22,2025-09-01,1,1,1,8.8,Public,1,1,1
P01408,11,F,Dental,2025-08-23,2025-09-01,0,3,2,8.8,Public,0,0,1
P02146,38,F,Dental,2025-08-22,2025-09-01,0,6,1,11.9,Public,0,0,1
P00384,57,M,General practice,2025-09-01,2025-09-01,0,3,1,16.5,None,0,1,0
P01319,15,F,Diabetes clinic,2025-08-28,2025-09-01,1,3,0,5.3,Public,0,0,0
P02527,32,M,Diabetes clinic,2025-08-15,2025-09-01,1,3,0,17.8,Public,1,0,0
P01344,48,M,General practice,2025-08-08,2025-09-01,0,3,1,6.6,Private,0,0,1
P03408,31,M,General practice,2025-08-29,2025-09-01,1,1,0,9.4,Private,1,1,0
P04766,23,F,Eye clinic,2025-08-19,2025-09-01,1,5,0,16.0,Public,0,0,0
P00502,37,F,Paediatrics,2025-08-29,2025-09-01,1,3,1,5.9,Private,1,0,1
P03514,26,F,Eye clinic,2025-08-25,2025-09-01,0,2,1,19.0,None,1,0,0
P01262,24,F,General practice,2025-08-29,2025-09-01,1,3,1,3.6,Public,0,1,0
P03325,17,F,Antenatal,2025-08-19,2025-09-01,0,4,1,5.0,Public,0,0,0
P00748,35,F,General practice,2025-08-01,2025-09-01,0,3,1,18.0,Public,1,1,1
P00751,30,M,General practice,2025-08-02,2025-09-01,1,5,1,2.5,None,0,0,1
P02883,28,M,Physiotherapy,2025-08-10,2025-09-01,1,1,0,1.0,Private,0,0,0
P00248,19,M,Paediatrics,2025-08-24,2025-09-01,1,1,1,12.9,Public,0,0,1
P00767,21,M,General practice,2025-08-26,2025-09-01,1,3,0,9.8,None,0,0,1
P02931,40,F,General practice,2025-08-11,2025-09-01,1,4,0,1.2,None,0,0,0
P02949,20,M,Antenatal,2025-08-08,2025-09-01,1,0,0,7.0,Public,0,0,0
P04213,53,F,General practice,2025-08-23,2025-09-01,1,1,0,12.9,Public,1,0,0
P02966,70,F,General practice,2025-08-19,2025-09-01,1,2,0,4.2,Private,0,1,0
P04200,20,M,Dental,2025-08-13,2025-09-01,1,3,0,15.8,Private,0,0,0
P01128,30,F,Dental,2025-08-28,2025-09-01,1,3,0,8.4,Public,0,1,1
P00147,30,F,Eye clinic,2025-08-28,2025-09-01,0,0,0,13.3,Public,0,0,0
P04188,26,F,Paediatrics,2025-08-30,2025-09-01,1,3,0,8.8,Public,0,0,0
P00839,53,F,General practice,2025-08-26,2025-09-01,0,3,0,5.7,Public,0,0,0
P01090,62,F,Diabetes clinic,2025-08-12,2025-09-01,0,3,1,7.8,None,0,0,1
P03055,12,F,General practice,2025-07-15,2025-09-01,1,5,2,9.6,None,0,0,0
P04085,77,M,Diabetes clinic,2025-08-14,2025-09-01,1,4,1,2.7,Private,1,0,0
P03186,56,F,Antenatal,2025-08-29,2025-09-01,1,1,0,2.1,Public,0,0,0
P04034,32,F,Paediatrics,2025-08-30,2025-09-01,1,2,0,3.8,Public,0,0,0
P00047,45,M,Diabetes clinic,2025-08-30,2025-09-01,1,1,0,4.6,Public,0,0,0
P00328,28,F,Dental,2025-08-22,2025-09-01,1,5,1,5.8,Public,0,0,0
P04312,18,F,Diabetes clinic,2025-08-26,2025-09-01,0,3,2,4.4,None,0,0,0
P01161,12,M,Diabetes clinic,2025-08-15,2025-09-01,1,2,0,25.6,None,0,0,1
P00681,26,M,General practice,2025-08-27,2025-09-01,1,4,3,19.5,Private,0,1,1
P04963,20,M,Eye clinic,2025-08-16,2025-09-01,1,3,0,7.4,None,0,0,0
P01912,29,F,General practice,2025-08-23,2025-09-01,0,1,0,3.2,Private,0,0,0
P00663,22,F,Antenatal,2025-08-06,2025-09-01,1,2,1,10.0,Private,0,1,1
P00652,15,F,Paediatrics,2025-08-24,2025-09-01,1,4,1,7.4,None,0,0,0
P00002,31,M,Physiotherapy,2025-08-14,2025-09-01,1,3,0,0.8,Public,0,1,0
P03692,56,M,Eye clinic,2025-08-26,2025-09-01,1,2,1,8.5,Private,1,1,1
P04756,27,F,General practice,2025-08-04,2025-09-02,0,6,1,7.5,None,0,0,1
P04822,9,M,General practice,2025-08-23,2025-09-02,1,4,1,17.0,Public,0,0,1
P03621,31,F,Diabetes clinic,2025-08-21,2025-09-02,0,3,2,4.6,Public,1,0,0
P02181,67,F,Diabetes clinic,2025-08-27,2025-09-02,0,2,0,9.5,Public,0,0,0
P02323,7,M,Eye clinic,2025-07-30,2025-09-02,1,4,0,2.8,Public,0,1,0
P01314,46,F,Eye clinic,2025-08-30,2025-09-02,1,1,1,10.7,None,0,0,1
P02013,17,F,General practice,2025-08-07,2025-09-02,0,1,0,3.2,None,0,1,0
P00267,77,M,General practice,2025-08-31,2025-09-02,1,1,0,8.1,Public,0,0,0
P04885,57,F,Diabetes clinic,2025-08-17,2025-09-02,1,3,1,28.0,Public,0,0,1
P01450,26,F,Dental,2025-08-27,2025-09-02,0,3,0,20.1,None,0,0,0
P03777,8,M,Eye clinic,2025-08-23,2025-09-02,1,1,1,14.5,Private,0,0,1
P00474,28,F,Physiotherapy,2025-08-29,2025-09-02,1,2,0,0.3,Public,1,1,0
P01447,44,M,General practice,2025-08-28,2025-09-02,0,1,0,14.3,None,0,0,0
P03134,21,F,Paediatrics,2025-08-21,2025-09-02,1,1,0,9.9,Private,0,0,1
P04560,20,M,General practice,2025-08-09,2025-09-02,0,5,1,8.9,Public,0,0,1
P02085,31,M,General practice,2025-08-17,2025-09-02,0,5,0,13.9,Private,0,0,0
P02093,24,M,General practice,2025-08-30,2025-09-02,0,2,0,5.4,Public,0,0,0
P00753,51,F,Physiotherapy,2025-08-27,2025-09-02,1,2,0,15.7,Public,0,0,0
P03130,42,M,Dental,2025-08-27,2025-09-03,1,3,1,2.6,None,0,0,1
P00196,14,F,Physiotherapy,2025-08-02,2025-09-03,1,4,1,7.4,Private,0,0,0
P01768,35,M,General practice,2025-07-27,2025-09-03,1,7,2,15.5,Public,0,1,0
P00350,71,F,Eye clinic,2025-08-24,2025-09-03,0,1,0,7.9,Private,0,0,0
P00932,18,F,Diabetes clinic,2025-09-01,2025-09-03,1,3,0,13.4,None,0,0,0
P03347,84,M,Diabetes clinic,2025-08-28,2025-09-03,0,4,1,4.0,,1,0,0
P02664,33,M,Paediatrics,2025-08-23,2025-09-03,1,1,1,27.2,None,0,0,1
P01503,63,F,General practice,2025-08-24,2025-09-03,1,2,0,3.2,Private,0,1,0
P03350,5,F,General practice,2025-07-31,2025-09-03,0,4,1,14.9,None,0,0,0
P01203,53,F,General practice,2025-08-20,2025-09-03,1,2,0,3.3,Public,1,0,0
P02634,11,M,General practice,2025-08-29,2025-09-03,1,2,1,1.7,None,0,1,1
P01516,7,F,Diabetes clinic,2025-08-30,2025-09-03,0,1,0,0.5,Private,0,1,0
P01817,55,F,General practice,2025-08-27,2025-09-04,1,2,2,31.5,None,1,1,1
P03233,39,F,Eye clinic,2025-08-20,2025-09-04,0,0,0,18.4,Public,0,1,0
P01583,40,F,General practice,2025-08-25,2025-09-04,0,3,0,1.4,Private,0,0,0
P01509,51,M,Antenatal,2025-08-23,2025-09-04,1,2,0,6.3,Public,0,0,0
P04992,22,F,Diabetes clinic,2025-08-10,2025-09-04,1,4,0,,Public,0,0,0
P03218,30,F,General practice,2025-08-28,2025-09-04,1,3,0,6.9,Private,0,1,0
P04561,92,M,Paediatrics,2025-07-25,2025-09-04,0,3,0,7.7,Public,1,0,1
P01439,30,F,General practice,2025-08-13,2025-09-04,1,1,1,3.5,None,0,1,0
P04102,64,M,Antenatal,2025-08-25,2025-09-04,1,3,1,1.7,None,0,0,1
P02851,35,M,Diabetes clinic,2025-08-26,2025-09-04,0,1,0,4.5,None,1,0,0
P04319,25,M,Dental,2025-08-17,2025-09-04,1,2,1,6.1,Public,0,0,1
P04962,24,F,Dental,2025-09-03,2025-09-04,0,2,1,6.8,Public,1,0,1
P04151,20,M,Dental,2025-09-04,2025-09-04,1,5,1,4.9,Public,0,0,0
P01280,8,M,Dental,2025-09-04,2025-09-05,1,8,2,3.0,Public,0,0,0
P04675,10,F,Dental,2025-09-02,2025-09-05,0,4,1,8.6,None,0,0,0
P03886,27,M,Eye clinic,2025-08-24,2025-09-05,1,3,0,5.2,Private,0,0,1
P04418,13,M,Physiotherapy,2025-09-05,2025-09-05,1,1,1,9.9,None,0,0,1
P03129,56,F,General practice,2025-08-27,2025-09-05,1,2,0,10.1,Private,0,1,0
P02423,13,M,Antenatal,2025-09-04,2025-09-05,1,6,0,14.6,Private,0,1,0
P00051,14,M,Paediatrics,2025-09-04,2025-09-05,1,3,1,9.8,Private,0,0,0
P00497,38,M,Eye clinic,2025-08-24,2025-09-05,0,5,1,17.0,Public,0,0,1
P03644,10,F,General practice,2025-08-13,2025-09-05,0,1,0,8.0,Private,0,1,0
P01751,92,M,General practice,2025-09-02,2025-09-05,1,3,0,5.5,Private,1,1,0
P04970,17,F,Eye clinic,2025-07-30,2025-09-05,0,3,2,20.8,Public,0,1,1
P01823,54,F,Dental,2025-08-09,2025-09-05,0,0,0,0.9,Public,0,0,0
P03778,55,F,Diabetes clinic,2025-08-27,2025-09-05,0,5,1,5.7,None,0,0,1
P04315,7,F,Antenatal,2025-08-28,2025-09-08,1,0,0,16.3,Public,1,0,0
P01003,34,F,Dental,2025-08-16,2025-09-08,0,3,2,4.7,Private,0,0,1
P00639,35,M,Eye clinic,2025-08-21,2025-09-08,1,3,1,2.8,None,0,0,0
P04916,46,F,General practice,2025-09-04,2025-09-08,0,4,2,1.3,None,0,1,0
P00165,6,F,Diabetes clinic,2025-09-01,2025-09-08,1,3,1,15.4,Private,0,0,0
P01033,22,M,General practice,2025-09-05,2025-09-08,1,4,1,7.3,None,0,1,1
P00829,46,F,General practice,2025-08-29,2025-09-08,1,2,0,8.0,Private,1,1,0
P02277,64,M,Dental,2025-07-31,2025-09-08,0,3,2,5.3,Private,1,0,0
P00281,40,M,Diabetes clinic,2025-08-27,2025-09-08,1,4,1,8.8,Public,0,1,0
P00940,15,M,General practice,2025-09-02,2025-09-08,1,0,0,9.9,None,0,0,0
P03690,64,M,Physiotherapy,2025-08-29,2025-09-08,1,2,1,10.3,None,1,1,0
P04283,14,F,Eye clinic,2025-09-03,2025-09-08,0,3,0,17.7,Public,0,0,0
P04082,26,M,Physiotherapy,2025-07-27,2025-09-08,0,2,0,7.9,None,0,0,1
P00832,50,M,General practice,2025-07-17,2025-09-08,1,5,1,14.2,Public,1,0,0
P00526,15,F,Diabetes clinic,2025-08-07,2025-09-08,0,1,0,9.3,None,0,0,0
P04390,35,F,Eye clinic,2025-08-22,2025-09-08,0,6,3,27.3,Private,0,0,1
P04103,28,F,Antenatal,2025-08-31,2025-09-08,0,3,0,6.2,None,0,1,0
P04179,47,F,Eye clinic,2025-09-03,2025-09-08,0,6,0,1.2,None,0,0,1
P00179,20,F,Diabetes clinic,2025-08-31,2025-09-08,0,2,0,20.3,None,0,1,0
P00388,24,F,Antenatal,2025-08-17,2025-09-08,1,1,0,9.7,None,0,0,0
P04662,40,M,Dental,2025-09-04,2025-09-08,1,2,0,16.4,None,0,1,0
P00906,56,M,Paediatrics,2025-08-22,2025-09-08,0,4,2,0.3,Public,0,0,1
P04606,16,M,Eye clinic,2025-08-23,2025-09-08,0,1,1,14.7,None,0,0,1
P04165,24,F,Dental,2025-09-05,2025-09-08,0,3,1,0.8,None,0,0,1
P00789,44,F,General practice,2025-07-13,2025-09-08,1,2,1,5.7,Public,1,1,1
P00184,38,F,Paediatrics,2025-09-04,2025-09-08,1,0,0,10.5,Public,0,1,0
P01096,46,M,Paediatrics,2025-09-02,2025-09-08,0,2,1,6.3,None,0,0,0
P00870,24,M,Antenatal,2025-09-06,2025-09-08,1,7,0,11.6,None,0,0,1
P00161,37,F,Dental,2025-09-04,2025-09-08,1,2,0,30.9,None,0,0,0
P01265,11,F,Eye clinic,2025-08-02,2025-09-08,0,3,0,4.6,None,0,0,1
P03320,16,F,Antenatal,2025-08-16,2025-09-08,1,1,0,16.4,Private,0,1,1
P02318,29,F,Antenatal,2025-08-01,2025-09-08,1,6,1,3.2,Public,1,0,1
P01694,73,F,Antenatal,2025-08-05,2025-09-08,0,4,2,1.8,Private,0,1,1
P02581,26,M,Antenatal,2025-06-11,2025-09-08,1,4,1,23.5,Private,0,0,1
P03050,51,F,Diabetes clinic,2025-08-25,2025-09-08,1,0,0,6.5,None,1,0,0
P01570,6,F,Physiotherapy,2025-08-28,2025-09-08,1,1,0,7.7,Private,0,1,0
P02416,28,M,Eye clinic,2025-09-03,2025-09-08,1,5,1,2.3,Private,0,0,1
P01900,10,F,General practice,2025-08-30,2025-09-08,0,2,0,7.8,None,1,1,0
P03210,22,F,General practice,2025-08-19,2025-09-08,1,6,0,5.5,Public,0,0,0
P02711,62,M,Diabetes clinic,2025-08-30,2025-09-08,0,2,0,14.7,Public,1,0,1
P00127,17,F,General practice,2025-09-05,2025-09-08,0,5,0,5.0,None,0,0,1
P02958,21,F,Paediatrics,2025-08-30,2025-09-08,0,3,1,23.9,Public,1,1,0
P01638,20,M,Eye clinic,2025-09-03,2025-09-08,1,1,0,11.7,None,0,0,0
P02872,3,F,General practice,2025-09-03,2025-09-08,1,1,0,9.4,Private,0,0,0
P01621,29,F,Physiotherapy,2025-09-02,2025-09-08,1,4,1,2.4,Public,1,0,0
P01783,24,F,General practice,2025-08-26,2025-09-08,0,3,2,7.8,None,0,0,1
P03469,60,F,Diabetes clinic,2025-08-30,2025-09-08,1,1,0,3.5,Public,0,1,0
P02338,30,F,Eye clinic,2025-08-29,2025-09-08,0,2,0,13.9,Private,0,0,0
P01844,14,F,Diabetes clinic,2025-09-02,2025-09-08,1,2,1,7.0,Public,0,1,0
P03820,49,M,Eye clinic,2025-08-25,2025-09-09,1,4,0,6.2,Private,0,0,0
P03824,57,F,Paediatrics,2025-08-18,2025-09-09,1,3,1,11.5,Private,1,1,0
P02452,27,F,General practice,2025-09-05,2025-09-09,1,8,1,6.3,Private,0,0,0
P02574,22,M,Diabetes clinic,2025-08-13,2025-09-09,1,5,0,15.4,Public,0,1,0
P01943,19,M,Paediatrics,2025-08-28,2025-09-09,0,2,0,8.1,None,0,0,0
P00851,41,M,General practice,2025-08-26,2025-09-09,0,3,0,21.5,Private,0,1,1
P00878,64,F,General practice,2025-08-17,2025-09-09,1,2,1,15.5,Public,0,0,0
P04153,30,F,Dental,2025-08-30,2025-09-09,0,1,0,2.5,Private,0,1,0
P00905,33,F,General practice,2025-09-06,2025-09-09,1,2,0,13.0,Public,0,1,1
P02919,13,F,Paediatrics,2025-08-30,2025-09-09,1,6,2,,Public,0,0,0
P04724,29,M,Antenatal,2025-08-31,2025-09-09,1,5,2,7.8,Private,0,0,0
P03624,25,M,Antenatal,2025-08-18,2025-09-09,1,4,0,6.5,Private,0,0,0
P02705,45,F,General practice,2025-09-01,2025-09-09,1,4,0,7.0,None,1,0,0
P04323,42,F,General practice,2025-09-04,2025-09-09,1,2,0,4.6,Public,0,0,0
P03816,6,F,General practice,2025-08-31,2025-09-09,0,5,2,6.4,Public,0,0,1
P02194,51,F,Diabetes clinic,2025-08-30,2025-09-09,1,2,1,2.7,Public,0,0,0
P00260,41,F,Physiotherapy,2025-08-31,2025-09-10,1,5,0,4.0,None,0,0,0
P02861,44,M,Eye clinic,2025-08-22,2025-09-10,1,1,0,3.2,None,0,0,0
P02429,29,M,General practice,2025-09-08,2025-09-10,1,4,0,7.2,None,0,0,1
P03712,52,M,Antenatal,2025-09-02,2025-09-10,1,1,0,1.9,None,1,0,0
P01229,22,F,Eye clinic,2025-09-07,2025-09-10,1,3,1,3.4,Public,0,1,0
P03775,66,F,Paediatrics,2025-08-28,2025-09-10,1,4,1,12.6,Private,1,0,0
P02702,25,F,General practice,2025-07-18,2025-09-10,0,0,0,4.1,None,0,0,1
P02043,92,M,Eye clinic,2025-09-06,2025-09-10,0,5,0,4.3,Public,1,0,1
P04499,38,F,Antenatal,2025-08-29,2025-09-10,1,2,0,9.7,Public,0,1,0
P04611,39,F,Paediatrics,2025-08-21,2025-09-10,0,2,1,4.3,None,0,0,1
P03959,62,M,Dental,2025-09-02,2025-09-10,1,3,0,15.1,Private,1,0,1
P02954,36,M,Physiotherapy,2025-08-13,2025-09-10,1,3,1,4.3,Private,0,0,0
P01010,38,F,Antenatal,2025-09-10,2025-09-10,1,3,1,7.6,None,0,0,0
P00144,42,F,General practice,2025-09-05,2025-09-10,0,4,1,8.3,Public,0,0,0
P02307,32,M,General practice,2025-08-27,2025-09-10,1,7,2,1.7,Public,0,1,0
P04646,32,F,Antenatal,2025-08-15,2025-09-10,1,4,2,0.9,None,0,1,0
P03164,13,M,Diabetes clinic,2025-09-05,2025-09-11,0,5,1,9.5,Private,0,0,0
P02001,25,M,Dental,2025-08-13,2025-09-11,0,3,2,7.9,None,0,0,1
P00601,77,M,Paediatrics,2025-08-17,2025-09-11,0,8,1,6.0,None,1,0,0
P01610,14,F,Eye clinic,2025-08-23,2025-09-11,1,4,1,5.3,None,0,1,0
P02648,36,M,General practice,2025-09-07,2025-09-11,1,1,0,16.6,None,0,1,0
P04870,56,F,Paediatrics,2025-08-02,2025-09-11,1,1,0,4.7,None,0,0,0
P02787,20,F,Paediatrics,2025-09-06,2025-09-11,0,1,0,7.4,Private,1,1,0
P03870,64,F,Antenatal,2025-08-12,2025-09-11,0,5,0,1.8,Private,0,0,1
P00129,41,F,General practice,2025-09-07,2025-09-11,1,4,1,7.1,None,0,0,1
P00970,9,F,Antenatal,2025-09-03,2025-09-11,0,6,1,5.6,Public,0,0,1
P02444,44,F,Antenatal,2025-07-30,2025-09-11,1,1,1,9.9,None,1,0,1
P03474,43,M,General practice,2025-08-30,2025-09-11,1,2,0,4.2,Private,0,1,0
P03453,30,M,General practice,2025-09-09,2025-09-11,0,1,1,6.1,None,1,0,1
P03022,41,F,Dental,2025-09-09,2025-09-12,1,4,0,7.5,Private,0,0,0
P03999,25,F,General practice,2025-09-04,2025-09-12,1,3,0,10.5,Public,0,1,1
P03620,36,M,Eye clinic,2025-09-03,2025-09-12,1,2,2,7.3,Private,0,0,1
P04610,58,M,General practice,2025-09-09,2025-09-12,1,4,1,3.5,Private,1,0,0
P02061,18,F,Physiotherapy,2025-08-27,2025-09-12,1,2,1,10.8,None,1,0,1
P01676,21,F,Physiotherapy,2025-09-04,2025-09-12,0,3,2,8.5,None,0,0,1
P00801,28,F,Diabetes clinic,2025-08-30,2025-09-12,1,4,1,7.2,Public,0,0,1
P00782,39,F,Diabetes clinic,2025-08-24,2025-09-12,1,2,1,18.1,Public,0,1,1
P04233,19,F,Paediatrics,2025-08-25,2025-09-12,1,3,0,15.3,Private,0,0,0
P04967,65,F,General practice,2025-09-09,2025-09-12,0,1,0,6.2,Public,1,0,0
P01401,27,F,General practice,2025-09-06,2025-09-15,0,0,0,15.4,Private,0,0,1
P00917,18,M,Diabetes clinic,2025-09-10,2025-09-15,1,1,1,3.3,Private,0,1,1
P01899,17,F,General practice,2025-08-24,2025-09-15,0,4,1,6.0,Public,0,0,1
P04770,33,F,Diabetes clinic,2025-08-07,2025-09-15,0,5,0,11.3,Private,0,0,0
P03010,23,F,Physiotherapy,2025-09-02,2025-09-15,1,3,1,5.1,None,0,1,1
P01733,44,F,Diabetes clinic,2025-09-05,2025-09-15,1,2,1,31.2,Public,0,0,0
P04531,23,F,Dental,2025-08-23,2025-09-15,1,5,1,7.9,None,0,1,1
P03715,11,M,Antenatal,2025-08-31,2025-09-15,1,4,1,12.3,Private,0,1,0
P03560,8,F,Eye clinic,2025-09-05,2025-09-15,1,1,0,6.0,None,0,0,0
P03058,53,F,Paediatrics,2025-08-21,2025-09-15,1,1,0,14.8,None,0,1,1
P00716,33,F,Eye clinic,2025-09-02,2025-09-15,1,2,0,19.4,Public,0,1,0
P03943,69,F,Paediatrics,2025-09-12,2025-09-15,1,2,0,9.7,None,1,1,0
P04336,37,M,Diabetes clinic,2025-08-14,2025-09-15,1,1,0,5.5,Public,1,0,1
P03143,13,M,General practice,2025-08-21,2025-09-15,1,1,0,5.8,Private,0,0,1
P01964,47,F,Eye clinic,2025-09-13,2025-09-15,1,3,0,9.5,None,0,1,0
P00157,11,M,General practice,2025-09-10,2025-09-15,1,1,1,7.3,None,0,0,0
P00326,30,M,Antenatal,2025-09-11,2025-09-15,1,4,1,16.7,None,0,1,1
P03159,32,M,Dental,2025-09-09,2025-09-15,1,2,0,14.4,Public,0,1,1
P01407,28,F,Antenatal,2025-08-20,2025-09-15,1,1,1,25.1,None,0,0,1
P03152,79,F,Paediatrics,2025-09-06,2025-09-15,0,3,0,2.5,Public,1,1,0
P00323,46,M,Eye clinic,2025-09-12,2025-09-15,1,1,0,5.8,Public,0,0,0
P04557,21,M,General practice,2025-08-29,2025-09-15,1,6,0,5.5,Public,0,0,1
P04750,25,F,General practice,2025-09-15,2025-09-15,1,3,2,2.7,None,0,1,1
P04593,50,F,Eye clinic,2025-07-27,2025-09-15,1,4,0,15.5,Public,0,0,0
P03827,39,M,Dental,2025-09-06,2025-09-15,1,6,0,11.4,Private,0,0,0
P02572,21,F,General practice,2025-08-19,2025-09-15,0,5,2,5.9,None,0,1,0
P01076,73,F,Antenatal,2025-09-08,2025-09-15,0,3,1,11.3,None,0,0,1
P00971,42,M,Physiotherapy,2025-09-13,2025-09-15,1,2,0,2.7,Private,0,1,0
P03548,29,F,Paediatrics,2025-08-03,2025-09-15,1,3,0,3.6,None,0,1,0
P01069,14,M,Antenatal,2025-09-07,2025-09-15,0,3,1,13.2,None,0,1,0
P00818,15,F,General practice,2025-09-07,2025-09-15,1,1,0,3.8,Public,0,1,0
P03194,20,M,Eye clinic,2025-08-26,2025-09-15,1,2,1,5.3,Private,0,1,1
P03205,21,F,Antenatal,2025-09-05,2025-09-15,0,5,1,1.4,Public,0,0,1
P01631,25,F,Physiotherapy,2025-09-10,2025-09-15,1,2,0,5.2,Public,1,1,0
P02544,36,M,Paediatrics,2025-08-31,2025-09-15,0,2,0,1.3,Public,0,0,0
P04231,23,F,Physiotherapy,2025-09-02,2025-09-15,1,4,1,7.3,None,0,0,1
P03283,52,M,General practice,2025-09-10,2025-09-15,0,1,0,3.8,Public,1,1,1
P01192,25,M,Paediatrics,2025-09-05,2025-09-15,1,1,1,17.1,Public,0,0,1
P01194,5,F,Paediatrics,2025-08-03,2025-09-15,0,3,0,1.6,None,0,0,0
P04388,7,F,Antenatal,2025-08-30,2025-09-15,0,3,0,17.7,None,0,0,0
P03598,80,F,Paediatrics,2025-09-03,2025-09-15,1,0,0,11.8,Private,1,0,0
P02559,92,F,General practice,2025-09-06,2025-09-16,1,4,2,13.2,Public,0,1,0
P02079,64,M,General practice,2025-09-11,2025-09-16,0,4,0,11.2,Public,0,0,0
P00209,7,M,Paediatrics,2025-09-08,2025-09-16,1,1,0,5.7,None,0,1,0
P02096,43,F,Paediatrics,2025-09-07,2025-09-16,0,2,0,6.3,Public,0,0,0
P04399,16,F,General practice,2025-09-15,2025-09-16,1,3,1,9.1,None,0,1,1
P02037,32,M,Antenatal,2025-09-05,2025-09-16,1,3,1,2.9,None,0,0,0
P02955,92,M,Physiotherapy,2025-09-06,2025-09-16,0,2,0,18.6,Private,0,0,0
P03049,64,F,General practice,2025-08-30,2025-09-16,1,3,0,20.3,None,1,0,0
P03251,51,F,Antenatal,2025-08-16,2025-09-16,1,1,1,16.3,Private,0,0,1
P04175,26,F,Dental,2025-09-05,2025-09-16,0,3,0,7.6,Private,0,0,0
P02189,49,F,Antenatal,2025-09-11,2025-09-16,0,2,0,10.1,None,1,0,0
P03436,60,F,General practice,2025-08-31,2025-09-16,0,2,0,4.2,Public,1,1,0
P04787,32,F,Diabetes clinic,2025-08-18,2025-09-17,0,3,1,1.7,None,0,0,1
P03659,17,F,Paediatrics,2025-09-13,2025-09-17,1,3,1,11.2,Private,0,1,0
P03940,23,M,Diabetes clinic,2025-09-15,2025-09-17,0,3,1,1.7,Private,1,0,0
P04137,20,M,Dental,2025-09-04,2025-09-17,0,2,0,14.9,Public,1,1,0
P04835,12,F,Eye clinic,2025-09-06,2025-09-17,0,5,2,4.3,Private,0,1,0
P02738,29,F,General practice,2025-08-17,2025-09-17,1,6,1,15.9,Private,0,0,0
P03353,17,F,Diabetes clinic,2025-08-31,2025-09-17,0,2,0,3.6,Private,1,0,0
P01291,25,F,Antenatal,2025-09-13,2025-09-17,0,6,2,3.2,Public,1,0,1
P00954,15,M,General practice,2025-09-15,2025-09-17,1,3,0,11.0,Public,0,0,0
P01059,44,M,General practice,2025-09-06,2025-09-17,1,1,0,2.0,Private,0,1,0
P03763,46,F,General practice,2025-09-11,2025-09-18,0,3,0,0.8,Private,0,0,0
P04691,8,F,Dental,2025-09-07,2025-09-18,1,4,0,3.1,Public,0,1,0
P02141,46,M,Antenatal,2025-09-18,2025-09-18,1,0,0,1.1,Private,1,0,0
P02362,24,M,Physiotherapy,2025-09-17,2025-09-18,1,2,0,6.9,None,0,0,1
P00132,36,F,Antenatal,2025-08-23,2025-09-18,0,2,0,8.0,None,0,0,0
P04778,25,M,General practice,2025-08-29,2025-09-18,1,5,2,2.1,None,0,0,0
P03927,14,F,General practice,2025-09-18,2025-09-18,0,0,0,6.4,Public,0,0,0
P03941,92,M,Diabetes clinic,2025-09-05,2025-09-18,1,3,0,9.8,Public,0,0,0
P02697,25,F,General practice,2025-08-17,2025-09-18,0,5,2,13.6,None,1,0,1
P00581,92,F,Physiotherapy,2025-08-30,2025-09-18,1,1,0,24.6,None,1,0,1
P03367,67,M,Dental,2025-09-06,2025-09-18,1,1,0,9.9,None,0,0,0
P01011,17,F,General practice,2025-09-15,2025-09-18,1,4,2,3.4,None,0,0,0
P02224,11,F,Dental,2025-09-07,2025-09-18,0,2,0,12.8,None,0,0,0
P04706,29,F,Eye clinic,2025-09-16,2025-09-18,1,2,0,6.7,Public,0,0,1
P04232,61,M,Diabetes clinic,2025-09-17,2025-09-19,1,2,0,21.5,Private,0,0,0
P01550,6,M,Dental,2025-08-26,2025-09-19,1,0,0,16.5,Public,0,1,0
P01705,53,F,General practice,2025-08-31,2025-09-19,1,3,0,13.6,None,0,0,0
P00692,27,F,Diabetes clinic,2025-09-11,2025-09-19,1,3,0,26.4,Public,0,0,0
P04209,9,F,Physiotherapy,2025-09-13,2025-09-19,1,5,1,13.1,None,0,0,1
P01594,31,M,Antenatal,2025-09-17,2025-09-19,1,0,0,15.0,Public,1,0,0
P04477,36,M,Physiotherapy,2025-09-08,2025-09-19,1,3,1,9.4,None,0,0,0
P03322,26,M,Physiotherapy,2025-08-21,2025-09-19,1,6,0,2.4,None,1,0,0
P00324,13,F,Antenatal,2025-08-29,2025-09-19,1,3,2,10.0,Private,0,0,0
P00907,92,F,Antenatal,2025-09-08,2025-09-19,1,1,0,13.3,Private,1,1,0
P00730,18,F,General practice,2025-08-25,2025-09-19,1,0,0,8.8,Public,0,1,0
P03386,13,F,General practice,2025-07-26,2025-09-19,1,1,1,3.1,None,1,0,1
P01832,38,M,Diabetes clinic,2025-09-06,2025-09-19,0,1,0,15.9,Private,0,0,0
P01886,36,F,Antenatal,2025-09-07,2025-09-19,0,4,0,10.6,None,0,0,0
P01220,32,F,Paediatrics,2025-07-18,2025-09-19,0,1,0,5.1,None,1,0,1
P00602,78,F,Eye clinic,2025-08-30,2025-09-19,1,3,1,22.4,Private,1,0,1
P04356,24,M,General practice,2025-09-20,2025-09-22,0,2,0,5.7,Public,0,0,1
P00121,27,F,General practice,2025-09-14,2025-09-22,1,2,0,13.2,Public,0,1,1
P04655,60,M,Antenatal,2025-09-21,2025-09-22,1,3,0,3.8,Private,0,1,0
P00365,12,F,Physiotherapy,2025-09-09,2025-09-22,1,0,0,11.5,None,0,0,0
P02899,24,M,General practice,2025-08-18,2025-09-22,0,2,0,7.9,Private,1,1,0
P04500,34,M,Paediatrics,2025-08-31,2025-09-22,0,1,1,13.2,Public,0,1,1
P04398,22,F,Paediatrics,2025-09-13,2025-09-22,1,5,2,9.6,Public,1,0,0
P00547,22,M,Physiotherapy,2025-09-08,2025-09-22,1,5,1,19.4,Private,0,0,0
P02150,25,M,Diabetes clinic,2025-09-10,2025-09-22,1,4,0,3.7,Public,0,0,0
P03009,52,M,General practice,2025-09-04,2025-09-22,1,5,1,5.5,Public,0,1,0
P00420,10,M,Antenatal,2025-09-18,2025-09-22,1,2,0,21.6,None,0,0,0
P02208,29,M,General practice,2025-09-16,2025-09-22,1,4,2,3.1,None,0,1,1
P04160,21,M,Antenatal,2025-09-08,2025-09-22,0,4,1,23.3,Private,0,1,0
P04617,61,M,Dental,2025-09-15,2025-09-22,0,3,0,8.7,Private,0,0,1
P00630,39,M,Dental,2025-09-14,2025-09-22,0,3,1,5.5,Private,0,0,0
P01051,17,M,Diabetes clinic,2025-08-15,2025-09-22,1,4,0,28.6,Public,0,1,0
P01435,27,M,Diabetes clinic,2025-09-13,2025-09-22,0,3,0,9.0,None,0,0,0
P02642,10,M,General practice,2025-09-17,2025-09-22,0,3,0,16.2,Private,0,0,0
P00683,92,M,Paediatrics,2025-09-17,2025-09-22,0,1,1,10.6,None,1,0,0
P00605,5,F,Antenatal,2025-08-31,2025-09-22,1,2,0,5.3,Public,0,0,0
P04765,92,M,Diabetes clinic,2025-09-11,2025-09-22,1,1,0,31.2,Private,1,0,0
P02383,13,F,Dental,2025-09-01,2025-09-22,0,3,0,26.0,Public,0,0,0
P03398,48,M,Physiotherapy,2025-09-03,2025-09-22,1,3,2,8.0,Public,1,0,1
P04910,49,M,Paediatrics,2025-09-21,2025-09-22,0,3,0,15.6,Public,0,0,0
P03547,42,M,Diabetes clinic,2025-09-19,2025-09-22,1,3,0,4.3,,0,1,0
P04136,12,F,Paediatrics,2025-09-10,2025-09-22,1,3,0,5.8,None,0,0,0
P02912,44,F,General practice,2025-09-04,2025-09-22,0,2,0,16.6,Private,0,1,1
P00024,92,F,Diabetes clinic,2025-07-29,2025-09-22,1,4,1,6.7,Public,1,0,1
P01253,73,F,Antenatal,2025-09-11,2025-09-22,1,4,0,9.5,Public,1,0,0
P00154,6,F,Physiotherapy,2025-09-07,2025-09-22,0,1,0,20.1,Private,0,0,0
P04292,22,F,Paediatrics,2025-09-15,2025-09-22,1,4,0,5.3,Private,0,1,0
P01658,18,F,General practice,2025-09-20,2025-09-22,1,2,0,12.2,None,0,0,0
P02733,15,M,Antenatal,2025-09-20,2025-09-22,1,3,0,7.2,None,0,1,1
P01673,55,F,Diabetes clinic,2025-09-10,2025-09-22,0,3,0,23.1,None,0,1,1
P01084,44,F,Antenatal,2025-09-11,2025-09-22,1,2,0,4.8,Private,0,1,0
P04029,30,F,Eye clinic,2025-09-15,2025-09-22,1,3,0,15.3,Public,0,0,0
P01864,34,M,General practice,2025-08-28,2025-09-22,0,6,2,10.5,Private,0,0,1
P00987,10,M,Physiotherapy,2025-09-04,2025-09-22,1,4,0,4.8,Private,0,1,0
P04207,21,F,General practice,2025-08-09,2025-09-22,1,5,2,13.3,Public,0,1,1
P03984,35,F,Diabetes clinic,2025-09-07,2025-09-22,1,1,0,6.9,Public,0,0,0
P04803,21,M,Antenatal,2025-09-07,2025-09-22,1,3,0,6.4,None,1,0,0
P01240,24,M,Dental,2025-09-05,2025-09-22,1,2,2,2.5,None,0,0,1
P04883,23,F,General practice,2025-09-12,2025-09-22,0,5,1,8.1,Public,0,1,0
P02246,41,M,Diabetes clinic,2025-08-07,2025-09-22,1,1,0,12.6,Public,0,0,1
P01397,32,M,Antenatal,2025-09-20,2025-09-22,1,0,0,11.6,Private,1,0,0
P04559,18,F,Diabetes clinic,2025-09-22,2025-09-22,1,1,1,17.3,None,0,1,1
P02539,41,F,General practice,2025-09-20,2025-09-22,1,4,0,4.1,,0,0,0
P04037,16,F,Dental,2025-09-11,2025-09-22,1,5,0,7.0,None,0,1,1
P04817,63,M,General practice,2025-08-29,2025-09-22,1,3,1,8.0,None,1,1,0
P02536,30,M,Physiotherapy,2025-09-21,2025-09-23,1,2,0,20.9,None,0,0,0
P03877,54,M,General practice,2025-09-16,2025-09-23,0,3,1,16.0,Public,0,1,0
P03769,4,F,Paediatrics,2025-08-21,2025-09-23,1,2,1,,None,1,0,1
P03822,55,M,Paediatrics,2025-09-22,2025-09-23,1,3,0,9.0,Public,1,0,0
P03823,17,M,Physiotherapy,2025-09-12,2025-09-23,1,1,0,5.7,None,0,0,0
P03221,16,M,Antenatal,2025-09-12,2025-09-23,1,2,0,12.0,Private,0,1,0
P01653,22,F,Paediatrics,2025-09-18,2025-09-23,0,3,0,10.3,None,0,0,1
P02253,29,M,Diabetes clinic,2025-09-21,2025-09-23,0,1,1,6.5,Private,0,0,0
P02844,83,F,Dental,2025-09-22,2025-09-23,0,4,0,22.4,Public,1,0,0
P04634,35,M,General practice,2025-09-04,2025-09-23,1,4,1,11.5,Private,0,0,0
P01728,92,F,General practice,2025-09-08,2025-09-23,0,3,0,10.8,Private,0,0,0
P00881,47,F,General practice,2025-09-18,2025-09-23,1,4,2,8.5,None,0,1,0
P00251,42,F,Antenatal,2025-09-22,2025-09-23,1,2,0,12.2,Public,0,0,0
P04507,20,F,Eye clinic,2025-09-20,2025-09-23,0,2,0,3.6,Private,0,1,1
P03727,41,M,Dental,2025-09-11,2025-09-23,1,3,1,14.7,Private,0,0,0
P04829,68,M,Paediatrics,2025-09-19,2025-09-23,1,4,2,3.2,None,0,1,1
P02847,31,F,Antenatal,2025-07-30,2025-09-23,0,6,2,2.9,Private,0,0,1
P02684,77,F,Physiotherapy,2025-09-18,2025-09-23,1,4,0,0.9,None,1,0,0
P02531,28,M,Antenatal,2025-09-19,2025-09-24,0,1,0,12.7,None,1,1,0
P04026,44,F,Eye clinic,2025-09-23,2025-09-24,1,2,0,30.4,Public,0,0,0
P01535,52,M,Diabetes clinic,2025-09-08,2025-09-24,1,4,1,19.3,None,1,1,0
P02371,18,F,General practice,2025-09-01,2025-09-24,0,8,2,7.1,None,0,0,1
P04072,82,F,Physiotherapy,2025-09-13,2025-09-24,1,2,1,1.8,None,0,1,1
P00491,10,F,Dental,2025-09-08,2025-09-24,1,2,0,37.4,Public,1,0,0
P01689,50,F,General practice,2025-09-16,2025-09-24,1,3,2,15.5,None,1,0,0
P04955,88,M,General practice,2025-09-15,2025-09-24,1,5,1,5.3,None,0,1,0
P00449,22,M,Paediatrics,2025-08-30,2025-09-24,1,3,1,3.0,None,0,0,0
P04953,43,F,General practice,2025-09-21,2025-09-24,1,3,1,3.3,None,0,0,1
P02704,10,F,Paediatrics,2025-09-07,2025-09-24,1,5,1,8.9,Private,0,0,1
P04421,42,F,Paediatrics,2025-09-17,2025-09-25,1,4,1,5.7,None,0,0,0
P03907,44,M,General practice,2025-09-12,2025-09-25,0,4,1,5.5,Public,0,0,0
P03405,24,F,Physiotherapy,2025-09-12,2025-09-25,1,3,1,3.6,None,1,1,0
P04923,11,F,Dental,2025-09-24,2025-09-25,0,5,0,11.3,,0,1,0
P01710,27,F,General practice,2025-09-18,2025-09-25,1,4,1,2.1,,0,0,0
P03226,23,M,General practice,2025-09-13,2025-09-25,1,3,1,4.5,Private,0,1,0
P02944,38,F,Eye clinic,2025-09-20,2025-09-25,0,3,0,7.7,Private,0,0,1
P04694,72,M,Antenatal,2025-09-21,2025-09-25,0,1,0,13.1,Public,1,0,0
P01741,29,M,Antenatal,2025-09-07,2025-09-25,1,5,0,11.4,Private,0,0,1
P00577,34,F,Physiotherapy,2025-09-22,2025-09-25,0,3,1,1.2,None,0,0,1
P01410,12,M,General practice,2025-09-17,2025-09-25,0,4,0,3.2,Public,0,0,0
P03997,17,F,Physiotherapy,2025-09-09,2025-09-25,0,3,1,24.5,Public,0,1,0
P01907,25,F,Paediatrics,2025-09-15,2025-09-25,1,6,0,1.1,Public,0,0,0
P03275,9,F,Diabetes clinic,2025-09-23,2025-09-25,1,6,1,8.0,Public,0,0,0
P02211,36,M,Eye clinic,2025-09-02,2025-09-25,0,4,0,3.1,None,0,1,0
P03976,18,M,Antenatal,2025-09-09,2025-09-25,0,4,2,6.4,,0,0,0
P01759,5,F,Paediatrics,2025-09-25,2025-09-25,0,3,1,38.4,None,0,0,1
P01261,13,M,General practice,2025-09-10,2025-09-25,0,3,0,5.6,None,0,1,1
P00107,68,F,Diabetes clinic,2025-09-10,2025-09-25,0,2,0,20.1,None,1,1,1
P02575,17,M,Diabetes clinic,2025-09-23,2025-09-26,0,4,1,4.4,Public,0,0,1
P01753,35,F,General practice,2025-09-13,2025-09-26,1,7,1,4.2,Public,0,0,0
P00568,40,F,Antenatal,2025-09-18,2025-09-26,1,2,0,3.2,None,0,1,0
P02782,44,F,Paediatrics,2025-09-17,2025-09-26,1,4,0,1.7,,1,0,0
P01703,23,M,Physiotherapy,2025-09-23,2025-09-26,0,4,1,11.0,Public,0,1,1
P02111,40,F,General practice,2025-09-18,2025-09-26,1,3,0,5.6,None,0,0,0
P02305,15,M,General practice,2025-09-23,2025-09-26,1,4,0,11.0,Public,0,1,1
P04575,66,F,Diabetes clinic,2025-09-14,2025-09-26,1,4,0,2.1,Private,0,0,0
P02804,47,F,Antenatal,2025-08-31,2025-09-26,0,4,1,11.7,None,0,1,1
P01934,25,F,Antenatal,2025-09-22,2025-09-29,0,2,1,5.6,None,1,1,0
P01413,44,M,Dental,2025-09-26,2025-09-29,0,7,1,10.9,None,1,0,0
P03513,63,M,Dental,2025-08-22,2025-09-29,1,0,0,0.5,Public,1,0,1
P04968,48,M,Dental,2025-09-14,2025-09-29,1,3,0,6.6,Private,0,1,1
P04318,18,M,General practice,2025-08-06,2025-09-29,1,5,1,13.4,None,0,0,1
P00507,4,F,Diabetes clinic,2025-09-19,2025-09-29,1,5,0,6.8,Private,0,0,0
P01272,36,F,General practice,2025-09-18,2025-09-29,0,5,2,6.1,None,0,0,1
P03168,13,F,Eye clinic,2025-08-31,2025-09-29,1,2,0,8.7,None,0,0,0
P04622,39,F,Eye clinic,2025-09-21,2025-09-29,0,2,0,1.8,None,0,0,0
P00531,89,M,Paediatrics,2025-09-12,2025-09-29,0,2,1,11.6,Public,0,0,0
P01255,36,M,Dental,2025-09-04,2025-09-29,1,2,0,1.4,Public,1,0,0
P01556,18,M,Paediatrics,2025-09-28,2025-09-29,1,0,0,10.6,Private,0,0,0
P02563,52,M,General practice,2025-09-10,2025-09-29,0,2,0,11.7,None,1,0,0
P02040,49,M,Eye clinic,2025-09-17,2025-09-29,0,6,1,5.8,Private,1,0,1
P02282,34,M,Paediatrics,2025-09-18,2025-09-29,0,6,1,7.7,Public,0,0,1
P00337,50,F,Paediatrics,2025-09-12,2025-09-29,0,1,0,17.1,Public,1,0,0
P01294,6,F,Paediatrics,2025-09-08,2025-09-29,1,1,0,13.4,None,0,0,0
P04005,28,M,General practice,2025-08-04,2025-09-29,1,6,1,5.9,None,0,0,1
P00969,64,M,General practice,2025-09-16,2025-09-29,1,1,0,4.5,Public,1,1,0
P00413,42,M,Eye clinic,2025-08-10,2025-09-29,1,2,1,12.3,None,0,0,1
P04783,57,M,Eye clinic,2025-09-27,2025-09-29,1,4,0,13.5,Public,0,0,0
P00370,66,F,General practice,2025-09-07,2025-09-29,0,3,0,3.3,Public,0,0,0
P04969,17,F,General practice,2025-09-23,2025-09-29,1,3,0,9.8,Public,0,0,0
P02655,19,F,Antenatal,2025-09-04,2025-09-29,1,4,0,5.5,Private,0,0,0
P01443,33,F,Antenatal,2025-09-27,2025-09-29,1,6,1,2.6,Private,0,0,0
P04262,60,F,Paediatrics,2025-09-25,2025-09-29,1,0,0,4.2,None,0,0,0
P00741,13,M,Paediatrics,2025-09-10,2025-09-29,1,6,1,11.6,Public,1,1,0
P00668,60,M,Paediatrics,2025-09-29,2025-09-29,1,2,0,6.8,Private,0,0,0
P04709,28,M,General practice,2025-09-26,2025-09-29,1,1,1,3.4,None,0,1,0
P02656,22,M,Antenatal,2025-09-16,2025-09-29,1,2,0,6.5,None,0,0,0
P03223,54,M,Diabetes clinic,2025-09-21,2025-09-29,0,0,0,6.9,Public,0,0,0
P00250,41,F,Paediatrics,2025-09-15,2025-09-29,1,3,0,3.4,None,0,0,0
P04109,38,F,Physiotherapy,2025-08-30,2025-09-29,0,7,2,16.9,None,0,0,0
P01042,40,F,Dental,2025-09-17,2025-09-29,0,4,0,14.5,Private,0,1,0
P03922,18,F,General practice,2025-09-22,2025-09-29,1,5,1,10.7,Public,0,1,0
P01969,39,M,Diabetes clinic,2025-09-22,2025-09-29,1,8,0,20.9,Private,0,0,0
P00339,92,F,Antenatal,2025-09-18,2025-09-29,1,4,0,9.4,Public,1,0,0
P04827,29,M,Eye clinic,2025-09-13,2025-09-29,1,5,2,3.3,Public,1,0,0
P04828,53,F,Diabetes clinic,2025-09-17,2025-09-29,0,3,0,9.2,Public,0,1,1
P03286,55,M,General practice,2025-09-21,2025-09-29,1,5,2,6.1,None,1,0,0
P04368,28,F,Paediatrics,2025-09-19,2025-09-29,1,6,0,13.6,Public,0,0,0
P00785,56,F,Diabetes clinic,2025-09-09,2025-09-30,1,5,2,9.0,None,0,1,1
P04594,29,F,General practice,2025-09-03,2025-09-30,1,1,1,5.9,Public,0,0,1
P02308,28,F,General practice,2025-09-19,2025-09-30,1,2,0,22.2,Public,0,0,0
P02330,90,M,General practice,2025-09-24,2025-09-30,0,1,0,16.5,Public,1,1,0
P00059,19,F,General practice,2025-09-24,2025-09-30,0,3,1,10.2,None,0,0,0
P04158,27,M,Diabetes clinic,2025-09-28,2025-09-30,1,2,1,30.8,None,0,0,1
P02424,5,M,General practice,2025-09-28,2025-09-30,1,2,0,2.1,Private,0,1,0
P04555,15,F,Dental,2025-09-15,2025-09-30,1,5,2,17.0,None,0,1,1
P04565,51,M,Physiotherapy,2025-09-26,2025-09-30,0,6,1,1.6,Private,1,0,0
P01800,51,F,Dental,2025-09-19,2025-09-30,1,1,0,2.7,None,1,0,0
P01671,28,F,General practice,2025-09-23,2025-09-30,0,4,0,2.5,Private,0,0,0
P02227,23,F,Antenatal,2025-09-27,2025-09-30,1,4,0,9.9,None,0,0,0
P04033,30,F,General practice,2025-09-21,2025-09-30,1,1,0,5.1,None,0,1,0
P00210,68,M,Antenatal,2025-09-30,2025-10-01,0,3,0,16.7,Private,1,0,0
P03948,31,M,Diabetes clinic,2025-09-18,2025-10-01,1,4,1,2.0,Public,0,0,0
P04620,13,M,Physiotherapy,2025-08-26,2025-10-01,1,3,2,4.6,Private,0,1,1
P00783,8,M,Eye clinic,2025-09-17,2025-10-01,1,2,0,2.9,None,0,0,1
P02230,27,M,Dental,2025-09-15,2025-10-01,0,3,0,11.2,Private,0,1,0
P03423,47,F,Paediatrics,2025-08-31,2025-10-01,1,3,2,20.4,Private,0,1,1
P04533,37,M,Antenatal,2025-09-28,2025-10-01,0,4,1,4.8,None,1,0,0
P04903,26,F,Physiotherapy,2025-09-20,2025-10-01,0,3,0,,Public,0,0,1
P01338,10,F,Paediatrics,2025-09-21,2025-10-01,1,2,0,13.6,None,0,1,0
P00533,23,F,Diabetes clinic,2025-09-30,2025-10-01,1,0,0,2.1,Public,0,0,0
P02059,44,F,Dental,2025-09-25,2025-10-01,1,3,0,10.0,None,1,1,0
P00045,58,F,Eye clinic,2025-09-15,2025-10-01,0,1,0,12.9,None,0,1,0
P04837,66,F,Antenatal,2025-09-16,2025-10-01,0,1,0,2.6,Public,0,1,0
P00899,2,F,General practice,2025-09-03,2025-10-01,1,1,1,6.0,None,0,1,0
P03842,34,M,General practice,2025-09-22,2025-10-01,1,4,0,1.9,None,1,0,0
P02810,31,F,Physiotherapy,2025-09-12,2025-10-01,1,3,1,12.2,None,1,1,1
P03975,66,F,Antenatal,2025-09-12,2025-10-01,0,3,1,12.1,Public,1,1,0
P01187,72,F,Physiotherapy,2025-09-30,2025-10-01,1,3,0,6.3,Public,1,1,0
P01530,68,M,General practice,2025-09-13,2025-10-01,0,2,0,6.2,Public,0,0,0
P02753,23,F,Paediatrics,2025-09-25,2025-10-01,1,1,0,2.9,Public,0,1,0
P04858,31,F,Dental,2025-09-29,2025-10-01,1,8,1,8.1,None,0,1,0
P04996,3,F,Antenatal,2025-09-29,2025-10-02,1,7,2,11.7,Private,0,1,1
P01777,12,F,General practice,2025-09-19,2025-10-02,1,3,0,5.2,None,1,0,0
P03951,71,M,Eye clinic,2025-09-15,2025-10-02,0,3,1,6.0,None,1,0,0
P03783,57,M,Paediatrics,2025-09-14,2025-10-02,1,3,1,6.2,Public,0,0,0
P01434,35,F,General practice,2025-09-18,2025-10-02,0,1,1,16.2,None,0,0,1
P02846,56,F,Diabetes clinic,2025-09-23,2025-10-02,0,1,0,8.1,Private,1,0,0
P00476,12,F,Paediatrics,2025-09-27,2025-10-02,1,2,0,16.4,None,0,0,0
P00397,18,F,Dental,2025-09-17,2025-10-02,0,2,0,24.9,Public,0,0,1
P00314,61,M,General practice,2025-09-30,2025-10-02,1,1,0,8.9,Public,1,0,0
P02490,13,M,Antenatal,2025-09-28,2025-10-02,1,4,0,7.0,None,0,0,0
P04718,26,M,Paediatrics,2025-08-31,2025-10-02,1,2,0,4.6,None,0,1,0
P04110,29,M,Dental,2025-09-12,2025-10-02,0,4,0,9.8,Public,0,0,0
P04813,12,M,Physiotherapy,2025-10-01,2025-10-02,0,3,0,10.9,None,0,1,0
P00929,4,M,Antenatal,2025-09-20,2025-10-03,1,4,0,4.6,Public,0,0,0
P00923,39,M,General practice,2025-09-25,2025-10-03,1,6,1,4.0,Private,0,0,0
P02775,17,F,Dental,2025-09-29,2025-10-03,0,4,2,14.6,None,0,0,1
P00246,21,M,Paediatrics,2025-09-24,2025-10-03,1,3,2,7.9,None,0,0,1
P02714,29,M,General practice,2025-09-14,2025-10-03,1,4,0,9.7,None,1,0,0
P04943,73,M,General practice,2025-09-15,2025-10-03,0,3,0,22.8,None,0,0,0
P01628,17,F,Antenatal,2025-09-08,2025-10-03,1,6,1,4.8,None,0,0,1
P03382,82,F,Dental,2025-09-20,2025-10-03,0,4,0,16.3,Public,1,1,0
P02974,76,F,Paediatrics,2025-08-15,2025-10-03,0,2,0,5.9,Public,1,1,1
P02853,92,F,Paediatrics,2025-09-30,2025-10-03,1,2,1,16.1,Private,0,1,0
P02233,15,F,Paediatrics,2025-09-26,2025-10-03,1,7,2,14.8,Public,0,0,0
P04186,30,M,Antenatal,2025-09-26,2025-10-03,1,3,1,3.2,None,0,0,0
P04546,43,F,Physiotherapy,2025-09-27,2025-10-03,1,4,0,18.9,Private,0,0,0
P01244,8,F,Diabetes clinic,2025-09-29,2025-10-03,1,3,0,2.7,Private,0,0,0
P02786,22,F,Physiotherapy,2025-09-28,2025-10-03,0,0,0,5.6,None,0,1,0
P02725,37,F,Physiotherapy,2025-09-29,2025-10-03,1,1,0,8.5,None,0,0,0
P00466,25,M,General practice,2025-09-17,2025-10-03,1,6,1,4.2,None,0,0,0
P03236,21,F,Dental,2025-09-18,2025-10-03,1,3,0,0.5,None,0,1,0
P03539,11,M,Eye clinic,2025-09-28,2025-10-03,1,3,1,9.4,Public,0,1,0
P02732,21,F,Antenatal,2025-09-15,2025-10-03,1,3,0,13.4,Private,1,0,1
P00087,34,M,General practice,2025-09-24,2025-10-03,1,1,0,3.1,Private,0,1,0
P03104,25,F,General practice,2025-10-01,2025-10-06,0,2,2,15.7,Private,0,0,1
P03368,83,M,Physiotherapy,2025-09-29,2025-10-06,0,4,1,3.4,Private,0,0,0
P03674,79,M,General practice,2025-09-28,2025-10-06,1,5,1,5.2,None,0,0,1
P01071,55,F,General practice,2025-09-29,2025-10-06,0,3,1,7.9,None,0,0,1
P00130,16,M,General practice,2025-09-21,2025-10-06,0,3,1,8.8,Public,0,1,1
P03821,47,M,Eye clinic,2025-09-21,2025-10-06,0,1,0,12.2,Private,1,1,0
P00257,13,M,Physiotherapy,2025-09-11,2025-10-06,1,3,2,6.4,None,0,0,0
P02571,29,F,Paediatrics,2025-09-09,2025-10-06,0,5,2,7.0,None,0,0,1
P02283,61,M,Dental,2025-09-21,2025-10-06,0,3,1,10.9,Public,1,0,1
P01662,25,M,General practice,2025-09-22,2025-10-06,1,2,0,5.3,Public,0,0,0
P01394,28,F,General practice,2025-09-27,2025-10-06,1,5,0,2.4,Public,0,0,0
P01460,32,F,General practice,2025-09-26,2025-10-06,1,4,1,1.7,None,0,0,0
P04881,6,F,Dental,2025-09-25,2025-10-06,0,3,0,14.8,None,0,1,0
P02198,38,M,Physiotherapy,2025-09-14,2025-10-06,0,5,1,6.0,None,0,0,1
P01452,10,F,General practice,2025-10-02,2025-10-06,1,3,0,1.5,Public,0,0,0
P00641,29,F,Antenatal,2025-09-26,2025-10-06,1,1,1,13.0,None,0,0,1
P00288,29,F,Dental,2025-09-21,2025-10-06,1,2,0,,None,0,1,0
P04848,28,F,General practice,2025-10-03,2025-10-06,1,1,0,24.3,Private,0,0,0
P02448,61,M,General practice,2025-09-29,2025-10-06,1,5,0,7.5,None,1,0,0
P02348,22,M,Physiotherapy,2025-09-23,2025-10-06,0,3,0,6.6,None,0,1,0
P04601,22,F,General practice,2025-09-09,2025-10-06,1,4,0,9.0,None,0,1,0
P02620,62,M,Dental,2025-09-19,2025-10-06,1,1,0,1.5,Public,0,0,0
P02936,14,F,Paediatrics,2025-09-25,2025-10-06,1,2,0,5.8,Private,0,0,0
P00409,31,F,Dental,2025-10-03,2025-10-06,0,1,0,5.6,Private,1,0,0
P00387,38,M,General practice,2025-09-09,2025-10-06,1,5,1,1.5,Public,0,0,0
P02749,21,M,Antenatal,2025-09-22,2025-10-06,1,1,0,3.4,None,0,1,0
P04686,32,M,General practice,2025-09-19,2025-10-06,1,3,0,9.9,Public,0,1,0
P00027,29,F,General practice,2025-09-28,2025-10-06,1,5,0,13.4,None,0,1,0
P01678,27,M,Paediatrics,2025-09-28,2025-10-06,1,5,0,14.3,Public,0,0,0
P02779,16,M,General practice,2025-09-15,2025-10-06,1,5,1,14.4,None,1,0,0
P03797,90,M,General practice,2025-08-31,2025-10-06,1,7,1,3.2,Private,1,1,0
P01942,30,F,Antenatal,2025-10-05,2025-10-06,1,1,0,13.2,Public,0,0,0
P00372,35,F,Diabetes clinic,2025-09-22,2025-10-06,1,3,0,18.0,Public,0,0,0
P01697,57,F,Antenatal,2025-09-29,2025-10-06,1,2,0,3.5,None,0,0,0
P01918,43,M,Diabetes clinic,2025-10-04,2025-10-06,1,0,0,5.9,None,0,1,0
P04210,52,F,Physiotherapy,2025-09-25,2025-10-06,1,2,0,8.2,None,0,0,0
P03171,20,M,General practice,2025-09-26,2025-10-06,0,4,0,18.0,None,0,0,0
P02272,29,F,Paediatrics,2025-09-16,2025-10-06,1,1,0,0.7,Public,0,0,0
P03239,92,M,General practice,2025-10-06,2025-10-07,1,3,0,19.6,Public,1,0,0
P04070,51,F,Diabetes clinic,2025-08-30,2025-10-07,1,4,1,8.1,Public,1,0,1
P03970,15,M,Dental,2025-09-28,2025-10-07,0,1,0,0.3,Public,0,0,0
P03019,29,F,Antenatal,2025-09-17,2025-10-07,1,5,1,,None,0,0,0
P03126,23,F,Eye clinic,2025-10-06,2025-10-07,1,3,0,4.0,Public,0,0,0
P01559,62,F,Diabetes clinic,2025-09-29,2025-10-07,0,6,1,13.2,Private,1,0,0
P01126,22,M,Paediatrics,2025-09-26,2025-10-07,0,3,0,13.5,Public,0,1,1
P02133,45,F,Dental,2025-10-02,2025-10-07,0,4,1,11.0,Public,0,0,1
P03673,7,F,General practice,2025-10-06,2025-10-07,0,5,0,9.7,Public,0,0,1
P03343,25,F,Eye clinic,2025-09-16,2025-10-07,1,2,0,25.1,None,0,0,1
P02235,50,F,Paediatrics,2025-09-28,2025-10-07,1,0,0,8.5,None,0,0,0
P00451,37,M,General practice,2025-10-03,2025-10-07,1,3,1,17.3,Public,0,0,0
P00036,32,F,Diabetes clinic,2025-10-06,2025-10-08,0,3,1,14.5,Public,0,0,0
P00896,38,M,General practice,2025-10-08,2025-10-08,1,3,0,8.0,Public,0,1,0
P04518,25,F,Physiotherapy,2025-09-07,2025-10-08,1,2,1,2.0,Private,0,0,0
P04162,36,F,General practice,2025-10-03,2025-10-08,0,1,0,9.0,Public,0,1,1
P02945,37,M,General practice,2025-10-03,2025-10-08,0,3,0,16.8,None,0,0,1
P02616,32,F,Paediatrics,2025-10-02,2025-10-08,1,3,1,18.5,None,0,0,0
P01183,16,F,General practice,2025-10-01,2025-10-08,1,1,0,8.6,None,0,0,0
P03155,3,F,Paediatrics,2025-10-06,2025-10-08,1,1,1,2.9,None,0,1,1
P02497,17,M,Diabetes clinic,2025-10-07,2025-10-08,1,1,0,7.4,Private,0,1,0
P03661,34,M,General practice,2025-10-01,2025-10-08,0,1,0,12.6,None,1,0,0
P04952,35,M,General practice,2025-09-25,2025-10-08,0,0,0,3.1,Public,0,0,0
P00347,21,M,Paediatrics,2025-10-06,2025-10-08,0,4,1,0.9,Public,0,0,1
P01231,50,M,Physiotherapy,2025-09-21,2025-10-08,1,3,0,14.5,Public,0,0,1
P03252,79,F,General practice,2025-09-29,2025-10-09,0,6,2,5.9,Public,1,0,0
P02404,21,M,General practice,2025-10-05,2025-10-09,1,1,1,30.2,Public,0,0,1
P01260,16,F,Paediatrics,2025-09-19,2025-10-09,1,3,0,9.0,Public,1,0,0
P03133,49,M,General practice,2025-09-28,2025-10-09,0,3,0,5.2,,0,1,0
P00276,13,M,Physiotherapy,2025-09-26,2025-10-09,0,3,2,18.0,None,0,0,1
P02986,9,M,Paediatrics,2025-10-09,2025-10-09,1,1,0,6.1,Private,0,1,0
P03385,9,F,General practice,2025-10-07,2025-10-09,0,1,0,7.6,None,0,0,0
P02173,12,F,General practice,2025-10-09,2025-10-09,1,5,1,1.3,Private,0,0,0
P04802,25,F,Paediatrics,2025-09-17,2025-10-09,1,4,1,5.0,Private,0,0,0
P02882,8,M,General practice,2025-10-07,2025-10-09,1,7,1,1.0,None,0,0,0
P01987,7,F,Eye clinic,2025-10-08,2025-10-09,1,4,0,14.2,None,0,1,0
P02494,40,F,General practice,2025-09-30,2025-10-09,1,5,2,2.4,Private,0,0,0
P00805,14,M,General practice,2025-09-27,2025-10-09,0,5,2,16.5,Public,0,0,1
P04674,12,F,Eye clinic,2025-09-25,2025-10-09,1,1,0,2.9,None,0,1,0
P03245,85,F,Dental,2025-09-28,2025-10-09,1,3,0,2.6,None,0,1,0
P00296,32,F,Diabetes clinic,2025-09-24,2025-10-10,1,4,0,19.7,Public,0,0,0
P03065,2,M,Diabetes clinic,2025-09-29,2025-10-10,0,3,0,14.8,None,0,1,0
P03336,21,F,Eye clinic,2025-10-03,2025-10-10,1,5,0,4.9,Public,0,0,0
P01514,47,F,General practice,2025-10-01,2025-10-10,1,3,2,12.4,Public,1,0,0
P04451,33,M,Dental,2025-09-26,2025-10-10,0,5,2,15.7,Public,0,0,1
P00925,45,F,Physiotherapy,2025-10-02,2025-10-10,0,2,0,3.7,None,0,0,0
P01007,28,M,Eye clinic,2025-09-29,2025-10-10,1,2,0,18.6,Public,1,1,0
P04599,18,F,General practice,2025-10-02,2025-10-10,1,2,1,9.3,None,0,1,1
P00083,90,F,Eye clinic,2025-09-26,2025-10-10,1,2,1,12.1,Private,1,0,0
P02970,19,F,Paediatrics,2025-10-03,2025-10-10,1,2,1,10.9,Private,0,0,0
P04579,20,F,Paediatrics,2025-09-16,2025-10-10,0,3,0,7.2,Private,0,0,0
P03946,92,M,Diabetes clinic,2025-09-06,2025-10-10,1,4,0,19.7,Private,0,0,0
P01639,23,F,Antenatal,2025-10-04,2025-10-10,1,1,0,1.7,Public,0,0,0
P04505,23,F,Antenatal,2025-10-02,2025-10-10,1,8,1,3.8,Public,0,1,0
P03181,39,M,Paediatrics,2025-09-23,2025-10-10,1,7,2,16.3,None,1,0,1
P02806,88,F,Paediatrics,2025-10-02,2025-10-13,1,3,0,15.1,Public,1,0,0
P02457,34,F,Physiotherapy,2025-10-03,2025-10-13,1,1,0,,None,0,0,0
P00651,68,M,General practice,2025-09-28,2025-10-13,0,4,0,11.2,Private,1,0,0
P04947,45,M,General practice,2025-09-21,2025-10-13,1,4,1,23.6,None,0,1,1
P03076,44,F,Dental,2025-10-01,2025-10-13,1,5,2,9.7,Private,0,0,0
P01380,54,F,General practice,2025-09-20,2025-10-13,1,2,1,8.3,Public,0,0,1
P01999,13,M,Physiotherapy,2025-09-15,2025-10-13,1,2,0,4.4,None,0,0,1
P01206,18,F,Diabetes clinic,2025-10-11,2025-10-13,1,3,1,16.9,None,0,0,1
P01831,41,M,General practice,2025-09-09,2025-10-13,1,1,1,12.0,Private,0,0,1
P01902,22,M,Paediatrics,2025-09-26,2025-10-13,1,2,0,3.2,Public,0,0,0
P00405,21,F,Paediatrics,2025-09-18,2025-10-13,0,5,1,7.8,None,0,0,1
P01138,43,F,Antenatal,2025-10-06,2025-10-13,1,7,0,12.6,None,1,0,0
P04998,18,F,Antenatal,2025-10-02,2025-10-13,0,3,0,5.5,Private,1,0,0
P01905,46,F,Diabetes clinic,2025-09-28,2025-10-13,0,2,0,8.9,None,1,0,0
P01352,89,F,General practice,2025-09-29,2025-10-13,0,1,0,11.8,None,1,0,0
P00426,87,F,General practice,2025-09-18,2025-10-13,0,4,0,4.8,None,0,0,0
P04058,12,F,Diabetes clinic,2025-09-28,2025-10-13,1,3,1,,Public,0,0,0
P00942,18,M,Paediatrics,2025-10-06,2025-10-13,0,2,0,1.0,None,0,1,1
P03292,11,F,Diabetes clinic,2025-10-10,2025-10-13,0,5,1,14.5,Public,0,1,1
P04413,46,F,General practice,2025-10-06,2025-10-13,1,2,0,3.3,Public,0,0,0
P02807,7,F,Antenatal,2025-10-07,2025-10-13,1,3,0,5.4,None,0,0,1
P00049,28,M,Diabetes clinic,2025-09-27,2025-10-13,0,4,1,10.6,,0,0,0
P01698,51,F,Diabetes clinic,2025-10-02,2025-10-13,1,2,0,9.1,Public,1,0,0
P03705,34,F,Eye clinic,2025-10-08,2025-10-13,1,5,2,2.9,Private,0,1,0
P02629,92,M,General practice,2025-10-05,2025-10-13,1,1,1,4.5,Public,0,0,1
P02994,25,M,Eye clinic,2025-10-02,2025-10-13,0,5,0,15.2,Public,0,1,1
P02855,5,M,General practice,2025-09-09,2025-10-13,0,3,1,2.6,Public,0,0,1
P04877,30,M,Diabetes clinic,2025-09-26,2025-10-13,1,3,0,3.2,Private,0,0,0
P03638,66,F,Antenatal,2025-10-05,2025-10-13,0,3,2,4.1,None,1,1,1
P00842,30,M,Dental,2025-09-24,2025-10-13,0,2,1,4.6,Public,1,0,0
P01256,46,M,Physiotherapy,2025-10-06,2025-10-13,1,2,0,6.7,Public,1,0,1
P01323,17,M,Physiotherapy,2025-09-19,2025-10-13,1,1,0,1.1,None,0,0,0
P00953,50,M,Paediatrics,2025-10-04,2025-10-13,1,2,0,5.6,Private,1,1,0
P04333,12,F,Diabetes clinic,2025-10-07,2025-10-13,1,4,0,7.7,None,0,0,0
P04793,56,M,Eye clinic,2025-10-05,2025-10-13,0,0,0,4.0,Private,1,1,1
P01866,20,F,General practice,2025-10-09,2025-10-13,1,4,1,4.6,Private,0,0,0
P01094,19,F,Dental,2025-09-05,2025-10-13,1,5,2,13.8,Public,0,0,0
P02054,20,F,Eye clinic,2025-09-23,2025-10-13,1,4,1,12.8,None,0,1,0
P00034,41,M,Diabetes clinic,2025-09-28,2025-10-13,1,4,1,1.1,None,0,0,0
P03460,41,F,Antenatal,2025-10-07,2025-10-13,1,1,0,6.2,Private,0,0,0
P04044,64,M,Paediatrics,2025-09-01,2025-10-14,1,5,1,14.5,Public,1,1,1
P01228,17,M,General practice,2025-10-05,2025-10-14,1,4,1,6.1,Public,0,0,0
P01421,39,F,Antenatal,2025-09-03,2025-10-14,1,1,0,6.3,None,0,0,0
P02868,26,F,General practice,2025-09-13,2025-10-14,1,3,2,10.8,None,0,0,1
P02508,55,M,Eye clinic,2025-10-02,2025-10-14,1,5,1,2.4,Public,0,0,0
P00817,35,F,Eye clinic,2025-10-04,2025-10-14,0,4,0,6.1,Private,0,0,1
P00847,11,M,Paediatrics,2025-08-08,2025-10-14,1,5,1,5.4,Public,0,0,1
P02295,38,F,General practice,2025-10-10,2025-10-14,1,2,1,8.0,Public,0,1,0
P01466,38,F,General practice,2025-10-06,2025-10-14,0,2,0,0.3,None,1,0,0
P02897,12,F,General practice,2025-09-27,2025-10-14,1,4,0,1.5,None,0,0,0
P03725,21,F,General practice,2025-10-08,2025-10-14,1,2,0,24.9,None,0,0,0
P00441,90,F,General practice,2025-09-24,2025-10-14,1,3,0,3.7,Private,1,0,0
P01938,24,F,General practice,2025-09-07,2025-10-14,0,5,3,8.0,None,0,0,1
P04038,9,F,General practice,2025-10-03,2025-10-14,1,1,0,6.0,None,0,1,0
P04463,25,F,Antenatal,2025-10-12,2025-10-14,1,1,0,6.4,Public,1,0,0
P02713,34,F,General practice,2025-10-05,2025-10-14,1,4,0,9.3,Private,0,1,0
P03875,71,F,General practice,2025-09-09,2025-10-14,1,0,0,2.3,Public,0,0,0
P04036,65,M,Dental,2025-10-07,2025-10-14,1,4,0,1.7,None,1,0,0
P02857,64,M,General practice,2025-09-25,2025-10-15,0,2,0,11.0,None,0,0,0
P01409,14,F,Dental,2025-10-12,2025-10-15,0,2,1,12.9,Public,0,0,0
P03602,8,F,Eye clinic,2025-10-04,2025-10-15,1,5,0,5.9,None,0,1,1
P01836,55,F,General practice,2025-09-18,2025-10-15,0,3,1,1.9,Private,0,0,1
P00738,29,F,Eye clinic,2025-09-24,2025-10-15,1,3,0,5.4,Public,0,0,0
P00461,26,F,Antenatal,2025-10-04,2025-10-15,1,2,0,11.2,None,0,0,0
P00163,36,F,Paediatrics,2025-09-29,2025-10-15,1,2,1,7.7,None,0,0,0
P03451,85,F,Eye clinic,2025-10-15,2025-10-15,0,2,0,12.4,Private,1,0,0
P00279,92,M,Diabetes clinic,2025-09-12,2025-10-15,1,2,1,5.2,Public,0,0,1
P02492,47,M,General practice,2025-09-27,2025-10-15,1,2,0,10.0,Public,0,0,0
P03574,21,F,Dental,2025-10-05,2025-10-15,0,1,1,12.8,None,0,1,1
P01757,23,M,Antenatal,2025-10-11,2025-10-15,0,0,0,8.6,None,0,0,0
P02826,25,M,General practice,2025-10-15,2025-10-15,1,4,1,5.9,Private,0,0,0
P04116,30,F,Diabetes clinic,2025-10-07,2025-10-15,0,5,2,4.3,Public,1,0,0
P03534,36,M,General practice,2025-10-13,2025-10-15,1,1,0,17.8,None,0,0,0
P02932,22,M,Dental,2025-10-13,2025-10-15,0,4,0,7.8,None,0,1,0
P04241,14,F,Paediatrics,2025-09-21,2025-10-15,1,4,0,12.5,None,0,0,0
P00678,34,F,Dental,2025-10-14,2025-10-15,1,3,1,8.9,None,0,0,1
P03995,13,F,Diabetes clinic,2025-10-11,2025-10-15,1,4,0,1.9,Private,1,0,0
P02942,42,M,Eye clinic,2025-09-24,2025-10-15,1,3,1,11.3,Private,0,1,1
P03425,18,F,Dental,2025-10-08,2025-10-15,1,3,1,12.5,None,0,0,0
P02355,26,M,General practice,2025-10-11,2025-10-16,0,1,0,7.7,None,0,0,0
P01505,12,F,General practice,2025-10-11,2025-10-16,1,2,1,18.7,Public,0,0,0
P01720,10,M,Paediatrics,2025-10-12,2025-10-16,1,2,0,18.3,None,0,0,0
P03326,40,M,General practice,2025-10-06,2025-10-16,1,0,0,3.9,Public,0,0,0
P01089,12,M,General practice,2025-10-10,2025-10-16,1,1,0,11.6,Public,0,0,0
P03250,38,M,General practice,2025-09-15,2025-10-16,1,8,1,34.4,None,0,0,1
P03334,40,F,Antenatal,2025-10-05,2025-10-16,0,1,0,17.5,None,0,0,0
P03041,56,M,Antenatal,2025-09-25,2025-10-16,0,1,1,8.7,Public,0,1,0
P01889,26,M,General practice,2025-10-02,2025-10-16,1,5,2,7.9,Public,0,0,0
P04003,59,F,Eye clinic,2025-09-02,2025-10-16,1,0,0,8.2,None,0,0,1
P04650,18,M,Eye clinic,2025-10-01,2025-10-16,0,2,1,1.8,None,0,0,1
P02788,9,F,Eye clinic,2025-10-01,2025-10-16,1,4,0,9.0,Public,0,0,0
P02521,21,F,Dental,2025-10-10,2025-10-16,1,8,4,5.8,Public,0,0,0
P02727,92,M,General practice,2025-09-23,2025-10-16,1,2,0,9.5,Private,1,0,0
P03592,31,F,Physiotherapy,2025-10-03,2025-10-16,1,1,0,7.1,Public,0,0,0
P03146,34,F,General practice,2025-10-04,2025-10-16,1,4,1,12.5,Public,0,0,0
P01963,41,M,Dental,2025-09-17,2025-10-16,0,1,1,13.5,None,1,0,1
P02904,4,F,Dental,2025-10-11,2025-10-16,0,2,0,12.1,Public,0,1,0
P04273,91,F,General practice,2025-10-10,2025-10-16,1,2,1,7.8,None,0,0,0
P01313,44,F,Paediatrics,2025-09-20,2025-10-17,1,2,1,10.8,None,0,0,1
P03957,25,M,Paediatrics,2025-10-15,2025-10-17,0,3,1,2.0,None,0,1,0
P01367,81,M,General practice,2025-10-04,2025-10-17,1,3,0,8.2,None,1,0,0
P01877,17,F,Physiotherapy,2025-10-06,2025-10-17,1,2,0,17.8,None,0,0,1
P04856,6,M,Eye clinic,2025-10-08,2025-10-17,0,0,0,2.8,None,0,1,0
P02290,19,F,General practice,2025-10-10,2025-10-17,1,2,1,17.1,Public,1,1,1
P02683,44,F,Antenatal,2025-09-16,2025-10-17,1,5,0,16.2,Private,0,1,1
P03707,4,M,General practice,2025-10-09,2025-10-17,1,4,2,4.9,Private,0,0,0
P03538,14,F,Dental,2025-09-11,2025-10-17,1,8,4,9.2,Private,0,0,1
P04011,9,F,Dental,2025-09-14,2025-10-17,1,3,1,20.7,None,0,0,1
P02026,9,F,General practice,2025-10-12,2025-10-17,1,4,1,7.2,None,0,0,1
P04191,44,M,General practice,2025-09-17,2025-10-17,1,3,0,8.8,Public,0,1,0
P01625,33,F,Paediatrics,2025-10-09,2025-10-17,1,0,0,5.3,None,0,1,0
P00294,23,F,General practice,2025-10-11,2025-10-20,0,1,0,3.9,None,0,0,0
P02605,26,F,Paediatrics,2025-10-16,2025-10-20,1,5,0,7.7,Public,1,0,1
P03435,20,M,General practice,2025-10-12,2025-10-20,0,1,0,9.2,Private,0,0,0
P00629,92,M,Antenatal,2025-10-08,2025-10-20,1,3,0,7.6,Private,1,0,0
P03502,17,F,General practice,2025-10-10,2025-10-20,0,5,0,11.3,Private,0,0,0
P04573,73,F,Diabetes clinic,2025-10-11,2025-10-20,1,0,0,13.4,Public,0,0,0
P00795,44,F,Paediatrics,2025-10-18,2025-10-20,1,3,0,8.0,None,0,0,0
P00548,24,F,Antenatal,2025-10-02,2025-10-20,0,6,3,4.8,Public,0,0,1
P02913,92,M,General practice,2025-09-14,2025-10-20,1,1,1,15.5,None,0,0,1
P00289,27,F,Paediatrics,2025-09-29,2025-10-20,0,4,0,7.5,Public,0,0,0
P02293,31,F,Diabetes clinic,2025-10-11,2025-10-20,1,4,0,7.1,Private,0,0,0
P03637,15,F,General practice,2025-10-16,2025-10-20,1,2,0,9.4,None,0,0,0
P01284,29,F,Diabetes clinic,2025-10-19,2025-10-20,1,5,2,6.8,Public,0,1,1
P03925,4,F,Diabetes clinic,2025-10-01,2025-10-20,1,0,0,6.9,None,0,1,0
P03477,12,F,Dental,2025-10-15,2025-10-20,0,7,2,11.9,Public,0,1,0
P02337,34,F,General practice,2025-10-19,2025-10-20,1,2,1,,None,0,0,0
P00612,44,F,Diabetes clinic,2025-10-14,2025-10-20,1,4,1,10.6,None,0,0,1
P01295,23,M,General practice,2025-10-06,2025-10-20,1,2,0,6.0,Private,0,0,0
P00299,29,M,Dental,2025-10-02,2025-10-20,1,4,1,1.7,Public,1,1,0
P02923,28,F,General practice,2025-09-27,2025-10-20,0,4,1,4.4,None,0,1,0
P01472,41,F,Physiotherapy,2025-10-01,2025-10-20,1,3,1,4.8,None,0,0,0
P03675,28,M,Physiotherapy,2025-10-09,2025-10-20,1,3,0,6.9,None,0,0,0
P03655,92,F,Paediatrics,2025-10-12,2025-10-20,0,2,0,11.6,Private,0,1,0
P02279,50,F,General practice,2025-10-10,2025-10-20,0,1,0,1.8,Private,0,0,0
P03685,74,M,General practice,2025-09-15,2025-10-20,1,0,0,6.5,Private,0,0,0
P03269,12,F,General practice,2025-10-06,2025-10-20,1,4,1,7.3,None,0,0,0
P00698,57,M,Eye clinic,2025-10-16,2025-10-20,0,2,1,20.5,None,0,0,0
P02473,19,F,Eye clinic,2025-10-13,2025-10-20,1,4,1,11.8,Public,0,0,0
P00407,12,M,Antenatal,2025-10-13,2025-10-20,0,2,0,5.3,Public,0,0,0
P01185,34,M,Antenatal,2025-10-01,2025-10-20,0,4,1,9.8,Public,0,0,0
P04677,33,F,Antenatal,2025-10-11,2025-10-20,1,2,0,6.8,Private,0,1,0
P00956,24,M,General practice,2025-10-12,2025-10-20,1,2,0,4.8,None,0,0,0
P02083,36,F,Eye clinic,2025-10-10,2025-10-20,1,5,0,9.6,None,0,0,0
P00149,38,F,Diabetes clinic,2025-10-02,2025-10-20,0,1,0,,None,0,0,0
P02070,14,M,General practice,2025-10-18,2025-10-20,1,3,0,16.1,None,0,0,0
P03738,18,F,Paediatrics,2025-10-16,2025-10-20,1,2,0,8.5,Public,0,0,0
P03700,82,F,Physiotherapy,2025-10-07,2025-10-20,0,1,0,8.9,Public,0,0,0
P00155,12,M,Eye clinic,2025-10-03,2025-10-20,0,2,0,5.2,Public,1,0,1
P02455,15,M,Paediatrics,2025-10-07,2025-10-20,1,1,1,16.0,Private,0,0,1
P02516,36,M,General practice,2025-09-17,2025-10-20,0,4,0,23.5,Public,0,0,1
P01173,27,M,Paediatrics,2025-09-29,2025-10-20,0,6,2,7.0,Public,0,0,1
P00195,92,M,General practice,2025-10-01,2025-10-20,0,1,0,12.5,Private,0,0,0
P04349,27,F,Antenatal,2025-09-24,2025-10-20,0,2,1,18.6,None,0,0,1
P01873,22,F,Dental,2025-10-18,2025-10-20,1,3,0,6.2,Public,0,0,0
P00945,50,F,Paediatrics,2025-10-17,2025-10-20,1,5,0,7.0,None,0,1,0
P03686,13,M,Antenatal,2025-10-09,2025-10-20,1,1,0,3.1,Public,1,1,0
P00078,64,M,Antenatal,2025-10-03,2025-10-20,0,1,1,15.4,Private,0,0,1
P00067,76,F,Eye clinic,2025-10-12,2025-10-21,0,6,0,11.0,Private,0,0,1
P04614,52,F,General practice,2025-09-27,2025-10-21,0,5,0,6.9,Private,1,1,0
P01360,10,M,Eye clinic,2025-10-20,2025-10-21,0,2,0,7.7,Public,1,0,0
P02756,43,M,Physiotherapy,2025-10-03,2025-10-21,0,2,0,8.6,Private,0,0,0
P02002,59,M,Antenatal,2025-10-08,2025-10-21,1,4,0,14.3,Public,0,0,0
P04271,23,M,Paediatrics,2025-10-19,2025-10-21,1,3,0,0.4,Public,0,0,1
P00183,32,F,General practice,2025-10-14,2025-10-21,1,3,1,7.1,None,0,1,1
P02667,27,M,General practice,2025-09-28,2025-10-21,1,3,0,15.4,None,0,0,1
P01686,4,F,Diabetes clinic,2025-10-16,2025-10-21,1,3,2,19.1,Public,0,0,1
P03795,37,F,Physiotherapy,2025-10-14,2025-10-21,1,2,1,4.0,Private,0,0,0
P02031,22,F,Antenatal,2025-10-15,2025-10-21,1,6,0,3.1,None,0,1,0
P02068,62,M,Paediatrics,2025-10-18,2025-10-21,1,3,1,1.1,None,0,0,0
P04690,20,F,Antenatal,2025-10-15,2025-10-21,1,4,1,1.9,Private,0,1,0
P03418,29,M,Antenatal,2025-10-15,2025-10-21,0,1,0,10.5,None,0,0,0
P02698,28,F,Antenatal,2025-10-21,2025-10-21,1,4,0,2.2,Public,0,1,0
P04147,38,M,General practice,2025-10-06,2025-10-21,1,7,2,9.1,Public,0,0,0
P04255,51,F,Diabetes clinic,2025-10-14,2025-10-21,1,3,0,7.1,Public,1,0,0
P04277,46,M,General practice,2025-10-16,2025-10-22,1,4,2,23.5,Public,1,0,1
P01139,31,F,Eye clinic,2025-10-15,2025-10-22,1,2,0,10.9,None,0,0,1
P04931,75,F,Eye clinic,2025-10-20,2025-10-22,1,1,1,6.5,None,1,0,1
P00412,55,F,Antenatal,2025-10-12,2025-10-22,1,5,0,2.3,None,1,0,0
P04047,53,M,Diabetes clinic,2025-10-04,2025-10-22,1,7,1,5.0,None,0,1,0
P02270,9,M,Paediatrics,2025-10-04,2025-10-22,0,1,0,4.8,Public,0,1,1
P02274,40,M,Paediatrics,2025-10-15,2025-10-22,0,1,0,7.5,Public,0,0,0
P01023,33,F,General practice,2025-10-22,2025-10-22,1,2,1,4.4,Public,0,1,0
P00228,46,M,Paediatrics,2025-10-20,2025-10-22,1,1,0,6.0,None,1,0,0
P00927,10,F,General practice,2025-10-22,2025-10-22,1,2,0,1.1,None,0,0,0
P04839,28,M,General practice,2025-10-08,2025-10-22,0,1,1,6.5,Public,0,0,1
P04589,25,M,Paediatrics,2025-10-06,2025-10-22,1,1,0,12.6,None,0,0,1
P01604,14,M,Dental,2025-10-12,2025-10-22,0,2,0,1.6,Private,0,1,1
P03779,37,F,Eye clinic,2025-10-15,2025-10-22,0,3,3,,None,0,1,1
P04161,62,M,Antenatal,2025-10-16,2025-10-22,1,2,1,2.7,None,1,1,0
P04490,7,F,Dental,2025-10-01,2025-10-23,0,2,0,3.5,None,1,1,1
P00615,76,M,General practice,2025-09-21,2025-10-23,0,2,1,20.7,None,0,0,1
P01946,71,M,Paediatrics,2025-10-17,2025-10-23,1,2,1,1.3,None,0,0,0
P04051,25,M,Diabetes clinic,2025-10-12,2025-10-23,1,3,0,14.7,None,0,0,0
P00869,30,F,Antenatal,2025-10-04,2025-10-23,0,2,0,13.0,Public,0,0,0
P02701,18,M,General practice,2025-09-30,2025-10-23,1,3,1,18.0,None,0,1,1
P01663,40,M,Paediatrics,2025-10-11,2025-10-23,1,4,0,12.8,None,0,0,0
P03716,49,F,Diabetes clinic,2025-10-13,2025-10-23,1,1,0,6.9,Private,0,0,0
P00944,25,F,Eye clinic,2025-10-16,2025-10-23,1,2,0,24.3,Private,1,0,0
P01853,24,F,Antenatal,2025-10-17,2025-10-23,1,6,0,3.8,None,1,0,0
P02862,28,M,Dental,2025-09-08,2025-10-23,1,5,0,5.1,Public,0,0,1
P04568,6,F,Diabetes clinic,2025-10-08,2025-10-23,0,2,0,25.0,None,0,0,1
P03814,9,F,Diabetes clinic,2025-10-17,2025-10-23,1,2,0,2.3,Public,0,1,0
P02722,30,M,Antenatal,2025-10-17,2025-10-23,1,4,0,6.0,Public,0,0,0
P01063,44,F,Dental,2025-10-21,2025-10-24,1,4,2,3.3,None,1,0,0
P03530,32,F,General practice,2025-10-13,2025-10-24,1,4,1,5.3,Private,0,0,0
P02887,39,F,Antenatal,2025-10-03,2025-10-24,1,5,0,2.8,None,0,1,0
P01518,32,F,General practice,2025-10-04,2025-10-24,0,2,0,7.0,Private,0,1,0
P03360,32,M,Paediatrics,2025-10-10,2025-10-24,1,0,0,6.0,Public,0,1,0
P00908,36,F,Dental,2025-09-26,2025-10-24,1,3,0,14.4,Private,0,0,1
P03066,19,M,General practice,2025-10-24,2025-10-24,1,4,1,5.0,None,0,1,0
P03128,12,F,General practice,2025-10-17,2025-10-24,1,4,0,12.7,Public,1,1,0
P01789,36,M,Antenatal,2025-10-14,2025-10-24,0,0,0,2.8,Public,0,0,0
P02858,44,M,General practice,2025-09-22,2025-10-24,0,3,0,5.9,None,0,0,0
P03710,51,F,General practice,2025-10-21,2025-10-24,1,3,1,15.2,Public,0,0,0
P02136,62,M,General practice,2025-10-12,2025-10-24,0,5,1,17.7,Public,0,0,1
P01132,59,F,General practice,2025-10-22,2025-10-24,0,6,2,17.5,None,0,1,0
P00484,46,F,Antenatal,2025-09-27,2025-10-24,1,2,0,6.7,Public,0,0,0
P04534,16,F,General practice,2025-10-20,2025-10-27,1,3,0,7.5,Public,0,0,0
P00009,27,F,Antenatal,2025-10-24,2025-10-27,1,4,1,5.1,Private,0,1,0
P02823,33,F,Antenatal,2025-10-15,2025-10-27,1,3,0,6.2,None,0,0,0
P02832,16,M,General practice,2025-10-11,2025-10-27,1,5,0,1.3,Private,0,0,0
P02169,76,F,Paediatrics,2025-10-11,2025-10-27,1,6,3,7.8,Public,0,0,1
P00723,12,F,General practice,2025-10-22,2025-10-27,0,3,0,26.4,Private,0,1,0
P02100,19,F,Antenatal,2025-10-08,2025-10-27,1,4,1,9.5,Public,0,0,0
P01909,36,M,General practice,2025-10-16,2025-10-27,0,3,0,5.0,Public,0,0,0
P04427,3,F,Eye clinic,2025-10-12,2025-10-27,1,1,0,9.7,Private,0,0,0
P02210,13,F,Eye clinic,2025-10-07,2025-10-27,1,4,0,8.9,None,0,0,0
P00535,92,F,Diabetes clinic,2025-10-16,2025-10-27,1,2,0,5.3,Public,0,1,0
P02365,47,F,Eye clinic,2025-10-19,2025-10-27,1,0,0,13.6,None,1,1,0
P04663,42,M,Eye clinic,2025-10-21,2025-10-27,1,3,0,9.6,Public,0,0,0
P04520,35,F,General practice,2025-10-22,2025-10-27,1,4,0,3.9,None,0,0,0
P04552,11,F,General practice,2025-10-16,2025-10-27,1,2,1,0.6,Public,1,0,1
P04483,32,F,Dental,2025-10-25,2025-10-27,1,1,0,7.9,None,0,0,0
P04672,45,M,Physiotherapy,2025-10-14,2025-10-27,0,5,2,8.6,Public,0,0,1
P02121,26,M,Eye clinic,2025-10-11,2025-10-27,1,4,1,10.3,Public,0,0,0
P00656,14,F,General practice,2025-10-12,2025-10-27,1,4,0,3.7,Public,0,0,1
P00312,11,F,Physiotherapy,2025-10-22,2025-10-27,0,5,1,2.3,None,0,0,0
P00696,18,F,General practice,2025-10-07,2025-10-27,1,2,0,4.0,Public,0,1,0
P02914,48,M,Paediatrics,2025-10-05,2025-10-27,1,3,0,3.8,None,1,1,0
P01468,14,M,Eye clinic,2025-10-18,2025-10-27,1,2,0,11.2,Public,0,0,0
P01169,16,M,Dental,2025-10-11,2025-10-27,0,2,0,6.3,Public,1,1,0
P00173,28,F,Dental,2025-10-26,2025-10-27,1,3,0,1.6,Private,0,1,0
P01165,20,F,Eye clinic,2025-10-23,2025-10-27,0,4,1,5.5,Private,0,0,0
P01074,50,M,Antenatal,2025-10-09,2025-10-27,1,3,0,10.9,None,0,0,0
P01647,7,F,General practice,2025-09-26,2025-10-27,0,2,0,13.6,None,0,0,1
P00171,26,F,Antenatal,2025-10-17,2025-10-27,1,0,0,16.6,Private,0,0,0
P01110,26,F,General practice,2025-10-15,2025-10-27,0,4,1,,None,0,0,1
P01605,22,F,Paediatrics,2025-10-04,2025-10-27,1,4,0,3.3,,0,0,0
P03370,14,F,Diabetes clinic,2025-10-21,2025-10-27,1,1,0,15.5,None,0,0,0
P01730,35,F,Diabetes clinic,2025-10-24,2025-10-27,1,5,2,4.4,Private,0,0,0
P01557,17,F,Antenatal,2025-10-17,2025-10-27,1,4,1,16.8,Public,0,1,0
P01387,37,M,Eye clinic,2025-10-20,2025-10-27,0,0,0,16.3,Public,0,1,1
P01412,34,M,Paediatrics,2025-10-18,2025-10-27,0,5,1,20.1,Private,0,0,1
P03761,92,F,Physiotherapy,2025-10-20,2025-10-27,0,3,1,20.2,None,1,1,0
P03354,52,M,General practice,2025-10-19,2025-10-27,1,4,1,2.1,Private,0,1,1
P01153,9,M,Eye clinic,2025-10-18,2025-10-27,0,2,2,25.7,None,0,0,1
P01549,21,F,General practice,2025-10-16,2025-10-27,1,4,0,6.3,Public,1,1,0
P00997,55,F,Antenatal,2025-10-23,2025-10-27,1,4,1,5.0,Private,0,1,0
P03522,39,M,Diabetes clinic,2025-09-13,2025-10-27,0,0,0,2.7,None,0,1,1
P03774,34,M,Antenatal,2025-10-21,2025-10-27,0,3,0,15.9,Public,0,0,0
P02179,13,F,General practice,2025-10-17,2025-10-28,1,2,0,9.1,None,1,1,0
P02266,65,M,Physiotherapy,2025-10-27,2025-10-28,1,0,0,13.1,Public,1,0,0
P00150,20,F,General practice,2025-09-10,2025-10-28,0,2,1,,None,0,1,1
P03974,92,M,Diabetes clinic,2025-10-27,2025-10-28,1,4,1,18.7,Private,1,0,0
P02436,15,M,Eye clinic,2025-10-16,2025-10-28,1,3,1,,Public,0,0,0
P00669,28,F,General practice,2025-10-16,2025-10-28,1,5,1,12.2,Public,0,0,0
P01797,17,F,Diabetes clinic,2025-10-17,2025-10-28,1,1,0,12.6,None,0,1,0
P00950,15,F,Diabetes clinic,2025-10-27,2025-10-28,1,1,0,8.4,Private,1,1,0
P02446,23,F,Diabetes clinic,2025-09-09,2025-10-28,1,3,0,9.9,Private,0,0,0
P04020,55,F,General practice,2025-10-20,2025-10-28,1,4,1,13.9,Public,1,0,0
P01940,67,F,Dental,2025-10-25,2025-10-28,1,2,1,,Private,1,0,0
P02693,41,M,Antenatal,2025-10-04,2025-10-29,1,3,2,14.6,None,0,0,1
P01846,9,F,General practice,2025-10-27,2025-10-29,1,2,1,7.4,Public,0,0,0
P01415,8,F,General practice,2025-10-28,2025-10-29,0,3,0,6.9,Private,0,0,0
P01827,15,M,General practice,2025-10-17,2025-10-29,0,0,0,2.1,None,0,0,1
P02988,27,F,Antenatal,2025-10-26,2025-10-29,1,2,0,,None,0,0,0
P04066,7,M,General practice,2025-10-16,2025-10-29,1,5,1,4.0,Public,0,0,0
P04381,3,M,General practice,2025-10-23,2025-10-29,0,2,1,5.8,None,0,1,0
P04377,74,F,Antenatal,2025-10-12,2025-10-29,1,2,0,11.4,None,1,0,0
P02120,57,F,Antenatal,2025-10-25,2025-10-29,1,2,0,8.3,None,0,0,0
P01227,22,F,General practice,2025-10-18,2025-10-29,1,5,1,2.1,None,0,0,1
P04821,25,M,General practice,2025-10-27,2025-10-29,0,3,0,4.2,Private,0,0,0
P01581,35,F,Diabetes clinic,2025-10-08,2025-10-29,1,3,1,6.6,Public,0,0,1
P00530,31,F,Dental,2025-10-18,2025-10-29,1,4,1,6.7,None,0,0,1
P04816,4,M,Dental,2025-10-25,2025-10-29,1,6,3,2.5,None,0,0,0
P01498,33,F,Physiotherapy,2025-10-20,2025-10-29,0,1,0,10.8,Public,0,0,0
P03897,32,F,Antenatal,2025-10-23,2025-10-29,1,4,0,6.1,Public,0,0,0
P03341,45,M,General practice,2025-10-23,2025-10-30,1,3,0,4.0,Public,0,1,0
P03123,17,M,General practice,2025-10-28,2025-10-30,1,5,0,10.4,None,0,0,0
P00635,11,F,Diabetes clinic,2025-10-26,2025-10-30,0,2,0,5.1,None,0,0,0
P02865,42,M,Paediatrics,2025-10-09,2025-10-30,0,1,0,4.3,None,0,0,0
P01362,41,F,Diabetes clinic,2025-10-27,2025-10-30,1,1,0,5.4,None,0,0,0
P01115,73,F,Antenatal,2025-10-27,2025-10-30,0,0,0,15.5,None,0,1,1
P04832,10,F,General practice,2025-10-29,2025-10-30,0,5,1,5.3,None,0,0,0
P04452,14,M,Paediatrics,2025-10-19,2025-10-30,0,2,0,2.2,None,0,0,0
P01329,12,M,General practice,2025-10-28,2025-10-30,1,3,1,14.0,Private,0,0,1
P00331,40,M,Antenatal,2025-10-25,2025-10-30,1,4,1,,Public,0,0,0
P04001,43,F,General practice,2025-10-25,2025-10-30,1,3,0,1.9,None,1,0,0
P04497,7,F,General practice,2025-10-19,2025-10-30,1,2,0,14.1,Public,0,0,0
P01053,75,M,Physiotherapy,2025-09-29,2025-10-30,0,5,0,1.3,Public,0,0,0
P01475,38,F,Diabetes clinic,2025-10-29,2025-10-30,1,0,0,11.1,None,0,0,0
P01924,28,M,Dental,2025-10-25,2025-10-30,1,3,0,9.2,Private,0,0,0
P03154,36,F,General practice,2025-10-27,2025-10-30,0,5,2,3.9,None,0,1,0
P02761,27,F,Paediatrics,2025-10-19,2025-10-30,1,5,1,8.8,Public,1,1,0
P02442,36,F,General practice,2025-10-28,2025-10-30,1,3,1,18.6,Private,1,0,0
P04991,25,F,General practice,2025-10-17,2025-10-30,1,3,1,3.9,Public,0,1,0
P04420,69,F,Dental,2025-10-08,2025-10-30,1,4,0,24.8,None,0,0,0
P01708,16,F,General practice,2025-10-10,2025-10-30,1,0,0,9.7,,0,0,0
P02661,76,F,Eye clinic,2025-10-11,2025-10-30,1,4,0,10.4,None,0,1,1
P01929,33,M,Physiotherapy,2025-10-27,2025-10-31,1,2,1,,Private,0,0,1
P02401,46,M,Antenatal,2025-10-08,2025-10-31,0,6,3,8.6,Private,0,1,1
P02107,9,F,General practice,2025-10-19,2025-10-31,1,5,0,22.0,Private,0,1,0
P00787,25,M,General practice,2025-10-31,2025-10-31,1,2,1,1.2,Public,0,1,0
P01389,6,F,Diabetes clinic,2025-10-16,2025-10-31,1,5,1,2.4,None,0,0,1
P00237,8,F,General practice,2025-10-25,2025-10-31,1,2,0,0.7,Public,0,0,0
P00622,20,F,Antenatal,2025-10-18,2025-10-31,0,3,3,1.9,Private,0,0,1
P04270,1,M,Paediatrics,2025-10-04,2025-10-31,1,4,0,7.5,Private,0,1,1
P04571,48,F,Eye clinic,2025-10-15,2025-10-31,1,1,1,2.4,Public,1,1,1
P03883,42,F,General practice,2025-10-12,2025-10-31,0,2,1,4.2,Private,0,0,0
P04223,22,M,Dental,2025-10-29,2025-10-31,1,3,1,5.8,None,0,0,0
P03765,19,M,Dental,2025-10-30,2025-10-31,1,2,0,1.6,Public,0,0,0
P01085,27,M,General practice,2025-10-22,2025-10-31,0,6,2,8.8,None,0,0,1
P04648,20,F,Antenatal,2025-10-28,2025-10-31,1,6,0,6.9,Public,0,0,0
P01921,41,F,General practice,2025-10-22,2025-10-31,0,4,1,5.5,None,0,0,0
P04486,17,F,Eye clinic,2025-10-28,2025-10-31,1,5,2,7.1,Public,0,0,0
P01487,36,F,General practice,2025-10-11,2025-11-03,1,2,0,22.8,None,0,0,1
P02346,25,M,Diabetes clinic,2025-10-30,2025-11-03,1,3,0,8.8,Private,0,0,0
P04824,16,F,Physiotherapy,2025-10-31,2025-11-03,1,5,0,14.1,Public,0,0,0
P03570,10,F,Diabetes clinic,2025-11-01,2025-11-03,1,2,0,8.7,Public,0,0,0
P01561,32,F,Diabetes clinic,2025-10-23,2025-11-03,1,4,1,15.2,None,0,1,0
P03567,45,M,General practice,2025-10-25,2025-11-03,1,2,0,,Private,1,0,0
P00103,27,F,Physiotherapy,2025-11-02,2025-11-03,1,4,2,5.1,None,0,0,1
P03566,54,F,General practice,2025-10-11,2025-11-03,1,5,0,17.6,None,1,0,0
P03564,39,F,Paediatrics,2025-10-15,2025-11-03,1,3,1,7.2,Private,0,0,1
P00131,6,F,General practice,2025-10-23,2025-11-03,0,5,3,3.2,Private,0,0,1
P00109,23,M,Dental,2025-10-19,2025-11-03,1,5,2,6.8,None,1,0,0
P01163,21,M,General practice,2025-10-21,2025-11-03,1,5,1,11.9,Private,0,0,0
P02098,27,F,Eye clinic,2025-10-29,2025-11-03,0,1,1,19.3,None,0,0,1
P03394,18,F,Physiotherapy,2025-10-16,2025-11-03,0,6,1,10.5,Public,0,0,0
P03938,53,M,Diabetes clinic,2025-10-23,2025-11-03,1,3,0,9.2,None,1,0,0
P02685,55,F,Antenatal,2025-10-26,2025-11-03,0,2,0,6.1,Public,1,0,0
P01980,6,F,Paediatrics,2025-10-29,2025-11-03,0,3,0,18.9,Public,0,1,1
P01264,31,M,Dental,2025-10-23,2025-11-03,0,5,2,4.3,Private,0,0,1
P04693,60,M,General practice,2025-10-22,2025-11-03,1,3,0,8.0,Public,1,0,0
P03404,54,F,Antenatal,2025-10-13,2025-11-03,1,1,0,5.8,None,1,0,0
P00112,36,M,Diabetes clinic,2025-10-30,2025-11-03,1,4,2,9.0,Public,0,0,0
P01568,26,M,Eye clinic,2025-10-20,2025-11-03,0,0,0,9.4,Public,0,0,1
P01958,58,F,Paediatrics,2025-10-29,2025-11-03,0,5,1,14.4,Public,1,0,1
P00978,42,M,Antenatal,2025-10-31,2025-11-03,1,5,1,6.8,Public,0,0,0
P02712,33,F,General practice,2025-11-03,2025-11-03,1,2,0,5.2,None,0,0,0
P02158,65,M,Paediatrics,2025-10-28,2025-11-03,1,4,1,2.0,Private,1,0,0
P01290,13,F,Diabetes clinic,2025-10-25,2025-11-03,1,0,0,38.1,Public,0,0,0
P01485,27,F,General practice,2025-10-30,2025-11-03,0,5,1,0.5,Private,0,0,0
P00468,89,F,General practice,2025-10-26,2025-11-03,0,3,1,10.1,None,0,1,0
P01298,63,F,Antenatal,2025-10-30,2025-11-03,1,4,2,4.8,Public,0,0,0
P02076,36,M,Physiotherapy,2025-11-01,2025-11-03,0,2,0,5.5,None,0,0,0
P01279,81,F,Physiotherapy,2025-11-01,2025-11-03,1,5,0,1.9,None,1,0,0
P03355,92,F,Paediatrics,2025-10-22,2025-11-03,0,4,0,10.1,None,1,0,0
P04023,30,F,General practice,2025-11-02,2025-11-03,1,2,2,5.9,None,0,0,1
P04268,40,M,Diabetes clinic,2025-09-23,2025-11-03,1,4,0,13.3,None,0,1,1
P02908,17,M,Diabetes clinic,2025-10-26,2025-11-03,1,3,1,17.5,Public,0,0,0
P03543,67,F,Antenatal,2025-10-30,2025-11-03,0,3,0,19.1,Public,1,0,0
P01218,56,F,Paediatrics,2025-10-21,2025-11-03,1,1,0,7.6,Private,0,1,0
P03486,46,F,Antenatal,2025-10-27,2025-11-03,0,6,0,4.3,Private,0,1,0
P00239,15,F,Dental,2025-10-28,2025-11-03,1,4,1,3.3,None,0,0,0
P04135,8,F,Paediatrics,2025-10-01,2025-11-03,0,4,0,4.0,Private,0,1,0
P01848,26,F,Dental,2025-10-28,2025-11-03,1,2,0,11.5,None,0,0,0
P00891,88,M,Antenatal,2025-10-21,2025-11-03,1,4,0,24.6,Public,0,0,0
P02825,54,F,Paediatrics,2025-10-06,2025-11-03,1,2,0,9.9,None,0,0,0
P03482,39,F,Diabetes clinic,2025-10-30,2025-11-03,1,1,0,5.3,Public,0,0,0
P00391,39,F,Diabetes clinic,2025-10-24,2025-11-03,1,5,1,9.3,Private,0,0,0
P00096,37,F,Antenatal,2025-10-16,2025-11-03,1,2,1,5.7,None,0,0,0
P00725,51,F,General practice,2025-10-28,2025-11-03,1,6,0,14.9,Private,0,0,1
P00029,39,M,Antenatal,2025-10-11,2025-11-03,0,3,0,3.6,Public,0,0,0
P03519,16,F,Diabetes clinic,2025-10-13,2025-11-03,1,3,0,6.3,Public,0,1,0
P04389,25,F,Antenatal,2025-10-27,2025-11-04,1,5,3,5.4,Public,0,0,1
P00517,20,M,Eye clinic,2025-11-01,2025-11-04,1,1,0,3.5,Public,0,0,0
P01718,50,F,General practice,2025-10-22,2025-11-04,1,2,1,7.6,Private,0,1,0
P04990,36,M,Dental,2025-10-13,2025-11-04,0,5,0,22.4,Public,0,1,1
P00900,55,F,Paediatrics,2025-10-17,2025-11-04,1,4,3,0.3,Private,0,1,1
P04124,65,M,General practice,2025-11-01,2025-11-04,0,1,1,17.0,Public,0,1,1
P04201,22,F,Paediatrics,2025-11-02,2025-11-04,0,2,0,10.7,Private,0,0,0
P03121,46,F,Dental,2025-10-29,2025-11-04,0,4,0,1.4,None,1,1,0
P01785,8,M,General practice,2025-10-30,2025-11-04,1,4,1,16.2,Private,0,0,1
P03832,8,F,Diabetes clinic,2025-10-13,2025-11-04,1,4,1,3.9,Private,0,1,0
P02863,29,F,General practice,2025-10-26,2025-11-04,1,1,0,5.7,Private,0,0,0
P00861,27,M,Physiotherapy,2025-11-01,2025-11-04,0,4,0,2.3,Public,0,1,1
P01816,79,F,Antenatal,2025-11-02,2025-11-04,1,3,2,15.6,Public,1,0,0
P03944,16,M,Physiotherapy,2025-10-29,2025-11-04,1,2,0,8.7,Public,0,1,1
P01634,32,F,Paediatrics,2025-10-30,2025-11-05,1,3,1,3.5,Public,0,0,0
P00872,13,M,Diabetes clinic,2025-11-02,2025-11-05,1,5,1,15.6,Public,0,0,0
P02495,57,F,Antenatal,2025-10-26,2025-11-05,1,2,1,12.1,Private,0,1,1
P03721,4,M,Diabetes clinic,2025-10-26,2025-11-05,1,1,0,9.4,Private,0,1,0
P03494,23,F,Eye clinic,2025-09-21,2025-11-05,1,3,1,13.6,Private,1,0,1
P02699,41,F,Antenatal,2025-10-26,2025-11-06,1,6,1,8.2,Public,0,0,0
P00949,15,F,Diabetes clinic,2025-10-23,2025-11-06,0,2,0,5.1,None,0,1,0
P02827,15,M,General practice,2025-11-01,2025-11-06,1,3,0,6.2,Public,0,1,0
P03359,64,M,Physiotherapy,2025-10-03,2025-11-06,0,5,1,4.1,Private,0,1,1
P03392,22,F,Eye clinic,2025-10-29,2025-11-06,0,4,2,11.4,None,0,0,1
P03668,18,M,General practice,2025-10-21,2025-11-06,1,3,1,4.5,Public,0,0,0
P00752,39,M,Dental,2025-11-02,2025-11-06,1,1,0,0.9,None,0,0,0
P04514,52,M,Paediatrics,2025-11-03,2025-11-06,1,2,0,3.2,None,0,0,0
P01763,42,F,Paediatrics,2025-10-28,2025-11-06,1,3,2,17.8,Public,0,0,0
P01834,43,F,General practice,2025-10-09,2025-11-06,1,5,1,8.6,Private,1,0,0
P01149,37,M,Dental,2025-11-05,2025-11-06,0,2,0,0.8,Public,0,0,0
P01032,25,F,Dental,2025-10-12,2025-11-06,0,1,1,3.9,Public,0,0,1
P02538,47,F,Eye clinic,2025-11-01,2025-11-06,1,3,0,14.9,None,1,0,0
P01164,26,F,General practice,2025-11-06,2025-11-06,0,0,0,10.6,Public,0,0,0
P01178,39,F,Physiotherapy,2025-10-09,2025-11-06,1,2,0,15.5,None,0,0,0
P04432,37,F,Dental,2025-11-02,2025-11-06,1,3,0,9.3,Public,0,0,1
P00494,23,F,General practice,2025-10-30,2025-11-06,1,2,1,5.3,Public,0,1,0
P04225,49,F,Eye clinic,2025-10-17,2025-11-06,0,4,0,5.4,Private,1,0,1
P00263,26,F,Paediatrics,2025-11-02,2025-11-06,1,7,0,5.4,None,1,1,1
P04091,82,M,General practice,2025-10-30,2025-11-06,0,1,1,4.2,Public,1,0,0
P01511,20,M,Physiotherapy,2025-11-06,2025-11-06,0,3,1,1.4,Public,0,0,0
P03928,63,M,Physiotherapy,2025-11-03,2025-11-07,0,3,1,4.0,Private,0,0,0
P03786,92,M,Diabetes clinic,2025-11-03,2025-11-07,0,4,2,1.8,Public,0,0,0
P03313,35,M,Dental,2025-10-30,2025-11-07,1,2,1,2.5,Private,0,0,0
P04543,18,F,Physiotherapy,2025-09-15,2025-11-07,0,2,0,0.6,Private,0,1,1
P01891,24,F,General practice,2025-11-05,2025-11-07,0,9,1,13.8,,0,0,1
P02905,29,F,Dental,2025-11-03,2025-11-07,1,1,0,18.6,None,0,0,0
P01562,47,F,Dental,2025-11-06,2025-11-07,1,4,0,3.1,Private,0,0,0
P00702,10,M,Diabetes clinic,2025-11-01,2025-11-07,1,1,0,4.4,Private,1,0,0
P03615,14,F,Diabetes clinic,2025-11-04,2025-11-07,1,6,1,4.7,Public,0,0,0
P03100,48,M,Paediatrics,2025-10-28,2025-11-07,1,6,0,3.5,Public,0,0,0
P01761,19,M,Paediatrics,2025-10-24,2025-11-07,0,1,0,5.2,None,0,0,0
P04350,48,F,General practice,2025-10-25,2025-11-07,1,4,1,9.1,Private,0,0,0
P02731,37,F,Diabetes clinic,2025-11-03,2025-11-07,0,3,1,19.1,None,1,1,0
P04332,18,M,Antenatal,2025-10-24,2025-11-07,1,4,0,32.1,Public,0,1,0
P01869,18,M,Antenatal,2025-10-17,2025-11-07,1,1,0,3.1,Public,0,0,0
P01146,56,M,Dental,2025-11-06,2025-11-07,1,2,0,11.8,Public,0,0,0
P00728,11,F,Diabetes clinic,2025-10-22,2025-11-07,1,2,1,5.2,None,0,0,0
P04524,47,F,General practice,2025-10-21,2025-11-07,1,2,1,2.9,Public,1,1,0
P01278,65,F,Diabetes clinic,2025-11-04,2025-11-07,1,3,0,10.6,Public,0,1,0
P01584,20,F,General practice,2025-10-26,2025-11-07,1,1,0,6.3,Public,1,0,0
P01456,65,F,Antenatal,2025-10-31,2025-11-07,0,3,1,12.9,Public,1,0,0
P02479,18,M,Antenatal,2025-10-15,2025-11-07,0,1,1,7.8,Public,0,0,1
P03723,78,M,Paediatrics,2025-10-26,2025-11-07,0,4,1,4.2,Public,1,1,1
P00933,84,F,General practice,2025-10-25,2025-11-10,0,4,1,8.0,None,0,1,1
P04264,9,M,General practice,2025-10-15,2025-11-10,1,2,0,3.6,Public,1,0,1
P00320,20,F,Antenatal,2025-10-24,2025-11-10,1,4,0,14.9,None,0,1,0
P00700,92,F,Paediatrics,2025-11-02,2025-11-10,1,3,1,2.9,None,0,0,1
P02015,29,M,General practice,2025-11-02,2025-11-10,1,1,0,8.5,Public,0,0,1
P01257,48,F,Diabetes clinic,2025-10-28,2025-11-10,1,3,1,2.2,Private,0,1,0
P00311,69,M,General practice,2025-11-07,2025-11-10,1,0,0,9.7,None,1,0,1
P00980,51,F,Paediatrics,2025-10-29,2025-11-10,1,3,0,14.7,None,0,0,0
P03280,21,F,Antenatal,2025-10-25,2025-11-10,0,4,0,3.6,Public,1,0,1
P00570,24,F,Diabetes clinic,2025-11-07,2025-11-10,0,2,0,8.2,Public,0,1,0
P00478,60,F,General practice,2025-11-10,2025-11-10,1,1,0,6.0,Private,1,0,0
P02268,11,M,General practice,2025-10-18,2025-11-10,1,0,0,5.1,Public,0,0,0
P00400,11,F,Diabetes clinic,2025-10-25,2025-11-10,0,2,0,1.4,None,0,0,1
P03248,47,F,General practice,2025-11-05,2025-11-10,1,6,2,3.9,Public,0,1,1
P04097,20,M,Diabetes clinic,2025-11-02,2025-11-10,1,4,1,2.5,Public,1,0,0
P01214,24,M,Diabetes clinic,2025-10-30,2025-11-10,1,0,0,2.6,Public,0,0,0
P00105,43,F,Diabetes clinic,2025-10-26,2025-11-10,1,2,1,4.6,None,0,1,0
P02297,52,F,Diabetes clinic,2025-11-01,2025-11-10,1,2,0,8.2,Private,0,1,0
P04879,5,F,General practice,2025-10-18,2025-11-10,1,3,3,17.0,None,0,0,1
P00589,10,M,Dental,2025-11-05,2025-11-10,1,6,1,9.5,None,0,1,1
P03559,9,M,Physiotherapy,2025-10-29,2025-11-10,0,3,0,7.6,Private,0,1,1
P02089,10,M,Physiotherapy,2025-10-19,2025-11-10,1,5,2,3.3,Public,0,0,0
P00653,13,F,Antenatal,2025-10-23,2025-11-10,1,0,0,1.5,Public,0,0,0
P01092,20,F,Dental,2025-11-06,2025-11-10,0,4,2,8.5,None,0,0,1
P01395,92,F,Paediatrics,2025-10-09,2025-11-10,0,2,0,13.2,None,0,1,1
P00375,15,M,Paediatrics,2025-11-01,2025-11-10,1,5,2,9.4,Public,0,0,0
P03271,7,M,General practice,2025-10-20,2025-11-10,0,1,0,4.1,None,0,1,0
P02601,50,F,Paediatrics,2025-11-08,2025-11-10,1,1,1,13.7,Public,1,0,1
P00524,13,M,Paediatrics,2025-10-14,2025-11-10,1,2,0,2.3,Private,0,1,1
P04838,37,M,Antenatal,2025-11-08,2025-11-10,0,3,0,6.8,None,0,0,1
P03214,18,F,Dental,2025-10-26,2025-11-10,1,4,0,9.9,None,0,0,1
P02317,41,M,Dental,2025-10-27,2025-11-10,1,2,0,,Public,0,0,0
P02342,23,F,General practice,2025-11-08,2025-11-10,1,4,1,13.6,None,0,0,0
P03037,19,F,General practice,2025-11-05,2025-11-10,1,7,1,6.3,None,0,0,0
P01226,41,F,Paediatrics,2025-11-07,2025-11-10,1,4,1,11.9,Public,0,0,1
P02608,27,F,Diabetes clinic,2025-10-28,2025-11-10,0,5,0,6.2,Private,0,0,0
P00111,61,M,Paediatrics,2025-11-07,2025-11-10,0,4,2,2.5,Public,0,0,0
P00079,20,F,Paediatrics,2025-11-06,2025-11-10,1,7,2,29.6,None,0,0,0
P03857,49,F,General practice,2025-10-23,2025-11-10,0,1,0,3.2,Public,1,0,0
P01061,18,F,General practice,2025-11-10,2025-11-10,1,2,0,7.1,None,0,0,0
P01593,10,F,Paediatrics,2025-11-03,2025-11-10,1,2,2,3.9,None,0,0,1
P04922,15,M,General practice,2025-10-29,2025-11-10,0,3,2,4.3,Private,0,0,0
P04925,29,M,Diabetes clinic,2025-11-09,2025-11-10,1,1,1,2.8,Public,0,1,1
P01596,43,F,General practice,2025-11-01,2025-11-10,0,2,0,11.9,Public,0,0,0
P03895,82,M,General practice,2025-11-07,2025-11-10,1,1,0,2.2,Private,1,0,0
P02459,20,F,Paediatrics,2025-11-01,2025-11-10,0,1,0,5.9,Private,0,0,0
P04900,23,F,Paediatrics,2025-10-25,2025-11-10,1,5,1,11.4,None,0,0,1
P02550,14,M,Diabetes clinic,2025-11-06,2025-11-10,0,4,2,5.0,Public,0,0,0
P03459,13,F,General practice,2025-11-04,2025-11-10,1,2,1,6.7,Public,0,0,0
P00691,70,M,Antenatal,2025-10-24,2025-11-11,0,0,0,15.2,Private,0,0,1
P02387,32,F,Dental,2025-11-02,2025-11-11,0,4,0,7.2,Private,0,0,0
P04814,29,F,Paediatrics,2025-11-11,2025-11-11,0,4,0,,None,0,0,0
P04799,14,F,Dental,2025-11-07,2025-11-11,1,4,1,7.7,Public,0,1,0
P04120,51,M,Eye clinic,2025-10-26,2025-11-11,1,4,2,15.2,Public,0,0,0
P00964,47,M,Physiotherapy,2025-10-14,2025-11-11,0,2,1,9.9,Public,0,0,1
P00077,51,M,Antenatal,2025-10-24,2025-11-11,0,6,0,2.4,None,0,1,1
P00003,19,M,Physiotherapy,2025-10-26,2025-11-11,0,3,0,7.0,,1,1,0
P02968,16,M,Paediatrics,2025-10-14,2025-11-11,0,4,1,13.6,Public,0,1,1
P04019,30,M,Dental,2025-11-11,2025-11-11,0,1,0,13.5,None,0,0,0
P00493,89,F,Dental,2025-10-24,2025-11-11,1,4,1,0.7,Public,1,0,1
P04767,68,F,Physiotherapy,2025-11-08,2025-11-11,0,2,2,5.3,Private,0,0,0
P02190,37,F,General practice,2025-11-05,2025-11-12,1,2,1,2.4,Public,0,0,0
P02764,13,F,Paediatrics,2025-10-23,2025-11-12,1,4,2,10.7,None,0,1,1
P02391,36,M,Paediatrics,2025-11-07,2025-11-12,0,5,2,12.1,Private,0,0,0
P03027,39,M,Physiotherapy,2025-10-24,2025-11-12,1,4,0,27.8,Private,1,0,0
P03371,40,F,Dental,2025-11-11,2025-11-12,1,1,0,1.8,Private,0,1,0
P04702,39,M,General practice,2025-11-09,2025-11-12,1,5,1,10.8,Public,0,0,1
P03599,22,M,Paediatrics,2025-10-25,2025-11-12,1,1,0,2.9,Public,0,0,0
P04049,32,F,Eye clinic,2025-11-10,2025-11-12,1,3,0,6.4,Public,0,0,0
P00968,20,F,Diabetes clinic,2025-11-01,2025-11-12,1,6,2,2.7,None,0,0,0
P03344,85,F,Diabetes clinic,2025-11-04,2025-11-12,0,1,0,5.6,Private,1,1,0
P01404,60,F,Paediatrics,2025-11-07,2025-11-12,1,1,0,2.8,None,1,0,0
P01563,54,F,Dental,2025-11-11,2025-11-12,1,5,1,7.0,Public,1,0,0
P01326,52,F,Diabetes clinic,2025-11-10,2025-11-12,0,4,1,9.7,Public,0,0,1
P01197,45,M,General practice,2025-10-25,2025-11-12,0,2,0,11.4,None,0,1,0
P04234,20,F,Antenatal,2025-11-08,2025-11-12,0,0,0,3.6,None,0,0,0
P02577,27,M,Antenatal,2025-11-08,2025-11-12,1,6,1,13.6,None,1,0,0
P01016,9,M,Diabetes clinic,2025-11-07,2025-11-12,1,5,2,11.9,Public,0,1,0
P00838,60,M,Physiotherapy,2025-10-19,2025-11-12,1,7,1,21.4,Private,0,1,1
P00921,21,F,Diabetes clinic,2025-11-01,2025-11-12,1,3,0,4.5,None,0,1,0
P04250,41,F,Eye clinic,2025-11-03,2025-11-12,0,5,0,3.9,Private,0,1,0
P03552,45,F,Dental,2025-11-06,2025-11-12,0,1,0,17.2,None,0,0,1
P00670,15,F,Paediatrics,2025-09-28,2025-11-12,1,1,0,3.6,Public,0,0,0
P02961,8,F,Paediatrics,2025-11-03,2025-11-13,1,2,1,9.7,None,0,0,1
P03833,34,F,Diabetes clinic,2025-10-21,2025-11-13,1,4,1,9.2,None,0,1,1
P04259,85,F,General practice,2025-10-17,2025-11-13,1,2,0,1.4,Public,0,0,0
P00836,22,F,Physiotherapy,2025-11-10,2025-11-13,1,1,0,2.9,,0,1,0
P02568,20,F,Dental,2025-11-11,2025-11-13,0,0,0,6.7,Public,1,0,0
P01920,21,M,Dental,2025-10-30,2025-11-13,1,5,1,2.0,Public,0,1,0
P03428,29,M,Dental,2025-10-26,2025-11-13,1,2,0,7.5,Public,0,1,1
P04874,29,M,General practice,2025-11-09,2025-11-13,0,1,1,1.7,None,0,0,1
P03006,14,F,Paediatrics,2025-10-02,2025-11-13,1,3,0,4.0,Private,0,1,0
P03986,43,F,Diabetes clinic,2025-11-07,2025-11-13,1,3,2,18.6,Public,0,0,0
P04030,42,M,Eye clinic,2025-11-06,2025-11-14,0,3,0,4.0,Private,0,0,0
P02422,50,F,Eye clinic,2025-11-09,2025-11-14,1,2,0,11.6,Private,0,0,0
P00362,44,M,Paediatrics,2025-11-03,2025-11-14,1,0,0,10.7,Public,0,0,1
P00604,39,F,Eye clinic,2025-11-10,2025-11-14,0,1,0,5.1,None,0,1,0
P04461,35,M,General practice,2025-10-28,2025-11-14,1,5,2,11.4,Public,0,1,1
P00101,40,M,Eye clinic,2025-10-23,2025-11-14,1,0,0,2.4,Public,0,0,0
P00419,15,F,Eye clinic,2025-11-12,2025-11-14,1,3,0,22.2,Public,0,0,0
P01297,39,F,Antenatal,2025-11-13,2025-11-14,0,4,0,3.5,None,0,0,0
P01464,28,M,General practice,2025-11-03,2025-11-14,1,0,0,16.2,None,0,0,1
P01052,13,F,Diabetes clinic,2025-11-13,2025-11-14,1,3,1,4.3,None,0,0,1
P00658,7,F,General practice,2025-11-08,2025-11-14,1,4,1,7.3,None,0,0,0
P00475,62,M,Diabetes clinic,2025-11-12,2025-11-14,1,1,1,6.6,Private,0,1,1
P03153,92,M,Eye clinic,2025-11-07,2025-11-14,1,2,0,23.6,None,1,0,0
P04683,49,M,General practice,2025-10-26,2025-11-14,1,2,1,4.4,None,0,1,0
P03896,58,F,General practice,2025-11-12,2025-11-14,1,1,1,8.8,None,0,0,1
P01669,18,F,Paediatrics,2025-11-08,2025-11-17,1,5,1,2.4,Public,0,0,0
P00830,23,M,Diabetes clinic,2025-11-05,2025-11-17,1,4,1,7.1,None,0,0,0
P00306,46,F,General practice,2025-11-10,2025-11-17,1,5,1,4.1,Public,0,0,1
P01310,19,M,General practice,2025-11-07,2025-11-17,1,1,1,15.2,Public,0,0,0
P00283,42,M,General practice,2025-11-14,2025-11-17,0,3,0,6.1,Public,1,0,0
P02967,39,F,General practice,2025-11-07,2025-11-17,1,4,1,24.9,Public,0,0,0
P03888,32,M,Antenatal,2025-10-26,2025-11-17,1,2,0,2.3,Public,0,1,0
P03384,25,M,General practice,2025-11-11,2025-11-17,1,3,0,6.0,Public,1,0,0
P02309,36,F,Paediatrics,2025-11-11,2025-11-17,1,2,1,3.6,Public,0,1,0
P02024,19,F,General practice,2025-10-28,2025-11-17,1,3,2,,None,0,1,1
P03772,44,M,General practice,2025-11-09,2025-11-17,1,5,0,3.0,None,1,0,1
P02553,29,M,General practice,2025-11-14,2025-11-17,1,4,0,7.7,Private,0,0,0
P02599,25,F,Eye clinic,2025-11-16,2025-11-17,1,3,0,5.4,None,0,0,0
P02080,63,F,Paediatrics,2025-11-13,2025-11-17,0,3,1,21.2,Private,1,0,0
P01558,38,F,Antenatal,2025-11-15,2025-11-17,0,2,1,24.9,None,0,0,1
P02808,40,M,General practice,2025-11-05,2025-11-17,1,4,2,12.4,None,0,0,1
P03750,37,F,General practice,2025-11-14,2025-11-17,1,2,0,7.0,None,0,0,0
P02499,37,M,General practice,2025-10-23,2025-11-17,1,3,1,,Public,0,0,0
P00709,45,F,Paediatrics,2025-10-30,2025-11-17,1,2,0,3.5,None,0,0,0
P01786,20,F,Antenatal,2025-11-14,2025-11-17,1,1,0,20.3,Private,1,0,0
P02948,66,F,Antenatal,2025-11-04,2025-11-17,0,5,1,15.7,Public,0,1,0
P03555,50,F,Diabetes clinic,2025-11-09,2025-11-17,1,3,0,6.4,None,0,0,0
P01111,27,M,General practice,2025-11-14,2025-11-17,0,4,1,11.7,Private,0,0,0
P03378,31,M,Physiotherapy,2025-11-15,2025-11-17,1,2,0,17.6,Private,0,0,0
P04939,73,F,General practice,2025-11-02,2025-11-17,1,4,2,10.6,None,0,0,0
P03083,29,F,Paediatrics,2025-11-13,2025-11-17,1,7,1,4.6,None,0,0,0
P04669,64,M,General practice,2025-11-06,2025-11-17,1,5,0,4.4,None,1,0,0
P03577,26,M,General practice,2025-11-08,2025-11-17,1,3,0,11.5,Public,0,0,0
P03579,70,F,Physiotherapy,2025-11-01,2025-11-17,1,1,0,6.2,Public,0,0,1
P02106,48,F,Dental,2025-11-11,2025-11-17,0,0,0,17.0,Public,1,0,0
P02420,38,F,Antenatal,2025-11-07,2025-11-17,1,0,0,15.5,Private,0,1,0
P02758,92,F,Diabetes clinic,2025-11-11,2025-11-17,1,3,0,1.1,Private,1,0,1
P00098,19,F,Eye clinic,2025-11-13,2025-11-17,1,1,0,18.3,Public,0,0,0
P02316,41,M,Dental,2025-10-24,2025-11-17,1,0,0,7.8,Public,0,0,0
P04022,57,M,General practice,2025-10-21,2025-11-17,1,3,0,10.0,Public,0,0,0
P03971,34,M,General practice,2025-11-07,2025-11-17,1,4,0,2.5,None,0,0,0
P00091,22,M,Dental,2025-11-01,2025-11-17,0,1,0,2.6,Private,0,0,1
P03998,51,F,Antenatal,2025-10-17,2025-11-17,1,0,0,9.2,Public,0,1,0
P03138,5,F,General practice,2025-11-07,2025-11-17,0,1,0,5.0,Public,1,1,0
P03643,35,M,Physiotherapy,2025-11-05,2025-11-17,1,5,0,11.4,Public,0,0,0
P00064,80,M,Eye clinic,2025-11-08,2025-11-17,1,3,0,23.8,Private,1,0,0
P04811,28,F,Paediatrics,2025-10-26,2025-11-17,1,1,0,4.6,Public,0,1,0
P02434,36,F,Paediatrics,2025-10-31,2025-11-17,1,5,2,6.8,Public,0,1,0
P02906,15,M,Antenatal,2025-11-07,2025-11-17,0,0,0,4.5,None,0,0,0
P00654,41,F,General practice,2025-11-16,2025-11-17,0,1,0,7.6,None,0,0,0
P04875,9,F,Dental,2025-11-10,2025-11-17,1,2,0,5.1,Public,0,1,0
P03936,92,F,General practice,2025-10-29,2025-11-17,1,0,0,6.8,Private,0,1,0
P03981,16,M,Dental,2025-10-17,2025-11-17,1,0,0,2.3,Private,1,0,0
P04501,34,F,General practice,2025-11-12,2025-11-17,1,2,0,8.8,None,1,0,0
P03471,43,F,Diabetes clinic,2025-11-12,2025-11-17,1,5,0,15.4,Public,0,0,0
P04164,40,F,General practice,2025-11-03,2025-11-17,1,3,1,4.2,Private,0,0,0
P04981,23,M,Diabetes clinic,2025-11-03,2025-11-17,0,4,0,5.5,None,0,1,1
P03676,28,M,Physiotherapy,2025-11-12,2025-11-18,0,5,1,11.5,Private,0,0,1
P02431,70,F,General practice,2025-11-05,2025-11-18,1,3,1,4.0,Private,0,1,0
P03268,36,M,General practice,2025-11-11,2025-11-18,1,9,0,6.6,None,0,0,0
P01674,9,M,General practice,2025-11-17,2025-11-18,1,1,0,1.3,None,0,0,0
P00007,68,F,Diabetes clinic,2025-11-10,2025-11-18,1,5,2,6.8,Private,0,1,0
P00377,6,M,General practice,2025-11-09,2025-11-18,1,6,2,9.9,Public,0,0,0
P03949,10,F,General practice,2025-11-13,2025-11-18,1,5,2,2.2,Public,0,0,0
P04917,59,M,Paediatrics,2025-11-12,2025-11-18,1,3,0,14.9,Private,1,0,0
P04470,21,M,Antenatal,2025-11-09,2025-11-18,1,4,0,2.1,Private,0,0,0
P00069,33,M,Eye clinic,2025-11-14,2025-11-18,0,4,1,5.2,None,0,1,1
P03107,65,F,Diabetes clinic,2025-11-08,2025-11-18,0,1,0,5.0,None,0,0,0
P00552,9,M,General practice,2025-11-18,2025-11-18,1,2,0,9.9,Public,0,0,0
P03361,35,M,General practice,2025-11-07,2025-11-18,0,3,0,3.4,Private,1,0,0
P04909,40,F,General practice,2025-11-07,2025-11-18,0,3,0,3.7,Public,0,1,0
P01162,17,F,General practice,2025-11-04,2025-11-18,1,2,1,6.3,None,0,0,0
P01251,40,F,General practice,2025-10-18,2025-11-18,1,3,1,17.8,Private,0,0,0
P01660,49,F,Antenatal,2025-10-31,2025-11-18,0,5,1,12.2,Public,0,0,0
P02518,69,M,Diabetes clinic,2025-11-03,2025-11-18,1,3,1,6.2,Public,0,0,0
P02055,44,F,Diabetes clinic,2025-11-05,2025-11-19,1,3,1,30.8,None,0,0,1
P01871,55,M,Eye clinic,2025-11-11,2025-11-19,1,4,1,6.9,Public,1,0,0
P03939,27,M,Antenatal,2025-11-11,2025-11-19,0,2,0,4.0,None,0,1,0
P02202,63,F,General practice,2025-11-09,2025-11-19,0,3,0,8.8,None,0,1,0
P04612,51,F,Antenatal,2025-11-09,2025-11-19,0,3,1,7.1,Public,1,0,1
P03197,39,F,Diabetes clinic,2025-11-11,2025-11-19,0,3,2,5.2,Public,0,0,1
P02586,59,M,Antenatal,2025-10-17,2025-11-19,0,3,1,12.6,Public,0,1,1
P01330,16,M,Physiotherapy,2025-10-14,2025-11-19,1,1,0,8.6,Public,0,0,0
P03314,37,F,Antenatal,2025-11-12,2025-11-19,1,5,0,14.2,Private,1,0,0
P04386,21,F,General practice,2025-11-07,2025-11-19,1,4,0,3.4,None,0,1,0
P04088,40,M,Paediatrics,2025-10-27,2025-11-20,1,1,0,14.6,Public,0,1,0
P01791,50,F,General practice,2025-11-09,2025-11-20,0,0,0,14.4,Public,0,0,0
P03281,92,F,General practice,2025-11-17,2025-11-20,1,1,0,0.8,None,1,0,0
P01554,51,M,Diabetes clinic,2025-11-10,2025-11-20,0,2,0,3.3,Public,0,0,0
P04577,51,F,Paediatrics,2025-11-05,2025-11-20,1,3,1,8.0,None,1,0,0
P04659,18,M,Antenatal,2025-11-09,2025-11-20,0,3,2,9.6,None,0,0,1
P04807,12,F,Paediatrics,2025-11-03,2025-11-20,0,2,1,30.1,Private,0,0,1
P01586,41,F,Eye clinic,2025-11-05,2025-11-20,1,6,1,7.7,None,0,0,0
P02329,26,M,General practice,2025-11-10,2025-11-20,0,5,0,0.4,None,1,0,1
P03056,37,F,Paediatrics,2025-11-14,2025-11-20,0,1,1,13.0,Private,0,0,0
P04018,51,F,Paediatrics,2025-11-10,2025-11-20,1,4,1,24.7,Public,0,0,0
P02623,23,M,General practice,2025-11-11,2025-11-20,0,4,1,6.4,Public,0,0,1
P04819,21,F,Diabetes clinic,2025-11-10,2025-11-20,0,3,0,15.9,Public,0,0,0
P04926,12,F,Physiotherapy,2025-11-11,2025-11-20,0,1,1,6.4,Public,0,0,1
P00664,29,M,Paediatrics,2025-11-08,2025-11-20,0,3,1,3.9,Public,0,0,1
P03213,14,F,General practice,2025-11-14,2025-11-20,0,2,0,6.4,None,0,1,1
P04324,17,F,General practice,2025-10-20,2025-11-20,1,2,0,10.8,Public,0,0,0
P03068,23,M,Eye clinic,2025-11-20,2025-11-21,0,3,0,13.3,None,0,1,0
P02197,31,F,Diabetes clinic,2025-10-27,2025-11-21,1,1,0,34.4,None,0,0,0
P01331,41,F,Dental,2025-11-14,2025-11-21,1,2,0,12.1,Private,0,0,0
P04954,48,M,General practice,2025-11-15,2025-11-21,1,1,0,8.9,Public,1,0,1
P02298,35,M,Physiotherapy,2025-11-15,2025-11-21,1,1,0,13.0,None,0,0,0
P00086,40,F,Diabetes clinic,2025-10-11,2025-11-21,0,0,0,28.2,None,0,0,1
P02735,70,M,General practice,2025-10-23,2025-11-21,0,4,0,21.7,Public,1,0,0
P00215,54,F,Diabetes clinic,2025-11-16,2025-11-21,1,2,0,1.2,None,1,0,0
P03737,38,M,Paediatrics,2025-11-20,2025-11-21,1,4,1,13.3,Public,0,0,0
P01726,25,F,General practice,2025-11-05,2025-11-21,1,4,1,1.2,Private,1,1,0
P04971,66,F,Paediatrics,2025-11-04,2025-11-21,0,6,2,5.9,None,1,0,1
P03616,43,M,Paediatrics,2025-11-18,2025-11-21,1,6,2,11.4,None,0,0,1
P04749,23,M,General practice,2025-11-18,2025-11-21,0,3,0,15.1,None,0,0,1
P04159,31,M,Diabetes clinic,2025-10-16,2025-11-21,1,4,2,23.1,Private,0,0,0
P04419,21,F,General practice,2025-11-20,2025-11-21,1,3,0,4.1,None,0,0,0
P01992,16,M,Antenatal,2025-11-12,2025-11-21,1,2,0,3.9,Private,0,1,0
P03541,51,M,Paediatrics,2025-11-14,2025-11-21,1,2,0,4.6,Public,1,1,0
P00573,24,F,General practice,2025-11-08,2025-11-21,0,3,0,2.8,None,0,0,0
P04480,29,F,Paediatrics,2025-10-30,2025-11-21,1,6,2,28.2,None,0,0,1
P01525,8,F,Antenatal,2025-10-30,2025-11-24,1,4,2,5.4,None,0,0,1
P00415,4,F,General practice,2025-11-23,2025-11-24,1,3,0,9.5,Private,0,1,0
P03751,27,M,Antenatal,2025-11-17,2025-11-24,1,3,0,13.4,Private,0,0,0
P01490,38,M,Antenatal,2025-10-23,2025-11-24,1,2,0,12.3,Public,0,0,0
P00440,47,F,Antenatal,2025-11-14,2025-11-24,1,2,0,8.3,Public,0,1,0
P01151,33,F,Dental,2025-11-11,2025-11-24,1,4,1,7.4,Private,0,1,0
P04684,65,M,General practice,2025-11-05,2025-11-24,1,1,1,13.7,Private,0,1,1
P03803,8,M,Eye clinic,2025-11-22,2025-11-24,0,4,1,12.8,,0,0,0
P02598,30,M,Paediatrics,2025-11-13,2025-11-24,1,6,1,5.3,Private,1,0,0
P02989,18,M,Antenatal,2025-11-17,2025-11-24,0,7,0,,None,0,0,0
P01650,9,F,Paediatrics,2025-11-04,2025-11-24,0,3,1,10.2,Public,0,1,1
P04484,28,M,Antenatal,2025-11-21,2025-11-24,1,2,0,4.4,Public,0,1,0
P03196,30,M,General practice,2025-11-05,2025-11-24,1,2,2,8.6,Public,0,0,1
P04847,29,M,General practice,2025-11-09,2025-11-24,0,1,0,20.8,Public,0,0,0
P03903,3,F,General practice,2025-11-08,2025-11-24,1,4,0,,Public,0,1,0
P04157,53,M,Diabetes clinic,2025-11-15,2025-11-24,1,2,1,8.8,Public,0,0,0
P03983,36,M,Dental,2025-11-22,2025-11-24,1,2,0,20.6,Private,0,1,0
P04327,30,M,General practice,2025-11-09,2025-11-24,1,1,0,15.6,None,0,0,0
P01607,35,F,General practice,2025-11-21,2025-11-24,1,6,2,2.3,Public,0,0,0
P04267,14,M,General practice,2025-11-09,2025-11-24,0,3,1,3.9,Private,0,1,0
P01274,1,M,Physiotherapy,2025-11-08,2025-11-24,0,4,0,1.1,Private,0,0,1
P04975,25,F,Diabetes clinic,2025-10-31,2025-11-24,0,2,2,10.7,Public,0,0,1
P01612,58,F,General practice,2025-10-26,2025-11-24,0,1,0,5.8,None,1,0,0
P03915,45,F,Paediatrics,2025-10-24,2025-11-24,1,2,1,7.2,None,0,1,1
P01904,62,F,Paediatrics,2025-11-03,2025-11-24,0,3,0,13.8,None,1,1,1
P01972,8,M,Physiotherapy,2025-11-04,2025-11-24,0,2,0,13.2,Private,0,0,0
P02006,12,F,Dental,2025-11-15,2025-11-24,0,6,1,6.9,Public,1,1,1
P01985,30,F,Physiotherapy,2025-11-14,2025-11-24,1,2,0,14.7,Public,0,1,0
P00895,38,F,Diabetes clinic,2025-10-30,2025-11-24,1,1,0,5.4,Public,0,1,0
P00117,35,F,General practice,2025-11-22,2025-11-24,1,5,0,2.7,None,1,0,0
P04069,5,F,General practice,2025-11-02,2025-11-24,0,1,1,10.6,Private,1,0,1
P04068,14,F,Paediatrics,2025-11-04,2025-11-24,1,4,1,16.6,None,0,0,0
P04631,30,M,Antenatal,2025-11-19,2025-11-24,1,2,0,8.1,Public,0,0,0
P01324,19,F,Diabetes clinic,2025-11-12,2025-11-24,0,1,0,6.0,Private,0,1,0
P01241,92,M,Antenatal,2025-11-22,2025-11-24,1,1,0,4.3,None,0,1,0
P04626,29,M,Eye clinic,2025-11-05,2025-11-24,1,4,0,9.3,None,0,1,0
P01438,77,M,Diabetes clinic,2025-11-16,2025-11-24,1,4,1,7.7,None,0,1,1
P00688,24,M,Diabetes clinic,2025-11-22,2025-11-24,0,6,0,12.8,Public,0,1,1
P01885,41,M,Antenatal,2025-10-16,2025-11-24,1,7,2,6.8,None,0,1,0
P00673,55,F,Antenatal,2025-11-18,2025-11-24,0,3,0,15.8,Private,1,0,0
P03588,20,F,Paediatrics,2025-11-15,2025-11-24,1,5,2,5.1,Private,0,0,0
P04345,28,F,Diabetes clinic,2025-11-19,2025-11-24,1,3,1,28.1,,0,0,0
P00040,24,F,General practice,2025-11-21,2025-11-24,0,1,1,11.8,None,1,0,1
P02214,48,M,General practice,2025-10-22,2025-11-24,1,0,0,14.3,None,0,0,0
P03860,19,F,Diabetes clinic,2025-11-17,2025-11-24,0,3,0,4.9,Public,1,1,0
P00088,31,M,Eye clinic,2025-11-21,2025-11-25,1,3,0,3.6,None,0,0,1
P03295,64,M,General practice,2025-11-05,2025-11-25,0,4,1,1.5,Public,1,1,0
P03937,36,F,Physiotherapy,2025-11-17,2025-11-25,0,2,0,3.4,Public,0,0,0
P00110,60,M,General practice,2025-11-15,2025-11-25,0,2,1,7.3,None,1,1,1
P04544,36,F,General practice,2025-11-21,2025-11-25,1,3,1,9.2,None,0,1,0
P01482,34,F,General practice,2025-11-19,2025-11-25,0,1,0,2.2,Public,0,0,0
P03364,54,F,Dental,2025-11-20,2025-11-25,0,6,1,8.5,Private,0,0,0
P03229,13,F,Paediatrics,2025-11-18,2025-11-25,0,2,0,3.8,Public,0,0,0
P00133,27,M,General practice,2025-10-23,2025-11-25,1,2,0,7.4,None,0,0,0
P02960,19,F,Eye clinic,2025-11-21,2025-11-25,1,5,0,8.8,None,0,0,1
P04193,36,F,Paediatrics,2025-11-17,2025-11-25,0,3,0,7.6,Public,0,1,1
P02344,36,F,General practice,2025-11-03,2025-11-25,1,3,0,2.6,None,0,1,1
P04812,60,F,Eye clinic,2025-11-17,2025-11-25,0,4,1,5.0,None,0,0,1
P02541,15,F,General practice,2025-11-23,2025-11-25,1,3,0,13.3,Private,0,1,0
P04269,18,M,Antenatal,2025-11-25,2025-11-25,1,4,1,5.4,None,0,1,0
P01811,38,F,Physiotherapy,2025-11-05,2025-11-25,1,3,0,12.1,None,0,0,1
P03681,30,F,Physiotherapy,2025-11-12,2025-11-26,0,0,0,18.2,Private,0,0,0
P02933,20,M,General practice,2025-11-11,2025-11-26,1,3,0,20.3,Public,0,0,0
P04666,3,M,General practice,2025-10-23,2025-11-26,0,2,0,5.2,Private,0,1,0
P02928,38,M,General practice,2025-11-14,2025-11-26,1,1,0,2.3,Public,0,0,1
P02243,87,M,Paediatrics,2025-11-13,2025-11-26,1,6,0,4.5,Public,0,1,0
P04181,27,M,Paediatrics,2025-11-18,2025-11-26,1,2,0,11.9,Public,0,1,1
P02165,29,F,General practice,2025-11-26,2025-11-26,1,4,0,0.7,Public,0,0,0
P00508,17,M,General practice,2025-11-26,2025-11-26,1,2,0,6.5,Public,0,0,0
P04537,8,F,Eye clinic,2025-11-07,2025-11-26,0,2,2,5.9,None,0,0,1
P04744,17,F,Antenatal,2025-11-24,2025-11-26,1,0,0,6.7,Public,0,0,0
P01961,62,F,Dental,2025-11-15,2025-11-26,1,4,1,4.7,Private,1,1,1
P02048,37,M,Physiotherapy,2025-11-19,2025-11-26,0,5,0,8.0,Public,1,1,0
P04989,34,M,General practice,2025-11-12,2025-11-26,1,3,0,4.3,None,1,0,0
P01598,10,F,Dental,2025-11-19,2025-11-26,1,3,1,10.7,Public,0,0,0
P03562,50,M,General practice,2025-11-24,2025-11-26,1,2,0,4.2,Public,0,0,1
P02924,47,F,General practice,2025-11-21,2025-11-26,1,3,0,3.6,None,0,0,0
P02303,13,M,General practice,2025-11-24,2025-11-27,0,2,1,15.0,None,0,1,1
P03045,53,F,General practice,2025-11-20,2025-11-27,1,5,3,3.7,Public,1,1,1
P03304,34,F,General practice,2025-11-17,2025-11-27,0,4,1,12.6,Public,0,0,0
P02367,92,M,General practice,2025-11-01,2025-11-27,1,4,1,31.8,Private,1,0,0
P02532,50,M,General practice,2025-11-15,2025-11-27,0,1,0,6.8,Public,1,0,0
P02064,43,M,Antenatal,2025-11-22,2025-11-27,1,2,0,3.6,None,0,0,0
P04843,11,F,General practice,2025-11-13,2025-11-27,0,1,0,8.3,None,0,1,1
P03191,8,M,Diabetes clinic,2025-11-08,2025-11-27,0,0,0,19.2,Private,0,1,1
P00345,20,F,Paediatrics,2025-11-26,2025-11-27,1,1,0,6.6,None,0,1,0
P02185,92,F,Diabetes clinic,2025-11-24,2025-11-27,0,4,2,3.4,None,0,0,1
P02113,12,M,General practice,2025-11-24,2025-11-27,0,8,2,3.9,Public,0,1,0
P00983,48,F,General practice,2025-11-23,2025-11-27,1,5,0,9.5,None,0,0,0
P03996,17,M,Diabetes clinic,2025-11-27,2025-11-27,0,5,0,5.2,Public,0,1,0
P04772,85,F,Diabetes clinic,2025-10-24,2025-11-27,0,7,1,11.0,Public,0,0,0
P01933,4,M,General practice,2025-11-10,2025-11-27,0,4,1,17.5,None,0,1,0
P04403,77,M,General practice,2025-11-18,2025-11-27,1,2,0,3.2,None,0,1,1
P04073,29,F,Dental,2025-11-26,2025-11-28,1,2,0,10.1,Private,0,0,0
P01526,76,M,Antenatal,2025-11-19,2025-11-28,0,1,0,7.0,Public,0,1,0
P01368,92,M,General practice,2025-11-11,2025-11-28,1,3,0,8.2,None,1,0,0
P02474,9,F,Antenatal,2025-11-21,2025-11-28,1,3,2,5.2,Public,0,0,0
P01416,25,M,General practice,2025-11-21,2025-11-28,1,2,1,1.1,None,0,1,0
P02978,25,F,Physiotherapy,2025-11-23,2025-11-28,0,1,1,9.0,None,0,0,1
P03741,31,M,Physiotherapy,2025-11-25,2025-11-28,0,1,0,3.9,Public,1,0,0
P02354,48,F,General practice,2025-11-20,2025-11-28,1,6,3,20.1,Public,1,1,0
P01752,92,M,General practice,2025-11-13,2025-11-28,0,3,2,7.4,Private,1,0,0
P02060,40,M,Diabetes clinic,2025-11-24,2025-11-28,1,6,0,10.5,None,0,1,0
P00938,16,M,Antenatal,2025-11-13,2025-11-28,1,1,0,8.1,Public,0,1,0
P04472,63,M,Physiotherapy,2025-11-03,2025-11-28,1,2,1,4.6,Public,1,0,1
P00650,52,M,General practice,2025-11-22,2025-11-28,0,2,0,8.2,Public,1,1,0
P03061,43,M,Antenatal,2025-11-01,2025-11-28,1,3,1,18.8,None,0,0,0
P02632,92,F,Antenatal,2025-11-05,2025-11-28,0,3,1,1.7,None,0,0,1
P02280,36,F,Diabetes clinic,2025-11-21,2025-12-01,0,2,2,16.9,None,0,0,1
P01479,37,F,Physiotherapy,2025-11-28,2025-12-01,1,3,0,28.7,Public,0,0,0
P02427,48,F,Physiotherapy,2025-11-28,2025-12-01,0,1,0,25.7,Public,0,0,0
P00371,23,M,Diabetes clinic,2025-10-25,2025-12-01,1,2,0,7.4,None,1,0,0
P01248,29,F,General practice,2025-11-20,2025-12-01,0,5,2,7.3,Public,0,0,1
P01328,26,F,Antenatal,2025-11-15,2025-12-01,1,1,0,3.7,Public,0,0,0
P02201,20,M,Dental,2025-11-11,2025-12-01,1,4,1,19.8,None,0,1,1
P00207,7,F,General practice,2025-11-11,2025-12-01,0,4,0,12.0,Public,0,0,0
P03443,81,F,General practice,2025-11-30,2025-12-01,1,4,0,3.9,Public,1,1,0
P03667,36,M,Diabetes clinic,2025-11-21,2025-12-01,0,2,2,2.5,None,0,1,1
P04857,27,F,Paediatrics,2025-11-25,2025-12-01,1,7,2,11.1,Public,0,0,0
P03511,29,M,Paediatrics,2025-11-24,2025-12-01,0,4,1,6.6,Public,0,1,1
P04485,55,F,General practice,2025-11-18,2025-12-01,0,3,0,22.3,Private,0,0,0
P00892,45,F,Dental,2025-11-02,2025-12-01,0,1,0,11.6,None,0,0,1
P01136,44,F,General practice,2025-11-26,2025-12-01,1,2,0,6.3,None,0,0,0
P00718,11,F,General practice,2025-11-24,2025-12-01,1,3,2,8.8,Public,0,1,0
P00042,7,M,Diabetes clinic,2025-11-26,2025-12-01,1,1,0,9.6,Public,0,0,0
P01119,44,F,Antenatal,2025-11-10,2025-12-01,1,1,0,2.0,Public,0,1,0
P00706,10,F,General practice,2025-11-24,2025-12-01,0,2,0,11.8,None,0,0,0
P02582,66,M,General practice,2025-11-26,2025-12-01,1,1,0,2.2,Public,1,0,0
P04371,92,M,General practice,2025-11-18,2025-12-01,0,5,1,14.5,Public,0,0,0
P02592,6,F,General practice,2025-11-17,2025-12-01,0,1,0,3.5,Private,0,0,0
P00504,44,F,Diabetes clinic,2025-11-05,2025-12-01,1,6,0,1.3,Public,0,1,0
P01690,65,F,Eye clinic,2025-11-26,2025-12-01,1,6,0,8.8,Public,0,0,0
P03075,9,F,Dental,2025-11-27,2025-12-01,1,6,2,8.5,Public,0,0,0
P04228,32,M,Dental,2025-11-18,2025-12-01,1,3,2,6.6,Private,1,0,0
P04074,49,F,Dental,2025-11-22,2025-12-01,0,5,1,13.1,Public,1,1,0
P04391,22,F,General practice,2025-11-16,2025-12-01,1,2,0,9.2,None,0,0,0
P02633,37,F,Antenatal,2025-11-15,2025-12-01,1,4,0,3.5,Private,0,1,0
P02637,54,M,Diabetes clinic,2025-11-17,2025-12-01,1,2,0,,Public,0,1,0
P04558,71,F,Diabetes clinic,2025-11-26,2025-12-01,1,4,1,7.3,Public,0,0,1
P01039,75,F,Paediatrics,2025-11-27,2025-12-01,0,2,0,12.1,Public,1,0,0
P04028,14,M,General practice,2025-10-30,2025-12-01,1,2,1,8.7,None,1,1,0
P03111,52,F,Diabetes clinic,2025-11-23,2025-12-01,1,1,0,12.2,Private,1,0,0
P00649,48,M,Physiotherapy,2025-11-15,2025-12-01,1,3,2,21.1,None,1,0,1
P03118,16,F,General practice,2025-11-07,2025-12-01,1,2,0,6.3,None,1,0,0
P03149,62,M,Dental,2025-11-28,2025-12-01,1,6,2,1.9,Public,0,0,0
P00598,9,F,Antenatal,2025-11-23,2025-12-01,0,4,2,4.0,Public,1,0,0
P01948,24,F,Eye clinic,2025-11-30,2025-12-01,0,2,0,10.9,None,0,0,0
P04771,65,M,Paediatrics,2025-11-21,2025-12-01,0,3,0,7.8,None,1,0,0
P02520,25,F,Paediatrics,2025-11-02,2025-12-01,0,4,2,8.1,Public,0,1,1
P02517,25,F,General practice,2025-11-12,2025-12-01,1,2,0,10.4,Public,0,0,0
P02707,35,M,General practice,2025-11-22,2025-12-01,1,2,1,1.7,Public,0,0,0
P02885,68,F,Paediatrics,2025-11-30,2025-12-01,1,4,1,3.2,Public,1,0,0
P04265,26,M,Antenatal,2025-11-21,2025-12-01,0,4,0,10.4,Public,0,0,1
P02114,23,M,Physiotherapy,2025-11-15,2025-12-01,0,1,0,7.4,None,1,0,0
P01189,43,M,Eye clinic,2025-11-06,2025-12-01,1,3,0,1.3,,0,0,1
P03758,28,F,Antenatal,2025-11-26,2025-12-01,1,6,0,7.4,Public,0,1,0
P02997,29,F,General practice,2025-11-26,2025-12-01,1,4,0,10.5,None,0,1,0
P02126,11,F,General practice,2025-11-13,2025-12-01,1,3,0,4.4,None,1,0,0
P01780,19,F,Dental,2025-11-22,2025-12-01,1,1,1,20.4,None,0,0,1
P03317,29,M,Paediatrics,2025-11-29,2025-12-01,1,3,1,9.1,Public,0,0,0
P00814,12,M,Diabetes clinic,2025-11-20,2025-12-01,1,4,2,7.1,None,0,1,1
P01636,92,F,General practice,2025-11-23,2025-12-02,0,6,1,4.6,Public,0,0,1
P00119,37,F,General practice,2025-11-25,2025-12-02,0,4,0,3.2,None,0,0,0
P02225,38,F,Dental,2025-11-10,2025-12-02,0,1,0,8.6,Private,0,1,0
P01923,37,F,Physiotherapy,2025-11-26,2025-12-02,0,4,3,4.9,None,1,0,1
P03669,21,M,General practice,2025-11-22,2025-12-02,0,2,1,10.5,Private,0,0,0
P01680,44,F,Diabetes clinic,2025-11-25,2025-12-02,0,1,0,14.2,Public,0,1,1
P01205,52,F,Eye clinic,2025-11-17,2025-12-02,1,3,1,17.6,None,0,0,0
P02902,45,M,General practice,2025-11-24,2025-12-02,1,2,0,6.5,None,0,0,0
P02983,62,F,Paediatrics,2025-11-28,2025-12-02,1,7,1,1.8,None,1,0,0
P03568,15,M,General practice,2025-11-01,2025-12-02,1,2,0,0.6,None,0,1,0
P03016,15,F,Antenatal,2025-11-28,2025-12-02,1,3,1,6.4,None,0,1,0
P04015,22,F,General practice,2025-11-21,2025-12-02,1,5,1,20.7,Private,0,0,0
P01862,59,F,Diabetes clinic,2025-11-28,2025-12-02,0,4,1,5.9,Public,0,1,1
P02142,10,F,Paediatrics,2025-12-01,2025-12-02,1,3,0,4.4,Public,0,1,0
P03150,44,M,General practice,2025-11-30,2025-12-02,1,3,1,12.1,Public,0,0,0
P03059,19,F,Dental,2025-11-29,2025-12-02,0,3,0,4.0,None,0,0,0
P02369,11,F,General practice,2025-11-06,2025-12-02,1,1,0,3.7,None,1,0,0
P02480,34,M,General practice,2025-11-29,2025-12-02,0,4,0,3.1,Public,0,1,0
P01369,26,M,Eye clinic,2025-11-11,2025-12-03,1,2,2,7.8,Private,0,0,1
P04585,37,M,General practice,2025-11-10,2025-12-03,1,2,0,4.0,Public,0,0,0
P03447,27,F,Eye clinic,2025-11-18,2025-12-03,1,1,1,2.3,Public,0,0,1
P02322,21,F,General practice,2025-11-27,2025-12-03,0,2,1,6.7,Public,0,1,0
P02991,17,M,Diabetes clinic,2025-10-24,2025-12-03,0,1,0,8.2,None,0,0,0
P03160,19,F,Physiotherapy,2025-11-27,2025-12-03,0,0,0,6.1,Public,0,0,1
P01826,18,F,Physiotherapy,2025-11-17,2025-12-03,1,5,4,20.3,Public,0,0,0
P02959,25,F,Dental,2025-11-30,2025-12-03,1,7,2,6.7,None,0,1,0
P02325,51,F,General practice,2025-11-26,2025-12-03,1,3,0,10.0,Private,0,0,0
P03633,40,M,Dental,2025-11-18,2025-12-03,1,5,1,1.8,Public,0,1,0
P00048,24,F,Eye clinic,2025-11-11,2025-12-03,0,6,0,9.2,Public,1,0,0
P02216,27,F,Antenatal,2025-11-27,2025-12-03,1,3,0,6.4,Public,0,0,0
P01102,35,M,Eye clinic,2025-11-24,2025-12-03,1,1,0,8.5,Private,0,1,0
P01040,61,M,Paediatrics,2025-12-01,2025-12-04,0,2,1,17.4,None,1,1,0
P01778,32,F,General practice,2025-12-01,2025-12-04,0,5,1,5.1,None,0,0,0
P00273,30,F,Eye clinic,2025-11-21,2025-12-04,1,2,0,9.8,None,0,0,0
P04502,56,F,General practice,2025-11-30,2025-12-04,1,5,1,2.0,Public,1,0,0
P00053,17,M,Antenatal,2025-10-14,2025-12-04,0,4,1,9.8,Public,0,0,0
P02058,63,F,General practice,2025-12-01,2025-12-04,0,5,1,1.1,None,0,0,0
P00355,29,F,Diabetes clinic,2025-11-22,2025-12-04,1,5,1,3.9,None,0,0,0
P04342,37,F,General practice,2025-11-30,2025-12-04,1,0,0,12.1,Private,0,0,0
P03691,24,M,General practice,2025-11-03,2025-12-04,1,2,0,18.3,None,0,0,0
P00178,26,F,General practice,2025-10-23,2025-12-04,1,3,1,1.5,Public,0,0,1
P01130,13,F,Antenatal,2025-11-20,2025-12-04,0,2,0,7.4,Public,0,0,1
P04704,10,F,General practice,2025-12-01,2025-12-04,0,5,0,4.7,None,0,1,1
P01914,37,F,Diabetes clinic,2025-11-29,2025-12-04,1,3,1,12.0,Public,0,1,0
P01903,57,M,Eye clinic,2025-10-22,2025-12-04,1,3,0,25.6,None,0,0,1
P00434,92,F,General practice,2025-11-19,2025-12-04,0,3,1,18.5,Public,1,0,1
P03542,16,F,Antenatal,2025-11-10,2025-12-04,0,0,0,7.4,Public,0,0,0
P04406,25,F,General practice,2025-11-20,2025-12-04,0,1,0,4.7,Public,0,0,1
P02979,10,F,General practice,2025-11-22,2025-12-04,1,2,0,7.9,Public,0,1,0
P04701,50,M,Physiotherapy,2025-11-20,2025-12-05,0,5,2,9.5,Private,0,1,1
P01960,23,M,General practice,2025-11-15,2025-12-05,1,1,0,12.9,None,1,0,0
P01208,23,M,Dental,2025-10-27,2025-12-05,0,1,0,13.2,Private,0,0,1
P03043,57,F,General practice,2025-11-23,2025-12-05,0,5,0,12.0,Public,1,0,0
P00490,51,F,Dental,2025-11-08,2025-12-05,1,1,0,0.6,Public,1,0,1
P00710,45,M,Diabetes clinic,2025-10-30,2025-12-05,0,5,1,2.9,Private,0,1,0
P02734,40,F,Dental,2025-11-18,2025-12-05,1,3,0,15.2,Public,1,0,0
P00840,41,M,General practice,2025-11-09,2025-12-05,1,3,0,0.8,Public,0,0,0
P00941,52,F,General practice,2025-11-16,2025-12-05,0,1,0,21.8,None,1,0,1
P00915,17,F,General practice,2025-11-26,2025-12-08,1,2,0,6.0,Private,0,1,0
P04892,26,M,Diabetes clinic,2025-11-10,2025-12-08,1,4,3,4.9,None,0,0,1
P01431,35,F,Dental,2025-11-28,2025-12-08,1,2,0,5.7,None,0,0,0
P02835,15,M,Dental,2025-11-30,2025-12-08,0,2,0,8.3,None,0,0,1
P01947,65,F,Eye clinic,2025-11-27,2025-12-08,0,3,0,1.7,None,0,0,0
P02888,37,M,Antenatal,2025-12-01,2025-12-08,1,5,0,12.1,None,0,0,0
P04032,14,F,General practice,2025-11-29,2025-12-08,1,0,0,3.5,None,0,1,0
P01687,56,M,Dental,2025-11-25,2025-12-08,1,1,0,10.9,None,0,0,0
P01363,92,F,Antenatal,2025-11-19,2025-12-08,1,2,1,11.3,Public,0,1,1
P04189,12,M,Dental,2025-11-28,2025-12-08,0,4,2,,Private,0,1,0
P00642,12,F,General practice,2025-11-16,2025-12-08,1,6,2,21.9,None,0,1,1
P04055,17,F,Paediatrics,2025-11-28,2025-12-08,1,1,0,2.9,Private,1,0,0
P00057,34,F,Antenatal,2025-11-24,2025-12-08,0,1,0,2.3,None,0,0,0
P03964,15,F,Physiotherapy,2025-11-24,2025-12-08,0,2,0,10.6,None,0,0,0
P02565,46,F,General practice,2025-11-27,2025-12-08,0,4,2,1.9,Private,1,0,1
P04670,14,F,Physiotherapy,2025-11-25,2025-12-08,1,1,0,6.8,Public,0,0,0
P04516,92,F,Diabetes clinic,2025-11-25,2025-12-08,1,1,0,2.5,Private,0,0,1
P02123,25,M,Diabetes clinic,2025-11-20,2025-12-08,1,6,2,10.0,Public,0,1,1
P03790,38,F,Paediatrics,2025-12-01,2025-12-08,0,0,0,5.3,Private,0,0,0
P01522,12,M,General practice,2025-11-11,2025-12-08,0,2,0,9.5,None,0,0,0
P04607,48,F,Dental,2025-11-10,2025-12-08,1,3,0,8.1,Private,1,1,0
P04734,51,F,General practice,2025-11-29,2025-12-08,1,2,1,11.8,None,0,1,0
P04820,5,M,Dental,2025-11-25,2025-12-08,1,0,0,21.0,Private,0,1,0
P04865,37,M,Eye clinic,2025-11-19,2025-12-08,0,1,0,14.0,Public,0,1,0
P01243,22,F,General practice,2025-11-30,2025-12-08,0,3,0,11.3,Public,0,0,1
P04637,4,F,Paediatrics,2025-12-01,2025-12-09,1,0,0,13.7,None,0,1,0
P01879,62,F,Paediatrics,2025-11-09,2025-12-09,1,3,2,9.7,Public,0,0,0
P03017,18,F,General practice,2025-11-26,2025-12-09,1,5,3,0.8,Private,0,0,1
P02992,28,M,Paediatrics,2025-11-20,2025-12-09,1,2,0,4.6,Private,0,0,0
P02405,21,F,Physiotherapy,2025-11-19,2025-12-09,1,5,0,6.9,Private,0,0,0
P02972,24,F,General practice,2025-11-25,2025-12-09,0,5,3,0.5,Private,0,0,1
P02482,21,M,Antenatal,2025-11-30,2025-12-09,1,2,1,5.2,None,0,0,0
P02007,14,M,Diabetes clinic,2025-11-29,2025-12-09,1,3,0,13.0,None,0,1,0
P04721,52,F,Paediatrics,2025-11-30,2025-12-09,0,1,0,5.5,Public,1,1,0
P04623,5,F,General practice,2025-11-29,2025-12-10,1,5,0,9.3,None,0,0,1
P03241,73,F,General practice,2025-11-17,2025-12-10,1,5,1,7.1,None,1,0,1
P00866,92,F,Diabetes clinic,2025-11-26,2025-12-10,1,3,0,2.5,Public,0,0,0
P02535,30,F,General practice,2025-11-11,2025-12-10,0,3,2,17.4,None,0,0,1
P03701,60,M,Diabetes clinic,2025-11-19,2025-12-10,0,4,1,4.0,Private,0,0,0
P01200,23,M,Dental,2025-11-18,2025-12-10,0,1,0,1.7,None,0,0,1
P04764,30,M,General practice,2025-11-29,2025-12-10,0,3,0,6.1,Public,0,0,0
P02069,28,F,General practice,2025-11-26,2025-12-10,1,2,0,5.5,None,0,0,1
P04849,23,M,Paediatrics,2025-11-17,2025-12-10,0,5,1,23.4,Public,0,0,1
P04230,30,M,Paediatrics,2025-11-09,2025-12-10,1,6,3,3.4,Public,0,0,1
P04913,31,F,Antenatal,2025-11-23,2025-12-10,1,5,0,10.8,Private,0,0,0
P01027,67,F,Antenatal,2025-11-14,2025-12-10,0,3,0,,Private,1,0,0
P03289,22,M,Paediatrics,2025-11-22,2025-12-11,1,2,0,3.6,Public,1,1,0
P01579,40,M,Physiotherapy,2025-11-23,2025-12-11,0,3,1,13.3,Public,0,0,0
P00600,35,F,General practice,2025-10-31,2025-12-11,1,2,0,4.9,None,0,1,1
P02491,91,F,General practice,2025-11-28,2025-12-11,0,4,1,8.1,Private,1,1,0
P03109,30,M,Diabetes clinic,2025-11-19,2025-12-11,1,2,0,8.3,Private,0,1,0
P01020,38,F,General practice,2025-11-29,2025-12-11,1,1,0,12.8,None,1,0,1
P00249,28,F,General practice,2025-11-20,2025-12-11,1,1,0,1.7,Private,0,0,0
P00317,31,F,Paediatrics,2025-11-18,2025-12-12,0,1,0,8.5,Public,0,0,0
P00701,50,F,Paediatrics,2025-11-13,2025-12-12,1,2,0,2.4,Public,0,0,0
P03108,54,M,Antenatal,2025-11-17,2025-12-12,1,5,0,5.5,Public,1,1,1
P03855,52,F,Antenatal,2025-11-29,2025-12-12,0,3,0,9.5,Private,0,0,0
P03225,17,M,General practice,2025-11-27,2025-12-12,1,3,0,10.9,Private,0,0,0
P02752,45,F,Paediatrics,2025-11-30,2025-12-12,1,9,1,5.2,Private,0,0,0
P00275,58,F,Diabetes clinic,2025-11-30,2025-12-12,0,4,1,5.4,None,1,1,1
P02513,23,M,General practice,2025-11-21,2025-12-12,0,2,0,10.2,Private,0,0,1
P03253,6,M,Diabetes clinic,2025-11-19,2025-12-12,1,4,0,10.8,None,0,1,0
P00732,78,M,General practice,2025-11-28,2025-12-15,0,7,1,8.1,None,1,0,0
P04310,48,F,Dental,2025-11-28,2025-12-15,1,3,0,60.0,None,1,1,1
P03606,37,F,General practice,2025-11-30,2025-12-15,0,1,0,2.7,None,0,0,1
P03589,11,F,Diabetes clinic,2025-11-25,2025-12-15,1,3,1,15.2,Private,1,0,1
P01519,8,F,Diabetes clinic,2025-11-01,2025-12-15,0,5,0,12.1,Public,0,0,1
P04525,29,M,General practice,2025-11-29,2025-12-15,1,4,1,7.0,Public,0,0,0
P03170,45,F,Physiotherapy,2025-10-26,2025-12-15,1,5,0,14.5,None,0,0,1
P03338,22,F,Dental,2025-11-23,2025-12-15,1,2,1,17.8,,0,0,1
P03617,18,M,Paediatrics,2025-11-25,2025-12-15,0,3,0,3.1,Public,0,0,0
P02468,25,F,Paediatrics,2025-11-30,2025-12-15,1,2,1,8.8,Public,0,0,1
P02549,34,F,Antenatal,2025-10-20,2025-12-15,1,3,2,9.7,Public,0,0,0
P03972,30,F,General practice,2025-11-05,2025-12-15,0,3,1,6.5,,0,1,1
P01585,23,F,Diabetes clinic,2025-11-29,2025-12-15,0,3,2,24.3,Public,0,0,1
P01913,15,M,General practice,2025-11-30,2025-12-15,0,2,0,,Public,0,0,0
P03387,44,M,Eye clinic,2025-11-18,2025-12-15,0,1,0,11.6,None,0,0,1
P04435,9,F,Dental,2025-11-25,2025-12-15,1,1,0,3.9,None,0,0,0
P04385,22,F,Eye clinic,2025-11-16,2025-12-15,1,5,1,5.9,Private,0,0,1
P04423,21,F,General practice,2025-11-23,2025-12-15,0,4,2,9.7,Private,0,1,1
P04090,25,F,Dental,2025-11-21,2025-12-15,0,1,0,27.8,None,1,0,1
P00046,39,M,Paediatrics,2025-11-30,2025-12-16,0,4,3,14.9,Public,0,0,1
P00711,50,F,General practice,2025-11-11,2025-12-16,0,6,1,19.9,Public,0,1,1
P04239,16,F,Dental,2025-11-17,2025-12-16,1,3,0,14.5,None,0,0,0
P02817,9,F,Diabetes clinic,2025-11-21,2025-12-16,1,4,1,15.2,None,0,1,0
P02398,8,F,General practice,2025-11-24,2025-12-16,0,2,1,2.4,Private,0,0,1
P02729,52,M,Antenatal,2025-11-17,2025-12-17,0,4,1,2.2,Public,0,0,0
P00291,54,F,Dental,2025-11-14,2025-12-17,1,2,0,6.0,Public,0,0,0
P02886,8,F,Antenatal,2025-11-21,2025-12-17,1,3,0,1.3,Public,0,0,0
P02543,13,F,Antenatal,2025-11-13,2025-12-17,0,3,2,3.5,None,0,0,1
P04077,27,M,General practice,2025-11-30,2025-12-17,1,4,0,21.8,Public,0,1,0
P02335,60,M,Antenatal,2025-11-20,2025-12-17,0,0,0,11.7,Public,0,0,0
P00368,29,F,Antenatal,2025-11-20,2025-12-17,1,1,0,16.1,Public,0,0,0
P01140,45,F,Antenatal,2025-11-25,2025-12-17,1,2,0,5.7,Private,0,1,0
P04184,42,M,Physiotherapy,2025-11-23,2025-12-18,0,1,0,39.3,None,0,0,1
P03879,13,F,Antenatal,2025-11-28,2025-12-18,1,4,0,1.5,Public,0,0,0
P02466,50,F,General practice,2025-11-22,2025-12-18,1,1,0,1.0,None,0,0,1
P02867,28,F,General practice,2025-11-23,2025-12-18,1,6,1,8.1,Public,0,0,0
P04570,44,F,General practice,2025-12-01,2025-12-19,1,6,1,10.0,None,0,1,0
P01332,12,F,Diabetes clinic,2025-11-19,2025-12-19,1,4,2,13.2,None,0,0,1
P01088,7,F,Paediatrics,2025-11-21,2025-12-22,1,4,0,49.5,None,0,1,0
P02004,7,F,Antenatal,2025-11-29,2025-12-22,0,3,0,7.1,Public,0,0,0
P04556,40,F,Paediatrics,2025-11-24,2025-12-22,1,2,1,5.3,Public,0,0,0
P04434,19,F,Paediatrics,2025-11-23,2025-12-22,1,5,0,1.2,Public,0,0,0
P03087,64,M,General practice,2025-11-28,2025-12-22,1,3,1,13.3,None,1,1,0
P02690,63,F,General practice,2025-11-24,2025-12-22,1,4,1,1.2,None,0,0,0
P01424,61,M,Diabetes clinic,2025-11-06,2025-12-22,1,4,2,2.2,None,1,1,1
P00867,40,F,Diabetes clinic,2025-12-01,2025-12-23,0,2,0,5.2,Public,0,0,0
P01648,27,F,General practice,2025-11-30,2025-12-23,1,2,0,1.5,Public,0,0,0
P04238,50,M,Dental,2025-11-25,2025-12-23,0,8,3,8.5,Public,0,0,0
P01534,45,F,General practice,2025-11-19,2025-12-24,1,4,1,18.4,None,1,0,0
P00417,16,F,Diabetes clinic,2025-11-25,2025-12-25,1,4,0,2.5,None,1,0,0
P03105,58,M,General practice,2025-11-29,2025-12-25,1,6,1,2.6,None,1,0,0
P02334,33,F,Physiotherapy,2025-11-19,2025-12-25,0,3,1,2.3,Private,0,1,0
P03575,17,F,Antenatal,2025-11-29,2025-12-26,1,2,1,1.3,None,0,0,1
P00856,11,F,General practice,2025-11-30,2025-12-29,1,6,0,2.8,Private,0,0,0
P03651,29,F,Antenatal,2025-11-29,2025-12-29,0,1,0,15.3,None,0,0,1
P04644,54,F,Physiotherapy,2025-11-26,2025-12-29,0,3,0,6.6,Private,0,1,0
P01666,52,M,Paediatrics,2025-10-18,2025-12-30,1,3,0,13.8,None,0,1,1
P02023,11,F,Physiotherapy,2025-11-15,2025-12-30,1,3,0,13.6,Public,0,0,0
P01249,56,F,General practice,2025-11-25,2025-12-31,1,6,2,5.3,Private,0,0,0
P01729,2,M,Physiotherapy,2025-11-25,2026-01-02,0,3,0,2.6,Private,0,0,1
P01216,31,F,Eye clinic,2025-12-01,2026-01-05,1,2,1,2.8,Private,0,0,0
P04818,13,M,General practice,2025-11-22,2026-01-05,0,4,0,10.0,Private,0,0,0
P00707,12,F,Paediatrics,2025-11-23,2026-01-05,1,1,1,19.3,Public,0,1,1
P01014,38,F,General practice,2025-11-26,2026-01-09,1,1,0,10.0,Public,0,1,0
P03524,92,M,General practice,2025-11-24,2026-01-12,1,0,0,2.2,Private,0,0,0
P01155,82,M,Antenatal,2025-11-01,2026-01-20,0,2,1,1.8,Public,1,0,1
P02950,37,M,Antenatal,2025-10-30,2026-01-22,1,2,0,10.0,Private,0,1,1
