application_id,application_date,region,age,employment_type,months_at_employer,monthly_income_usd,existing_debt_usd,loan_purpose,loan_amount_usd,tenure_months,monthly_repayment_usd,previous_loans,previous_late_payments,has_salary_account,digital_payments_per_month,has_guarantor,defaulted
A01974,2024-01-01,Central,34,Business owner,52.0,6180,0,Medical,24100,18,1628.09,0,0,1,27.0,0,0
A02716,2024-01-01,East,25,Salaried,25.0,3800,1250,Home improvement,1800,24,96.6,1,0,1,20.0,1,0
A01595,2024-01-01,Capital,22,Self-employed,109.0,4870,9450,Business,13150,24,705.72,1,0,1,26.0,0,0
A01515,2024-01-02,East,59,Business owner,63.0,3610,930,Car,7150,18,483.02,0,0,0,27.0,0,0
A00960,2024-01-02,North,57,Business owner,1.0,4280,0,Business,16700,6,2983.73,0,0,0,26.0,1,0
A02259,2024-01-02,Capital,37,Salaried,135.0,1390,1010,Business,3700,24,198.57,0,0,1,16.0,0,0
A00242,2024-01-02,North,47,Self-employed,20.0,1230,90,Business,1300,12,123.93,1,0,0,29.0,0,0
A00027,2024-01-02,East,22,Self-employed,44.0,3760,2910,Home improvement,13250,12,1263.17,1,0,0,23.0,1,0
A02982,2024-01-02,Capital,27,Business owner,67.0,3590,0,Education,2300,12,219.27,0,0,0,26.0,0,0
A01287,2024-01-02,West,40,Salaried,36.0,3210,0,Personal,5100,12,486.2,3,0,0,17.0,1,0
A00074,2024-01-03,Coastal,38,Salaried,19.0,2260,0,Medical,2300,24,123.43,3,1,1,16.0,1,0
A02767,2024-01-04,Central,34,Contract,14.0,1890,150,Personal,5000,12,476.67,0,0,1,35.0,0,0
A00273,2024-01-05,Highlands,51,Contract,15.0,1670,1190,Business,4250,6,759.33,3,0,0,25.0,0,1
A01278,2024-01-05,Capital,28,Business owner,89.0,1690,0,Personal,4300,12,409.93,1,1,1,29.0,0,0
A00411,2024-01-05,Capital,33,Self-employed,16.0,2120,420,Personal,850,12,81.03,2,0,0,37.0,0,0
A00646,2024-01-05,East,31,Salaried,,4040,4900,Business,6550,9,806.38,1,0,1,23.0,1,0
A01030,2024-01-05,North,50,Contract,11.0,5510,0,Personal,4650,3,1605.8,1,0,0,35.0,1,0
A00669,2024-01-05,Highlands,29,Self-employed,23.0,5140,4450,Business,13750,12,1310.83,1,0,1,33.0,1,0
A02391,2024-01-06,North,43,Contract,11.0,2180,0,Business,1600,3,552.53,3,0,0,33.0,1,0
A02779,2024-01-06,Highlands,46,Contract,57.0,4740,1560,Business,12700,12,1210.73,0,0,0,22.0,1,1
A02080,2024-01-06,Central,47,Business owner,30.0,4560,0,Business,9300,12,886.6,1,0,1,30.0,1,0
A01539,2024-01-06,West,50,,21.0,9520,8740,Business,21800,6,3894.93,0,0,0,38.0,0,0
A02193,2024-01-07,West,33,Salaried,41.0,5390,0,Personal,5150,18,347.91,0,0,1,19.0,0,0
A00622,2024-01-07,West,55,,45.0,4620,0,Car,4600,6,821.87,2,0,1,17.0,0,0
A01520,2024-01-07,North,41,Self-employed,60.0,4020,0,Business,12550,12,1196.43,0,0,0,27.0,0,0
A01534,2024-01-07,East,30,Contract,44.0,4260,0,Car,10550,3,3643.27,2,1,1,25.0,1,1
A00922,2024-01-08,Highlands,37,,38.0,3330,0,Education,10450,6,1867.07,1,0,0,24.0,0,0
A01131,2024-01-08,North,48,Business owner,7.0,4030,5980,Education,14000,6,2501.33,2,0,0,34.0,1,1
A01296,2024-01-08,North,39,Business owner,64.0,3110,680,Home improvement,3000,12,286.0,3,0,0,29.0,0,0
A00534,2024-01-08,East,31,Self-employed,110.0,3200,0,Education,8950,12,853.23,1,0,0,27.0,0,0
A01254,2024-01-08,Coastal,45,Business owner,102.0,4590,0,Education,17700,12,1687.4,1,0,1,30.0,0,0
A01983,2024-01-09,Capital,53,Salaried,19.0,5570,0,Education,13000,6,2322.67,1,1,1,22.0,0,1
A02659,2024-01-09,Coastal,55,Business owner,72.0,7270,0,Car,14300,12,1363.27,2,1,1,22.0,1,0
A01536,2024-01-10,Capital,29,Business owner,33.0,5370,5100,Personal,5050,18,341.16,1,0,1,32.0,1,0
A00154,2024-01-10,South,61,Salaried,44.0,7340,5290,Home improvement,17250,18,1165.33,1,1,1,13.0,0,0
A02863,2024-01-10,Capital,49,Salaried,17.0,5200,0,Education,3600,3,1243.2,0,0,1,15.0,1,0
A02688,2024-01-10,Highlands,40,Business owner,27.0,1950,0,Medical,1300,6,232.27,4,0,0,21.0,0,0
A02956,2024-01-10,North,26,Salaried,68.0,2900,1000,Education,4700,18,317.51,1,0,1,9.0,1,0
A01677,2024-01-11,Coastal,43,Self-employed,22.0,2590,0,Personal,3650,9,449.36,3,1,1,25.0,1,0
A02824,2024-01-11,Capital,63,Contract,42.0,3800,1150,Home improvement,3900,9,480.13,1,1,1,21.0,1,0
A02317,2024-01-11,Highlands,59,Self-employed,21.0,3410,2360,Medical,10800,3,3729.6,1,1,1,,0,1
A00633,2024-01-12,Capital,39,Salaried,16.0,6140,9360,Business,18350,24,984.78,2,0,1,18.0,0,1
A01127,2024-01-12,Highlands,52,Contract,51.0,3640,1410,Personal,8250,6,1474.0,2,1,1,24.0,1,0
A00223,2024-01-12,East,37,Salaried,11.0,1940,0,Medical,6200,24,332.73,1,0,0,23.0,0,0
A01644,2024-01-12,South,38,Salaried,88.0,1440,1480,Car,5300,12,505.27,0,0,0,20.0,1,0
A01408,2024-01-12,Capital,61,Salaried,89.0,5480,0,Business,12400,3,4282.13,2,1,1,15.0,0,1
A01257,2024-01-13,Central,40,Salaried,77.0,3860,2580,Home improvement,15350,12,1463.37,2,0,0,17.0,1,0
A01272,2024-01-13,Capital,30,Contract,62.0,2630,0,Car,6150,9,757.13,0,0,0,33.0,1,0
A01265,2024-01-13,South,43,Self-employed,22.0,2040,2070,Business,2200,18,148.62,1,0,1,25.0,0,0
A02418,2024-01-13,North,63,Business owner,29.0,7360,0,Personal,11300,12,1077.27,1,0,0,27.0,1,0
A01067,2024-01-14,Capital,42,Business owner,,2260,2860,Business,8250,6,1474.0,1,1,0,33.0,1,0
A01109,2024-01-14,North,44,Salaried,45.0,2050,5140,Home improvement,1650,18,111.47,2,2,1,19.0,0,0
A02980,2024-01-15,Capital,40,Self-employed,32.0,2400,320,Personal,5150,12,490.97,1,0,0,25.0,0,0
A02769,2024-01-15,Central,56,Salaried,,3760,7120,Personal,7700,6,1375.73,0,0,1,13.0,1,0
A00269,2024-01-16,South,54,Salaried,14.0,1880,3080,Personal,4300,6,768.27,3,0,1,14.0,0,0
A01016,2024-01-16,East,25,Business owner,17.0,3640,650,Business,9500,18,641.78,1,1,0,31.0,0,0
A02004,2024-01-16,Coastal,22,Self-employed,43.0,2770,0,Business,6550,24,351.52,1,0,0,39.0,0,0
A02454,2024-01-16,North,47,Salaried,18.0,3080,0,Education,11450,3,3954.07,0,0,1,18.0,0,0
A02366,2024-01-17,West,63,Business owner,36.0,2550,0,Medical,5250,6,938.0,2,0,0,26.0,0,0
A01759,2024-01-17,Central,28,Salaried,86.0,6690,0,Personal,3950,6,705.73,0,0,0,13.0,1,0
A02872,2024-01-17,Coastal,48,Contract,72.0,2180,1390,Education,5450,18,368.18,1,0,0,38.0,0,0
A00725,2024-01-17,East,56,Self-employed,139.0,3210,900,Business,5300,12,505.27,1,0,1,21.0,0,0
A02983,2024-01-17,Capital,53,Salaried,28.0,1970,4240,Business,4600,6,821.87,1,0,1,28.0,1,0
A00929,2024-01-18,Capital,30,Self-employed,,3830,0,Home improvement,14350,24,770.12,0,0,0,26.0,1,0
A01658,2024-01-19,Coastal,60,Self-employed,53.0,2270,0,Education,5500,12,524.33,0,0,0,27.0,0,0
A02239,2024-01-20,Coastal,41,Contract,45.0,2610,0,Car,7650,18,516.8,1,0,1,31.0,0,0
A02756,2024-01-20,North,55,Self-employed,59.0,3470,0,Home improvement,8900,24,477.63,1,1,0,32.0,0,0
A02786,2024-01-20,Capital,50,Salaried,16.0,2450,0,Medical,4200,12,400.4,1,1,1,23.0,1,0
A02602,2024-01-21,Central,34,Business owner,39.0,4010,0,Education,10350,6,1849.2,2,0,0,23.0,1,0
A01937,2024-01-21,East,29,Salaried,44.0,2800,0,Business,1200,12,114.4,4,0,1,16.0,0,0
A02378,2024-01-21,Central,52,Business owner,21.0,3000,0,Home improvement,3100,12,295.53,2,0,0,22.0,0,0
A00879,2024-01-21,South,47,Contract,62.0,3780,1820,Personal,8950,18,604.62,1,0,0,33.0,0,1
A01635,2024-01-22,South,42,Salaried,5.0,3760,0,Personal,14200,18,959.29,2,1,0,21.0,0,0
A00928,2024-01-23,Capital,44,Self-employed,10.0,3000,0,Business,10000,18,675.56,1,0,0,36.0,0,0
A02108,2024-01-23,Capital,52,Salaried,30.0,3230,2430,Education,4950,3,1709.4,0,0,1,23.0,0,0
A00191,2024-01-23,West,43,Contract,35.0,4280,770,Personal,10700,6,1911.73,2,1,1,30.0,1,0
A01894,2024-01-23,Capital,39,Business owner,71.0,2320,460,Home improvement,1450,3,500.73,1,0,0,,1,0
A02868,2024-01-23,Capital,31,Contract,52.0,1970,5240,Car,1400,6,250.13,1,0,0,29.0,1,0
A02207,2024-01-23,Capital,46,Self-employed,27.0,4780,0,Home improvement,12600,12,1201.2,0,0,0,26.0,0,1
A02353,2024-01-24,South,30,Contract,32.0,2350,970,Education,2850,3,984.2,4,2,1,42.0,1,0
A02966,2024-01-24,North,39,,32.0,3700,2010,Business,13650,18,922.13,2,2,0,24.0,0,1
A02903,2024-01-24,North,50,Self-employed,31.0,3180,2950,Home improvement,9100,24,488.37,2,1,0,29.0,0,0
A02275,2024-01-24,Highlands,40,Salaried,30.0,1300,1650,Medical,2800,12,266.93,2,0,0,16.0,0,0
A01325,2024-01-25,Capital,44,Self-employed,35.0,4550,0,Car,3050,12,290.77,2,0,0,31.0,1,0
A00788,2024-01-25,Capital,43,Self-employed,83.0,4250,4390,Car,8500,6,1518.67,4,1,0,27.0,0,1
A02007,2024-01-25,Highlands,53,Self-employed,15.0,7540,7930,Business,26200,6,4681.07,1,0,1,25.0,0,0
A02959,2024-01-25,Capital,29,Self-employed,36.0,2540,3520,Personal,7850,6,1402.53,1,0,0,25.0,0,0
A01140,2024-01-25,North,45,Self-employed,32.0,1490,0,Car,3200,12,305.07,0,0,0,29.0,1,0
A00962,2024-01-26,East,52,Salaried,,3240,0,Education,10600,24,568.87,0,0,0,13.0,1,0
A02524,2024-01-26,Central,32,Salaried,8.0,5770,2190,Personal,11000,12,1048.67,3,0,1,17.0,1,0
A01471,2024-01-27,Coastal,25,Self-employed,16.0,4360,900,Business,16150,12,1539.63,0,0,0,38.0,1,0
A01386,2024-01-27,Capital,54,Self-employed,22.0,6430,0,Car,3450,9,424.73,0,0,0,29.0,1,0
A02412,2024-01-27,East,29,Contract,47.0,4370,0,Business,3400,12,324.13,3,0,0,27.0,1,0
A02185,2024-01-28,North,61,,56.0,3540,0,Business,12800,24,686.93,1,0,1,30.0,1,0
A01213,2024-01-28,Coastal,22,Self-employed,67.0,3640,0,Car,5500,9,677.11,2,0,0,28.0,1,0
A00458,2024-01-29,West,33,Salaried,84.0,4360,1700,Education,12550,6,2242.27,0,0,0,16.0,0,0
A00328,2024-01-29,Capital,58,Salaried,66.0,4240,0,Home improvement,15100,9,1858.98,4,3,1,13.0,1,0
A02611,2024-01-29,Capital,23,Contract,41.0,7510,1660,Business,13400,6,2394.13,0,0,0,35.0,0,0
A00809,2024-01-29,Coastal,61,Salaried,6.0,4270,0,Personal,3850,12,367.03,1,0,1,14.0,1,0
A02135,2024-01-29,Capital,28,Contract,21.0,4390,4030,Personal,15300,9,1883.6,1,0,1,37.0,0,0
A00427,2024-01-30,West,47,Salaried,68.0,2210,0,Business,4950,9,609.4,2,0,1,22.0,0,0
A02687,2024-01-30,South,53,Salaried,55.0,4190,750,Education,4650,24,249.55,1,0,1,17.0,0,0
A00868,2024-01-30,South,37,Business owner,14.0,4000,0,Education,2300,12,219.27,0,0,0,36.0,0,0
A02513,2024-01-31,North,62,Contract,,3590,0,Education,12100,6,2161.87,0,0,1,24.0,0,0
A00301,2024-01-31,North,37,Self-employed,55.0,3380,0,Business,6250,6,1116.67,2,0,0,30.0,0,0
A00366,2024-01-31,North,44,Salaried,35.0,4260,1930,Education,12200,12,1163.07,1,0,0,20.0,1,0
A02010,2024-01-31,Highlands,26,Business owner,40.0,2190,220,Business,8550,9,1052.6,2,0,1,35.0,0,0
A01647,2024-02-01,Coastal,61,Contract,42.0,2020,0,Car,6650,12,633.97,0,0,0,30.0,1,0
A00196,2024-02-01,Coastal,55,Self-employed,,4140,0,Medical,11250,6,2010.0,2,0,0,31.0,1,0
A02814,2024-02-01,Central,26,Salaried,47.0,3960,0,Business,8400,18,567.47,3,0,0,30.0,0,0
A01321,2024-02-02,Capital,36,Salaried,53.0,3890,10550,Business,1950,18,131.73,1,0,1,19.0,0,0
A00686,2024-02-02,West,39,Salaried,20.0,3070,4960,Business,7300,18,493.16,2,0,1,25.0,0,0
A01541,2024-02-03,Capital,34,Salaried,20.0,3460,4310,Car,3150,12,300.3,3,1,1,20.0,0,0
A02871,2024-02-03,East,28,Business owner,58.0,3150,0,Education,2200,6,393.07,1,1,0,31.0,0,0
A02335,2024-02-04,Capital,47,Salaried,38.0,5210,550,Business,9300,12,886.6,1,0,1,19.0,0,0
A02549,2024-02-04,Capital,52,Self-employed,16.0,3010,0,Personal,2350,6,419.87,2,0,0,27.0,1,0
A00258,2024-02-04,North,23,Salaried,21.0,1860,120,Business,5100,12,486.2,0,0,1,28.0,0,0
A01266,2024-02-04,South,58,Self-employed,44.0,3260,0,Education,8000,18,540.44,3,0,1,23.0,0,0
A01760,2024-02-04,Central,27,Salaried,23.0,2390,1200,Home improvement,2450,9,301.62,2,0,1,14.0,0,0
A01283,2024-02-04,Capital,53,Business owner,13.0,3500,5530,Personal,12700,6,2269.07,1,0,0,32.0,0,0
A00643,2024-02-04,South,63,Self-employed,13.0,5050,0,Home improvement,19400,12,1849.47,0,0,0,42.0,0,0
A00114,2024-02-05,West,35,Self-employed,110.0,2430,870,Personal,1450,18,97.96,2,0,0,22.0,1,0
A00221,2024-02-05,South,39,Self-employed,34.0,4800,3510,Personal,17750,12,1692.17,0,0,0,30.0,0,0
A02424,2024-02-05,Capital,25,Salaried,67.0,5130,0,Home improvement,15700,24,842.57,2,0,1,15.0,0,0
A00106,2024-02-05,Highlands,31,Self-employed,14.0,1620,0,Medical,3300,24,177.1,6,2,1,33.0,1,1
A02402,2024-02-05,South,54,Self-employed,38.0,4040,1530,Medical,11100,6,1983.2,2,0,1,37.0,0,0
A01268,2024-02-06,South,46,Contract,42.0,2860,0,Personal,5900,12,562.47,2,0,0,25.0,0,0
A00017,2024-02-06,Capital,38,Salaried,62.0,3940,4370,Car,13000,6,2322.67,4,0,1,20.0,0,0
A01474,2024-02-06,East,28,Business owner,33.0,5780,0,Medical,3600,18,243.2,4,2,1,30.0,1,0
A00783,2024-02-07,North,49,Salaried,9.0,3100,4370,Car,3050,6,544.93,1,0,1,13.0,0,0
A00755,2024-02-07,Coastal,43,Self-employed,13.0,2640,0,Personal,5150,12,490.97,3,1,1,,1,0
A02554,2024-02-07,Coastal,40,Salaried,32.0,2570,1410,Education,8350,18,564.09,2,0,1,12.0,1,0
A02337,2024-02-08,Capital,59,,61.0,2220,850,Medical,8350,9,1027.98,2,0,0,12.0,0,0
A02338,2024-02-08,Capital,23,Salaried,59.0,6730,9950,Car,16950,12,1615.9,0,0,1,16.0,0,0
A00293,2024-02-08,Capital,40,Salaried,30.0,2680,2330,Business,8800,9,1083.38,1,0,1,23.0,1,0
A02627,2024-02-08,East,34,Self-employed,17.0,5330,5970,Medical,2250,18,152.0,1,0,1,29.0,0,0
A02570,2024-02-08,Capital,34,Self-employed,37.0,2400,1420,Business,6150,12,586.3,1,0,0,21.0,0,0
A01542,2024-02-09,South,38,Business owner,60.0,2770,0,Business,2000,6,357.33,1,0,1,32.0,1,0
A01038,2024-02-09,North,47,Contract,15.0,4230,220,Education,2350,6,419.87,0,0,0,34.0,1,0
A00572,2024-02-10,North,52,Self-employed,15.0,2960,1280,Car,11800,12,1124.93,1,1,0,30.0,1,0
A01793,2024-02-10,Central,44,Self-employed,77.0,2660,0,Medical,7950,6,1420.4,1,0,0,31.0,1,0
A00814,2024-02-11,East,22,Salaried,44.0,2930,0,Car,7100,12,676.87,2,0,1,20.0,0,0
A00810,2024-02-11,South,45,Self-employed,94.0,2080,1380,Business,2400,18,162.13,3,1,0,24.0,0,0
A02246,2024-02-11,Capital,47,Self-employed,45.0,4300,5410,Personal,11300,12,1077.27,2,0,0,29.0,1,0
A02204,2024-02-11,Coastal,42,Contract,64.0,1680,980,Car,6450,18,435.73,2,1,1,33.0,1,0
A02001,2024-02-11,North,28,Salaried,41.0,3760,1160,Business,2250,18,152.0,0,0,1,17.0,1,0
A01499,2024-02-12,South,45,Self-employed,11.0,5850,0,Car,19650,12,1873.3,2,0,1,30.0,0,0
A02068,2024-02-12,North,31,Self-employed,16.0,6250,0,Home improvement,22850,6,4082.53,1,0,0,25.0,1,0
A01035,2024-02-13,Central,36,Business owner,29.0,4560,0,Business,14700,9,1809.73,1,0,1,24.0,1,0
A00843,2024-02-13,Highlands,40,Contract,34.0,1500,1340,Business,3300,18,222.93,0,0,0,26.0,1,0
A01698,2024-02-13,Capital,44,Business owner,105.0,1350,1050,Home improvement,5100,12,486.2,2,0,1,28.0,1,0
A00478,2024-02-13,Central,43,Contract,44.0,5050,0,Medical,5650,18,381.69,3,1,1,35.0,0,0
A02410,2024-02-13,Coastal,35,Contract,8.0,6610,870,Business,20500,9,2523.78,1,0,0,37.0,1,0
A00730,2024-02-14,Capital,30,Salaried,28.0,1470,0,Personal,5500,18,371.56,0,0,0,18.0,0,0
A00189,2024-02-14,West,59,Self-employed,19.0,2230,0,Education,6350,6,1134.53,0,0,0,22.0,0,0
A02608,2024-02-14,West,61,Self-employed,29.0,2200,890,Medical,6000,9,738.67,0,0,0,23.0,0,0
A02429,2024-02-14,South,60,Salaried,28.0,4340,0,Personal,13600,12,1296.53,1,0,1,11.0,0,0
A01827,2024-02-14,Coastal,58,Salaried,31.0,3600,5020,Home improvement,8750,18,591.11,0,0,1,16.0,0,1
A02801,2024-02-15,East,50,,60.0,5420,2630,Personal,18650,9,2296.02,1,1,0,18.0,1,0
A01271,2024-02-15,Central,24,Business owner,17.0,4280,6610,Business,10250,9,1261.89,0,0,0,29.0,0,0
A01081,2024-02-15,Capital,53,Contract,21.0,1730,0,Business,2100,9,258.53,1,0,0,,0,1
A02848,2024-02-15,East,58,Contract,29.0,3810,0,Education,14650,12,1396.63,0,0,0,23.0,1,0
A01898,2024-02-15,East,42,Salaried,81.0,4090,0,Business,12000,6,2144.0,1,0,1,11.0,1,0
A01571,2024-02-15,North,27,Contract,34.0,3110,0,Education,7150,6,1277.47,1,0,1,32.0,1,0
A00054,2024-02-15,North,24,Salaried,57.0,3450,0,Medical,6000,12,572.0,2,0,1,20.0,0,0
A01072,2024-02-15,North,63,Self-employed,23.0,4120,1560,Medical,7250,9,892.56,1,0,0,27.0,0,0
A02585,2024-02-16,Capital,41,Contract,,3480,2090,Medical,4200,9,517.07,1,0,0,30.0,0,0
A00793,2024-02-17,North,30,Salaried,34.0,7240,0,Education,20250,18,1368.0,0,0,1,17.0,0,0
A00425,2024-02-17,Capital,45,Salaried,15.0,4310,5290,Medical,6700,6,1197.07,1,0,1,13.0,1,0
A01840,2024-02-18,Capital,35,Salaried,,7530,2470,Car,20150,18,1361.24,1,0,1,13.0,0,0
A01212,2024-02-19,North,44,Business owner,71.0,4490,3100,Medical,6350,6,1134.53,1,1,0,30.0,1,0
A00093,2024-02-19,Capital,29,Salaried,38.0,7010,6490,Business,23800,12,2268.93,1,1,0,18.0,1,0
A00676,2024-02-19,Capital,60,Self-employed,,3380,1050,Car,4950,9,609.4,2,0,0,37.0,1,0
A00215,2024-02-19,Coastal,23,Salaried,124.0,5710,3660,Business,4500,9,554.0,3,1,1,18.0,1,0
A00092,2024-02-20,North,51,Salaried,14.0,6640,0,Business,3050,18,206.04,0,0,1,21.0,0,0
A02159,2024-02-20,North,37,Business owner,6.0,4520,6510,Car,1900,12,181.13,2,0,1,29.0,0,0
A02877,2024-02-20,South,21,Salaried,37.0,2730,0,Business,5950,12,567.23,2,0,1,16.0,0,0
A01763,2024-02-21,North,46,Salaried,17.0,3730,0,Business,8050,12,767.43,1,0,1,20.0,0,0
A02283,2024-02-21,North,62,Salaried,16.0,2440,1370,Business,5150,9,634.02,2,0,1,21.0,1,0
A02263,2024-02-21,Capital,40,Self-employed,22.0,2690,0,Car,4450,12,424.23,2,0,1,40.0,0,0
A02545,2024-02-21,Central,40,Business owner,14.0,2340,0,Home improvement,7100,6,1268.53,2,1,1,29.0,0,0
A02541,2024-02-21,Coastal,21,Salaried,72.0,9230,0,Business,33000,3,11396.0,2,0,1,14.0,0,1
A01744,2024-02-22,North,35,Business owner,13.0,3540,0,Business,7850,12,748.37,1,0,0,22.0,1,0
A01160,2024-02-22,South,57,Salaried,36.0,3860,3070,Education,3300,6,589.6,0,0,1,18.0,0,0
A00332,2024-02-22,North,37,Contract,35.0,3940,1740,Personal,7850,6,1402.53,1,0,1,30.0,0,0
A01668,2024-02-22,North,46,Salaried,92.0,3920,0,Home improvement,2950,18,199.29,2,0,1,12.0,1,0
A01750,2024-02-23,Capital,44,Salaried,51.0,2150,0,Education,6350,9,781.76,4,1,0,14.0,0,0
A01312,2024-02-23,North,46,Self-employed,24.0,2850,0,Home improvement,5450,3,1882.07,5,1,0,29.0,1,0
A01609,2024-02-23,Capital,45,Salaried,31.0,8380,25250,Home improvement,31800,12,3031.6,0,0,1,10.0,1,0
A01678,2024-02-23,West,42,Salaried,16.0,2970,2060,Personal,6050,18,408.71,3,1,1,21.0,0,0
A01711,2024-02-23,South,44,Salaried,80.0,3650,0,Medical,3100,12,295.53,1,0,1,18.0,0,0
A01721,2024-02-24,Capital,34,Business owner,29.0,1340,0,Personal,2100,9,258.53,0,0,1,31.0,0,0
A02379,2024-02-24,North,29,Self-employed,3.0,9450,0,Business,22450,18,1516.62,2,1,0,39.0,0,0
A02467,2024-02-25,Coastal,56,Business owner,41.0,4930,0,Business,2950,6,527.07,2,0,1,36.0,0,0
A01851,2024-02-25,South,37,Business owner,26.0,4550,0,Education,17600,24,944.53,2,0,0,38.0,1,0
A00419,2024-02-26,North,36,Salaried,22.0,2680,2990,Business,6850,12,653.03,2,0,1,17.0,0,0
A02070,2024-02-26,West,34,Salaried,48.0,6540,0,Home improvement,8850,12,843.7,1,1,1,15.0,1,0
A01113,2024-02-27,Capital,24,Salaried,11.0,7300,4590,Home improvement,7200,12,686.4,1,1,1,17.0,0,0
A02105,2024-02-28,Capital,36,Self-employed,56.0,2260,1130,Business,2100,6,375.2,2,1,1,20.0,1,0
A00568,2024-02-28,Capital,55,Salaried,57.0,2430,5750,Education,8450,9,1040.29,0,0,1,17.0,0,0
A02009,2024-02-28,Coastal,36,Salaried,22.0,2960,1510,Home improvement,7700,3,2659.07,0,0,1,16.0,1,0
A01358,2024-02-28,North,39,Salaried,23.0,1010,300,Car,3050,3,1053.27,3,0,1,21.0,0,1
A00143,2024-02-29,South,24,Salaried,5.0,5880,8450,Home improvement,8850,3,3056.2,2,0,0,21.0,0,0
A01145,2024-02-29,South,25,Self-employed,10.0,3770,0,Car,13100,12,1248.87,2,0,0,25.0,0,1
A01560,2024-02-29,Capital,60,,25.0,3340,0,Business,8500,6,1518.67,3,0,1,23.0,0,0
A01676,2024-03-01,Capital,48,Self-employed,32.0,4900,0,Education,14950,12,1425.23,1,0,1,41.0,0,0
A00434,2024-03-01,East,58,Salaried,29.0,6590,6610,Medical,7950,24,426.65,0,0,1,21.0,1,0
A01054,2024-03-02,East,28,Salaried,31.0,3830,400,Medical,2950,9,363.18,1,0,0,14.0,1,0
A01976,2024-03-02,West,37,Business owner,,4840,1500,Home improvement,9050,6,1616.93,2,1,0,24.0,0,0
A01728,2024-03-02,West,41,Salaried,63.0,3480,0,Education,6850,18,462.76,3,0,1,22.0,1,0
A01823,2024-03-02,West,29,Salaried,39.0,1700,0,Car,2750,24,147.58,3,1,0,20.0,0,0
A01231,2024-03-02,Central,27,,18.0,2890,5680,Business,9200,12,877.07,2,0,1,32.0,0,0
A01467,2024-03-02,Capital,62,Self-employed,16.0,4770,5410,Car,18000,12,1716.0,1,0,0,37.0,0,0
A00756,2024-03-03,Capital,40,Salaried,34.0,2270,0,Car,1200,6,214.4,2,0,0,10.0,1,0
A00745,2024-03-03,Central,34,Salaried,76.0,3010,270,Education,2200,9,270.84,1,0,1,,0,0
A01142,2024-03-04,Central,58,Business owner,47.0,4210,4550,Home improvement,11450,12,1091.57,2,1,0,28.0,1,0
A00916,2024-03-04,Capital,26,Business owner,23.0,950,0,Medical,1150,9,141.58,2,0,1,30.0,1,0
A02844,2024-03-04,North,37,Business owner,9.0,1890,2300,Car,4050,6,723.6,2,0,0,33.0,0,0
A00144,2024-03-05,East,39,Business owner,32.0,8520,13770,Home improvement,6300,18,425.6,2,1,0,25.0,0,0
A00957,2024-03-05,Capital,41,Self-employed,16.0,3350,7740,Education,1950,6,348.4,2,0,1,26.0,0,0
A00537,2024-03-05,West,46,Salaried,26.0,3220,500,Education,10900,6,1947.47,0,0,1,20.0,1,0
A02428,2024-03-05,Capital,27,Self-employed,10.0,3760,0,Personal,3000,6,536.0,1,0,1,32.0,0,0
A01925,2024-03-05,North,37,Self-employed,106.0,4600,3430,Personal,7950,6,1420.4,2,0,1,24.0,1,0
A00003,2024-03-05,West,61,Self-employed,10.0,3680,3430,Business,4400,18,297.24,1,0,1,28.0,0,0
A01454,2024-03-05,South,40,Self-employed,39.0,2780,540,Home improvement,7600,12,724.53,4,2,0,26.0,1,0
A02316,2024-03-05,Highlands,27,Self-employed,98.0,2640,1330,Medical,2100,3,725.2,3,0,0,30.0,1,0
A01604,2024-03-05,Central,32,Salaried,16.0,1340,2140,Business,900,24,48.3,2,0,1,17.0,0,1
A00893,2024-03-05,Capital,33,Self-employed,23.0,3230,1200,Car,7500,12,715.0,1,0,0,27.0,1,0
A01814,2024-03-06,Capital,51,Contract,46.0,3340,3590,Education,5500,6,982.67,0,0,0,31.0,0,1
A02102,2024-03-06,Capital,58,Self-employed,48.0,4350,0,Education,7000,18,472.89,2,0,0,22.0,1,0
A02843,2024-03-06,North,49,Self-employed,27.0,3120,4870,Business,10600,18,716.09,0,0,1,20.0,1,0
A01401,2024-03-07,West,22,Self-employed,72.0,4650,0,Education,17800,6,3180.27,0,0,0,36.0,0,0
A00436,2024-03-07,North,48,Salaried,4.0,1540,0,Business,2000,6,357.33,0,0,0,20.0,0,0
A02200,2024-03-07,Central,22,Contract,27.0,1980,0,Medical,2700,12,257.4,2,0,0,32.0,0,0
A02965,2024-03-07,Capital,39,Self-employed,23.0,2160,680,Medical,7300,3,2520.93,0,0,0,29.0,1,0
A00584,2024-03-07,Capital,24,Self-employed,21.0,1440,0,Home improvement,1850,6,330.53,1,0,0,33.0,0,0
A01828,2024-03-08,North,21,Self-employed,28.0,4580,5310,Home improvement,9800,6,1750.93,0,0,0,35.0,0,0
A00130,2024-03-08,Highlands,37,Business owner,67.0,5810,0,Education,16950,6,3028.4,2,0,1,41.0,0,0
A00365,2024-03-08,North,24,Salaried,32.0,4680,0,Car,3250,12,309.83,2,0,1,26.0,1,0
A00550,2024-03-08,South,51,Self-employed,83.0,2580,9230,Home improvement,3100,24,166.37,0,0,0,29.0,0,0
A01263,2024-03-08,South,50,Self-employed,15.0,12760,0,Business,8900,24,477.63,2,1,0,31.0,1,1
A02352,2024-03-08,West,57,Self-employed,44.0,2230,6530,Education,1300,12,123.93,1,0,1,26.0,1,1
A01410,2024-03-08,Coastal,60,Contract,54.0,1890,0,Personal,2650,12,252.63,1,0,1,35.0,0,0
A01065,2024-03-09,West,28,Business owner,22.0,4420,1720,Personal,6800,6,1214.93,0,0,0,28.0,0,0
A01442,2024-03-09,Capital,22,Business owner,113.0,2950,0,Car,2700,18,182.4,3,1,1,35.0,1,0
A00724,2024-03-10,East,21,Salaried,39.0,4560,9920,Education,5000,6,893.33,1,0,1,17.0,0,0
A01247,2024-03-10,West,53,Contract,52.0,2620,1600,Business,3050,24,163.68,1,0,0,,0,0
A01754,2024-03-10,South,21,Contract,5.0,4620,1320,Education,4000,18,270.22,2,0,1,31.0,0,0
A02248,2024-03-11,South,28,Salaried,5.0,5280,910,Medical,17850,6,3189.2,4,0,1,16.0,0,0
A01697,2024-03-11,Coastal,58,Business owner,31.0,2560,2210,Car,5850,18,395.2,3,0,0,29.0,0,0
A01277,2024-03-12,South,48,Contract,,4600,6780,Business,7400,12,705.47,1,0,0,36.0,0,0
A00153,2024-03-12,South,47,Salaried,49.0,4190,2970,Personal,11050,9,1360.38,3,0,0,17.0,1,0
A02669,2024-03-12,Central,48,Self-employed,29.0,3620,680,Personal,6450,6,1152.4,1,0,0,42.0,0,1
A02057,2024-03-12,Capital,61,Salaried,7.0,1580,0,Personal,1400,6,250.13,1,0,1,17.0,0,0
A02084,2024-03-12,Highlands,60,Business owner,49.0,2810,4700,Home improvement,2650,9,326.24,2,0,1,39.0,0,0
A00368,2024-03-12,South,26,Self-employed,,4950,0,Business,9900,12,943.8,1,1,1,23.0,0,0
A00990,2024-03-13,Capital,51,Salaried,80.0,4150,7780,Education,15600,6,2787.2,1,0,0,20.0,0,0
A00041,2024-03-13,Capital,28,Salaried,51.0,2810,530,Personal,9800,6,1750.93,1,1,1,22.0,1,0
A01562,2024-03-13,Capital,62,Self-employed,8.0,5610,0,Home improvement,5950,6,1063.07,0,0,1,29.0,0,0
A00026,2024-03-14,Highlands,26,Self-employed,18.0,7680,2480,Business,19800,18,1337.6,3,0,0,29.0,0,0
A02325,2024-03-14,Capital,39,Salaried,32.0,7470,0,Personal,12650,12,1205.97,1,0,1,26.0,1,0
A01989,2024-03-14,Central,33,Salaried,55.0,2800,580,Home improvement,6300,18,425.6,3,0,1,20.0,1,0
A01351,2024-03-14,Central,56,Salaried,28.0,2830,1100,Business,11300,24,606.43,1,0,0,15.0,0,0
A01817,2024-03-14,Central,42,Self-employed,30.0,5770,0,Home improvement,18950,6,3385.73,1,0,0,31.0,0,1
A01708,2024-03-14,West,59,Salaried,19.0,6850,0,Car,9300,18,628.27,2,0,1,17.0,0,0
A00160,2024-03-15,North,33,Salaried,4.0,3170,0,Medical,6300,3,2175.6,0,0,1,16.0,1,0
A02628,2024-03-15,Capital,35,Salaried,52.0,3480,0,Education,11100,18,749.87,2,0,0,18.0,1,0
A01951,2024-03-16,Capital,29,Salaried,23.0,3460,0,Medical,10550,18,712.71,0,0,0,14.0,0,0
A02312,2024-03-16,North,52,Salaried,38.0,5060,5060,Business,8150,6,1456.13,4,0,1,20.0,0,0
A02452,2024-03-16,Capital,45,Salaried,57.0,2430,320,Medical,5600,6,1000.53,1,0,1,18.0,1,0
A00316,2024-03-16,North,21,Contract,16.0,3750,0,Home improvement,3850,12,367.03,0,0,1,27.0,0,0
A00136,2024-03-16,Coastal,29,Self-employed,22.0,2720,4700,Medical,4500,3,1554.0,2,0,1,25.0,1,0
A01945,2024-03-16,Capital,59,Self-employed,47.0,6370,7280,Home improvement,14700,18,993.07,0,0,1,28.0,1,0
A02942,2024-03-17,West,37,Self-employed,83.0,3640,1320,Business,10500,18,709.33,0,0,1,26.0,0,0
A01883,2024-03-17,Capital,35,Contract,101.0,3580,4850,Business,10500,6,1876.0,0,0,0,35.0,0,0
A01782,2024-03-18,Highlands,38,Business owner,24.0,3130,1230,Business,8150,12,776.97,1,0,1,35.0,1,0
A01908,2024-03-18,Capital,41,Business owner,28.0,3450,250,Business,11150,6,1992.13,1,0,1,29.0,1,0
A01745,2024-03-18,South,33,Contract,6.0,4000,0,Car,14900,6,2662.13,2,0,0,19.0,0,0
A00329,2024-03-18,Capital,21,Self-employed,40.0,3300,3340,Education,9750,3,3367.0,1,0,1,19.0,0,0
A01820,2024-03-19,Central,31,Salaried,,2170,1980,Home improvement,1500,6,268.0,1,0,1,21.0,1,0
A00204,2024-03-19,North,29,Salaried,80.0,1950,0,Education,3650,12,347.97,3,1,1,19.0,0,0
A02495,2024-03-20,North,57,Self-employed,8.0,2270,0,Car,3450,6,616.4,1,0,1,29.0,0,0
A01765,2024-03-20,East,59,Self-employed,19.0,2800,0,Home improvement,9650,6,1724.13,1,0,0,26.0,0,1
A02492,2024-03-20,Highlands,31,Salaried,16.0,4890,0,Home improvement,12400,6,2215.47,0,0,1,18.0,1,0
A00764,2024-03-20,East,61,Salaried,143.0,7570,0,Business,3700,18,249.96,0,0,1,14.0,0,0
A01110,2024-03-20,Coastal,23,Salaried,23.0,2200,640,Home improvement,6950,6,1241.73,1,0,1,12.0,0,0
A01663,2024-03-20,South,39,Self-employed,51.0,3170,0,Personal,3150,12,300.3,0,0,1,28.0,0,0
A01078,2024-03-21,South,40,Salaried,89.0,3460,4770,Personal,13550,12,1291.77,2,0,1,20.0,1,0
A02344,2024-03-21,Coastal,21,Self-employed,58.0,2830,1610,Medical,9250,9,1138.78,0,0,0,29.0,1,0
A00227,2024-03-21,Central,48,Salaried,,2610,870,Education,1250,18,84.44,2,0,1,,0,0
A01954,2024-03-21,South,44,Salaried,7.0,2880,0,Personal,4400,12,419.47,1,0,0,14.0,0,0
A02521,2024-03-22,North,30,Self-employed,18.0,5080,3570,Car,8700,18,587.73,1,1,0,20.0,1,0
A02674,2024-03-22,Coastal,34,Self-employed,30.0,4420,1810,Business,16150,9,1988.24,0,0,0,25.0,0,0
A02067,2024-03-22,North,43,Salaried,51.0,6390,0,Medical,12900,24,692.3,0,0,1,17.0,0,0
A00691,2024-03-23,Coastal,51,Salaried,21.0,5880,0,Medical,12200,12,1163.07,1,0,0,11.0,0,0
A01688,2024-03-23,Highlands,21,Self-employed,9.0,1920,0,Business,2300,12,219.27,3,1,1,29.0,1,0
A02345,2024-03-24,Capital,47,Self-employed,10.0,3380,0,Business,11050,24,593.02,1,0,0,34.0,0,0
A02967,2024-03-24,Coastal,40,Salaried,34.0,2170,0,Car,1150,24,61.72,2,0,1,17.0,0,0
A01874,2024-03-24,Central,41,Business owner,57.0,6680,0,Personal,24500,18,1655.11,2,0,0,31.0,0,0
A00781,2024-03-24,Capital,50,Salaried,146.0,2220,0,Business,5000,3,1726.67,1,1,1,23.0,0,0
A02249,2024-03-24,West,60,Business owner,30.0,3400,0,Education,2200,12,209.73,1,0,0,41.0,1,0
A00621,2024-03-24,Capital,38,Salaried,30.0,4290,0,Education,4050,12,386.1,2,0,0,28.0,1,1
A02846,2024-03-25,East,39,Business owner,30.0,5400,5010,Car,19300,12,1839.93,0,0,1,48.0,1,0
A00072,2024-03-25,Capital,63,Business owner,42.0,2270,2890,Business,5200,12,495.73,2,1,0,41.0,0,0
A00131,2024-03-25,Coastal,34,Salaried,29.0,5030,0,Business,12900,12,1229.8,1,0,1,13.0,1,0
A00228,2024-03-25,North,42,Self-employed,43.0,5580,1160,Business,9750,18,658.67,2,1,1,31.0,0,0
A00307,2024-03-25,West,48,Business owner,23.0,3410,0,Business,10700,12,1020.07,2,0,1,38.0,1,0
A02383,2024-03-26,Central,41,Salaried,6.0,2600,0,Medical,7350,3,2538.2,3,2,0,27.0,0,1
A02992,2024-03-26,Capital,31,Salaried,17.0,3660,0,Personal,9700,6,1733.07,1,0,1,19.0,1,0
A01322,2024-03-26,North,25,Salaried,15.0,4010,3520,Business,7900,6,1411.47,4,0,1,23.0,0,0
A00348,2024-03-27,Capital,37,Salaried,78.0,5820,0,Car,6800,9,837.16,2,0,1,21.0,0,0
A01062,2024-03-27,Capital,46,Salaried,7.0,5960,0,Car,8550,9,1052.6,0,0,1,13.0,0,0
A02459,2024-03-27,West,33,Salaried,35.0,3150,0,Business,10600,18,716.09,4,0,1,27.0,1,0
A00282,2024-03-28,Capital,34,Salaried,71.0,3050,0,Personal,9150,3,3159.8,1,1,1,14.0,0,0
A01186,2024-03-28,Highlands,57,Salaried,24.0,2310,0,Car,5350,6,955.87,3,0,1,19.0,1,0
A00808,2024-03-28,Capital,62,Self-employed,25.0,4910,13340,Car,17700,6,3162.4,0,0,0,32.0,0,0
A02664,2024-03-28,North,58,Business owner,5.0,6080,6200,Home improvement,24100,12,2297.53,0,0,0,35.0,1,0
A01751,2024-03-28,North,23,Self-employed,93.0,2570,1070,Business,7300,18,493.16,0,0,0,24.0,0,0
A00672,2024-03-28,Coastal,54,Self-employed,35.0,1810,0,Education,5100,18,344.53,1,0,1,25.0,0,1
A01980,2024-03-28,Coastal,46,Business owner,17.0,4070,8120,Education,6700,12,638.73,1,0,0,38.0,1,0
A01267,2024-03-29,West,36,Salaried,48.0,2950,6460,Home improvement,3200,12,305.07,1,0,1,16.0,1,1
A02884,2024-03-29,Capital,53,Self-employed,15.0,5320,2120,Education,10950,12,1043.9,1,1,1,28.0,0,0
A01710,2024-03-29,Highlands,46,Salaried,13.0,1710,0,Education,5000,9,615.56,2,0,1,18.0,0,0
A02304,2024-03-29,West,38,Self-employed,22.0,2200,0,Home improvement,4700,9,578.62,2,0,0,31.0,0,0
A02605,2024-03-29,Capital,62,Self-employed,19.0,8270,0,Home improvement,23800,3,8218.93,1,0,1,23.0,0,0
A01227,2024-03-29,Capital,52,Business owner,39.0,5670,5330,Business,18150,6,3242.8,3,0,0,30.0,1,0
A00311,2024-03-29,Capital,26,Salaried,23.0,3110,2110,Personal,6050,18,408.71,2,0,1,23.0,0,1
A01477,2024-03-30,South,35,Business owner,14.0,2110,650,Car,5100,9,627.87,0,0,0,23.0,1,0
A01187,2024-03-30,East,21,Salaried,45.0,5730,0,Education,4150,12,395.63,1,0,0,15.0,1,0
A00356,2024-03-30,Capital,42,Business owner,54.0,2240,0,Business,8450,18,570.84,2,0,0,33.0,1,0
A00399,2024-03-30,Coastal,60,,12.0,5110,1550,Home improvement,15200,6,2715.73,1,0,1,19.0,1,0
A02106,2024-03-30,Central,32,Self-employed,37.0,4230,3900,Home improvement,14850,6,2653.2,1,0,1,36.0,0,0
A01768,2024-03-30,Central,28,Salaried,41.0,3040,0,Home improvement,10900,6,1947.47,2,0,1,22.0,0,1
A00647,2024-03-30,Capital,28,Business owner,9.0,2380,0,Business,5950,9,732.51,2,1,0,36.0,1,0
A00884,2024-03-31,East,57,Salaried,,2800,0,Education,5900,24,316.63,3,2,0,20.0,0,0
A01774,2024-03-31,West,40,Salaried,54.0,6010,4210,Business,19650,9,2419.13,1,0,1,18.0,1,0
A01641,2024-03-31,Capital,38,Business owner,31.0,3180,0,Business,7700,12,734.07,1,0,1,24.0,1,0
A02433,2024-03-31,South,30,Business owner,,3640,0,Car,2350,6,419.87,1,0,0,30.0,0,0
A01565,2024-03-31,West,33,Business owner,17.0,1740,0,Medical,2900,6,518.13,2,0,0,41.0,0,0
A01900,2024-03-31,Capital,46,Self-employed,26.0,3510,2010,Education,12300,12,1172.6,2,1,0,24.0,1,0
A01368,2024-04-01,Highlands,56,Salaried,39.0,4630,0,Home improvement,3250,9,400.11,0,0,1,15.0,1,0
A00484,2024-04-01,Coastal,44,Contract,37.0,3140,8820,Home improvement,2100,12,200.2,2,0,0,17.0,0,0
A02616,2024-04-01,North,37,Salaried,26.0,3950,680,Education,11750,12,1120.17,2,0,1,17.0,0,0
A02606,2024-04-01,Coastal,60,Salaried,32.0,3670,10280,Car,3250,24,174.42,0,0,1,19.0,1,0
A01786,2024-04-02,Central,62,Self-employed,31.0,5550,0,Personal,21300,24,1143.1,3,1,0,24.0,1,0
A01178,2024-04-02,Capital,60,Self-employed,,3220,1250,Car,3800,24,203.93,1,0,0,32.0,1,0
A01090,2024-04-02,Capital,22,Salaried,23.0,3370,0,Personal,7550,6,1348.93,2,1,1,24.0,1,0
A01372,2024-04-02,North,56,Self-employed,11.0,11060,35860,Education,16450,6,2939.07,0,0,1,23.0,0,0
A00965,2024-04-02,Coastal,32,Business owner,64.0,3100,2700,Education,12300,24,660.1,1,0,0,28.0,0,0
A02115,2024-04-03,Capital,62,Self-employed,35.0,5900,360,Car,11300,9,1391.16,1,0,0,24.0,0,0
A02577,2024-04-03,West,34,Self-employed,28.0,4770,1070,Medical,18800,24,1008.93,0,0,0,31.0,0,0
A01650,2024-04-04,Capital,60,Salaried,19.0,1230,0,Education,500,6,89.33,0,0,1,20.0,1,0
A00948,2024-04-04,North,57,Business owner,22.0,1340,0,Car,4350,6,777.2,2,0,0,28.0,1,0
A02291,2024-04-05,North,35,Self-employed,20.0,2740,940,Business,8000,18,540.44,2,0,1,33.0,1,0
A01360,2024-04-05,South,57,Business owner,12.0,7880,6420,Business,12250,12,1167.83,0,0,0,26.0,0,0
A02916,2024-04-06,North,61,Salaried,77.0,2720,1290,Medical,9750,6,1742.0,0,0,1,14.0,0,0
A01863,2024-04-06,Central,25,Salaried,31.0,4810,910,Car,3700,12,352.73,3,1,1,17.0,1,0
A00566,2024-04-06,Capital,36,Salaried,,2340,0,Education,1300,24,69.77,1,0,1,16.0,1,0
A02771,2024-04-06,Capital,59,Self-employed,23.0,5240,7860,Car,2700,6,482.4,1,0,0,32.0,1,0
A00688,2024-04-06,North,60,Salaried,64.0,7760,0,Business,20800,24,1116.27,1,0,1,15.0,0,0
A02421,2024-04-06,Highlands,31,Salaried,12.0,3890,450,Education,4700,12,448.07,1,0,1,21.0,0,0
A00784,2024-04-07,Central,25,Business owner,36.0,4390,4690,Medical,15000,6,2680.0,1,0,0,22.0,1,0
A01219,2024-04-07,Central,46,Business owner,13.0,3910,10920,Business,6400,6,1143.47,1,0,0,33.0,1,0
A00713,2024-04-07,Capital,35,Contract,20.0,5140,0,Medical,9700,18,655.29,4,0,0,27.0,0,0
A01946,2024-04-08,Coastal,25,Business owner,53.0,3110,1710,Education,8700,12,829.4,2,1,0,19.0,0,0
A00726,2024-04-08,North,37,Contract,33.0,3570,0,Education,5200,12,495.73,2,1,0,29.0,0,1
A02377,2024-04-08,Central,51,Salaried,47.0,5170,3940,Business,7000,3,2417.33,2,0,1,16.0,0,0
A02183,2024-04-09,Coastal,63,Self-employed,53.0,4640,1110,Business,3250,6,580.67,1,0,0,34.0,1,0
A00080,2024-04-10,North,41,Salaried,20.0,2070,0,Business,4700,6,839.73,3,0,1,16.0,0,0
A02682,2024-04-10,South,44,Business owner,30.0,2620,1040,Medical,2650,12,252.63,3,0,0,35.0,1,0
A00914,2024-04-10,Capital,22,Salaried,21.0,3020,0,Education,10100,24,542.03,1,1,0,17.0,1,0
A00855,2024-04-10,Capital,29,Business owner,22.0,2870,0,Car,5250,24,281.75,3,1,0,26.0,0,0
A01332,2024-04-10,East,42,Self-employed,46.0,9490,0,Business,4150,18,280.36,2,0,0,31.0,1,0
A02468,2024-04-10,North,40,Salaried,91.0,1630,0,Personal,2650,6,473.47,0,0,1,22.0,0,0
A02144,2024-04-10,Capital,46,Business owner,19.0,5010,0,Medical,14600,12,1391.87,1,1,1,30.0,0,0
A00429,2024-04-10,South,56,Salaried,52.0,1590,760,Education,3250,9,400.11,1,0,1,20.0,0,0
A01673,2024-04-10,East,35,Business owner,46.0,3820,5170,Business,9300,18,628.27,2,0,1,,0,0
A02883,2024-04-11,Capital,60,Salaried,24.0,4570,0,Home improvement,16600,3,5732.53,3,1,1,18.0,1,0
A00426,2024-04-11,Capital,60,Salaried,22.0,2300,0,Business,8900,9,1095.69,0,0,1,21.0,0,0
A00317,2024-04-12,North,61,Self-employed,,5710,0,Business,22150,9,2726.91,2,1,0,32.0,1,0
A02865,2024-04-12,East,27,Contract,40.0,2470,0,Business,7700,18,520.18,1,0,1,33.0,0,0
A00207,2024-04-12,Capital,31,Business owner,29.0,3380,3700,Medical,13200,12,1258.4,0,0,1,23.0,0,0
A01319,2024-04-12,Central,37,Self-employed,28.0,3190,0,Car,2550,18,172.27,0,0,1,23.0,0,0
A00372,2024-04-12,Capital,57,Business owner,56.0,1880,170,Home improvement,750,12,71.5,0,0,0,31.0,0,0
A00665,2024-04-12,Capital,25,Salaried,19.0,5080,2430,Car,6350,18,428.98,1,0,1,16.0,1,0
A02033,2024-04-12,Capital,36,Salaried,12.0,4200,2830,Business,4150,12,395.63,2,0,1,18.0,0,0
A00854,2024-04-12,Highlands,63,Contract,16.0,4980,6360,Personal,13650,18,922.13,3,0,0,36.0,1,0
A00393,2024-04-12,North,52,Self-employed,46.0,3310,810,Business,12350,3,4264.87,2,0,0,25.0,0,0
A01487,2024-04-13,South,40,Business owner,1.0,2490,6840,Education,1300,6,232.27,1,0,0,29.0,0,0
A00988,2024-04-14,Capital,58,Self-employed,66.0,4820,0,Home improvement,19000,6,3394.67,1,0,0,24.0,0,0
A01005,2024-04-14,Capital,28,,91.0,2450,0,Personal,4150,12,395.63,2,0,1,33.0,1,0
A00064,2024-04-14,South,56,Salaried,34.0,3390,2090,Car,3500,18,236.44,1,0,1,18.0,0,0
A00641,2024-04-14,Capital,39,Contract,20.0,4200,4920,Business,4100,6,732.53,3,0,0,30.0,0,0
A01665,2024-04-14,Capital,34,Business owner,21.0,2970,0,Business,8850,12,843.7,0,0,0,24.0,0,0
A01148,2024-04-14,East,44,Salaried,36.0,1600,1350,Business,2100,24,112.7,1,1,1,20.0,0,0
A01630,2024-04-15,East,33,Self-employed,57.0,5330,1510,Business,5450,18,368.18,1,0,1,28.0,0,0
A02089,2024-04-15,East,23,Self-employed,49.0,1800,1710,Business,900,9,110.8,1,0,0,29.0,0,0
A02568,2024-04-15,North,56,Business owner,,2530,0,Home improvement,2550,24,136.85,2,1,1,35.0,1,0
A00611,2024-04-15,Coastal,41,Salaried,6.0,2540,4420,Personal,2550,12,243.1,1,0,1,21.0,0,0
A02822,2024-04-16,East,43,Salaried,31.0,2090,2600,Business,7600,24,407.87,1,0,1,33.0,1,0
A02890,2024-04-16,West,31,Self-employed,,3660,760,Home improvement,2700,12,257.4,4,2,1,28.0,0,0
A00496,2024-04-16,Capital,59,Salaried,25.0,2950,4130,Education,4700,9,578.62,1,1,1,11.0,1,0
A01890,2024-04-16,Capital,31,Business owner,,4330,2310,Home improvement,16700,6,2983.73,0,0,1,40.0,1,0
A01576,2024-04-16,Capital,40,Business owner,65.0,2170,2070,Education,7000,3,2417.33,2,0,1,30.0,1,0
A02403,2024-04-16,South,49,Self-employed,31.0,1610,3550,Education,6000,6,1072.0,0,0,0,23.0,1,0
A00450,2024-04-16,Coastal,36,Self-employed,70.0,2710,500,Home improvement,6650,6,1188.13,1,1,0,38.0,0,0
A01307,2024-04-17,Highlands,38,Salaried,17.0,6890,0,Medical,4600,6,821.87,1,0,1,14.0,0,0
A02279,2024-04-17,Capital,60,Business owner,23.0,4100,0,Education,7750,12,738.83,2,1,0,31.0,0,0
A02689,2024-04-17,Capital,44,Contract,59.0,4460,1670,Business,10750,3,3712.33,1,0,0,25.0,1,0
A00331,2024-04-17,West,56,Salaried,11.0,3800,5150,Medical,4950,9,609.4,1,0,1,21.0,1,0
A01329,2024-04-17,South,52,Salaried,17.0,3660,0,Education,7400,18,499.91,0,0,1,17.0,0,0
A00295,2024-04-17,Capital,22,Self-employed,14.0,8640,0,Personal,26550,12,2531.1,1,0,1,34.0,1,0
A02937,2024-04-18,Central,43,Contract,12.0,2260,2710,Education,1400,24,75.13,0,0,0,33.0,0,0
A01121,2024-04-18,Highlands,28,Salaried,28.0,5410,7330,Business,5450,6,973.73,0,0,1,12.0,1,1
A01379,2024-04-18,North,28,Self-employed,24.0,1960,0,Medical,1750,18,118.22,1,0,1,34.0,0,0
A02668,2024-04-18,Coastal,47,Business owner,3.0,6080,11140,Education,7650,9,941.8,3,0,0,,1,0
A01416,2024-04-19,East,59,,16.0,2730,0,Education,2950,9,363.18,0,0,0,16.0,0,0
A01157,2024-04-20,East,55,Business owner,48.0,1000,1930,Business,2150,12,204.97,1,0,0,39.0,0,0
A00192,2024-04-20,North,61,Business owner,18.0,3900,0,Personal,4900,12,467.13,4,1,0,40.0,0,0
A01885,2024-04-20,Capital,41,Salaried,55.0,3110,1950,Education,9500,3,3280.67,1,0,1,20.0,0,0
A02171,2024-04-20,Central,51,Self-employed,72.0,9260,28280,Medical,7000,9,861.78,0,0,1,41.0,1,0
A00023,2024-04-21,East,56,Contract,47.0,3070,2960,Car,5750,18,388.44,3,0,0,28.0,0,0
A02437,2024-04-21,Capital,41,Business owner,29.0,4890,14750,Medical,10300,12,981.93,1,0,1,29.0,0,0
A01653,2024-04-21,Highlands,62,Salaried,74.0,4560,0,Personal,14250,12,1358.5,1,0,1,19.0,1,0
A00875,2024-04-22,Highlands,46,Business owner,11.0,3690,0,Personal,12400,9,1526.58,0,0,0,32.0,1,0
A00955,2024-04-22,Highlands,28,Contract,5.0,4480,1730,Medical,3900,12,371.8,1,0,0,29.0,0,0
A01964,2024-04-22,East,60,Contract,116.0,6710,11360,Education,15350,6,2742.53,0,0,0,33.0,1,0
A01297,2024-04-22,North,28,Business owner,29.0,4270,0,Medical,13850,12,1320.37,2,1,1,26.0,1,1
A01821,2024-04-22,West,54,Self-employed,42.0,4650,6470,Business,11850,18,800.53,1,1,0,39.0,1,0
A01637,2024-04-22,Central,61,Salaried,13.0,2120,0,Business,7450,18,503.29,0,0,1,16.0,0,0
A01682,2024-04-23,West,48,Business owner,43.0,4210,14050,Medical,2000,6,357.33,1,0,0,32.0,0,0
A02469,2024-04-24,Central,41,Self-employed,59.0,3390,2180,Home improvement,3750,18,253.33,2,0,1,27.0,0,0
A01877,2024-04-24,Capital,61,Salaried,10.0,7160,0,Home improvement,24150,12,2302.3,1,0,1,14.0,0,0
A02811,2024-04-24,South,59,Salaried,36.0,2300,960,Business,7500,9,923.33,3,1,1,20.0,1,0
A02228,2024-04-25,West,38,Self-employed,40.0,2360,660,Education,5100,12,486.2,1,1,1,49.0,0,0
A02442,2024-04-25,South,25,Contract,50.0,3890,0,Car,3450,6,616.4,1,0,0,29.0,0,0
A00165,2024-04-26,Highlands,36,Business owner,42.0,3040,0,Business,9100,18,614.76,1,0,0,38.0,0,0
A02671,2024-04-27,West,24,Salaried,22.0,6170,0,Personal,19350,6,3457.2,3,0,1,28.0,1,0
A01939,2024-04-27,East,40,Salaried,41.0,2910,1670,Car,10850,12,1034.37,0,0,1,,1,0
A02649,2024-04-28,North,35,Salaried,28.0,1580,2240,Business,5900,6,1054.13,1,0,1,21.0,1,0
A02219,2024-04-28,Highlands,24,Self-employed,61.0,2970,0,Business,10550,6,1884.93,1,0,0,,0,0
A00846,2024-04-28,North,36,Salaried,12.0,4790,0,Home improvement,1950,6,348.4,3,1,1,11.0,0,0
A01868,2024-04-28,South,30,Salaried,13.0,8470,2760,Business,6450,12,614.9,0,0,1,23.0,0,0
A02330,2024-04-28,Capital,22,,59.0,3540,0,Car,9500,6,1697.33,1,0,1,,1,0
A02584,2024-04-29,South,35,Self-employed,28.0,3540,1370,Business,2400,12,228.8,2,0,0,27.0,1,0
A00082,2024-04-29,South,26,Business owner,118.0,5620,0,Personal,3350,9,412.42,1,0,0,30.0,1,0
A01411,2024-04-29,South,37,Salaried,86.0,4310,0,Business,16000,9,1969.78,0,0,1,,1,0
A01342,2024-04-29,South,34,Contract,87.0,3590,2260,Business,3950,9,486.29,4,1,0,22.0,1,0
A02432,2024-04-30,Highlands,32,Self-employed,43.0,2370,3700,Car,1850,6,330.53,4,1,0,24.0,0,1
A01701,2024-04-30,Central,53,Salaried,13.0,3110,2140,Personal,4150,12,395.63,1,0,1,17.0,0,0
A01083,2024-04-30,East,23,Business owner,60.0,4760,0,Medical,12550,9,1545.04,2,0,0,29.0,0,0
A02241,2024-05-01,Capital,22,Self-employed,18.0,3400,0,Car,5950,9,732.51,1,0,0,33.0,1,0
A02778,2024-05-01,South,39,Self-employed,20.0,3560,0,Medical,6450,12,614.9,0,0,1,32.0,1,0
A00655,2024-05-01,Capital,30,Salaried,49.0,5230,0,Business,17750,12,1692.17,0,0,0,18.0,0,0
A00058,2024-05-01,North,39,Business owner,25.0,3240,1900,Business,8750,24,469.58,2,1,1,37.0,0,0
A01234,2024-05-01,Coastal,35,Salaried,17.0,3240,2640,Personal,2900,12,276.47,1,0,0,18.0,0,0
A01931,2024-05-02,East,24,,23.0,1490,1760,Education,5100,6,911.2,3,0,1,23.0,0,0
A01108,2024-05-02,Capital,56,Self-employed,23.0,5180,0,Business,19850,12,1892.37,1,0,0,34.0,1,0
A00403,2024-05-02,Capital,45,Salaried,71.0,2530,0,Medical,8350,12,796.03,1,0,1,15.0,1,0
A02857,2024-05-03,East,53,Salaried,65.0,7170,3870,Business,10750,6,1920.67,0,0,1,17.0,0,0
A00564,2024-05-03,South,56,,75.0,2010,0,Education,6400,12,610.13,0,0,1,10.0,0,0
A01557,2024-05-03,Capital,58,Salaried,74.0,5090,5790,Home improvement,14700,9,1809.73,2,0,1,20.0,0,0
A01300,2024-05-03,North,30,Self-employed,39.0,1970,0,Business,6250,12,595.83,0,0,1,25.0,1,0
A02154,2024-05-04,West,60,Salaried,67.0,4080,2970,Car,12400,6,2215.47,3,0,1,11.0,1,0
A00981,2024-05-04,Coastal,23,Salaried,14.0,5140,8560,Education,17250,6,3082.0,0,0,1,19.0,1,0
A02175,2024-05-04,Capital,33,Salaried,21.0,2180,3310,Business,4450,6,795.07,5,1,1,11.0,0,0
A01124,2024-05-04,West,21,Self-employed,63.0,4260,2450,Home improvement,14250,12,1358.5,2,1,1,29.0,1,0
A02362,2024-05-05,Capital,38,Salaried,30.0,2070,90,Education,7900,6,1411.47,0,0,0,9.0,1,0
A02650,2024-05-05,North,36,Self-employed,10.0,3760,2380,Personal,11500,9,1415.78,3,2,1,33.0,1,0
A00029,2024-05-05,West,61,Self-employed,2.0,3540,0,Business,11350,6,2027.87,1,0,1,22.0,0,0
A01335,2024-05-06,Capital,61,Salaried,27.0,1880,2590,Business,2700,12,257.4,1,0,1,13.0,0,0
A01023,2024-05-06,Highlands,23,Contract,37.0,4500,7490,Education,12350,24,662.78,0,0,0,40.0,0,0
A02230,2024-05-06,East,46,Self-employed,9.0,1690,0,Business,1800,18,121.6,1,0,1,24.0,0,0
A02792,2024-05-07,East,55,Salaried,,4830,5020,Education,8200,18,553.96,0,0,1,13.0,1,1
A00973,2024-05-07,Central,45,Self-employed,55.0,3050,2120,Car,8550,18,577.6,1,0,0,31.0,1,0
A02478,2024-05-07,Capital,26,Contract,32.0,5620,0,Business,21100,24,1132.37,2,0,0,40.0,0,0
A00731,2024-05-08,Capital,24,Salaried,30.0,1680,0,Medical,4350,6,777.2,0,0,1,15.0,1,0
A01957,2024-05-08,Capital,37,Business owner,94.0,3120,2650,Car,6800,18,459.38,1,0,1,34.0,0,0
A02414,2024-05-08,Capital,42,Salaried,23.0,4420,1650,Business,17100,12,1630.2,2,0,1,16.0,0,0
A01614,2024-05-08,North,63,Salaried,40.0,2690,7910,Business,10550,18,712.71,1,0,1,21.0,1,0
A01085,2024-05-08,Capital,33,Self-employed,42.0,4090,5060,Home improvement,8600,6,1536.53,3,1,0,28.0,1,1
A00822,2024-05-08,Coastal,42,Self-employed,32.0,3230,5620,Home improvement,2150,12,204.97,2,0,0,28.0,0,0
A01947,2024-05-09,North,43,Contract,8.0,2740,0,Home improvement,9400,6,1679.47,2,0,1,39.0,1,0
A01001,2024-05-09,East,33,Salaried,72.0,7990,6730,Personal,31500,24,1690.5,1,0,1,14.0,0,0
A00943,2024-05-09,Capital,50,Business owner,22.0,1550,0,Business,5950,24,319.32,0,0,1,30.0,1,0
A02891,2024-05-09,Central,38,Business owner,11.0,4400,0,Home improvement,15750,12,1501.5,2,0,1,32.0,1,0
A01202,2024-05-09,Capital,53,Contract,5.0,1440,430,Car,600,24,32.2,1,0,0,31.0,0,0
A00472,2024-05-10,North,33,Contract,30.0,1300,3400,Business,1750,6,312.67,2,2,0,33.0,0,0
A00181,2024-05-10,Coastal,53,Salaried,56.0,2900,0,Education,1200,18,81.07,4,1,1,13.0,0,0
A02184,2024-05-10,Highlands,61,Business owner,63.0,4260,0,Home improvement,12650,12,1205.97,0,0,0,29.0,1,0
A02781,2024-05-11,Capital,46,Salaried,39.0,3230,2820,Education,12250,12,1167.83,2,0,1,15.0,0,0
A01152,2024-05-11,Coastal,34,Business owner,18.0,5880,0,Personal,9700,18,655.29,1,0,0,39.0,0,0
A01012,2024-05-12,Coastal,36,Salaried,33.0,5130,0,Business,14850,12,1415.7,1,1,1,16.0,1,0
A00267,2024-05-12,Highlands,28,Contract,38.0,4810,21610,Medical,15350,6,2742.53,2,0,0,33.0,1,0
A01525,2024-05-13,North,53,Self-employed,17.0,2520,0,Home improvement,5750,6,1027.33,1,0,0,27.0,0,1
A00509,2024-05-13,Capital,30,Salaried,,3210,1200,Medical,3750,3,1295.0,1,0,0,23.0,1,0
A01742,2024-05-14,Capital,46,Self-employed,87.0,6310,0,Home improvement,5800,6,1036.27,3,0,1,15.0,1,0
A00968,2024-05-14,East,61,Business owner,14.0,2610,2810,Personal,6450,6,1152.4,0,0,1,29.0,0,1
A02225,2024-05-15,Capital,35,Salaried,8.0,2060,2210,Car,900,9,110.8,0,0,1,13.0,1,0
A02912,2024-05-15,South,43,Salaried,31.0,4510,7480,Business,15050,6,2688.93,1,0,1,19.0,1,0
A00761,2024-05-15,South,21,Salaried,30.0,5830,0,Education,5350,6,955.87,1,0,1,10.0,1,0
A02995,2024-05-16,Capital,52,Self-employed,81.0,6860,0,Medical,3300,12,314.6,0,0,0,25.0,0,0
A01460,2024-05-16,Highlands,55,Contract,14.0,3070,0,Education,1900,12,181.13,1,0,0,30.0,1,0
A01567,2024-05-16,North,33,Self-employed,,4030,1830,Personal,7050,9,867.93,3,0,1,32.0,0,0
A00813,2024-05-16,South,48,Salaried,25.0,2640,490,Education,1600,12,152.53,1,1,1,24.0,0,0
A02502,2024-05-16,South,49,Business owner,23.0,5000,0,Business,8150,18,550.58,1,0,1,33.0,0,0
A02197,2024-05-16,South,48,Salaried,,2230,3510,Business,5850,9,720.2,1,0,1,20.0,0,0
A01558,2024-05-16,Coastal,63,Contract,71.0,3760,0,Business,12800,3,4420.27,2,0,1,25.0,0,0
A00053,2024-05-16,Capital,30,Self-employed,9.0,2340,870,Personal,7000,6,1250.67,0,0,1,32.0,0,0
A00802,2024-05-16,Coastal,51,Salaried,12.0,1850,0,Business,4800,6,857.6,2,0,0,17.0,0,0
A01762,2024-05-16,North,60,Salaried,22.0,3380,0,Business,5000,6,893.33,0,0,1,24.0,0,0
A00319,2024-05-17,Capital,35,Contract,86.0,1700,0,Car,2700,18,182.4,4,0,0,26.0,0,0
A01846,2024-05-17,Highlands,26,Business owner,81.0,8450,4810,Business,25150,18,1699.02,1,0,0,,0,1
A01153,2024-05-17,East,45,Business owner,23.0,4430,0,Business,15100,12,1439.53,1,1,0,30.0,1,1
A00081,2024-05-17,North,40,Salaried,71.0,8140,6210,Car,20700,6,3698.4,2,1,0,,0,0
A01440,2024-05-17,North,29,Business owner,6.0,3890,0,Business,2950,9,363.18,2,1,0,34.0,1,0
A00471,2024-05-17,Highlands,34,Salaried,55.0,5640,0,Education,12750,6,2278.0,0,0,1,14.0,0,0
A01179,2024-05-18,Capital,53,Contract,39.0,6910,17190,Business,13050,6,2331.6,0,0,1,28.0,0,0
A01656,2024-05-19,Capital,22,Salaried,58.0,4500,0,Education,6500,18,439.11,2,0,1,,0,0
A00049,2024-05-19,Capital,41,Salaried,17.0,5970,0,Home improvement,10050,6,1795.6,0,0,1,13.0,0,0
A00420,2024-05-19,Capital,30,Self-employed,62.0,3890,7400,Business,11850,12,1129.7,0,0,0,25.0,0,0
A01194,2024-05-20,West,55,Salaried,23.0,4640,4950,Education,17950,6,3207.07,0,0,1,22.0,0,0
A01218,2024-05-20,Central,43,Contract,,1810,0,Education,6850,12,653.03,1,0,0,39.0,0,0
A02875,2024-05-20,Coastal,36,Self-employed,22.0,4820,310,Business,2600,12,247.87,0,0,0,27.0,1,0
A00039,2024-05-20,East,56,Salaried,14.0,2290,2980,Personal,4150,18,280.36,1,0,0,21.0,0,1
A01627,2024-05-20,Central,36,Salaried,64.0,4010,0,Personal,8800,12,838.93,1,0,1,24.0,1,0
A00662,2024-05-20,Capital,60,Salaried,39.0,2390,870,Medical,6000,6,1072.0,0,0,0,21.0,0,0
A02712,2024-05-21,Capital,28,Business owner,11.0,4940,1030,Personal,17600,6,3144.53,1,1,1,39.0,0,0
A02729,2024-05-21,South,22,Salaried,50.0,3100,0,Car,2350,9,289.31,2,0,0,19.0,0,0
A01391,2024-05-21,Coastal,60,Self-employed,23.0,6640,1510,Car,11850,18,800.53,2,1,1,29.0,0,0
A01378,2024-05-21,Capital,34,Business owner,41.0,2350,0,Medical,2750,18,185.78,1,0,0,31.0,1,0
A00386,2024-05-21,South,46,Salaried,40.0,3370,0,Business,2700,9,332.4,1,0,1,18.0,0,0
A00417,2024-05-21,East,48,Salaried,21.0,3430,4350,Business,5250,24,281.75,1,0,0,14.0,0,0
A02206,2024-05-22,Capital,50,Business owner,95.0,2350,0,Business,2350,12,224.03,1,0,0,47.0,0,0
A02772,2024-05-22,Capital,32,Self-employed,38.0,3260,0,Home improvement,9200,18,621.51,2,0,1,33.0,1,0
A00836,2024-05-22,East,56,Salaried,17.0,2540,0,Education,1050,9,129.27,1,0,0,12.0,0,0
A02104,2024-05-22,East,43,Salaried,26.0,5260,0,Education,15600,9,1920.53,0,0,1,9.0,1,0
A01865,2024-05-22,East,23,Salaried,21.0,3130,1270,Medical,1950,18,131.73,0,0,1,17.0,0,0
A00511,2024-05-23,Capital,37,Business owner,43.0,4440,0,Business,3600,9,443.2,0,0,0,39.0,1,0
A01398,2024-05-23,East,25,Business owner,36.0,2380,0,Business,3950,12,376.57,4,1,1,31.0,1,0
A01183,2024-05-23,South,58,Contract,4.0,3300,4440,Home improvement,12100,12,1153.53,3,2,0,40.0,0,0
A00777,2024-05-23,Capital,41,Self-employed,20.0,3220,2900,Business,3950,12,376.57,1,0,1,26.0,1,0
A02168,2024-05-23,Capital,55,Business owner,71.0,10420,0,Medical,32400,6,5788.8,1,1,0,39.0,1,0
A01284,2024-05-23,Coastal,48,Self-employed,12.0,3820,0,Business,12200,12,1163.07,0,0,0,35.0,1,0
A02607,2024-05-23,North,32,Salaried,66.0,2260,2810,Medical,6400,9,787.91,2,0,1,16.0,0,1
A02931,2024-05-24,Capital,57,Contract,30.0,4130,0,Business,12150,12,1158.3,0,0,1,37.0,0,0
A01350,2024-05-24,North,56,Self-employed,104.0,3070,4620,Home improvement,2050,6,366.27,3,0,0,32.0,1,0
A00202,2024-05-24,Coastal,32,Salaried,23.0,3660,0,Car,8300,6,1482.93,1,0,1,17.0,0,1
A01352,2024-05-24,East,55,Self-employed,60.0,4130,0,Education,5850,12,557.7,0,0,1,26.0,1,0
A02731,2024-05-24,Capital,43,Salaried,25.0,3230,2150,Home improvement,4350,18,293.87,0,0,1,23.0,0,0
A01613,2024-05-24,Coastal,43,Self-employed,51.0,4640,0,Home improvement,2600,9,320.09,1,0,1,27.0,1,0
A02399,2024-05-24,West,25,Self-employed,78.0,930,0,Business,1450,12,138.23,2,0,0,34.0,0,0
A01617,2024-05-24,North,49,Salaried,26.0,6840,12430,Business,8750,9,1077.22,1,0,1,21.0,1,0
A01426,2024-05-25,Capital,29,,108.0,1610,0,Personal,4600,12,438.53,1,0,1,10.0,0,0
A00953,2024-05-25,Capital,63,Salaried,37.0,6390,6520,Car,12100,6,2161.87,4,1,1,19.0,0,1
A02573,2024-05-25,Central,59,Salaried,6.0,2280,1630,Car,7650,18,516.8,0,0,0,15.0,1,0
A01836,2024-05-25,North,62,Self-employed,89.0,3410,760,Personal,2550,3,880.6,1,0,0,35.0,1,0
A00528,2024-05-25,West,45,Salaried,10.0,5590,13310,Business,9150,6,1634.8,0,0,1,7.0,0,0
A02734,2024-05-25,South,50,Salaried,6.0,1430,0,Home improvement,4450,18,300.62,4,1,1,25.0,0,0
A00774,2024-05-26,Capital,45,Salaried,29.0,3620,0,Medical,11300,24,606.43,1,0,1,19.0,0,0
A01994,2024-05-26,East,40,Contract,7.0,2570,0,Business,4600,6,821.87,0,0,0,31.0,0,0
A00254,2024-05-26,North,41,Self-employed,8.0,4220,1540,Education,13550,18,915.38,2,0,0,35.0,0,0
A02874,2024-05-27,East,39,Self-employed,66.0,4850,4730,Home improvement,6400,9,787.91,3,0,0,35.0,1,0
A01306,2024-05-27,Capital,28,Salaried,18.0,7430,1930,Business,19350,6,3457.2,3,0,1,13.0,0,0
A01197,2024-05-28,West,38,Self-employed,14.0,5710,0,Business,17800,9,2191.38,1,0,0,36.0,0,0
A00462,2024-05-28,North,40,Salaried,53.0,5980,1470,Business,21950,12,2092.57,2,0,1,20.0,0,0
A01370,2024-05-28,North,61,Salaried,27.0,3430,0,Business,6800,3,2348.27,1,0,1,19.0,0,0
A00266,2024-05-28,Capital,36,Self-employed,17.0,2120,40,Personal,5600,9,689.42,1,0,0,33.0,0,0
A00008,2024-05-28,Capital,39,Business owner,44.0,1760,0,Business,4700,9,578.62,1,0,0,26.0,0,0
A00019,2024-05-29,Capital,59,Business owner,19.0,4950,0,Medical,4500,12,429.0,0,0,1,26.0,1,0
A00648,2024-05-29,South,40,Business owner,44.0,3570,0,Home improvement,1550,12,147.77,0,0,0,25.0,0,0
A00651,2024-05-30,Capital,48,Self-employed,48.0,1990,770,Home improvement,1750,18,118.22,0,0,1,34.0,0,0
A01977,2024-05-30,Capital,52,Self-employed,27.0,1400,0,Personal,2800,12,266.93,0,0,1,22.0,0,0
A01831,2024-05-30,North,37,Self-employed,48.0,5170,4460,Business,12100,12,1153.53,2,2,1,27.0,1,0
A00069,2024-05-30,East,53,Self-employed,15.0,5220,0,Education,4750,18,320.89,1,0,0,27.0,0,0
A01725,2024-05-31,Coastal,22,Self-employed,82.0,2570,0,Business,1450,12,138.23,0,0,1,33.0,1,0
A02244,2024-05-31,West,37,Self-employed,68.0,6880,2830,Business,19000,18,1283.56,2,0,1,24.0,1,0
A02448,2024-05-31,Capital,39,Salaried,15.0,5260,2990,Business,8950,12,853.23,2,1,1,16.0,1,0
A00958,2024-05-31,East,50,Salaried,117.0,3910,0,Car,3700,9,455.51,2,0,0,20.0,0,0
A00805,2024-06-01,Capital,35,Contract,95.0,4600,510,Car,12350,6,2206.53,3,0,0,36.0,1,1
A02867,2024-06-01,Capital,30,Salaried,23.0,4120,0,Education,5750,18,388.44,0,0,1,21.0,1,0
A02755,2024-06-02,Capital,47,Contract,58.0,7810,0,Education,19100,12,1820.87,3,1,0,21.0,0,0
A00234,2024-06-02,Coastal,53,Business owner,15.0,8210,13960,Home improvement,31700,12,3022.07,1,0,1,30.0,1,0
A01323,2024-06-02,South,54,Salaried,21.0,3170,0,Education,11600,24,622.53,2,0,1,,0,0
A02660,2024-06-02,Capital,34,Contract,60.0,2280,970,Business,8200,12,781.73,1,0,0,25.0,1,0
A01347,2024-06-02,North,57,Contract,69.0,2240,1390,Personal,5700,12,543.4,2,0,0,31.0,1,0
A01757,2024-06-04,West,52,Self-employed,15.0,2460,1930,Personal,6750,12,643.5,0,0,0,34.0,0,0
A00038,2024-06-04,West,56,Salaried,21.0,4160,7310,Car,3850,9,473.98,1,0,0,27.0,1,0
A01027,2024-06-05,East,37,Salaried,37.0,3530,3070,Business,2800,12,266.93,1,0,0,12.0,0,0
A00495,2024-06-05,Central,51,Salaried,11.0,2600,3880,Education,5200,3,1795.73,0,0,1,18.0,1,0
A00476,2024-06-06,Capital,33,Business owner,31.0,5420,3000,Car,2550,6,455.6,4,1,1,37.0,0,0
A00109,2024-06-06,Capital,35,Salaried,45.0,4180,5630,Personal,7000,6,1250.67,1,0,1,13.0,0,0
A02390,2024-06-06,Capital,48,Salaried,33.0,5230,0,Personal,5550,6,991.6,2,0,0,18.0,1,0
A00915,2024-06-06,South,36,Business owner,65.0,1820,0,Business,3800,12,362.27,0,0,0,33.0,0,0
A00772,2024-06-06,Capital,33,Business owner,43.0,3710,1860,Education,3800,6,678.93,0,0,0,30.0,0,0
A02805,2024-06-07,Central,42,Salaried,19.0,2130,1020,Business,4200,6,750.4,3,0,1,27.0,0,0
A01589,2024-06-07,Capital,37,Self-employed,,5410,4520,Home improvement,19000,24,1019.67,1,0,1,27.0,1,1
A01914,2024-06-08,Central,22,Salaried,10.0,2350,7340,Business,6150,12,586.3,1,0,1,15.0,0,0
A01188,2024-06-08,South,45,Contract,13.0,2950,0,Business,2850,6,509.2,0,0,0,28.0,0,0
A00866,2024-06-08,North,55,Self-employed,,3670,7080,Medical,12000,24,644.0,1,0,0,28.0,0,0
A00874,2024-06-09,Capital,59,Business owner,37.0,3920,0,Personal,4500,6,804.0,0,0,0,24.0,0,0
A00909,2024-06-09,Highlands,53,Business owner,25.0,2350,0,Education,3000,9,369.33,2,1,0,24.0,0,0
A02845,2024-06-09,North,50,Salaried,22.0,2740,1840,Business,10050,9,1237.27,1,0,1,20.0,0,1
A00966,2024-06-10,Capital,34,Salaried,58.0,2370,0,Personal,8450,18,570.84,1,0,1,18.0,0,0
A02613,2024-06-10,Coastal,52,Salaried,43.0,3490,4410,Business,2500,6,446.67,2,0,1,24.0,1,0
A00841,2024-06-10,West,55,Business owner,,3920,3450,Personal,15600,6,2787.2,2,1,1,29.0,0,0
A00087,2024-06-10,Highlands,28,Self-employed,81.0,2340,360,Education,2600,3,897.87,2,0,0,43.0,0,0
A01199,2024-06-11,Coastal,48,Salaried,36.0,3510,6200,Education,1450,6,259.07,1,1,1,16.0,1,0
A01415,2024-06-11,South,47,Contract,68.0,2300,0,Car,5650,9,695.58,2,1,0,28.0,1,0
A02673,2024-06-11,South,48,Contract,11.0,5200,8000,Business,9450,18,638.4,3,0,0,28.0,1,0
A01256,2024-06-11,Central,36,Business owner,,5170,3980,Business,5600,12,533.87,1,0,1,30.0,0,0
A01041,2024-06-11,South,62,,7.0,2220,1110,Personal,8100,6,1447.2,3,2,1,12.0,1,1
A02523,2024-06-11,Capital,40,Salaried,31.0,4290,1620,Home improvement,3000,18,202.67,5,1,1,20.0,1,0
A00872,2024-06-11,East,58,Salaried,34.0,2540,7180,Education,2850,12,271.7,0,0,1,23.0,0,0
A01447,2024-06-11,Central,31,Self-employed,134.0,5660,4210,Education,15250,12,1453.83,0,0,0,24.0,0,0
A02386,2024-06-12,South,42,Salaried,8.0,3010,2210,Business,10900,18,736.36,1,0,1,22.0,0,1
A01998,2024-06-12,South,23,Salaried,13.0,2820,0,Business,1850,6,330.53,2,1,1,19.0,0,0
A00353,2024-06-12,Highlands,57,Salaried,84.0,5740,0,Medical,14650,6,2617.47,0,0,1,17.0,1,0
A00588,2024-06-12,East,41,Salaried,94.0,4380,0,Education,16600,18,1121.42,3,0,1,13.0,1,0
A01962,2024-06-13,Capital,40,Business owner,,1380,0,Business,2850,3,984.2,3,0,1,28.0,1,0
A02321,2024-06-13,Highlands,29,Self-employed,21.0,2010,0,Business,5000,24,268.33,1,0,0,30.0,0,0
A02132,2024-06-13,South,25,Salaried,21.0,2790,920,Business,6450,12,614.9,4,0,1,23.0,1,0
A01800,2024-06-13,West,46,Business owner,111.0,7780,5980,Medical,26900,18,1817.24,2,0,0,34.0,0,0
A00337,2024-06-14,Highlands,42,Self-employed,16.0,4430,5920,Car,12250,3,4230.33,0,0,1,30.0,1,1
A00910,2024-06-14,Coastal,45,Business owner,34.0,4220,0,Education,16700,24,896.23,1,0,0,24.0,0,0
A01564,2024-06-14,Coastal,29,Business owner,26.0,8750,20970,Business,23800,18,1607.82,1,0,0,28.0,0,0
A02722,2024-06-14,South,22,Salaried,34.0,4930,0,Business,6000,3,2072.0,2,0,1,14.0,1,0
A00770,2024-06-14,Central,42,Salaried,46.0,6330,0,Medical,8350,18,564.09,0,0,1,17.0,1,0
A01484,2024-06-15,Capital,52,Contract,,4160,1640,Business,9700,6,1733.07,0,0,0,30.0,1,0
A00382,2024-06-15,West,51,Salaried,16.0,7040,7690,Business,22050,12,2102.1,0,0,1,18.0,0,0
A01115,2024-06-15,Capital,21,Salaried,31.0,3710,2420,Home improvement,10950,12,1043.9,2,1,0,16.0,1,0
A00728,2024-06-15,Capital,44,Business owner,42.0,2120,2840,Education,1350,24,72.45,0,0,0,33.0,1,0
A02634,2024-06-15,Central,35,Contract,,2520,0,Personal,8800,12,838.93,4,0,0,26.0,1,0
A00486,2024-06-16,West,56,Self-employed,26.0,3070,0,Home improvement,10250,6,1831.33,0,0,1,,0,0
A02603,2024-06-16,West,39,Self-employed,15.0,2750,3120,Home improvement,1650,6,294.8,1,1,0,23.0,0,0
A00276,2024-06-16,East,49,Business owner,60.0,3560,1160,Business,5450,12,519.57,1,0,1,26.0,1,0
A01214,2024-06-16,Highlands,36,Self-employed,6.0,5320,4890,Home improvement,5350,24,287.12,1,0,0,32.0,0,0
A01479,2024-06-17,South,57,Business owner,16.0,3270,170,Car,9600,3,3315.2,2,0,0,29.0,0,1
A02351,2024-06-17,Coastal,39,Business owner,20.0,2920,0,Home improvement,6100,9,750.98,0,0,1,37.0,0,0
A00265,2024-06-17,South,62,Salaried,99.0,3890,2870,Car,1650,6,294.8,0,0,1,,1,0
A01588,2024-06-17,Capital,37,Business owner,11.0,4600,0,Car,10050,24,539.35,3,2,1,34.0,0,1
A01235,2024-06-18,South,52,Business owner,6.0,3620,0,Business,9300,18,628.27,2,1,0,27.0,0,0
A01933,2024-06-18,Capital,59,Self-employed,43.0,2880,1610,Car,9950,12,948.57,2,0,0,27.0,1,0
A00174,2024-06-18,Highlands,57,Salaried,29.0,3280,950,Personal,6050,3,2089.27,3,1,1,20.0,0,0
A00351,2024-06-18,Capital,42,Contract,66.0,4120,6310,Business,14300,6,2554.93,1,1,0,26.0,0,0
A02457,2024-06-19,Coastal,30,Business owner,,2660,0,Education,8800,18,594.49,0,0,0,22.0,0,0
A00340,2024-06-20,Capital,46,Salaried,154.0,5440,0,Medical,10950,24,587.65,1,0,1,24.0,1,0
A00013,2024-06-20,West,29,Salaried,20.0,2580,720,Education,9200,24,493.73,1,0,1,21.0,1,0
A00055,2024-06-20,West,63,Salaried,69.0,6060,5320,Personal,19850,9,2443.76,1,0,1,19.0,0,0
A00296,2024-06-20,Coastal,24,Contract,78.0,2750,0,Education,7200,12,686.4,0,0,1,30.0,1,0
A00412,2024-06-20,Highlands,33,Self-employed,49.0,4630,340,Business,9200,18,621.51,2,0,0,41.0,0,0
A02923,2024-06-20,South,62,Business owner,51.0,3020,0,Home improvement,1350,24,72.45,6,3,1,43.0,1,1
A00294,2024-06-20,Central,31,Contract,60.0,3720,0,Business,9450,6,1688.4,1,0,0,29.0,0,0
A02647,2024-06-21,East,39,Self-employed,48.0,2530,6480,Home improvement,4250,18,287.11,2,0,1,29.0,0,1
A01692,2024-06-21,Capital,37,Business owner,52.0,10330,0,Personal,19200,6,3430.4,2,0,0,27.0,0,0
A01397,2024-06-21,East,38,Business owner,12.0,4340,2710,Education,4300,6,768.27,2,1,0,37.0,1,0
A01494,2024-06-22,Highlands,24,Salaried,70.0,1620,0,Education,2150,24,115.38,1,1,0,16.0,0,0
A02065,2024-06-22,East,39,Self-employed,35.0,1770,2920,Car,1350,18,91.2,1,0,0,30.0,0,0
A02620,2024-06-23,Central,37,Salaried,88.0,3560,4020,Business,11350,3,3919.53,3,0,1,17.0,1,0
A00821,2024-06-23,Capital,56,Self-employed,74.0,5130,7180,Education,18850,12,1797.03,1,0,0,28.0,1,0
A01755,2024-06-24,North,53,Contract,75.0,2470,3850,Business,4200,3,1450.4,3,0,0,29.0,1,0
A00799,2024-06-24,Highlands,28,Business owner,145.0,2340,640,Education,2100,6,375.2,3,0,0,39.0,0,0
A02025,2024-06-25,North,24,Self-employed,58.0,4220,0,Car,1850,9,227.76,1,0,1,29.0,0,0
A00401,2024-06-25,East,50,Business owner,,3630,0,Car,7350,6,1313.2,0,0,0,33.0,1,0
A01612,2024-06-25,South,63,Salaried,49.0,3970,1440,Business,10800,18,729.6,0,0,1,15.0,0,0
A00358,2024-06-25,Central,45,Salaried,82.0,5090,3890,Personal,14200,24,762.07,1,0,1,17.0,0,0
A02425,2024-06-26,North,31,Salaried,49.0,2500,0,Medical,8500,6,1518.67,0,0,0,15.0,1,0
A01922,2024-06-26,West,32,Salaried,40.0,2880,8130,Medical,9400,12,896.13,2,0,1,14.0,0,0
A00864,2024-06-26,Coastal,54,Salaried,26.0,3570,0,Home improvement,3350,9,412.42,2,0,1,,0,0
A02700,2024-06-27,West,38,Salaried,11.0,1270,1680,Business,1750,6,312.67,2,0,1,26.0,0,0
A02182,2024-06-27,Capital,44,Business owner,32.0,7180,9880,Personal,4350,24,233.45,2,1,1,23.0,1,0
A01509,2024-06-27,East,58,Self-employed,22.0,1910,360,Business,7300,3,2520.93,0,0,0,30.0,0,0
A01390,2024-06-27,West,49,Salaried,36.0,2490,2180,Personal,5400,3,1864.8,1,0,1,17.0,0,0
A02284,2024-06-27,South,61,Business owner,72.0,3220,1980,Personal,11800,6,2108.27,3,0,0,33.0,1,0
A02069,2024-06-28,South,52,Salaried,25.0,2940,0,Education,6650,6,1188.13,3,0,0,12.0,0,0
A00818,2024-06-28,Capital,44,Salaried,66.0,3000,530,Medical,1400,12,133.47,3,1,0,27.0,1,0
A01095,2024-06-28,Coastal,23,Salaried,32.0,5980,2170,Personal,15000,3,5180.0,3,0,1,11.0,0,0
A02990,2024-06-28,Capital,40,Salaried,53.0,4620,3200,Car,8100,3,2797.2,0,0,1,22.0,0,0
A01660,2024-06-28,West,45,Self-employed,47.0,3320,1380,Education,11550,12,1101.1,2,0,1,26.0,1,0
A00607,2024-06-29,North,38,Self-employed,15.0,3680,0,Car,3100,3,1070.53,0,0,0,32.0,1,0
A00742,2024-06-29,West,56,Salaried,25.0,5040,990,Education,4100,6,732.53,2,0,1,24.0,1,0
A01850,2024-06-30,Capital,25,Salaried,,7370,1790,Medical,25550,24,1371.18,2,1,1,10.0,0,0
A01244,2024-06-30,Central,37,Salaried,63.0,7550,7560,Business,13500,6,2412.0,1,1,1,26.0,0,0
A01222,2024-07-01,West,53,Business owner,34.0,3690,1400,Personal,1800,6,321.6,2,2,0,31.0,1,0
A01136,2024-07-01,Central,27,Salaried,36.0,5630,4920,Business,20500,3,7079.33,0,0,1,26.0,0,1
A00176,2024-07-02,North,57,Salaried,31.0,2830,0,Education,3400,12,324.13,0,0,1,18.0,1,0
A00635,2024-07-02,North,44,Self-employed,33.0,1810,3700,Home improvement,6550,9,806.38,3,0,0,23.0,0,0
A02489,2024-07-02,East,44,Salaried,42.0,4230,3410,Car,16050,24,861.35,4,2,1,16.0,0,0
A02567,2024-07-03,West,61,Business owner,83.0,5100,6750,Home improvement,6650,12,633.97,0,0,1,38.0,1,0
A02328,2024-07-03,Highlands,58,Salaried,34.0,7060,11280,Home improvement,27600,9,3397.87,3,1,0,16.0,1,0
A01966,2024-07-03,East,61,Self-employed,61.0,3890,0,Medical,4000,12,381.33,0,0,0,35.0,1,0
A00886,2024-07-03,West,59,Business owner,34.0,3840,780,Car,13600,9,1674.31,2,0,1,31.0,0,0
A01008,2024-07-03,Central,35,Self-employed,38.0,2670,1750,Education,9550,6,1706.27,2,1,1,33.0,1,0
A02041,2024-07-03,South,24,Business owner,128.0,2270,5850,Education,2950,24,158.32,2,0,0,20.0,1,0
A02692,2024-07-03,North,55,Salaried,19.0,2660,1200,Education,6050,6,1080.93,1,0,0,21.0,1,0
A01603,2024-07-04,Coastal,39,Business owner,12.0,3710,3600,Home improvement,9550,12,910.43,3,0,0,27.0,1,0
A01464,2024-07-04,East,22,Business owner,81.0,3820,0,Home improvement,11150,3,3850.47,2,1,1,31.0,0,1
A00285,2024-07-05,Central,57,Self-employed,14.0,3950,0,Personal,3150,6,562.8,1,0,0,25.0,1,0
A02373,2024-07-05,Capital,51,Salaried,62.0,10650,4490,Education,20400,6,3644.8,2,0,1,13.0,0,0
A02472,2024-07-05,Capital,30,Salaried,,2540,0,Home improvement,9100,6,1625.87,0,0,1,9.0,0,0
A00519,2024-07-05,Highlands,40,Business owner,10.0,4910,7850,Home improvement,11400,9,1403.47,0,0,0,35.0,0,0
A01501,2024-07-05,North,58,Self-employed,21.0,3870,1900,Business,10950,18,739.73,0,0,1,26.0,0,0
A00531,2024-07-06,North,59,Salaried,32.0,3050,2930,Car,7900,3,2728.13,3,0,1,25.0,1,0
A00418,2024-07-06,Capital,52,Self-employed,33.0,7230,5390,Personal,23350,6,4171.87,0,0,1,28.0,0,0
A02981,2024-07-06,West,21,Salaried,44.0,2310,650,Car,7250,12,691.17,1,0,1,23.0,1,1
A02048,2024-07-06,South,62,Self-employed,13.0,4070,0,Education,6900,24,370.3,1,0,0,38.0,0,0
A01311,2024-07-06,North,36,Salaried,25.0,2030,0,Business,7900,18,533.69,3,1,1,18.0,0,0
A01955,2024-07-07,North,62,Self-employed,34.0,3890,0,Education,5750,6,1027.33,1,0,0,38.0,0,1
A00284,2024-07-07,Capital,34,Salaried,26.0,4560,7850,Education,9850,18,665.42,0,0,0,14.0,0,0
A02163,2024-07-07,Capital,22,Salaried,40.0,3050,1050,Home improvement,3400,12,324.13,0,0,1,20.0,1,0
A01450,2024-07-07,North,54,Contract,6.0,1780,600,Business,6750,18,456.0,1,0,0,35.0,0,0
A02297,2024-07-07,West,43,Salaried,34.0,7720,8060,Medical,28250,6,5047.33,0,0,1,20.0,1,1
A00163,2024-07-07,North,39,Business owner,34.0,3340,0,Business,11400,18,770.13,2,1,0,31.0,1,0
A02158,2024-07-08,South,27,Self-employed,22.0,6330,7440,Personal,9150,18,618.13,2,0,0,35.0,0,0
A01228,2024-07-08,Coastal,63,Self-employed,45.0,5470,0,Education,19250,12,1835.17,0,0,1,42.0,0,0
A02221,2024-07-08,North,56,Contract,15.0,3120,0,Education,3100,6,553.87,1,0,0,30.0,1,0
A01638,2024-07-09,Highlands,36,Self-employed,20.0,2160,0,Personal,7150,9,880.24,2,0,1,22.0,0,0
A00200,2024-07-09,Capital,58,Contract,54.0,1960,4300,Business,5750,9,707.89,2,1,0,28.0,0,0
A02062,2024-07-09,North,53,Business owner,13.0,2000,560,Personal,5250,12,500.5,1,0,0,31.0,1,0
A00187,2024-07-10,East,63,Contract,60.0,4280,0,Home improvement,9700,3,3349.73,1,0,0,23.0,0,1
A00439,2024-07-10,Highlands,53,Salaried,23.0,3450,1560,Car,2900,18,195.91,2,0,1,25.0,1,0
A00446,2024-07-10,East,23,Salaried,103.0,3450,0,Business,13250,12,1263.17,1,0,1,17.0,1,0
A01073,2024-07-10,Coastal,22,Salaried,14.0,4390,1140,Medical,11250,12,1072.5,0,0,0,10.0,1,0
A00322,2024-07-10,Capital,45,Salaried,64.0,4960,0,Medical,17400,6,3108.8,0,0,1,18.0,0,1
A00155,2024-07-10,Highlands,25,Business owner,13.0,4950,0,Education,4000,18,270.22,0,0,1,,1,0
A02989,2024-07-11,North,54,Salaried,6.0,5940,2280,Home improvement,19000,12,1811.33,0,0,1,19.0,0,0
A01491,2024-07-11,South,63,Contract,39.0,5310,0,Personal,4750,6,848.67,1,0,0,34.0,0,0
A01924,2024-07-11,South,48,Salaried,,2650,0,Business,4250,6,759.33,3,1,1,27.0,0,0
A00105,2024-07-11,Capital,24,Business owner,21.0,2480,0,Business,7200,18,486.4,1,0,1,23.0,1,0
A01809,2024-07-11,Capital,49,Contract,31.0,2850,0,Home improvement,9500,12,905.67,1,1,1,22.0,1,0
A02382,2024-07-11,Coastal,55,Salaried,52.0,1350,0,Education,1200,12,114.4,2,1,0,18.0,0,0
A02180,2024-07-12,West,38,Salaried,44.0,8080,0,Home improvement,24500,18,1655.11,0,0,1,21.0,1,0
A01909,2024-07-13,Coastal,38,Salaried,63.0,1910,0,Medical,6700,12,638.73,1,0,1,,0,0
A01897,2024-07-13,Capital,41,Self-employed,49.0,5300,3310,Personal,11150,12,1062.97,3,0,0,,1,0
A00513,2024-07-13,Coastal,54,Self-employed,73.0,5770,0,Medical,7550,9,929.49,1,0,1,30.0,1,0
A02214,2024-07-14,West,23,Self-employed,18.0,3670,0,Car,4750,24,254.92,0,0,1,24.0,0,0
A01512,2024-07-14,South,49,Self-employed,40.0,2950,0,Education,2650,12,252.63,3,0,1,32.0,0,0
A01992,2024-07-14,Central,55,,16.0,4460,0,Education,17700,9,2179.07,0,0,0,38.0,0,0
A00313,2024-07-15,North,30,Self-employed,9.0,2450,2940,Personal,7200,6,1286.4,1,0,1,31.0,0,0
A02976,2024-07-15,Capital,39,Salaried,40.0,5080,120,Car,19200,12,1830.4,0,0,0,19.0,1,0
A01971,2024-07-15,Capital,35,Contract,1.0,2730,0,Personal,6050,12,576.77,1,0,0,23.0,1,0
A02658,2024-07-15,North,38,Salaried,9.0,3330,8060,Personal,5900,18,398.58,1,0,1,23.0,1,0
A00277,2024-07-15,Central,39,Salaried,55.0,2970,3230,Personal,7900,6,1411.47,1,0,1,22.0,1,0
A02935,2024-07-16,Capital,58,Salaried,38.0,2330,4250,Business,5050,6,902.27,3,0,0,20.0,0,0
A00627,2024-07-16,East,33,Self-employed,67.0,3220,11450,Medical,10450,18,705.96,1,1,0,22.0,0,0
A00924,2024-07-16,Capital,24,Salaried,31.0,2330,0,Car,3300,18,222.93,1,0,0,21.0,0,0
A02618,2024-07-17,Highlands,21,Self-employed,38.0,6090,3840,Education,17000,3,5870.67,2,0,0,26.0,0,1
A01314,2024-07-17,Highlands,28,Self-employed,61.0,2560,790,Home improvement,5100,6,911.2,2,0,0,25.0,0,0
A00847,2024-07-17,North,32,Salaried,26.0,3170,0,Home improvement,6250,6,1116.67,3,1,1,16.0,0,0
A00749,2024-07-17,North,41,Salaried,10.0,1550,0,Medical,3050,9,375.49,1,0,0,13.0,0,0
A01375,2024-07-17,Capital,52,Contract,52.0,4020,0,Education,6000,6,1072.0,1,0,1,29.0,0,0
A00844,2024-07-18,North,21,Contract,41.0,6030,0,Home improvement,13650,12,1301.3,1,0,0,40.0,0,0
A00398,2024-07-18,North,55,Business owner,62.0,5790,0,Business,19100,9,2351.42,2,1,1,34.0,1,0
A01166,2024-07-18,North,25,Salaried,34.0,3720,2480,Business,14800,18,999.82,1,0,1,28.0,0,0
A00424,2024-07-19,Capital,53,Salaried,16.0,1060,170,Business,4000,18,270.22,3,0,1,19.0,1,0
A01192,2024-07-19,Capital,30,Salaried,25.0,2900,0,Car,3200,9,393.96,2,0,1,26.0,1,0
A01683,2024-07-19,Central,27,Salaried,55.0,3990,7990,Business,6250,6,1116.67,2,1,1,22.0,0,0
A00304,2024-07-19,East,49,Contract,27.0,2760,0,Personal,3700,12,352.73,0,0,1,28.0,1,0
A02609,2024-07-20,Central,57,Salaried,7.0,4920,0,Business,18300,24,982.1,3,1,1,,1,0
A01632,2024-07-20,Central,60,Business owner,5.0,4080,0,Car,4800,12,457.6,4,2,0,31.0,1,0
A00278,2024-07-20,Capital,63,Salaried,20.0,5340,2530,Business,9700,9,1194.18,0,0,0,18.0,1,0
A00917,2024-07-20,Capital,30,Salaried,41.0,4100,2850,Medical,2750,6,491.33,0,0,1,22.0,1,0
A01422,2024-07-20,West,24,Self-employed,13.0,4350,4020,Personal,14850,18,1003.2,2,0,1,35.0,1,0
A02201,2024-07-20,East,28,Salaried,13.0,2120,2330,Medical,4600,6,821.87,3,3,1,17.0,0,0
A00833,2024-07-21,Capital,62,Self-employed,37.0,2390,0,Home improvement,7700,6,1375.73,1,0,1,25.0,1,0
A00626,2024-07-21,West,42,Salaried,22.0,3560,0,Business,2750,12,262.17,1,0,1,12.0,1,0
A02985,2024-07-22,Capital,48,Self-employed,16.0,8920,0,Car,22250,6,3975.33,2,1,1,31.0,1,0
A02672,2024-07-22,Capital,63,Contract,23.0,2290,0,Home improvement,7150,9,880.24,1,0,1,30.0,0,0
A00180,2024-07-22,East,53,Business owner,84.0,4900,3410,Personal,10100,12,962.87,0,0,0,41.0,0,0
A00918,2024-07-24,Capital,50,Business owner,35.0,5920,0,Business,5150,12,490.97,4,1,1,31.0,0,1
A02501,2024-07-24,Capital,39,Salaried,22.0,1490,1770,Home improvement,900,6,160.8,2,1,1,22.0,1,0
A01435,2024-07-24,South,55,Salaried,53.0,2930,3060,Medical,9650,18,651.91,1,0,1,19.0,1,0
A02167,2024-07-24,Coastal,52,Salaried,70.0,4430,130,Medical,17000,9,2092.89,0,0,1,,1,0
A01674,2024-07-24,Capital,29,Salaried,87.0,8540,0,Home improvement,15050,12,1434.77,1,0,1,18.0,1,0
A02220,2024-07-25,Capital,26,Salaried,28.0,1700,0,Home improvement,3900,6,696.8,2,1,1,20.0,0,0
A00430,2024-07-25,Capital,25,Salaried,42.0,1440,0,Education,4850,6,866.53,1,0,1,17.0,0,0
A01797,2024-07-25,East,23,Self-employed,79.0,5390,23560,Business,10600,12,1010.53,1,0,0,28.0,0,0
A01497,2024-07-25,West,29,Salaried,12.0,2460,1620,Home improvement,9050,18,611.38,1,0,1,17.0,1,0
A01953,2024-07-26,South,37,Salaried,40.0,4200,0,Car,10750,18,726.22,3,3,1,16.0,1,0
A01727,2024-07-26,North,41,Self-employed,19.0,1980,760,Home improvement,6600,12,629.2,1,0,0,40.0,1,0
A01101,2024-07-26,Coastal,51,Contract,43.0,2560,0,Medical,8600,6,1536.53,0,0,1,26.0,0,0
A02118,2024-07-26,Coastal,46,Self-employed,94.0,2210,2190,Personal,4600,12,438.53,3,1,1,30.0,0,0
A00895,2024-07-27,Central,37,Contract,44.0,6070,0,Personal,2650,6,473.47,1,0,1,34.0,0,0
A00738,2024-07-27,North,25,Self-employed,38.0,4930,1780,Car,13350,6,2385.2,2,1,0,22.0,0,0
A02155,2024-07-27,North,62,Business owner,22.0,3200,9130,Education,10050,24,539.35,3,0,1,24.0,0,0
A02921,2024-07-27,South,60,Salaried,17.0,4240,1480,Education,10500,3,3626.0,1,0,1,19.0,0,0
A02243,2024-07-27,North,36,Self-employed,46.0,5720,12380,Personal,20950,18,1415.29,1,0,0,,1,0
A01633,2024-07-27,Capital,27,Contract,49.0,3970,70,Education,11450,12,1091.57,0,0,0,26.0,0,0
A01130,2024-07-27,Highlands,36,Contract,56.0,4590,3120,Business,5950,12,567.23,1,0,0,22.0,0,0
A01373,2024-07-27,North,56,Salaried,,5940,7510,Business,22500,18,1520.0,1,0,1,16.0,0,1
A01167,2024-07-27,East,41,Self-employed,56.0,3580,0,Home improvement,12450,12,1186.9,2,0,0,33.0,0,0
A02077,2024-07-27,North,62,Self-employed,21.0,4550,940,Home improvement,10700,6,1911.73,1,0,0,32.0,0,0
A02621,2024-07-28,Capital,43,Contract,47.0,2410,2040,Car,2950,12,281.23,0,0,0,21.0,0,0
A00124,2024-07-28,North,39,Salaried,6.0,2420,0,Business,4250,6,759.33,3,0,1,27.0,0,0
A02332,2024-07-28,East,37,Salaried,21.0,1980,0,Education,1600,6,285.87,1,0,1,34.0,0,0
A00077,2024-07-29,Capital,38,Business owner,73.0,4460,0,Home improvement,8550,18,577.6,0,0,0,28.0,0,0
A02565,2024-07-29,Highlands,33,Contract,,5110,0,Car,16850,6,3010.53,2,1,0,32.0,1,1
A01866,2024-07-29,North,50,Contract,17.0,4180,0,Car,4500,24,241.5,0,0,0,30.0,1,0
A02997,2024-07-29,West,41,Salaried,82.0,2510,5440,Business,7050,18,476.27,4,0,1,17.0,1,0
A01046,2024-07-29,East,63,Salaried,17.0,3730,0,Car,8400,12,800.8,1,0,1,16.0,1,1
A02217,2024-07-29,Central,35,Self-employed,52.0,5900,4750,Car,12150,3,4195.8,1,1,1,27.0,1,0
A02276,2024-07-29,East,34,Self-employed,37.0,6220,0,Home improvement,18100,6,3233.87,1,1,0,34.0,1,0
A02313,2024-07-30,North,57,Self-employed,15.0,2530,0,Business,4850,9,597.09,1,0,0,36.0,0,1
A00145,2024-07-30,Central,54,Salaried,68.0,2800,0,Personal,3850,24,206.62,6,0,1,16.0,1,0
A02506,2024-07-31,North,36,Salaried,29.0,2330,0,Personal,8350,6,1491.87,3,0,1,16.0,0,0
A02474,2024-07-31,South,59,Self-employed,24.0,3370,0,Education,9750,12,929.5,4,1,0,29.0,1,0
A02205,2024-08-01,Coastal,50,Salaried,23.0,4300,0,Car,12600,6,2251.2,0,0,1,17.0,1,0
A01718,2024-08-01,North,42,Contract,58.0,7110,0,Business,16800,6,3001.6,0,0,0,22.0,1,0
A02500,2024-08-01,East,22,Business owner,36.0,4900,0,Personal,11250,9,1385.0,4,1,0,33.0,1,0
A01950,2024-08-01,Coastal,35,Self-employed,16.0,2230,0,Home improvement,8200,24,440.07,5,1,1,21.0,0,0
A02952,2024-08-01,South,53,Business owner,21.0,1880,1640,Home improvement,3650,12,347.97,1,1,1,35.0,1,0
A00925,2024-08-01,Capital,46,Self-employed,74.0,3120,8360,Personal,8900,6,1590.13,1,0,0,28.0,0,0
A01778,2024-08-02,Capital,38,Business owner,28.0,5670,0,Education,4450,12,424.23,0,0,0,,0,0
A01896,2024-08-02,Central,42,Self-employed,39.0,1330,960,Car,4350,12,414.7,1,0,0,29.0,0,0
A02256,2024-08-03,West,42,Business owner,80.0,3460,0,Personal,4150,24,222.72,1,1,0,28.0,1,0
A00986,2024-08-03,Capital,23,Self-employed,46.0,2070,840,Home improvement,7150,3,2469.13,1,0,1,24.0,1,0
A02745,2024-08-03,Central,33,Salaried,31.0,2910,3860,Home improvement,3750,6,670.0,0,0,1,16.0,1,0
A00804,2024-08-03,Capital,35,Self-employed,3.0,5060,0,Home improvement,15100,12,1439.53,0,0,0,28.0,1,0
A02973,2024-08-04,East,25,Salaried,42.0,3590,0,Business,8400,12,800.8,0,0,1,20.0,1,0
A01704,2024-08-04,Capital,55,Salaried,28.0,2970,0,Education,3350,24,179.78,1,0,1,13.0,1,0
A00014,2024-08-04,Capital,47,Contract,12.0,3460,0,Home improvement,12350,6,2206.53,0,0,0,33.0,1,0
A02849,2024-08-04,East,52,Business owner,28.0,2560,280,Business,7500,9,923.33,0,0,0,30.0,0,0
A00308,2024-08-04,South,36,Salaried,44.0,1840,700,Business,1850,3,638.87,1,0,1,19.0,0,0
A00326,2024-08-05,Capital,46,Business owner,16.0,3660,4340,Business,7750,12,738.83,2,0,0,33.0,0,0
A00410,2024-08-06,Capital,41,Salaried,11.0,3150,0,Personal,2450,3,846.07,0,0,0,13.0,0,0
A00110,2024-08-06,South,37,Business owner,29.0,3520,0,Personal,8050,9,991.04,3,0,0,27.0,0,0
A02751,2024-08-06,Highlands,39,Salaried,71.0,3530,3000,Car,9150,6,1634.8,0,0,1,21.0,0,0
A01196,2024-08-07,West,40,Salaried,41.0,7130,0,Medical,14650,6,2617.47,4,0,1,23.0,1,0
A01991,2024-08-07,Capital,27,Contract,69.0,1890,1490,Personal,5200,3,1795.73,1,0,1,36.0,1,0
A00239,2024-08-07,Coastal,21,Self-employed,40.0,4880,0,Business,17050,3,5887.93,4,1,0,29.0,0,1
A00030,2024-08-07,West,21,Salaried,33.0,2540,880,Business,8850,6,1581.2,0,0,0,13.0,1,0
A00464,2024-08-08,South,23,Contract,18.0,7960,11010,Business,27700,6,4949.07,2,0,1,25.0,0,1
A01201,2024-08-08,Coastal,38,Salaried,137.0,8770,0,Business,26350,6,4707.87,2,1,1,28.0,0,1
A00128,2024-08-08,East,52,Business owner,13.0,3070,0,Car,5700,12,543.4,2,1,0,23.0,0,0
A00203,2024-08-09,Coastal,44,Salaried,22.0,2100,4650,Home improvement,2000,9,246.22,2,0,1,22.0,1,0
A01625,2024-08-09,Capital,31,Business owner,25.0,5270,3570,Business,7350,3,2538.2,0,0,1,33.0,1,0
A00581,2024-08-10,West,60,Salaried,45.0,1110,570,Education,3300,9,406.27,7,1,0,20.0,1,0
A02828,2024-08-10,Capital,33,Salaried,,2380,0,Business,9400,6,1679.47,0,0,1,25.0,0,0
A02157,2024-08-10,Central,53,Salaried,,6020,4420,Home improvement,15350,12,1463.37,6,1,1,18.0,0,0
A02443,2024-08-10,North,40,Self-employed,52.0,3750,0,Personal,13700,24,735.23,1,0,1,22.0,1,0
A02830,2024-08-11,Capital,35,Salaried,39.0,3950,7040,Home improvement,1850,6,330.53,1,0,1,16.0,1,0
A02753,2024-08-11,North,57,Contract,57.0,3550,1560,Business,11050,12,1053.43,1,0,1,24.0,1,0
A01154,2024-08-12,Coastal,63,Self-employed,36.0,5360,3080,Personal,21350,6,3814.53,1,0,1,28.0,1,0
A00861,2024-08-12,Highlands,35,Salaried,81.0,7630,10090,Car,3200,6,571.73,1,1,1,18.0,1,0
A00969,2024-08-12,East,23,Salaried,16.0,1700,1350,Home improvement,5450,18,368.18,0,0,1,12.0,0,0
A02253,2024-08-13,Capital,40,Self-employed,30.0,3200,6200,Home improvement,9050,12,862.77,1,0,0,25.0,1,0
A00744,2024-08-13,Highlands,51,Contract,,2780,0,Education,3450,12,328.9,1,1,0,33.0,1,0
A02164,2024-08-13,Capital,51,Business owner,89.0,5530,7110,Car,3550,3,1225.93,1,1,0,25.0,1,0
A00616,2024-08-13,Capital,39,Self-employed,35.0,2130,0,Business,6150,6,1098.8,0,0,0,28.0,0,0
A00147,2024-08-14,Capital,32,Salaried,61.0,2780,0,Business,6600,3,2279.2,4,2,0,16.0,1,1
A02707,2024-08-14,Capital,56,Self-employed,,4470,0,Personal,2550,12,243.1,1,1,0,27.0,1,0
A02017,2024-08-14,East,61,Self-employed,58.0,2290,0,Business,7050,18,476.27,1,1,0,35.0,0,0
A01928,2024-08-14,Capital,50,Business owner,32.0,3860,0,Home improvement,5000,18,337.78,1,0,1,31.0,0,0
A02847,2024-08-14,Central,33,Self-employed,45.0,4280,0,Business,3900,6,696.8,1,0,0,26.0,0,0
A02770,2024-08-15,North,29,Salaried,31.0,3170,0,Education,6550,6,1170.27,3,0,1,15.0,1,0
A01249,2024-08-15,Capital,25,Salaried,,4650,1010,Medical,16100,6,2876.53,0,0,1,21.0,0,0
A01423,2024-08-15,North,27,Salaried,41.0,5980,7920,Business,5850,18,395.2,0,0,1,22.0,1,0
A00116,2024-08-15,Central,27,Salaried,24.0,5250,0,Business,14450,18,976.18,0,0,1,10.0,0,0
A00807,2024-08-15,Central,50,Salaried,94.0,3660,1490,Personal,3250,12,309.83,0,0,1,17.0,1,0
A01092,2024-08-15,Capital,31,Contract,15.0,2990,0,Education,10100,12,962.87,1,0,1,28.0,1,0
A02517,2024-08-15,Central,21,Self-employed,41.0,4410,4300,Business,12700,12,1210.73,2,0,0,29.0,0,0
A00230,2024-08-16,North,53,Salaried,63.0,1650,660,Business,2100,9,258.53,1,0,1,26.0,0,0
A00488,2024-08-16,Central,53,Contract,34.0,4950,0,Business,14300,6,2554.93,1,0,0,28.0,1,0
A02486,2024-08-16,Capital,59,Business owner,15.0,4270,5450,Business,12400,6,2215.47,0,0,0,29.0,1,0
A01917,2024-08-16,Capital,29,Salaried,41.0,2230,3830,Medical,4950,18,334.4,2,1,1,14.0,0,0
A01582,2024-08-16,North,39,Salaried,42.0,3120,3940,Education,5450,9,670.96,2,1,1,17.0,0,0
A00371,2024-08-16,West,37,Salaried,20.0,8720,0,Business,29000,6,5181.33,1,1,0,13.0,0,1
A02233,2024-08-17,Central,27,Salaried,103.0,2180,0,Personal,2450,3,846.07,1,0,1,18.0,0,0
A02252,2024-08-17,West,41,Salaried,90.0,3500,0,Home improvement,2100,6,375.2,0,0,1,21.0,1,0
A01671,2024-08-17,East,59,Salaried,36.0,4280,8350,Car,15400,6,2751.47,1,0,1,,0,0
A02896,2024-08-18,Capital,39,Self-employed,74.0,3460,0,Car,5850,9,720.2,4,1,1,21.0,1,0
A00259,2024-08-18,North,53,Self-employed,27.0,4250,0,Business,15750,9,1939.0,2,0,0,30.0,0,1
A00673,2024-08-18,Highlands,41,Business owner,23.0,2400,0,Home improvement,1950,12,185.9,3,0,0,34.0,0,0
A02539,2024-08-18,East,30,Business owner,52.0,2430,0,Medical,5500,6,982.67,2,1,0,30.0,1,0
A01037,2024-08-18,Highlands,41,,30.0,3590,0,Personal,13250,6,2367.33,1,0,1,39.0,1,0
A01281,2024-08-18,Capital,38,Self-employed,8.0,10150,9300,Business,22400,6,4002.13,4,1,1,28.0,0,1
A00362,2024-08-19,Highlands,59,Salaried,78.0,5220,5250,Personal,16550,12,1577.77,2,0,0,21.0,0,0
A01584,2024-08-19,South,34,Salaried,21.0,2520,0,Business,4300,6,768.27,1,0,1,20.0,0,0
A01880,2024-08-20,West,37,Business owner,,2980,1100,Personal,6200,6,1107.73,2,0,0,36.0,0,0
A00447,2024-08-20,West,35,Self-employed,24.0,4020,0,Personal,12450,12,1186.9,2,1,0,31.0,1,0
A02036,2024-08-20,West,43,Contract,59.0,4500,0,Education,3500,18,236.44,6,0,0,37.0,0,0
A01722,2024-08-21,Capital,30,Business owner,118.0,3260,0,Business,10150,12,967.63,4,0,0,38.0,0,0
A00475,2024-08-21,East,56,Salaried,56.0,4390,520,Medical,5150,6,920.13,1,0,1,16.0,0,0
A00815,2024-08-21,South,53,Self-employed,29.0,3580,4170,Personal,5100,24,273.7,2,1,0,25.0,1,0
A01493,2024-08-21,West,31,Salaried,40.0,2950,0,Personal,8300,9,1021.82,4,1,0,24.0,1,0
A00967,2024-08-21,West,29,Salaried,34.0,2470,1130,Business,1100,18,74.31,2,0,0,22.0,1,0
A01626,2024-08-21,West,23,Salaried,17.0,3480,1750,Personal,5050,6,902.27,1,0,0,9.0,0,0
A02091,2024-08-21,East,59,Contract,40.0,1940,2630,Business,4850,6,866.53,1,0,0,26.0,0,0
A02141,2024-08-22,Capital,46,Self-employed,15.0,6790,760,Education,25600,18,1729.42,1,0,1,29.0,0,0
A01790,2024-08-23,Highlands,29,Salaried,81.0,2800,4110,Personal,3900,9,480.13,2,0,1,20.0,1,0
A00360,2024-08-23,Central,34,Salaried,18.0,2780,0,Home improvement,7500,12,715.0,1,0,1,21.0,0,0
A02268,2024-08-23,East,30,Business owner,12.0,2360,0,Education,5150,18,347.91,0,0,0,34.0,1,0
A00715,2024-08-23,East,44,Self-employed,19.0,4170,6010,Medical,3750,12,357.5,2,0,1,34.0,0,0
A02643,2024-08-23,Central,29,Salaried,10.0,2560,3040,Education,9400,6,1679.47,1,0,1,19.0,0,0
A01132,2024-08-24,Highlands,55,Salaried,89.0,3710,3300,Medical,2600,12,247.87,2,1,1,16.0,0,0
A00541,2024-08-24,Highlands,25,Self-employed,55.0,1840,0,Car,7300,18,493.16,1,0,1,34.0,1,0
A00489,2024-08-24,South,63,Self-employed,57.0,3950,0,Car,4350,6,777.2,2,1,0,32.0,0,0
A01816,2024-08-24,South,29,Business owner,75.0,4600,0,Car,6450,18,435.73,1,0,1,27.0,0,0
A02934,2024-08-24,North,55,Salaried,55.0,1880,5080,Medical,7050,3,2434.6,2,0,0,20.0,0,0
A01732,2024-08-25,Capital,39,Contract,57.0,1710,0,Home improvement,750,24,40.25,1,0,0,30.0,0,0
A01089,2024-08-25,North,57,Business owner,117.0,4120,1750,Home improvement,7150,3,2469.13,0,0,1,26.0,0,0
A00051,2024-08-25,Capital,59,Salaried,27.0,3300,2240,Business,3150,12,300.3,1,0,1,11.0,0,0
A01771,2024-08-25,Central,42,Business owner,14.0,4530,1920,Business,2300,3,794.27,2,1,1,41.0,0,0
A01784,2024-08-26,Capital,40,Salaried,101.0,2210,0,Business,4700,12,448.07,1,0,1,18.0,0,0
A02550,2024-08-26,Capital,49,Contract,69.0,2630,640,Business,9500,12,905.67,2,0,1,33.0,0,0
A00945,2024-08-27,Capital,34,Self-employed,24.0,3180,710,Education,10600,12,1010.53,1,0,1,48.0,0,0
A01146,2024-08-27,Highlands,44,Salaried,85.0,2620,3490,Car,9100,6,1625.87,2,0,1,20.0,1,0
A01338,2024-08-27,Capital,61,Salaried,27.0,4720,0,Home improvement,11350,9,1397.31,1,0,1,11.0,0,0
A00300,2024-08-27,East,59,Salaried,40.0,4480,2880,Education,5100,9,627.87,4,1,0,12.0,0,0
A00091,2024-08-27,Capital,38,Business owner,29.0,2990,2230,Car,5600,6,1000.53,1,0,0,22.0,0,0
A01216,2024-08-27,North,51,Business owner,36.0,3930,0,Business,2200,9,270.84,1,0,0,24.0,0,0
A00001,2024-08-28,Coastal,48,Salaried,44.0,2950,0,Business,10700,12,1020.07,0,0,1,21.0,0,1
A00562,2024-08-28,Capital,50,Contract,52.0,3900,0,Car,2050,12,195.43,0,0,0,31.0,1,0
A02431,2024-08-28,Coastal,54,Salaried,9.0,4690,0,Business,5650,6,1009.47,1,0,1,19.0,1,0
A02552,2024-08-28,East,44,Business owner,31.0,2310,890,Home improvement,4200,6,750.4,1,0,0,,0,0
A02229,2024-08-28,South,25,Self-employed,20.0,3140,0,Education,9100,6,1625.87,1,0,0,33.0,1,0
A02859,2024-08-28,North,34,Salaried,29.0,5180,0,Car,7300,24,391.77,3,0,1,21.0,0,0
A00089,2024-08-28,Coastal,27,Salaried,69.0,1200,400,Business,800,18,54.04,0,0,1,20.0,1,0
A01607,2024-08-29,Central,33,Contract,66.0,3380,3310,Home improvement,4100,6,732.53,1,0,0,49.0,1,0
A01580,2024-08-29,East,61,Salaried,5.0,2690,3120,Business,2950,6,527.07,1,0,1,10.0,0,0
A02398,2024-08-29,Capital,62,Salaried,16.0,1240,1760,Home improvement,2100,12,200.2,1,0,1,26.0,1,0
A01327,2024-08-29,Capital,30,Self-employed,31.0,4560,3990,Education,5250,24,281.75,0,0,1,,1,0
A00765,2024-08-30,Capital,31,Self-employed,,4170,10660,Personal,3250,18,219.56,0,0,0,28.0,1,0
A01969,2024-08-30,East,52,Self-employed,29.0,5590,6910,Business,5200,6,929.07,0,0,1,24.0,1,0
A01264,2024-08-30,Coastal,58,Self-employed,13.0,2490,3680,Business,7750,9,954.11,1,1,1,25.0,1,0
A01659,2024-08-30,Capital,50,Salaried,9.0,5110,0,Business,3500,12,333.67,2,2,1,15.0,0,0
A01345,2024-08-30,North,44,Salaried,28.0,2420,3460,Education,5950,9,732.51,2,0,1,18.0,0,0
A01303,2024-08-31,Capital,42,Salaried,62.0,1620,1450,Home improvement,3150,12,300.3,1,1,1,24.0,1,0
A01147,2024-08-31,Coastal,21,Salaried,67.0,2590,0,Home improvement,2100,9,258.53,1,0,1,12.0,0,0
A00310,2024-08-31,Capital,26,Self-employed,17.0,2120,0,Personal,4350,12,414.7,2,0,0,26.0,0,0
A02251,2024-08-31,East,31,Contract,32.0,2190,1190,Education,7500,18,506.67,3,1,1,27.0,0,0
A02747,2024-08-31,North,25,Contract,16.0,4000,0,Car,6850,6,1223.87,0,0,0,38.0,0,0
A01519,2024-09-01,Capital,38,Self-employed,10.0,4510,2320,Car,3150,24,169.05,0,0,0,21.0,0,0
A01773,2024-09-01,Highlands,47,Salaried,27.0,2390,1220,Education,7050,12,672.1,1,0,1,16.0,1,0
A00467,2024-09-01,North,58,Business owner,,3930,8090,Business,8250,18,557.33,3,0,0,35.0,0,0
A02963,2024-09-01,Coastal,24,Business owner,56.0,3720,2150,Home improvement,7350,18,496.53,3,2,0,28.0,1,0
A00193,2024-09-01,West,27,Self-employed,46.0,2810,1300,Business,6450,9,794.07,0,0,0,29.0,0,0
A02633,2024-09-01,East,32,Contract,30.0,3920,2370,Education,14050,18,949.16,2,1,0,35.0,1,0
A00865,2024-09-01,North,30,Contract,28.0,5290,4340,Home improvement,19200,12,1830.4,1,0,0,38.0,1,1
A02962,2024-09-02,Capital,35,Salaried,29.0,5080,3690,Home improvement,4200,6,750.4,0,0,1,15.0,1,0
A00735,2024-09-02,Coastal,49,Self-employed,29.0,2320,2210,Education,9000,9,1108.0,3,0,0,25.0,1,0
A01239,2024-09-02,East,34,Self-employed,18.0,3900,0,Medical,5650,12,538.63,2,0,0,29.0,0,0
A01999,2024-09-02,Central,60,Contract,28.0,3180,6180,Medical,10550,9,1298.82,1,0,0,32.0,1,0
A02940,2024-09-02,Coastal,58,Salaried,18.0,5830,6920,Medical,8200,18,553.96,1,0,1,12.0,1,0
A02240,2024-09-03,Capital,42,Salaried,10.0,3840,2150,Business,13150,12,1253.63,2,0,1,12.0,0,0
A02462,2024-09-03,Capital,62,Salaried,44.0,8010,11530,Car,29650,18,2003.02,3,1,0,17.0,1,0
A02191,2024-09-03,Capital,31,Self-employed,65.0,2410,0,Home improvement,5300,12,505.27,2,1,0,24.0,1,0
A00477,2024-09-03,Highlands,22,Salaried,23.0,4090,2900,Education,12250,12,1167.83,2,0,1,,1,0
A02910,2024-09-03,East,36,Contract,62.0,2990,2490,Education,11300,3,3902.27,1,1,1,33.0,1,1
A01143,2024-09-03,East,50,Self-employed,52.0,3450,6120,Home improvement,2850,6,509.2,1,1,1,21.0,1,0
A00677,2024-09-04,East,40,Self-employed,11.0,1100,0,Business,1500,9,184.67,1,1,1,30.0,0,0
A01324,2024-09-04,Central,53,Business owner,20.0,4850,1000,Personal,10950,9,1348.07,3,0,0,37.0,0,0
A02331,2024-09-04,West,36,Salaried,10.0,3300,0,Home improvement,9950,9,1224.96,3,1,1,19.0,1,1
A00601,2024-09-04,West,46,Salaried,54.0,5630,0,Business,15550,6,2778.27,2,1,0,18.0,0,0
A02642,2024-09-04,Central,56,Self-employed,19.0,3360,0,Personal,2300,9,283.16,2,0,0,23.0,1,0
A01649,2024-09-05,Capital,61,Salaried,25.0,3230,2650,Personal,3600,12,343.2,1,1,1,24.0,0,0
A01553,2024-09-05,South,52,Contract,,1630,0,Business,5350,12,510.03,1,0,0,32.0,1,1
A00701,2024-09-05,South,27,Self-employed,21.0,2090,1590,Business,4850,24,260.28,3,2,1,31.0,0,0
A00437,2024-09-05,Capital,44,Business owner,101.0,2930,4650,Education,10550,12,1005.77,0,0,1,22.0,0,0
A00926,2024-09-05,Capital,44,Salaried,32.0,2330,0,Business,8750,18,591.11,2,0,1,26.0,0,0
A01071,2024-09-06,Capital,31,Business owner,73.0,1690,0,Education,5000,24,268.33,2,0,0,34.0,0,0
A02162,2024-09-06,Capital,61,Business owner,91.0,3810,7590,Education,5850,12,557.7,1,0,0,28.0,1,0
A02788,2024-09-06,South,55,Salaried,49.0,3310,0,Personal,7300,6,1304.27,1,0,0,22.0,0,0
A01302,2024-09-06,Coastal,26,Salaried,78.0,3130,3130,Car,7700,12,734.07,2,0,1,15.0,0,0
A02881,2024-09-06,South,39,Business owner,96.0,3990,0,Business,10650,6,1902.8,2,0,1,35.0,1,0
A03000,2024-09-06,East,54,Salaried,41.0,4840,5560,Car,15700,12,1496.73,0,0,1,15.0,1,0
A00379,2024-09-06,North,26,Salaried,45.0,5140,0,Home improvement,13550,18,915.38,4,3,1,21.0,0,0
A00789,2024-09-06,Coastal,33,Salaried,21.0,2430,0,Education,5700,6,1018.4,1,0,1,18.0,0,0
A00492,2024-09-07,North,58,Salaried,16.0,2970,6700,Business,7400,6,1322.13,1,0,0,19.0,1,0
A00630,2024-09-08,North,56,Contract,36.0,2100,0,Medical,2500,6,446.67,1,0,1,28.0,0,0
A02832,2024-09-08,Central,49,Salaried,44.0,1850,0,Education,3500,18,236.44,0,0,1,13.0,1,0
A01610,2024-09-08,North,52,Contract,47.0,4560,4790,Home improvement,11850,12,1129.7,4,0,0,28.0,1,0
A00652,2024-09-08,South,37,Salaried,16.0,3750,730,Medical,4150,12,395.63,2,0,1,14.0,0,0
A02258,2024-09-08,Capital,42,Self-employed,73.0,3850,940,Car,12200,6,2179.73,0,0,1,,0,0
A02528,2024-09-09,West,40,Salaried,20.0,6240,15620,Business,22000,18,1486.22,1,0,1,15.0,0,0
A01869,2024-09-09,Capital,46,Self-employed,70.0,2170,1090,Education,4500,12,429.0,1,1,1,26.0,0,0
A00247,2024-09-09,Central,25,Business owner,61.0,4150,930,Business,6350,24,340.78,3,0,0,21.0,1,0
A00406,2024-09-10,West,36,Self-employed,6.0,5390,0,Business,12350,6,2206.53,1,0,0,32.0,0,1
A00606,2024-09-10,East,34,Salaried,28.0,2120,0,Education,4100,6,732.53,2,0,1,18.0,0,1
A02003,2024-09-10,South,24,Business owner,46.0,5580,1820,Car,17200,6,3073.07,1,1,0,38.0,0,1
A02367,2024-09-10,Highlands,56,Salaried,61.0,4320,6400,Education,7500,12,715.0,2,0,1,14.0,1,0
A02697,2024-09-11,South,36,Salaried,46.0,5290,0,Personal,17050,12,1625.43,2,0,1,17.0,0,0
A01926,2024-09-12,East,36,Self-employed,27.0,3530,0,Car,9350,3,3228.87,0,0,1,31.0,1,0
A01770,2024-09-12,Capital,33,Salaried,17.0,3110,2370,Education,1800,6,321.6,0,0,1,15.0,1,0
A01772,2024-09-12,Capital,34,Contract,5.0,3860,5530,Business,9050,18,611.38,0,0,1,30.0,0,0
A01787,2024-09-13,East,42,Business owner,8.0,1620,0,Business,6350,6,1134.53,0,0,0,23.0,0,1
A02075,2024-09-13,East,56,Salaried,82.0,4530,0,Education,15100,9,1858.98,1,0,1,22.0,0,0
A00170,2024-09-14,South,27,Self-employed,20.0,4850,2660,Home improvement,16900,6,3019.47,1,0,1,33.0,1,1
A00555,2024-09-14,East,54,Self-employed,14.0,4220,2170,Business,14950,6,2671.07,0,0,1,22.0,1,1
A01573,2024-09-14,Capital,23,Salaried,27.0,4300,0,Education,6450,24,346.15,1,1,0,18.0,0,0
A00535,2024-09-14,West,40,Salaried,12.0,5090,7400,Personal,10350,18,699.2,3,1,1,13.0,0,0
A02028,2024-09-14,Capital,51,Self-employed,42.0,2080,0,Business,4100,12,390.87,2,1,1,37.0,1,0
A01804,2024-09-15,West,39,Salaried,31.0,3720,1050,Car,4450,9,547.84,0,0,0,28.0,1,0
A01051,2024-09-15,South,51,Salaried,25.0,2210,6230,Medical,6700,12,638.73,2,0,1,21.0,1,0
A02974,2024-09-15,North,32,Salaried,62.0,1160,610,Personal,2000,12,190.67,3,0,1,14.0,0,0
A02586,2024-09-15,Highlands,59,Salaried,23.0,3010,0,Home improvement,1450,12,138.23,0,0,1,16.0,0,0
A01400,2024-09-16,Capital,26,,25.0,4950,0,Business,4800,18,324.27,1,0,0,26.0,0,0
A00883,2024-09-16,Coastal,62,Salaried,98.0,2800,0,Car,9450,24,507.15,1,0,1,21.0,1,0
A00141,2024-09-17,Coastal,56,Business owner,39.0,3280,0,Education,10300,9,1268.04,2,0,0,35.0,1,0
A02579,2024-09-18,South,26,Salaried,51.0,2460,480,Medical,7000,9,861.78,0,0,1,20.0,0,0
A00547,2024-09-18,Capital,40,Salaried,28.0,4380,0,Education,8000,6,1429.33,0,0,1,23.0,0,0
A01326,2024-09-19,East,53,Salaried,17.0,4450,4760,Personal,13450,12,1282.23,1,1,1,29.0,0,0
A02895,2024-09-19,Coastal,56,Self-employed,32.0,3720,0,Home improvement,13900,12,1325.13,3,2,0,24.0,1,0
A00068,2024-09-19,North,62,Self-employed,31.0,4680,0,Business,13350,12,1272.7,0,0,0,27.0,0,0
A00209,2024-09-19,South,22,Salaried,10.0,3740,970,Medical,14800,6,2644.27,1,0,1,15.0,1,0
A02210,2024-09-19,Highlands,49,Business owner,25.0,3240,7340,Education,8000,18,540.44,0,0,1,28.0,0,0
A01833,2024-09-19,South,24,Self-employed,57.0,3120,220,Medical,3300,9,406.27,1,0,1,20.0,0,0
A02152,2024-09-20,South,41,Salaried,11.0,4300,0,Business,8750,6,1563.33,2,0,1,12.0,0,0
A02839,2024-09-20,Capital,42,Salaried,70.0,1850,230,Education,7350,6,1313.2,1,0,1,9.0,1,0
A00548,2024-09-20,Capital,50,Salaried,47.0,5980,4280,Personal,13800,12,1315.6,0,0,1,16.0,1,0
A00244,2024-09-20,Capital,61,Self-employed,25.0,3910,1930,Education,10150,18,685.69,2,0,0,33.0,1,0
A02285,2024-09-21,Capital,48,Self-employed,6.0,3270,1860,Personal,3750,6,670.0,3,0,1,43.0,0,1
A02142,2024-09-21,North,58,Self-employed,30.0,5780,0,Car,14400,6,2572.8,4,2,0,32.0,0,0
A02856,2024-09-21,South,48,Self-employed,9.0,2630,1280,Education,8700,6,1554.4,1,0,1,33.0,0,0
A02046,2024-09-21,Central,31,Contract,15.0,9800,27570,Medical,24300,12,2316.6,1,0,0,24.0,1,0
A01918,2024-09-22,North,60,Self-employed,25.0,3520,0,Business,3100,12,295.53,3,0,1,43.0,0,1
A01262,2024-09-22,Central,58,Salaried,40.0,2600,0,Personal,7800,9,960.27,1,0,1,25.0,0,0
A01807,2024-09-22,North,30,Business owner,19.0,5170,1120,Medical,15750,3,5439.0,1,1,0,24.0,1,1
A02401,2024-09-22,Capital,61,Self-employed,63.0,6430,0,Personal,23500,18,1587.56,2,1,1,,0,0
A02282,2024-09-22,Highlands,52,Salaried,32.0,2270,120,Business,8050,6,1438.27,0,0,1,14.0,0,0
A00998,2024-09-22,Coastal,43,Self-employed,24.0,10480,0,Personal,29000,12,2764.67,1,0,1,21.0,0,0
A01795,2024-09-22,East,49,Self-employed,61.0,8540,0,Business,21650,12,2063.97,3,0,0,30.0,0,1
A00598,2024-09-22,Capital,62,Salaried,20.0,4420,0,Car,13400,6,2394.13,0,0,1,17.0,0,0
A01975,2024-09-22,Capital,22,Self-employed,40.0,2100,0,Medical,3700,9,455.51,4,1,0,40.0,1,0
A00573,2024-09-22,North,57,Contract,39.0,3290,1750,Home improvement,11850,6,2117.2,1,1,0,31.0,1,0
A02721,2024-09-23,Capital,25,Self-employed,18.0,2530,5200,Home improvement,7850,6,1402.53,1,1,0,34.0,0,0
A02463,2024-09-23,North,51,Contract,21.0,6230,2540,Home improvement,16400,12,1563.47,2,0,0,20.0,0,0
A01662,2024-09-23,South,59,Salaried,28.0,2020,1720,Home improvement,4350,24,233.45,0,0,1,18.0,1,0
A01948,2024-09-23,Highlands,63,Salaried,29.0,1190,2070,Business,3700,18,249.96,0,0,0,14.0,0,0
A02326,2024-09-23,Highlands,61,Salaried,10.0,3540,6110,Business,13650,12,1301.3,1,0,1,10.0,1,0
A01927,2024-09-23,Capital,38,Business owner,49.0,7790,0,Business,16000,6,2858.67,1,0,0,23.0,1,0
A00137,2024-09-24,East,53,Business owner,46.0,3130,0,Home improvement,8050,24,432.02,1,1,1,29.0,0,0
A02821,2024-09-24,Capital,45,Salaried,11.0,6600,7010,Medical,15350,12,1463.37,1,0,0,19.0,0,0
A01015,2024-09-24,North,57,Salaried,5.0,2190,4140,Home improvement,4500,12,429.0,0,0,0,21.0,1,0
A02632,2024-09-24,Highlands,61,Self-employed,51.0,6940,0,Education,21050,12,2006.77,2,0,1,25.0,1,0
A00880,2024-09-24,Capital,39,Contract,17.0,5610,0,Personal,6150,12,586.3,0,0,0,29.0,0,0
A02730,2024-09-25,Capital,44,Contract,3.0,4570,0,Business,2200,6,393.07,1,1,0,35.0,1,1
A02347,2024-09-25,Highlands,56,Self-employed,9.0,2950,110,Home improvement,1750,18,118.22,1,0,0,33.0,1,0
A02686,2024-09-25,Highlands,54,Salaried,11.0,4000,0,Business,7600,6,1357.87,4,1,0,19.0,0,0
A02655,2024-09-26,Capital,54,Self-employed,4.0,4310,4110,Education,16250,12,1549.17,2,0,0,34.0,1,0
A00481,2024-09-26,West,29,Salaried,120.0,6340,0,Car,13550,9,1668.16,2,0,1,16.0,0,0
A02691,2024-09-27,Capital,38,Self-employed,45.0,2960,1670,Personal,1450,24,77.82,0,0,0,27.0,0,0
A02257,2024-09-27,Highlands,51,Salaried,72.0,7230,0,Business,24950,9,3071.62,0,0,1,13.0,1,0
A01428,2024-09-28,Capital,24,Business owner,28.0,4380,0,Home improvement,2600,12,247.87,1,0,0,26.0,0,0
A01253,2024-09-28,Coastal,22,Self-employed,78.0,2660,1190,Education,7850,12,748.37,0,0,0,38.0,1,0
A02464,2024-09-28,North,28,Contract,54.0,5810,4280,Car,14250,6,2546.0,0,0,0,23.0,0,0
A02894,2024-09-28,North,44,Salaried,75.0,1250,910,Home improvement,1450,6,259.07,1,0,1,19.0,0,0
A01932,2024-09-28,Capital,56,Salaried,48.0,1370,1270,Education,2700,12,257.4,1,0,1,16.0,1,0
A00052,2024-09-29,East,50,Salaried,36.0,2960,1310,Personal,6500,6,1161.33,5,1,1,13.0,0,0
A02763,2024-09-29,Coastal,31,Contract,67.0,2610,480,Education,7950,24,426.65,4,0,0,25.0,0,0
A01767,2024-09-29,North,40,Salaried,38.0,4190,4070,Education,7850,9,966.42,2,0,1,19.0,0,0
A02471,2024-09-29,Highlands,49,Self-employed,25.0,6860,0,Car,15050,12,1434.77,1,0,1,18.0,0,0
A01383,2024-09-30,Highlands,41,,14.0,4140,0,Business,12800,3,4420.27,1,0,0,29.0,1,0
A01963,2024-09-30,West,33,Salaried,50.0,2140,0,Car,6100,6,1089.87,3,2,1,20.0,0,0
A01835,2024-09-30,North,55,Salaried,34.0,3980,0,Personal,6750,3,2331.0,2,1,1,19.0,1,0
A01705,2024-09-30,Capital,61,Salaried,33.0,5710,13070,Education,2500,3,863.33,2,0,1,18.0,0,0
A01107,2024-10-01,Capital,47,Self-employed,36.0,7320,0,Business,5350,12,510.03,4,1,1,,0,0
A01122,2024-10-01,West,50,Self-employed,11.0,1970,1800,Business,2700,12,257.4,4,0,0,30.0,0,0
A02059,2024-10-01,Highlands,35,Salaried,43.0,2870,0,Car,7700,9,947.96,3,1,0,24.0,0,0
A01162,2024-10-01,South,41,Salaried,87.0,3980,0,Car,9000,6,1608.0,1,0,1,12.0,0,0
A02302,2024-10-02,North,27,Salaried,,3480,0,Personal,1950,3,673.4,2,1,1,22.0,0,0
A02888,2024-10-02,East,58,Self-employed,46.0,4100,2360,Business,4550,9,560.16,1,0,0,34.0,0,0
A02343,2024-10-02,Capital,24,Salaried,54.0,2780,0,Home improvement,10800,9,1329.6,2,0,1,20.0,0,0
A00594,2024-10-02,North,31,Salaried,58.0,2550,0,Education,5700,6,1018.4,3,0,0,19.0,1,0
A02020,2024-10-02,West,44,Salaried,36.0,6330,7060,Education,15150,12,1444.3,2,1,1,19.0,0,0
A02902,2024-10-03,Capital,49,Salaried,,3910,390,Business,9600,9,1181.87,4,1,0,27.0,1,0
A02280,2024-10-03,Capital,32,Self-employed,32.0,3610,5030,Medical,12250,6,2188.67,1,0,0,31.0,1,0
A02670,2024-10-04,South,22,Self-employed,21.0,5940,6440,Education,6850,12,653.03,1,0,0,21.0,1,0
A01155,2024-10-04,East,28,Business owner,69.0,3520,0,Home improvement,6850,12,653.03,1,0,1,38.0,1,0
A00786,2024-10-04,North,33,Salaried,17.0,4530,0,Car,7500,18,506.67,1,0,1,23.0,0,0
A02082,2024-10-04,South,62,Self-employed,28.0,3720,3400,Education,8450,6,1509.73,2,0,0,37.0,1,0
A00835,2024-10-04,Coastal,26,Business owner,22.0,1520,0,Education,1950,6,348.4,5,1,0,29.0,0,0
A00236,2024-10-04,Central,36,Business owner,19.0,3210,0,Medical,7450,24,399.82,0,0,0,27.0,0,0
A01543,2024-10-04,Capital,29,Salaried,126.0,3940,3970,Business,8800,18,594.49,2,0,0,16.0,1,0
A01555,2024-10-04,North,49,Salaried,36.0,4340,3020,Education,9150,6,1634.8,2,0,0,14.0,0,0
A02979,2024-10-05,North,41,Salaried,41.0,3920,0,Business,7500,9,923.33,1,0,1,23.0,1,0
A02594,2024-10-05,Capital,33,Business owner,7.0,4430,2260,Home improvement,15050,18,1016.71,2,0,1,26.0,1,0
A02120,2024-10-06,North,43,Contract,20.0,2490,570,Home improvement,4050,18,273.6,1,0,1,30.0,0,0
A02610,2024-10-06,North,49,Self-employed,23.0,3890,2000,Business,10450,6,1867.07,4,1,1,35.0,1,0
A01521,2024-10-06,Capital,43,Salaried,19.0,2800,3500,Business,5050,9,621.71,2,0,1,17.0,0,0
A02422,2024-10-06,Capital,31,Business owner,9.0,5180,0,Education,7350,12,700.7,2,1,1,32.0,0,0
A02939,2024-10-06,Central,22,Salaried,10.0,7500,0,Medical,9300,12,886.6,1,0,1,17.0,1,0
A00388,2024-10-08,Central,54,Salaried,49.0,6170,0,Car,19500,12,1859.0,0,0,0,,1,0
A02819,2024-10-08,Central,43,Business owner,,3760,0,Education,14700,12,1401.4,1,0,0,23.0,0,0
A01934,2024-10-08,West,36,,21.0,3570,0,Education,5300,12,505.27,3,0,0,17.0,1,0
A00333,2024-10-08,North,41,Salaried,11.0,2940,950,Car,3900,3,1346.8,3,2,1,20.0,1,0
A01363,2024-10-08,West,43,Salaried,35.0,2580,0,Education,9350,18,631.64,0,0,1,16.0,0,0
A00060,2024-10-09,Coastal,50,Salaried,,4850,3810,Business,11500,12,1096.33,0,0,1,14.0,0,0
A02260,2024-10-09,Capital,28,Salaried,24.0,3820,0,Medical,8150,18,550.58,0,0,1,14.0,0,1
A02090,2024-10-09,Coastal,58,Salaried,27.0,4730,0,Business,4900,18,331.02,1,0,0,17.0,0,0
A00298,2024-10-09,Capital,39,Self-employed,101.0,2170,0,Home improvement,3300,9,406.27,5,0,1,,0,0
A00698,2024-10-09,West,39,Self-employed,18.0,5930,0,Business,23550,9,2899.27,2,0,1,28.0,0,0
A00525,2024-10-10,Central,43,Self-employed,24.0,4800,0,Home improvement,11300,18,763.38,1,0,0,,0,0
A00902,2024-10-10,Highlands,41,Salaried,77.0,7020,0,Home improvement,11700,12,1115.4,2,0,0,20.0,0,0
A00995,2024-10-10,Capital,44,Salaried,40.0,2230,310,Business,4450,9,547.84,1,0,1,13.0,0,0
A02126,2024-10-11,North,43,Salaried,44.0,3910,0,Business,5800,12,552.93,1,0,0,19.0,0,0
A01208,2024-10-11,East,29,Self-employed,,3370,2970,Medical,2550,12,243.1,1,0,0,23.0,0,0
A02320,2024-10-11,Highlands,28,Salaried,24.0,1920,0,Business,1100,12,104.87,2,0,0,16.0,1,0
A01459,2024-10-11,North,38,Salaried,13.0,4990,0,Car,18200,9,2240.62,1,0,1,21.0,0,0
A02970,2024-10-11,East,53,Salaried,6.0,1870,0,Medical,2400,3,828.8,2,1,1,16.0,0,0
A00252,2024-10-11,West,41,Self-employed,8.0,4390,0,Business,14350,9,1766.64,0,0,1,34.0,1,0
A00179,2024-10-11,Central,39,Salaried,28.0,4650,0,Business,4000,9,492.44,5,0,1,21.0,1,1
A02853,2024-10-12,Highlands,43,Self-employed,4.0,2490,2960,Personal,2400,12,228.8,1,0,1,26.0,1,0
A02303,2024-10-12,East,48,Business owner,25.0,2800,0,Car,5850,24,313.95,2,0,0,25.0,0,0
A02915,2024-10-12,North,51,Self-employed,47.0,3330,2980,Home improvement,7050,12,672.1,2,0,1,26.0,1,0
A01135,2024-10-12,Central,47,Salaried,20.0,3590,4510,Business,6100,12,581.53,0,0,1,21.0,1,0
A00817,2024-10-12,Coastal,27,Self-employed,8.0,6440,0,Home improvement,16200,12,1544.4,0,0,1,28.0,1,0
A01149,2024-10-12,Capital,62,Business owner,24.0,1520,0,Business,6000,9,738.67,0,0,0,34.0,0,0
A02645,2024-10-12,North,30,Salaried,30.0,6040,0,Business,16800,12,1601.6,1,0,1,14.0,0,0
A01746,2024-10-13,Capital,56,Self-employed,28.0,2620,100,Home improvement,10400,18,702.58,0,0,0,24.0,0,1
A02945,2024-10-13,West,61,Self-employed,56.0,3750,1950,Business,5300,12,505.27,0,0,0,27.0,1,0
A02119,2024-10-14,East,43,Self-employed,18.0,3490,14570,Home improvement,2000,6,357.33,0,0,0,35.0,0,0
A00042,2024-10-14,North,22,Salaried,44.0,1750,2070,Personal,700,18,47.29,2,0,1,21.0,1,0
A02571,2024-10-14,Capital,41,Contract,,5210,1280,Car,10200,12,972.4,3,1,0,23.0,0,0
A01592,2024-10-15,South,36,Salaried,5.0,3190,180,Business,2950,12,281.23,0,0,1,18.0,0,0
A01205,2024-10-15,South,25,Self-employed,30.0,5950,0,Car,17550,18,1185.6,2,0,1,41.0,1,0
A00405,2024-10-16,Capital,28,Salaried,2.0,5030,1770,Home improvement,4900,6,875.47,0,0,0,19.0,1,0
A00173,2024-10-17,Coastal,41,Self-employed,53.0,1440,0,Business,1050,6,187.6,1,0,1,45.0,0,0
A00857,2024-10-18,Central,22,Self-employed,,3160,1010,Personal,8800,12,838.93,5,0,0,26.0,1,0
A00505,2024-10-18,South,43,Salaried,27.0,1370,1930,Medical,1950,6,348.4,2,0,1,16.0,1,0
A00806,2024-10-18,Capital,44,Salaried,37.0,3810,2600,Business,11800,6,2108.27,1,0,1,13.0,1,0
A01295,2024-10-19,West,26,Self-employed,18.0,6210,0,Education,12300,6,2197.6,1,0,0,26.0,1,0
A02964,2024-10-19,Capital,52,Salaried,42.0,2700,5110,Business,5600,12,533.87,2,0,1,23.0,1,0
A01666,2024-10-19,Capital,23,Salaried,17.0,4740,1370,Home improvement,4950,18,334.4,1,0,0,14.0,0,0
A02372,2024-10-20,South,51,Salaried,25.0,2850,4420,Business,3000,12,286.0,0,0,1,13.0,1,0
A00374,2024-10-20,Capital,37,Salaried,29.0,2730,4150,Home improvement,8700,3,3004.4,3,0,0,21.0,0,1
A02413,2024-10-21,West,54,Business owner,21.0,4760,0,Education,6900,24,370.3,1,1,0,29.0,1,0
A02972,2024-10-21,Highlands,39,Salaried,83.0,4670,2610,Medical,4000,12,381.33,1,0,1,23.0,0,0
A00743,2024-10-21,East,25,Business owner,12.0,2210,0,Education,4900,6,875.47,0,0,0,26.0,1,0
A01021,2024-10-21,Highlands,62,Salaried,28.0,5870,1990,Medical,6350,6,1134.53,4,1,1,17.0,0,0
A01406,2024-10-22,Capital,43,Salaried,19.0,4800,0,Car,18600,6,3323.2,1,0,1,16.0,1,0
A01193,2024-10-22,Central,38,Contract,47.0,1750,0,Car,1200,12,114.4,0,0,0,26.0,0,0
A02235,2024-10-23,Capital,62,Salaried,15.0,3110,4850,Education,4750,12,452.83,1,0,1,23.0,0,0
A02039,2024-10-23,North,58,Contract,19.0,2800,6720,Education,3550,12,338.43,2,0,0,36.0,1,0
A01138,2024-10-23,Central,37,Salaried,13.0,3420,6370,Personal,3750,6,670.0,0,0,1,24.0,1,0
A02008,2024-10-23,Capital,29,Contract,37.0,3840,0,Car,3250,24,174.42,1,0,0,28.0,0,1
A01082,2024-10-24,Capital,51,Self-employed,77.0,3540,590,Business,3800,18,256.71,2,0,1,35.0,0,0
A00593,2024-10-24,Capital,27,Salaried,,3350,330,Education,12750,12,1215.5,1,0,1,23.0,0,0
A01382,2024-10-24,Coastal,45,Salaried,98.0,3030,0,Personal,11350,24,609.12,2,0,1,19.0,1,0
A01602,2024-10-24,Capital,30,Salaried,27.0,2330,0,Personal,2700,12,257.4,1,0,1,16.0,1,0
A00343,2024-10-25,North,25,Self-employed,34.0,8420,18420,Medical,16350,18,1104.53,2,0,1,25.0,1,0
A01396,2024-10-25,Capital,51,Salaried,13.0,4680,0,Business,8150,12,776.97,1,0,1,12.0,1,0
A02654,2024-10-25,West,24,Self-employed,47.0,4180,450,Business,11200,6,2001.07,4,1,0,31.0,0,0
A02518,2024-10-26,South,31,Business owner,56.0,3270,2830,Car,7000,9,861.78,0,0,1,42.0,0,0
A01824,2024-10-26,North,53,Business owner,47.0,1660,0,Business,2250,9,277.0,1,1,1,35.0,0,0
A01523,2024-10-26,West,37,Self-employed,93.0,2880,1710,Personal,4600,6,821.87,3,1,0,35.0,1,0
A02653,2024-10-26,Highlands,27,Salaried,24.0,8140,0,Personal,24300,18,1641.6,2,0,1,19.0,1,0
A01061,2024-10-26,Capital,58,Business owner,23.0,2660,0,Education,6650,12,633.97,1,0,1,25.0,1,0
A00978,2024-10-26,Capital,41,Salaried,17.0,3240,1780,Education,10000,12,953.33,1,0,1,18.0,1,0
A00771,2024-10-26,Coastal,44,Salaried,99.0,1780,740,Business,4550,24,244.18,4,0,1,15.0,0,0
A01899,2024-10-27,Highlands,52,Salaried,30.0,2760,0,Education,7700,18,520.18,3,0,1,14.0,1,0
A00444,2024-10-27,Coastal,47,Self-employed,82.0,2400,1050,Car,5100,24,273.7,2,2,0,27.0,0,0
A00125,2024-10-27,North,21,Self-employed,14.0,3860,0,Home improvement,12850,18,868.09,1,0,1,37.0,1,0
A00826,2024-10-27,South,49,Salaried,65.0,1850,3140,Education,6050,12,576.77,1,0,1,26.0,0,0
A02816,2024-10-27,Central,44,Salaried,26.0,2430,2350,Home improvement,1650,6,294.8,0,0,1,23.0,1,0
A01077,2024-10-27,Capital,23,Salaried,,4290,0,Medical,10400,6,1858.13,1,0,1,19.0,0,0
A01740,2024-10-27,Capital,42,Salaried,132.0,3230,0,Car,4400,12,419.47,0,0,0,19.0,0,0
A02986,2024-10-28,Coastal,53,Contract,12.0,4540,3230,Personal,16450,24,882.82,2,1,1,27.0,0,0
A00469,2024-10-28,Coastal,22,Salaried,13.0,4290,1700,Business,6050,24,324.68,1,1,1,18.0,1,0
A02209,2024-10-28,Coastal,37,Salaried,42.0,2330,0,Car,6150,6,1098.8,0,0,0,14.0,1,0
A01106,2024-10-29,North,59,Business owner,14.0,1410,3360,Business,5350,6,955.87,1,0,0,29.0,0,0
A00536,2024-10-29,Capital,21,Self-employed,37.0,4290,0,Personal,4200,12,400.4,4,1,1,27.0,1,0
A00485,2024-10-29,Highlands,57,Self-employed,,2790,0,Medical,9350,9,1151.09,0,0,1,39.0,1,0
A02127,2024-10-29,North,29,Salaried,79.0,4900,0,Personal,6550,12,624.43,2,0,1,23.0,0,0
A02322,2024-10-30,Capital,56,Salaried,9.0,3110,4100,Home improvement,11850,24,635.95,2,0,0,13.0,1,0
A00680,2024-10-30,Highlands,33,Self-employed,61.0,3070,3920,Personal,11350,6,2027.87,1,1,0,24.0,1,1
A01119,2024-10-30,Capital,61,Self-employed,47.0,2490,0,Car,5650,24,303.22,1,0,1,29.0,1,0
A01606,2024-10-30,Central,57,Self-employed,87.0,1250,0,Business,650,6,116.13,2,1,0,21.0,0,0
A02311,2024-10-30,Coastal,61,Salaried,97.0,2470,1200,Personal,3400,6,607.47,1,0,1,15.0,0,0
A01550,2024-10-31,North,59,Salaried,28.0,2070,0,Home improvement,1650,18,111.47,2,1,0,18.0,0,0
A02446,2024-10-31,Capital,23,Self-employed,37.0,7010,0,Personal,12700,6,2269.07,0,0,0,36.0,1,0
A02324,2024-10-31,East,60,Self-employed,34.0,2870,0,Business,3650,9,449.36,3,0,0,40.0,0,0
A00126,2024-10-31,East,26,Salaried,61.0,2060,1000,Business,8100,12,772.2,2,1,1,23.0,1,0
A00838,2024-10-31,Highlands,50,Salaried,87.0,4590,2340,Business,5650,18,381.69,1,0,0,21.0,0,0
A01685,2024-11-01,Capital,41,Salaried,27.0,7670,0,Personal,14300,9,1760.49,2,0,1,7.0,1,0
A01226,2024-11-01,South,63,Self-employed,25.0,4980,11880,Education,16550,24,888.18,2,0,1,35.0,0,0
A00048,2024-11-02,Central,50,Salaried,,1440,0,Personal,1900,9,233.91,3,0,1,15.0,1,0
A02829,2024-11-02,Capital,40,Self-employed,30.0,2810,1600,Personal,4300,3,1484.93,3,0,1,39.0,0,0
A01498,2024-11-02,Capital,45,Self-employed,46.0,1590,0,Car,3300,12,314.6,1,0,1,32.0,0,0
A00271,2024-11-02,West,30,Self-employed,33.0,4650,0,Personal,12650,24,678.88,0,0,0,27.0,0,1
A02071,2024-11-02,Capital,44,Self-employed,63.0,3530,680,Home improvement,8200,6,1465.07,1,0,0,20.0,0,0
A02531,2024-11-03,North,45,Contract,26.0,3060,2240,Personal,10500,18,709.33,3,1,0,,1,0
A01294,2024-11-03,Capital,53,Salaried,64.0,2460,1720,Home improvement,4450,12,424.23,1,0,1,14.0,0,0
A00776,2024-11-04,Highlands,28,Salaried,101.0,2160,8110,Business,7550,9,929.49,0,0,1,18.0,0,0
A02698,2024-11-04,Capital,32,Business owner,3.0,4930,0,Education,11050,12,1053.43,0,0,0,22.0,0,0
A01490,2024-11-05,South,48,Salaried,22.0,3430,1570,Education,13100,6,2340.53,0,0,1,26.0,0,0
A00220,2024-11-05,Capital,46,Salaried,,4850,1480,Medical,16900,18,1141.69,1,0,1,17.0,1,0
A01993,2024-11-05,Highlands,35,Salaried,17.0,1180,510,Car,4300,9,529.38,1,0,1,18.0,1,0
A00518,2024-11-05,South,25,Salaried,69.0,3750,1920,Home improvement,9200,12,877.07,0,0,1,17.0,1,0
A00096,2024-11-06,Central,53,Self-employed,7.0,4980,2700,Personal,13650,18,922.13,4,2,0,28.0,0,1
A02035,2024-11-07,South,55,Self-employed,24.0,3920,490,Home improvement,7550,18,510.04,1,0,0,37.0,0,1
A00133,2024-11-07,Coastal,45,Self-employed,25.0,2530,540,Home improvement,3700,18,249.96,0,0,1,35.0,0,0
A00739,2024-11-07,Central,54,Self-employed,21.0,4680,0,Home improvement,9950,12,948.57,1,0,0,19.0,0,0
A00497,2024-11-07,Coastal,34,Self-employed,70.0,1940,2040,Education,4850,12,462.37,1,0,0,30.0,1,0
A01811,2024-11-07,Capital,24,Self-employed,132.0,3210,4010,Personal,10500,18,709.33,1,0,1,26.0,1,0
A00100,2024-11-07,Highlands,57,Salaried,47.0,5260,0,Business,3650,24,195.88,2,1,1,14.0,0,0
A02349,2024-11-08,Capital,28,Salaried,21.0,2750,2200,Business,2800,6,500.27,1,0,1,18.0,0,0
A01839,2024-11-08,Coastal,57,Salaried,43.0,2630,0,Medical,7750,6,1384.67,2,1,1,23.0,1,0
A00461,2024-11-08,Central,53,Salaried,23.0,1890,0,Medical,4400,18,297.24,1,0,0,23.0,1,0
A00644,2024-11-09,Central,49,,,2950,0,Home improvement,2850,12,271.7,0,0,1,21.0,1,0
A00318,2024-11-09,Central,50,Salaried,57.0,5890,270,Education,3000,12,286.0,0,0,1,16.0,1,0
A01288,2024-11-09,Coastal,28,Salaried,84.0,2430,0,Business,4700,6,839.73,1,0,1,18.0,0,0
A01024,2024-11-10,Coastal,35,Self-employed,7.0,900,710,Education,1900,18,128.36,1,0,0,27.0,1,0
A00811,2024-11-10,Capital,37,Business owner,25.0,3390,1130,Business,7450,6,1331.07,1,1,0,33.0,0,1
A01344,2024-11-10,South,42,Self-employed,8.0,3670,1400,Car,12600,6,2251.2,2,1,0,,1,0
A01270,2024-11-11,Capital,30,Self-employed,86.0,2540,4330,Car,5950,12,567.23,4,0,1,28.0,0,0
A02637,2024-11-11,Central,59,Business owner,39.0,3840,0,Education,9750,12,929.5,2,0,0,31.0,0,0
A01684,2024-11-11,Capital,26,Contract,,2260,4680,Education,8350,6,1491.87,2,1,0,31.0,1,0
A00302,2024-11-11,West,59,Business owner,61.0,2970,0,Personal,10600,12,1010.53,1,0,0,33.0,0,0
A00139,2024-11-11,North,40,Salaried,14.0,2560,2720,Home improvement,6850,3,2365.53,0,0,1,12.0,1,1
A01529,2024-11-12,Coastal,48,Contract,21.0,3700,0,Business,2850,12,271.7,1,0,0,40.0,1,0
A02810,2024-11-12,South,55,Salaried,66.0,3550,4210,Personal,2450,18,165.51,1,0,0,19.0,1,0
A01485,2024-11-13,North,21,Business owner,13.0,4070,1580,Business,15200,24,815.73,1,1,1,31.0,0,0
A01569,2024-11-13,East,55,Self-employed,62.0,2750,0,Home improvement,8300,6,1482.93,1,0,1,25.0,1,0
A01242,2024-11-13,Capital,33,Salaried,68.0,3640,0,Personal,6400,9,787.91,1,0,1,12.0,1,0
A00504,2024-11-14,East,43,Salaried,59.0,1680,0,Business,2300,18,155.38,1,1,1,20.0,0,0
A02560,2024-11-15,Highlands,45,Business owner,32.0,4810,4630,Home improvement,2050,6,366.27,2,1,1,27.0,1,0
A01912,2024-11-15,Capital,60,Self-employed,86.0,2300,0,Business,5150,6,920.13,1,0,1,28.0,1,0
A02631,2024-11-16,East,22,Business owner,55.0,4240,0,Business,7950,12,757.9,0,0,1,27.0,1,0
A00693,2024-11-16,East,26,Salaried,72.0,4170,3310,Business,7450,12,710.23,0,0,1,25.0,1,0
A00217,2024-11-16,East,61,Self-employed,58.0,2640,0,Home improvement,7050,12,672.1,3,2,0,36.0,1,1
A01313,2024-11-16,Highlands,22,Salaried,26.0,7210,0,Home improvement,13850,6,2474.53,1,0,1,16.0,0,0
A01465,2024-11-17,North,41,Self-employed,69.0,4730,770,Personal,2250,24,120.75,0,0,1,32.0,1,0
A00281,2024-11-17,Capital,38,Self-employed,110.0,5110,1530,Business,13000,24,697.67,1,0,0,31.0,1,0
A02072,2024-11-17,West,41,Salaried,9.0,2650,3390,Medical,1300,12,123.93,1,0,1,18.0,0,0
A01298,2024-11-18,Capital,53,Business owner,86.0,1390,280,Medical,4350,6,777.2,0,0,0,29.0,0,0
A01640,2024-11-18,Coastal,56,Salaried,21.0,3000,810,Car,2250,12,214.5,0,0,1,22.0,0,0
A00512,2024-11-19,North,39,Salaried,47.0,8140,7520,Business,22350,18,1509.87,1,0,1,16.0,0,0
A01876,2024-11-19,West,42,Salaried,5.0,2620,4170,Business,8600,12,819.87,2,0,1,10.0,0,1
A02988,2024-11-19,Coastal,41,Business owner,100.0,6520,6190,Medical,21300,18,1438.93,0,0,1,21.0,0,1
A01238,2024-11-19,West,36,Self-employed,64.0,3030,0,Home improvement,6900,9,849.47,4,1,0,40.0,1,0
A01689,2024-11-19,South,21,Self-employed,10.0,3170,0,Business,6100,24,327.37,1,0,1,35.0,0,0
A01418,2024-11-19,West,34,Salaried,,4100,570,Business,9350,6,1670.53,0,0,0,19.0,1,0
A00614,2024-11-20,Capital,46,Self-employed,22.0,1920,0,Medical,5100,3,1761.2,3,0,1,26.0,0,0
A02949,2024-11-20,Central,43,Self-employed,36.0,1130,730,Education,3700,6,661.07,0,0,0,29.0,1,0
A01871,2024-11-20,East,60,Contract,59.0,2690,0,Education,4000,9,492.44,1,0,0,27.0,0,0
A02341,2024-11-20,Capital,37,Salaried,25.0,5000,910,Car,16250,9,2000.56,2,0,0,18.0,0,0
A02908,2024-11-21,Central,46,Self-employed,50.0,3490,0,Medical,5900,6,1054.13,2,1,0,32.0,1,0
A01425,2024-11-21,North,54,Contract,46.0,4210,760,Education,11750,9,1446.56,1,0,1,27.0,1,0
A02436,2024-11-21,East,38,Salaried,29.0,4210,0,Business,4400,24,236.13,1,1,0,23.0,0,0
A00422,2024-11-21,East,54,Contract,58.0,3250,2650,Business,11800,12,1124.93,0,0,0,34.0,0,0
A02625,2024-11-22,Highlands,29,Salaried,5.0,7750,0,Home improvement,5250,6,938.0,0,0,0,9.0,1,0
A02795,2024-11-22,Central,25,Contract,122.0,7660,21370,Home improvement,26650,24,1430.22,1,0,1,30.0,0,0
A00321,2024-11-24,Capital,35,Self-employed,86.0,6210,0,Business,17500,6,3126.67,4,1,0,38.0,1,0
A00015,2024-11-24,North,30,Business owner,68.0,3310,530,Home improvement,5300,18,358.04,3,1,1,25.0,1,0
A00177,2024-11-24,South,21,Contract,19.0,3410,1510,Medical,7850,12,748.37,2,0,0,30.0,1,0
A02359,2024-11-24,North,38,Salaried,125.0,5460,3120,Business,16550,12,1577.77,0,0,1,16.0,0,0
A00264,2024-11-24,West,44,Self-employed,28.0,2490,1230,Car,6800,18,459.38,2,1,1,30.0,1,1
A02053,2024-11-25,Highlands,34,Self-employed,40.0,3950,0,Car,7500,12,715.0,2,0,0,28.0,0,0
A01775,2024-11-26,Coastal,57,Salaried,17.0,4300,0,Business,9100,3,3142.53,2,0,0,17.0,0,0
A02784,2024-11-26,Capital,40,Business owner,30.0,2700,1180,Business,7400,18,499.91,0,0,1,30.0,0,0
A01587,2024-11-27,Capital,63,Self-employed,22.0,5110,0,Education,9050,24,485.68,1,1,0,35.0,0,0
A00604,2024-11-27,Coastal,25,Business owner,42.0,5350,3210,Home improvement,15000,6,2680.0,3,0,0,35.0,0,0
A02901,2024-11-27,West,31,Business owner,,2030,0,Medical,1650,18,111.47,3,2,1,23.0,0,0
A02543,2024-11-28,South,43,Business owner,15.0,3160,0,Medical,7850,12,748.37,1,0,1,25.0,0,0
A01357,2024-11-28,Central,59,Self-employed,3.0,8380,20740,Home improvement,24050,9,2960.82,2,0,1,34.0,1,0
A01436,2024-11-28,Capital,24,Salaried,88.0,4130,160,Home improvement,13050,12,1244.1,1,0,1,18.0,0,0
A01524,2024-11-28,Capital,31,Salaried,90.0,2750,680,Car,3200,9,393.96,1,0,1,21.0,1,0
A02725,2024-11-28,Capital,24,Contract,27.0,2460,0,Medical,3600,6,643.2,1,0,0,25.0,0,0
A00195,2024-11-28,Highlands,21,Self-employed,13.0,2940,0,Car,7800,12,743.6,3,3,1,36.0,0,0
A01779,2024-11-28,West,60,,,5680,0,Education,7950,12,757.9,0,0,0,24.0,0,0
A01554,2024-11-28,East,36,Business owner,77.0,4030,0,Car,16000,24,858.67,0,0,0,26.0,0,1
A01973,2024-11-28,Coastal,60,Self-employed,85.0,4880,3710,Car,19150,12,1825.63,0,0,1,32.0,0,0
A01207,2024-11-28,Central,55,Contract,51.0,4380,0,Business,1850,18,124.98,2,0,0,30.0,1,0
A02559,2024-11-28,East,40,Self-employed,3.0,4200,0,Business,9200,6,1643.73,1,0,0,35.0,1,0
A02133,2024-11-28,Capital,23,Self-employed,48.0,4140,0,Car,5900,9,726.36,4,0,1,28.0,0,0
A00583,2024-11-29,South,48,Business owner,16.0,4100,520,Education,8950,12,853.23,1,0,0,26.0,1,0
A01608,2024-11-29,Coastal,53,Salaried,38.0,5390,0,Car,13850,3,4782.87,3,0,0,16.0,1,0
A00156,2024-11-29,East,42,Salaried,31.0,3650,0,Business,13900,6,2483.47,0,0,0,23.0,0,1
A02739,2024-11-29,Coastal,36,,7.0,2370,1420,Car,1350,3,466.2,2,0,1,21.0,1,0
A01165,2024-11-29,North,38,,34.0,3940,0,Business,3250,24,174.42,4,1,1,25.0,1,0
A02907,2024-11-30,North,53,Salaried,37.0,3800,0,Education,6800,12,648.27,3,3,1,17.0,0,0
A00791,2024-12-01,Coastal,44,Salaried,63.0,2400,0,Car,3700,12,352.73,2,0,0,21.0,1,0
A00979,2024-12-01,Capital,23,Self-employed,35.0,3530,0,Business,6600,24,354.2,0,0,1,36.0,0,0
A02455,2024-12-01,South,27,Salaried,62.0,8590,0,Education,23450,12,2235.57,0,0,1,14.0,0,0
A00357,2024-12-01,Capital,44,,18.0,5090,19240,Home improvement,19050,3,6578.6,1,0,1,24.0,0,1
A01094,2024-12-01,West,28,Salaried,7.0,2420,0,Car,3850,12,367.03,0,0,1,19.0,1,0
A02496,2024-12-01,Capital,29,Self-employed,36.0,5150,470,Education,17850,12,1701.7,1,0,0,32.0,1,0
A02705,2024-12-02,North,38,Salaried,12.0,1810,2650,Education,2400,9,295.47,0,0,1,22.0,0,0
A02743,2024-12-02,North,58,Salaried,70.0,4020,3850,Education,3300,24,177.1,1,0,1,14.0,0,0
A00491,2024-12-03,Capital,34,Self-employed,11.0,1590,2640,Medical,5600,6,1000.53,1,0,0,31.0,0,1
A00683,2024-12-03,North,34,Salaried,23.0,2050,2010,Business,6650,24,356.88,3,0,1,22.0,0,0
A00245,2024-12-04,Highlands,44,Contract,28.0,3700,3130,Car,4050,24,217.35,4,0,1,36.0,0,0
A00577,2024-12-04,Coastal,53,Self-employed,22.0,2950,50,Home improvement,7600,12,724.53,0,0,0,23.0,1,0
A02051,2024-12-04,Central,27,Contract,38.0,5500,0,Personal,10300,9,1268.04,3,1,0,34.0,0,0
A02515,2024-12-04,Capital,30,,8.0,3680,0,Home improvement,3000,12,286.0,3,0,0,25.0,1,0
A01399,2024-12-04,Capital,60,Business owner,22.0,2640,0,Education,1100,6,196.53,1,0,1,30.0,1,0
A00413,2024-12-04,Capital,34,Salaried,9.0,4960,8280,Home improvement,4300,9,529.38,3,0,1,15.0,1,0
A00079,2024-12-05,East,55,Salaried,24.0,2370,660,Car,7300,12,695.93,0,0,1,13.0,0,0
A00159,2024-12-05,East,24,Salaried,19.0,3930,2270,Personal,11400,18,770.13,3,0,1,17.0,1,0
A02061,2024-12-05,Coastal,30,Salaried,10.0,3620,0,Education,10900,18,736.36,1,0,0,19.0,1,0
A01825,2024-12-05,West,27,Business owner,38.0,2800,9930,Car,6900,3,2382.8,2,2,0,24.0,1,1
A02188,2024-12-06,Capital,24,Business owner,55.0,5600,0,Home improvement,21350,6,3814.53,0,0,0,36.0,1,0
A01120,2024-12-06,East,57,Self-employed,59.0,4270,7160,Business,3850,24,206.62,0,0,0,35.0,0,0
A02510,2024-12-06,Central,25,Business owner,30.0,9240,0,Personal,35650,12,3398.63,0,0,1,27.0,0,0
A01251,2024-12-06,South,38,Self-employed,63.0,3120,0,Personal,6500,6,1161.33,4,1,0,31.0,1,0
A00869,2024-12-06,Capital,55,Salaried,17.0,2450,0,Car,6400,12,610.13,1,0,0,11.0,0,1
A02704,2024-12-07,Capital,21,Salaried,39.0,2820,1130,Personal,5450,12,519.57,1,0,1,19.0,0,0
A01916,2024-12-07,Central,39,Salaried,42.0,4760,0,Business,2850,6,509.2,3,0,0,17.0,1,0
A01354,2024-12-07,Highlands,62,Contract,13.0,2820,1180,Education,1550,6,276.93,2,0,0,34.0,0,0
A01526,2024-12-07,Central,21,Self-employed,47.0,2880,1460,Personal,3550,12,338.43,1,0,0,37.0,0,0
A01741,2024-12-08,East,42,Self-employed,13.0,5790,2630,Personal,10550,9,1298.82,1,0,1,29.0,1,0
A00670,2024-12-08,Capital,55,Business owner,105.0,4470,3730,Personal,17850,18,1205.87,2,0,1,33.0,1,0
A02420,2024-12-08,Coastal,36,Salaried,54.0,4380,2190,Business,4750,24,254.92,0,0,1,31.0,0,0
A01599,2024-12-08,East,45,Salaried,50.0,2960,0,Business,3900,9,480.13,0,0,1,11.0,0,0
A02804,2024-12-08,Capital,26,Salaried,72.0,4140,0,Home improvement,8100,6,1447.2,1,0,1,17.0,0,0
A00898,2024-12-08,Capital,60,Salaried,61.0,1830,0,Business,3250,6,580.67,0,0,1,,0,0
A00279,2024-12-09,East,56,Contract,11.0,5080,3620,Home improvement,9450,12,900.9,2,1,1,18.0,1,0
A02740,2024-12-09,Coastal,44,Salaried,79.0,4450,450,Education,16900,18,1141.69,2,0,1,16.0,1,0
A01601,2024-12-09,East,26,,39.0,7930,36030,Medical,27550,6,4922.27,1,0,0,27.0,1,0
A01813,2024-12-09,West,30,Self-employed,27.0,2520,0,Education,1900,6,339.47,4,0,1,33.0,1,0
A02327,2024-12-09,Capital,56,Self-employed,70.0,2880,1350,Business,7900,18,533.69,0,0,0,41.0,1,0
A01444,2024-12-10,West,42,Self-employed,69.0,3190,3450,Education,10700,6,1911.73,0,0,0,16.0,1,0
A02131,2024-12-10,Highlands,61,Salaried,45.0,3250,0,Home improvement,11300,6,2018.93,4,0,1,12.0,1,1
A01492,2024-12-10,East,56,Business owner,37.0,2730,0,Home improvement,10850,9,1335.76,1,1,1,26.0,0,0
A01232,2024-12-11,Capital,55,Salaried,49.0,5280,0,Business,15800,18,1067.38,1,0,1,8.0,1,0
A02451,2024-12-11,North,30,Self-employed,3.0,4810,3000,Home improvement,16350,12,1558.7,1,0,0,34.0,0,0
A01007,2024-12-11,West,60,Self-employed,80.0,3640,0,Home improvement,5100,9,627.87,3,0,0,28.0,0,0
A02889,2024-12-11,South,48,Salaried,46.0,3770,5460,Medical,12850,6,2295.87,1,1,0,14.0,1,0
A01084,2024-12-12,West,41,Business owner,9.0,2740,0,Business,9850,6,1759.87,1,0,0,32.0,0,0
A02216,2024-12-12,Central,55,Self-employed,13.0,3850,0,Business,12000,6,2144.0,1,0,0,37.0,0,0
A00935,2024-12-12,Central,43,Self-employed,17.0,1950,1370,Home improvement,4600,12,438.53,2,0,0,31.0,0,0
A02920,2024-12-12,Capital,43,Business owner,5.0,6010,4790,Business,23350,9,2874.64,1,0,1,33.0,1,0
A00270,2024-12-12,Highlands,28,Salaried,27.0,3000,1500,Education,7850,6,1402.53,3,0,1,20.0,1,0
A00994,2024-12-13,North,36,Salaried,21.0,3890,7840,Home improvement,13300,6,2376.27,1,0,1,19.0,0,1
A00720,2024-12-13,Capital,41,Self-employed,29.0,5180,4110,Car,8550,12,815.1,0,0,1,32.0,0,0
A02411,2024-12-13,Central,23,Contract,11.0,1800,0,Medical,2500,6,446.67,1,1,1,31.0,0,0
A02702,2024-12-13,Central,59,Self-employed,12.0,3170,0,Education,10400,6,1858.13,1,0,1,35.0,1,0
A01578,2024-12-13,East,29,Salaried,31.0,3750,2260,Car,5900,24,316.63,1,0,1,13.0,0,0
A02684,2024-12-13,North,52,Salaried,26.0,3540,8220,Business,3300,12,314.6,0,0,1,15.0,0,0
A00233,2024-12-14,Capital,44,Self-employed,39.0,3760,0,Car,12650,9,1557.36,0,0,0,18.0,0,0
A02598,2024-12-14,Highlands,53,Salaried,6.0,4840,0,Business,14050,9,1729.71,2,0,1,19.0,1,0
A01028,2024-12-14,South,22,Contract,61.0,3090,1330,Education,3150,24,169.05,1,1,1,30.0,1,0
A02130,2024-12-15,East,36,Salaried,74.0,3410,3010,Education,4550,18,307.38,1,0,1,28.0,1,0
A00721,2024-12-16,Capital,28,Salaried,58.0,3820,2350,Medical,12200,6,2179.73,0,0,1,16.0,1,0
A02870,2024-12-16,Highlands,50,Salaried,37.0,3300,0,Car,3250,3,1122.33,1,0,1,20.0,1,0
A00208,2024-12-17,Central,58,Salaried,15.0,1830,0,Car,4750,6,848.67,3,2,1,11.0,1,0
A02480,2024-12-17,North,50,Contract,45.0,3120,2470,Business,2800,6,500.27,1,0,1,34.0,1,0
A01206,2024-12-17,Capital,37,Salaried,41.0,4050,4460,Car,2100,12,200.2,1,0,1,18.0,0,0
A00775,2024-12-18,North,24,Self-employed,63.0,1330,1790,Car,1150,12,109.63,0,0,1,34.0,0,0
A00762,2024-12-18,Capital,44,Salaried,9.0,5490,0,Education,4350,18,293.87,2,0,1,16.0,0,0
A01600,2024-12-19,North,31,Business owner,17.0,3800,6430,Business,7050,12,672.1,2,0,0,25.0,0,0
A00570,2024-12-19,Capital,31,Business owner,99.0,7020,0,Home improvement,25450,12,2426.23,3,1,0,27.0,1,0
A00514,2024-12-19,Capital,24,Self-employed,25.0,5020,1790,Personal,16100,12,1534.87,1,0,0,34.0,0,0
A00043,2024-12-19,North,60,Salaried,51.0,2390,0,Personal,2600,9,320.09,2,1,1,23.0,0,0
A01504,2024-12-20,East,52,Self-employed,45.0,2770,1980,Business,9150,6,1634.8,1,0,0,34.0,1,0
A02278,2024-12-20,East,38,Salaried,48.0,5160,220,Business,5800,24,311.27,4,1,1,15.0,0,0
A01161,2024-12-21,West,60,Self-employed,42.0,6160,6840,Education,14000,6,2501.33,0,0,0,29.0,1,0
A01893,2024-12-21,Capital,43,Self-employed,48.0,3040,4360,Business,10450,12,996.23,2,1,0,29.0,0,0
A02592,2024-12-21,Capital,22,Self-employed,36.0,5320,0,Car,18000,6,3216.0,1,0,0,40.0,1,1
A02114,2024-12-21,West,41,Self-employed,36.0,3820,1750,Car,14350,18,969.42,0,0,0,23.0,1,0
A00099,2024-12-22,Capital,60,Business owner,75.0,2250,640,Personal,6600,9,812.53,0,0,1,32.0,0,0
A00876,2024-12-22,Capital,22,Self-employed,72.0,4210,5410,Personal,15050,24,807.68,3,1,1,34.0,0,0
A01506,2024-12-22,East,48,Salaried,43.0,1460,0,Home improvement,2800,3,966.93,1,0,1,17.0,0,0
A00980,2024-12-23,North,31,Salaried,36.0,4150,1600,Car,16050,12,1530.1,5,0,0,24.0,0,0
A00595,2024-12-23,Central,53,Self-employed,12.0,3530,0,Personal,2150,3,742.47,2,0,0,27.0,0,0
A00964,2024-12-23,North,50,Salaried,19.0,5920,6390,Education,20700,18,1398.4,0,0,0,8.0,1,0
A02073,2024-12-24,Capital,24,Salaried,26.0,1690,230,Education,5950,18,401.96,3,0,1,17.0,1,1
A01482,2024-12-24,North,41,Salaried,22.0,7270,0,Education,24900,3,8598.8,0,0,0,10.0,1,0
A02735,2024-12-24,Highlands,31,Self-employed,17.0,4210,0,Car,4800,12,457.6,3,0,1,27.0,0,0
A00431,2024-12-24,Capital,44,Self-employed,37.0,11690,0,Business,41200,6,7361.07,1,0,0,35.0,0,0
A01507,2024-12-24,Central,63,Business owner,22.0,3880,0,Personal,14300,18,966.04,0,0,0,42.0,0,0
A02996,2024-12-25,Highlands,45,Salaried,12.0,4870,1770,Business,9900,12,943.8,0,0,1,12.0,0,0
A00194,2024-12-25,Highlands,43,,24.0,2210,8430,Home improvement,2950,12,281.23,2,0,1,18.0,0,0
A00977,2024-12-25,Capital,41,Self-employed,65.0,2990,0,Home improvement,9550,3,3297.93,3,0,1,27.0,0,0
A00599,2024-12-26,South,32,Salaried,7.0,6980,0,Car,12000,24,644.0,0,0,1,20.0,0,0
A00524,2024-12-26,North,21,Self-employed,50.0,6760,5920,Car,9000,12,858.0,2,0,0,21.0,1,0
A01443,2024-12-26,West,56,Salaried,33.0,3240,0,Car,9950,6,1777.73,2,2,1,17.0,1,1
A02458,2024-12-26,South,56,Self-employed,53.0,2410,0,Business,5300,24,284.43,1,0,0,32.0,1,0
A02336,2024-12-26,South,38,Salaried,17.0,4240,3190,Home improvement,8750,18,591.11,0,0,0,21.0,1,0
A02936,2024-12-26,Central,60,Salaried,69.0,4800,1460,Home improvement,18750,12,1787.5,2,0,0,19.0,0,0
A01978,2024-12-27,Capital,46,Self-employed,36.0,4610,570,Education,5350,18,361.42,1,0,0,33.0,0,0
A00921,2024-12-27,South,32,Contract,41.0,7800,0,Medical,12850,6,2295.87,0,0,1,23.0,0,0
A01792,2024-12-27,South,55,Salaried,37.0,3000,7120,Business,6300,24,338.1,2,1,1,22.0,0,0
A02354,2024-12-27,South,22,Salaried,20.0,1840,560,Personal,6450,6,1152.4,2,0,0,23.0,1,0
A02005,2024-12-27,East,26,Salaried,25.0,5020,2620,Business,12300,18,830.93,2,0,1,14.0,1,0
A00952,2024-12-27,Highlands,25,Self-employed,79.0,3680,2430,Business,6550,6,1170.27,2,0,0,32.0,0,0
A02298,2024-12-27,Central,41,Salaried,20.0,3300,3750,Business,3200,18,216.18,2,1,1,13.0,0,1
A01445,2024-12-28,Coastal,47,Contract,24.0,4360,0,Home improvement,5400,6,964.8,2,0,0,21.0,1,0
A02318,2024-12-28,Central,33,Self-employed,48.0,4180,1760,Home improvement,10150,18,685.69,0,0,0,29.0,0,0
A01847,2024-12-29,Central,23,Self-employed,16.0,3480,0,Car,4800,12,457.6,1,0,1,38.0,0,0
A00970,2024-12-29,Capital,26,Salaried,101.0,8380,0,Business,12350,6,2206.53,2,0,1,13.0,0,0
A00395,2024-12-30,West,44,Salaried,23.0,2570,0,Business,6100,9,750.98,2,0,0,13.0,1,0
A02026,2024-12-30,West,61,Business owner,20.0,6010,0,Personal,3700,18,249.96,2,0,0,34.0,1,1
A00375,2024-12-30,Coastal,27,Self-employed,86.0,2800,0,Education,1550,6,276.93,2,1,0,30.0,0,0
A01780,2024-12-31,Central,38,Contract,13.0,5030,0,Business,2750,18,185.78,3,0,0,30.0,0,0
A02555,2024-12-31,Coastal,39,Business owner,23.0,4040,4110,Home improvement,8800,12,838.93,1,1,0,36.0,0,0
A01223,2025-01-01,South,42,Salaried,28.0,2490,0,Education,9450,6,1688.4,2,0,1,16.0,0,0
A00629,2025-01-01,Central,49,Contract,27.0,3720,0,Car,2500,12,238.33,2,0,1,27.0,0,0
A01714,2025-01-02,Capital,30,Salaried,14.0,1980,0,Business,1950,24,104.65,1,0,0,18.0,0,0
A00035,2025-01-02,North,34,Contract,32.0,3380,0,Personal,6100,18,412.09,3,0,0,42.0,0,0
A02224,2025-01-02,North,61,Self-employed,25.0,5300,0,Education,9350,24,501.78,3,2,1,34.0,1,0
A00359,2025-01-03,West,26,Salaried,45.0,4530,0,Car,14650,18,989.69,3,1,0,19.0,0,0
A02112,2025-01-03,South,56,Self-employed,39.0,8010,13830,Education,7950,6,1420.4,1,0,0,27.0,1,0
A02718,2025-01-03,North,38,,,5520,4940,Education,11400,24,611.8,2,1,0,43.0,0,0
A00899,2025-01-04,East,35,Salaried,41.0,1430,270,Personal,3100,24,166.37,0,0,1,17.0,0,0
A02593,2025-01-04,Central,44,Self-employed,3.0,2420,3340,Business,1250,6,223.33,2,0,0,28.0,0,0
A01468,2025-01-04,Capital,27,Self-employed,20.0,2920,0,Medical,10800,24,579.6,1,0,0,24.0,0,0
A02493,2025-01-04,East,52,Business owner,30.0,3680,0,Education,9050,24,485.68,2,0,0,26.0,0,0
A02924,2025-01-04,West,26,Salaried,107.0,4670,2060,Business,14150,6,2528.13,2,0,1,18.0,0,0
A00666,2025-01-04,South,39,Salaried,76.0,1970,2240,Business,2900,6,518.13,3,1,1,22.0,0,0
A02045,2025-01-05,East,32,Salaried,43.0,5060,0,Personal,16950,12,1615.9,0,0,1,,0,0
A02806,2025-01-05,Capital,52,Business owner,14.0,5620,0,Car,12650,6,2260.13,3,0,0,34.0,1,0
A00877,2025-01-06,Coastal,36,Self-employed,12.0,2680,6340,Home improvement,2800,18,189.16,2,1,0,25.0,0,0
A02563,2025-01-06,East,27,Self-employed,37.0,2650,0,Business,6750,12,643.5,1,0,1,35.0,1,0
A00387,2025-01-06,East,22,Salaried,48.0,2580,470,Business,1850,6,330.53,2,1,1,18.0,1,0
A01997,2025-01-06,Capital,51,Self-employed,19.0,4890,0,Business,15600,12,1487.2,4,0,0,30.0,0,0
A01857,2025-01-06,North,63,Self-employed,36.0,3120,0,Business,8650,12,824.63,1,0,1,35.0,1,0
A01476,2025-01-06,East,57,Self-employed,88.0,6840,10360,Business,12600,6,2251.2,0,0,0,,0,0
A01995,2025-01-07,Capital,42,Salaried,20.0,4100,0,Personal,12300,12,1172.6,2,0,1,30.0,1,0
A01176,2025-01-07,South,63,Contract,17.0,5080,0,Personal,18150,6,3242.8,1,0,1,23.0,0,0
A01137,2025-01-07,Capital,63,Contract,42.0,6940,0,Education,19850,24,1065.28,1,0,0,25.0,1,0
A02011,2025-01-08,North,54,Salaried,50.0,3400,0,Education,10850,3,3746.87,0,0,1,14.0,0,0
A00546,2025-01-08,Coastal,57,Salaried,28.0,4790,2240,Personal,7950,12,757.9,2,0,0,15.0,0,0
A02841,2025-01-08,Capital,33,Salaried,28.0,4010,7860,Personal,3200,24,171.73,0,0,1,11.0,0,1
A00299,2025-01-08,East,50,Self-employed,9.0,3700,0,Home improvement,14700,12,1401.4,1,0,0,39.0,1,0
A00578,2025-01-08,East,22,Self-employed,1.0,7570,840,Business,16700,9,2055.96,2,0,0,40.0,0,0
A02380,2025-01-09,North,30,Salaried,69.0,5210,0,Education,13800,3,4765.6,0,0,1,15.0,1,0
A01427,2025-01-09,Coastal,23,Contract,40.0,2030,0,Personal,3900,12,371.8,3,0,0,32.0,1,0
A00503,2025-01-09,Capital,32,Salaried,39.0,2640,2080,Car,2050,18,138.49,1,0,0,15.0,0,0
A01309,2025-01-09,Capital,55,Contract,21.0,2010,0,Education,6650,12,633.97,0,0,0,31.0,1,0
A00040,2025-01-10,East,43,Salaried,,1430,2260,Business,2200,6,393.07,2,0,0,15.0,0,0
A01432,2025-01-10,Capital,63,Salaried,28.0,5790,0,Business,5850,12,557.7,1,0,1,20.0,0,0
A01892,2025-01-10,Coastal,23,Salaried,6.0,3010,3290,Education,6900,6,1232.8,0,0,1,20.0,0,0
A00408,2025-01-11,Highlands,61,Salaried,35.0,4530,3830,Business,17900,18,1209.24,0,0,0,21.0,0,0
A00984,2025-01-11,Central,29,Self-employed,41.0,10510,0,Business,14550,12,1387.1,1,0,1,30.0,0,0
A00542,2025-01-11,East,31,Self-employed,16.0,2840,6190,Personal,4400,6,786.13,2,1,1,23.0,1,0
A00729,2025-01-11,North,22,Salaried,17.0,6790,6260,Home improvement,19300,12,1839.93,1,0,1,20.0,1,0
A00066,2025-01-11,West,30,Salaried,13.0,5590,1540,Home improvement,14350,6,2563.87,2,0,1,16.0,1,0
A01738,2025-01-12,Highlands,57,Salaried,29.0,4150,15850,Medical,15450,9,1902.07,1,0,1,17.0,0,0
A02430,2025-01-12,North,49,Salaried,38.0,3410,0,Business,12300,6,2197.6,3,1,1,13.0,0,1
A02644,2025-01-12,North,52,Self-employed,77.0,6410,0,Business,23300,6,4162.93,2,0,0,36.0,0,0
A01018,2025-01-13,West,45,Salaried,73.0,2910,440,Education,11550,3,3988.6,1,0,1,15.0,0,1
A01144,2025-01-13,North,34,Contract,7.0,2740,1020,Education,9350,12,891.37,2,1,1,36.0,0,0
A01074,2025-01-13,West,54,Salaried,11.0,3660,15490,Business,12950,6,2313.73,0,0,1,9.0,0,0
A00198,2025-01-13,West,44,Salaried,15.0,3920,3830,Business,4050,3,1398.6,0,0,1,18.0,0,0
A02736,2025-01-13,Central,24,Salaried,25.0,2910,0,Business,2050,3,707.93,0,0,1,23.0,1,0
A01919,2025-01-13,Coastal,61,Salaried,,4830,0,Personal,14750,24,791.58,1,0,1,20.0,0,0
A02055,2025-01-13,East,47,Self-employed,128.0,1970,0,Business,1100,12,104.87,3,1,0,,1,0
A01911,2025-01-13,Capital,53,Contract,67.0,2760,0,Business,2150,6,384.13,2,1,0,38.0,0,0
A02588,2025-01-14,West,60,Contract,41.0,4580,0,Medical,3900,6,696.8,3,0,0,34.0,1,0
A01628,2025-01-14,Capital,51,Contract,19.0,3420,7050,Education,10150,12,967.63,1,0,1,39.0,0,0
A02473,2025-01-14,West,60,Self-employed,16.0,5080,0,Business,4350,24,233.45,0,0,0,25.0,0,0
A00305,2025-01-14,Highlands,23,Self-employed,39.0,7540,0,Business,13800,3,4765.6,2,1,1,27.0,0,1
A01862,2025-01-14,Capital,41,Business owner,2.0,2930,3320,Business,3100,6,553.87,2,1,1,25.0,1,0
A01886,2025-01-14,North,36,Self-employed,22.0,4530,6010,Home improvement,10250,12,977.17,1,0,0,38.0,0,0
A00312,2025-01-15,Capital,40,Salaried,39.0,1450,780,Business,600,6,107.2,1,0,1,17.0,0,0
A02021,2025-01-16,South,41,Salaried,,2740,0,Home improvement,9750,24,523.25,1,0,1,19.0,1,0
A02211,2025-01-16,Capital,38,Self-employed,39.0,4000,2580,Education,12050,12,1148.77,1,0,1,29.0,1,0
A01424,2025-01-16,Capital,28,Salaried,40.0,1960,2770,Business,1350,18,91.2,6,1,1,20.0,0,0
A00936,2025-01-17,North,41,Business owner,18.0,2890,0,Medical,10600,9,1304.98,2,2,0,28.0,1,1
A01624,2025-01-17,Central,44,Salaried,27.0,1680,0,Business,6100,6,1089.87,1,1,1,18.0,0,0
A00261,2025-01-17,Coastal,45,Self-employed,36.0,2920,0,Business,1600,9,196.98,1,1,1,37.0,0,0
A02855,2025-01-17,Capital,62,Self-employed,82.0,2890,0,Medical,6550,6,1170.27,1,0,0,25.0,0,0
A01123,2025-01-17,South,45,Salaried,73.0,4210,0,Education,7000,6,1250.67,0,0,1,22.0,0,0
A01017,2025-01-17,North,25,Self-employed,2.0,6200,5950,Car,12950,6,2313.73,2,0,1,32.0,0,0
A02122,2025-01-18,Capital,57,Salaried,55.0,5870,590,Home improvement,22900,18,1547.02,1,1,1,16.0,1,0
A02212,2025-01-18,East,61,Salaried,37.0,3260,0,Medical,7600,12,724.53,4,1,1,19.0,0,0
A02827,2025-01-18,North,51,Business owner,9.0,1640,3580,Business,4350,6,777.2,2,0,1,20.0,0,0
A02724,2025-01-18,Capital,34,Contract,60.0,3880,0,Education,10550,12,1005.77,2,0,0,29.0,0,0
A02274,2025-01-18,Capital,21,Salaried,23.0,10030,5050,Car,23500,12,2240.33,1,0,1,12.0,1,0
A00350,2025-01-19,South,52,Salaried,44.0,3750,4740,Business,6100,6,1089.87,2,0,0,26.0,0,0
A01549,2025-01-19,Capital,39,Salaried,46.0,2030,1260,Medical,850,6,151.87,2,0,1,21.0,0,0
A02638,2025-01-20,Capital,43,Self-employed,74.0,2500,0,Business,5850,18,395.2,0,0,1,33.0,1,0
A02768,2025-01-20,North,50,Salaried,19.0,3220,0,Education,8150,18,550.58,1,0,1,19.0,0,0
A00502,2025-01-20,Coastal,63,Self-employed,29.0,4750,2060,Personal,8350,18,564.09,0,0,0,31.0,1,1
A01546,2025-01-20,North,23,Salaried,20.0,9650,0,Education,20100,3,6941.2,2,0,1,18.0,1,0
A00164,2025-01-21,West,48,Salaried,76.0,3890,0,Business,14800,12,1410.93,0,0,1,23.0,0,0
A02887,2025-01-21,Capital,40,Salaried,64.0,4700,0,Education,14750,24,791.58,0,0,1,16.0,1,0
A00404,2025-01-21,West,48,Self-employed,46.0,2720,0,Education,7150,6,1277.47,1,0,0,32.0,0,0
A01854,2025-01-21,Capital,41,Business owner,17.0,3650,0,Business,1650,12,157.3,3,3,0,23.0,0,0
A00002,2025-01-22,Capital,63,Contract,69.0,1010,300,Education,950,18,64.18,1,0,0,31.0,0,0
A02831,2025-01-22,South,26,Self-employed,3.0,9490,6230,Business,24250,12,2311.83,2,1,0,24.0,0,0
A01336,2025-01-22,Coastal,28,Self-employed,67.0,3650,2370,Personal,13300,3,4592.93,4,1,0,41.0,0,1
A02534,2025-01-22,Coastal,51,Contract,61.0,5040,1980,Car,8650,3,2987.13,0,0,1,33.0,1,0
A02520,2025-01-22,Coastal,34,Self-employed,5.0,2440,1000,Medical,1500,12,143.0,5,1,0,33.0,0,0
A01308,2025-01-22,Highlands,27,Salaried,,2750,0,Car,1550,12,147.77,0,0,1,17.0,1,0
A02139,2025-01-22,Highlands,60,Self-employed,44.0,5550,0,Home improvement,11150,12,1062.97,3,1,0,31.0,0,0
A02836,2025-01-23,West,60,Self-employed,64.0,4800,0,Business,17700,18,1195.73,1,1,0,32.0,0,1
A00127,2025-01-23,East,36,Salaried,33.0,7650,2320,Car,10050,12,958.1,3,0,1,21.0,1,0
A00757,2025-01-23,Coastal,52,Business owner,47.0,4890,7910,Education,5150,6,920.13,0,0,0,26.0,1,0
A00438,2025-01-23,Capital,43,Salaried,14.0,3880,0,Business,1600,9,196.98,1,0,1,14.0,0,0
A02161,2025-01-23,Capital,46,Self-employed,20.0,4610,3000,Home improvement,15950,6,2849.73,0,0,0,38.0,1,1
A00796,2025-01-24,West,42,Salaried,46.0,2880,0,Business,11000,12,1048.67,2,1,0,18.0,1,0
A02780,2025-01-25,West,48,Salaried,78.0,3270,0,Personal,7800,9,960.27,1,0,1,12.0,0,0
A00138,2025-01-25,East,46,Contract,45.0,5460,0,Business,7550,12,719.77,1,0,1,34.0,0,0
A02675,2025-01-25,Capital,33,Business owner,19.0,5200,2450,Business,15650,12,1491.97,1,0,0,30.0,0,0
A01921,2025-01-25,Capital,51,Salaried,18.0,2090,930,Education,5000,9,615.56,1,0,1,19.0,0,0
A01766,2025-01-25,East,46,Contract,54.0,3910,5730,Business,8350,24,448.12,2,0,0,41.0,0,0
A00479,2025-01-26,Coastal,22,Self-employed,12.0,5730,0,Medical,2500,24,134.17,2,0,0,,0,0
A00839,2025-01-26,North,39,Business owner,9.0,3600,0,Business,12500,6,2233.33,0,0,1,31.0,1,0
A00101,2025-01-27,South,57,Self-employed,35.0,5180,0,Home improvement,14100,6,2519.2,5,1,0,36.0,1,0
A02958,2025-01-27,South,27,Salaried,38.0,3840,0,Home improvement,14600,24,783.53,1,0,1,,0,0
A00695,2025-01-27,Capital,53,Business owner,53.0,6460,7670,Personal,4150,12,395.63,0,0,0,24.0,1,0
A01702,2025-01-27,South,35,Self-employed,34.0,6130,0,Medical,15550,9,1914.38,3,0,0,22.0,1,0
A00185,2025-01-28,Coastal,54,Salaried,57.0,2060,0,Medical,1100,6,196.53,1,1,1,23.0,1,0
A01355,2025-01-28,Capital,30,Business owner,27.0,4820,5170,Medical,10500,6,1876.0,0,0,1,37.0,1,0
A02179,2025-01-28,West,38,Self-employed,5.0,4030,13170,Car,12400,12,1182.13,1,0,0,42.0,0,0
A01200,2025-01-29,Central,22,Salaried,23.0,2800,0,Education,7250,6,1295.33,1,0,1,18.0,1,0
A02904,2025-01-29,West,52,Contract,20.0,2220,1230,Medical,6650,24,356.88,2,0,1,26.0,1,0
A00338,2025-01-29,West,42,Salaried,79.0,2160,0,Medical,5550,12,529.1,2,1,1,22.0,0,1
A02405,2025-01-30,North,55,Salaried,129.0,4260,7280,Personal,9750,6,1742.0,2,2,1,13.0,0,1
A00696,2025-01-30,Coastal,39,Business owner,87.0,2590,6000,Business,1250,6,223.33,2,1,0,38.0,0,0
A00963,2025-01-30,Highlands,50,Self-employed,64.0,1770,490,Business,2600,6,464.53,0,0,0,30.0,0,0
A00834,2025-01-30,Central,59,Self-employed,20.0,4570,0,Personal,7850,3,2710.87,3,0,0,37.0,0,1
A01189,2025-01-31,Capital,22,Salaried,42.0,5850,0,Education,15150,12,1444.3,0,0,1,17.0,1,0
A02933,2025-01-31,Central,44,Contract,12.0,2080,470,Business,5950,6,1063.07,2,0,0,28.0,0,0
A00597,2025-01-31,Capital,61,Salaried,42.0,2820,2190,Education,5700,18,385.07,1,0,1,24.0,0,0
A00482,2025-02-01,Highlands,56,Self-employed,17.0,3070,0,Business,1900,24,101.97,0,0,0,25.0,0,0
A01967,2025-02-01,Capital,27,Salaried,,7410,0,Home improvement,3750,9,461.67,0,0,1,22.0,1,0
A02850,2025-02-01,Highlands,38,Self-employed,12.0,3290,750,Medical,4150,18,280.36,2,0,0,30.0,1,0
A00071,2025-02-01,Highlands,32,Business owner,68.0,1460,0,Personal,5400,6,964.8,2,1,0,31.0,0,0
A00642,2025-02-02,Capital,52,Salaried,22.0,6420,2170,Business,18400,12,1754.13,1,0,1,17.0,0,0
A00474,2025-02-02,West,63,Self-employed,24.0,2100,0,Education,2950,12,281.23,3,1,1,36.0,0,0
A00148,2025-02-02,Capital,49,Contract,45.0,1460,0,Business,4400,24,236.13,0,0,0,33.0,0,0
A01733,2025-02-02,Capital,49,Salaried,52.0,4060,0,Business,3500,18,236.44,1,0,1,16.0,0,0
A02968,2025-02-02,Capital,43,Salaried,34.0,4670,0,Education,9550,18,645.16,3,1,1,21.0,0,0
A00470,2025-02-02,Capital,36,Salaried,1.0,2830,7160,Home improvement,6050,18,408.71,1,0,1,14.0,1,0
A00727,2025-02-02,Coastal,27,Business owner,45.0,3850,7770,Business,2800,18,189.16,3,2,1,32.0,0,0
A00930,2025-02-02,West,32,Contract,44.0,5540,0,Business,10900,9,1341.91,2,1,0,32.0,0,0
A02808,2025-02-03,Capital,41,Business owner,,3860,0,Education,6550,24,351.52,2,0,0,31.0,0,0
A02943,2025-02-03,East,49,Self-employed,5.0,4490,3550,Education,7350,18,496.53,5,0,0,22.0,0,0
A01282,2025-02-03,West,44,Salaried,24.0,4940,1360,Car,3750,18,253.33,4,1,0,,0,1
A02461,2025-02-04,Coastal,37,Salaried,3.0,4750,12910,Business,15500,6,2769.33,0,0,1,16.0,1,1
A02696,2025-02-04,Coastal,28,Salaried,36.0,4550,1800,Business,9150,3,3159.8,0,0,1,12.0,0,0
A00070,2025-02-04,North,25,Business owner,,2180,970,Business,8300,6,1482.93,0,0,0,26.0,1,0
A01907,2025-02-04,West,56,Self-employed,18.0,3370,2150,Business,10100,24,542.03,2,0,0,36.0,0,0
A01198,2025-02-04,Coastal,45,Salaried,16.0,4300,10490,Home improvement,12150,9,1495.8,4,2,1,27.0,0,0
A00837,2025-02-04,Highlands,39,Self-employed,44.0,5180,3750,Medical,12850,9,1581.98,1,0,0,36.0,0,0
A01720,2025-02-05,Central,23,Business owner,18.0,1980,0,Medical,5250,12,500.5,4,2,1,38.0,0,0
A01129,2025-02-05,West,62,Salaried,41.0,4090,0,Education,10300,6,1840.27,1,1,1,16.0,0,0
A02479,2025-02-05,Highlands,56,Salaried,24.0,4440,4220,Business,5500,9,677.11,1,0,1,17.0,0,0
A02333,2025-02-05,Central,30,Salaried,14.0,2460,5580,Education,4100,6,732.53,2,2,1,20.0,0,0
A01598,2025-02-05,North,51,Salaried,29.0,4200,3430,Business,10100,24,542.03,1,0,1,15.0,0,0
A01405,2025-02-05,East,21,Salaried,35.0,1910,0,Education,1900,6,339.47,0,0,1,18.0,0,0
A00636,2025-02-06,West,30,Business owner,91.0,2410,0,Medical,3650,12,347.97,2,1,0,27.0,0,0
A00428,2025-02-06,South,62,Salaried,95.0,2480,0,Medical,7900,9,972.58,0,0,1,18.0,1,0
A01867,2025-02-06,South,38,Salaried,153.0,3230,1730,Business,7350,6,1313.2,0,0,1,17.0,0,0
A01981,2025-02-06,Central,28,Contract,54.0,3250,0,Business,1450,6,259.07,2,0,0,37.0,0,1
A00330,2025-02-06,Capital,50,Contract,30.0,14990,0,Medical,57150,3,19735.8,4,1,0,28.0,0,1
A01594,2025-02-06,North,25,Salaried,44.0,6870,0,Car,21600,18,1459.2,0,0,0,12.0,0,0
A00454,2025-02-06,Coastal,35,Contract,47.0,1480,0,Medical,3950,12,376.57,2,0,0,17.0,0,0
A00113,2025-02-07,Capital,59,Business owner,36.0,5090,0,Business,7550,12,719.77,0,0,0,33.0,0,0
A02726,2025-02-07,North,21,Contract,22.0,2410,0,Car,2600,6,464.53,5,1,0,25.0,0,0
A01808,2025-02-08,South,24,Self-employed,21.0,4250,4900,Business,14800,6,2644.27,4,1,0,30.0,0,0
A01285,2025-02-08,Capital,58,Business owner,9.0,3480,0,Personal,13100,12,1248.87,0,0,1,28.0,1,0
A01141,2025-02-09,Highlands,44,Contract,22.0,3280,700,Personal,11650,18,787.02,1,1,1,34.0,0,1
A01798,2025-02-09,Central,46,Business owner,46.0,8700,0,Education,32400,6,5788.8,1,0,0,32.0,0,0
A00888,2025-02-09,Capital,58,Contract,,1870,0,Car,5650,9,695.58,1,1,0,,0,1
A02150,2025-02-09,Central,31,Self-employed,30.0,2430,580,Car,4700,18,317.51,1,0,0,35.0,0,0
A00590,2025-02-09,Coastal,39,Self-employed,16.0,3870,0,Education,10800,9,1329.6,2,0,0,23.0,0,0
A01341,2025-02-10,Capital,56,Salaried,24.0,4490,0,Personal,13250,6,2367.33,1,1,1,25.0,1,0
A00828,2025-02-10,Capital,34,Contract,10.0,4420,0,Education,2500,12,238.33,2,1,1,32.0,1,0
A02835,2025-02-10,West,33,Business owner,,1440,2600,Education,4300,9,529.38,1,0,0,31.0,1,0
A02409,2025-02-10,South,37,Self-employed,77.0,2270,0,Home improvement,7900,18,533.69,2,1,1,20.0,0,0
A00211,2025-02-10,Capital,21,Contract,62.0,3390,0,Medical,4900,12,467.13,3,2,1,29.0,1,0
A00659,2025-02-10,South,62,Salaried,13.0,1910,0,Business,4000,12,381.33,0,0,1,27.0,1,0
A02195,2025-02-10,Capital,37,Contract,26.0,5400,7580,Car,11150,12,1062.97,2,0,0,25.0,0,1
A02044,2025-02-11,Capital,45,Salaried,51.0,3410,0,Business,6300,12,600.6,0,0,1,20.0,0,1
A00798,2025-02-11,West,54,Self-employed,66.0,1380,1160,Home improvement,3000,12,286.0,3,0,0,28.0,1,0
A01105,2025-02-12,North,30,Self-employed,21.0,1790,220,Business,4350,12,414.7,4,1,1,23.0,1,0
A02796,2025-02-12,Coastal,31,Business owner,15.0,3680,970,Car,13450,3,4644.73,2,0,0,21.0,1,1
A02711,2025-02-12,North,36,Salaried,7.0,3300,0,Business,11450,9,1409.62,0,0,1,17.0,1,0
A01680,2025-02-13,East,62,Salaried,28.0,2540,3650,Medical,3850,18,260.09,3,0,1,18.0,0,0
A02519,2025-02-13,East,36,Self-employed,53.0,8270,0,Business,13000,24,697.67,1,0,0,31.0,0,0
A01707,2025-02-13,East,26,Self-employed,1.0,3020,4840,Business,8850,12,843.7,2,0,0,35.0,1,0
A00463,2025-02-13,East,41,Self-employed,29.0,2530,2830,Education,1550,6,276.93,3,1,1,34.0,1,0
A00384,2025-02-13,North,35,Contract,99.0,3040,0,Personal,2800,18,189.16,1,0,0,30.0,0,0
A01315,2025-02-13,South,34,Contract,34.0,2960,3560,Business,9700,6,1733.07,2,0,0,25.0,0,0
A02869,2025-02-13,Coastal,39,Salaried,56.0,4020,13400,Car,13100,18,884.98,0,0,1,16.0,0,0
A00237,2025-02-14,South,23,Business owner,45.0,4790,1950,Education,16500,6,2948.0,2,0,1,33.0,0,0
A01756,2025-02-14,West,36,Salaried,9.0,4450,320,Home improvement,17250,9,2123.67,2,0,1,18.0,1,0
A00432,2025-02-14,Central,37,Self-employed,75.0,3650,2330,Education,11400,12,1086.8,0,0,1,24.0,0,0
A00243,2025-02-14,North,56,,16.0,3350,640,Home improvement,8400,12,800.8,0,0,1,18.0,1,0
A00892,2025-02-14,North,37,Contract,47.0,2390,0,Education,5950,9,732.51,1,0,0,23.0,0,0
A00710,2025-02-15,West,36,Salaried,62.0,4920,5430,Personal,18850,12,1797.03,2,1,0,22.0,1,0
A01906,2025-02-15,Capital,27,Business owner,47.0,2660,3030,Medical,4350,9,535.53,3,0,0,30.0,0,0
A02978,2025-02-15,North,22,,54.0,3950,7910,Education,10550,12,1005.77,0,0,1,31.0,1,0
A00370,2025-02-15,Capital,29,Salaried,37.0,6090,0,Medical,9200,12,877.07,0,0,1,16.0,0,0
A00083,2025-02-15,Coastal,29,Salaried,23.0,1980,0,Business,4150,3,1433.13,1,0,1,18.0,1,0
A02601,2025-02-15,South,54,Salaried,63.0,6180,8430,Home improvement,24200,6,4323.73,4,1,1,21.0,0,1
A00758,2025-02-15,Highlands,22,Salaried,16.0,3180,0,Personal,5800,9,714.04,1,0,1,17.0,1,0
A02371,2025-02-16,Central,57,Self-employed,83.0,5550,7510,Home improvement,11900,6,2126.13,0,0,1,28.0,1,0
A00323,2025-02-16,North,24,Contract,51.0,8620,3970,Car,17450,18,1178.84,1,0,0,34.0,1,0
A01006,2025-02-17,Capital,57,Salaried,13.0,6780,0,Car,23650,6,4225.47,1,0,1,17.0,1,0
A02287,2025-02-17,Highlands,46,Contract,27.0,3710,0,Car,10850,12,1034.37,2,0,0,34.0,0,0
A00004,2025-02-17,South,26,Contract,9.0,2040,0,Home improvement,3000,12,286.0,0,0,0,28.0,1,0
A00539,2025-02-18,South,39,Self-employed,36.0,4760,6850,Education,6100,9,750.98,0,0,0,33.0,1,0
A01791,2025-02-18,North,52,Salaried,16.0,3490,0,Business,9500,18,641.78,1,0,1,15.0,1,0
A00210,2025-02-18,Capital,52,Salaried,26.0,3380,7190,Car,10850,6,1938.53,4,3,1,19.0,0,1
A00024,2025-02-18,East,62,Salaried,40.0,8320,0,Medical,15650,24,839.88,2,1,0,23.0,0,0
A02837,2025-02-18,Capital,41,Salaried,15.0,4250,0,Education,5200,9,640.18,0,0,1,22.0,1,0
A00736,2025-02-18,Capital,46,Contract,42.0,3520,2890,Personal,7850,18,530.31,1,0,0,24.0,0,0
A02678,2025-02-18,Central,47,Contract,35.0,1770,1030,Education,3300,9,406.27,0,0,0,31.0,1,0
A00184,2025-02-19,Capital,28,Self-employed,26.0,3230,0,Personal,9650,6,1724.13,0,0,0,26.0,1,0
A00586,2025-02-19,East,39,Salaried,38.0,3510,0,Home improvement,10900,18,736.36,4,0,1,17.0,0,0
A00441,2025-02-19,South,53,Salaried,17.0,2880,1020,Car,9250,24,496.42,0,0,1,19.0,1,0
A02764,2025-02-19,South,59,Salaried,19.0,10860,13120,Business,32800,12,3126.93,1,0,1,13.0,1,0
A01843,2025-02-19,Capital,38,Self-employed,33.0,2150,0,Business,7750,3,2676.33,1,0,0,28.0,0,1
A01182,2025-02-20,Capital,42,Salaried,42.0,4850,6230,Home improvement,14550,6,2599.6,1,1,0,19.0,0,0
A02470,2025-02-20,Coastal,25,Self-employed,106.0,4450,0,Business,13800,18,932.27,0,0,0,24.0,0,0
A00853,2025-02-20,Capital,33,Salaried,89.0,4180,3160,Personal,14950,6,2671.07,0,0,1,24.0,0,0
A00297,2025-02-20,East,48,Contract,28.0,4640,2770,Business,8600,9,1058.76,2,1,0,32.0,0,0
A01889,2025-02-20,Capital,46,Business owner,53.0,2760,0,Education,5350,12,510.03,3,0,0,43.0,0,0
A00712,2025-02-21,Highlands,30,Business owner,,4940,5410,Education,12900,6,2304.8,2,0,0,30.0,0,0
A02666,2025-02-21,Capital,59,Salaried,34.0,1840,2750,Medical,1750,12,166.83,4,1,1,18.0,0,0
A00076,2025-02-22,Capital,28,Contract,50.0,2420,0,Home improvement,1450,12,138.23,0,0,0,34.0,0,0
A00292,2025-02-22,Capital,38,Business owner,,2330,0,Car,2750,24,147.58,0,0,0,31.0,0,0
A02140,2025-02-22,Central,57,Salaried,37.0,5630,3650,Home improvement,15250,12,1453.83,1,0,1,24.0,1,0
A02681,2025-02-22,Capital,63,Contract,41.0,3030,6590,Business,6600,24,354.2,1,1,0,37.0,0,0
A00377,2025-02-22,North,42,Self-employed,73.0,8010,0,Personal,27500,12,2621.67,2,2,0,27.0,0,1
A01404,2025-02-22,West,44,Contract,175.0,4540,650,Education,2700,12,257.4,2,1,0,34.0,1,0
A01970,2025-02-22,Coastal,40,Business owner,17.0,3780,1930,Business,5550,6,991.6,1,0,0,39.0,1,0
A01853,2025-02-23,Highlands,63,Business owner,17.0,3710,2280,Home improvement,6550,6,1170.27,1,0,1,31.0,0,0
A00487,2025-02-23,South,26,Business owner,,5000,0,Education,9050,12,862.77,3,1,1,29.0,0,0
A00073,2025-02-23,North,41,Salaried,70.0,2400,1060,Personal,7100,12,676.87,3,1,1,15.0,1,0
A01561,2025-02-23,West,45,Salaried,,2560,0,Car,4300,18,290.49,1,0,1,18.0,1,0
A02582,2025-02-23,West,51,Contract,75.0,2160,0,Personal,8150,12,776.97,1,0,0,24.0,1,0
A02037,2025-02-23,Central,37,Self-employed,55.0,1930,0,Car,1450,6,259.07,3,1,0,29.0,1,0
A00685,2025-02-23,West,51,Self-employed,10.0,4590,220,Business,10800,18,729.6,2,0,1,35.0,1,0
A00971,2025-02-24,North,51,Self-employed,,2370,0,Car,3350,9,412.42,2,0,0,26.0,1,0
A00453,2025-02-24,Capital,31,Salaried,17.0,5320,1250,Business,20000,12,1906.67,0,0,1,19.0,0,0
A01040,2025-02-24,Coastal,46,Business owner,76.0,3700,540,Personal,14600,9,1797.42,0,0,0,30.0,0,0
A02854,2025-02-24,Capital,44,Business owner,76.0,5190,10310,Education,8850,12,843.7,2,2,0,30.0,1,0
A01679,2025-02-25,Capital,23,Business owner,,4640,0,Business,4550,18,307.38,1,0,0,26.0,0,0
A01448,2025-02-25,East,30,Self-employed,33.0,4860,0,Car,13800,18,932.27,0,0,0,38.0,1,0
A00827,2025-02-25,North,47,Salaried,40.0,3980,1300,Business,15900,18,1074.13,1,0,1,21.0,1,0
A00140,2025-02-26,Capital,60,Salaried,66.0,6540,0,Car,14750,6,2635.33,1,0,0,10.0,1,0
A01570,2025-02-26,Coastal,61,Salaried,61.0,3830,0,Business,11850,12,1129.7,1,0,1,20.0,1,0
A01168,2025-02-27,Coastal,46,Self-employed,52.0,4870,0,Business,14500,18,979.56,2,1,0,28.0,1,0
A00457,2025-02-27,Coastal,44,Self-employed,16.0,2280,6070,Education,7400,18,499.91,2,1,0,,0,0
A02113,2025-02-27,South,36,Business owner,31.0,1550,240,Car,1600,12,152.53,1,1,0,33.0,1,0
A01530,2025-02-27,Capital,40,Contract,47.0,6610,8600,Business,12400,6,2215.47,1,0,0,20.0,1,0
A00660,2025-02-27,North,33,Self-employed,35.0,5330,0,Home improvement,9800,12,934.27,2,1,1,,0,0
A01340,2025-02-27,North,41,Salaried,34.0,2740,0,Business,1150,18,77.69,1,0,1,19.0,0,0
A00897,2025-02-27,East,61,Salaried,26.0,1640,440,Car,5200,12,495.73,4,0,1,19.0,1,0
A00199,2025-02-28,Capital,62,Salaried,27.0,4150,1490,Personal,16350,12,1558.7,0,0,1,22.0,0,0
A01903,2025-02-28,West,24,Business owner,37.0,2530,7000,Personal,1850,12,176.37,0,0,0,31.0,0,0
A01036,2025-02-28,South,50,Contract,24.0,2520,1230,Home improvement,1850,6,330.53,1,0,0,29.0,1,0
A02346,2025-02-28,South,33,Self-employed,33.0,2740,7430,Car,10550,6,1884.93,2,0,1,28.0,0,1
A02022,2025-02-28,North,53,Salaried,20.0,2570,0,Medical,5600,9,689.42,2,0,1,16.0,0,0
A00913,2025-02-28,Central,32,Self-employed,53.0,3250,0,Car,1600,18,108.09,2,0,0,35.0,0,0
A01540,2025-03-01,North,37,Self-employed,25.0,3000,0,Car,9850,9,1212.64,1,0,0,31.0,0,0
A00507,2025-03-01,Highlands,52,Salaried,13.0,5440,1740,Car,8000,18,540.44,1,0,1,15.0,0,0
A00752,2025-03-01,Capital,58,Salaried,51.0,1950,1140,Home improvement,5350,9,658.64,1,0,1,22.0,0,0
A02364,2025-03-01,East,42,,45.0,2780,0,Business,5250,6,938.0,1,0,0,22.0,1,0
A00991,2025-03-01,Capital,23,Business owner,109.0,5390,1240,Personal,6350,12,605.37,0,0,0,34.0,0,0
A02160,2025-03-01,South,41,Business owner,69.0,4830,830,Education,7900,12,753.13,4,0,0,,0,0
A02629,2025-03-01,Coastal,33,Salaried,,2610,2250,Personal,5150,9,634.02,2,1,1,18.0,1,0
A02475,2025-03-01,North,39,Salaried,16.0,5320,1900,Car,13750,18,928.89,0,0,1,19.0,1,0
A01463,2025-03-01,East,58,Salaried,20.0,3480,0,Education,1700,6,303.73,0,0,1,21.0,1,0
A01181,2025-03-02,West,24,Self-employed,48.0,3490,7780,Education,10550,6,1884.93,0,0,1,,0,0
A00931,2025-03-02,Capital,26,Salaried,11.0,3950,0,Business,14400,24,772.8,0,0,1,26.0,0,0
A00460,2025-03-02,North,32,Salaried,34.0,2610,3140,Home improvement,9700,6,1733.07,1,0,1,24.0,0,1
A02476,2025-03-02,South,22,Salaried,64.0,5180,3940,Home improvement,4150,6,741.47,0,0,0,18.0,0,0
A01812,2025-03-02,Capital,41,Salaried,,3450,1650,Business,9200,12,877.07,1,0,1,13.0,1,0
A02488,2025-03-03,West,57,Contract,10.0,1290,4180,Business,3200,9,393.96,0,0,0,36.0,0,0
A00414,2025-03-03,South,26,Business owner,54.0,5870,6090,Home improvement,4550,18,307.38,1,1,0,26.0,0,0
A00084,2025-03-03,East,38,Self-employed,15.0,7780,7630,Medical,25350,12,2416.7,4,0,1,26.0,0,0
A00703,2025-03-03,Capital,32,Salaried,,3640,4700,Education,14300,6,2554.93,3,0,1,15.0,0,0
A00690,2025-03-03,South,56,Self-employed,39.0,1880,730,Medical,3050,18,206.04,3,0,0,36.0,0,0
A01384,2025-03-03,Capital,21,Salaried,21.0,2800,6720,Business,5800,6,1036.27,3,0,1,11.0,0,0
A01943,2025-03-04,Central,25,,16.0,4270,480,Business,15200,18,1026.84,1,0,1,17.0,1,0
A01544,2025-03-04,Capital,42,Salaried,6.0,8020,0,Personal,5700,3,1968.4,1,0,1,15.0,1,0
A01652,2025-03-04,South,34,Salaried,71.0,2270,950,Education,3800,12,362.27,1,1,1,24.0,0,0
A00632,2025-03-04,East,31,Contract,69.0,4760,0,Medical,14350,6,2563.87,3,1,0,,1,0
A00759,2025-03-05,North,33,Salaried,33.0,1640,310,Education,5350,6,955.87,1,0,1,,0,0
A00891,2025-03-05,Capital,35,Business owner,82.0,3690,4510,Personal,11400,6,2036.8,0,0,0,23.0,0,0
A00608,2025-03-05,West,51,Salaried,20.0,2660,0,Medical,2900,6,518.13,0,0,1,,0,0
A00315,2025-03-05,South,22,Business owner,20.0,1610,3240,Business,2050,6,366.27,2,0,1,37.0,0,0
A01470,2025-03-06,East,29,Salaried,87.0,2650,1850,Home improvement,4700,24,252.23,2,0,1,10.0,0,0
A00349,2025-03-06,North,25,,19.0,5270,0,Business,3400,18,229.69,1,0,1,35.0,1,0
A02749,2025-03-06,North,41,Contract,41.0,2640,1870,Personal,1250,6,223.33,5,1,1,22.0,0,0
A01217,2025-03-06,Capital,46,Contract,12.0,3350,0,Medical,11000,24,590.33,1,1,1,22.0,1,0
A01412,2025-03-07,South,29,Business owner,28.0,5730,8110,Education,11400,18,770.13,2,0,1,20.0,0,0
A00044,2025-03-07,Capital,36,Salaried,19.0,2570,0,Education,3750,6,670.0,1,0,1,17.0,0,0
A02960,2025-03-07,Coastal,22,Salaried,43.0,3670,0,Business,9200,12,877.07,3,0,1,24.0,1,0
A01305,2025-03-08,West,50,Self-employed,40.0,4070,0,Business,9450,12,900.9,0,0,0,27.0,1,0
A00088,2025-03-08,North,44,Contract,23.0,6690,0,Medical,14600,24,783.53,2,0,0,,0,0
A00664,2025-03-08,Highlands,31,Business owner,,7540,0,Business,8900,18,601.24,3,0,1,36.0,0,0
A01503,2025-03-08,Capital,57,Business owner,6.0,4200,0,Education,15950,6,2849.73,0,0,0,22.0,0,1
A02169,2025-03-08,South,58,Business owner,60.0,2080,4110,Business,7450,12,710.23,3,1,0,29.0,1,0
A02953,2025-03-09,Highlands,25,Salaried,76.0,2480,2010,Business,3200,9,393.96,4,1,1,19.0,0,0
A01747,2025-03-09,West,23,Self-employed,3.0,3430,4060,Business,6250,9,769.44,0,0,0,38.0,1,0
A00268,2025-03-09,Capital,37,Salaried,24.0,4690,1750,Car,5250,12,500.5,3,2,1,19.0,0,0
A00287,2025-03-09,Capital,38,Salaried,34.0,3530,0,Education,4200,9,517.07,1,0,1,10.0,0,0
A02456,2025-03-09,Capital,55,Self-employed,,3050,7220,Business,11300,9,1391.16,1,1,0,30.0,1,1
A02900,2025-03-09,West,48,Business owner,14.0,6570,3310,Education,15300,12,1458.6,1,1,0,34.0,0,0
A02232,2025-03-09,Capital,55,Business owner,28.0,2550,3070,Education,8300,12,791.27,1,1,0,26.0,1,0
A01394,2025-03-10,West,29,Salaried,28.0,2520,0,Education,4550,12,433.77,2,0,1,14.0,0,0
A00075,2025-03-10,South,26,Salaried,84.0,3870,3850,Car,3950,12,376.57,1,0,1,13.0,0,0
A01045,2025-03-10,North,55,Business owner,25.0,3570,3430,Education,11850,12,1129.7,2,0,1,38.0,0,0
A02791,2025-03-10,Central,46,Business owner,51.0,5320,3600,Car,14950,6,2671.07,2,0,1,26.0,1,1
A00773,2025-03-10,North,60,Salaried,26.0,3070,0,Business,1650,18,111.47,3,0,1,13.0,0,0
A01830,2025-03-11,South,38,Self-employed,24.0,2720,0,Home improvement,3750,9,461.67,1,0,0,25.0,1,0
A02484,2025-03-11,Capital,47,Business owner,18.0,3330,0,Medical,6200,9,763.29,5,1,1,37.0,0,0
A02032,2025-03-11,Capital,54,Contract,31.0,2120,1520,Education,5800,3,2002.93,1,0,0,40.0,0,0
A00186,2025-03-12,Coastal,62,Salaried,42.0,3470,2440,Personal,13600,6,2429.87,2,1,1,13.0,0,1
A02490,2025-03-12,North,50,Business owner,73.0,2990,0,Education,7600,12,724.53,1,1,0,26.0,0,0
A00134,2025-03-12,Central,63,Salaried,25.0,4960,860,Personal,13200,12,1258.4,1,0,0,,0,0
A01834,2025-03-13,Coastal,22,Business owner,21.0,3970,4180,Home improvement,8700,12,829.4,1,0,0,34.0,0,0
A01374,2025-03-13,North,41,Business owner,29.0,2560,0,Home improvement,6350,12,605.37,2,1,0,26.0,1,1
A01737,2025-03-13,West,39,Salaried,59.0,4180,0,Business,9000,12,858.0,2,1,1,16.0,0,0
A00421,2025-03-13,South,60,Self-employed,81.0,5230,8410,Business,4800,6,857.6,1,0,1,36.0,0,0
A02117,2025-03-14,Capital,60,Salaried,49.0,5180,0,Personal,2250,12,214.5,0,0,1,17.0,0,0
A01241,2025-03-14,North,26,Salaried,24.0,3240,0,Personal,3450,12,328.9,0,0,1,15.0,1,0
A00383,2025-03-14,Capital,31,Salaried,22.0,2170,2380,Car,7750,9,954.11,0,0,0,13.0,1,0
A00361,2025-03-14,South,34,Self-employed,42.0,12560,0,Car,47950,6,8567.07,1,0,0,24.0,0,0
A00011,2025-03-14,East,36,Business owner,21.0,3280,0,Home improvement,11400,18,770.13,1,1,0,38.0,0,0
A00938,2025-03-14,Coastal,38,Salaried,54.0,2430,3880,Personal,7700,18,520.18,4,2,1,21.0,0,1
A02255,2025-03-14,West,23,Self-employed,2.0,2160,0,Business,6350,9,781.76,0,0,0,26.0,0,0
A01252,2025-03-14,Capital,56,Business owner,33.0,4020,9190,Education,6600,18,445.87,0,0,1,46.0,1,0
A01043,2025-03-15,South,26,Business owner,32.0,2900,0,Business,10050,6,1795.6,0,0,1,22.0,0,0
A00283,2025-03-15,Capital,44,Self-employed,,2400,0,Personal,2950,12,281.23,3,1,0,32.0,0,0
A01279,2025-03-15,West,54,Self-employed,60.0,3550,4270,Business,7550,12,719.77,2,0,0,23.0,1,0
A01261,2025-03-15,Coastal,28,,38.0,3110,0,Education,1500,6,268.0,1,0,0,30.0,1,0
A02522,2025-03-15,South,63,Contract,54.0,3370,1650,Home improvement,3650,9,449.36,3,1,0,24.0,0,0
A02300,2025-03-15,South,41,Salaried,51.0,1160,2840,Car,2400,12,228.8,4,0,1,23.0,0,0
A00830,2025-03-16,Capital,51,Business owner,53.0,2820,3010,Medical,9050,12,862.77,0,0,1,37.0,0,0
A02245,2025-03-16,North,29,Business owner,45.0,4380,0,Business,8450,18,570.84,3,0,0,21.0,1,0
A02665,2025-03-16,Capital,63,Salaried,23.0,930,0,Home improvement,2450,9,301.62,1,1,1,18.0,0,0
A00309,2025-03-17,Coastal,53,Salaried,27.0,3530,2150,Education,12500,3,4316.67,0,0,1,23.0,0,0
A01715,2025-03-17,Capital,25,Salaried,16.0,5150,2980,Education,12350,6,2206.53,2,1,1,15.0,0,0
A01099,2025-03-17,East,22,Salaried,,5490,0,Education,8150,12,776.97,3,1,1,,1,0
A00737,2025-03-18,North,32,Salaried,76.0,2720,8770,Education,4300,3,1484.93,0,0,1,18.0,0,0
A02186,2025-03-18,South,50,Contract,59.0,930,690,Home improvement,1650,18,111.47,2,0,0,27.0,0,0
A00545,2025-03-19,Coastal,57,Business owner,19.0,2940,260,Medical,7900,9,972.58,2,2,0,19.0,1,0
A00037,2025-03-19,West,29,Salaried,58.0,2620,0,Home improvement,6900,12,657.8,3,0,1,12.0,0,0
A02760,2025-03-20,Coastal,22,Self-employed,16.0,3650,3550,Education,7650,24,410.55,1,0,1,29.0,0,0
A02758,2025-03-20,Capital,60,Self-employed,33.0,2250,820,Medical,3400,6,607.47,1,1,0,36.0,0,0
A02551,2025-03-20,Capital,44,Salaried,,2580,0,Car,9350,9,1151.09,2,0,1,16.0,0,0
A00250,2025-03-20,South,33,Self-employed,76.0,3360,4010,Education,7400,9,911.02,0,0,0,30.0,0,0
A01456,2025-03-20,West,59,Self-employed,11.0,2480,1220,Car,7200,24,386.4,1,0,0,29.0,1,0
A02723,2025-03-21,South,62,Salaried,8.0,5030,6250,Education,11750,12,1120.17,0,0,1,19.0,0,0
A02024,2025-03-21,North,54,Contract,,2100,4350,Education,6050,9,744.82,0,0,0,33.0,1,1
A01796,2025-03-21,North,28,Salaried,50.0,2010,200,Car,1750,9,215.44,0,0,1,21.0,1,0
A01581,2025-03-21,Central,47,Self-employed,30.0,6180,2900,Education,14650,3,5059.13,3,0,1,27.0,1,0
A02737,2025-03-22,Central,44,Self-employed,59.0,1460,0,Education,2200,12,209.73,0,0,0,39.0,0,0
A00532,2025-03-22,Coastal,34,Salaried,99.0,8870,7640,Business,34500,18,2330.67,0,0,1,25.0,0,0
A02177,2025-03-23,Capital,59,Self-employed,44.0,5660,0,Education,14400,12,1372.8,1,0,0,23.0,0,0
A01510,2025-03-23,Highlands,53,Self-employed,33.0,2070,680,Medical,2150,18,145.24,0,0,0,33.0,0,0
A00782,2025-03-23,South,46,Salaried,17.0,9050,2420,Business,29150,12,2778.97,0,0,1,23.0,1,1
A01488,2025-03-23,West,52,Business owner,26.0,3560,0,Personal,5400,18,364.8,1,0,0,22.0,1,0
A00389,2025-03-24,Capital,47,Self-employed,22.0,2950,0,Business,6900,3,2382.8,0,0,1,32.0,0,0
A02892,2025-03-24,Coastal,49,Salaried,132.0,3770,5900,Education,9700,6,1733.07,0,0,1,19.0,0,0
A01420,2025-03-24,West,25,Self-employed,52.0,5670,0,Business,5800,6,1036.27,0,0,0,30.0,1,0
A02194,2025-03-24,South,22,Contract,123.0,3190,0,Car,2800,12,266.93,3,0,0,37.0,0,0
A00490,2025-03-24,West,39,Self-employed,30.0,5000,0,Business,2350,6,419.87,3,1,1,30.0,0,0
A01014,2025-03-24,South,34,Salaried,21.0,2900,2910,Education,7900,9,972.58,0,0,1,16.0,0,0
A00862,2025-03-25,Coastal,33,Contract,,1830,0,Personal,3900,6,696.8,1,0,0,28.0,1,1
A01568,2025-03-25,North,49,Self-employed,5.0,3150,0,Personal,2950,24,158.32,2,0,0,27.0,0,0
A00753,2025-03-25,East,48,Salaried,56.0,5500,11290,Car,5700,18,385.07,0,0,1,26.0,1,0
A00589,2025-03-25,Capital,63,Business owner,28.0,1780,860,Car,6750,18,456.0,2,0,1,23.0,0,0
A01371,2025-03-25,South,40,Contract,75.0,3680,0,Home improvement,13500,6,2412.0,0,0,1,38.0,0,0
A01799,2025-03-26,Capital,57,Self-employed,9.0,4510,0,Education,17650,9,2172.91,1,0,0,35.0,1,0
A01838,2025-03-26,Capital,23,Salaried,11.0,3830,0,Education,8100,3,2797.2,2,0,1,25.0,1,0
A01180,2025-03-26,West,51,Salaried,11.0,2560,2120,Car,6950,6,1241.73,2,0,1,21.0,0,0
A00090,2025-03-26,Coastal,39,Salaried,57.0,3110,330,Business,8100,12,772.2,0,0,1,14.0,1,0
A01210,2025-03-26,Capital,22,Self-employed,38.0,1170,1430,Business,2900,3,1001.47,2,0,0,33.0,1,0
A01895,2025-03-26,West,45,Salaried,91.0,4060,0,Business,15050,6,2688.93,0,0,1,22.0,1,0
A01441,2025-03-26,Highlands,29,Business owner,36.0,1890,0,Business,6500,9,800.22,1,0,0,29.0,1,0
A00937,2025-03-27,West,48,Contract,37.0,4950,3740,Home improvement,15400,6,2751.47,0,0,0,34.0,1,0
A00579,2025-03-27,West,21,Salaried,14.0,3670,3060,Business,8350,18,564.09,1,0,1,22.0,1,0
A02683,2025-03-27,Capital,42,Self-employed,31.0,5220,8140,Business,16900,18,1141.69,0,0,0,32.0,1,0
A00563,2025-03-27,East,32,Self-employed,18.0,2670,780,Business,2350,6,419.87,3,1,1,38.0,1,0
A00934,2025-03-27,North,24,Business owner,55.0,6790,16040,Education,26450,18,1786.84,1,0,1,30.0,0,0
A01367,2025-03-28,South,60,Business owner,13.0,3860,0,Business,14350,12,1368.03,2,0,0,35.0,1,0
A00466,2025-03-28,North,28,Self-employed,56.0,1770,190,Car,4250,18,287.11,2,0,0,28.0,1,0
A01556,2025-03-28,North,48,Salaried,36.0,5050,3840,Business,9750,9,1200.33,5,1,1,16.0,1,0
A02623,2025-03-29,North,56,Salaried,46.0,4330,0,Medical,8450,18,570.84,2,0,1,19.0,1,0
A00171,2025-03-29,Capital,39,Salaried,46.0,1900,2250,Business,5800,12,552.93,0,0,1,18.0,1,0
A00226,2025-03-29,North,41,Contract,29.0,3040,2650,Business,1600,6,285.87,1,1,1,33.0,0,0
A01655,2025-03-29,Central,33,Salaried,30.0,4370,0,Home improvement,3000,9,369.33,1,0,1,12.0,1,0
A00763,2025-03-29,Capital,40,Self-employed,74.0,3850,1210,Education,5800,9,714.04,0,0,0,32.0,1,0
A01220,2025-03-29,South,49,Self-employed,39.0,900,0,Business,600,18,40.53,1,0,1,26.0,1,0
A02803,2025-03-29,Coastal,46,Salaried,16.0,1960,70,Business,2000,12,190.67,1,0,1,15.0,1,0
A02984,2025-03-30,Highlands,57,Salaried,27.0,2700,0,Business,1400,3,483.47,1,1,1,15.0,0,0
A00342,2025-03-30,Capital,39,Salaried,,1800,0,Personal,5650,12,538.63,3,1,0,9.0,1,0
A02439,2025-03-30,Capital,63,Salaried,25.0,4960,0,Car,6950,18,469.51,0,0,1,19.0,0,0
A02099,2025-03-30,Capital,43,Salaried,77.0,3340,0,Home improvement,1700,24,91.23,0,0,1,21.0,1,0
A02661,2025-03-30,East,62,Self-employed,31.0,3890,0,Business,13750,12,1310.83,1,0,1,19.0,1,0
A01026,2025-03-31,East,49,Self-employed,23.0,1800,990,Business,3950,6,705.73,3,0,0,27.0,0,0
A00120,2025-03-31,Central,53,Business owner,33.0,2490,0,Education,8550,12,815.1,1,0,0,31.0,0,0
A00675,2025-03-31,Capital,44,Self-employed,32.0,1410,1680,Home improvement,5350,6,955.87,1,1,0,31.0,1,1
A02690,2025-04-01,South,31,Contract,1.0,4680,0,Personal,3350,24,179.78,2,0,0,33.0,1,0
A00132,2025-04-01,Capital,36,Business owner,69.0,2290,2810,Business,7700,12,734.07,1,0,0,35.0,0,0
A00942,2025-04-01,Coastal,59,Salaried,79.0,5690,0,Medical,6800,6,1214.93,1,0,1,22.0,0,0
A01508,2025-04-02,South,40,Salaried,45.0,3990,0,Business,14450,24,775.48,0,0,1,18.0,0,0
A00057,2025-04-02,East,21,Self-employed,15.0,4550,8320,Personal,16050,6,2867.6,1,0,1,36.0,0,0
A01133,2025-04-02,Capital,35,Business owner,20.0,5350,0,Home improvement,21150,6,3778.8,4,1,1,30.0,0,0
A00849,2025-04-02,Capital,46,Salaried,64.0,3620,0,Education,13500,6,2412.0,3,1,0,17.0,1,0
A00787,2025-04-03,Capital,51,Self-employed,60.0,1860,1110,Business,2700,6,482.4,3,1,0,25.0,0,1
A00416,2025-04-03,Capital,40,Salaried,25.0,3530,1830,Education,6000,6,1072.0,3,0,0,21.0,1,0
A02733,2025-04-03,North,63,Business owner,36.0,6520,2080,Business,15450,12,1472.9,0,0,1,20.0,0,0
A01055,2025-04-03,Capital,44,Self-employed,13.0,1830,1120,Business,1200,12,114.4,0,0,1,31.0,0,0
A00711,2025-04-03,East,38,Self-employed,41.0,3190,0,Education,4050,9,498.6,1,1,1,26.0,1,0
A02624,2025-04-03,West,52,,17.0,2160,0,Medical,3000,12,286.0,1,0,0,19.0,0,0
A02864,2025-04-04,East,30,Self-employed,13.0,3740,0,Education,11700,9,1440.4,1,0,0,23.0,0,1
A02190,2025-04-04,Capital,53,Salaried,56.0,1690,0,Home improvement,2850,9,350.87,0,0,1,11.0,1,0
A02223,2025-04-04,Capital,63,Salaried,36.0,5400,7780,Car,6600,6,1179.2,2,0,1,12.0,0,0
A00373,2025-04-04,South,38,Self-employed,58.0,3370,0,Education,7050,9,867.93,1,1,0,32.0,1,0
A01712,2025-04-05,Capital,40,Salaried,64.0,3240,0,Personal,11250,24,603.75,3,1,1,25.0,0,0
A01093,2025-04-05,Central,61,Self-employed,31.0,5700,0,Home improvement,13000,18,878.22,1,0,0,36.0,0,0
A01904,2025-04-05,North,52,Contract,35.0,3840,0,Car,8750,6,1563.33,0,0,1,31.0,1,0
A02918,2025-04-05,Highlands,46,Salaried,50.0,3450,0,Home improvement,12100,18,817.42,4,1,1,21.0,0,0
A01472,2025-04-05,Coastal,48,Self-employed,51.0,4980,2060,Business,17650,6,3153.47,4,0,0,32.0,0,1
A02356,2025-04-05,Capital,29,Salaried,47.0,3480,6710,Business,11600,18,783.64,2,1,0,15.0,1,0
A00354,2025-04-06,North,40,Salaried,28.0,4490,3750,Business,13750,18,928.89,0,0,1,14.0,0,0
A00213,2025-04-06,West,35,Business owner,39.0,1700,1600,Car,1150,18,77.69,2,1,0,29.0,0,0
A01275,2025-04-06,Highlands,50,Salaried,15.0,3080,0,Medical,5250,3,1813.0,1,0,1,10.0,0,0
A00391,2025-04-07,Capital,43,Self-employed,55.0,2860,0,Home improvement,5050,24,271.02,0,0,1,25.0,0,0
A01380,2025-04-07,West,32,Business owner,19.0,2350,0,Business,9050,12,862.77,1,0,0,36.0,0,0
A00951,2025-04-07,West,61,Self-employed,27.0,2190,0,Business,1500,9,184.67,1,0,0,19.0,1,0
A02717,2025-04-07,Highlands,22,Business owner,17.0,2750,0,Home improvement,8600,6,1536.53,0,0,1,18.0,0,0
A00976,2025-04-07,East,42,Self-employed,14.0,5040,0,Education,12200,24,654.73,2,1,0,32.0,1,0
A01583,2025-04-07,Capital,24,Contract,9.0,3050,0,Business,8950,18,604.62,5,1,1,26.0,1,0
A01446,2025-04-08,South,52,Salaried,8.0,3450,0,Car,3250,6,580.67,1,0,1,19.0,0,0
A01320,2025-04-08,Central,28,Salaried,59.0,2980,3480,Personal,5400,24,289.8,1,0,0,24.0,0,0
A02143,2025-04-08,North,41,Business owner,135.0,3430,6450,Home improvement,3050,18,206.04,2,0,1,21.0,0,0
A02564,2025-04-08,Coastal,22,Self-employed,79.0,4600,960,Personal,17900,6,3198.13,1,0,0,33.0,1,0
A01758,2025-04-08,Central,24,Salaried,5.0,4380,100,Business,11050,6,1974.27,0,0,1,15.0,0,0
A01461,2025-04-09,West,42,Salaried,34.0,2270,1690,Medical,1050,6,187.6,3,0,1,22.0,1,0
A01844,2025-04-09,Capital,40,Salaried,34.0,3040,0,Business,1400,18,94.58,1,0,0,21.0,0,0
A01522,2025-04-09,Capital,62,Business owner,73.0,4020,3040,Personal,10300,12,981.93,1,0,1,32.0,1,0
A00031,2025-04-09,Coastal,33,Self-employed,51.0,2620,2560,Business,4700,18,317.51,1,0,0,29.0,1,0
A01913,2025-04-10,Capital,46,Business owner,,4590,0,Business,11350,18,766.76,0,0,0,33.0,1,0
A00288,2025-04-10,Capital,39,Self-employed,19.0,2440,0,Medical,3400,6,607.47,0,0,1,41.0,1,0
A01736,2025-04-10,Central,54,Salaried,10.0,3790,0,Car,3300,6,589.6,3,0,1,21.0,1,0
A02746,2025-04-10,South,50,Contract,25.0,2710,0,Medical,10100,12,962.87,0,0,1,26.0,1,0
A00544,2025-04-10,North,32,Contract,,2760,0,Personal,2300,18,155.38,2,0,0,27.0,0,0
A01098,2025-04-11,South,40,Salaried,24.0,3620,720,Home improvement,4950,6,884.4,0,0,1,16.0,0,0
A00890,2025-04-11,Capital,55,,23.0,4730,0,Home improvement,16600,9,2043.64,1,0,1,17.0,0,0
A00941,2025-04-11,North,60,Salaried,16.0,2580,1320,Education,7900,6,1411.47,1,1,1,14.0,1,0
A00654,2025-04-11,Coastal,44,Business owner,39.0,3130,2030,Medical,10350,18,699.2,3,0,0,32.0,1,0
A02361,2025-04-12,Capital,60,Salaried,64.0,3100,0,Car,2750,18,185.78,1,0,1,15.0,0,0
A00345,2025-04-12,East,40,Contract,27.0,4940,0,Home improvement,3950,6,705.73,1,0,1,30.0,1,0
A00850,2025-04-12,North,33,Business owner,14.0,4500,2530,Business,16050,24,861.35,3,1,1,30.0,0,0
A01810,2025-04-12,Capital,60,Contract,55.0,5620,0,Business,19750,24,1059.92,1,1,0,34.0,1,0
A01395,2025-04-12,Capital,41,Contract,43.0,5670,150,Business,22350,24,1199.45,0,0,1,32.0,0,1
A00229,2025-04-12,East,48,Self-employed,14.0,6090,0,Home improvement,6400,18,432.36,1,0,0,34.0,0,0
A01837,2025-04-13,West,55,Salaried,69.0,2290,0,Personal,5600,9,689.42,3,0,0,19.0,0,0
A02408,2025-04-13,Coastal,37,Business owner,29.0,2520,4620,Car,2950,12,281.23,2,0,1,30.0,0,0
A01597,2025-04-13,West,45,Contract,4.0,3760,130,Education,14000,9,1723.56,1,0,0,35.0,0,0
A00944,2025-04-13,East,34,Salaried,52.0,2070,540,Business,1900,9,233.91,2,0,1,20.0,0,0
A02547,2025-04-13,Capital,40,Salaried,14.0,2680,0,Personal,5200,9,640.18,0,0,0,21.0,0,0
A01935,2025-04-14,North,21,Business owner,21.0,6180,5150,Medical,17500,24,939.17,0,0,0,36.0,1,0
A00149,2025-04-14,Highlands,46,Self-employed,59.0,2420,0,Business,8750,24,469.58,3,1,0,32.0,0,0
A00188,2025-04-14,Capital,54,Self-employed,,2760,0,Education,1600,12,152.53,1,1,0,25.0,0,0
A01611,2025-04-14,Capital,35,Salaried,72.0,5510,14200,Home improvement,15200,3,5249.07,1,0,1,30.0,0,1
A02860,2025-04-14,South,28,Self-employed,49.0,4580,0,Business,10300,24,552.77,0,0,0,38.0,0,1
A00022,2025-04-15,South,45,Contract,71.0,3410,390,Business,2400,24,128.8,4,0,0,25.0,1,0
A02529,2025-04-15,Coastal,24,Salaried,34.0,5080,0,Business,10050,12,958.1,2,0,1,22.0,0,0
A00443,2025-04-15,Highlands,26,Business owner,27.0,4010,0,Business,13850,9,1705.09,2,0,1,27.0,1,0
A00907,2025-04-15,North,59,Self-employed,19.0,2560,0,Home improvement,4600,12,438.53,1,1,1,28.0,0,0
A01385,2025-04-15,North,41,Salaried,36.0,2090,3090,Car,1700,6,303.73,3,0,1,,1,0
A00538,2025-04-16,Central,62,Business owner,7.0,1610,2430,Education,5700,12,543.4,1,0,1,29.0,0,0
A01013,2025-04-16,Coastal,52,Salaried,20.0,3380,7100,Personal,5450,24,292.48,1,0,1,26.0,0,0
A02537,2025-04-17,Highlands,49,Salaried,32.0,1840,1550,Business,4950,18,334.4,1,0,1,25.0,0,0
A02444,2025-04-17,North,60,Salaried,29.0,3670,5670,Personal,7500,12,715.0,2,1,0,18.0,1,0
A02079,2025-04-17,East,34,Salaried,7.0,2160,2210,Medical,2300,12,219.27,0,0,1,27.0,0,0
A01339,2025-04-17,Coastal,33,Business owner,113.0,4250,0,Home improvement,15350,18,1036.98,1,0,1,43.0,0,0
A02612,2025-04-18,East,38,Contract,16.0,6890,0,Business,6900,6,1232.8,1,0,0,37.0,1,0
A01438,2025-04-18,South,45,Self-employed,24.0,1640,3470,Car,1350,12,128.7,1,0,0,37.0,0,0
A00631,2025-04-19,Capital,28,Salaried,9.0,4270,0,Home improvement,5950,12,567.23,4,0,1,21.0,1,0
A00390,2025-04-19,North,39,Self-employed,40.0,2150,0,Home improvement,1250,24,67.08,1,0,0,28.0,1,0
A02000,2025-04-19,Capital,54,Self-employed,8.0,3690,4960,Business,6150,12,586.3,1,0,0,30.0,0,0
A00151,2025-04-19,North,27,Contract,86.0,1890,260,Home improvement,7250,12,691.17,0,0,0,27.0,0,1
A00585,2025-04-19,East,27,Salaried,53.0,1820,0,Personal,1450,6,259.07,0,0,1,12.0,0,0
A01952,2025-04-19,Capital,55,Self-employed,66.0,5900,7380,Education,7000,18,472.89,1,0,1,29.0,1,0
A02376,2025-04-19,Capital,27,Salaried,60.0,4990,0,Personal,10500,12,1001.0,1,1,1,19.0,0,0
A02885,2025-04-20,East,28,Business owner,19.0,2280,0,Home improvement,2600,9,320.09,3,1,0,30.0,1,0
A00046,2025-04-21,Capital,57,Salaried,13.0,3370,1720,Car,5200,18,351.29,3,0,1,22.0,1,0
A01248,2025-04-21,East,45,Self-employed,40.0,6040,0,Business,18950,24,1016.98,6,0,0,28.0,1,0
A01818,2025-04-21,East,38,Contract,25.0,3980,5330,Personal,7050,12,672.1,1,0,1,21.0,0,0
A02714,2025-04-21,North,21,Self-employed,53.0,4050,0,Medical,8150,9,1003.36,1,0,1,28.0,0,0
A01806,2025-04-21,South,32,Self-employed,24.0,3530,0,Business,8200,3,2831.73,1,1,0,27.0,0,1
A02614,2025-04-22,Capital,57,Business owner,30.0,4560,3100,Business,10550,9,1298.82,0,0,0,34.0,1,0
A00257,2025-04-22,East,46,Salaried,26.0,2030,700,Business,6700,12,638.73,0,0,1,14.0,0,0
A01532,2025-04-22,Coastal,61,Business owner,68.0,5330,12880,Personal,20800,3,7182.93,2,0,0,35.0,0,0
A02511,2025-04-23,Central,43,Self-employed,46.0,2150,3550,Education,7600,9,935.64,5,0,0,28.0,0,0
A01527,2025-04-23,Coastal,58,Self-employed,42.0,3090,2690,Personal,10200,24,547.4,3,2,1,28.0,0,0
A01826,2025-04-23,Highlands,43,Salaried,107.0,3260,1450,Education,9000,12,858.0,0,0,0,19.0,0,0
A00556,2025-04-23,Coastal,49,Salaried,60.0,1570,1060,Personal,700,6,125.07,0,0,1,19.0,1,0
A02878,2025-04-23,South,55,Self-employed,64.0,4600,5870,Personal,8350,24,448.12,0,0,0,27.0,0,0
A00705,2025-04-24,South,41,Business owner,19.0,3260,1870,Home improvement,12550,9,1545.04,0,0,0,35.0,0,0
A00522,2025-04-24,Coastal,23,Business owner,8.0,4980,0,Medical,15750,24,845.25,2,0,0,31.0,0,0
A02242,2025-04-24,Capital,36,Self-employed,42.0,1860,1610,Home improvement,3200,12,305.07,3,2,1,23.0,0,1
A00947,2025-04-26,Capital,49,Contract,52.0,2330,2550,Business,2900,6,518.13,0,0,0,37.0,1,0
A00933,2025-04-26,Capital,23,Salaried,58.0,3430,0,Education,3100,9,381.64,1,0,1,9.0,0,0
A00086,2025-04-26,East,61,Salaried,74.0,6080,11300,Home improvement,18950,3,6544.07,2,1,1,14.0,1,0
A01310,2025-04-26,Highlands,34,Self-employed,21.0,1680,0,Business,6350,24,340.78,4,0,0,38.0,0,0
A00801,2025-04-26,South,31,Business owner,24.0,1120,270,Medical,850,9,104.64,2,1,0,32.0,0,0
A02994,2025-04-26,North,27,Salaried,61.0,3210,2420,Medical,5300,12,505.27,3,1,1,13.0,1,0
A02264,2025-04-26,Highlands,42,Salaried,79.0,2000,2380,Business,4950,12,471.9,1,0,0,21.0,0,0
A01126,2025-04-26,West,42,Contract,24.0,3080,1030,Personal,8250,12,786.5,3,2,1,29.0,0,0
A01481,2025-04-26,Capital,52,Business owner,11.0,4930,4640,Education,2300,12,219.27,4,0,1,25.0,1,0
A00020,2025-04-26,Coastal,40,Salaried,77.0,3220,0,Home improvement,9150,12,872.3,2,0,1,25.0,0,0
A02813,2025-04-26,North,35,Contract,42.0,8010,0,Medical,4200,3,1450.4,1,0,0,38.0,0,0
A01156,2025-04-27,Central,60,Business owner,7.0,5370,0,Medical,9450,6,1688.4,4,1,0,32.0,1,0
A00161,2025-04-27,South,35,Business owner,82.0,3240,0,Home improvement,9000,9,1108.0,3,2,0,27.0,1,1
A00232,2025-04-27,Capital,38,Self-employed,77.0,5410,0,Business,8700,18,587.73,1,0,0,24.0,1,0
A00873,2025-04-28,East,61,Self-employed,35.0,2090,2680,Education,7350,12,700.7,1,0,1,34.0,1,0
A00663,2025-04-28,Capital,43,Salaried,43.0,3590,1830,Business,3950,18,266.84,4,1,1,14.0,1,1
A01042,2025-04-28,South,47,Salaried,34.0,2210,0,Personal,7350,18,496.53,1,1,1,14.0,0,0
A02074,2025-04-28,East,61,Salaried,4.0,1930,0,Education,1650,18,111.47,1,0,1,21.0,0,0
A02054,2025-04-28,Coastal,59,Contract,55.0,3500,0,Medical,9750,12,929.5,3,0,1,24.0,0,0
A02630,2025-04-29,Coastal,50,Business owner,21.0,3020,780,Business,2350,12,224.03,0,0,1,23.0,1,0
A00433,2025-04-29,Coastal,54,Contract,63.0,4660,6880,Personal,3050,3,1053.27,1,1,1,43.0,0,0
A00975,2025-04-29,East,44,Business owner,45.0,3370,0,Personal,6800,18,459.38,2,0,1,31.0,1,0
A00224,2025-04-29,Capital,43,Self-employed,,3920,0,Business,5500,12,524.33,2,0,1,28.0,1,0
A02793,2025-04-29,South,32,Contract,55.0,4640,3440,Business,14750,24,791.58,3,0,0,32.0,1,0
A01822,2025-04-29,West,50,Self-employed,51.0,1560,130,Business,5750,12,548.17,2,1,0,19.0,1,0
A02719,2025-04-30,South,32,Salaried,,2410,1250,Education,5000,6,893.33,2,1,1,19.0,1,0
A02357,2025-04-30,Coastal,32,Salaried,52.0,10600,16110,Medical,21900,24,1175.3,4,0,1,15.0,0,0
A01657,2025-05-01,Coastal,45,Business owner,34.0,1720,0,Car,1150,3,397.13,0,0,0,36.0,0,0
A02129,2025-05-01,Capital,55,Business owner,22.0,1620,1550,Personal,3750,3,1295.0,3,0,1,31.0,1,0
A02034,2025-05-01,East,61,Salaried,42.0,1510,0,Medical,4850,6,866.53,2,1,0,20.0,0,1
A01878,2025-05-02,East,52,Salaried,42.0,5820,8670,Medical,14650,18,989.69,0,0,1,22.0,1,0
A00251,2025-05-03,Capital,56,Salaried,69.0,6920,0,Education,14700,9,1809.73,2,0,1,20.0,1,0
A01531,2025-05-03,North,37,Self-employed,,3890,0,Business,4950,12,471.9,4,0,0,33.0,0,0
A01097,2025-05-03,South,33,Salaried,16.0,2440,630,Business,6100,6,1089.87,2,1,1,,0,0
A01620,2025-05-03,Capital,61,Business owner,79.0,3790,0,Business,3400,18,229.69,1,0,0,19.0,0,0
A02742,2025-05-03,North,29,Self-employed,39.0,9640,460,Business,19800,12,1887.6,0,0,0,27.0,1,0
A01255,2025-05-03,Highlands,43,Business owner,46.0,2240,0,Home improvement,7400,12,705.47,3,1,0,22.0,1,0
A00516,2025-05-03,Capital,22,Business owner,29.0,2330,0,Home improvement,9000,18,608.0,1,0,0,39.0,0,0
A02387,2025-05-03,Central,32,Business owner,5.0,3330,450,Business,3800,12,362.27,0,0,1,27.0,0,0
A00050,2025-05-04,North,48,Salaried,110.0,4840,90,Education,14200,24,762.07,2,1,1,18.0,1,0
A00716,2025-05-04,Capital,29,Salaried,24.0,4320,3630,Business,2150,12,204.97,1,0,0,19.0,1,0
A02423,2025-05-04,South,60,Salaried,36.0,1450,800,Education,3250,12,309.83,1,0,0,19.0,0,0
A01269,2025-05-04,Capital,38,Contract,74.0,1490,0,Business,5200,6,929.07,2,0,1,31.0,1,0
A00459,2025-05-04,Capital,38,Salaried,5.0,2320,1020,Business,8550,12,815.1,2,0,1,18.0,0,0
A00754,2025-05-04,Capital,48,Salaried,36.0,3430,0,Personal,1600,24,85.87,1,0,1,21.0,0,0
A00456,2025-05-04,Capital,57,Salaried,39.0,3890,2880,Personal,4250,18,287.11,1,0,1,15.0,1,0
A02750,2025-05-04,South,54,Salaried,93.0,5350,2580,Personal,2400,6,428.8,0,0,1,22.0,0,0
A00346,2025-05-05,South,29,Salaried,53.0,1900,1490,Business,6150,12,586.3,1,0,1,18.0,0,0
A01171,2025-05-05,Central,44,Self-employed,26.0,6210,12690,Medical,5850,6,1045.2,0,0,1,38.0,1,0
A00380,2025-05-05,Coastal,59,Salaried,54.0,5080,0,Business,2650,12,252.63,1,1,1,14.0,1,0
A01290,2025-05-05,Highlands,28,Salaried,65.0,4090,0,Business,8250,18,557.33,1,0,1,22.0,0,0
A01237,2025-05-06,Coastal,33,Contract,10.0,2930,0,Business,11650,12,1110.63,2,0,1,23.0,0,0
A02299,2025-05-06,North,38,Self-employed,26.0,2820,4220,Business,9000,12,858.0,5,2,0,30.0,0,0
A00911,2025-05-06,East,56,Salaried,60.0,6190,0,Home improvement,20200,6,3609.07,1,0,0,20.0,1,0
A01293,2025-05-06,South,25,Salaried,62.0,4280,0,Medical,1900,9,233.91,2,0,0,19.0,0,0
A01086,2025-05-06,South,55,Salaried,83.0,2880,0,Medical,1650,18,111.47,0,0,1,26.0,1,0
A01700,2025-05-06,Central,33,Salaried,18.0,3590,0,Education,6400,12,610.13,2,0,1,25.0,0,0
A02998,2025-05-06,Capital,44,Business owner,18.0,1030,0,Business,1650,12,157.3,3,0,0,34.0,1,0
A01942,2025-05-06,South,52,Salaried,37.0,3790,6440,Home improvement,9450,9,1163.4,0,0,1,11.0,1,0
A00533,2025-05-06,West,41,Business owner,23.0,3330,4230,Business,13050,12,1244.1,3,1,1,29.0,0,0
A00766,2025-05-07,Capital,59,Salaried,66.0,3700,1580,Home improvement,11100,9,1366.53,0,0,1,14.0,1,0
A01902,2025-05-07,Capital,49,Contract,3.0,4770,3090,Medical,2050,6,366.27,3,0,1,28.0,0,0
A01860,2025-05-07,Capital,29,Business owner,26.0,1590,1210,Home improvement,2950,6,527.07,1,0,0,26.0,0,0
A02308,2025-05-07,South,57,Salaried,49.0,3110,0,Personal,6500,18,439.11,2,0,1,18.0,1,0
A01574,2025-05-07,Coastal,62,Contract,76.0,2860,0,Home improvement,2200,18,148.62,1,0,0,24.0,0,0
A02703,2025-05-08,North,41,Salaried,75.0,1850,1700,Car,2050,6,366.27,1,0,0,19.0,1,0
A01236,2025-05-08,Coastal,63,Business owner,67.0,2950,580,Medical,3400,9,418.58,1,1,0,27.0,0,0
A01348,2025-05-08,Capital,27,Self-employed,41.0,3830,4150,Medical,10700,6,1911.73,1,0,0,24.0,1,0
A01159,2025-05-08,North,27,,24.0,4550,0,Car,12200,12,1163.07,2,0,0,25.0,1,1
A02680,2025-05-08,North,23,Salaried,32.0,1310,740,Home improvement,1300,6,232.27,0,0,1,24.0,1,0
A00697,2025-05-09,South,47,Self-employed,33.0,5120,0,Car,10400,12,991.47,2,1,1,27.0,1,0
A01049,2025-05-09,North,30,Self-employed,33.0,5080,15340,Business,13700,9,1686.62,1,0,0,30.0,0,1
A01915,2025-05-09,North,34,Salaried,48.0,5900,0,Business,9150,12,872.3,0,0,1,10.0,0,0
A01872,2025-05-09,South,35,Self-employed,31.0,2360,0,Business,6100,3,2106.53,6,0,0,30.0,0,0
A00205,2025-05-09,Coastal,27,Self-employed,40.0,3840,5160,Medical,6750,9,831.0,0,0,0,24.0,0,0
A01033,2025-05-09,Capital,58,Salaried,93.0,3690,6870,Business,7350,12,700.7,1,0,1,16.0,1,0
A01577,2025-05-10,Highlands,39,Contract,35.0,6550,1670,Medical,7300,12,695.93,2,0,0,33.0,1,0
A02898,2025-05-10,Highlands,42,Self-employed,16.0,3050,1090,Business,5800,12,552.93,0,0,1,19.0,0,0
A01517,2025-05-10,North,60,Self-employed,38.0,3560,1790,Car,12550,12,1196.43,0,0,0,24.0,0,0
A01699,2025-05-11,Capital,37,Salaried,15.0,1950,0,Education,4050,6,723.6,1,0,1,13.0,0,0
A02286,2025-05-11,North,46,Salaried,,4070,0,Car,11100,24,595.7,1,0,1,21.0,0,0
A01259,2025-05-11,West,56,Salaried,80.0,3360,0,Business,2450,6,437.73,1,0,1,16.0,1,0
A02236,2025-05-11,Highlands,31,Salaried,39.0,6870,4490,Business,9500,3,3280.67,1,1,1,25.0,0,0
A02111,2025-05-11,Coastal,59,Salaried,16.0,1260,0,Medical,3700,6,661.07,4,0,0,26.0,1,0
A01856,2025-05-11,South,47,Salaried,53.0,4570,0,Home improvement,9150,12,872.3,2,2,0,17.0,0,0
A01111,2025-05-12,West,61,Contract,,4390,3040,Medical,2200,18,148.62,0,0,0,24.0,0,0
A00860,2025-05-12,South,51,Salaried,32.0,4050,0,Home improvement,8800,12,838.93,3,0,0,12.0,0,0
A02181,2025-05-12,Central,37,Self-employed,,2430,4400,Car,3950,6,705.73,2,0,0,35.0,0,0
A02006,2025-05-13,Coastal,58,Salaried,49.0,5370,0,Business,2650,18,179.02,1,1,1,16.0,1,0
A01819,2025-05-13,South,30,Salaried,48.0,2480,660,Business,8550,12,815.1,1,0,0,25.0,1,0
A01058,2025-05-13,South,44,Self-employed,62.0,3000,2540,Home improvement,7400,6,1322.13,0,0,0,32.0,0,0
A01304,2025-05-13,Capital,60,Salaried,84.0,2730,2080,Education,1900,6,339.47,0,0,1,25.0,0,0
A00842,2025-05-13,Capital,34,Self-employed,30.0,3330,7060,Medical,3850,12,367.03,1,1,1,24.0,0,0
A01009,2025-05-14,East,24,Salaried,70.0,4430,0,Home improvement,9550,3,3297.93,3,1,1,14.0,1,0
A00396,2025-05-14,Highlands,57,Business owner,6.0,2050,1180,Car,2500,6,446.67,2,0,0,34.0,1,0
A01318,2025-05-15,Capital,57,Self-employed,,6230,0,Home improvement,5600,12,533.87,1,1,1,32.0,0,0
A02575,2025-05-15,Highlands,21,Salaried,28.0,4200,11170,Personal,14500,6,2590.67,0,0,1,18.0,0,0
A02172,2025-05-15,South,28,Salaried,38.0,3670,0,Personal,9600,12,915.2,2,0,1,16.0,0,0
A02170,2025-05-15,Capital,37,Salaried,34.0,1880,0,Personal,2500,3,863.33,1,0,1,18.0,0,0
A00378,2025-05-15,Capital,44,Self-employed,23.0,1900,3390,Car,3950,24,211.98,1,0,1,37.0,0,0
A00552,2025-05-15,North,49,Business owner,31.0,4290,3770,Home improvement,3450,24,185.15,0,0,0,24.0,0,0
A01175,2025-05-16,East,24,Salaried,7.0,1490,1550,Education,2600,6,464.53,3,0,1,16.0,0,0
A01128,2025-05-16,East,49,Business owner,8.0,2930,4720,Business,10150,12,967.63,0,0,1,32.0,1,0
A02234,2025-05-16,Capital,41,Salaried,23.0,5150,1400,Business,7300,12,695.93,1,0,1,13.0,1,0
A02086,2025-05-16,North,62,Self-employed,44.0,4100,4350,Personal,10000,3,3453.33,5,1,0,20.0,1,1
A01764,2025-05-17,Central,48,,24.0,2630,4340,Business,1200,9,147.73,2,0,1,34.0,1,0
A00871,2025-05-17,North,42,Self-employed,39.0,2470,0,Business,3750,18,253.33,1,1,0,30.0,1,0
A01591,2025-05-17,Capital,51,Salaried,45.0,6880,0,Home improvement,13850,12,1320.37,1,1,0,9.0,0,0
A02487,2025-05-17,Capital,33,Self-employed,25.0,2450,2660,Education,4400,12,419.47,3,1,0,19.0,0,0
A01749,2025-05-17,Coastal,54,Business owner,36.0,2290,0,Business,1300,24,69.77,0,0,1,30.0,0,0
A01514,2025-05-17,Central,24,Contract,31.0,2940,0,Home improvement,6350,12,605.37,1,0,0,30.0,1,0
A01052,2025-05-17,Capital,52,Salaried,33.0,4280,0,Education,6600,18,445.87,0,0,1,21.0,0,0
A02566,2025-05-18,Central,50,Salaried,47.0,3550,0,Business,13800,9,1698.93,0,0,1,17.0,0,0
A00363,2025-05-18,Coastal,39,Self-employed,18.0,6280,0,Education,11250,12,1072.5,2,0,0,24.0,0,0
A01224,2025-05-19,North,32,Salaried,44.0,16750,0,Home improvement,41150,12,3922.97,3,0,0,23.0,0,0
A00797,2025-05-19,West,59,Salaried,47.0,4560,0,Car,6650,6,1188.13,0,0,1,9.0,1,0
A02460,2025-05-19,Coastal,52,Business owner,20.0,5510,0,Medical,18250,12,1739.83,1,0,1,37.0,0,0
A01364,2025-05-19,Central,40,Self-employed,28.0,4140,5090,Personal,15500,6,2769.33,1,0,0,37.0,0,0
A02820,2025-05-19,West,24,Business owner,108.0,1730,0,Business,4700,12,448.07,2,1,0,28.0,1,0
A02388,2025-05-20,Central,21,Self-employed,31.0,2760,1200,Personal,6900,6,1232.8,4,1,0,34.0,0,0
A00212,2025-05-20,South,32,Salaried,22.0,4500,11450,Business,2950,9,363.18,1,0,1,24.0,1,0
A00885,2025-05-20,Capital,44,Self-employed,39.0,1900,0,Business,1550,18,104.71,1,0,0,30.0,0,0
A00591,2025-05-21,West,42,Business owner,31.0,2410,1480,Medical,5350,12,510.03,1,0,0,29.0,1,1
A02636,2025-05-21,Central,29,Salaried,32.0,3880,330,Business,12000,12,1144.0,1,0,1,9.0,0,0
A02060,2025-05-22,East,23,Salaried,26.0,2560,3840,Education,4700,3,1623.07,0,0,1,25.0,1,0
A01064,2025-05-22,West,30,Salaried,26.0,4030,0,Personal,7400,12,705.47,1,0,1,16.0,1,0
A02058,2025-05-22,Capital,48,Salaried,55.0,7300,0,Education,3550,12,338.43,1,0,1,17.0,1,0
A01988,2025-05-22,Central,51,Business owner,74.0,2710,980,Business,4250,12,405.17,2,0,0,30.0,1,0
A00684,2025-05-22,East,43,Business owner,94.0,6680,17340,Personal,4900,12,467.13,1,0,0,24.0,1,0
A00335,2025-05-22,North,35,Self-employed,23.0,5470,0,Business,20800,18,1405.16,0,0,1,18.0,0,0
A00468,2025-05-22,Capital,31,Self-employed,18.0,3770,4340,Personal,14400,9,1772.8,0,0,0,22.0,0,0
A02434,2025-05-22,East,35,Self-employed,48.0,1110,2350,Car,3750,12,357.5,0,0,0,32.0,0,0
A02798,2025-05-23,East,59,Salaried,84.0,5510,0,Personal,21200,3,7321.07,0,0,0,15.0,1,1
A02365,2025-05-23,South,56,Salaried,18.0,3280,0,Business,2400,3,828.8,1,0,1,14.0,0,0
A01243,2025-05-23,North,22,Self-employed,29.0,2860,1790,Personal,9600,12,915.2,4,0,0,26.0,1,1
A01990,2025-05-23,Capital,23,Business owner,68.0,5460,0,Business,11750,24,630.58,1,0,0,22.0,0,1
A02880,2025-05-23,West,28,Business owner,37.0,2890,4200,Education,7000,6,1250.67,1,0,1,27.0,0,0
A00005,2025-05-23,West,26,Salaried,8.0,3300,2460,Car,6400,12,610.13,0,0,1,12.0,1,0
A00018,2025-05-24,North,21,Salaried,16.0,2130,5020,Personal,4200,6,750.4,1,0,1,23.0,0,1
A00617,2025-05-24,South,47,Salaried,49.0,4840,6060,Personal,3500,9,430.89,2,0,1,18.0,0,0
A01260,2025-05-25,West,35,Self-employed,10.0,3590,0,Business,10450,24,560.82,4,0,1,32.0,1,0
A00612,2025-05-25,North,48,Salaried,23.0,5570,1110,Business,4850,6,866.53,1,0,1,18.0,0,0
A02776,2025-05-25,Central,45,Salaried,48.0,4420,2570,Education,11000,12,1048.67,0,0,1,14.0,1,0
A00021,2025-05-26,Coastal,60,Self-employed,56.0,2940,0,Car,4050,18,273.6,1,0,0,31.0,1,0
A02083,2025-05-26,Capital,41,Contract,104.0,3220,0,Business,11650,6,2081.47,0,0,1,31.0,1,0
A02394,2025-05-26,West,38,Contract,16.0,1430,0,Car,2700,6,482.4,1,0,1,24.0,0,0
A01566,2025-05-27,East,63,Self-employed,38.0,2580,0,Personal,2150,12,204.97,0,0,0,26.0,0,0
A02350,2025-05-27,Capital,23,Self-employed,,4060,0,Home improvement,5050,18,341.16,1,0,0,,1,0
A01431,2025-05-27,East,47,Self-employed,62.0,3160,0,Home improvement,11500,9,1415.78,0,0,0,25.0,0,0
A00800,2025-05-27,Coastal,29,Contract,6.0,2780,1110,Business,8800,18,594.49,1,0,0,34.0,1,0
A00576,2025-05-28,Capital,62,Salaried,58.0,2950,1780,Business,6450,18,435.73,1,0,1,12.0,0,0
A02600,2025-05-28,East,61,Salaried,8.0,2300,1200,Medical,7150,9,880.24,1,0,0,19.0,1,0
A00650,2025-05-28,South,48,Salaried,21.0,1340,0,Education,900,12,85.8,1,0,1,17.0,0,0
A02840,2025-05-29,South,54,Self-employed,109.0,4130,4440,Home improvement,16100,6,2876.53,0,0,1,37.0,0,0
A00098,2025-05-29,Highlands,49,Self-employed,33.0,2730,2810,Home improvement,9550,12,910.43,1,0,1,,1,1
A00449,2025-05-29,South,22,Self-employed,13.0,2050,1110,Education,4650,3,1605.8,2,0,0,30.0,0,0
A00982,2025-05-29,West,55,Salaried,60.0,2220,510,Car,7200,6,1286.4,2,1,1,17.0,1,1
A02306,2025-05-29,South,45,Contract,43.0,2350,1090,Medical,7100,6,1268.53,1,0,0,32.0,0,0
A02203,2025-05-29,Central,55,Self-employed,37.0,8380,18490,Car,20000,18,1351.11,0,0,1,21.0,0,0
A01158,2025-05-29,South,56,Business owner,90.0,7190,5380,Business,10800,6,1929.6,6,0,0,26.0,0,0
A02914,2025-05-29,Capital,32,Self-employed,50.0,5370,0,Car,19350,18,1307.2,1,0,0,27.0,1,0
A02076,2025-05-30,Highlands,62,Business owner,,5740,3760,Car,5950,12,567.23,0,0,0,25.0,0,0
A00172,2025-05-30,Highlands,24,Self-employed,50.0,4540,0,Business,9900,12,943.8,2,0,0,29.0,1,0
A02759,2025-05-30,South,62,Salaried,16.0,3060,3010,Home improvement,11200,12,1067.73,2,0,1,17.0,0,1
A01114,2025-05-30,North,28,Contract,14.0,1190,3180,Car,2150,12,204.97,2,1,0,32.0,0,0
A02639,2025-05-30,Capital,36,Business owner,4.0,3030,0,Education,10950,12,1043.9,1,0,0,26.0,0,0
A00206,2025-05-30,South,59,Salaried,,5980,3360,Business,23200,18,1567.29,0,0,1,22.0,0,1
A00327,2025-05-31,West,61,Salaried,46.0,4850,2550,Personal,18850,6,3367.87,1,0,1,15.0,0,0
A00700,2025-05-31,Capital,26,Salaried,21.0,7050,0,Car,7950,24,426.65,2,0,1,19.0,1,0
A02305,2025-06-01,East,27,,80.0,980,0,Business,1500,6,268.0,1,0,0,9.0,0,1
A00183,2025-06-01,Capital,44,Salaried,14.0,10770,27750,Medical,23500,12,2240.33,0,0,1,18.0,0,0
A00840,2025-06-01,East,44,Self-employed,17.0,4940,3010,Home improvement,6250,24,335.42,1,0,0,26.0,1,0
A00768,2025-06-01,South,43,Salaried,15.0,10180,5760,Education,23400,12,2230.8,5,1,1,12.0,1,1
A00483,2025-06-02,Highlands,36,Contract,17.0,1630,530,Home improvement,1150,12,109.63,3,1,1,33.0,1,0
A00249,2025-06-02,Capital,42,Business owner,28.0,6380,0,Home improvement,21800,12,2078.27,3,0,0,26.0,0,0
A02615,2025-06-02,North,37,Salaried,45.0,2220,0,Education,2950,12,281.23,1,0,0,15.0,0,0
A02946,2025-06-03,Capital,30,Business owner,36.0,1940,390,Car,7400,9,911.02,2,0,1,28.0,1,0
A01634,2025-06-03,Capital,45,Self-employed,46.0,3230,1270,Car,7900,12,753.13,3,0,0,,0,0
A00661,2025-06-03,Central,51,Salaried,29.0,2240,1230,Personal,2050,9,252.38,2,1,0,20.0,0,0
A02938,2025-06-04,South,63,Contract,29.0,3730,1690,Car,5650,9,695.58,3,1,0,31.0,1,0
A02928,2025-06-04,East,36,Self-employed,60.0,2940,1340,Home improvement,11200,12,1067.73,1,0,0,34.0,0,1
A02879,2025-06-04,North,31,Contract,34.0,5490,0,Education,5450,18,368.18,1,0,0,35.0,1,0
A02097,2025-06-04,East,32,Contract,4.0,4380,6210,Education,2100,12,200.2,0,0,0,28.0,0,0
A02930,2025-06-04,West,32,Contract,36.0,3070,0,Car,4150,18,280.36,5,0,1,47.0,0,0
A01855,2025-06-04,Coastal,27,Salaried,75.0,2810,0,Car,1350,6,241.2,2,0,1,13.0,1,1
A01944,2025-06-05,Highlands,51,Self-employed,6.0,2650,6780,Personal,6250,24,335.42,0,0,0,30.0,1,0
A00510,2025-06-05,North,57,Self-employed,75.0,5900,0,Home improvement,7150,9,880.24,1,0,0,29.0,0,0
A02176,2025-06-05,Highlands,28,Contract,6.0,4120,0,Business,10900,3,3764.13,2,0,0,35.0,0,0
A02015,2025-06-06,South,36,Salaried,25.0,1510,820,Education,900,3,310.8,2,0,1,17.0,0,0
A01096,2025-06-06,Coastal,48,Business owner,73.0,4710,19760,Home improvement,4000,6,714.67,0,0,0,42.0,0,0
A00825,2025-06-06,East,41,Business owner,17.0,2900,3690,Education,1200,12,114.4,4,2,0,34.0,0,0
A02393,2025-06-06,Capital,41,Business owner,20.0,4430,2150,Education,13300,18,898.49,1,0,0,30.0,0,0
A02558,2025-06-06,East,24,Salaried,18.0,4600,0,Home improvement,4000,24,214.67,3,1,1,20.0,0,0
A00859,2025-06-07,East,27,Self-employed,15.0,2750,1070,Education,2750,6,491.33,0,0,1,26.0,1,0
A00649,2025-06-07,South,63,Self-employed,43.0,5630,10280,Business,18650,9,2296.02,3,1,0,30.0,0,0
A02198,2025-06-07,Capital,21,Contract,61.0,2020,850,Business,6750,18,456.0,0,0,1,24.0,1,0
A01292,2025-06-07,Capital,41,Salaried,45.0,4300,0,Personal,10850,9,1335.76,2,0,0,23.0,1,0
A00306,2025-06-07,Capital,46,Salaried,43.0,2020,0,Medical,3250,6,580.67,1,0,1,21.0,1,0
A00954,2025-06-08,Capital,48,Salaried,38.0,2470,0,Education,1250,18,84.44,2,0,1,22.0,0,0
A02876,2025-06-08,Capital,45,Contract,36.0,6170,0,Home improvement,24000,6,4288.0,0,0,0,19.0,1,1
A02913,2025-06-08,North,50,Salaried,37.0,2490,0,Personal,6950,18,469.51,1,0,1,11.0,0,0
A02173,2025-06-08,West,22,Self-employed,111.0,9180,0,Business,15550,6,2778.27,2,1,0,21.0,1,0
A02238,2025-06-09,Highlands,24,Business owner,77.0,2490,0,Education,1150,6,205.47,2,1,1,25.0,0,0
A01048,2025-06-09,South,53,Salaried,40.0,3520,0,Home improvement,8100,6,1447.2,1,0,1,21.0,0,0
A01286,2025-06-10,Capital,34,Self-employed,15.0,5060,0,Home improvement,19650,3,6785.8,1,0,1,29.0,1,0
A01430,2025-06-10,North,27,Salaried,52.0,4400,3030,Business,7950,24,426.65,0,0,0,17.0,0,0
A00851,2025-06-10,North,27,Self-employed,50.0,3050,0,Business,9200,24,493.73,0,0,0,34.0,1,0
A01169,2025-06-10,Central,36,Contract,39.0,2330,5570,Personal,6500,12,619.67,1,0,0,22.0,0,0
A02307,2025-06-10,East,37,Salaried,59.0,2760,1620,Personal,5250,6,938.0,1,0,1,21.0,0,0
A01365,2025-06-10,Highlands,30,Salaried,23.0,2580,300,Car,4350,12,414.7,3,1,1,18.0,1,0
A02932,2025-06-11,East,30,Self-employed,16.0,2570,2700,Education,6450,18,435.73,0,0,1,,0,0
A00182,2025-06-12,Capital,56,Self-employed,32.0,1840,0,Home improvement,3250,3,1122.33,2,0,0,28.0,0,0
A01473,2025-06-12,Highlands,55,Self-employed,57.0,3140,1910,Medical,10000,24,536.67,4,1,0,35.0,0,0
A02777,2025-06-13,West,33,Contract,9.0,3590,0,Home improvement,2150,18,145.24,1,0,1,32.0,1,0
A02481,2025-06-13,Central,53,Contract,7.0,2240,260,Education,5600,6,1000.53,1,0,0,31.0,0,0
A00657,2025-06-13,Capital,35,Self-employed,12.0,2450,2810,Home improvement,4700,6,839.73,2,1,1,39.0,0,0
A00905,2025-06-13,South,36,Self-employed,28.0,2450,2970,Home improvement,6650,18,449.24,2,0,0,29.0,0,0
A02078,2025-06-14,North,56,Business owner,103.0,3340,0,Business,12700,6,2269.07,2,0,0,,0,0
A01170,2025-06-14,North,31,Salaried,49.0,4560,0,Personal,14900,18,1006.58,2,0,1,23.0,1,0
A01240,2025-06-14,West,35,Salaried,32.0,2570,1710,Personal,10000,6,1786.67,3,1,1,18.0,1,0
A01936,2025-06-14,Capital,21,Business owner,16.0,2770,1620,Education,9550,6,1706.27,3,1,1,31.0,1,0
A02748,2025-06-14,Highlands,49,Salaried,61.0,5010,1040,Home improvement,12650,12,1205.97,3,0,1,21.0,0,0
A02754,2025-06-14,Capital,63,Salaried,14.0,4970,9240,Business,4700,12,448.07,4,0,1,17.0,1,0
A01462,2025-06-14,Capital,37,Self-employed,5.0,2960,30,Personal,6100,3,2106.53,0,0,0,34.0,0,0
A00517,2025-06-14,South,41,Self-employed,19.0,4290,0,Car,14950,12,1425.23,1,0,0,36.0,1,0
A01859,2025-06-15,Capital,28,Salaried,45.0,5460,3360,Car,11700,6,2090.4,5,0,1,19.0,0,1
A02043,2025-06-15,North,53,Business owner,51.0,9980,16560,Car,5300,6,946.93,0,0,0,44.0,0,0
A01437,2025-06-15,South,45,Business owner,87.0,6480,0,Car,11550,12,1101.1,2,0,1,31.0,1,0
A02950,2025-06-16,Central,36,Self-employed,38.0,2110,3440,Business,1750,9,215.44,3,2,0,31.0,0,0
A00746,2025-06-17,South,36,Salaried,45.0,7610,4140,Home improvement,22200,18,1499.73,3,0,1,27.0,0,0
A00067,2025-06-17,West,53,Contract,51.0,5800,0,Personal,14750,6,2635.33,1,1,0,33.0,1,0
A00985,2025-06-18,Capital,57,Salaried,24.0,1400,1700,Car,4150,6,741.47,2,0,1,22.0,1,0
A02358,2025-06-18,Highlands,41,,67.0,4080,4170,Home improvement,6150,24,330.05,1,0,1,30.0,0,0
A00823,2025-06-19,Central,35,Salaried,5.0,1500,0,Business,3600,6,643.2,2,1,1,20.0,1,0
A01879,2025-06-19,South,43,Salaried,11.0,13140,2670,Medical,36250,3,12518.33,1,0,1,17.0,0,0
A00010,2025-06-19,North,46,Business owner,11.0,900,860,Medical,3500,9,430.89,2,0,0,21.0,0,0
A00275,2025-06-19,South,50,Self-employed,49.0,3530,7200,Car,11550,24,619.85,0,0,1,25.0,1,0
A01151,2025-06-19,Central,35,Business owner,21.0,7030,5560,Medical,13700,6,2447.73,2,1,0,30.0,0,0
A02640,2025-06-20,Highlands,56,Self-employed,18.0,3690,1910,Business,7150,6,1277.47,2,1,0,36.0,1,0
A02838,2025-06-20,Capital,56,Salaried,25.0,2740,0,Home improvement,1150,12,109.63,0,0,1,17.0,0,0
A00681,2025-06-20,Central,57,Salaried,33.0,3230,0,Business,2350,12,224.03,3,0,1,18.0,0,0
A02499,2025-06-20,Capital,58,Self-employed,15.0,3860,1500,Medical,5200,12,495.73,0,0,0,38.0,0,0
A02323,2025-06-21,Capital,38,Salaried,90.0,8020,11220,Education,16350,3,5646.2,2,0,1,20.0,0,0
A02802,2025-06-21,Capital,59,Salaried,54.0,3380,0,Car,1850,3,638.87,1,0,1,16.0,1,0
A01940,2025-06-21,Capital,42,Business owner,52.0,2860,0,Education,9750,18,658.67,1,1,1,34.0,0,0
A00111,2025-06-21,North,38,Salaried,45.0,1500,1290,Business,5900,12,562.47,1,0,1,19.0,0,0
A00920,2025-06-21,Coastal,45,Salaried,32.0,3900,0,Car,11850,24,635.95,2,0,1,25.0,0,0
A00856,2025-06-21,Coastal,45,Self-employed,78.0,2520,2230,Business,5850,9,720.2,0,0,0,29.0,0,0
A01246,2025-06-21,North,33,Salaried,42.0,2650,4020,Business,7300,9,898.71,0,0,1,14.0,0,0
A00108,2025-06-22,Capital,49,Salaried,11.0,3880,0,Personal,14400,9,1772.8,0,0,1,22.0,0,0
A02693,2025-06-22,Capital,36,Contract,72.0,2480,1120,Home improvement,4100,9,504.76,1,0,0,31.0,0,0
A00939,2025-06-23,North,37,Business owner,14.0,5180,960,Business,7050,24,378.35,0,0,0,28.0,0,0
A01842,2025-06-23,South,54,Salaried,84.0,4950,7010,Car,10050,18,678.93,2,0,1,21.0,1,0
A01003,2025-06-23,Capital,43,Business owner,64.0,3070,500,Business,10850,9,1335.76,1,0,0,26.0,0,1
A02597,2025-06-24,Capital,36,Self-employed,36.0,2540,2340,Education,9300,12,886.6,1,1,1,29.0,0,0
A01434,2025-06-24,Capital,60,Self-employed,31.0,4400,0,Home improvement,12550,6,2242.27,0,0,0,25.0,1,0
A01377,2025-06-24,South,36,Self-employed,26.0,4700,0,Car,4700,12,448.07,2,0,0,28.0,0,0
A00009,2025-06-26,Highlands,62,Contract,59.0,3220,2380,Home improvement,12800,12,1220.27,2,0,0,28.0,1,0
A01229,2025-06-26,Capital,61,Salaried,91.0,2130,0,Personal,7900,12,753.13,1,0,1,17.0,1,0
A00602,2025-06-26,South,52,Salaried,35.0,3060,950,Car,6150,18,415.47,1,0,1,10.0,0,0
A00561,2025-06-26,Central,38,Salaried,43.0,2050,5130,Business,3400,6,607.47,3,0,1,15.0,1,0
A02145,2025-06-27,Capital,41,Self-employed,39.0,3180,5170,Education,3350,9,412.42,2,1,0,,0,0
A01276,2025-06-27,Central,53,Self-employed,8.0,2910,670,Car,3650,18,246.58,2,1,1,25.0,0,0
A02635,2025-06-27,Capital,52,Salaried,30.0,3140,0,Business,10900,12,1039.13,2,0,1,15.0,0,0
A02947,2025-06-27,Central,57,Salaried,17.0,2660,0,Business,5450,24,292.48,3,0,1,19.0,1,0
A00987,2025-06-27,Capital,30,Salaried,,4000,0,Education,15200,12,1449.07,1,0,1,15.0,0,0
A01537,2025-06-27,East,33,Salaried,27.0,4760,0,Car,2550,6,455.6,1,0,1,9.0,1,0
A00996,2025-06-27,Capital,25,Salaried,59.0,1590,0,Car,4900,6,875.47,1,1,1,15.0,0,1
A00748,2025-06-27,Highlands,26,Salaried,10.0,2760,0,Business,8850,12,843.7,2,0,0,25.0,0,0
A00112,2025-06-28,Capital,63,Salaried,73.0,1830,0,Car,2350,18,158.76,2,0,1,17.0,0,0
A02098,2025-06-28,North,37,Contract,63.0,7440,0,Car,18100,3,6250.53,4,1,0,32.0,0,1
A02532,2025-06-28,East,30,Self-employed,16.0,4920,5400,Car,15050,3,5197.27,1,0,0,31.0,0,1
A01002,2025-06-29,Capital,36,Business owner,6.0,4900,4660,Business,5550,12,529.1,0,0,0,21.0,0,0
A01056,2025-06-29,Highlands,37,Salaried,,2450,0,Business,4950,6,884.4,2,0,1,14.0,0,0
A00949,2025-06-29,Capital,53,Salaried,59.0,2370,0,Education,5650,6,1009.47,2,1,1,16.0,0,0
A00135,2025-06-29,North,41,Self-employed,20.0,4650,3770,Car,12100,6,2161.87,3,1,0,35.0,0,1
A02951,2025-06-29,Capital,27,Business owner,155.0,8870,18330,Home improvement,13450,6,2403.07,0,0,1,33.0,0,0
A00146,2025-06-29,Capital,53,Salaried,27.0,6990,0,Business,26450,18,1786.84,3,0,1,15.0,0,0
A02562,2025-06-29,North,31,Self-employed,16.0,6520,0,Business,16600,24,890.87,3,0,0,34.0,0,0
A02708,2025-06-29,North,49,Business owner,125.0,2790,0,Medical,6900,9,849.47,2,0,1,38.0,0,0
A02392,2025-06-29,Capital,58,Self-employed,56.0,2650,2460,Business,1200,3,414.4,2,0,0,22.0,1,0
A01686,2025-06-29,East,60,Salaried,82.0,4090,5190,Business,14300,6,2554.93,4,0,1,,1,0
A02438,2025-06-29,North,44,Salaried,22.0,1970,0,Car,3000,12,286.0,0,0,1,14.0,1,0
A00734,2025-06-30,North,25,,25.0,1720,570,Car,1100,9,135.42,0,0,0,31.0,0,0
A00908,2025-06-30,Highlands,24,Salaried,39.0,4100,4590,Home improvement,14100,6,2519.2,0,0,1,,0,0
A00169,2025-06-30,North,33,Salaried,17.0,2730,0,Education,3650,6,652.13,2,1,1,25.0,0,0
A01301,2025-06-30,North,29,Salaried,61.0,1770,0,Car,4150,12,395.63,2,1,0,,1,0
A02288,2025-06-30,Central,39,Contract,27.0,4490,7330,Home improvement,10050,12,958.1,1,0,0,27.0,0,0
A02016,2025-07-01,Coastal,46,Self-employed,33.0,4160,5950,Business,6350,6,1134.53,2,0,1,26.0,1,0
A01452,2025-07-01,East,21,Salaried,57.0,2150,0,Home improvement,5400,18,364.8,2,0,1,15.0,0,0
A00878,2025-07-01,Central,28,Business owner,,3760,2180,Home improvement,10850,12,1034.37,2,0,0,38.0,1,0
A02267,2025-07-01,West,59,Self-employed,24.0,6670,2800,Business,23050,9,2837.71,0,0,0,28.0,0,0
A02254,2025-07-01,Capital,47,Salaried,26.0,3020,0,Home improvement,9250,6,1652.67,2,1,1,16.0,0,0
A02991,2025-07-01,Capital,47,Salaried,,2030,0,Education,5900,18,398.58,1,0,1,20.0,0,0
A00717,2025-07-01,North,23,Self-employed,17.0,4160,5560,Business,8650,12,824.63,1,1,0,22.0,0,0
A01215,2025-07-02,West,47,Salaried,53.0,7790,0,Home improvement,23300,6,4162.93,0,0,1,22.0,0,0
A00832,2025-07-02,Capital,55,Salaried,10.0,10690,0,Business,25250,12,2407.17,2,2,1,12.0,1,0
A00235,2025-07-02,South,48,Contract,38.0,2330,0,Personal,7500,12,715.0,3,0,0,24.0,0,0
A00423,2025-07-02,Capital,48,Salaried,,2330,290,Business,1850,6,330.53,1,0,0,18.0,0,0
A01648,2025-07-02,East,51,Salaried,23.0,2670,0,Business,6450,12,614.9,0,0,0,21.0,0,0
A02435,2025-07-03,Capital,38,Self-employed,54.0,4010,0,Medical,2800,6,500.27,3,0,1,33.0,1,0
A00989,2025-07-03,East,27,Salaried,,3190,0,Personal,8700,18,587.73,2,0,1,16.0,0,0
A01402,2025-07-03,Coastal,55,Contract,38.0,3750,0,Education,14650,3,5059.13,1,0,0,28.0,0,0
A01910,2025-07-03,North,24,Contract,49.0,4740,1270,Personal,11200,12,1067.73,0,0,1,27.0,0,0
A01552,2025-07-03,Central,50,Salaried,67.0,3970,4850,Education,3300,12,314.6,1,1,1,21.0,1,0
A00152,2025-07-04,Central,37,Self-employed,,4060,2410,Home improvement,6550,6,1170.27,1,0,0,27.0,1,0
A00314,2025-07-04,Capital,55,Salaried,13.0,3210,0,Business,4900,6,875.47,1,0,1,20.0,1,0
A00820,2025-07-04,Capital,26,Salaried,65.0,2500,0,Business,7900,12,753.13,0,0,1,20.0,1,0
A01696,2025-07-04,South,34,Business owner,10.0,2680,0,Car,8150,18,550.58,3,0,0,27.0,0,0
A00794,2025-07-04,West,22,Self-employed,7.0,1660,3920,Personal,3050,18,206.04,0,0,0,29.0,1,0
A01203,2025-07-05,Coastal,58,Self-employed,18.0,7040,0,Home improvement,18150,12,1730.3,0,0,0,33.0,1,0
A00065,2025-07-05,North,39,Contract,33.0,4520,3480,Home improvement,9000,6,1608.0,0,0,1,29.0,0,0
A01716,2025-07-05,East,52,Contract,22.0,6800,4110,Personal,24300,9,2991.6,2,0,1,28.0,0,0
A01209,2025-07-06,Capital,49,Business owner,30.0,3750,0,Business,7550,12,719.77,2,0,0,28.0,0,0
A01337,2025-07-06,Coastal,36,Business owner,111.0,4880,0,Education,9900,3,3418.8,2,0,1,18.0,0,0
A02906,2025-07-06,Capital,56,Salaried,24.0,4950,0,Business,7950,18,537.07,1,0,1,22.0,1,0
A02505,2025-07-06,Central,63,Business owner,5.0,4200,0,Medical,8800,18,594.49,3,0,0,33.0,0,0
A00679,2025-07-06,South,47,Contract,83.0,4520,0,Business,6400,6,1143.47,5,1,0,38.0,0,0
A02148,2025-07-06,South,53,Self-employed,64.0,1620,0,Education,3100,6,553.87,1,0,0,39.0,0,0
A01233,2025-07-06,Highlands,33,Self-employed,11.0,3960,0,Business,11700,18,790.4,2,0,1,27.0,0,0
A02166,2025-07-06,West,45,Business owner,13.0,5000,0,Personal,13850,12,1320.37,3,1,1,39.0,0,0
A02270,2025-07-06,East,30,Self-employed,38.0,2340,0,Business,1200,24,64.4,0,0,0,32.0,0,0
A02334,2025-07-07,East,50,Salaried,17.0,1860,360,Car,4500,12,429.0,2,0,1,22.0,0,0
A00699,2025-07-08,North,42,Business owner,24.0,3140,0,Business,2800,12,266.93,4,0,0,30.0,1,0
A01039,2025-07-08,Capital,44,Salaried,79.0,3650,1830,Education,8150,6,1456.13,1,0,1,20.0,0,0
A00129,2025-07-08,Capital,39,Business owner,91.0,4180,0,Medical,16400,12,1563.47,0,0,0,32.0,0,0
A02873,2025-07-08,South,21,Self-employed,46.0,4110,0,Business,15150,18,1023.47,5,2,1,28.0,0,0
A00095,2025-07-08,West,26,Self-employed,,9340,0,Medical,12150,6,2170.8,1,0,0,23.0,1,0
A02309,2025-07-08,Coastal,57,Salaried,26.0,2450,5280,Home improvement,5150,9,634.02,1,0,0,21.0,0,1
A00263,2025-07-08,North,44,Salaried,43.0,3160,0,Medical,8100,24,434.7,2,0,1,14.0,1,0
A00222,2025-07-08,Highlands,40,Salaried,57.0,2070,0,Home improvement,3050,6,544.93,1,0,0,20.0,1,0
A00123,2025-07-09,Capital,40,Salaried,8.0,5250,4250,Business,7500,24,402.5,3,0,1,14.0,0,0
A01695,2025-07-09,South,22,Salaried,50.0,2570,0,Business,4200,12,400.4,1,0,0,15.0,0,0
A02301,2025-07-09,Capital,58,Salaried,12.0,3040,480,Business,3200,12,305.07,0,0,1,17.0,0,0
A02752,2025-07-10,North,60,Salaried,67.0,2640,2550,Home improvement,2300,12,219.27,2,0,1,19.0,1,0
A00033,2025-07-10,North,29,Business owner,14.0,3780,0,Car,5850,12,557.7,3,1,0,33.0,0,0
A01938,2025-07-11,Capital,61,Salaried,43.0,4850,0,Home improvement,11750,18,793.78,1,0,1,18.0,1,0
A01361,2025-07-11,Highlands,62,Contract,38.0,1900,0,Business,6550,3,2261.93,0,0,1,23.0,0,1
A01965,2025-07-11,East,48,Self-employed,20.0,7300,2030,Education,17600,24,944.53,4,0,0,35.0,0,0
A02516,2025-07-11,Coastal,57,Contract,40.0,3710,0,Car,13250,9,1631.22,2,0,0,30.0,0,0
A02648,2025-07-12,East,44,Self-employed,26.0,2360,1060,Education,5550,6,991.6,2,0,1,34.0,0,0
A02447,2025-07-12,North,37,Self-employed,38.0,7170,3450,Business,16700,12,1592.07,0,0,0,23.0,0,0
A02969,2025-07-12,North,59,Salaried,48.0,3210,0,Education,4050,12,386.1,3,0,1,16.0,0,0
A00150,2025-07-12,South,47,Salaried,42.0,4030,0,Education,9600,18,648.53,1,0,0,15.0,0,0
A02196,2025-07-13,North,28,Contract,86.0,3750,0,Business,8500,9,1046.44,2,1,0,26.0,0,1
A00553,2025-07-13,Capital,24,Salaried,39.0,4710,3210,Personal,8050,24,432.02,1,1,1,12.0,1,0
A02237,2025-07-13,Coastal,37,Salaried,16.0,6620,0,Personal,10900,9,1341.91,1,0,1,20.0,1,0
A00790,2025-07-13,Capital,46,Business owner,12.0,4750,6180,Business,11650,18,787.02,1,0,0,35.0,0,0
A02427,2025-07-13,Central,25,Salaried,40.0,4200,520,Car,2600,3,897.87,3,0,1,18.0,0,1
A00158,2025-07-13,North,28,Business owner,15.0,1930,1480,Business,5150,12,490.97,1,0,1,23.0,1,0
A00499,2025-07-13,East,50,Salaried,18.0,2550,5050,Car,4900,12,467.13,2,2,0,20.0,0,0
A02710,2025-07-14,South,47,Self-employed,12.0,5060,720,Home improvement,2950,18,199.29,0,0,0,27.0,0,0
A01960,2025-07-14,Capital,25,Self-employed,27.0,4560,0,Home improvement,12600,6,2251.2,1,0,0,23.0,0,0
A00347,2025-07-14,West,25,Salaried,31.0,1260,980,Car,1950,6,348.4,0,0,0,16.0,1,0
A01858,2025-07-14,Highlands,49,Self-employed,19.0,2610,0,Car,7200,12,686.4,0,0,0,18.0,1,0
A00506,2025-07-14,Capital,49,Salaried,12.0,3620,4130,Home improvement,10100,12,962.87,1,0,1,26.0,1,0
A01636,2025-07-15,North,41,Business owner,13.0,1840,1950,Home improvement,6900,18,466.13,1,0,1,24.0,0,0
A02123,2025-07-15,Highlands,55,Self-employed,20.0,2390,3530,Business,7250,9,892.56,0,0,0,41.0,0,0
A00455,2025-07-16,North,52,Salaried,56.0,10040,1990,Business,26100,12,2488.2,1,0,0,18.0,0,0
A01029,2025-07-16,South,52,Self-employed,14.0,3260,4170,Business,6100,3,2106.53,0,0,0,26.0,1,0
A02842,2025-07-17,Capital,44,Business owner,15.0,3610,0,Home improvement,2250,12,214.5,0,0,0,23.0,0,0
A02591,2025-07-17,North,32,Self-employed,46.0,2940,2560,Business,11100,12,1058.2,2,1,1,26.0,1,0
A00355,2025-07-18,Capital,48,Salaried,24.0,2510,1240,Home improvement,1050,6,187.6,0,0,0,15.0,0,0
A02790,2025-07-18,East,54,Business owner,25.0,1730,760,Business,4750,6,848.67,1,0,0,28.0,0,0
A01070,2025-07-19,Capital,52,Contract,20.0,2230,0,Business,5350,18,361.42,0,0,1,21.0,1,0
A00565,2025-07-19,North,51,Salaried,35.0,2240,1160,Personal,3250,12,309.83,4,1,1,17.0,0,1
A01457,2025-07-19,Central,39,Self-employed,47.0,2990,810,Business,9300,24,499.1,0,0,0,38.0,1,0
A02553,2025-07-19,Capital,59,Self-employed,21.0,4670,0,Education,13900,12,1325.13,1,0,0,31.0,0,0
A02415,2025-07-19,North,26,Self-employed,28.0,8950,0,Medical,9250,12,881.83,1,0,1,27.0,0,0
A02450,2025-07-20,Coastal,61,Business owner,16.0,5940,18400,Education,9350,18,631.64,2,0,1,20.0,0,0
A02271,2025-07-20,Coastal,47,Business owner,37.0,6490,0,Home improvement,17850,12,1701.7,2,0,0,30.0,1,0
A02852,2025-07-20,Capital,51,Business owner,36.0,3460,370,Home improvement,10350,18,699.2,3,0,1,33.0,0,0
A00779,2025-07-20,North,24,Self-employed,52.0,3090,0,Home improvement,11650,12,1110.63,2,1,0,29.0,0,0
A02765,2025-07-20,West,59,Self-employed,13.0,2570,0,Car,3000,6,536.0,2,0,1,30.0,0,0
A00059,2025-07-20,East,40,Salaried,38.0,8730,0,Car,16800,6,3001.6,2,0,1,18.0,1,0
A01575,2025-07-21,East,52,Salaried,36.0,5340,820,Medical,19200,9,2363.73,1,0,1,19.0,1,0
A02626,2025-07-21,Capital,45,Self-employed,83.0,3600,0,Education,3850,18,260.09,3,0,1,27.0,0,0
A00102,2025-07-21,Capital,21,Self-employed,19.0,1940,0,Business,7100,18,479.64,1,0,1,29.0,0,0
A01687,2025-07-21,Coastal,32,Salaried,10.0,4010,0,Business,11100,12,1058.2,1,0,0,15.0,1,0
A00104,2025-07-22,Capital,40,Self-employed,102.0,3840,0,Personal,11300,3,3902.27,3,0,0,23.0,1,0
A02342,2025-07-22,Capital,34,Self-employed,24.0,5410,11410,Home improvement,4650,12,443.3,1,0,0,35.0,1,0
A02063,2025-07-22,Capital,25,Salaried,7.0,5020,0,Home improvement,4850,6,866.53,1,0,0,16.0,0,0
A00959,2025-07-22,Capital,29,Salaried,46.0,3630,4190,Education,7300,9,898.71,3,2,1,19.0,1,1
A01063,2025-07-23,Capital,22,Self-employed,42.0,5700,1520,Personal,12200,6,2179.73,3,0,1,15.0,1,0
A01139,2025-07-23,North,36,Salaried,28.0,2960,1590,Personal,5150,12,490.97,1,0,1,9.0,1,0
A01204,2025-07-24,Coastal,21,Salaried,,5900,2010,Education,22700,9,2794.62,2,0,1,18.0,0,0
A02954,2025-07-24,West,60,Business owner,36.0,3970,0,Business,9650,18,651.91,1,0,0,35.0,0,0
A02926,2025-07-24,East,58,Self-employed,31.0,3080,810,Business,9550,3,3297.93,0,0,0,28.0,0,0
A02101,2025-07-24,South,38,Salaried,121.0,4920,0,Medical,13100,6,2340.53,2,1,1,23.0,0,0
A00157,2025-07-24,North,22,,32.0,1310,0,Personal,1700,12,162.07,1,0,0,33.0,0,0
A02340,2025-07-24,Highlands,55,Salaried,88.0,3710,0,Business,5400,12,514.8,1,0,0,17.0,0,0
A01480,2025-07-25,East,47,Business owner,106.0,4670,0,Business,11950,9,1471.18,1,0,1,30.0,0,0
A02886,2025-07-25,North,55,Business owner,31.0,1750,3030,Education,2250,24,120.75,0,0,0,21.0,0,0
A02812,2025-07-25,Highlands,51,Self-employed,41.0,2880,0,Personal,10150,18,685.69,1,0,0,32.0,0,0
A00094,2025-07-26,South,28,Salaried,82.0,4420,2130,Personal,2300,24,123.43,2,1,1,19.0,0,0
A00580,2025-07-26,Capital,53,Salaried,109.0,2280,0,Education,7850,9,966.42,1,0,0,16.0,0,1
A02294,2025-07-27,South,55,Self-employed,33.0,3110,0,Business,11300,3,3902.27,3,0,1,32.0,0,0
A00190,2025-07-27,East,21,Salaried,51.0,2860,0,Home improvement,4950,12,471.9,4,2,1,17.0,0,0
A00216,2025-07-27,West,29,Salaried,,2690,1320,Personal,8650,6,1545.47,0,0,0,13.0,0,0
A02165,2025-07-27,Central,28,Self-employed,25.0,6360,0,Car,8950,18,604.62,0,0,0,27.0,0,0
A02695,2025-07-27,North,32,Salaried,68.0,4320,6920,Education,9350,6,1670.53,1,0,1,14.0,1,0
A01331,2025-07-27,Capital,53,Salaried,24.0,2170,0,Education,5850,24,313.95,0,0,1,16.0,0,0
A01672,2025-07-28,Capital,51,Self-employed,34.0,3180,5170,Personal,12200,12,1163.07,4,0,1,38.0,0,0
A00047,2025-07-28,Highlands,40,Business owner,87.0,3040,0,Education,4200,12,400.4,3,1,0,40.0,0,0
A00708,2025-07-28,North,44,Self-employed,14.0,4200,1910,Home improvement,1800,18,121.6,2,1,0,31.0,1,0
A01502,2025-07-28,Central,61,Business owner,20.0,2650,390,Business,2900,9,357.02,1,0,0,32.0,0,1
A02676,2025-07-28,North,59,Salaried,105.0,3440,3730,Business,3200,12,305.07,1,0,0,,0,0
A01088,2025-07-29,Central,22,Salaried,31.0,2890,0,Business,2650,3,915.13,1,0,1,18.0,1,0
A01518,2025-07-29,Capital,37,Business owner,16.0,2280,0,Education,8850,6,1581.2,0,0,1,23.0,0,1
A01730,2025-07-29,Capital,25,Salaried,28.0,5590,1430,Car,3000,12,286.0,0,0,1,18.0,0,0
A00260,2025-07-29,Coastal,21,Self-employed,30.0,4080,2190,Education,4000,12,381.33,5,0,0,36.0,0,0
A00769,2025-07-29,North,52,Salaried,98.0,4120,0,Education,2450,9,301.62,0,0,1,22.0,1,0
A02218,2025-07-29,West,27,Self-employed,67.0,4670,0,Business,13500,12,1287.0,0,0,1,,1,0
A02589,2025-07-30,North,36,,37.0,13100,1490,Education,8750,12,834.17,2,0,0,31.0,1,1
A02595,2025-07-30,West,41,Contract,2.0,2070,0,Personal,4850,12,462.37,3,0,0,28.0,0,0
A01004,2025-07-30,West,33,Contract,19.0,5060,0,Car,5550,6,991.6,3,2,0,38.0,0,0
A02381,2025-07-30,South,49,Business owner,17.0,2070,2610,Personal,3300,6,589.6,0,0,0,31.0,0,0
A01413,2025-07-30,Central,61,Business owner,12.0,5790,3900,Home improvement,6950,12,662.57,1,0,0,26.0,1,1
A01887,2025-07-31,Capital,60,Self-employed,45.0,4480,0,Car,4550,12,433.77,2,0,1,26.0,0,0
A00034,2025-07-31,Capital,61,Business owner,87.0,4000,1070,Business,2650,6,473.47,3,0,0,36.0,1,0
A01605,2025-07-31,Central,27,Salaried,44.0,2190,0,Education,8100,12,772.2,0,0,1,28.0,0,0
A00600,2025-07-31,Capital,27,Business owner,36.0,3310,1030,Medical,1650,24,88.55,0,0,0,34.0,1,0
A00603,2025-07-31,Coastal,50,Salaried,38.0,2200,1010,Car,5500,6,982.67,1,1,1,13.0,1,0
A02266,2025-07-31,East,60,Self-employed,49.0,5540,1910,Business,15150,6,2706.8,1,0,1,25.0,0,0
A01414,2025-07-31,Central,41,Salaried,71.0,5670,0,Business,4500,6,804.0,2,1,0,23.0,1,0
A02662,2025-08-01,Highlands,22,Self-employed,47.0,3160,3190,Business,5000,9,615.56,1,0,1,22.0,1,0
A01299,2025-08-01,Capital,43,Self-employed,29.0,4310,6700,Car,10150,9,1249.58,1,1,1,33.0,0,0
A00341,2025-08-01,North,33,Self-employed,3.0,2960,0,Car,9750,6,1742.0,2,1,0,30.0,1,0
A02426,2025-08-02,Highlands,61,Salaried,28.0,6770,11300,Education,22200,18,1499.73,1,0,0,24.0,0,0
A00692,2025-08-02,Coastal,23,Business owner,32.0,3250,3600,Education,7800,9,960.27,0,0,0,,0,0
A00932,2025-08-02,North,42,Contract,13.0,3530,120,Education,5750,6,1027.33,1,0,0,29.0,1,0
A01381,2025-08-02,Coastal,51,Salaried,29.0,5050,3650,Business,4850,9,597.09,1,1,1,18.0,1,0
A02093,2025-08-02,North,27,Salaried,18.0,2260,0,Business,1000,6,178.67,1,1,1,13.0,1,0
A00694,2025-08-03,Capital,54,Self-employed,14.0,2920,4100,Personal,9000,6,1608.0,0,0,0,24.0,0,1
A02049,2025-08-03,North,27,Self-employed,24.0,3440,0,Home improvement,6450,12,614.9,1,0,0,34.0,1,0
A01449,2025-08-03,East,21,Salaried,52.0,1950,2360,Home improvement,1200,3,414.4,2,0,0,25.0,1,1
A02187,2025-08-03,Capital,36,Business owner,23.0,1910,0,Business,6350,18,428.98,1,0,1,28.0,0,0
A00344,2025-08-04,Capital,26,Contract,,2790,2580,Education,7350,24,394.45,2,1,0,39.0,1,0
A01563,2025-08-04,Capital,21,Salaried,102.0,2960,6050,Medical,4750,6,848.67,2,0,1,16.0,0,1
A01901,2025-08-04,Central,59,Contract,83.0,3510,0,Medical,1600,9,196.98,1,1,1,30.0,0,0
A02587,2025-08-04,East,37,Self-employed,28.0,5060,0,Business,2200,6,393.07,1,0,1,29.0,0,0
A01972,2025-08-04,Capital,58,Business owner,34.0,8190,6250,Personal,28400,24,1524.13,2,0,0,33.0,0,0
A01273,2025-08-05,Coastal,30,Salaried,27.0,5170,0,Car,7750,24,415.92,2,0,1,20.0,0,0
A02774,2025-08-05,Capital,40,Self-employed,28.0,3060,0,Car,5550,24,297.85,3,1,1,33.0,0,0
A02807,2025-08-05,North,34,Self-employed,63.0,4750,660,Education,7200,24,386.4,3,3,0,33.0,0,0
A02955,2025-08-05,Capital,33,Contract,27.0,2340,0,Home improvement,7250,6,1295.33,1,0,0,33.0,0,0
A00751,2025-08-05,South,59,Salaried,7.0,2690,4230,Business,5600,18,378.31,1,0,0,14.0,1,0
A02785,2025-08-05,East,63,Salaried,4.0,5450,8310,Education,7800,24,418.6,1,0,1,11.0,0,0
A00618,2025-08-06,West,52,Business owner,50.0,1680,0,Personal,1900,12,181.13,2,0,1,28.0,0,0
A01719,2025-08-06,Central,50,Contract,14.0,3660,1050,Home improvement,8100,24,434.7,5,1,0,21.0,0,0
A02031,2025-08-06,Capital,44,Business owner,49.0,4650,2040,Business,8000,12,762.67,3,0,0,30.0,1,0
A01590,2025-08-06,Capital,46,Contract,22.0,3350,270,Home improvement,11550,12,1101.1,1,1,0,,0,0
A00682,2025-08-06,South,58,Self-employed,64.0,5190,5760,Personal,11750,18,793.78,1,0,1,30.0,0,0
A02272,2025-08-07,North,26,Salaried,31.0,2480,0,Car,2150,6,384.13,3,1,1,13.0,0,0
A02525,2025-08-08,Highlands,22,Salaried,42.0,4900,0,Education,9900,6,1768.8,3,0,1,22.0,0,0
A02866,2025-08-08,Capital,21,Self-employed,37.0,5130,8120,Home improvement,8000,12,762.67,0,0,1,24.0,0,0
A02578,2025-08-08,South,25,Salaried,31.0,2760,610,Home improvement,4550,12,433.77,1,0,1,27.0,0,0
A00369,2025-08-08,South,31,Salaried,59.0,5570,2900,Home improvement,8900,6,1590.13,3,0,0,17.0,0,1
A01362,2025-08-08,Highlands,48,Contract,35.0,3040,0,Home improvement,1400,6,250.13,1,0,0,32.0,0,0
A01317,2025-08-08,Central,63,Self-employed,54.0,2070,400,Car,5450,12,519.57,0,0,1,28.0,0,0
A01572,2025-08-08,North,47,Business owner,11.0,4160,4140,Car,5950,6,1063.07,2,0,0,28.0,1,0
A00097,2025-08-08,Capital,60,Business owner,72.0,4800,860,Education,7000,18,472.89,1,0,0,30.0,0,0
A02699,2025-08-08,Coastal,47,Salaried,30.0,2490,0,Business,1400,18,94.58,0,0,1,21.0,1,0
A01349,2025-08-09,South,62,,,8960,3270,Business,26450,24,1419.48,2,0,0,23.0,0,0
A01929,2025-08-10,Highlands,22,Contract,100.0,1750,0,Education,3850,9,473.98,0,0,0,,0,0
A02773,2025-08-10,Highlands,35,Self-employed,63.0,8240,0,Business,31700,12,3022.07,0,0,1,29.0,1,0
A02494,2025-08-10,West,55,Self-employed,59.0,3020,0,Education,4700,12,448.07,1,0,0,38.0,0,0
A00397,2025-08-10,North,36,Self-employed,43.0,3030,0,Business,9350,12,891.37,3,1,1,28.0,1,0
A02174,2025-08-10,Capital,23,Self-employed,42.0,1910,0,Personal,1900,6,339.47,0,0,0,30.0,0,0
A01403,2025-08-10,East,37,Salaried,68.0,2920,0,Medical,3950,12,376.57,4,0,1,23.0,0,0
A01469,2025-08-10,Highlands,34,Business owner,11.0,2850,240,Car,8550,18,577.6,3,0,0,36.0,1,0
A00740,2025-08-10,Highlands,51,Self-employed,21.0,2420,900,Business,3600,18,243.2,1,0,1,33.0,0,0
A02514,2025-08-11,West,22,Self-employed,65.0,9460,10790,Education,4250,12,405.17,1,1,1,42.0,0,0
A02561,2025-08-11,South,59,Business owner,11.0,1240,2320,Personal,1300,3,448.93,0,0,0,30.0,0,0
A01000,2025-08-11,South,45,Contract,42.0,5080,0,Business,3000,6,536.0,1,0,0,25.0,0,0
A02370,2025-08-11,North,41,Business owner,66.0,2120,4040,Education,4500,6,804.0,0,0,0,28.0,1,0
A00551,2025-08-12,Capital,24,Salaried,25.0,4830,2600,Education,13850,18,935.64,3,0,1,22.0,0,0
A01586,2025-08-12,West,30,Business owner,55.0,4600,0,Home improvement,15150,24,813.05,1,0,0,32.0,0,0
A02789,2025-08-12,Central,40,Self-employed,28.0,1400,3820,Home improvement,5450,24,292.48,0,0,0,26.0,0,0
A01134,2025-08-12,West,32,Self-employed,79.0,2220,1240,Business,6400,12,610.13,4,1,1,33.0,1,0
A02922,2025-08-13,Capital,51,Contract,17.0,4790,380,Personal,15050,9,1852.82,0,0,1,35.0,1,0
A02400,2025-08-13,Highlands,36,Salaried,13.0,2390,1220,Education,950,6,169.73,1,0,1,18.0,0,0
A01961,2025-08-13,Coastal,60,Business owner,76.0,4360,0,Business,5900,9,726.36,3,0,1,33.0,0,0
A02483,2025-08-13,North,63,Contract,40.0,4690,6410,Business,9650,6,1724.13,0,0,0,20.0,0,0
A01748,2025-08-14,North,48,Business owner,45.0,3530,0,Business,9200,9,1132.62,1,0,0,28.0,0,0
A02546,2025-08-14,Coastal,28,Salaried,54.0,4060,6980,Home improvement,13800,18,932.27,4,0,0,16.0,0,0
A02557,2025-08-15,South,58,Business owner,30.0,3340,0,Home improvement,3450,18,233.07,0,0,0,24.0,0,0
A01163,2025-08-15,Capital,52,Business owner,29.0,1630,0,Business,3650,6,652.13,0,0,1,25.0,0,0
A01010,2025-08-15,Capital,63,Self-employed,29.0,2390,4880,Business,5700,12,543.4,3,1,0,34.0,1,0
A02453,2025-08-16,South,35,Self-employed,80.0,10120,32860,Car,30200,12,2879.07,1,0,0,27.0,0,0
A01409,2025-08-16,Capital,56,Salaried,91.0,3430,7180,Home improvement,9500,3,3280.67,0,0,1,20.0,0,0
A01458,2025-08-16,South,46,,7.0,1540,1790,Education,3150,12,300.3,2,0,0,34.0,1,0
A02504,2025-08-16,Highlands,58,Salaried,27.0,4460,0,Car,2500,18,168.89,2,1,1,21.0,1,0
A01882,2025-08-17,Capital,42,Business owner,,1390,0,Medical,2500,6,446.67,2,0,0,20.0,0,0
A01645,2025-08-17,Capital,54,Salaried,41.0,2600,0,Education,4400,12,419.47,2,0,1,15.0,0,0
A00256,2025-08-18,North,37,Business owner,38.0,5830,0,Personal,10200,24,547.4,2,0,0,27.0,0,0
A01334,2025-08-18,North,38,Self-employed,65.0,2810,1710,Education,5650,12,538.63,0,0,0,22.0,1,0
A02999,2025-08-19,Capital,22,Self-employed,47.0,4620,0,Education,8750,6,1563.33,2,1,0,25.0,1,0
A00162,2025-08-19,East,39,Self-employed,32.0,3510,1940,Business,2900,12,276.47,1,0,1,28.0,0,0
A01643,2025-08-19,West,41,Self-employed,66.0,2000,1040,Home improvement,4350,12,414.7,1,0,0,27.0,1,0
A01930,2025-08-19,Capital,62,Self-employed,21.0,2730,0,Business,1850,6,330.53,1,0,0,45.0,0,0
A01739,2025-08-19,Central,50,,26.0,1650,990,Medical,2750,9,338.56,1,0,1,14.0,1,0
A00656,2025-08-19,Central,34,Salaried,22.0,2060,1330,Personal,3700,24,198.57,2,1,0,15.0,1,0
A00829,2025-08-20,Coastal,40,Salaried,8.0,2880,2190,Business,4200,9,517.07,2,1,1,13.0,0,0
A01117,2025-08-20,North,48,Salaried,42.0,2360,1300,Business,7700,12,734.07,1,0,1,19.0,0,0
A02833,2025-08-20,North,62,Salaried,96.0,3330,4580,Business,3500,12,333.67,1,0,1,21.0,1,0
A01190,2025-08-20,Coastal,39,Self-employed,23.0,3080,0,Business,10800,12,1029.6,1,0,0,22.0,0,0
A00352,2025-08-20,West,62,,17.0,2060,990,Education,4600,12,438.53,1,0,1,24.0,1,0
A00750,2025-08-20,North,28,Salaried,,3730,0,Personal,11450,9,1409.62,1,0,1,21.0,0,0
A02092,2025-08-20,South,54,Self-employed,30.0,7700,0,Business,28750,12,2740.83,2,0,0,29.0,0,0
A02014,2025-08-20,West,49,Salaried,4.0,6030,17780,Car,4200,3,1450.4,2,0,0,22.0,0,0
A01642,2025-08-21,East,27,Salaried,7.0,4610,0,Education,8700,6,1554.4,1,0,1,22.0,0,0
A00596,2025-08-21,Central,63,Business owner,,2820,0,Business,9950,6,1777.73,0,0,1,25.0,1,0
A02292,2025-08-21,Highlands,50,Salaried,33.0,3050,510,Business,9800,12,934.27,4,0,0,16.0,1,1
A01979,2025-08-21,South,51,Self-employed,16.0,3940,2780,Car,13200,12,1258.4,0,0,0,33.0,0,0
A00906,2025-08-21,Central,58,Business owner,69.0,6240,3750,Education,17550,24,941.85,3,0,0,30.0,1,0
A02038,2025-08-21,Central,31,Contract,53.0,6680,0,Business,9850,12,939.03,0,0,1,31.0,1,0
A00214,2025-08-21,Highlands,23,Salaried,19.0,3340,930,Medical,8150,12,776.97,1,0,1,21.0,1,0
A02002,2025-08-22,Coastal,44,Self-employed,33.0,2270,1440,Education,8750,6,1563.33,1,0,0,28.0,1,0
A02116,2025-08-22,North,31,Salaried,32.0,2460,0,Home improvement,6400,18,432.36,2,0,1,19.0,1,0
A01047,2025-08-22,Capital,36,Salaried,34.0,5390,0,Business,9300,18,628.27,0,0,1,19.0,1,0
A01723,2025-08-22,Capital,40,Contract,38.0,2980,0,Education,6300,12,600.6,0,0,0,32.0,0,0
A02231,2025-08-22,Highlands,29,Self-employed,19.0,5140,2230,Education,12350,12,1177.37,2,0,0,29.0,0,0
A01579,2025-08-22,Capital,45,Business owner,17.0,1650,1250,Car,5100,9,627.87,1,0,0,33.0,0,0
A01191,2025-08-22,East,58,Salaried,,1970,4330,Car,4700,24,252.23,3,1,1,12.0,0,0
A00575,2025-08-22,Coastal,29,Contract,38.0,4160,5260,Car,13200,12,1258.4,2,2,0,36.0,1,1
A01783,2025-08-22,North,38,Self-employed,69.0,2300,1400,Home improvement,8650,3,2987.13,3,1,0,36.0,1,1
A00587,2025-08-23,North,49,Self-employed,13.0,5500,0,Business,15050,18,1016.71,3,0,0,36.0,1,0
A00912,2025-08-23,Capital,22,Self-employed,45.0,1390,0,Business,5100,12,486.2,4,1,0,26.0,1,0
A02404,2025-08-23,Capital,36,Salaried,23.0,1360,630,Car,3100,18,209.42,1,0,0,19.0,1,0
A01968,2025-08-24,West,27,Salaried,41.0,3870,2770,Education,6800,12,648.27,2,0,1,24.0,1,0
A01789,2025-08-24,Capital,33,Salaried,50.0,2790,0,Education,2750,12,262.17,3,1,0,20.0,1,0
A00714,2025-08-25,South,36,Salaried,9.0,3930,8630,Medical,10750,6,1920.67,1,0,1,15.0,0,1
A02348,2025-08-25,West,30,Salaried,10.0,3170,2970,Home improvement,7000,18,472.89,0,0,1,15.0,0,0
A00803,2025-08-25,Capital,29,Salaried,76.0,6500,0,Home improvement,26000,6,4645.33,2,0,1,17.0,1,0
A02929,2025-08-25,Capital,32,Salaried,97.0,3380,0,Car,7600,12,724.53,0,0,1,16.0,1,0
A00605,2025-08-25,South,27,Salaried,11.0,1990,2870,Home improvement,3200,3,1105.07,2,1,1,15.0,1,0
A02296,2025-08-26,South,59,Salaried,20.0,5010,3110,Home improvement,4950,3,1709.4,0,0,1,13.0,0,0
A01654,2025-08-26,Capital,39,Self-employed,10.0,1320,1550,Home improvement,3650,6,652.13,1,1,1,26.0,0,0
A01547,2025-08-26,East,55,Salaried,91.0,2310,670,Education,7400,18,499.91,2,0,1,13.0,0,0
A00515,2025-08-26,North,30,Salaried,55.0,7200,0,Home improvement,18650,3,6440.47,2,1,1,13.0,1,0
A00831,2025-08-26,West,51,Salaried,14.0,4220,5940,Education,14650,24,786.22,1,0,1,14.0,1,0
A02050,2025-08-27,North,39,Salaried,49.0,3170,420,Medical,6400,12,610.13,2,0,1,18.0,0,0
A00896,2025-08-27,Capital,21,Contract,64.0,4720,0,Medical,10250,3,3539.67,3,1,0,24.0,1,0
A02927,2025-08-27,Coastal,50,Salaried,18.0,4160,3360,Business,2900,18,195.91,0,0,1,16.0,0,0
A02617,2025-08-27,West,57,Contract,,4300,0,Personal,6800,9,837.16,1,0,0,30.0,1,0
A02794,2025-08-27,Highlands,27,Self-employed,45.0,4400,0,Home improvement,15600,12,1487.2,0,0,1,25.0,1,0
A02273,2025-08-27,North,27,Business owner,52.0,10920,0,Home improvement,26700,24,1432.9,1,0,1,36.0,0,0
A02757,2025-08-27,Coastal,48,Salaried,16.0,3610,6880,Business,3200,18,216.18,2,0,1,22.0,0,1
A02441,2025-08-28,Highlands,21,Contract,112.0,3270,230,Business,5900,18,398.58,4,1,1,27.0,0,0
A01551,2025-08-28,North,23,Business owner,23.0,2570,0,Car,7550,18,510.04,2,1,0,27.0,0,0
A01230,2025-08-28,West,52,Business owner,28.0,4140,1250,Business,6350,12,605.37,5,0,1,20.0,1,0
A02290,2025-08-28,North,29,Salaried,52.0,5920,1050,Personal,21800,24,1169.93,2,0,1,14.0,0,0
A01864,2025-08-28,Coastal,56,Self-employed,43.0,12690,0,Home improvement,12100,18,817.42,1,0,0,26.0,0,0
A02293,2025-08-29,Capital,32,Business owner,61.0,2090,0,Education,6450,6,1152.4,2,1,0,20.0,0,0
A01545,2025-08-29,Highlands,33,Business owner,0.0,5980,6440,Business,8700,3,3004.4,1,1,1,30.0,0,0
A01489,2025-08-29,North,23,Self-employed,48.0,3540,6330,Car,11000,3,3798.67,2,1,1,28.0,0,1
A00638,2025-08-29,Highlands,26,Business owner,20.0,4820,790,Medical,16100,6,2876.53,1,0,0,27.0,1,0
A02977,2025-08-29,Capital,37,Self-employed,28.0,3140,0,Home improvement,6000,12,572.0,1,0,0,32.0,0,1
A00078,2025-08-30,West,44,Business owner,97.0,6000,0,Business,11050,12,1053.43,3,0,0,37.0,1,0
A02023,2025-08-30,Capital,46,Self-employed,7.0,5080,0,Education,9300,12,886.6,0,0,0,32.0,1,0
A01112,2025-08-30,North,56,Business owner,37.0,4900,14320,Business,13100,6,2340.53,1,0,0,27.0,0,0
A02619,2025-08-30,Coastal,42,Self-employed,22.0,7200,14470,Car,23800,3,8218.93,1,0,1,25.0,1,0
A01639,2025-08-31,South,51,Self-employed,98.0,2920,0,Education,3650,12,347.97,0,0,0,39.0,1,0
A02417,2025-08-31,South,24,Salaried,29.0,4420,0,Education,7050,3,2434.6,2,0,0,14.0,1,0
A01421,2025-08-31,Capital,41,Self-employed,11.0,5710,7840,Business,3450,9,424.73,1,1,0,28.0,1,0
A00107,2025-09-02,East,28,Salaried,40.0,1600,650,Home improvement,3500,9,430.89,1,0,1,17.0,0,0
A01500,2025-09-02,South,41,Salaried,31.0,2380,0,Education,3650,12,347.97,4,0,1,10.0,1,0
A00376,2025-09-02,Capital,36,Self-employed,29.0,4610,3650,Home improvement,10950,12,1043.9,2,0,1,32.0,0,0
A01664,2025-09-02,North,28,Salaried,32.0,2990,880,Medical,5050,6,902.27,0,0,1,,0,0
A02783,2025-09-03,West,28,Salaried,38.0,5850,5410,Business,9000,12,858.0,2,0,1,16.0,0,0
A00006,2025-09-03,Capital,30,Salaried,55.0,4570,1310,Business,3200,9,393.96,3,0,1,17.0,0,0
A01753,2025-09-03,West,33,Self-employed,72.0,4120,3840,Medical,6400,12,610.13,1,0,0,27.0,1,0
A02085,2025-09-03,Highlands,41,Salaried,74.0,1920,0,Personal,7300,18,493.16,3,0,0,18.0,0,0
A02556,2025-09-03,South,23,Salaried,49.0,4970,3600,Business,12700,12,1210.73,1,0,1,16.0,0,1
A01316,2025-09-03,North,63,Salaried,41.0,6830,26400,Car,3450,3,1191.4,4,1,1,15.0,0,0
A01669,2025-09-04,Capital,60,Self-employed,8.0,3520,1610,Home improvement,12300,3,4247.6,1,0,0,36.0,0,1
A00016,2025-09-04,Capital,30,Salaried,38.0,6320,2210,Home improvement,12950,12,1234.57,2,0,1,22.0,0,0
A01280,2025-09-04,Capital,25,Salaried,74.0,2920,0,Medical,9700,12,924.73,4,1,1,23.0,1,0
A00032,2025-09-05,West,39,Salaried,77.0,5810,0,Car,14100,12,1344.2,2,1,0,15.0,0,0
A00870,2025-09-05,East,27,Contract,3.0,3990,0,Medical,12550,6,2242.27,0,0,0,39.0,1,0
A00592,2025-09-05,East,29,,48.0,2610,0,Business,7000,12,667.33,1,0,0,31.0,0,0
A00402,2025-09-05,West,43,Self-employed,109.0,2460,0,Personal,9650,12,919.97,2,1,0,28.0,0,0
A01533,2025-09-05,Highlands,50,Business owner,8.0,3560,4880,Business,6300,24,338.1,0,0,0,27.0,0,0
A00997,2025-09-06,South,28,Contract,119.0,2150,800,Home improvement,7500,12,715.0,2,0,0,22.0,1,0
A02538,2025-09-06,Central,38,Self-employed,15.0,6060,0,Education,9350,6,1670.53,0,0,0,39.0,1,0
A01923,2025-09-06,Central,54,Salaried,9.0,4400,3340,Business,14000,24,751.33,0,0,1,18.0,0,0
A01330,2025-09-06,Capital,27,Business owner,,1990,1190,Car,1900,6,339.47,0,0,0,29.0,1,0
A00950,2025-09-06,Capital,28,Salaried,13.0,4130,0,Car,7000,24,375.67,0,0,1,19.0,1,0
A01905,2025-09-06,Coastal,44,Salaried,,3620,3280,Personal,5700,9,701.73,2,1,1,19.0,0,0
A02580,2025-09-06,East,61,Business owner,34.0,4500,0,Home improvement,9450,18,638.4,1,0,0,27.0,0,0
A00240,2025-09-06,Highlands,50,Business owner,30.0,2590,490,Education,1750,3,604.33,2,0,0,24.0,0,0
A02766,2025-09-06,Capital,46,Business owner,77.0,1560,640,Home improvement,6200,6,1107.73,3,2,0,34.0,0,1
A00007,2025-09-06,Capital,37,Salaried,,2980,0,Business,8250,9,1015.67,2,0,1,,1,0
A00175,2025-09-07,Capital,51,Self-employed,60.0,1560,1710,Education,5600,24,300.53,1,1,0,41.0,0,0
A02095,2025-09-07,Capital,55,,43.0,2190,2060,Education,6900,12,657.8,3,0,1,24.0,0,1
A00824,2025-09-07,West,40,Business owner,68.0,2560,0,Car,1300,12,123.93,2,0,0,36.0,1,0
A01788,2025-09-08,Capital,24,Salaried,41.0,3870,100,Personal,2050,9,252.38,3,1,0,20.0,0,0
A02151,2025-09-08,Capital,53,Business owner,7.0,4370,4430,Business,16150,6,2885.47,3,1,0,24.0,0,0
A02213,2025-09-09,North,32,Contract,14.0,2580,0,Car,3150,24,169.05,1,0,0,27.0,1,0
A01734,2025-09-09,Capital,32,Salaried,41.0,4040,2180,Business,14300,3,4938.27,0,0,1,17.0,0,1
A01622,2025-09-09,Capital,55,Contract,23.0,1650,0,Business,5900,24,316.63,1,0,1,39.0,1,0
A02823,2025-09-09,Central,49,Business owner,17.0,3540,0,Home improvement,5150,12,490.97,0,0,0,21.0,0,0
A01505,2025-09-09,Highlands,59,Self-employed,51.0,4850,1150,Car,11250,3,3885.0,3,2,0,27.0,0,0
A00780,2025-09-10,Capital,23,Self-employed,39.0,4730,0,Car,3300,6,589.6,1,0,0,27.0,0,0
A02087,2025-09-10,South,48,Self-employed,44.0,2190,1860,Education,5000,3,1726.67,3,0,1,31.0,1,0
A01761,2025-09-10,West,40,Contract,44.0,1900,0,Education,2100,12,200.2,1,0,0,24.0,1,0
A00718,2025-09-10,West,47,Self-employed,21.0,2000,110,Personal,7150,12,681.63,1,0,0,40.0,0,0
A00560,2025-09-11,Capital,41,Salaried,25.0,3040,3260,Education,7000,3,2417.33,1,1,1,15.0,1,1
A02064,2025-09-11,West,24,Business owner,37.0,1310,740,Personal,4300,18,290.49,3,1,0,23.0,1,0
A00056,2025-09-11,South,60,Contract,25.0,1480,3160,Personal,2850,9,350.87,3,1,0,37.0,0,0
A02395,2025-09-12,North,25,Salaried,41.0,4190,1320,Car,7600,12,724.53,1,0,1,19.0,0,0
A00845,2025-09-12,South,23,Salaried,121.0,2430,830,Car,5200,18,351.29,0,0,1,,0,0
A02782,2025-09-12,Central,63,Salaried,82.0,2440,1710,Home improvement,1050,12,100.1,1,0,1,15.0,1,0
A01053,2025-09-12,Capital,25,Salaried,55.0,2820,3490,Business,1500,6,268.0,1,0,1,17.0,1,0
A01621,2025-09-12,Highlands,39,,109.0,6940,1050,Business,22850,6,4082.53,0,0,1,12.0,1,0
A00339,2025-09-12,North,45,Self-employed,23.0,7370,0,Business,17900,3,6181.47,0,0,1,27.0,1,0
A02355,2025-09-12,West,30,Business owner,27.0,3510,0,Personal,5800,12,552.93,0,0,1,45.0,0,0
A00119,2025-09-13,Capital,50,Contract,29.0,4840,0,Business,12250,24,657.42,1,0,0,22.0,0,0
A02825,2025-09-13,Coastal,29,Self-employed,11.0,2790,1150,Car,7800,12,743.6,1,1,1,26.0,0,0
A02250,2025-09-13,West,40,Business owner,79.0,2010,1010,Business,4750,9,584.78,0,0,1,27.0,0,0
A01069,2025-09-13,East,63,Business owner,72.0,6630,5960,Car,17400,3,6008.8,0,0,0,26.0,1,0
A01805,2025-09-13,Coastal,36,Self-employed,10.0,4120,1870,Car,12100,6,2161.87,0,0,0,34.0,0,0
A02941,2025-09-13,South,24,Salaried,33.0,5230,0,Education,20250,9,2493.0,4,0,1,18.0,1,0
A01726,2025-09-13,Central,35,Salaried,47.0,7830,0,Business,9700,12,924.73,1,1,1,28.0,0,0
A02261,2025-09-14,Capital,52,Salaried,51.0,4070,0,Education,10750,3,3712.33,1,0,1,20.0,1,0
A00320,2025-09-14,Capital,35,Self-employed,45.0,3030,0,Business,10100,6,1804.53,1,0,0,30.0,0,0
A02536,2025-09-14,Capital,34,Self-employed,15.0,3990,0,Car,3450,12,328.9,2,1,0,32.0,1,0
A01841,2025-09-14,South,42,Salaried,50.0,5410,0,Home improvement,6600,12,629.2,2,1,1,22.0,1,1
A01291,2025-09-15,North,53,Salaried,97.0,2910,0,Medical,9400,3,3246.13,1,0,1,22.0,1,0
A01022,2025-09-15,West,56,Salaried,22.0,2960,12220,Business,9150,3,3159.8,1,0,1,12.0,1,1
A00558,2025-09-15,East,62,Business owner,37.0,5030,6070,Education,8200,6,1465.07,0,0,0,34.0,0,0
A01585,2025-09-15,East,43,Business owner,73.0,6980,5770,Personal,27200,9,3348.62,1,0,0,32.0,0,0
A02227,2025-09-15,North,48,Self-employed,46.0,4390,1400,Home improvement,9950,24,533.98,2,0,0,26.0,0,0
A00289,2025-09-16,Coastal,35,Salaried,41.0,970,0,Home improvement,3000,24,161.0,0,0,1,21.0,0,0
A01956,2025-09-17,North,59,Salaried,49.0,3200,0,Business,1300,9,160.04,1,0,1,17.0,1,0
A02384,2025-09-17,East,25,Salaried,14.0,4340,9860,Medical,16400,18,1107.91,1,0,1,18.0,0,0
A02657,2025-09-17,West,33,Salaried,21.0,2450,2940,Home improvement,8600,9,1058.76,0,0,1,17.0,1,0
A02787,2025-09-17,Capital,27,Self-employed,73.0,5680,6530,Education,5200,18,351.29,3,0,1,33.0,0,0
A02732,2025-09-17,East,53,Salaried,10.0,4280,0,Home improvement,14650,24,786.22,1,0,1,19.0,0,0
A01103,2025-09-17,Capital,41,Contract,28.0,3380,4050,Home improvement,9100,9,1120.31,2,0,0,42.0,1,0
A02208,2025-09-18,Highlands,45,Business owner,61.0,6790,0,Education,13550,12,1291.77,0,0,0,31.0,0,0
A02153,2025-09-18,West,33,Self-employed,14.0,2070,3130,Education,4100,12,390.87,0,0,0,41.0,0,0
A01019,2025-09-18,South,56,Salaried,61.0,3200,2990,Home improvement,10050,9,1237.27,1,0,1,25.0,0,0
A02526,2025-09-18,Capital,54,Salaried,53.0,3500,3830,Car,6900,9,849.47,3,0,1,14.0,0,0
A00028,2025-09-19,Capital,38,Self-employed,32.0,5290,7700,Car,12700,12,1210.73,0,0,0,31.0,0,0
A02445,2025-09-19,North,28,Salaried,34.0,2690,290,Education,4250,12,405.17,0,0,1,23.0,0,0
A01713,2025-09-19,Capital,45,Self-employed,24.0,1930,1830,Business,2300,6,410.93,1,0,0,23.0,1,0
A01848,2025-09-19,East,55,Self-employed,,6670,9110,Home improvement,16600,3,5732.53,2,0,0,26.0,0,0
A01116,2025-09-19,Coastal,21,,16.0,3550,7620,Car,1500,6,268.0,3,0,0,31.0,0,0
A02110,2025-09-19,East,58,Self-employed,38.0,1660,650,Business,2900,3,1001.47,0,0,0,31.0,0,1
A02027,2025-09-19,Capital,45,Salaried,23.0,3140,0,Car,9100,18,614.76,3,1,1,16.0,1,0
A00166,2025-09-20,Highlands,57,Contract,32.0,2650,0,Home improvement,1800,18,121.6,1,0,0,19.0,0,0
A01195,2025-09-20,Capital,43,Self-employed,59.0,3290,0,Home improvement,2050,3,707.93,3,0,1,25.0,0,0
A01731,2025-09-20,Capital,53,Salaried,40.0,6510,8410,Business,18700,18,1263.29,1,1,1,23.0,0,0
A02961,2025-09-20,Coastal,37,Salaried,17.0,2000,0,Business,7550,6,1348.93,1,0,0,10.0,0,1
A02677,2025-09-20,Capital,38,Salaried,43.0,4620,0,Medical,10600,24,568.87,2,0,1,11.0,0,0
A01801,2025-09-20,South,39,Business owner,118.0,6720,1410,Business,21700,12,2068.73,0,0,1,30.0,1,0
A00927,2025-09-21,Capital,23,Salaried,68.0,6370,2970,Business,2800,12,266.93,1,0,0,13.0,1,0
A02583,2025-09-21,North,23,Self-employed,73.0,3570,0,Business,3050,6,544.93,0,0,0,24.0,0,0
A00904,2025-09-21,Capital,44,Business owner,53.0,3130,0,Business,6900,6,1232.8,2,0,0,36.0,1,0
A00733,2025-09-22,Central,55,Salaried,87.0,2530,4290,Car,9900,12,943.8,0,0,1,20.0,0,0
A02834,2025-09-22,North,45,Contract,17.0,6760,3210,Personal,24500,9,3016.22,2,0,0,24.0,1,0
A02482,2025-09-22,East,22,Salaried,35.0,4540,0,Home improvement,17500,6,3126.67,1,0,0,22.0,1,0
A02701,2025-09-22,Coastal,62,Salaried,20.0,1850,1010,Personal,6250,12,595.83,3,0,1,15.0,0,0
A01366,2025-09-23,South,42,Self-employed,,4170,0,Home improvement,10150,24,544.72,3,0,1,33.0,1,0
A01646,2025-09-23,Highlands,52,Salaried,,5170,0,Business,19250,12,1835.17,2,0,0,27.0,1,0
A00501,2025-09-23,Capital,46,Salaried,55.0,1220,0,Car,1500,3,518.0,1,1,1,17.0,0,0
A00571,2025-09-23,West,35,Self-employed,46.0,4900,0,Education,10000,6,1786.67,3,1,1,36.0,1,0
A01629,2025-09-24,Capital,21,Business owner,80.0,5820,13790,Education,18800,24,1008.93,0,0,1,31.0,0,0
A00168,2025-09-24,West,32,Salaried,2.0,6640,0,Medical,15850,6,2831.87,4,0,1,20.0,0,0
A02121,2025-09-25,North,49,Salaried,42.0,8150,2670,Education,21950,12,2092.57,1,0,0,15.0,1,0
A00956,2025-09-25,North,26,Salaried,34.0,4390,0,Car,14900,6,2662.13,2,1,1,16.0,1,0
A01174,2025-09-25,Highlands,63,Salaried,39.0,5330,0,Personal,10600,18,716.09,0,0,1,17.0,0,0
A00709,2025-09-25,West,44,Self-employed,46.0,4520,6270,Business,8250,9,1015.67,2,1,1,30.0,1,1
A02509,2025-09-25,Capital,41,Self-employed,34.0,2960,6230,Education,11700,12,1115.4,2,0,0,27.0,0,0
A01050,2025-09-25,Capital,53,Self-employed,150.0,10200,23000,Home improvement,13350,9,1643.53,1,1,0,34.0,1,0
A01619,2025-09-26,Capital,29,Self-employed,61.0,3300,4740,Medical,10400,24,558.13,1,0,1,37.0,0,0
A00619,2025-09-26,Highlands,63,,,2010,2190,Home improvement,3350,24,179.78,0,0,1,14.0,1,0
A01735,2025-09-26,North,32,Salaried,77.0,5450,0,Education,2250,12,214.5,0,0,1,18.0,1,0
A00722,2025-09-27,Capital,27,Contract,20.0,6990,0,Business,21850,9,2689.98,1,0,0,32.0,1,0
A02762,2025-09-27,Highlands,26,Business owner,39.0,6590,4690,Personal,11050,9,1360.38,3,0,0,23.0,0,0
A02136,2025-09-27,Capital,48,Contract,23.0,1870,0,Business,3450,12,328.9,1,0,0,26.0,1,0
A01852,2025-09-27,Central,58,Salaried,14.0,4680,0,Personal,10350,3,3574.2,0,0,1,12.0,0,0
A02247,2025-09-27,North,37,Salaried,20.0,2630,0,Personal,7900,12,753.13,1,0,1,20.0,1,1
A00668,2025-09-28,Coastal,43,Salaried,39.0,2870,0,Car,3250,3,1122.33,1,0,0,18.0,1,0
A02761,2025-09-28,North,24,Contract,90.0,1720,0,Business,5050,12,481.43,1,0,1,35.0,0,1
A02909,2025-09-28,South,40,Salaried,65.0,5830,0,Personal,6800,12,648.27,3,0,0,18.0,1,0
A00303,2025-09-28,Capital,61,Salaried,38.0,7180,4030,Car,8050,12,767.43,3,1,0,22.0,1,0
A00530,2025-09-29,Capital,22,Self-employed,8.0,3160,0,Car,4350,12,414.7,2,0,1,39.0,0,0
A02314,2025-09-30,South,60,Salaried,5.0,2190,650,Personal,2850,9,350.87,2,0,1,23.0,1,0
A02477,2025-09-30,Capital,35,Self-employed,12.0,4930,0,Education,9850,9,1212.64,1,0,0,28.0,1,0
A02971,2025-09-30,South,58,Self-employed,9.0,5060,2030,Education,2850,6,509.2,3,1,1,33.0,0,0
A01486,2025-09-30,Capital,21,Self-employed,56.0,2620,0,Home improvement,3350,18,226.31,2,0,0,28.0,1,0
A01011,2025-09-30,South,37,Salaried,32.0,7800,0,Home improvement,30500,12,2907.67,1,1,1,28.0,0,0
A01781,2025-09-30,South,34,Contract,63.0,2770,4750,Personal,3400,9,418.58,1,0,0,27.0,1,0
A02389,2025-10-01,Coastal,63,Self-employed,24.0,3580,2880,Medical,8650,6,1545.47,1,0,1,26.0,0,1
A01044,2025-10-01,Central,28,Salaried,4.0,3090,8950,Personal,11600,3,4005.87,2,0,1,25.0,0,1
A00012,2025-10-02,Highlands,63,Self-employed,22.0,3320,130,Home improvement,1500,24,80.5,1,0,1,21.0,0,0
A01451,2025-10-03,East,32,Salaried,21.0,2990,2640,Business,10800,6,1929.6,2,0,1,16.0,1,0
A00274,2025-10-03,North,42,Salaried,24.0,2470,520,Car,4900,12,467.13,1,0,1,21.0,0,0
A01245,2025-10-03,West,54,Contract,,2490,0,Business,2900,6,518.13,2,0,0,28.0,0,0
A00858,2025-10-04,Capital,22,Salaried,59.0,4350,3460,Medical,12100,6,2161.87,0,0,1,13.0,1,0
A02905,2025-10-05,Capital,63,Self-employed,26.0,3120,5370,Personal,5350,6,955.87,4,1,1,23.0,1,0
A00498,2025-10-05,West,26,Salaried,37.0,7320,6270,Car,13650,12,1301.3,0,0,1,20.0,1,0
A01392,2025-10-05,Capital,26,Contract,28.0,2410,4420,Education,2700,6,482.4,2,0,0,31.0,0,1
A02449,2025-10-05,South,23,Self-employed,63.0,2270,560,Business,8750,18,591.11,1,0,0,,1,0
A00923,2025-10-06,Capital,44,Contract,4.0,6270,12460,Business,8150,12,776.97,0,0,0,28.0,1,0
A00197,2025-10-06,Capital,33,Salaried,9.0,3780,430,Medical,5850,18,395.2,1,0,1,16.0,1,0
A02797,2025-10-07,Capital,25,Self-employed,21.0,5170,780,Medical,7200,12,686.4,1,0,0,29.0,0,0
A00640,2025-10-07,East,31,Contract,60.0,1710,0,Car,5450,12,519.57,0,0,0,31.0,0,0
A02899,2025-10-07,Central,34,Salaried,122.0,7870,0,Car,8600,9,1058.76,0,0,0,11.0,0,0
A02851,2025-10-07,East,49,Salaried,66.0,2520,7230,Business,5300,6,946.93,2,0,1,13.0,1,0
A01785,2025-10-07,North,36,Self-employed,1.0,2860,1740,Business,4350,12,414.7,1,0,0,29.0,1,0
A02713,2025-10-07,Coastal,37,Salaried,112.0,1880,1340,Business,5550,6,991.6,0,0,1,13.0,0,0
A01173,2025-10-08,South,50,Salaried,42.0,2290,1170,Car,2300,6,410.93,1,0,1,12.0,1,0
A02799,2025-10-08,Capital,34,Salaried,107.0,2980,0,Education,9750,18,658.67,1,0,1,18.0,0,0
A02199,2025-10-08,Capital,36,Self-employed,18.0,4180,6980,Business,10250,12,977.17,0,0,1,44.0,0,0
A01388,2025-10-09,North,35,Business owner,20.0,8640,1580,Education,27550,6,4922.27,2,1,0,29.0,0,0
A02096,2025-10-09,East,49,Salaried,63.0,4770,10920,Car,16750,12,1596.83,0,0,0,21.0,0,0
A02572,2025-10-09,Capital,58,Salaried,10.0,2260,830,Medical,6600,12,629.2,1,0,1,21.0,0,0
A00894,2025-10-09,Capital,32,Self-employed,43.0,5430,14970,Car,11700,12,1115.4,1,0,0,31.0,1,0
A00523,2025-10-09,East,55,Business owner,34.0,5290,1880,Personal,19450,18,1313.96,0,0,0,38.0,1,0
A00557,2025-10-09,West,43,Contract,34.0,900,0,Home improvement,3150,6,562.8,2,1,0,26.0,0,1
A01475,2025-10-10,South,59,Salaried,13.0,5640,4450,Personal,6900,3,2382.8,0,0,1,14.0,0,0
A02128,2025-10-10,North,29,Self-employed,46.0,3940,0,Personal,9800,12,934.27,1,0,0,29.0,1,0
A00121,2025-10-10,West,40,Self-employed,50.0,3960,2310,Business,14800,12,1410.93,2,1,0,31.0,0,0
A01353,2025-10-10,Capital,23,Salaried,48.0,2550,1840,Car,2050,18,138.49,3,0,0,26.0,1,0
A00529,2025-10-10,Coastal,55,Contract,6.0,2240,1020,Business,6700,12,638.73,0,0,1,31.0,1,0
A01631,2025-10-11,Highlands,46,Salaried,7.0,4120,5300,Business,2700,18,182.4,0,0,1,12.0,0,0
A01667,2025-10-11,South,25,Salaried,74.0,3710,0,Business,11400,9,1403.47,4,1,1,11.0,0,0
A01986,2025-10-12,Capital,54,Contract,,2300,3750,Home improvement,8250,24,442.75,1,0,1,30.0,0,0
A00689,2025-10-12,East,61,Contract,38.0,3980,0,Education,11300,18,763.38,1,0,0,30.0,1,0
A01794,2025-10-12,Highlands,30,Salaried,45.0,3420,3570,Education,9800,3,3384.27,0,0,0,18.0,0,0
A00889,2025-10-12,West,48,Self-employed,40.0,5360,10990,Car,5350,18,361.42,0,0,0,26.0,1,0
A01057,2025-10-12,Central,44,Self-employed,35.0,4730,3650,Education,6450,18,435.73,0,0,1,29.0,1,0
A01177,2025-10-12,Central,27,Self-employed,33.0,2880,4840,Home improvement,3400,18,229.69,2,0,0,36.0,1,0
A00645,2025-10-13,Capital,22,Self-employed,21.0,1860,1020,Education,2100,9,258.53,1,0,0,24.0,1,0
A02882,2025-10-13,Capital,25,Business owner,8.0,3080,9790,Personal,8950,12,853.23,0,0,0,42.0,1,0
A02066,2025-10-13,Capital,51,Salaried,57.0,1590,0,Education,1600,9,196.98,3,1,1,18.0,0,0
A01681,2025-10-14,South,49,Self-employed,59.0,4130,2380,Car,11750,24,630.58,1,0,0,31.0,1,0
A00272,2025-10-14,Highlands,26,Business owner,55.0,3780,0,Car,4300,18,290.49,3,0,1,32.0,0,0
A01717,2025-10-14,South,47,Salaried,29.0,4790,6110,Business,18800,12,1792.27,1,0,1,25.0,1,0
A02047,2025-10-14,Highlands,45,Contract,,7990,1670,Medical,3200,9,393.96,2,0,1,34.0,0,0
A01703,2025-10-14,Central,26,Salaried,94.0,8980,910,Business,22150,6,3957.47,1,0,1,24.0,0,0
A02056,2025-10-14,Coastal,60,Salaried,11.0,4050,3580,Car,15150,6,2706.8,3,2,1,23.0,0,0
A00381,2025-10-15,Capital,58,Contract,81.0,3690,1650,Personal,5100,12,486.2,0,0,0,35.0,0,0
A00993,2025-10-15,West,58,Salaried,59.0,2780,3000,Education,3750,12,357.5,0,0,1,13.0,1,0
A02709,2025-10-15,North,40,Salaried,98.0,3940,8040,Car,10750,6,1920.67,2,0,1,24.0,1,0
A02189,2025-10-15,Central,54,Salaried,11.0,2440,0,Personal,8750,9,1077.22,4,0,1,20.0,1,0
A02295,2025-10-15,Coastal,59,Self-employed,19.0,3300,0,Personal,2950,6,527.07,4,0,1,35.0,0,0
A02465,2025-10-15,Highlands,41,Business owner,24.0,2690,0,Business,7350,12,700.7,0,0,1,24.0,0,0
A02663,2025-10-16,West,54,,95.0,3450,0,Personal,10000,9,1231.11,0,0,1,34.0,1,1
A00409,2025-10-16,Central,63,Business owner,17.0,6850,9910,Medical,21850,12,2083.03,2,0,0,27.0,0,0
A02679,2025-10-16,East,21,Self-employed,21.0,3140,2600,Education,4050,6,723.6,1,0,0,34.0,0,0
A02222,2025-10-16,Capital,21,Business owner,32.0,6190,0,Medical,6250,9,769.44,3,0,1,22.0,0,0
A01959,2025-10-16,Central,34,Contract,81.0,9700,6890,Home improvement,9250,9,1138.78,1,0,0,31.0,0,0
A01079,2025-10-16,West,38,Business owner,174.0,7170,6210,Education,16500,3,5698.0,2,1,0,28.0,0,0
A00415,2025-10-17,Capital,31,Salaried,31.0,2930,2740,Education,6300,24,338.1,1,0,1,16.0,1,0
A01184,2025-10-17,Coastal,30,Contract,25.0,3220,0,Car,7750,3,2676.33,3,0,0,,1,0
A02192,2025-10-17,South,32,Self-employed,43.0,3150,6490,Business,10350,12,986.7,1,0,0,30.0,0,0
A02385,2025-10-18,South,48,Salaried,27.0,5420,0,Car,20050,18,1354.49,1,0,1,19.0,0,0
A02363,2025-10-18,Central,27,Business owner,,3270,2370,Education,6600,12,629.2,1,0,1,20.0,0,1
A02147,2025-10-18,Coastal,26,Contract,33.0,3370,2370,Education,6150,12,586.3,0,0,0,22.0,0,0
A02498,2025-10-18,West,32,Salaried,54.0,1400,0,Medical,2350,12,224.03,1,0,1,19.0,1,0
A01439,2025-10-18,Capital,44,Salaried,12.0,2970,3340,Home improvement,7200,6,1286.4,1,0,1,17.0,0,0
A02576,2025-10-18,South,56,Salaried,46.0,9910,8650,Personal,18450,12,1758.9,0,0,1,15.0,0,0
A00291,2025-10-18,Central,33,Salaried,26.0,2690,4610,Personal,7600,18,513.42,1,0,1,28.0,0,1
A01025,2025-10-18,Capital,38,Salaried,40.0,3150,6280,Personal,4050,9,498.6,2,0,1,22.0,1,0
A01709,2025-10-18,West,24,Self-employed,49.0,6000,1610,Home improvement,8850,12,843.7,2,0,0,27.0,1,0
A01104,2025-10-19,East,48,Salaried,65.0,8420,17940,Business,13600,9,1674.31,0,0,1,14.0,1,0
A02574,2025-10-19,South,43,Self-employed,15.0,6020,3470,Business,16350,9,2012.87,3,0,1,32.0,0,0
A01670,2025-10-19,West,36,Business owner,19.0,1760,0,Medical,4950,12,471.9,2,0,0,25.0,1,1
A02018,2025-10-19,North,59,Contract,36.0,1410,1090,Personal,2600,9,320.09,2,0,0,32.0,0,0
A00325,2025-10-19,Capital,56,Contract,16.0,1240,0,Education,1450,3,500.73,1,1,0,30.0,1,0
A00974,2025-10-20,West,33,Salaried,52.0,3640,0,Medical,2550,18,172.27,2,0,1,13.0,0,0
A01690,2025-10-20,Highlands,21,Contract,4.0,5900,3460,Education,6000,9,738.67,1,1,1,26.0,0,1
A01455,2025-10-20,South,55,Salaried,39.0,4100,0,Business,5450,24,292.48,2,1,1,18.0,1,0
A02109,2025-10-20,Central,23,Business owner,27.0,4600,0,Business,13450,9,1655.84,2,0,1,32.0,0,0
A01996,2025-10-20,North,27,Salaried,23.0,3460,3920,Medical,13450,24,721.82,1,0,1,13.0,1,0
A01941,2025-10-20,North,49,Contract,16.0,6430,1190,Business,11400,12,1086.8,2,0,1,19.0,0,0
A02809,2025-10-21,Coastal,21,Salaried,31.0,1710,1700,Car,6600,12,629.2,0,0,1,16.0,0,1
A00448,2025-10-22,Capital,29,Salaried,16.0,4250,5600,Medical,3450,18,233.07,1,0,0,19.0,0,0
A01417,2025-10-22,Capital,32,Business owner,11.0,1880,1160,Education,1550,18,104.71,0,0,1,37.0,0,0
A01125,2025-10-23,Capital,43,Self-employed,20.0,5760,0,Personal,2650,6,473.47,3,1,0,26.0,0,0
A02012,2025-10-23,Capital,58,Salaried,82.0,2380,0,Car,4650,18,314.13,3,0,1,18.0,1,0
A02897,2025-10-23,West,57,Salaried,13.0,8660,4480,Business,20000,9,2462.22,2,1,1,18.0,0,0
A02202,2025-10-23,Central,34,Contract,15.0,2600,5380,Business,7050,6,1259.6,4,1,0,18.0,1,0
A02652,2025-10-23,Coastal,30,Salaried,58.0,4520,1160,Personal,16250,6,2903.33,4,0,0,21.0,1,0
A02103,2025-10-23,Central,36,Salaried,6.0,3410,0,Home improvement,8400,12,800.8,1,0,1,14.0,1,0
A02542,2025-10-24,South,27,Business owner,45.0,1960,20,Personal,4000,9,492.44,2,0,0,27.0,0,0
A01752,2025-10-24,North,49,Salaried,15.0,2370,2010,Education,9200,6,1643.73,2,0,1,19.0,1,0
A00678,2025-10-24,Highlands,46,Business owner,39.0,6700,250,Business,24050,18,1624.71,2,0,0,32.0,0,0
A02685,2025-10-24,Capital,36,Business owner,18.0,3530,2310,Medical,5850,18,395.2,0,0,0,31.0,0,1
A02826,2025-10-24,East,22,Business owner,32.0,5210,6810,Car,18650,12,1777.97,1,0,1,37.0,1,0
A01958,2025-10-25,Capital,45,Salaried,78.0,2690,2080,Medical,7500,6,1340.0,0,0,1,14.0,0,0
A01419,2025-10-25,Capital,23,Business owner,38.0,3330,7420,Medical,1650,6,294.8,0,0,1,32.0,0,0
A00625,2025-10-25,East,61,Salaried,21.0,2800,0,Medical,9000,6,1608.0,3,1,1,19.0,0,1
A01829,2025-10-26,Coastal,24,Salaried,18.0,3770,4480,Personal,10450,3,3608.73,0,0,1,17.0,1,0
A00480,2025-10-26,Coastal,49,Salaried,46.0,3600,1750,Business,10450,12,996.23,1,0,0,21.0,1,0
A01548,2025-10-26,Coastal,35,Salaried,,4350,2060,Medical,2600,6,464.53,1,0,0,14.0,0,0
A02727,2025-10-26,Capital,46,Self-employed,15.0,5910,13220,Home improvement,8050,3,2779.93,0,0,1,31.0,0,0
A00767,2025-10-26,Central,32,Self-employed,4.0,6300,1520,Personal,5250,12,500.5,0,0,0,25.0,1,0
A02125,2025-10-26,North,58,Salaried,18.0,1470,5250,Business,3550,12,338.43,1,0,1,16.0,0,0
A01075,2025-10-26,South,38,Business owner,26.0,2370,1510,Education,6750,6,1206.0,6,1,0,28.0,1,0
A00218,2025-10-26,Capital,54,Salaried,2.0,4230,4680,Car,14850,9,1828.2,3,1,1,16.0,0,0
A02948,2025-10-26,North,33,Self-employed,20.0,3080,0,Business,8650,18,584.36,1,0,0,29.0,1,0
A00946,2025-10-26,Capital,30,Salaried,12.0,3890,3540,Car,4750,12,452.83,2,0,1,21.0,0,0
A02407,2025-10-26,Capital,63,Salaried,13.0,3890,2430,Personal,4650,3,1605.8,3,0,1,19.0,1,0
A02030,2025-10-27,North,55,Contract,46.0,4300,890,Education,9100,12,867.53,1,0,1,33.0,1,0
A02741,2025-10-27,South,33,Self-employed,39.0,2310,0,Personal,2850,6,509.2,2,0,1,35.0,0,0
A01875,2025-10-27,East,29,Salaried,15.0,2020,0,Business,1350,9,166.2,4,1,1,22.0,0,0
A00582,2025-10-28,South,40,Business owner,58.0,1840,0,Medical,1800,6,321.6,1,0,1,24.0,0,1
A02440,2025-10-28,North,48,Business owner,38.0,2000,0,Home improvement,1350,9,166.2,1,1,0,32.0,0,0
A02339,2025-10-28,South,60,Business owner,72.0,4330,0,Medical,2750,6,491.33,2,0,1,34.0,0,0
A00527,2025-10-29,South,62,Self-employed,42.0,2360,0,Education,5800,6,1036.27,2,0,1,39.0,0,0
A01118,2025-10-29,Highlands,34,Self-employed,10.0,6920,0,Business,13600,6,2429.87,4,1,0,30.0,0,0
A00972,2025-10-30,West,44,Salaried,,8060,7390,Business,29550,9,3637.93,3,1,1,13.0,1,0
A00231,2025-10-30,Capital,40,Contract,25.0,1440,2550,Car,5200,9,640.18,1,0,1,34.0,0,1
A02497,2025-10-30,Coastal,50,Business owner,70.0,2540,2220,Education,1650,12,157.3,1,0,0,27.0,1,0
A00812,2025-10-30,Central,49,Contract,35.0,1230,1480,Business,4700,18,317.51,0,0,0,24.0,0,0
A00290,2025-10-30,North,55,Salaried,43.0,1930,1220,Home improvement,7050,6,1259.6,3,0,1,15.0,0,0
A00540,2025-10-30,North,63,Self-employed,39.0,3390,3950,Business,4350,18,293.87,1,0,0,27.0,0,0
A02485,2025-10-30,Capital,63,,45.0,3240,230,Car,3800,9,467.82,2,0,0,32.0,0,0
A01102,2025-10-30,Highlands,52,Contract,111.0,4870,0,Business,3350,6,598.53,3,0,0,31.0,0,0
A00061,2025-10-31,West,21,,85.0,5640,0,Business,22250,12,2121.17,3,0,1,23.0,0,0
A01060,2025-10-31,Capital,58,Self-employed,47.0,5750,0,Car,22300,12,2125.93,1,1,1,31.0,1,0
A01059,2025-10-31,Highlands,50,Business owner,24.0,2440,0,Car,4500,12,429.0,0,0,0,31.0,0,0
A02535,2025-10-31,Central,26,Business owner,55.0,2780,8170,Education,6050,18,408.71,1,1,0,22.0,1,0
A00992,2025-10-31,North,62,Self-employed,70.0,2880,0,Car,8450,12,805.57,0,0,0,28.0,0,0
A00634,2025-10-31,Capital,51,Business owner,57.0,2220,0,Business,4450,12,424.23,1,0,0,,0,0
A01393,2025-10-31,Capital,58,Self-employed,26.0,4580,0,Education,8700,6,1554.4,2,0,0,36.0,1,0
A02226,2025-10-31,Central,29,Salaried,35.0,4200,5760,Personal,5550,6,991.6,0,0,1,21.0,0,0
A00919,2025-10-31,Coastal,61,Self-employed,81.0,3990,1140,Business,2050,12,195.43,2,1,0,32.0,0,0
A00036,2025-11-01,East,31,Self-employed,75.0,2330,0,Home improvement,1800,18,121.6,1,1,1,41.0,0,0
A02738,2025-11-02,South,22,Salaried,25.0,5140,0,Home improvement,6550,12,624.43,1,1,1,21.0,0,0
A02042,2025-11-02,South,39,Business owner,31.0,5170,520,Home improvement,5800,6,1036.27,2,0,1,28.0,0,0
A00473,2025-11-02,Capital,51,Salaried,55.0,5630,0,Business,10650,6,1902.8,0,0,1,19.0,1,0
A01389,2025-11-02,West,63,Contract,72.0,2740,7640,Home improvement,3550,6,634.27,3,0,0,32.0,0,0
A00238,2025-11-02,Central,47,Business owner,21.0,1910,0,Personal,1100,12,104.87,1,0,0,28.0,1,0
A00881,2025-11-03,South,51,Salaried,7.0,5890,0,Personal,23100,9,2843.87,1,0,1,15.0,0,1
A02419,2025-11-03,North,55,Salaried,20.0,7670,6380,Business,18850,18,1273.42,1,0,1,,0,0
A00494,2025-11-03,West,47,Business owner,27.0,2920,2580,Business,11650,12,1110.63,2,1,0,27.0,1,0
A00549,2025-11-03,West,51,Salaried,78.0,4490,0,Home improvement,9500,6,1697.33,0,0,1,27.0,0,0
A01433,2025-11-03,Capital,45,Business owner,61.0,4760,0,Business,3500,12,333.67,1,1,1,37.0,0,0
A02360,2025-11-03,Coastal,46,Self-employed,7.0,2060,2130,Car,5200,9,640.18,2,0,0,30.0,1,0
A01478,2025-11-03,Coastal,47,Self-employed,34.0,3150,0,Home improvement,5400,12,514.8,1,0,0,27.0,0,0
A02374,2025-11-03,Highlands,21,Business owner,71.0,3820,3670,Education,7550,24,405.18,1,1,0,33.0,0,0
A00407,2025-11-04,South,48,Self-employed,13.0,4240,0,Personal,4850,12,462.37,1,0,0,32.0,0,0
A00063,2025-11-04,Coastal,54,Self-employed,10.0,2280,0,Business,1500,6,268.0,0,0,0,27.0,1,0
A00201,2025-11-04,South,44,Self-employed,51.0,4580,0,Car,2350,9,289.31,4,1,0,23.0,0,0
A00248,2025-11-05,Capital,63,Salaried,11.0,7340,0,Home improvement,6750,24,362.25,3,0,1,19.0,1,0
A01623,2025-11-05,North,37,Business owner,45.0,4600,0,Education,6450,6,1152.4,0,0,0,30.0,0,0
A02728,2025-11-05,Central,44,Business owner,13.0,2010,0,Medical,3950,18,266.84,3,0,0,35.0,1,0
A00440,2025-11-05,Coastal,26,Salaried,98.0,1800,0,Education,3400,12,324.13,3,1,1,14.0,0,0
A01289,2025-11-05,East,40,,52.0,1590,110,Education,6000,6,1072.0,4,2,0,16.0,1,0
A00628,2025-11-06,Capital,27,,120.0,3480,3700,Car,5600,6,1000.53,2,0,1,19.0,0,0
A02858,2025-11-06,Capital,59,Contract,10.0,2910,0,Personal,8750,24,469.58,3,0,0,35.0,0,0
A02013,2025-11-06,South,37,Self-employed,19.0,4100,4160,Car,14350,3,4955.53,1,0,1,35.0,0,0
A01802,2025-11-06,Capital,54,Self-employed,36.0,3390,4620,Business,11600,6,2072.53,2,0,1,29.0,0,0
A00465,2025-11-07,East,45,Salaried,70.0,3870,120,Business,12950,12,1234.57,1,0,1,15.0,1,0
A01221,2025-11-07,Capital,30,Salaried,21.0,2270,1850,Education,6500,3,2244.67,2,1,0,21.0,1,1
A02651,2025-11-07,North,26,Salaried,18.0,4970,2190,Business,14950,12,1425.23,1,0,0,21.0,1,0
A01815,2025-11-08,Coastal,21,Self-employed,39.0,2140,640,Home improvement,3050,18,206.04,4,2,1,35.0,0,0
A00255,2025-11-08,West,38,Self-employed,18.0,4770,0,Education,15300,18,1033.6,2,0,1,32.0,0,0
A01511,2025-11-08,Capital,45,Self-employed,28.0,3230,1430,Education,9450,18,638.4,2,0,1,30.0,1,0
A01087,2025-11-09,West,62,Salaried,33.0,1660,1130,Business,3800,3,1312.27,1,0,1,23.0,0,1
A01694,2025-11-09,West,37,Salaried,44.0,3740,1800,Home improvement,2800,9,344.71,3,0,1,24.0,1,0
A00658,2025-11-09,Capital,56,Business owner,8.0,2780,0,Business,9650,3,3332.47,1,0,1,32.0,0,1
A00637,2025-11-09,Capital,61,Salaried,61.0,4450,1290,Car,12450,12,1186.9,1,0,1,20.0,0,0
A02548,2025-11-09,North,57,Salaried,24.0,2550,3300,Business,7600,12,724.53,1,0,0,12.0,1,0
A00852,2025-11-09,North,49,Salaried,10.0,1290,0,Education,2050,6,366.27,0,0,1,13.0,1,0
A00167,2025-11-09,Capital,35,Salaried,19.0,5280,720,Home improvement,17800,24,955.27,1,0,0,14.0,1,0
A00364,2025-11-10,Capital,30,Salaried,43.0,4300,4000,Education,13400,6,2394.13,2,1,1,16.0,1,0
A01535,2025-11-10,Highlands,61,Salaried,8.0,2030,0,Business,7100,12,676.87,5,1,1,21.0,1,0
A01803,2025-11-10,Central,54,Salaried,4.0,6170,4960,Car,24350,3,8408.87,2,1,1,20.0,0,1
A00324,2025-11-10,North,63,Self-employed,22.0,1500,1060,Home improvement,5400,9,664.8,1,0,1,33.0,1,0
A00785,2025-11-10,East,42,Contract,43.0,2600,2290,Business,6450,24,346.15,1,0,0,36.0,0,0
A02508,2025-11-10,West,40,Contract,33.0,4820,0,Education,17900,12,1706.47,2,0,0,32.0,0,0
A02540,2025-11-10,West,57,Contract,14.0,6120,0,Business,15300,18,1033.6,2,0,0,20.0,0,0
A00521,2025-11-11,East,57,Salaried,86.0,3220,0,Medical,11500,9,1415.78,2,1,1,14.0,0,0
A00062,2025-11-11,Coastal,39,Business owner,,1700,1970,Business,1350,24,72.45,1,0,0,34.0,0,1
A00882,2025-11-11,Central,60,Salaried,77.0,2750,0,Education,4400,9,541.69,0,0,1,19.0,0,0
A00900,2025-11-11,Highlands,27,Contract,14.0,1770,1480,Personal,5100,6,911.2,3,0,1,25.0,1,0
A00286,2025-11-11,North,59,Salaried,49.0,5510,0,Home improvement,18250,12,1739.83,1,1,1,13.0,0,0
A00653,2025-11-12,North,22,Self-employed,115.0,5400,0,Business,20050,6,3582.27,2,0,0,27.0,0,0
A01616,2025-11-12,Capital,26,Self-employed,66.0,4680,0,Business,3700,9,455.51,1,0,0,36.0,0,0
A00508,2025-11-12,Capital,53,Self-employed,27.0,2350,940,Personal,4500,6,804.0,2,0,0,30.0,1,0
A02315,2025-11-12,Capital,33,Self-employed,67.0,6500,280,Business,3850,18,260.09,1,0,0,,0,0
A01496,2025-11-12,Capital,48,Salaried,,3160,0,Medical,2800,6,500.27,0,0,1,17.0,1,0
A01949,2025-11-13,Highlands,53,Contract,129.0,5060,5550,Business,7250,12,691.17,1,0,1,30.0,0,0
A01429,2025-11-13,Capital,22,Business owner,50.0,2930,0,Business,4800,6,857.6,1,0,0,,0,0
A00940,2025-11-13,South,49,Salaried,46.0,1980,490,Home improvement,7700,6,1375.73,1,1,1,18.0,0,0
A02396,2025-11-14,Coastal,52,Business owner,17.0,3180,4110,Personal,11750,6,2099.33,1,0,0,21.0,0,0
A01376,2025-11-14,Capital,63,Business owner,30.0,1540,0,Business,1700,12,162.07,3,0,0,27.0,0,0
A00241,2025-11-15,East,22,Business owner,35.0,1770,880,Business,850,24,45.62,3,0,0,39.0,1,0
A01528,2025-11-15,West,22,Self-employed,26.0,3020,0,Car,2800,6,500.27,5,1,1,31.0,0,0
A02319,2025-11-15,Capital,59,Self-employed,52.0,5730,0,Car,14750,12,1406.17,2,1,0,23.0,1,0
A02215,2025-11-15,Capital,63,,32.0,3130,4170,Business,10700,9,1317.29,1,0,0,18.0,0,1
A00385,2025-11-16,Capital,52,Self-employed,25.0,3570,5930,Home improvement,12100,12,1153.53,2,0,0,25.0,0,0
A02893,2025-11-16,West,51,Self-employed,102.0,1170,0,Education,1100,6,196.53,2,1,0,29.0,1,0
A02368,2025-11-16,South,31,Self-employed,29.0,2800,0,Personal,11100,12,1058.2,0,0,1,33.0,1,0
A01618,2025-11-16,Central,23,Contract,44.0,2840,0,Personal,6800,6,1214.93,4,0,0,34.0,1,0
A00819,2025-11-17,East,45,Salaried,41.0,2470,0,Home improvement,2850,3,984.2,0,0,0,21.0,0,0
A00500,2025-11-17,Central,60,Business owner,57.0,7140,0,Medical,25700,6,4591.73,2,1,1,24.0,0,0
A02503,2025-11-17,North,22,Self-employed,31.0,4940,0,Business,14550,6,2599.6,4,0,0,30.0,0,0
A01346,2025-11-17,Coastal,35,Contract,42.0,5140,7160,Medical,7350,9,904.87,1,0,0,21.0,0,0
A00219,2025-11-17,West,25,Salaried,75.0,4120,2350,Personal,12300,9,1514.27,0,0,1,15.0,1,0
A01982,2025-11-17,Capital,43,Self-employed,11.0,2210,2380,Business,1400,18,94.58,1,0,0,39.0,0,0
A01769,2025-11-17,Highlands,24,Self-employed,27.0,3990,0,Education,14050,6,2510.27,2,0,0,28.0,1,0
A01596,2025-11-17,South,40,Self-employed,55.0,3760,0,Car,13800,3,4765.6,2,0,0,30.0,1,0
A01870,2025-11-18,East,55,Salaried,54.0,5900,4410,Home improvement,22000,6,3930.67,2,0,1,16.0,1,1
A00901,2025-11-19,East,21,Contract,27.0,2950,3780,Personal,11600,18,783.64,1,0,0,37.0,1,0
A00103,2025-11-19,Capital,53,Business owner,4.0,2150,7000,Business,4600,12,438.53,1,1,0,34.0,0,0
A00400,2025-11-19,West,29,Salaried,44.0,3610,0,Personal,11950,12,1139.23,1,0,1,19.0,0,0
A01661,2025-11-20,Central,58,Salaried,66.0,2620,1970,Home improvement,10350,9,1274.2,2,0,1,16.0,1,0
A00554,2025-11-20,Central,40,Self-employed,37.0,6280,5580,Home improvement,8900,6,1590.13,1,0,1,24.0,0,0
A02156,2025-11-21,West,54,Self-employed,3.0,4560,10410,Business,9500,9,1169.56,0,0,0,26.0,0,0
A01891,2025-11-21,Coastal,37,Self-employed,66.0,2590,1880,Education,1250,24,67.08,0,0,0,31.0,0,0
A02277,2025-11-21,Highlands,51,Contract,46.0,4680,16610,Business,16450,12,1568.23,0,0,1,28.0,0,0
A01706,2025-11-21,Capital,63,Self-employed,66.0,2210,0,Business,5950,6,1063.07,1,0,0,33.0,1,1
A02957,2025-11-21,Capital,58,Business owner,64.0,1800,1110,Personal,7200,12,686.4,0,0,0,32.0,1,0
A00792,2025-11-21,South,54,Salaried,20.0,1720,360,Business,1200,9,147.73,1,0,0,16.0,0,0
A02269,2025-11-22,Capital,25,Self-employed,51.0,2670,780,Education,1950,6,348.4,1,0,0,37.0,0,0
A02310,2025-11-23,Capital,30,Salaried,12.0,3770,0,Business,8500,9,1046.44,1,0,1,21.0,1,0
A02094,2025-11-23,East,28,Contract,53.0,2790,0,Business,7300,6,1304.27,2,0,1,40.0,1,0
A00719,2025-11-23,Central,51,Contract,1.0,8040,6800,Car,10050,12,958.1,2,0,0,30.0,1,0
A02599,2025-11-23,East,51,Salaried,22.0,3620,730,Home improvement,7450,3,2572.73,1,0,1,18.0,0,0
A01513,2025-11-24,North,57,Business owner,52.0,2950,660,Education,7350,12,700.7,2,0,0,28.0,1,0
A02052,2025-11-24,Highlands,55,Self-employed,29.0,2650,0,Business,9250,6,1652.67,2,0,0,22.0,1,0
A00671,2025-11-24,East,49,Salaried,44.0,2860,7890,Education,9450,3,3263.4,3,0,1,16.0,0,0
A00520,2025-11-24,North,33,,25.0,1750,840,Business,1050,12,100.1,2,0,0,21.0,1,0
A02775,2025-11-25,Capital,57,Salaried,39.0,6080,6520,Home improvement,15000,12,1430.0,0,0,1,21.0,1,0
A00115,2025-11-25,Capital,57,Business owner,29.0,4580,0,Education,4400,18,297.24,2,1,0,27.0,1,0
A02375,2025-11-25,Highlands,51,Contract,,3480,7760,Business,2650,6,473.47,1,0,0,30.0,1,0
A01845,2025-11-25,Coastal,55,Contract,85.0,2580,350,Business,9750,12,929.5,1,0,1,28.0,1,0
A00526,2025-11-25,East,44,Contract,35.0,2000,390,Personal,4300,9,529.38,0,0,0,28.0,0,0
A01832,2025-11-25,North,56,Business owner,86.0,2970,5450,Business,10800,24,579.6,2,1,0,34.0,0,0
A01691,2025-11-25,Highlands,39,Self-employed,67.0,2480,0,Business,4600,6,821.87,2,0,1,26.0,0,0
A00246,2025-11-25,Coastal,55,Salaried,23.0,3260,1610,Medical,7600,24,407.87,3,0,1,17.0,1,0
A02975,2025-11-25,North,31,Self-employed,54.0,4620,0,Business,11500,6,2054.67,1,0,0,29.0,0,0
A00816,2025-11-26,South,39,Salaried,,2360,1660,Business,6250,12,595.83,1,0,1,13.0,1,0
A01211,2025-11-26,North,37,Salaried,72.0,3500,650,Personal,13750,6,2456.67,3,0,1,14.0,1,0
A02369,2025-11-26,North,27,Salaried,15.0,1690,2590,Education,2550,6,455.6,3,1,1,22.0,0,0
A01495,2025-11-26,West,52,,123.0,8300,8100,Business,15600,12,1487.2,1,0,1,27.0,0,0
A01274,2025-11-27,North,34,Salaried,77.0,2680,0,Home improvement,6450,12,614.9,1,0,1,15.0,1,0
A01359,2025-11-27,South,47,Salaried,16.0,2650,410,Personal,8850,9,1089.53,1,0,1,14.0,0,0
A01066,2025-11-27,Capital,58,Salaried,28.0,5090,0,Education,5050,12,481.43,0,0,1,20.0,1,0
A02289,2025-11-27,South,47,Salaried,14.0,3290,1540,Car,9700,6,1733.07,3,0,1,18.0,1,0
A00983,2025-11-27,East,21,Self-employed,44.0,2470,0,Education,8850,6,1581.2,1,0,0,35.0,1,0
A02581,2025-11-27,Capital,42,Business owner,6.0,2810,0,Personal,4250,18,287.11,1,0,0,33.0,0,1
A02100,2025-11-27,Capital,60,Salaried,44.0,3410,990,Business,10400,6,1858.13,0,0,1,22.0,1,0
A00778,2025-11-27,Highlands,30,Salaried,78.0,1840,0,Business,950,9,116.96,1,0,1,20.0,1,0
A00741,2025-11-27,South,25,Salaried,34.0,2160,0,Education,7550,9,929.49,1,0,0,23.0,0,0
A01032,2025-11-27,Highlands,21,Self-employed,29.0,3770,0,Home improvement,11200,12,1067.73,0,0,1,29.0,0,0
A02530,2025-11-28,Capital,63,Business owner,24.0,3640,0,Education,3700,6,661.07,0,0,0,20.0,1,0
A01080,2025-11-28,East,31,Contract,8.0,2350,2040,Business,8300,18,560.71,1,0,1,28.0,0,0
A01675,2025-11-28,Highlands,43,Salaried,36.0,2040,40,Personal,5950,6,1063.07,1,0,1,16.0,0,0
A00903,2025-11-29,Coastal,52,Self-employed,2.0,3660,0,Education,2200,3,759.73,0,0,0,31.0,0,0
A01985,2025-11-29,Highlands,27,Salaried,2.0,4430,2080,Personal,16150,18,1091.02,1,1,1,23.0,0,0
A00435,2025-11-29,Capital,22,Contract,41.0,2970,0,Business,8450,18,570.84,3,1,0,30.0,1,0
A00707,2025-11-29,Coastal,41,Contract,54.0,2970,1350,Car,4700,12,448.07,0,0,0,32.0,1,0
A00667,2025-11-29,South,53,Salaried,28.0,2200,0,Business,6800,12,648.27,1,0,1,26.0,1,0
A02137,2025-11-29,Capital,58,Salaried,39.0,3460,20350,Car,11800,6,2108.27,4,3,1,12.0,0,1
A01328,2025-11-29,North,24,Salaried,22.0,3430,0,Car,6600,6,1179.2,0,0,1,20.0,0,0
A01185,2025-11-30,Capital,30,Self-employed,134.0,3850,2650,Car,12950,12,1234.57,1,0,0,22.0,0,0
A01861,2025-11-30,South,56,Contract,85.0,4430,3710,Business,14050,6,2510.27,0,0,1,34.0,0,0
A02861,2025-11-30,South,23,Business owner,17.0,2910,1890,Personal,3050,24,163.68,0,0,0,27.0,0,0
A01172,2025-11-30,North,43,Salaried,23.0,3270,4120,Education,1300,6,232.27,0,0,1,20.0,0,0
A02715,2025-11-30,Highlands,43,Self-employed,49.0,5780,0,Personal,18750,24,1006.25,1,1,0,,0,0
A00142,2025-12-01,Coastal,37,Salaried,,3280,4060,Car,12350,18,834.31,1,0,1,8.0,0,0
A01559,2025-12-01,North,25,Self-employed,,4270,5900,Car,12100,18,817.42,1,0,1,29.0,0,0
A01343,2025-12-01,East,45,Self-employed,72.0,1480,330,Education,3050,6,544.93,1,1,0,27.0,1,0
A00118,2025-12-01,Coastal,25,,115.0,6330,1640,Home improvement,11450,9,1409.62,1,0,1,30.0,1,0
A01407,2025-12-01,Capital,33,Contract,11.0,3770,160,Home improvement,4350,12,414.7,1,1,0,26.0,1,0
A01984,2025-12-01,South,53,Contract,25.0,2630,0,Car,2050,18,138.49,0,0,0,28.0,0,0
A01849,2025-12-02,Capital,62,Self-employed,54.0,4950,35280,Business,13850,24,743.28,0,0,0,33.0,0,0
A01150,2025-12-02,Capital,22,Salaried,16.0,1650,0,Business,2550,9,313.93,3,0,0,14.0,0,0
A01091,2025-12-02,Capital,51,Self-employed,32.0,5080,190,Personal,15800,9,1945.16,2,0,0,24.0,1,0
A02329,2025-12-03,Central,37,Self-employed,17.0,3080,0,Personal,1750,24,93.92,2,0,0,36.0,0,0
A02512,2025-12-03,North,41,Business owner,46.0,3850,1130,Home improvement,4900,3,1692.13,0,0,1,29.0,0,0
A02088,2025-12-03,South,47,Self-employed,54.0,1230,0,Education,4450,12,424.23,1,0,0,,0,0
A01888,2025-12-03,South,32,Salaried,9.0,3060,0,Business,7000,3,2417.33,3,0,0,17.0,1,0
A01693,2025-12-03,East,37,Salaried,65.0,7140,0,Business,26250,12,2502.5,6,1,1,11.0,1,0
A02817,2025-12-03,Capital,53,Salaried,9.0,2030,0,Car,2500,6,446.67,1,0,1,19.0,1,0
A01020,2025-12-04,Central,34,Salaried,39.0,1410,1850,Business,1950,6,348.4,3,0,0,17.0,0,0
A01369,2025-12-04,North,46,Salaried,12.0,3620,3900,Medical,7900,9,972.58,1,0,0,23.0,1,0
A00178,2025-12-04,South,55,Business owner,57.0,3740,530,Business,5050,12,481.43,2,1,1,31.0,1,0
A00122,2025-12-04,Capital,54,Salaried,40.0,2970,3400,Car,2800,24,150.27,0,0,1,18.0,0,0
A02925,2025-12-04,South,63,Self-employed,85.0,2110,2620,Car,4950,12,471.9,2,0,0,29.0,0,1
A01776,2025-12-04,Coastal,40,Salaried,52.0,2140,3610,Car,3600,6,643.2,4,1,1,18.0,1,0
A02815,2025-12-04,North,40,Salaried,11.0,4210,4800,Personal,3600,6,643.2,1,0,1,22.0,1,0
A00863,2025-12-05,Capital,35,Salaried,17.0,3610,0,Business,14300,12,1363.27,2,1,1,24.0,0,0
A01068,2025-12-05,Highlands,30,Self-employed,41.0,3340,0,Car,3850,6,687.87,1,0,1,34.0,1,0
A00615,2025-12-05,Coastal,63,Salaried,19.0,1770,0,Car,1350,12,128.7,2,0,0,15.0,0,0
A00569,2025-12-05,Capital,62,Salaried,24.0,1790,0,Business,6550,6,1170.27,2,0,0,21.0,0,0
A02397,2025-12-05,West,28,Self-employed,46.0,5460,2270,Home improvement,11150,18,753.24,1,1,0,34.0,0,0
A00887,2025-12-05,Capital,39,Self-employed,22.0,4110,0,Business,7000,12,667.33,2,0,0,28.0,0,0
A01258,2025-12-05,North,46,Salaried,61.0,2570,0,Education,1650,18,111.47,0,0,1,21.0,0,0
A01453,2025-12-06,West,52,Contract,61.0,4710,0,Education,3450,12,328.9,1,0,1,37.0,1,0
A01538,2025-12-06,East,54,Salaried,,1360,0,Car,600,6,107.2,0,0,1,16.0,0,0
A00225,2025-12-07,West,53,Salaried,37.0,2710,0,Personal,8650,6,1545.47,0,0,1,8.0,1,0
A02744,2025-12-07,West,31,Salaried,,3480,1770,Medical,4500,12,429.0,0,0,1,19.0,1,0
A02706,2025-12-07,South,54,Self-employed,39.0,3080,8040,Medical,8950,12,853.23,3,1,0,33.0,1,1
A00747,2025-12-07,South,31,Self-employed,48.0,2520,3510,Home improvement,8350,9,1027.98,2,0,0,20.0,1,0
A01884,2025-12-07,Capital,46,,40.0,3090,4190,Personal,2500,18,168.89,0,0,0,17.0,1,0
A01516,2025-12-08,Coastal,27,Salaried,36.0,3400,0,Personal,3100,6,553.87,2,1,1,20.0,0,0
A02138,2025-12-08,Capital,22,Salaried,69.0,2510,3000,Personal,6900,24,370.3,0,0,1,23.0,1,0
A02569,2025-12-08,Central,29,Salaried,9.0,3360,1150,Personal,3500,6,625.33,1,1,1,18.0,0,0
A01333,2025-12-08,East,60,Business owner,30.0,2710,3320,Car,4050,6,723.6,1,0,0,28.0,1,0
A00394,2025-12-09,Capital,31,Contract,81.0,2720,0,Car,1150,6,205.47,1,0,0,31.0,0,0
A01724,2025-12-09,West,39,Salaried,17.0,4080,8290,Car,10500,12,1001.0,0,0,1,16.0,1,0
A02818,2025-12-09,Capital,54,Salaried,23.0,9320,0,Business,24150,24,1296.05,1,0,1,23.0,0,0
A02917,2025-12-10,Capital,45,Contract,40.0,1880,0,Home improvement,2500,12,238.33,4,1,1,27.0,0,0
A01873,2025-12-10,Coastal,36,Salaried,,7180,2480,Home improvement,13150,3,4541.13,1,1,1,9.0,1,0
A00867,2025-12-10,Capital,27,Self-employed,78.0,4390,0,Education,5150,18,347.91,1,1,1,36.0,0,0
A02146,2025-12-10,West,36,Business owner,26.0,2160,0,Home improvement,5500,9,677.11,0,0,1,27.0,0,1
A00760,2025-12-10,South,52,Salaried,20.0,5400,7750,Car,8850,12,843.7,0,0,1,17.0,0,0
A02604,2025-12-10,South,53,Self-employed,57.0,3300,0,Medical,10450,6,1867.07,3,1,0,44.0,1,0
A00451,2025-12-11,East,41,Salaried,74.0,5730,3900,Education,13950,24,748.65,3,1,1,13.0,0,0
A02029,2025-12-11,East,26,Salaried,16.0,2910,640,Business,4750,3,1640.33,1,0,1,20.0,0,0
A01881,2025-12-11,East,41,Business owner,,7100,1140,Home improvement,16350,3,5646.2,0,0,0,26.0,0,0
A02646,2025-12-11,South,46,Business owner,50.0,3590,0,Education,12900,6,2304.8,2,1,0,20.0,1,0
A02527,2025-12-11,Capital,41,Salaried,33.0,2530,1410,Home improvement,9250,18,624.89,0,0,0,15.0,1,0
A01076,2025-12-11,Central,24,Salaried,,5140,2890,Business,3700,3,1277.73,1,1,1,14.0,1,0
A01987,2025-12-11,Capital,31,Self-employed,62.0,2030,1790,Business,1300,6,232.27,0,0,0,36.0,0,0
A00445,2025-12-11,East,50,Contract,66.0,10470,2070,Car,23950,18,1617.96,1,0,1,29.0,0,0
A01034,2025-12-12,Coastal,41,Self-employed,13.0,5650,0,Car,13600,12,1296.53,1,0,0,36.0,0,0
A00674,2025-12-12,Capital,54,Self-employed,38.0,2620,0,Personal,6300,12,600.6,0,0,0,26.0,0,0
A00702,2025-12-12,South,54,Contract,6.0,4920,0,Car,14800,18,999.82,2,0,1,36.0,0,1
A00624,2025-12-12,Capital,51,Salaried,29.0,2490,0,Medical,3950,6,705.73,2,0,1,12.0,1,0
A02040,2025-12-12,North,39,Self-employed,28.0,3840,2760,Personal,9300,12,886.6,1,0,1,35.0,1,0
A00704,2025-12-12,East,51,Salaried,51.0,2630,6280,Business,5050,18,341.16,1,0,1,16.0,0,0
A02911,2025-12-13,Capital,47,Salaried,24.0,2270,0,Education,5250,18,354.67,3,1,1,16.0,0,0
A00613,2025-12-13,South,53,Salaried,74.0,2780,0,Education,3850,18,260.09,2,0,1,13.0,0,0
A02124,2025-12-14,Capital,61,,20.0,3140,0,Business,2500,9,307.78,2,0,1,24.0,0,0
A02694,2025-12-14,Central,45,Salaried,,6240,3540,Business,10900,12,1039.13,0,0,1,18.0,0,0
A00999,2025-12-14,Capital,53,Self-employed,57.0,4010,0,Education,15850,12,1511.03,2,0,0,34.0,0,0
A01250,2025-12-14,Central,44,Contract,51.0,3050,440,Business,9800,12,934.27,1,0,0,32.0,0,0
A00848,2025-12-14,North,38,Salaried,17.0,7150,0,Education,14000,12,1334.67,2,0,1,20.0,0,0
A00367,2025-12-15,North,49,Salaried,56.0,2460,0,Personal,3100,12,295.53,1,0,1,17.0,1,0
A02406,2025-12-15,Capital,57,Salaried,11.0,2890,6230,Car,2200,24,118.07,2,1,1,14.0,0,0
A02596,2025-12-15,North,60,Salaried,13.0,4080,940,Car,13200,12,1258.4,3,2,1,15.0,1,0
A02800,2025-12-15,North,23,Self-employed,9.0,8090,0,Car,21700,6,3877.07,0,0,0,29.0,1,0
A00732,2025-12-15,West,45,Self-employed,97.0,2250,0,Car,6600,12,629.2,0,0,1,34.0,1,0
A00452,2025-12-15,Central,24,Business owner,10.0,3140,0,Car,9350,6,1670.53,2,0,1,25.0,0,0
A01651,2025-12-16,Capital,37,Contract,66.0,4270,0,Personal,3100,12,295.53,1,0,0,35.0,1,0
A02720,2025-12-16,Coastal,42,Business owner,23.0,2930,2860,Business,5600,12,533.87,2,0,0,32.0,0,0
A02667,2025-12-16,Coastal,62,Contract,85.0,5360,0,Business,20600,12,1963.87,1,0,0,29.0,0,1
A00706,2025-12-16,Coastal,38,Business owner,,1580,0,Personal,4400,9,541.69,2,0,1,28.0,1,0
A00623,2025-12-16,North,52,Salaried,47.0,7120,0,Car,25450,24,1365.82,1,0,1,20.0,1,0
A01225,2025-12-17,North,34,Salaried,49.0,3070,0,Car,10600,18,716.09,0,0,1,18.0,1,0
A00280,2025-12-17,Capital,24,Salaried,20.0,3740,0,Business,8600,24,461.53,0,0,1,29.0,1,0
A00609,2025-12-17,Capital,49,Contract,14.0,6800,0,Home improvement,25400,12,2421.47,3,1,1,41.0,0,0
A02590,2025-12-17,East,24,Salaried,19.0,2790,4430,Car,5500,18,371.56,4,3,0,28.0,1,0
A00442,2025-12-17,East,35,Salaried,56.0,3480,3660,Car,3450,12,328.9,2,0,1,10.0,0,0
A01100,2025-12-17,Capital,30,Contract,65.0,1930,0,Car,7700,6,1375.73,0,0,0,34.0,0,0
A02416,2025-12-18,Coastal,34,Self-employed,33.0,3120,0,Business,8300,18,560.71,4,0,0,41.0,1,0
A00961,2025-12-18,South,26,Salaried,47.0,2700,0,Home improvement,10800,18,729.6,0,0,1,9.0,0,0
A02641,2025-12-19,Highlands,37,Contract,25.0,1630,190,Medical,6050,12,576.77,1,0,1,31.0,0,0
A02862,2025-12-19,West,31,Salaried,24.0,6690,25250,Home improvement,15350,18,1036.98,3,0,1,16.0,1,0
A02656,2025-12-20,West,53,Contract,28.0,4310,0,Business,4500,12,429.0,4,0,1,37.0,0,0
A01164,2025-12-20,Coastal,50,Salaried,53.0,4240,4350,Business,4350,12,414.7,1,0,1,15.0,0,0
A02987,2025-12-21,Capital,51,Contract,49.0,8250,0,Car,30300,3,10463.6,0,0,1,32.0,1,0
A01920,2025-12-21,West,47,Salaried,37.0,3770,3660,Education,10350,12,986.7,0,0,1,21.0,0,0
A02544,2025-12-21,Capital,50,Self-employed,16.0,6850,0,Business,22000,24,1180.67,1,0,0,23.0,1,0
A00795,2025-12-21,Highlands,33,Self-employed,24.0,1560,20,Car,5100,3,1761.2,0,0,0,33.0,1,0
A00392,2025-12-21,North,58,Contract,38.0,6490,3520,Personal,13550,12,1291.77,1,0,1,25.0,1,0
A02081,2025-12-21,South,42,Contract,13.0,2620,4650,Education,2300,6,410.93,2,2,1,27.0,1,0
A02178,2025-12-21,North,50,Contract,27.0,3700,390,Business,8350,6,1491.87,3,1,0,29.0,1,1
A00085,2025-12-22,Capital,57,Self-employed,50.0,5030,0,Car,8900,18,601.24,1,0,1,26.0,0,0
A01387,2025-12-22,South,26,Self-employed,16.0,2680,0,Home improvement,8550,12,815.1,1,1,0,34.0,0,0
A01483,2025-12-22,South,23,Self-employed,,2670,0,Medical,8650,6,1545.47,1,1,0,37.0,0,0
A02993,2025-12-23,East,28,Salaried,19.0,4210,0,Medical,11150,12,1062.97,4,2,1,,0,1
A00610,2025-12-23,Capital,55,Business owner,29.0,3550,2140,Home improvement,13450,12,1282.23,5,2,0,34.0,1,1
A00045,2025-12-23,Highlands,25,Salaried,24.0,3990,0,Car,2650,12,252.63,1,0,1,24.0,1,0
A02107,2025-12-23,South,56,Salaried,70.0,2780,270,Business,1500,18,101.33,0,0,0,,0,0
A02919,2025-12-24,South,30,Salaried,26.0,1290,0,Business,3900,12,371.8,1,1,1,19.0,1,0
A00620,2025-12-24,Capital,29,Salaried,16.0,9070,6070,Car,10200,6,1822.4,1,1,1,21.0,1,0
A01356,2025-12-25,Capital,61,Salaried,66.0,4090,7420,Home improvement,3800,3,1312.27,1,0,1,7.0,1,0
A00117,2025-12-25,Coastal,60,Salaried,30.0,1660,0,Home improvement,3000,18,202.67,2,0,1,16.0,0,0
A00336,2025-12-25,Highlands,45,Business owner,33.0,4150,0,Business,2350,24,126.12,2,0,1,34.0,1,0
A00574,2025-12-25,North,58,Self-employed,50.0,3540,12400,Home improvement,5550,12,529.1,2,0,1,,1,0
A01593,2025-12-25,Capital,55,Self-employed,26.0,2960,2880,Business,2000,12,190.67,1,0,1,27.0,0,0
A01777,2025-12-26,North,36,Self-employed,,1240,110,Education,3600,3,1243.2,3,1,1,27.0,0,0
A02262,2025-12-26,Capital,47,Business owner,27.0,9570,11660,Business,12300,3,4247.6,1,0,0,35.0,0,0
A01031,2025-12-26,South,55,Salaried,15.0,1660,0,Education,4600,6,821.87,1,0,1,18.0,1,1
A02019,2025-12-26,Highlands,39,Business owner,55.0,2320,0,Home improvement,7900,18,533.69,1,0,0,27.0,1,0
A00334,2025-12-26,Capital,22,Contract,3.0,4100,1570,Education,5950,12,567.23,2,0,0,32.0,1,0
A00025,2025-12-26,East,48,Business owner,43.0,1650,0,Medical,6400,9,787.91,2,1,0,34.0,1,0
A02281,2025-12-26,Central,61,Salaried,34.0,4770,0,Home improvement,3000,3,1036.0,5,1,0,15.0,0,0
A00493,2025-12-27,Capital,30,Business owner,32.0,2410,1870,Car,5250,6,938.0,1,1,0,33.0,0,0
A02533,2025-12-27,Capital,49,Self-employed,16.0,2500,0,Education,6750,6,1206.0,1,0,0,38.0,0,0
A02466,2025-12-27,North,36,Salaried,42.0,2620,3470,Business,8600,12,819.87,1,1,1,20.0,0,0
A00639,2025-12-27,West,34,Salaried,37.0,4080,0,Personal,13100,12,1248.87,0,0,0,18.0,1,0
A01743,2025-12-28,North,32,Salaried,61.0,1760,0,Personal,2800,6,500.27,0,0,1,19.0,0,0
A00687,2025-12-28,East,44,Salaried,121.0,3500,4740,Personal,13250,9,1631.22,1,0,1,17.0,1,0
A00567,2025-12-28,Central,53,Self-employed,11.0,2750,6010,Medical,10450,24,560.82,1,0,0,25.0,1,0
A02265,2025-12-28,Capital,28,Business owner,47.0,3010,0,Business,2750,9,338.56,1,0,0,37.0,0,0
A02491,2025-12-28,Coastal,56,Salaried,39.0,5920,0,Business,19000,12,1811.33,1,0,1,22.0,0,0
A01615,2025-12-28,Capital,40,Salaried,31.0,4310,1090,Business,5250,6,938.0,0,0,1,16.0,1,0
A01466,2025-12-29,Highlands,50,Business owner,16.0,1760,230,Business,1900,18,128.36,0,0,1,38.0,1,0
A02944,2025-12-29,South,39,Salaried,33.0,2950,1030,Car,11450,12,1091.57,3,2,0,16.0,0,0
A00559,2025-12-29,North,52,Self-employed,37.0,2000,0,Home improvement,6900,6,1232.8,2,1,1,31.0,0,0
A00262,2025-12-29,Central,28,Self-employed,22.0,3430,1080,Education,11050,12,1053.43,2,1,1,27.0,1,0
A02149,2025-12-29,Capital,61,Business owner,49.0,4250,650,Business,9050,6,1616.93,2,0,0,29.0,1,0
A00723,2025-12-30,Capital,28,Contract,25.0,6390,5600,Car,8250,18,557.33,2,0,0,33.0,1,0
A01729,2025-12-30,North,50,Salaried,22.0,2720,6560,Business,9000,6,1608.0,1,0,1,18.0,1,0
A02507,2025-12-30,South,30,Self-employed,47.0,4130,0,Business,8150,6,1456.13,0,0,0,34.0,0,0
A00253,2025-12-31,Capital,36,Business owner,13.0,2390,5500,Education,6800,6,1214.93,2,0,0,27.0,0,1
A02134,2025-12-31,North,55,Salaried,43.0,3210,2790,Education,6050,12,576.77,2,0,0,25.0,0,0
A00543,2025-12-31,East,29,Salaried,16.0,4160,6040,Personal,5200,6,929.07,2,0,1,23.0,0,0
A02622,2025-12-31,Capital,39,Salaried,,4100,0,Car,2150,12,204.97,0,0,1,20.0,1,0
