listing_id,listed_date,area,property_type,bedrooms,bathrooms,size_sqm,serviced,furnished,parking_spaces,year_built,distance_to_main_road_km,annual_rent_ngn
R01042,2025-01-01,Lekki (Chevron-Ajah),Detached duplex,5,5,252.0,0,0,2,1997.0,1.1,4100000
R02484,2025-01-01,Lekki Phase 1,Flat,2,2,137.0,1,0,0,2004.0,1.09,2950000
R02108,2025-01-01,Ajah,Detached duplex,5,4,263.0,0,0,2,2023.0,0.82,1550000
R00519,2025-01-01,Lekki (Chevron-Ajah),Mini flat,1,1,58.0,0,0,3,2019.0,1.89,600000
R01709,2025-01-01,Ajah,Self-contain,1,1,29.0,0,0,1,2018.0,2.45,250000
R00705,2025-01-01,Lekki (Chevron-Ajah),Flat,2,2,69.0,0,0,2,2005.0,0.57,900000
R01673,2025-01-01,Ajah,Flat,3,2,148.0,0,0,2,2002.0,1.13,1150000
R01038,2025-01-01,Ikeja,Mini flat,1,1,39.0,0,0,1,1993.0,0.47,450000
R02426,2025-01-01,Ikorodu,Terrace duplex,3,3,146.0,0,0,3,2001.0,0.59,950000
R00502,2025-01-02,Lekki (Chevron-Ajah),Mini flat,1,2,42.0,0,0,1,2021.0,1.7,450000
R00420,2025-01-02,Ikeja,Flat,2,1,83.0,0,1,2,2008.0,0.82,1000000
R00196,2025-01-02,Ikeja GRA,Flat,2,3,106.0,0,0,0,2007.0,0.38,1400000
R01115,2025-01-02,Yaba,Flat,3,3,120.0,1,0,0,1992.0,0.94,1250000
R01683,2025-01-02,Ikorodu,Flat,2,2,104.0,0,0,2,1997.0,0.7,400000
R01035,2025-01-02,Egbeda,Mini flat,1,1,46.0,0,0,1,2004.0,0.46,250000
R01055,2025-01-02,Ajah,Flat,3,3,130.0,0,0,1,2017.0,0.35,750000
R01050,2025-01-02,Ikeja GRA,Terrace duplex,4,4,148.0,1,0,2,2010.0,0.06,3100000
R00178,2025-01-02,Victoria Island,Mini flat,1,2,45.0,1,0,1,2001.0,0.31,1750000
R00306,2025-01-02,Egbeda,Self-contain,1,1,32.0,0,0,0,2018.0,1.03,150000
R01718,2025-01-03,Surulere,Terrace duplex,3,4,127.0,0,0,0,2004.0,0.65,950000
R00997,2025-01-03,Lekki Phase 1,Terrace duplex,3,3,143.0,0,0,3,2011.0,0.42,3800000
R01264,2025-01-03,Ajah,Flat,3,4,130.0,0,0,1,1987.0,0.92,1100000
R02154,2025-01-03,Gbagada,Flat,3,4,129.0,0,0,0,1996.0,0.21,1550000
R00936,2025-01-03,Ajah,Flat,2,2,112.0,0,0,2,2019.0,0.98,600000
R00503,2025-01-03,Surulere,Flat,2,2,48.0,0,0,0,1995.0,0.5,450000
R02376,2025-01-03,Yaba,Mini flat,1,1,45.0,0,0,1,1992.0,0.53,450000
R00257,2025-01-03,Lekki (Chevron-Ajah),Terrace duplex,3,4,,0,0,2,2000.0,0.69,2000000
R00479,2025-01-03,Ajah,Flat,2,1,82.0,0,0,0,,3.16,450000
R01339,2025-01-03,Ikeja GRA,Terrace duplex,3,2,101.0,0,0,2,1995.0,0.88,2250000
R00605,2025-01-04,Ajah,Flat,3,4,84.0,1,0,3,1990.0,0.57,650000
R02399,2025-01-04,Lekki Phase 1,Mini flat,1,1,48.0,1,0,1,1987.0,1.04,1200000
R00261,2025-01-04,Lekki Phase 1,Flat,3,4,145.0,1,1,2,2020.0,1.09,3950000
R01986,2025-01-05,Victoria Island,Self-contain,1,1,,0,0,0,2019.0,1.09,1200000
R00662,2025-01-05,Lekki (Chevron-Ajah),Flat,2,3,95.0,1,0,2,2021.0,0.55,1300000
R00110,2025-01-05,Lekki (Chevron-Ajah),Mini flat,1,2,45.0,0,1,1,2008.0,1.04,950000
R01945,2025-01-05,Surulere,Terrace duplex,3,2,139.0,0,0,3,1998.0,2.78,1250000
R02147,2025-01-05,Yaba,Terrace duplex,3,3,116.0,0,0,2,2012.0,0.42,1300000
R00609,2025-01-05,Ikeja,Detached duplex,4,5,202.0,0,0,2,2022.0,0.69,1900000
R01361,2025-01-05,Ikeja,Flat,3,3,134.0,0,0,3,2018.0,1.3,1500000
R02176,2025-01-05,Ikeja GRA,Flat,2,2,80.0,0,0,1,1997.0,2.42,1550000
R01851,2025-01-05,Ajah,Terrace duplex,4,5,,1,0,2,2001.0,0.66,1500000
R02055,2025-01-05,Ikorodu,Detached duplex,6,6,291.0,0,0,1,1990.0,1.27,1400000
R00669,2025-01-05,Yaba,Mini flat,1,1,61.0,0,1,3,1992.0,0.83,750000
R02398,2025-01-06,Egbeda,Self-contain,1,2,27.0,1,0,1,2024.0,1.69,150000
R00528,2025-01-06,Ikeja,Mini flat,1,1,43.0,0,0,2,2007.0,0.64,500000
R01585,2025-01-06,Lekki Phase 1,Flat,2,2,61.0,0,1,1,2022.0,0.26,1200000
R00523,2025-01-06,Yaba,Terrace duplex,4,4,179.0,0,0,1,2001.0,0.32,1700000
R02362,2025-01-06,Ikeja GRA,Self-contain,1,1,34.0,0,0,1,1999.0,0.26,600000
R02342,2025-01-06,Ikeja GRA,Flat,2,2,79.0,0,1,2,1992.0,1.11,1550000
R02224,2025-01-06,Egbeda,Mini flat,1,2,,0,0,2,2014.0,1.0,200000
R01325,2025-01-06,Lekki (Chevron-Ajah),Self-contain,1,1,23.0,0,0,0,2017.0,0.42,300000
R00154,2025-01-06,Ikoyi,Self-contain,1,2,21.0,1,0,0,1985.0,0.24,900000
R00795,2025-01-06,Gbagada,Flat,2,3,79.0,0,1,0,2021.0,1.12,600000
R02401,2025-01-07,Victoria Island,Flat,2,2,68.0,0,0,0,1988.0,1.53,1400000
R01195,2025-01-07,Yaba,Flat,3,4,155.0,1,1,1,2006.0,0.57,1750000
R01670,2025-01-07,Lekki Phase 1,Mini flat,1,1,34.0,1,0,1,2024.0,0.43,900000
R01733,2025-01-07,Victoria Island,Flat,3,2,168.0,0,1,1,2024.0,1.84,4950000
R01823,2025-01-07,Victoria Island,Mini flat,1,2,42.0,0,1,2,2016.0,1.24,1600000
R01943,2025-01-07,Ikoyi,Flat,2,3,130.0,0,0,2,1992.0,0.24,4900000
R00736,2025-01-07,Egbeda,Detached duplex,6,7,324.0,0,0,0,2014.0,0.95,1550000
R01699,2025-01-07,Lekki (Chevron-Ajah),Self-contain,1,1,33.0,0,0,0,2003.0,1.27,400000
R02087,2025-01-07,Egbeda,Flat,3,3,158.0,0,0,2,1997.0,0.36,750000
R02136,2025-01-08,Ajah,Terrace duplex,3,3,131.0,0,0,1,2024.0,0.37,1250000
R02283,2025-01-08,Egbeda,Detached duplex,5,5,245.0,0,0,2,1996.0,0.73,950000
R00859,2025-01-08,Ikeja GRA,Detached duplex,4,5,246.0,0,0,3,2012.0,1.33,4150000
R00328,2025-01-08,Ikeja,Flat,2,1,96.0,0,0,2,1988.0,1.59,1000000
R00454,2025-01-08,Surulere,Terrace duplex,3,3,125.0,0,0,1,2010.0,1.15,1000000
R01857,2025-01-08,Egbeda,Mini flat,1,2,53.0,0,0,2,2013.0,3.49,250000
R00703,2025-01-08,Lekki (Chevron-Ajah),Flat,3,2,,0,0,2,1994.0,0.09,1400000
R01549,2025-01-08,Gbagada,Self-contain,1,1,34.0,0,0,0,2019.0,0.38,500000
R01632,2025-01-08,Lekki (Chevron-Ajah),Flat,2,2,88.0,0,0,1,2007.0,1.18,1300000
R00998,2025-01-09,Lekki (Chevron-Ajah),Self-contain,1,1,,1,0,0,1998.0,1.21,450000
R02286,2025-01-09,Lekki Phase 1,Terrace duplex,4,3,158.0,0,0,2,1985.0,0.05,3050000
R00044,2025-01-09,Egbeda,Terrace duplex,3,4,129.0,1,0,2,2024.0,0.83,1050000
R00668,2025-01-09,Ikeja,Terrace duplex,4,5,174.0,1,0,1,,0.91,2650000
R01426,2025-01-09,Ikorodu,Mini flat,1,1,31.0,0,0,1,1986.0,0.27,150000
R02207,2025-01-09,Gbagada,Self-contain,1,2,30.0,1,0,0,2013.0,1.44,450000
R02183,2025-01-09,Lekki Phase 1,Mini flat,1,1,48.0,1,0,2,2016.0,0.82,1500000
R00279,2025-01-09,Lekki Phase 1,Self-contain,1,1,30.0,1,0,0,,0.63,700000
R00467,2025-01-10,Gbagada,Flat,3,3,,0,0,2,2002.0,0.37,2000000
R02429,2025-01-10,Ikorodu,Detached duplex,5,5,262.0,1,0,2,2011.0,0.87,1800000
R01481,2025-01-10,Yaba,Self-contain,1,1,,0,0,1,2021.0,0.27,300000
R01394,2025-01-10,Egbeda,Flat,3,3,107.0,0,0,3,2001.0,1.78,500000
R01909,2025-01-10,Victoria Island,Flat,3,3,163.0,0,0,2,1989.0,0.55,4300000
R01298,2025-01-10,Ikoyi,Mini flat,1,2,49.0,0,0,2,1998.0,0.8,1800000
R00250,2025-01-10,Surulere,Flat,2,3,108.0,0,0,3,1995.0,0.75,1050000
R00353,2025-01-10,Yaba,Flat,3,3,101.0,0,0,1,2022.0,2.26,800000
R01687,2025-01-10,Ikoyi,Terrace duplex,3,3,125.0,1,0,1,2011.0,1.48,5050000
R00097,2025-01-10,Ikoyi,Self-contain,1,2,17.0,1,0,0,1988.0,0.73,1000000
R00468,2025-01-11,Lekki Phase 1,Mini flat,1,1,44.0,1,0,2,1998.0,1.04,900000
R00468,2025-01-11,Lekki Phase 1,Mini flat,1,1,44.0,1,0,2,1998.0,1.04,900000
R00245,2025-01-11,Lekki (Chevron-Ajah),Flat,2,2,73.0,0,0,1,1999.0,0.92,750000
R00370,2025-01-11,Yaba,Terrace duplex,3,3,131.0,0,0,2,2020.0,0.17,1450000
R01736,2025-01-11,Victoria Island,Detached duplex,4,3,210.0,1,0,3,2006.0,0.32,9300000
R01901,2025-01-11,Ikorodu,Self-contain,1,1,34.0,0,0,0,2013.0,2.83,150000
R00518,2025-01-11,Yaba,Flat,2,3,122.0,0,0,1,2007.0,0.6,1250000
R00276,2025-01-11,Surulere,Terrace duplex,4,5,158.0,0,0,1,2016.0,3.07,1250000
R01288,2025-01-11,Ikorodu,Flat,2,2,78.0,1,0,2,2014.0,0.28,500000
R01151,2025-01-11,Yaba,Mini flat,1,1,47.0,0,0,1,2011.0,2.45,500000
R00517,2025-01-11,Victoria Island,Mini flat,1,2,49.0,1,1,1,2004.0,0.15,2600000
R00865,2025-01-11,Ikeja GRA,Flat,3,3,133.0,0,0,3,2023.0,0.2,2850000
R01456,2025-01-12,Ajah,Self-contain,1,1,25.0,1,0,0,2012.0,0.74,250000
R02265,2025-01-12,Ikeja,Terrace duplex,3,3,,0,0,1,2019.0,0.74,1750000
R02288,2025-01-12,Ikeja GRA,Flat,2,1,68.0,1,0,2,2007.0,2.12,1500000
R00626,2025-01-12,Ajah,Flat,2,2,,1,0,1,2011.0,0.47,750000
R02035,2025-01-12,Ajah,Mini flat,1,1,50.0,0,0,2,1998.0,0.19,350000
R01320,2025-01-12,Lekki Phase 1,Flat,3,4,114.0,1,0,3,2011.0,1.94,3600000
R01765,2025-01-12,Ikeja,Flat,3,3,166.0,0,0,0,1991.0,1.73,1100000
R00999,2025-01-12,Egbeda,Self-contain,1,2,,0,0,0,2008.0,0.46,100000
R00210,2025-01-12,Lekki Phase 1,Flat,2,2,81.0,1,0,1,2015.0,1.64,1850000
R00891,2025-01-12,Gbagada,Flat,2,1,73.0,0,0,0,1997.0,1.16,600000
R00848,2025-01-12,Gbagada,Flat,3,3,131.0,0,1,1,2015.0,0.67,1750000
R00131,2025-01-12,Lekki (Chevron-Ajah),Flat,2,1,122.0,0,0,0,2023.0,1.38,1500000
R02038,2025-01-12,Lekki (Chevron-Ajah),Flat,2,1,75.0,0,0,2,2013.0,1.91,900000
R00883,2025-01-13,Ikeja,Mini flat,1,1,43.0,0,1,1,1995.0,0.72,450000
R00500,2025-01-13,Ikeja,Self-contain,1,1,25.0,0,1,1,1987.0,0.57,350000
R01003,2025-01-13,Surulere,Flat,3,4,107.0,0,0,2,1994.0,1.38,900000
R00777,2025-01-13,Surulere,Mini flat,1,2,58.0,0,1,1,1994.0,1.82,450000
R01413,2025-01-14,Ikeja GRA,Mini flat,1,2,48.0,0,0,2,1993.0,1.87,850000
R02351,2025-01-14,Lekki Phase 1,Mini flat,1,2,25.0,0,1,2,1990.0,0.27,850000
R02263,2025-01-14,Ikeja,Self-contain,1,2,31.0,0,0,0,2020.0,1.29,250000
R00232,2025-01-14,Yaba,Flat,2,3,,0,0,0,1991.0,0.5,500000
R01797,2025-01-14,Egbeda,Flat,3,3,112.0,0,0,0,1997.0,0.17,600000
R02040,2025-01-14,Lekki (Chevron-Ajah),Flat,2,3,103.0,0,0,2,2001.0,0.39,1200000
R00063,2025-01-14,Yaba,Detached duplex,5,5,286.0,1,0,2,1988.0,0.91,4300000
R00140,2025-01-14,Egbeda,Self-contain,1,1,23.0,0,0,1,1997.0,0.21,150000
R02213,2025-01-14,Lekki Phase 1,Self-contain,1,1,33.0,1,0,0,2000.0,0.09,700000
R01493,2025-01-15,Ikeja GRA,Self-contain,1,1,27.0,0,0,0,1995.0,2.63,300000
R00135,2025-01-15,Ikorodu,Detached duplex,4,5,207.0,1,0,2,2000.0,0.11,1200000
R00038,2025-01-15,Ajah,Flat,2,1,101.0,0,0,1,2011.0,1.82,550000
R01614,2025-01-15,Yaba,Mini flat,1,1,39.0,0,0,3,2012.0,0.38,400000
R00045,2025-01-16,Yaba,Self-contain,1,1,32.0,0,1,1,1989.0,0.73,250000
R00722,2025-01-16,Egbeda,Flat,2,1,89.0,1,0,2,2000.0,0.13,1050000
R00200,2025-01-16,Ikeja GRA,Flat,2,3,88.0,0,0,1,2014.0,0.05,2050000
R01752,2025-01-16,Lekki Phase 1,Flat,2,1,102.0,0,0,3,1990.0,0.96,1800000
R01129,2025-01-16,Ikorodu,Self-contain,1,1,26.0,0,0,0,1991.0,0.42,200000
R00214,2025-01-16,Yaba,Flat,3,3,118.0,0,0,2,2008.0,0.54,1200000
R01571,2025-01-16,Ajah,Terrace duplex,3,2,131.0,1,0,1,2007.0,0.34,1050000
R00357,2025-01-17,Ikoyi,Flat,3,2,156.0,1,0,1,2017.0,1.0,5350000
R01914,2025-01-17,Lekki Phase 1,Detached duplex,4,4,261.0,1,0,1,1986.0,0.45,7600000
R01691,2025-01-17,Lekki (Chevron-Ajah),Flat,2,3,89.0,0,0,2,1994.0,0.89,1500000
R02419,2025-01-17,Ikorodu,Terrace duplex,3,3,127.0,0,0,1,2018.0,1.51,400000
R01396,2025-01-17,Ikeja,Mini flat,1,1,50.0,0,0,1,2017.0,1.63,500000
R01336,2025-01-17,Surulere,Mini flat,1,1,65.0,0,0,1,1991.0,1.47,450000
R01882,2025-01-17,Surulere,Terrace duplex,4,5,160.0,0,0,0,,0.1,1400000
R01521,2025-01-18,Yaba,Mini flat,1,1,32.0,0,1,0,2009.0,1.18,350000
R01620,2025-01-18,Egbeda,Flat,3,4,159.0,0,0,0,2002.0,2.15,750000
R00062,2025-01-18,Gbagada,Terrace duplex,4,4,164.0,0,0,2,1990.0,0.63,2000000
R02496,2025-01-18,Lekki (Chevron-Ajah),Self-contain,1,2,31.0,0,0,0,2007.0,0.62,400000
R00359,2025-01-18,Lekki Phase 1,Flat,2,3,69.0,1,0,1,1999.0,1.85,1750000
R00379,2025-01-18,Ajah,Mini flat,1,1,50.0,0,0,3,2022.0,1.82,350000
R00667,2025-01-18,Ikeja,Flat,2,3,66.0,1,0,1,2002.0,0.66,700000
R00014,2025-01-18,Lekki (Chevron-Ajah),Self-contain,1,1,35.0,0,0,0,2000.0,0.31,400000
R02483,2025-01-18,Ikoyi,Self-contain,1,1,24.0,0,1,0,1995.0,1.74,850000
R02063,2025-01-19,Ikeja GRA,Flat,2,2,98.0,0,0,3,2007.0,1.23,1500000
R01515,2025-01-19,Gbagada,Terrace duplex,3,3,117.0,0,0,0,1988.0,0.59,1600000
R02194,2025-01-19,Lekki (Chevron-Ajah),Mini flat,1,1,38.0,0,0,2,2006.0,2.64,450000
R01052,2025-01-19,Surulere,Flat,2,2,,0,0,2,2019.0,1.39,1150000
R01704,2025-01-19,Ikeja,Self-contain,1,1,29.0,0,1,0,2014.0,0.08,300000
R01931,2025-01-19,Ikorodu,Self-contain,1,1,35.0,0,0,0,2003.0,0.7,150000
R01983,2025-01-19,Yaba,Self-contain,1,1,31.0,0,0,0,2007.0,0.91,250000
R01815,2025-01-19,Ikeja GRA,Self-contain,1,1,35.0,1,0,0,2009.0,0.06,750000
R01700,2025-01-19,Ajah,Mini flat,1,1,43.0,1,0,1,2010.0,0.24,400000
R01664,2025-01-19,Egbeda,Mini flat,1,1,33.0,1,0,2,2003.0,2.57,250000
R01078,2025-01-19,Victoria Island,Terrace duplex,3,3,107.0,1,0,3,1985.0,0.32,3350000
R00709,2025-01-19,Ikorodu,Flat,3,3,138.0,0,0,1,2010.0,1.5,450000
R01842,2025-01-19,Lekki (Chevron-Ajah),Self-contain,1,1,27.0,0,1,0,1986.0,1.19,400000
R02153,2025-01-19,Ikeja,Mini flat,1,1,39.0,0,0,1,2013.0,1.65,400000
R00380,2025-01-20,Egbeda,Flat,3,3,106.0,0,0,2,2007.0,1.21,500000
R01600,2025-01-20,Surulere,Mini flat,1,2,45.0,0,0,2,1988.0,0.95,350000
R01799,2025-01-20,Ikorodu,Flat,2,2,94.0,0,0,1,1993.0,1.36,500000
R00433,2025-01-20,Lekki (Chevron-Ajah),Flat,2,2,104.0,0,0,3,1991.0,0.61,1150000
R01645,2025-01-20,Ajah,Flat,2,2,101.0,0,0,0,1988.0,0.68,550000
R01801,2025-01-20,Yaba,Flat,3,4,124.0,0,0,2,1996.0,0.53,1450000
R00913,2025-01-20,Ajah,Flat,3,3,145.0,0,0,0,1993.0,0.53,800000
R02228,2025-01-20,Gbagada,Self-contain,1,2,28.0,0,1,0,2017.0,1.61,400000
R01979,2025-01-21,Ikeja,Mini flat,1,1,50.0,0,0,2,2020.0,1.36,500000
R02012,2025-01-21,Surulere,Self-contain,1,1,,0,0,0,2005.0,1.39,300000
R02026,2025-01-21,Lekki (Chevron-Ajah),Flat,2,2,94.0,0,0,1,2000.0,0.11,1200000
R02007,2025-01-21,Lekki (Chevron-Ajah),Terrace duplex,3,3,117.0,0,0,1,1991.0,0.64,1550000
R01258,2025-01-21,Ikeja,Detached duplex,5,4,285.0,0,0,2,2012.0,1.27,3150000
R01490,2025-01-21,Victoria Island,Self-contain,1,2,35.0,1,0,0,1999.0,1.37,1000000
R00476,2025-01-21,Lekki (Chevron-Ajah),Detached duplex,6,6,303.0,0,0,2,2023.0,1.19,3800000
R01086,2025-01-21,Ajah,Flat,2,2,79.0,0,0,2,1988.0,1.18,450000
R02416,2025-01-21,Victoria Island,Flat,2,1,108.0,1,0,1,2000.0,1.88,3300000
R01495,2025-01-21,Lekki (Chevron-Ajah),Flat,2,1,80.0,0,0,1,2019.0,0.1,1450000
R01333,2025-01-22,Surulere,Self-contain,1,1,26.0,0,0,1,1995.0,4.16,250000
R00192,2025-01-22,Lekki Phase 1,Mini flat,1,2,45.0,1,0,0,2014.0,0.63,1100000
R01802,2025-01-22,Ikeja GRA,Flat,3,3,142.0,0,0,1,1986.0,1.08,2100000
R02453,2025-01-22,Lekki Phase 1,Terrace duplex,3,2,153.0,1,0,0,1993.0,0.09,4150000
R00948,2025-01-22,Lekki Phase 1,Flat,3,3,69.0,0,0,0,2003.0,0.24,1150000
R00682,2025-01-22,Lekki Phase 1,Flat,3,3,126.0,1,0,2,1999.0,0.6,3200000
R01827,2025-01-22,Surulere,Self-contain,1,1,25.0,0,0,1,2012.0,0.89,200000
R00111,2025-01-22,Yaba,Self-contain,1,2,27.0,0,0,1,1989.0,1.08,300000
R01811,2025-01-23,Lekki (Chevron-Ajah),Mini flat,1,2,38.0,0,0,0,1999.0,0.51,500000
R01326,2025-01-23,Lekki (Chevron-Ajah),Terrace duplex,3,3,137.0,1,0,2,1992.0,1.61,2300000
R01360,2025-01-23,Lekki (Chevron-Ajah),Flat,2,2,110.0,0,0,0,2016.0,0.17,1250000
R00983,2025-01-23,Ajah,Mini flat,1,1,42.0,0,0,0,2015.0,1.52,300000
R00400,2025-01-23,Ikeja,Terrace duplex,4,5,167.0,0,0,1,1986.0,0.91,1850000
R01731,2025-01-23,Yaba,Self-contain,1,1,22.0,0,0,0,1987.0,0.6,150000
R02241,2025-01-23,Ajah,Terrace duplex,4,5,175.0,0,0,2,1990.0,0.26,1100000
R00545,2025-01-23,Egbeda,Mini flat,1,2,45.0,0,0,2,1999.0,0.08,200000
R00566,2025-01-23,Ikoyi,Terrace duplex,3,2,163.0,1,0,1,1986.0,2.32,5100000
R00087,2025-01-23,Ikorodu,Detached duplex,5,4,261.0,0,0,1,1993.0,0.12,1400000
R01769,2025-01-24,Surulere,Flat,3,4,155.0,0,0,2,2001.0,1.86,1150000
R02321,2025-01-24,Ikeja GRA,Flat,3,2,135.0,0,0,2,2016.0,1.34,2300000
R01286,2025-01-24,Lekki (Chevron-Ajah),Mini flat,1,1,49.0,0,1,1,2000.0,0.36,650000
R02465,2025-01-24,Ikoyi,Flat,2,1,89.0,1,0,1,1990.0,1.12,3400000
R01921,2025-01-25,Ajah,Flat,3,2,,1,0,1,1987.0,1.15,1050000
R00602,2025-01-25,Victoria Island,Mini flat,1,2,45.0,0,0,1,1991.0,0.99,1000000
R00575,2025-01-25,Gbagada,Flat,3,2,138.0,0,0,2,2015.0,1.11,1350000
R01277,2025-01-25,Ikoyi,Flat,3,3,139.0,1,1,0,2009.0,0.27,7400000
R00653,2025-01-25,Surulere,Flat,3,3,125.0,0,0,2,2011.0,0.07,1400000
R01458,2025-01-25,Ikeja,Flat,3,4,131.0,0,0,3,2006.0,0.65,1250000
R00478,2025-01-25,Lekki Phase 1,Flat,3,3,99.0,0,0,2,1994.0,0.42,2250000
R01623,2025-01-25,Ikorodu,Detached duplex,5,6,263.0,0,0,0,2011.0,0.4,1000000
R00908,2025-01-25,Ikeja,Mini flat,1,2,42.0,0,0,1,1994.0,0.42,500000
R01603,2025-01-26,Lekki (Chevron-Ajah),Detached duplex,5,6,258.0,0,0,2,1999.0,1.08,3450000
R00452,2025-01-26,Victoria Island,Mini flat,1,2,50.0,1,0,0,2009.0,0.39,1400000
R01581,2025-01-26,Surulere,Detached duplex,4,4,238.0,0,0,1,2023.0,0.7,3000000
R00951,2025-01-26,Yaba,Flat,2,3,81.0,0,0,1,2008.0,0.32,750000
R02126,2025-01-26,Ajah,Detached duplex,4,4,205.0,0,0,2,1986.0,0.6,1250000
R00899,2025-01-26,Ikeja,Mini flat,1,1,47.0,0,0,2,2010.0,0.97,350000
R01880,2025-01-26,Ajah,Flat,3,4,134.0,0,0,1,,0.17,1400000
R02349,2025-01-27,Yaba,Flat,2,2,,1,0,0,2009.0,0.39,1600000
R02256,2025-01-27,Lekki Phase 1,Flat,3,3,98.0,0,0,1,1993.0,0.6,2000000
R02019,2025-01-27,Lekki Phase 1,Flat,2,1,83.0,1,0,2,2011.0,2.04,2100000
R02290,2025-01-27,Egbeda,Mini flat,1,1,43.0,1,0,1,2018.0,0.75,250000
R00077,2025-01-27,Lekki Phase 1,Mini flat,1,2,48.0,1,0,1,2005.0,1.85,1200000
R02267,2025-01-27,Gbagada,Terrace duplex,4,5,146.0,0,0,3,1989.0,0.87,1550000
R00752,2025-01-27,Ajah,Mini flat,1,1,40.0,1,0,1,2018.0,0.3,300000
R01171,2025-01-27,Ikorodu,Self-contain,1,1,31.0,0,0,0,1989.0,0.36,100000
R02006,2025-01-27,Lekki Phase 1,Flat,3,3,142.0,1,1,1,1996.0,0.61,4300000
R00356,2025-01-28,Ikorodu,Mini flat,1,2,35.0,0,0,1,2000.0,1.2,150000
R01866,2025-01-28,Ikoyi,Flat,2,3,94.0,1,0,0,2014.0,0.23,3750000
R00235,2025-01-28,Lekki (Chevron-Ajah),Detached duplex,5,4,266.0,0,0,1,2003.0,1.04,3600000
R02448,2025-01-28,Lekki Phase 1,Self-contain,1,2,26.0,1,0,0,1985.0,1.8,500000
R01304,2025-01-28,Lekki (Chevron-Ajah),Flat,2,2,104.0,0,0,3,2000.0,0.8,2000000
R00336,2025-01-28,Lekki (Chevron-Ajah),Flat,2,3,98.0,0,0,0,2017.0,0.14,1700000
R00336,2025-01-28,Lekki (Chevron-Ajah),Flat,2,3,98.0,0,0,0,2017.0,0.14,1700000
R02064,2025-01-28,Ajah,Terrace duplex,3,3,112.0,0,0,2,2000.0,0.96,800000
R02299,2025-01-28,Lekki (Chevron-Ajah),Flat,2,2,75.0,0,0,3,1996.0,0.36,950000
R00804,2025-01-28,Lekki (Chevron-Ajah),Flat,3,4,83.0,1,0,2,1997.0,2.78,1000000
R02491,2025-01-28,Victoria Island,Flat,2,1,86.0,0,0,1,,0.17,2450000
R02261,2025-01-28,Lekki Phase 1,Flat,3,4,142.0,1,0,1,2001.0,0.22,3650000
R00623,2025-01-28,Lekki (Chevron-Ajah),Terrace duplex,3,3,139.0,0,0,1,1999.0,0.71,1950000
R00793,2025-01-29,Ikeja,Flat,3,3,129.0,0,0,1,2006.0,1.83,1150000
R01932,2025-01-29,Lekki Phase 1,Flat,2,2,96.0,1,0,2,1994.0,1.28,1900000
R02024,2025-01-29,Yaba,Mini flat,1,2,52.0,0,0,1,2006.0,1.76,600000
R01353,2025-01-29,Yaba,Self-contain,1,1,26.0,0,0,1,2003.0,0.1,250000
R01338,2025-01-29,Surulere,Detached duplex,5,5,279.0,0,0,0,2014.0,1.19,2300000
R01095,2025-01-29,Yaba,Flat,3,2,109.0,0,0,2,2021.0,3.34,950000
R00586,2025-01-30,Surulere,Mini flat,1,2,42.0,0,0,2,2018.0,0.66,350000
R00070,2025-01-30,Ikeja,Detached duplex,5,6,265.0,0,0,1,2023.0,1.38,2150000
R00732,2025-01-30,Lekki Phase 1,Terrace duplex,4,4,163.0,1,0,1,1995.0,0.64,3250000
R01200,2025-01-30,Lekki (Chevron-Ajah),Detached duplex,4,4,232.0,0,0,0,2001.0,0.75,3250000
R00809,2025-01-30,Lekki (Chevron-Ajah),Detached duplex,6,6,299.0,1,0,2,1990.0,0.2,4300000
R01987,2025-01-30,Ikeja,Mini flat,1,2,50.0,0,0,1,1992.0,0.16,400000
R01878,2025-01-31,Surulere,Self-contain,1,2,31.0,0,0,0,2020.0,1.08,300000
R01301,2025-01-31,Lekki (Chevron-Ajah),Self-contain,1,1,27.0,0,1,1,1995.0,0.77,300000
R00349,2025-01-31,Surulere,Mini flat,1,1,45.0,1,0,0,2003.0,1.57,550000
R01301,2025-01-31,Lekki (Chevron-Ajah),Self-contain,1,1,27.0,0,1,1,1995.0,0.77,300000
R01562,2025-01-31,Lekki Phase 1,Flat,2,2,89.0,0,0,1,2001.0,0.51,1500000
R00128,2025-01-31,Ikoyi,Detached duplex,4,3,202.0,1,1,1,2008.0,1.68,8550000
R01411,2025-01-31,Ikeja,Flat,2,2,110.0,0,0,0,2023.0,1.36,950000
R00329,2025-01-31,Ikorodu,Self-contain,1,1,23.0,0,0,1,1994.0,0.47,100000
R01391,2025-02-01,Ikeja,Detached duplex,6,6,291.0,0,0,2,2016.0,0.86,3650000
R00704,2025-02-01,Ikeja,Flat,2,3,,1,0,2,1998.0,1.37,1500000
R01720,2025-02-01,Lekki Phase 1,Detached duplex,5,6,,0,0,1,1995.0,0.26,7100000
R00190,2025-02-01,Egbeda,Self-contain,1,1,29.0,1,0,1,2008.0,2.64,200000
R01118,2025-02-01,Ajah,Self-contain,1,1,27.0,0,0,0,1996.0,0.62,150000
R00514,2025-02-01,Ikeja,Self-contain,1,2,24.0,1,0,0,2013.0,0.16,300000
R00384,2025-02-01,Ajah,Terrace duplex,4,4,157.0,0,0,1,1999.0,0.18,1250000
R00925,2025-02-01,Ikeja GRA,Mini flat,1,1,60.0,0,0,1,2003.0,1.88,800000
R00147,2025-02-02,Yaba,Flat,3,4,118.0,1,1,1,1985.0,1.21,1800000
R00834,2025-02-02,Lekki Phase 1,Self-contain,1,2,18.0,1,0,1,2018.0,0.77,350000
R00147,2025-02-02,Yaba,Flat,3,4,118.0,1,1,1,1985.0,1.21,1800000
R00309,2025-02-02,Ikoyi,Self-contain,1,1,26.0,0,0,1,2003.0,1.88,900000
R02128,2025-02-02,Lekki (Chevron-Ajah),Flat,3,4,129.0,0,0,3,1998.0,0.38,1550000
R02410,2025-02-02,Egbeda,Terrace duplex,3,3,113.0,1,0,0,2021.0,0.27,600000
R00459,2025-02-02,Ikoyi,Flat,3,4,148.0,0,1,3,2006.0,0.29,5600000
R02144,2025-02-02,Surulere,Flat,2,3,77.0,0,1,0,2011.0,2.46,700000
R00807,2025-02-02,Gbagada,Self-contain,1,2,24.0,0,0,0,1990.0,1.46,300000
R02099,2025-02-03,Surulere,Mini flat,1,2,51.0,0,0,1,1999.0,1.93,300000
R01904,2025-02-03,Ikeja,Self-contain,1,1,29.0,0,0,0,1985.0,0.51,250000
R00552,2025-02-03,Ikoyi,Flat,3,2,138.0,1,0,2,1999.0,1.15,5200000
R01332,2025-02-03,Lekki (Chevron-Ajah),Mini flat,1,1,43.0,0,0,1,2005.0,0.25,500000
R01852,2025-02-03,Ikeja,Self-contain,1,1,30.0,0,0,1,2003.0,1.05,350000
R02009,2025-02-03,Ikoyi,Flat,3,3,142.0,1,0,2,2015.0,1.35,5700000
R01908,2025-02-04,Egbeda,Detached duplex,6,7,326.0,1,0,1,2019.0,0.09,2600000
R02379,2025-02-04,Ikeja,Terrace duplex,4,3,210.0,1,0,1,1990.0,1.21,1450000
R01194,2025-02-04,Surulere,Detached duplex,5,5,233.0,0,1,3,1993.0,1.16,2300000
R01354,2025-02-04,Victoria Island,Flat,2,3,99.0,1,0,0,1993.0,0.26,2300000
R01216,2025-02-04,Gbagada,Mini flat,1,1,30.0,0,0,1,1994.0,1.1,200000
R01796,2025-02-04,Victoria Island,Flat,2,2,111.0,0,1,3,1986.0,0.27,3050000
R00046,2025-02-04,Surulere,Flat,2,2,95.0,1,1,1,2023.0,1.38,1150000
R01137,2025-02-04,Ikoyi,Self-contain,1,1,25.0,1,0,0,2021.0,0.94,650000
R00603,2025-02-04,Ikeja GRA,Mini flat,1,1,51.0,0,0,1,2022.0,1.31,750000
R00239,2025-02-04,Ajah,Terrace duplex,3,2,123.0,0,0,1,2000.0,0.9,750000
R00896,2025-02-04,Ikoyi,Flat,3,4,91.0,1,0,3,2007.0,0.59,4250000
R02478,2025-02-04,Gbagada,Flat,3,3,126.0,0,0,1,,1.32,1500000
R02486,2025-02-04,Lekki Phase 1,Self-contain,1,1,22.0,1,0,0,1994.0,0.54,500000
R02297,2025-02-04,Gbagada,Self-contain,1,1,26.0,0,1,0,2011.0,0.24,300000
R01638,2025-02-05,Lekki (Chevron-Ajah),Flat,3,3,150.0,0,0,1,2009.0,0.1,1800000
R02296,2025-02-05,Lekki (Chevron-Ajah),Flat,2,2,110.0,0,0,3,2014.0,1.45,1400000
R01847,2025-02-05,Lekki Phase 1,Mini flat,1,1,49.0,1,1,2,1989.0,0.94,1600000
R01455,2025-02-05,Ikoyi,Self-contain,1,2,35.0,1,0,0,1986.0,0.69,950000
R00301,2025-02-05,Lekki (Chevron-Ajah),Mini flat,1,1,,1,0,1,2008.0,1.48,800000
R02481,2025-02-05,Surulere,Mini flat,1,2,42.0,0,0,0,2009.0,1.54,450000
R01136,2025-02-05,Ajah,Terrace duplex,3,3,121.0,0,0,0,2006.0,0.68,900000
R01379,2025-02-05,Surulere,Mini flat,1,1,58.0,0,1,2,2018.0,0.25,500000
R01589,2025-02-05,Ajah,Flat,2,2,87.0,0,0,3,1996.0,0.75,400000
R01693,2025-02-05,Ikeja,Flat,3,3,129.0,0,0,3,1985.0,0.87,1500000
R00383,2025-02-05,Lekki Phase 1,Flat,3,2,,1,0,1,2009.0,1.2,4500000
R00543,2025-02-05,Yaba,Flat,3,3,143.0,1,0,0,2022.0,0.89,1700000
R00720,2025-02-05,Surulere,Mini flat,1,1,39.0,1,0,0,2014.0,1.22,500000
R01555,2025-02-06,Ikeja,Flat,3,2,129.0,0,1,1,2018.0,3.13,2050000
R01899,2025-02-06,Yaba,Self-contain,1,2,25.0,1,0,0,1997.0,0.88,300000
R01474,2025-02-06,Ikeja,Flat,3,4,114.0,1,0,3,1990.0,0.56,1350000
R02406,2025-02-06,Yaba,Self-contain,1,1,34.0,0,0,0,1995.0,0.22,300000
R01184,2025-02-06,Ikeja GRA,Self-contain,1,2,26.0,0,0,0,1994.0,2.48,450000
R02301,2025-02-06,Lekki (Chevron-Ajah),Self-contain,1,1,28.0,0,0,1,2015.0,0.74,350000
R01509,2025-02-06,Gbagada,Flat,2,1,99.0,0,1,2,2002.0,0.99,1100000
R02298,2025-02-06,Ikeja GRA,Flat,2,1,91.0,0,0,0,2005.0,3.68,1900000
R02069,2025-02-06,Ikoyi,Terrace duplex,4,3,159.0,1,1,3,2016.0,0.33,8850000
R01976,2025-02-06,Ajah,Flat,3,2,140.0,1,1,2,1985.0,0.06,1600000
R02311,2025-02-06,Yaba,Detached duplex,6,7,304.0,1,0,0,1999.0,0.76,3850000
R00718,2025-02-07,Ikeja GRA,Mini flat,1,1,37.0,0,0,0,2005.0,2.55,650000
R02260,2025-02-07,Ikeja,Terrace duplex,4,4,192.0,0,0,3,2022.0,0.61,1850000
R00008,2025-02-07,Yaba,Flat,2,2,110.0,0,0,3,2002.0,0.76,850000
R02235,2025-02-07,Lekki Phase 1,Flat,2,2,98.0,1,0,2,2023.0,2.16,2400000
R00691,2025-02-07,Lekki Phase 1,Terrace duplex,3,4,101.0,1,0,1,1991.0,0.97,1950000
R01690,2025-02-07,Gbagada,Flat,2,2,93.0,1,0,3,2001.0,2.29,1300000
R00642,2025-02-07,Victoria Island,Self-contain,1,1,31.0,1,0,0,2011.0,0.07,950000
R00895,2025-02-07,Lekki (Chevron-Ajah),Mini flat,1,1,39.0,0,0,2,1986.0,0.47,400000
R00187,2025-02-07,Surulere,Self-contain,1,1,28.0,1,0,1,2015.0,2.11,300000
R01011,2025-02-07,Ikorodu,Flat,2,2,101.0,0,0,2,2010.0,1.31,500000
R01162,2025-02-07,Gbagada,Detached duplex,4,5,230.0,0,0,0,2011.0,0.95,2200000
R01654,2025-02-07,Ikeja,Terrace duplex,3,3,116.0,0,0,2,2012.0,0.71,1150000
R00930,2025-02-07,Ikoyi,Detached duplex,5,6,277.0,1,0,3,1990.0,0.59,9800000
R00934,2025-02-07,Gbagada,Terrace duplex,3,4,124.0,0,0,0,2002.0,0.95,1000000
R00134,2025-02-07,Ajah,Flat,3,3,120.0,0,0,0,2024.0,0.11,600000
R00837,2025-02-07,Yaba,Mini flat,1,1,47.0,0,0,3,2019.0,1.47,400000
R00878,2025-02-07,Lekki (Chevron-Ajah),Terrace duplex,3,4,108.0,0,0,2,,0.57,1350000
R00093,2025-02-08,Ikoyi,Terrace duplex,3,3,121.0,1,0,1,2021.0,0.55,5850000
R00081,2025-02-08,Gbagada,Flat,2,2,92.0,0,0,2,2021.0,2.5,1200000
R01973,2025-02-08,Yaba,Flat,2,2,65.0,0,0,1,2005.0,0.95,650000
R01297,2025-02-08,Ikeja,Detached duplex,6,5,313.0,0,0,1,2003.0,0.55,3450000
R00631,2025-02-08,Ikeja GRA,Flat,3,3,,1,0,0,1987.0,1.23,2500000
R01303,2025-02-08,Victoria Island,Flat,2,1,128.0,0,0,2,2020.0,0.55,3100000
R00594,2025-02-08,Gbagada,Flat,3,3,122.0,0,0,2,2024.0,1.22,1850000
R02412,2025-02-08,Ikeja GRA,Flat,3,3,129.0,0,1,2,1987.0,1.9,2500000
R01780,2025-02-08,Gbagada,Terrace duplex,4,4,158.0,0,0,0,2015.0,0.89,1700000
R02094,2025-02-08,Yaba,Terrace duplex,3,3,150.0,0,0,3,2017.0,1.01,1500000
R00648,2025-02-08,Gbagada,Flat,2,2,73.0,0,0,3,2000.0,0.62,600000
R01672,2025-02-09,Surulere,Flat,2,1,87.0,0,0,3,1992.0,2.69,650000
R00509,2025-02-09,Ajah,Self-contain,1,1,38.0,0,0,0,2006.0,0.59,300000
R00480,2025-02-09,Ikeja GRA,Terrace duplex,4,4,179.0,0,0,3,,1.02,2600000
R01924,2025-02-09,Egbeda,Self-contain,1,1,28.0,0,0,1,1993.0,1.11,150000
R01112,2025-02-09,Ikoyi,Flat,3,4,136.0,1,0,3,1994.0,0.95,4500000
R01792,2025-02-09,Lekki (Chevron-Ajah),Flat,2,1,64.0,0,0,1,1994.0,0.38,600000
R00811,2025-02-09,Lekki (Chevron-Ajah),Flat,2,1,87.0,0,0,3,1986.0,0.12,800000
R00915,2025-02-09,Ajah,Flat,2,1,91.0,0,0,0,1987.0,0.69,450000
R00835,2025-02-10,Lekki Phase 1,Self-contain,1,1,17.0,0,0,1,2021.0,0.22,350000
R01982,2025-02-10,Ajah,Mini flat,1,1,37.0,1,1,1,,1.84,450000
R01392,2025-02-10,Lekki (Chevron-Ajah),Flat,3,3,155.0,1,0,1,1994.0,1.1,2350000
R02462,2025-02-10,Lekki (Chevron-Ajah),Flat,3,3,113.0,0,0,3,2009.0,0.38,1050000
R02118,2025-02-10,Gbagada,Flat,2,3,98.0,1,0,0,2024.0,0.28,1800000
R01292,2025-02-10,Yaba,Terrace duplex,3,3,124.0,0,0,2,2024.0,0.37,1400000
R00105,2025-02-10,Lekki Phase 1,Flat,3,2,94.0,0,1,0,2007.0,0.19,2000000
R00670,2025-02-11,Ikorodu,Mini flat,1,1,50.0,0,0,3,2008.0,0.78,250000
R01494,2025-02-11,Ikeja,Self-contain,1,1,28.0,0,0,0,2024.0,1.33,250000
R00085,2025-02-11,Lekki Phase 1,Mini flat,1,2,52.0,1,1,2,1995.0,0.27,2000000
R00863,2025-02-11,Ikeja GRA,Self-contain,1,1,21.0,1,0,0,1993.0,0.73,400000
R01451,2025-02-11,Ikoyi,Terrace duplex,3,3,,1,0,3,2020.0,1.67,3950000
R00498,2025-02-11,Victoria Island,Flat,2,1,95.0,1,0,1,2024.0,0.14,2600000
R00345,2025-02-11,Ikeja,Flat,2,2,92.0,0,1,1,1986.0,0.93,1050000
R01667,2025-02-11,Lekki (Chevron-Ajah),Flat,3,3,121.0,0,0,2,2011.0,0.18,1550000
R01762,2025-02-11,Gbagada,Detached duplex,4,5,231.0,0,0,2,2004.0,1.12,1950000
R00233,2025-02-12,Lekki (Chevron-Ajah),Mini flat,1,1,45.0,0,0,0,2017.0,1.01,650000
R01930,2025-02-12,Yaba,Flat,2,2,110.0,0,0,1,2002.0,1.16,900000
R00972,2025-02-12,Lekki Phase 1,Flat,2,2,81.0,1,0,1,2003.0,1.44,2550000
R00165,2025-02-12,Yaba,Flat,2,1,109.0,0,0,2,2009.0,0.6,1350000
R00260,2025-02-12,Yaba,Self-contain,1,1,25.0,0,0,0,1990.0,0.42,300000
R02046,2025-02-12,Surulere,Self-contain,1,1,22.0,0,0,0,2009.0,0.84,200000
R01749,2025-02-13,Ajah,Self-contain,1,1,27.0,1,0,0,1991.0,0.57,150000
R02178,2025-02-13,Lekki Phase 1,Mini flat,1,1,47.0,0,0,1,1998.0,2.06,750000
R00086,2025-02-13,Lekki (Chevron-Ajah),Mini flat,1,1,46.0,0,0,2,2015.0,1.3,500000
R02208,2025-02-13,Surulere,Terrace duplex,3,2,143.0,0,0,1,2003.0,0.24,1150000
R00774,2025-02-13,Lekki Phase 1,Flat,2,3,93.0,1,0,0,2004.0,0.48,2650000
R00065,2025-02-13,Ikeja,Terrace duplex,4,3,160.0,0,0,2,1992.0,1.32,1650000
R00224,2025-02-14,Ikeja,Self-contain,1,1,,0,0,0,2016.0,0.79,250000
R00450,2025-02-14,Ajah,Self-contain,1,1,32.0,0,1,0,2012.0,0.87,300000
R01122,2025-02-14,Ikeja,Self-contain,1,1,32.0,0,0,0,1986.0,0.13,250000
R01845,2025-02-14,Victoria Island,Self-contain,1,1,26.0,1,1,1,1990.0,1.33,1150000
R00041,2025-02-14,Ikeja,Flat,3,2,,1,0,2,1997.0,2.02,1500000
R00505,2025-02-14,Lekki (Chevron-Ajah),Terrace duplex,4,4,171.0,1,0,0,2023.0,0.6,2550000
R00886,2025-02-14,Egbeda,Flat,3,2,128.0,0,0,1,1985.0,0.52,600000
R02184,2025-02-14,Surulere,Self-contain,1,1,28.0,0,1,0,2019.0,1.88,250000
R00368,2025-02-14,Lekki (Chevron-Ajah),Detached duplex,4,4,241.0,0,0,1,2020.0,1.17,2300000
R00173,2025-02-15,Ikeja,Terrace duplex,4,3,183.0,0,0,2,2018.0,0.4,1450000
R01714,2025-02-15,Lekki Phase 1,Mini flat,1,1,,1,0,2,2010.0,0.78,1400000
R01100,2025-02-15,Ikorodu,Flat,2,1,70.0,0,0,2,2014.0,0.66,450000
R01071,2025-02-15,Ajah,Flat,2,1,86.0,1,0,1,2002.0,0.59,700000
R01896,2025-02-15,Ikeja,Self-contain,1,1,15.0,0,0,0,2009.0,2.34,100000
R01855,2025-02-15,Lekki (Chevron-Ajah),Detached duplex,4,4,261.0,0,1,2,2021.0,1.82,3150000
R01172,2025-02-15,Lekki Phase 1,Flat,3,3,112.0,1,0,2,2012.0,0.2,3250000
R00001,2025-02-15,Gbagada,Mini flat,1,1,50.0,0,0,2,1989.0,1.22,550000
R01523,2025-02-15,Yaba,Terrace duplex,3,2,129.0,1,0,1,2023.0,0.19,1850000
R01259,2025-02-15,Victoria Island,Flat,3,3,126.0,0,0,3,2018.0,0.99,4100000
R01532,2025-02-15,Surulere,Mini flat,1,1,48.0,0,0,2,2014.0,0.65,400000
R02421,2025-02-15,Surulere,Detached duplex,4,3,255.0,0,0,1,2019.0,1.41,2600000
R01203,2025-02-15,Yaba,Flat,3,3,139.0,0,0,2,1990.0,3.74,1150000
R00486,2025-02-15,Lekki (Chevron-Ajah),Terrace duplex,4,4,161.0,0,0,2,1990.0,0.62,1650000
R00069,2025-02-15,Surulere,Flat,3,3,127.0,0,0,1,2008.0,0.17,1950000
R00125,2025-02-15,Ikorodu,Detached duplex,6,6,296.0,0,0,1,2012.0,0.55,1350000
R01604,2025-02-16,Ikoyi,Terrace duplex,3,3,124.0,1,0,1,2011.0,2.37,3600000
R02490,2025-02-16,Ajah,Flat,2,2,104.0,1,0,3,1993.0,0.32,600000
R00412,2025-02-16,Yaba,Flat,3,3,107.0,0,0,3,1989.0,0.45,1100000
R01703,2025-02-16,Yaba,Detached duplex,4,4,226.0,0,0,3,2015.0,0.36,2800000
R02003,2025-02-16,Gbagada,Self-contain,1,1,27.0,0,0,1,1985.0,0.63,250000
R00258,2025-02-16,Yaba,Self-contain,1,1,29.0,0,0,0,2010.0,0.13,250000
R01732,2025-02-16,Gbagada,Flat,2,2,83.0,0,1,0,2009.0,2.55,900000
R02174,2025-02-16,Lekki (Chevron-Ajah),Flat,2,2,73.0,0,1,0,2003.0,0.92,950000
R00330,2025-02-16,Yaba,Flat,3,2,171.0,1,0,2,2014.0,0.09,1750000
R01819,2025-02-16,Victoria Island,Mini flat,1,2,50.0,0,0,3,2018.0,0.44,1750000
R00588,2025-02-17,Lekki (Chevron-Ajah),Flat,3,4,,0,1,2,2021.0,1.48,1900000
R00525,2025-02-17,Lekki Phase 1,Detached duplex,4,4,,1,0,2,1996.0,1.01,5100000
R00229,2025-02-17,Lekki Phase 1,Detached duplex,4,3,230.0,0,0,1,2011.0,0.87,5550000
R00324,2025-02-17,Lekki Phase 1,Self-contain,1,1,,0,0,0,2009.0,0.17,900000
R02268,2025-02-17,Ikeja,Self-contain,1,1,34.0,1,0,1,2007.0,1.21,350000
R01651,2025-02-17,Lekki (Chevron-Ajah),Mini flat,1,1,33.0,0,0,2,2006.0,0.05,400000
R00749,2025-02-17,Lekki (Chevron-Ajah),Detached duplex,4,4,194.0,0,0,1,1985.0,0.21,2900000
R01072,2025-02-17,Ajah,Self-contain,1,1,37.0,0,0,1,1986.0,0.36,300000
R00015,2025-02-17,Ikoyi,Flat,2,1,68.0,1,0,3,2019.0,0.74,2850000
R00964,2025-02-18,Ikoyi,Detached duplex,5,5,268.0,0,0,2,1992.0,2.62,7400000
R02380,2025-02-18,Gbagada,Self-contain,1,1,32.0,0,0,0,2023.0,0.43,300000
R00578,2025-02-18,Yaba,Mini flat,1,1,33.0,0,0,2,1992.0,0.49,250000
R01045,2025-02-18,Ikorodu,Self-contain,1,1,23.0,0,0,0,1987.0,0.28,100000
R00939,2025-02-18,Surulere,Self-contain,1,1,17.0,1,0,0,2003.0,0.45,200000
R01485,2025-02-18,Ikorodu,Terrace duplex,4,4,147.0,0,0,1,2019.0,0.89,700000
R00762,2025-02-18,Surulere,Self-contain,1,1,20.0,0,0,0,2024.0,1.11,200000
R01661,2025-02-18,Lekki (Chevron-Ajah),Mini flat,1,1,,0,0,2,2019.0,1.1,450000
R01178,2025-02-18,Surulere,Flat,3,3,134.0,0,0,0,2014.0,0.12,1050000
R00889,2025-02-18,Egbeda,Mini flat,1,2,,0,0,3,2000.0,1.22,200000
R01531,2025-02-18,Ikeja,Mini flat,1,2,45.0,0,0,3,2000.0,2.3,450000
R00533,2025-02-19,Surulere,Flat,3,2,145.0,0,0,0,1999.0,1.04,1050000
R01425,2025-02-19,Yaba,Detached duplex,4,4,197.0,0,0,3,1987.0,1.02,1500000
R01877,2025-02-19,Yaba,Terrace duplex,4,3,162.0,0,0,1,2002.0,0.6,2000000
R00035,2025-02-19,Yaba,Mini flat,1,1,28.0,0,1,2,2014.0,0.15,250000
R02425,2025-02-19,Lekki Phase 1,Terrace duplex,3,4,130.0,0,0,0,2019.0,0.31,4050000
R01755,2025-02-19,Ikoyi,Flat,3,3,131.0,0,0,1,2022.0,0.2,3300000
R01794,2025-02-19,Ikoyi,Flat,3,3,109.0,1,0,2,1991.0,0.33,3950000
R01290,2025-02-19,Ikeja GRA,Flat,3,4,121.0,0,0,2,2015.0,2.67,1900000
R00935,2025-02-20,Lekki Phase 1,Self-contain,1,1,28.0,0,1,0,2011.0,0.94,650000
R00263,2025-02-20,Ajah,Terrace duplex,4,3,162.0,0,0,2,2018.0,0.85,1700000
R01188,2025-02-20,Lekki (Chevron-Ajah),Flat,3,3,90.0,0,0,2,1998.0,0.37,1200000
R02273,2025-02-20,Gbagada,Terrace duplex,4,4,163.0,0,0,0,2013.0,2.34,2350000
R00806,2025-02-20,Lekki (Chevron-Ajah),Terrace duplex,4,4,185.0,0,0,0,1995.0,0.52,2000000
R00702,2025-02-20,Lekki Phase 1,Detached duplex,5,5,250.0,0,0,1,2021.0,3.34,4600000
R00926,2025-02-20,Ikorodu,Terrace duplex,4,4,184.0,1,0,1,1998.0,0.42,1200000
R02282,2025-02-20,Yaba,Terrace duplex,3,4,131.0,0,0,0,2000.0,0.45,1100000
R02466,2025-02-20,Ajah,Terrace duplex,3,3,143.0,0,0,1,2001.0,0.81,1200000
R00941,2025-02-20,Lekki Phase 1,Terrace duplex,4,4,176.0,1,0,1,2011.0,0.35,5600000
R00095,2025-02-21,Ikorodu,Flat,3,2,132.0,0,0,3,1999.0,1.06,850000
R01164,2025-02-21,Ajah,Self-contain,1,1,27.0,0,0,0,2001.0,3.22,150000
R01013,2025-02-21,Lekki Phase 1,Detached duplex,4,4,244.0,1,0,0,1987.0,3.32,4200000
R01311,2025-02-21,Yaba,Mini flat,1,2,35.0,0,0,0,2014.0,0.29,350000
R02071,2025-02-21,Gbagada,Mini flat,1,1,53.0,0,0,1,2016.0,0.69,700000
R00617,2025-02-21,Ikeja,Mini flat,1,2,46.0,0,0,1,2014.0,0.05,550000
R01834,2025-02-21,Ikorodu,Self-contain,1,1,26.0,0,0,0,2016.0,0.18,100000
R02302,2025-02-21,Ikorodu,Self-contain,1,1,27.0,0,0,0,1987.0,1.84,100000
R00893,2025-02-22,Yaba,Detached duplex,4,3,242.0,0,0,2,2005.0,0.74,2150000
R01022,2025-02-22,Yaba,Terrace duplex,3,3,114.0,0,0,1,2022.0,0.17,900000
R01695,2025-02-22,Ikeja,Self-contain,1,1,31.0,0,1,0,2014.0,1.18,350000
R01967,2025-02-22,Ikorodu,Terrace duplex,3,3,120.0,0,0,3,2012.0,1.04,350000
R00610,2025-02-22,Egbeda,Detached duplex,4,4,201.0,0,0,1,1998.0,1.38,1150000
R00018,2025-02-22,Ikoyi,Mini flat,1,1,52.0,1,0,3,2013.0,1.34,2150000
R00535,2025-02-22,Surulere,Terrace duplex,4,3,168.0,0,0,1,1986.0,1.53,1300000
R00637,2025-02-22,Lekki (Chevron-Ajah),Flat,2,3,99.0,1,0,3,1998.0,0.98,1450000
R02289,2025-02-22,Yaba,Mini flat,1,1,40.0,1,0,1,2004.0,0.38,350000
R01018,2025-02-22,Ikoyi,Flat,3,3,126.0,1,0,2,1988.0,1.25,4300000
R01511,2025-02-23,Ajah,Terrace duplex,3,3,160.0,0,0,2,2000.0,1.25,900000
R02162,2025-02-23,Surulere,Detached duplex,4,4,247.0,0,0,1,2010.0,1.9,1950000
R02240,2025-02-23,Lekki Phase 1,Detached duplex,4,3,235.0,1,0,1,2023.0,0.06,9750000
R01969,2025-02-23,Lekki (Chevron-Ajah),Flat,2,3,97.0,0,0,2,1992.0,0.39,1350000
R01247,2025-02-23,Victoria Island,Mini flat,1,2,41.0,1,0,1,1998.0,2.65,1100000
R01224,2025-02-23,Ajah,Detached duplex,4,4,240.0,0,0,2,2013.0,0.69,2200000
R00591,2025-02-23,Gbagada,Flat,3,2,126.0,0,0,0,2015.0,1.45,1000000
R01989,2025-02-23,Surulere,Terrace duplex,4,5,198.0,0,0,2,1987.0,0.38,2550000
R01461,2025-02-23,Victoria Island,Mini flat,1,1,41.0,0,0,3,2022.0,0.37,1300000
R00265,2025-02-23,Gbagada,Detached duplex,5,4,238.0,0,0,2,1988.0,0.24,2700000
R00225,2025-02-23,Yaba,Mini flat,1,1,52.0,0,0,2,1994.0,0.39,800000
R00839,2025-02-24,Ikoyi,Terrace duplex,3,4,153.0,0,0,3,1989.0,0.2,3750000
R00766,2025-02-24,Egbeda,Terrace duplex,3,3,153.0,0,0,0,2021.0,0.08,850000
R01934,2025-02-24,Ikeja GRA,Self-contain,1,2,23.0,0,0,0,1986.0,0.23,350000
R02405,2025-02-24,Lekki Phase 1,Self-contain,1,2,25.0,0,1,1,1998.0,1.82,600000
R00163,2025-02-24,Lekki Phase 1,Mini flat,1,2,42.0,1,0,2,1987.0,0.05,800000
R00850,2025-02-24,Ikoyi,Self-contain,1,2,23.0,0,1,0,2004.0,1.0,800000
R02423,2025-02-24,Victoria Island,Detached duplex,5,6,278.0,0,1,2,2011.0,0.96,8550000
R01056,2025-02-24,Lekki Phase 1,Detached duplex,4,5,242.0,0,0,2,2001.0,0.67,6350000
R01488,2025-02-24,Surulere,Flat,3,4,126.0,0,1,0,1996.0,0.26,1150000
R01060,2025-02-24,Lekki Phase 1,Flat,3,4,176.0,1,0,3,2013.0,0.55,6150000
R00230,2025-02-24,Lekki (Chevron-Ajah),Flat,3,4,100.0,0,0,3,1991.0,0.1,1800000
R02186,2025-02-24,Ikoyi,Detached duplex,4,5,232.0,1,0,0,2001.0,2.63,12450000
R02179,2025-02-25,Ikeja,Flat,2,2,113.0,0,0,2,1999.0,0.88,1300000
R01096,2025-02-25,Lekki (Chevron-Ajah),Detached duplex,5,5,270.0,0,0,1,2010.0,1.4,3100000
R01166,2025-02-25,Ikorodu,Self-contain,1,1,22.0,0,0,0,2021.0,0.23,100000
R02436,2025-02-25,Ajah,Flat,2,2,90.0,0,1,1,2014.0,2.79,600000
R00975,2025-02-25,Ikeja,Detached duplex,4,3,230.0,1,0,2,1996.0,0.88,2600000
R00139,2025-02-25,Surulere,Flat,3,3,143.0,0,0,2,2022.0,1.07,1600000
R02168,2025-02-25,Ikeja,Terrace duplex,4,5,161.0,0,1,2,1986.0,1.34,2100000
R00023,2025-02-26,Egbeda,Flat,2,2,112.0,0,0,0,2002.0,1.13,500000
R01803,2025-02-26,Ikeja,Flat,2,1,63.0,0,0,0,1994.0,0.62,600000
R00023,2025-02-26,Egbeda,Flat,2,2,112.0,0,0,0,2002.0,1.13,500000
R02500,2025-02-26,Egbeda,Flat,3,2,112.0,0,0,3,1989.0,0.87,600000
R00643,2025-02-26,Ikoyi,Detached duplex,5,4,278.0,1,0,3,2005.0,0.35,14000000
R00438,2025-02-26,Ikoyi,Flat,3,4,137.0,1,0,2,2005.0,0.72,5850000
R01375,2025-02-27,Ajah,Flat,2,2,125.0,0,0,1,1995.0,0.85,900000
R00796,2025-02-27,Yaba,Flat,2,2,103.0,0,0,0,,1.06,1100000
R02239,2025-02-27,Ikoyi,Terrace duplex,3,3,97.0,0,1,2,2021.0,0.8,4400000
R02403,2025-02-27,Ikeja,Flat,2,1,67.0,0,1,0,2012.0,1.88,700000
R00280,2025-02-27,Ikeja GRA,Flat,2,3,73.0,0,1,3,2014.0,0.71,1750000
R01073,2025-02-27,Ikeja GRA,Detached duplex,4,4,228.0,0,0,2,2009.0,1.17,3700000
R00315,2025-02-27,Lekki Phase 1,Mini flat,1,1,54.0,0,0,0,1999.0,0.12,900000
R01871,2025-02-27,Ikeja GRA,Flat,3,3,136.0,0,0,3,2005.0,0.73,2800000
R00205,2025-02-27,Ikeja,Terrace duplex,4,5,179.0,1,0,0,2024.0,3.26,2600000
R00625,2025-02-27,Gbagada,Terrace duplex,3,2,136.0,1,0,1,1990.0,0.42,2150000
R01688,2025-02-27,Surulere,Self-contain,1,2,27.0,0,0,0,2004.0,0.19,250000
R02287,2025-02-28,Ikoyi,Flat,3,4,137.0,1,0,2,2011.0,1.33,6200000
R01669,2025-02-28,Gbagada,Flat,2,1,88.0,0,0,1,2007.0,1.13,950000
R01997,2025-02-28,Egbeda,Self-contain,1,1,31.0,0,0,1,1991.0,0.83,100000
R00746,2025-02-28,Lekki (Chevron-Ajah),Terrace duplex,3,3,136.0,1,0,1,2012.0,0.07,2350000
R01291,2025-02-28,Ikorodu,Detached duplex,4,4,221.0,0,0,1,1993.0,1.46,1050000
R00780,2025-02-28,Ikoyi,Mini flat,1,2,52.0,0,0,1,2011.0,0.51,1700000
R01634,2025-02-28,Ajah,Flat,2,2,67.0,0,0,2,2018.0,1.23,450000
R01793,2025-02-28,Lekki (Chevron-Ajah),Flat,3,4,129.0,0,0,2,2005.0,1.67,1700000
R02422,2025-02-28,Lekki Phase 1,Detached duplex,5,5,273.0,1,0,2,1991.0,0.73,6150000
R00554,2025-02-28,Victoria Island,Flat,3,2,136.0,1,0,1,1993.0,0.17,4450000
R02474,2025-03-01,Lekki (Chevron-Ajah),Self-contain,1,1,31.0,0,0,0,2006.0,0.78,400000
R02080,2025-03-01,Yaba,Flat,3,2,164.0,0,0,1,2005.0,2.96,1400000
R01377,2025-03-01,Ikoyi,Flat,3,2,134.0,0,0,1,1991.0,0.28,4600000
R01054,2025-03-01,Surulere,Self-contain,1,1,32.0,0,0,0,1987.0,0.21,200000
R01197,2025-03-01,Yaba,Flat,3,3,125.0,0,0,1,1997.0,0.7,1000000
R01767,2025-03-01,Yaba,Terrace duplex,4,5,195.0,0,0,1,2001.0,1.34,1850000
R01225,2025-03-01,Lekki Phase 1,Flat,2,2,67.0,1,0,0,2014.0,0.13,1500000
R02020,2025-03-01,Victoria Island,Terrace duplex,3,3,106.0,0,0,2,1988.0,0.69,2800000
R01546,2025-03-02,Egbeda,Mini flat,1,1,56.0,0,0,1,1999.0,0.47,300000
R00624,2025-03-02,Ikorodu,Flat,3,4,142.0,0,1,1,2002.0,0.96,400000
R01706,2025-03-02,Lekki (Chevron-Ajah),Detached duplex,5,5,258.0,1,0,1,2016.0,0.37,4100000
R00980,2025-03-02,Ikoyi,Mini flat,1,1,43.0,1,1,2,1990.0,2.45,1800000
R00168,2025-03-02,Surulere,Flat,3,2,111.0,0,0,2,2024.0,0.14,1200000
R00952,2025-03-02,Lekki Phase 1,Flat,2,2,93.0,1,0,1,2023.0,1.44,2050000
R00781,2025-03-02,Ikeja,Flat,2,2,76.0,0,0,2,1993.0,0.54,800000
R01282,2025-03-02,Victoria Island,Terrace duplex,3,3,126.0,0,0,0,2018.0,1.47,3400000
R00443,2025-03-02,Lekki (Chevron-Ajah),Mini flat,1,1,47.0,0,1,2,2022.0,0.05,650000
R02156,2025-03-02,Lekki (Chevron-Ajah),Mini flat,1,1,52.0,0,0,2,2008.0,0.82,600000
R00580,2025-03-02,Ikeja GRA,Terrace duplex,3,3,98.0,0,0,2,1993.0,1.14,1550000
R01240,2025-03-02,Ikoyi,Flat,2,1,92.0,1,0,3,2009.0,0.08,3750000
R02217,2025-03-02,Egbeda,Detached duplex,6,5,318.0,0,0,1,2018.0,0.53,1950000
R00417,2025-03-02,Lekki Phase 1,Detached duplex,6,6,324.0,0,0,3,2017.0,1.0,8750000
R01364,2025-03-03,Ikorodu,Self-contain,1,2,22.0,0,0,0,2000.0,2.11,100000
R01257,2025-03-03,Ikoyi,Mini flat,1,1,51.0,1,0,1,1995.0,0.76,1350000
R02041,2025-03-03,Ikorodu,Self-contain,1,1,35.0,0,0,0,2019.0,1.24,150000
R02413,2025-03-03,Lekki (Chevron-Ajah),Flat,3,4,125.0,0,0,2,1991.0,2.34,1350000
R00867,2025-03-03,Lekki (Chevron-Ajah),Flat,2,2,112.0,0,0,2,2015.0,1.8,1350000
R01716,2025-03-03,Surulere,Terrace duplex,4,4,200.0,0,0,3,1999.0,1.2,2100000
R02116,2025-03-04,Ikeja,Detached duplex,4,4,217.0,0,0,3,1994.0,0.19,1800000
R01835,2025-03-04,Egbeda,Detached duplex,6,6,311.0,0,0,1,1987.0,0.26,1600000
R00791,2025-03-04,Gbagada,Flat,3,3,132.0,0,0,3,2023.0,1.08,1600000
R00166,2025-03-04,Lekki (Chevron-Ajah),Flat,3,3,113.0,1,0,0,2012.0,0.77,1450000
R00949,2025-03-04,Gbagada,Mini flat,1,1,52.0,0,0,1,1992.0,0.32,600000
R00599,2025-03-04,Ikeja,Detached duplex,4,5,217.0,0,1,0,1986.0,0.59,1750000
R00177,2025-03-04,Ajah,Self-contain,1,1,34.0,0,0,0,1998.0,0.63,150000
R01170,2025-03-04,Ajah,Mini flat,1,2,43.0,0,0,3,1989.0,1.5,300000
R01469,2025-03-04,Ikeja GRA,Mini flat,1,1,35.0,0,0,1,2022.0,0.53,650000
R00287,2025-03-05,Gbagada,Detached duplex,4,5,207.0,0,0,1,2006.0,0.86,2450000
R00719,2025-03-05,Lekki (Chevron-Ajah),Mini flat,1,1,53.0,0,0,1,,0.52,950000
R00463,2025-03-05,Surulere,Flat,2,2,,0,0,0,2007.0,0.4,550000
R00259,2025-03-05,Gbagada,Flat,3,3,126.0,0,0,1,2019.0,0.23,1200000
R01665,2025-03-05,Lekki Phase 1,Mini flat,1,1,31.0,0,0,2,2018.0,0.26,600000
R01856,2025-03-05,Ikeja,Flat,2,1,75.0,0,0,1,2007.0,1.73,700000
R02150,2025-03-05,Gbagada,Flat,2,2,94.0,0,0,3,1993.0,1.06,950000
R00390,2025-03-05,Yaba,Flat,2,2,101.0,0,0,3,1998.0,1.91,850000
R00204,2025-03-05,Ajah,Flat,2,3,76.0,0,0,2,1992.0,0.52,600000
R00708,2025-03-05,Egbeda,Detached duplex,4,5,182.0,0,1,1,2009.0,0.39,1350000
R00496,2025-03-06,Egbeda,Flat,2,2,71.0,0,0,1,1985.0,0.19,350000
R00744,2025-03-06,Ikeja GRA,Flat,2,1,119.0,0,0,1,2014.0,0.28,1350000
R02497,2025-03-06,Gbagada,Flat,2,2,126.0,0,0,1,2002.0,0.61,1450000
R01907,2025-03-06,Yaba,Flat,3,4,116.0,0,0,3,1997.0,1.61,1350000
R00031,2025-03-06,Ajah,Self-contain,1,2,35.0,0,1,0,2018.0,0.57,250000
R02249,2025-03-06,Victoria Island,Self-contain,1,2,19.0,0,0,0,2009.0,1.18,600000
R00310,2025-03-06,Lekki Phase 1,Flat,2,2,83.0,0,0,1,1997.0,1.89,1800000
R01611,2025-03-06,Ikorodu,Mini flat,1,1,52.0,0,0,2,2017.0,0.32,200000
R01079,2025-03-06,Ikorodu,Flat,2,2,69.0,0,0,0,2011.0,0.65,350000
R01202,2025-03-06,Lekki (Chevron-Ajah),Terrace duplex,3,4,126.0,0,0,2,2007.0,0.59,2050000
R01935,2025-03-06,Lekki (Chevron-Ajah),Terrace duplex,3,4,152.0,0,0,2,2023.0,1.19,2100000
R00912,2025-03-07,Egbeda,Self-contain,1,1,28.0,0,0,0,2022.0,1.45,150000
R01598,2025-03-07,Lekki (Chevron-Ajah),Self-contain,1,1,32.0,0,0,0,1985.0,2.25,350000
R01196,2025-03-07,Yaba,Self-contain,1,1,26.0,1,1,1,1999.0,3.0,400000
R00060,2025-03-07,Ajah,Self-contain,1,2,24.0,0,0,1,1997.0,0.92,200000
R01543,2025-03-07,Lekki Phase 1,Self-contain,1,1,27.0,1,1,0,1993.0,0.74,750000
R00151,2025-03-07,Lekki (Chevron-Ajah),Mini flat,1,1,43.0,0,0,2,2013.0,0.28,550000
R02105,2025-03-07,Egbeda,Flat,3,3,130.0,0,0,3,2023.0,1.09,600000
R01745,2025-03-07,Ajah,Detached duplex,5,5,252.0,0,0,1,1991.0,0.43,2050000
R00622,2025-03-07,Ajah,Mini flat,1,1,49.0,0,0,2,2001.0,0.98,450000
R00778,2025-03-08,Ikeja,Flat,3,3,144.0,0,0,1,2006.0,0.78,1300000
R00275,2025-03-08,Lekki (Chevron-Ajah),Terrace duplex,3,3,163.0,0,0,1,2010.0,0.58,2150000
R00910,2025-03-08,Ikeja,Flat,3,3,124.0,0,0,1,1996.0,1.32,800000
R01248,2025-03-08,Lekki Phase 1,Flat,3,3,,0,0,3,2014.0,3.44,2650000
R01865,2025-03-08,Ajah,Mini flat,1,2,36.0,0,0,1,2009.0,0.41,350000
R01626,2025-03-08,Lekki Phase 1,Flat,3,3,115.0,1,0,0,2009.0,0.35,2950000
R01284,2025-03-09,Ajah,Self-contain,1,2,35.0,0,0,0,2014.0,2.12,250000
R01694,2025-03-09,Lekki Phase 1,Flat,3,3,110.0,1,0,2,2012.0,1.36,3450000
R00355,2025-03-09,Gbagada,Detached duplex,6,6,331.0,0,0,1,1994.0,1.31,3300000
R01293,2025-03-09,Egbeda,Terrace duplex,4,4,136.0,0,0,1,2012.0,0.57,800000
R01730,2025-03-10,Ajah,Flat,2,3,65.0,0,0,2,1989.0,0.14,350000
R00857,2025-03-10,Lekki (Chevron-Ajah),Flat,3,2,99.0,0,0,1,1999.0,0.21,1250000
R01978,2025-03-10,Lekki (Chevron-Ajah),Flat,2,3,106.0,0,0,1,2005.0,0.4,1250000
R01630,2025-03-10,Surulere,Flat,3,2,103.0,0,0,2,2021.0,1.31,1000000
R00376,2025-03-10,Surulere,Detached duplex,4,3,201.0,0,1,1,2003.0,2.59,2100000
R00293,2025-03-11,Surulere,Mini flat,1,1,51.0,0,0,2,1989.0,1.42,500000
R02229,2025-03-11,Surulere,Flat,3,2,150.0,0,0,2,1997.0,1.44,1150000
R01783,2025-03-11,Victoria Island,Flat,2,2,86.0,1,0,0,2002.0,1.18,3400000
R02011,2025-03-11,Ikeja,Detached duplex,4,3,233.0,0,0,1,2008.0,1.01,2950000
R00656,2025-03-11,Ikeja,Terrace duplex,3,4,136.0,0,0,0,1993.0,1.84,950000
R00493,2025-03-12,Ikoyi,Mini flat,1,1,46.0,0,0,1,2018.0,0.77,1650000
R02264,2025-03-12,Egbeda,Mini flat,1,2,40.0,0,0,1,1985.0,1.4,200000
R00195,2025-03-12,Ikeja,Mini flat,1,2,42.0,1,0,1,2014.0,0.35,500000
R01226,2025-03-12,Ikoyi,Flat,2,2,127.0,1,0,1,2013.0,0.74,5150000
R00399,2025-03-12,Victoria Island,Terrace duplex,4,3,177.0,0,0,1,1988.0,1.65,3550000
R01040,2025-03-12,Ajah,Terrace duplex,4,5,126.0,1,0,1,1987.0,0.58,1000000
R01067,2025-03-12,Yaba,Mini flat,1,2,42.0,0,0,1,2002.0,0.83,450000
R01483,2025-03-12,Lekki (Chevron-Ajah),Mini flat,1,1,45.0,1,0,2,1985.0,2.27,600000
R01676,2025-03-12,Gbagada,Mini flat,1,2,35.0,0,0,1,2013.0,1.45,350000
R02088,2025-03-12,Ikoyi,Flat,2,2,83.0,1,0,1,,0.39,5000000
R00207,2025-03-12,Ajah,Detached duplex,4,3,260.0,0,0,1,1996.0,0.33,2100000
R01429,2025-03-12,Yaba,Self-contain,1,2,31.0,0,0,0,2019.0,0.46,350000
R00278,2025-03-12,Ikeja GRA,Mini flat,1,2,42.0,1,0,2,2023.0,0.72,850000
R00789,2025-03-12,Victoria Island,Terrace duplex,3,4,126.0,1,0,1,1990.0,1.35,4300000
R01450,2025-03-13,Lekki (Chevron-Ajah),Mini flat,1,2,54.0,0,0,2,1993.0,0.82,600000
R00181,2025-03-13,Ikeja,Detached duplex,5,4,270.0,0,0,0,2013.0,0.76,2200000
R01572,2025-03-13,Lekki (Chevron-Ajah),Detached duplex,4,4,234.0,0,0,2,2022.0,0.25,3400000
R00716,2025-03-13,Victoria Island,Terrace duplex,4,4,202.0,0,0,2,1986.0,0.53,5000000
R00445,2025-03-13,Lekki (Chevron-Ajah),Flat,2,1,76.0,0,0,0,1998.0,0.84,850000
R02209,2025-03-13,Ikeja GRA,Mini flat,1,1,47.0,0,0,2,2006.0,0.27,650000
R01362,2025-03-13,Ikeja,Mini flat,1,2,55.0,0,0,0,1999.0,1.16,550000
R01215,2025-03-13,Ikeja,Flat,2,2,97.0,0,0,3,2012.0,0.44,750000
R00068,2025-03-14,Ajah,Terrace duplex,3,3,138.0,0,0,1,2005.0,1.23,800000
R01403,2025-03-14,Ajah,Terrace duplex,3,2,141.0,0,0,3,1987.0,0.17,950000
R00923,2025-03-14,Gbagada,Self-contain,1,1,31.0,0,0,0,2016.0,0.29,400000
R02042,2025-03-14,Surulere,Flat,2,1,,1,0,3,2002.0,1.01,1250000
R01044,2025-03-14,Lekki Phase 1,Mini flat,1,1,42.0,1,0,1,2017.0,0.4,1600000
R01463,2025-03-14,Egbeda,Flat,2,1,87.0,0,0,3,1992.0,1.2,400000
R00026,2025-03-14,Lekki (Chevron-Ajah),Self-contain,1,1,31.0,0,0,0,1988.0,0.15,350000
R02223,2025-03-14,Yaba,Terrace duplex,4,4,172.0,0,0,1,1994.0,0.22,1900000
R02167,2025-03-14,Lekki (Chevron-Ajah),Mini flat,1,1,55.0,0,0,1,1987.0,0.53,650000
R01192,2025-03-14,Egbeda,Self-contain,1,1,21.0,1,0,0,2003.0,0.38,150000
R01807,2025-03-14,Ajah,Self-contain,1,1,,0,0,1,2014.0,1.93,200000
R00102,2025-03-14,Ikoyi,Self-contain,1,2,21.0,1,1,0,1988.0,1.99,750000
R02475,2025-03-15,Ikeja,Self-contain,1,1,33.0,0,0,0,2024.0,0.65,450000
R00378,2025-03-15,Ikoyi,Detached duplex,6,5,294.0,0,0,0,2010.0,0.29,10500000
R00256,2025-03-15,Victoria Island,Flat,3,4,112.0,1,0,2,1988.0,1.61,3250000
R00112,2025-03-15,Surulere,Self-contain,1,1,23.0,1,0,0,2007.0,1.54,250000
R00824,2025-03-15,Lekki Phase 1,Detached duplex,4,4,209.0,1,0,3,2012.0,0.61,6450000
R02073,2025-03-15,Ikeja GRA,Terrace duplex,4,3,156.0,0,0,0,,0.12,3750000
R01231,2025-03-15,Ajah,Flat,2,2,91.0,0,0,0,2019.0,0.68,500000
R00822,2025-03-15,Gbagada,Detached duplex,5,5,246.0,0,0,0,2007.0,1.0,2100000
R01948,2025-03-15,Surulere,Self-contain,1,1,30.0,0,0,0,2023.0,1.19,350000
R00053,2025-03-16,Ikeja,Terrace duplex,3,3,122.0,0,1,3,1997.0,0.68,2000000
R00164,2025-03-16,Surulere,Detached duplex,5,4,266.0,0,0,0,1985.0,3.4,1750000
R01489,2025-03-16,Lekki Phase 1,Flat,2,1,100.0,0,0,1,2009.0,1.29,2350000
R01175,2025-03-16,Gbagada,Terrace duplex,3,3,116.0,0,0,2,1993.0,3.19,1050000
R01648,2025-03-16,Ajah,Detached duplex,4,4,226.0,0,0,1,2007.0,1.94,1850000
R00965,2025-03-16,Ajah,Mini flat,1,1,39.0,0,0,1,2002.0,0.52,200000
R00407,2025-03-16,Ikorodu,Self-contain,1,1,22.0,0,0,0,2017.0,0.4,100000
R00127,2025-03-16,Lekki Phase 1,Flat,2,2,63.0,1,0,2,1997.0,0.89,2100000
R01559,2025-03-16,Lekki Phase 1,Terrace duplex,4,4,180.0,1,0,2,1999.0,0.59,3950000
R01854,2025-03-17,Ikeja GRA,Flat,3,2,113.0,0,1,0,1987.0,0.88,1500000
R00186,2025-03-17,Lekki (Chevron-Ajah),Flat,3,3,121.0,0,0,2,2008.0,0.28,1700000
R02258,2025-03-17,Gbagada,Flat,3,4,126.0,0,0,1,1991.0,0.32,1250000
R01238,2025-03-17,Gbagada,Terrace duplex,3,2,122.0,1,0,1,2016.0,0.65,1900000
R02363,2025-03-17,Lekki Phase 1,Mini flat,1,2,49.0,1,0,3,2022.0,0.18,1650000
R01974,2025-03-17,Ikeja,Mini flat,1,2,45.0,0,0,2,2014.0,0.09,450000
R00715,2025-03-17,Ajah,Mini flat,1,1,48.0,0,0,2,1987.0,0.05,250000
R02074,2025-03-17,Lekki Phase 1,Flat,2,2,79.0,0,0,1,2006.0,1.41,1700000
R02275,2025-03-17,Ikoyi,Terrace duplex,4,5,133.0,1,0,2,2015.0,0.15,5350000
R01385,2025-03-17,Gbagada,Flat,2,2,110.0,0,0,1,,1.21,1350000
R01251,2025-03-18,Ikeja,Self-contain,1,1,,0,0,0,2005.0,0.77,300000
R01141,2025-03-18,Lekki (Chevron-Ajah),Flat,2,2,69.0,0,0,1,1994.0,1.0,700000
R01085,2025-03-18,Lekki Phase 1,Mini flat,1,1,45.0,0,0,0,1991.0,2.27,800000
R01497,2025-03-18,Ajah,Mini flat,1,2,44.0,1,0,2,2011.0,1.14,400000
R02039,2025-03-18,Ajah,Flat,3,3,125.0,0,0,1,1985.0,0.3,850000
R01006,2025-03-18,Ikorodu,Flat,3,3,142.0,0,0,2,2020.0,0.11,600000
R00427,2025-03-18,Lekki (Chevron-Ajah),Mini flat,1,2,39.0,0,1,2,2014.0,0.2,500000
R01747,2025-03-18,Lekki Phase 1,Self-contain,1,1,33.0,0,0,0,2011.0,1.07,650000
R00814,2025-03-18,Ikeja GRA,Flat,2,3,87.0,1,0,2,2000.0,0.32,1850000
R01727,2025-03-18,Lekki (Chevron-Ajah),Flat,2,2,65.0,0,0,1,2008.0,0.43,800000
R00424,2025-03-18,Lekki (Chevron-Ajah),Self-contain,1,1,28.0,0,0,0,2021.0,0.94,350000
R00940,2025-03-18,Victoria Island,Flat,2,3,94.0,1,0,1,1996.0,0.05,3100000
R00734,2025-03-19,Lekki Phase 1,Mini flat,1,1,51.0,0,1,3,2001.0,1.28,1000000
R00238,2025-03-19,Lekki (Chevron-Ajah),Self-contain,1,2,27.0,1,0,1,1998.0,0.55,350000
R01548,2025-03-19,Victoria Island,Detached duplex,6,7,300.0,0,0,3,2002.0,2.52,8150000
R00527,2025-03-19,Gbagada,Mini flat,1,1,51.0,0,0,1,2004.0,0.5,600000
R02381,2025-03-19,Victoria Island,Detached duplex,5,5,278.0,1,0,1,1995.0,0.41,11400000
R01883,2025-03-19,Ikorodu,Self-contain,1,1,26.0,0,0,0,1988.0,0.88,100000
R01061,2025-03-19,Surulere,Flat,3,3,145.0,0,0,1,2017.0,0.62,1650000
R01713,2025-03-19,Surulere,Self-contain,1,1,26.0,0,0,0,2000.0,1.62,250000
R01977,2025-03-19,Yaba,Self-contain,1,1,22.0,0,0,0,2012.0,0.26,200000
R00439,2025-03-20,Victoria Island,Terrace duplex,4,3,184.0,1,0,2,2007.0,1.98,6200000
R00823,2025-03-20,Victoria Island,Flat,3,2,140.0,1,0,1,2019.0,0.39,4250000
R00818,2025-03-20,Lekki (Chevron-Ajah),Flat,2,2,99.0,0,0,1,1990.0,0.31,950000
R00784,2025-03-20,Ikoyi,Flat,3,3,161.0,0,0,1,2000.0,0.78,5000000
R00489,2025-03-20,Gbagada,Flat,3,3,,0,0,3,1999.0,1.38,1500000
R02257,2025-03-20,Surulere,Flat,3,3,141.0,0,0,2,2021.0,0.23,1800000
R02092,2025-03-20,Gbagada,Mini flat,1,1,45.0,0,0,2,2022.0,0.75,850000
R00830,2025-03-20,Victoria Island,Mini flat,1,1,36.0,0,0,3,2012.0,1.22,1250000
R01280,2025-03-20,Ikoyi,Detached duplex,4,4,206.0,1,0,1,1987.0,0.81,8350000
R01211,2025-03-20,Lekki (Chevron-Ajah),Flat,3,3,89.0,0,0,2,2024.0,1.1,1300000
R00615,2025-03-20,Ikeja,Mini flat,1,1,47.0,1,0,0,1986.0,0.22,500000
R01723,2025-03-20,Ikorodu,Flat,3,3,116.0,1,0,1,2013.0,2.42,700000
R01424,2025-03-20,Yaba,Self-contain,1,1,,0,0,0,2023.0,1.4,300000
R00071,2025-03-20,Lekki Phase 1,Flat,2,1,95.0,0,1,1,2002.0,0.96,2500000
R01330,2025-03-20,Egbeda,Terrace duplex,3,3,149.0,0,0,1,1999.0,3.22,1150000
R01553,2025-03-21,Ikorodu,Flat,2,3,123.0,0,0,1,1993.0,2.7,500000
R01255,2025-03-21,Yaba,Self-contain,1,1,24.0,0,0,1,2020.0,1.37,200000
R01198,2025-03-21,Lekki Phase 1,Flat,2,3,96.0,0,1,1,1998.0,0.84,2150000
R00633,2025-03-21,Gbagada,Flat,3,2,99.0,0,0,0,,0.26,1000000
R02460,2025-03-21,Ikorodu,Flat,2,2,88.0,0,1,1,2017.0,1.64,500000
R01902,2025-03-21,Ikeja,Detached duplex,6,6,302.0,0,1,3,2000.0,1.33,3800000
R02149,2025-03-21,Ajah,Flat,3,4,129.0,0,0,2,2015.0,0.66,950000
R01302,2025-03-21,Lekki (Chevron-Ajah),Terrace duplex,4,5,156.0,1,0,1,2005.0,2.3,2300000
R01772,2025-03-21,Ikeja GRA,Terrace duplex,3,3,120.0,0,1,0,2023.0,1.02,2350000
R01832,2025-03-22,Ajah,Detached duplex,4,5,219.0,0,0,2,2001.0,1.82,1600000
R00066,2025-03-22,Gbagada,Flat,2,2,69.0,1,0,1,2016.0,1.32,1050000
R01711,2025-03-22,Lekki (Chevron-Ajah),Flat,3,3,157.0,0,0,1,2009.0,0.35,1800000
R01791,2025-03-22,Surulere,Flat,2,3,70.0,0,0,0,2003.0,0.43,550000
R01189,2025-03-22,Ikorodu,Terrace duplex,3,3,113.0,0,0,2,2011.0,0.43,600000
R00831,2025-03-22,Ikeja GRA,Flat,2,2,92.0,0,0,3,2012.0,0.7,3050000
R00161,2025-03-22,Lekki Phase 1,Flat,2,2,73.0,0,0,1,2007.0,2.6,1500000
R01439,2025-03-22,Surulere,Self-contain,1,2,30.0,1,0,0,2023.0,0.19,400000
R00663,2025-03-23,Lekki (Chevron-Ajah),Flat,3,2,113.0,0,0,1,1985.0,0.64,1300000
R00866,2025-03-23,Ikeja,Mini flat,1,1,43.0,0,1,2,1989.0,0.59,350000
R00160,2025-03-23,Lekki Phase 1,Terrace duplex,4,4,200.0,0,1,3,2004.0,3.43,3350000
R02366,2025-03-23,Yaba,Flat,3,4,138.0,0,0,1,1997.0,0.39,1200000
R00499,2025-03-24,Lekki Phase 1,Detached duplex,4,5,248.0,1,0,1,2012.0,0.25,7950000
R01440,2025-03-24,Gbagada,Terrace duplex,4,3,165.0,0,0,1,1991.0,0.39,1550000
R00012,2025-03-24,Ikoyi,Flat,2,2,96.0,1,0,2,2001.0,0.2,3700000
R00466,2025-03-24,Lekki Phase 1,Flat,2,2,69.0,0,0,1,1997.0,0.91,1650000
R02284,2025-03-24,Surulere,Flat,2,3,97.0,0,0,3,1988.0,0.77,950000
R02457,2025-03-24,Ikeja GRA,Flat,3,3,178.0,1,0,2,1991.0,0.23,3450000
R01678,2025-03-24,Ikoyi,Mini flat,1,2,48.0,0,0,0,1992.0,0.31,1650000
R02341,2025-03-24,Lekki Phase 1,Flat,2,3,97.0,1,0,1,2018.0,1.14,2800000
R00337,2025-03-24,Lekki Phase 1,Mini flat,1,1,55.0,1,1,0,2004.0,0.86,2100000
R01253,2025-03-24,Lekki Phase 1,Self-contain,1,1,29.0,0,0,0,,1.7,550000
R00537,2025-03-25,Ikoyi,Mini flat,1,1,56.0,1,1,0,2000.0,0.42,1900000
R01415,2025-03-25,Ikeja GRA,Flat,3,2,116.0,0,0,1,2009.0,1.32,1950000
R01522,2025-03-25,Lekki Phase 1,Self-contain,1,1,31.0,1,0,0,2020.0,0.58,1100000
R01870,2025-03-25,Surulere,Flat,3,3,120.0,0,0,2,2016.0,1.35,1000000
R00870,2025-03-25,Victoria Island,Flat,2,2,72.0,0,0,1,1986.0,0.52,1500000
R02293,2025-03-25,Ikeja,Flat,3,4,125.0,0,0,2,2005.0,0.92,1100000
R01537,2025-03-25,Victoria Island,Flat,2,3,98.0,0,0,0,1996.0,1.55,2600000
R01316,2025-03-25,Ikeja,Flat,3,2,146.0,0,0,2,2016.0,0.05,1900000
R01246,2025-03-25,Lekki Phase 1,Flat,2,2,62.0,1,0,2,2016.0,1.35,1950000
R02373,2025-03-25,Lekki Phase 1,Flat,2,1,63.0,1,0,1,2024.0,0.75,1800000
R00868,2025-03-26,Ajah,Mini flat,1,1,35.0,0,0,2,2003.0,0.7,250000
R02070,2025-03-26,Yaba,Mini flat,1,1,39.0,0,0,1,1995.0,3.25,350000
R00547,2025-03-26,Lekki Phase 1,Terrace duplex,3,4,126.0,0,1,3,1990.0,0.36,3050000
R01414,2025-03-26,Gbagada,Mini flat,1,1,48.0,0,0,1,2024.0,0.18,500000
R01445,2025-03-26,Surulere,Terrace duplex,4,4,166.0,0,0,3,2020.0,1.38,2150000
R01153,2025-03-26,Ikoyi,Mini flat,1,1,48.0,0,1,1,1985.0,2.01,1700000
R00929,2025-03-26,Ikeja,Terrace duplex,3,3,146.0,0,0,2,2018.0,0.08,1250000
R02414,2025-03-26,Ajah,Flat,2,2,101.0,0,0,2,1985.0,0.6,550000
R00884,2025-03-26,Surulere,Self-contain,1,1,28.0,0,0,1,2014.0,1.85,300000
R01261,2025-03-26,Ajah,Self-contain,1,1,29.0,0,0,0,2015.0,1.22,250000
R01337,2025-03-26,Egbeda,Self-contain,1,1,24.0,1,0,0,2009.0,0.94,150000
R01205,2025-03-26,Yaba,Terrace duplex,3,2,146.0,0,1,1,2015.0,1.76,1750000
R01355,2025-03-26,Ikeja GRA,Flat,3,4,111.0,0,0,1,2012.0,3.41,2750000
R00694,2025-03-27,Surulere,Mini flat,1,1,,0,0,0,1991.0,1.55,450000
R00006,2025-03-27,Lekki (Chevron-Ajah),Flat,3,3,128.0,0,0,1,1996.0,0.08,1300000
R00374,2025-03-27,Yaba,Flat,2,2,121.0,1,0,2,1999.0,0.38,1650000
R00689,2025-03-27,Lekki Phase 1,Flat,3,3,137.0,1,0,1,2016.0,2.78,2950000
R00686,2025-03-27,Lekki Phase 1,Terrace duplex,3,3,131.0,1,0,2,1997.0,1.25,2550000
R02357,2025-03-27,Ikeja,Self-contain,1,1,33.0,1,0,0,2015.0,0.4,400000
R01449,2025-03-27,Ikeja GRA,Flat,3,4,149.0,0,0,3,2000.0,0.36,3200000
R00684,2025-03-27,Ikeja,Flat,3,2,136.0,1,0,0,1994.0,0.27,1650000
R00352,2025-03-27,Victoria Island,Terrace duplex,4,3,179.0,1,1,2,1993.0,0.68,5150000
R02318,2025-03-27,Victoria Island,Flat,2,1,125.0,1,0,2,1992.0,1.13,4600000
R00618,2025-03-27,Gbagada,Flat,3,4,113.0,0,0,1,2014.0,0.58,1350000
R02359,2025-03-27,Ikoyi,Self-contain,1,1,29.0,1,1,0,2019.0,0.38,1300000
R00106,2025-03-27,Lekki Phase 1,Detached duplex,4,4,216.0,1,0,1,1990.0,1.54,4400000
R00787,2025-03-28,Ikoyi,Flat,3,4,155.0,1,0,2,2016.0,0.88,6500000
R01390,2025-03-28,Surulere,Self-contain,1,2,30.0,0,0,1,2018.0,0.64,400000
R01103,2025-03-28,Yaba,Self-contain,1,1,28.0,0,0,0,1989.0,0.61,250000
R00798,2025-03-28,Ajah,Self-contain,1,1,34.0,0,0,0,1987.0,0.65,200000
R02246,2025-03-28,Gbagada,Mini flat,1,1,33.0,0,0,3,1986.0,0.86,300000
R01505,2025-03-28,Surulere,Terrace duplex,4,4,163.0,0,0,1,1985.0,0.74,1450000
R01501,2025-03-28,Lekki (Chevron-Ajah),Flat,2,2,109.0,1,0,0,1988.0,0.97,1350000
R01427,2025-03-28,Egbeda,Flat,3,3,166.0,0,1,2,2015.0,0.71,1050000
R00194,2025-03-28,Ikorodu,Mini flat,1,1,40.0,0,0,3,1989.0,0.23,200000
R01808,2025-03-29,Lekki (Chevron-Ajah),Terrace duplex,3,3,108.0,0,0,1,1994.0,1.69,1300000
R01342,2025-03-29,Ikeja,Mini flat,1,2,44.0,1,0,1,2006.0,0.93,500000
R01117,2025-03-29,Lekki (Chevron-Ajah),Detached duplex,5,5,,0,0,2,1988.0,0.24,3000000
R00393,2025-03-29,Lekki Phase 1,Mini flat,1,2,48.0,0,0,1,1987.0,0.65,950000
R01289,2025-03-29,Lekki Phase 1,Self-contain,1,1,22.0,0,0,0,1987.0,0.6,400000
R02469,2025-03-29,Lekki (Chevron-Ajah),Flat,3,4,146.0,0,0,1,1991.0,1.23,1700000
R00943,2025-03-29,Ajah,Flat,3,3,113.0,0,0,2,2005.0,0.27,850000
R00802,2025-03-29,Egbeda,Flat,3,3,132.0,0,0,1,2013.0,1.64,650000
R01256,2025-03-29,Lekki Phase 1,Mini flat,1,1,37.0,0,0,0,2023.0,0.68,1150000
R02281,2025-03-29,Gbagada,Mini flat,1,1,32.0,0,1,3,1998.0,1.26,350000
R00358,2025-03-29,Gbagada,Terrace duplex,4,3,181.0,0,0,2,,0.43,1750000
R02061,2025-03-29,Ikorodu,Flat,3,3,97.0,0,0,1,2019.0,1.95,450000
R01836,2025-03-30,Ikorodu,Terrace duplex,3,2,129.0,0,0,2,2018.0,1.75,700000
R01287,2025-03-30,Lekki Phase 1,Flat,2,3,110.0,1,0,2,2018.0,0.47,2400000
R00047,2025-03-30,Surulere,Detached duplex,4,4,216.0,1,0,3,2002.0,1.42,2050000
R01102,2025-03-30,Victoria Island,Terrace duplex,3,3,147.0,1,0,1,2023.0,0.16,6800000
R00153,2025-03-30,Lekki Phase 1,Self-contain,1,1,34.0,0,0,1,1990.0,0.56,750000
R00332,2025-03-30,Ikeja,Mini flat,1,1,33.0,0,0,0,1989.0,1.24,350000
R00660,2025-03-30,Ikeja GRA,Terrace duplex,3,4,141.0,0,0,0,2024.0,0.67,2250000
R01910,2025-03-30,Gbagada,Terrace duplex,3,3,,0,0,1,2005.0,0.05,1300000
R00262,2025-03-30,Yaba,Flat,3,3,131.0,1,0,2,2016.0,0.15,1800000
R02495,2025-03-31,Ikeja,Mini flat,1,1,43.0,1,0,1,2003.0,1.29,450000
R00327,2025-03-31,Victoria Island,Terrace duplex,3,3,138.0,1,0,2,,0.08,6400000
R00628,2025-03-31,Surulere,Flat,2,2,101.0,0,0,1,1987.0,0.55,800000
R00421,2025-03-31,Ajah,Flat,3,4,129.0,1,0,0,1993.0,0.92,1200000
R01746,2025-03-31,Ikeja,Self-contain,1,1,34.0,0,0,0,2003.0,0.87,200000
R01881,2025-03-31,Ajah,Mini flat,1,1,41.0,0,0,1,2003.0,0.11,300000
R01887,2025-03-31,Lekki Phase 1,Detached duplex,4,5,197.0,0,0,1,2022.0,0.38,4800000
R01154,2025-03-31,Lekki Phase 1,Flat,2,3,112.0,1,1,2,1993.0,0.78,4400000
R01775,2025-03-31,Ikeja GRA,Terrace duplex,3,2,100.0,0,1,3,2016.0,1.65,2500000
R01065,2025-03-31,Gbagada,Terrace duplex,3,2,143.0,0,0,1,1990.0,1.72,850000
R01281,2025-03-31,Ikorodu,Mini flat,1,1,48.0,0,0,1,1995.0,2.55,250000
R01125,2025-03-31,Ikorodu,Mini flat,1,1,44.0,0,0,2,2018.0,0.11,200000
R02400,2025-03-31,Ikeja GRA,Self-contain,1,1,28.0,1,0,0,1985.0,1.88,700000
R00776,2025-04-01,Ajah,Mini flat,1,1,41.0,0,0,1,1990.0,2.69,250000
R01335,2025-04-01,Ajah,Flat,3,4,135.0,1,0,1,1986.0,0.49,800000
R01771,2025-04-01,Lekki Phase 1,Self-contain,1,1,32.0,1,0,0,2020.0,0.66,600000
R00121,2025-04-01,Ikorodu,Mini flat,1,1,42.0,0,1,0,2001.0,1.14,200000
R01174,2025-04-01,Yaba,Self-contain,1,1,28.0,0,1,0,2016.0,0.76,300000
R02291,2025-04-01,Lekki (Chevron-Ajah),Flat,3,3,115.0,0,0,1,1985.0,0.53,1550000
R00273,2025-04-02,Lekki Phase 1,Self-contain,1,1,27.0,0,0,0,1986.0,2.7,400000
R01628,2025-04-02,Surulere,Terrace duplex,3,3,120.0,0,0,1,2014.0,0.69,900000
R00677,2025-04-02,Ikoyi,Flat,3,4,,0,0,0,2002.0,1.23,3500000
R02480,2025-04-02,Ikoyi,Detached duplex,6,7,292.0,1,0,2,2001.0,1.81,9650000
R01674,2025-04-02,Ikeja GRA,Flat,2,3,79.0,0,0,0,1998.0,0.31,1450000
R02276,2025-04-02,Lekki Phase 1,Terrace duplex,3,3,120.0,1,0,3,2009.0,3.41,3100000
R02315,2025-04-02,Yaba,Detached duplex,5,6,251.0,0,1,1,2012.0,0.47,3350000
R02134,2025-04-02,Victoria Island,Flat,2,2,99.0,1,0,2,2001.0,0.62,3700000
R00470,2025-04-02,Lekki (Chevron-Ajah),Detached duplex,4,5,239.0,0,0,2,2000.0,0.25,2450000
R01741,2025-04-02,Lekki Phase 1,Detached duplex,4,4,205.0,1,0,0,2013.0,0.76,5000000
R01631,2025-04-02,Yaba,Terrace duplex,4,5,168.0,0,0,3,1995.0,2.29,1450000
R00297,2025-04-02,Ikeja,Flat,2,3,97.0,0,1,3,2004.0,0.33,1200000
R00880,2025-04-02,Ajah,Flat,2,1,110.0,0,0,1,1989.0,0.63,550000
R00431,2025-04-03,Egbeda,Flat,3,2,127.0,0,0,1,2012.0,2.38,600000
R02106,2025-04-03,Ajah,Detached duplex,5,6,273.0,0,0,2,2017.0,0.74,2650000
R01728,2025-04-03,Lekki (Chevron-Ajah),Flat,2,2,122.0,0,0,0,2010.0,0.61,1850000
R00013,2025-04-03,Lekki Phase 1,Flat,2,2,100.0,1,1,3,1993.0,1.96,2200000
R02408,2025-04-03,Yaba,Terrace duplex,3,3,147.0,0,0,0,2018.0,1.02,2050000
R02017,2025-04-03,Ikorodu,Self-contain,1,1,30.0,0,1,0,2000.0,0.66,150000
R00404,2025-04-04,Yaba,Flat,2,2,122.0,0,0,1,2004.0,0.56,1150000
R02135,2025-04-04,Ikeja GRA,Terrace duplex,4,3,182.0,0,0,2,1985.0,0.2,2500000
R02013,2025-04-04,Yaba,Flat,3,4,137.0,0,0,1,,0.36,1300000
R01739,2025-04-04,Surulere,Mini flat,1,1,39.0,0,0,1,1986.0,1.96,300000
R00373,2025-04-04,Yaba,Mini flat,1,1,34.0,0,1,3,2007.0,1.22,450000
R00654,2025-04-04,Egbeda,Flat,2,1,94.0,1,0,3,1986.0,0.71,600000
R00565,2025-04-05,Lekki (Chevron-Ajah),Detached duplex,4,3,191.0,0,0,3,2013.0,0.79,3300000
R00792,2025-04-05,Ikoyi,Terrace duplex,4,5,170.0,1,0,1,2016.0,0.64,8250000
R00813,2025-04-05,Lekki Phase 1,Self-contain,1,1,19.0,1,0,1,1988.0,0.93,550000
R00377,2025-04-05,Egbeda,Flat,3,4,122.0,0,0,0,,1.95,500000
R01419,2025-04-05,Ikorodu,Flat,2,3,104.0,1,0,1,1989.0,1.15,350000
R01088,2025-04-06,Yaba,Mini flat,1,1,30.0,1,0,2,2022.0,0.95,500000
R01227,2025-04-06,Egbeda,Mini flat,1,2,45.0,0,0,3,2006.0,2.26,250000
R00124,2025-04-06,Surulere,Self-contain,1,2,27.0,1,0,1,1989.0,0.21,250000
R02323,2025-04-06,Lekki (Chevron-Ajah),Flat,2,1,90.0,0,1,1,2010.0,0.51,1550000
R00118,2025-04-06,Victoria Island,Flat,3,2,137.0,0,0,2,2018.0,1.11,4450000
R00876,2025-04-06,Lekki (Chevron-Ajah),Flat,3,3,93.0,1,0,2,2006.0,0.47,1400000
R01484,2025-04-06,Lekki (Chevron-Ajah),Flat,2,2,111.0,0,0,1,2008.0,0.05,1350000
R01433,2025-04-06,Ikeja GRA,Detached duplex,4,3,213.0,0,0,1,2000.0,0.62,4400000
R01895,2025-04-06,Lekki Phase 1,Flat,3,4,134.0,1,0,2,2009.0,1.28,3650000
R01268,2025-04-06,Yaba,Mini flat,1,1,41.0,0,0,1,2018.0,0.58,450000
R00854,2025-04-06,Lekki (Chevron-Ajah),Self-contain,1,1,26.0,0,0,0,1989.0,0.54,250000
R01724,2025-04-07,Gbagada,Terrace duplex,3,4,128.0,0,0,1,2000.0,0.82,1100000
R01744,2025-04-07,Surulere,Flat,3,4,175.0,0,0,1,2009.0,1.25,2350000
R01123,2025-04-07,Lekki Phase 1,Flat,2,3,81.0,1,0,2,1988.0,1.79,2100000
R01107,2025-04-07,Ikeja GRA,Flat,3,3,130.0,0,1,1,2002.0,2.3,2400000
R00890,2025-04-07,Lekki Phase 1,Mini flat,1,1,48.0,1,0,2,2010.0,2.72,1100000
R01576,2025-04-07,Ikorodu,Flat,2,1,112.0,0,0,2,1998.0,0.33,550000
R02164,2025-04-07,Lekki (Chevron-Ajah),Terrace duplex,3,3,110.0,0,0,1,1987.0,2.07,950000
R01637,2025-04-07,Ikeja,Flat,3,3,154.0,0,0,2,1999.0,0.44,1400000
R01602,2025-04-07,Gbagada,Terrace duplex,4,4,156.0,0,1,1,1988.0,0.13,2250000
R02397,2025-04-08,Egbeda,Self-contain,1,1,27.0,1,0,0,1991.0,2.11,150000
R01682,2025-04-08,Ikoyi,Flat,2,1,100.0,1,0,1,1996.0,0.28,4050000
R02305,2025-04-08,Ikoyi,Mini flat,1,1,47.0,0,0,1,2020.0,0.92,1300000
R00843,2025-04-08,Yaba,Terrace duplex,4,3,172.0,1,0,3,2013.0,0.86,2350000
R00765,2025-04-08,Surulere,Self-contain,1,2,24.0,0,0,0,1990.0,0.58,250000
R01008,2025-04-08,Gbagada,Detached duplex,4,4,230.0,0,0,1,2016.0,0.35,2250000
R00339,2025-04-08,Lekki Phase 1,Flat,3,4,89.0,0,0,2,,1.89,1600000
R00881,2025-04-08,Yaba,Flat,3,2,133.0,0,1,3,2022.0,0.75,2200000
R01884,2025-04-08,Ikoyi,Mini flat,1,1,66.0,0,0,0,2022.0,2.49,1950000
R00810,2025-04-08,Lekki Phase 1,Flat,2,2,101.0,0,1,3,1999.0,1.79,2350000
R00987,2025-04-09,Ikoyi,Flat,3,3,100.0,0,0,3,1998.0,0.76,4100000
R01520,2025-04-09,Yaba,Detached duplex,4,4,210.0,0,0,0,2021.0,1.53,2700000
R01582,2025-04-09,Victoria Island,Flat,2,2,116.0,0,0,2,1987.0,2.09,2550000
R01068,2025-04-09,Egbeda,Mini flat,1,1,46.0,0,0,1,2007.0,0.44,200000
R00441,2025-04-09,Surulere,Flat,2,2,96.0,1,0,2,2012.0,1.03,1050000
R00028,2025-04-09,Ikeja GRA,Flat,3,3,117.0,0,0,1,2005.0,0.87,2300000
R02103,2025-04-09,Ikorodu,Flat,2,1,64.0,0,0,2,1987.0,0.79,300000
R00048,2025-04-09,Ikeja,Flat,2,3,80.0,1,0,1,2003.0,0.9,850000
R02163,2025-04-09,Ikorodu,Mini flat,1,2,48.0,1,0,2,2018.0,1.39,250000
R00584,2025-04-09,Gbagada,Mini flat,1,1,39.0,1,0,2,2022.0,0.36,700000
R01624,2025-04-09,Lekki Phase 1,Mini flat,1,1,48.0,0,0,1,2008.0,0.71,1050000
R01734,2025-04-09,Ikeja GRA,Terrace duplex,4,3,159.0,0,0,3,1999.0,0.3,2900000
R01482,2025-04-10,Yaba,Mini flat,1,1,47.0,0,0,2,2014.0,0.05,650000
R02206,2025-04-10,Gbagada,Flat,2,1,97.0,0,0,0,2015.0,0.07,850000
R01804,2025-04-10,Victoria Island,Terrace duplex,4,4,137.0,0,0,1,2010.0,1.68,4600000
R01577,2025-04-10,Lekki Phase 1,Flat,3,4,129.0,0,0,3,1989.0,0.7,3200000
R01341,2025-04-10,Surulere,Flat,3,3,102.0,0,0,1,2024.0,1.27,850000
R02253,2025-04-10,Ikeja,Self-contain,1,1,26.0,0,0,0,2021.0,0.53,300000
R01140,2025-04-10,Yaba,Self-contain,1,1,21.0,0,0,1,1998.0,0.42,200000
R00815,2025-04-10,Surulere,Terrace duplex,3,3,138.0,0,0,2,2008.0,0.53,2000000
R00877,2025-04-10,Surulere,Self-contain,1,1,29.0,0,0,1,2022.0,1.39,250000
R01130,2025-04-10,Lekki Phase 1,Mini flat,1,2,41.0,1,0,2,,1.98,1300000
R02424,2025-04-10,Ikeja GRA,Self-contain,1,1,33.0,0,0,0,1993.0,0.35,550000
R02195,2025-04-11,Ajah,Detached duplex,6,5,310.0,0,0,1,2021.0,0.62,2850000
R01148,2025-04-11,Lekki (Chevron-Ajah),Flat,3,4,139.0,0,0,0,1996.0,3.17,1400000
R00555,2025-04-11,Lekki Phase 1,Terrace duplex,3,3,124.0,1,1,2,2008.0,1.33,4050000
R01126,2025-04-11,Gbagada,Detached duplex,5,4,254.0,0,0,2,1992.0,1.42,3700000
R02384,2025-04-11,Ikorodu,Mini flat,1,1,45.0,0,0,1,2001.0,0.35,200000
R00308,2025-04-11,Surulere,Flat,2,2,86.0,0,0,3,2012.0,0.68,850000
R00052,2025-04-11,Lekki Phase 1,Terrace duplex,4,4,182.0,0,0,0,,0.66,3450000
R02170,2025-04-11,Ikorodu,Mini flat,1,1,45.0,0,0,0,2018.0,0.33,350000
R01715,2025-04-11,Ikeja GRA,Flat,2,2,82.0,0,1,1,1996.0,0.52,1700000
R01492,2025-04-12,Gbagada,Flat,2,2,83.0,1,0,3,2010.0,0.21,1150000
R01800,2025-04-12,Ikeja,Self-contain,1,1,27.0,0,0,0,2015.0,0.16,250000
R01039,2025-04-12,Ikoyi,Flat,3,3,122.0,0,0,2,1993.0,1.96,3650000
R00440,2025-04-12,Surulere,Self-contain,1,1,31.0,0,0,0,2002.0,0.22,250000
R00270,2025-04-12,Ikoyi,Flat,3,4,145.0,0,1,2,1995.0,2.17,3500000
R01917,2025-04-12,Ikeja,Flat,3,3,121.0,1,0,2,1992.0,0.42,1050000
R01534,2025-04-12,Surulere,Self-contain,1,1,27.0,1,0,0,2004.0,1.16,250000
R01378,2025-04-12,Egbeda,Detached duplex,5,5,263.0,1,1,1,1994.0,0.45,1900000
R01795,2025-04-13,Gbagada,Detached duplex,5,6,273.0,0,1,0,2000.0,0.28,4200000
R01460,2025-04-13,Ikeja GRA,Flat,3,4,145.0,0,0,1,1994.0,0.54,2100000
R01139,2025-04-13,Egbeda,Self-contain,1,1,29.0,0,0,0,1994.0,0.27,100000
R02173,2025-04-13,Yaba,Terrace duplex,3,3,125.0,0,0,1,1992.0,0.47,1500000
R01743,2025-04-13,Victoria Island,Flat,3,2,107.0,1,0,0,1987.0,0.88,4150000
R02369,2025-04-13,Ikoyi,Terrace duplex,3,3,129.0,0,0,2,2000.0,0.77,4450000
R00539,2025-04-13,Gbagada,Self-contain,1,2,23.0,1,0,0,2013.0,2.59,250000
R01725,2025-04-13,Ajah,Flat,3,3,142.0,0,0,2,2010.0,2.12,1400000
R01561,2025-04-13,Egbeda,Terrace duplex,3,3,141.0,1,0,2,1992.0,1.5,750000
R00311,2025-04-13,Surulere,Flat,2,2,97.0,0,1,3,2024.0,1.52,1250000
R02356,2025-04-13,Ikeja,Mini flat,1,2,51.0,0,0,1,2000.0,1.58,450000
R00782,2025-04-13,Ajah,Flat,3,3,119.0,0,0,1,1986.0,0.51,750000
R01959,2025-04-14,Lekki (Chevron-Ajah),Mini flat,1,1,40.0,0,0,2,2007.0,0.23,700000
R00316,2025-04-14,Victoria Island,Terrace duplex,3,2,122.0,1,0,0,2008.0,0.32,5300000
R01754,2025-04-14,Ikeja GRA,Terrace duplex,3,3,129.0,0,0,1,2022.0,0.08,2250000
R02492,2025-04-14,Lekki Phase 1,Flat,2,3,111.0,0,1,2,2004.0,3.48,2550000
R01313,2025-04-14,Surulere,Mini flat,1,2,39.0,0,0,1,,0.47,400000
R01023,2025-04-14,Ajah,Self-contain,1,1,29.0,0,0,0,,0.89,150000
R02187,2025-04-14,Egbeda,Flat,3,3,127.0,0,0,2,2015.0,0.31,700000
R01781,2025-04-14,Surulere,Self-contain,1,1,25.0,0,0,0,2018.0,0.34,250000
R02272,2025-04-14,Ajah,Flat,2,3,105.0,1,1,3,1989.0,1.64,1100000
R00953,2025-04-14,Egbeda,Flat,3,2,138.0,0,0,1,1998.0,0.5,700000
R02033,2025-04-15,Lekki (Chevron-Ajah),Flat,3,3,113.0,0,0,0,2022.0,0.15,2000000
R01597,2025-04-15,Egbeda,Detached duplex,4,4,229.0,0,0,1,1989.0,0.26,1450000
R01158,2025-04-15,Ikorodu,Terrace duplex,3,3,103.0,0,0,2,2010.0,0.26,450000
R02487,2025-04-15,Ikeja,Mini flat,1,1,54.0,0,0,1,,0.51,550000
R00365,2025-04-15,Victoria Island,Mini flat,1,1,39.0,1,0,2,1998.0,0.45,1350000
R00558,2025-04-16,Ajah,Flat,3,3,93.0,0,0,2,2015.0,0.44,800000
R00838,2025-04-16,Surulere,Flat,3,2,154.0,0,0,1,1996.0,1.93,1100000
R00254,2025-04-16,Lekki (Chevron-Ajah),Flat,2,1,111.0,0,0,1,2008.0,0.38,1800000
R01428,2025-04-16,Yaba,Self-contain,1,1,20.0,0,0,0,2016.0,0.42,200000
R00215,2025-04-16,Ikoyi,Terrace duplex,4,3,201.0,0,0,2,2011.0,0.29,5750000
R01480,2025-04-16,Ikoyi,Terrace duplex,4,5,163.0,1,0,2,2012.0,0.13,5950000
R01825,2025-04-16,Ajah,Flat,2,2,128.0,0,0,1,1997.0,1.02,850000
R00319,2025-04-16,Surulere,Flat,3,2,130.0,0,0,2,2013.0,0.32,1200000
R00078,2025-04-17,Victoria Island,Flat,2,3,94.0,0,0,2,2003.0,2.32,2650000
R02114,2025-04-17,Yaba,Flat,3,3,152.0,0,0,1,1992.0,0.24,1700000
R01074,2025-04-17,Ikeja GRA,Terrace duplex,4,4,159.0,0,0,0,1985.0,0.74,2850000
R02444,2025-04-17,Lekki Phase 1,Mini flat,1,1,44.0,1,0,1,1992.0,0.69,900000
R01266,2025-04-17,Egbeda,Mini flat,1,1,38.0,0,0,2,1995.0,0.59,200000
R00658,2025-04-17,Victoria Island,Terrace duplex,3,2,160.0,1,0,1,2012.0,0.68,4400000
R00009,2025-04-17,Lekki Phase 1,Mini flat,1,2,49.0,0,0,0,2004.0,0.75,1050000
R01457,2025-04-17,Victoria Island,Flat,3,2,152.0,1,0,3,1997.0,0.36,6700000
R01029,2025-04-17,Ikeja GRA,Terrace duplex,3,3,128.0,0,1,1,2017.0,0.37,3000000
R01092,2025-04-17,Surulere,Terrace duplex,3,4,125.0,0,0,0,1989.0,0.65,1000000
R01111,2025-04-17,Egbeda,Mini flat,1,1,39.0,0,0,2,1997.0,2.22,200000
R02489,2025-04-17,Ikoyi,Terrace duplex,3,2,115.0,1,0,2,1998.0,0.53,3800000
R02030,2025-04-17,Ikeja GRA,Flat,3,3,155.0,0,0,0,1998.0,0.53,2050000
R01222,2025-04-17,Ikeja GRA,Mini flat,1,1,57.0,0,0,2,2011.0,0.28,1200000
R01400,2025-04-17,Gbagada,Detached duplex,6,5,290.0,1,0,2,2011.0,0.63,3950000
R00820,2025-04-18,Lekki Phase 1,Flat,3,3,107.0,1,0,2,2007.0,1.57,3500000
R00473,2025-04-18,Egbeda,Self-contain,1,1,36.0,0,0,0,2017.0,1.67,150000
R02340,2025-04-18,Surulere,Self-contain,1,1,33.0,0,0,0,2009.0,3.83,250000
R00832,2025-04-18,Ikeja GRA,Flat,2,2,89.0,0,0,1,2009.0,1.65,1650000
R00978,2025-04-18,Ikeja GRA,Flat,3,3,127.0,0,0,2,2003.0,1.13,1900000
R01950,2025-04-18,Surulere,Flat,3,3,131.0,0,1,3,2010.0,0.33,1700000
R00056,2025-04-18,Lekki (Chevron-Ajah),Flat,2,2,98.0,0,0,3,2023.0,1.62,1450000
R01671,2025-04-18,Surulere,Self-contain,1,2,33.0,0,0,0,,0.53,300000
R01641,2025-04-18,Ikeja,Mini flat,1,1,45.0,1,0,0,,0.45,450000
R00158,2025-04-18,Ikeja,Flat,2,1,92.0,0,0,0,1987.0,1.76,550000
R01965,2025-04-19,Yaba,Terrace duplex,4,4,,1,0,2,1997.0,0.45,2450000
R02010,2025-04-19,Surulere,Mini flat,1,2,52.0,0,0,1,2015.0,0.1,550000
R01764,2025-04-19,Surulere,Self-contain,1,2,26.0,0,0,0,2014.0,0.84,300000
R00635,2025-04-19,Lekki (Chevron-Ajah),Detached duplex,5,5,272.0,1,0,1,2000.0,0.64,8450000
R01518,2025-04-19,Ikoyi,Mini flat,1,1,41.0,1,1,2,2007.0,0.77,2050000
R00600,2025-04-19,Yaba,Flat,2,1,76.0,0,0,1,1985.0,1.13,700000
R01183,2025-04-19,Ikeja,Terrace duplex,4,3,136.0,0,0,3,1996.0,1.74,1200000
R00067,2025-04-19,Lekki (Chevron-Ajah),Terrace duplex,3,3,139.0,0,0,2,2003.0,1.58,1500000
R02210,2025-04-19,Victoria Island,Flat,3,2,131.0,0,0,3,2004.0,1.28,5000000
R01928,2025-04-19,Ajah,Flat,2,3,63.0,0,0,2,1991.0,0.32,350000
R01941,2025-04-19,Yaba,Flat,3,3,141.0,0,1,1,2003.0,1.64,1400000
R01219,2025-04-19,Ajah,Flat,2,2,110.0,0,1,3,2005.0,0.11,950000
R01382,2025-04-19,Victoria Island,Self-contain,1,1,30.0,0,0,0,2000.0,0.76,600000
R00695,2025-04-20,Lekki (Chevron-Ajah),Detached duplex,5,5,235.0,0,0,2,2010.0,0.86,2900000
R02089,2025-04-20,Ikoyi,Detached duplex,5,5,248.0,0,0,2,2024.0,0.08,11050000
R02358,2025-04-20,Lekki Phase 1,Self-contain,1,2,20.0,1,0,0,2017.0,0.66,600000
R02445,2025-04-20,Ajah,Detached duplex,5,5,305.0,0,0,2,2016.0,1.24,2650000
R00950,2025-04-20,Egbeda,Self-contain,1,1,,0,0,1,2012.0,0.34,150000
R01668,2025-04-20,Lekki Phase 1,Detached duplex,4,4,242.0,1,0,1,2006.0,0.28,6300000
R01318,2025-04-20,Ikeja GRA,Self-contain,1,1,26.0,0,0,0,2017.0,1.6,300000
R01239,2025-04-20,Gbagada,Mini flat,1,1,54.0,0,1,2,1997.0,2.04,600000
R01043,2025-04-20,Lekki Phase 1,Flat,2,2,94.0,1,0,1,2005.0,0.76,2850000
R01889,2025-04-20,Lekki Phase 1,Terrace duplex,4,5,178.0,0,0,2,2008.0,0.37,4200000
R00639,2025-04-20,Gbagada,Flat,2,1,59.0,0,0,3,1993.0,1.93,550000
R02023,2025-04-20,Surulere,Terrace duplex,4,5,165.0,0,0,1,1998.0,0.4,1400000
R01971,2025-04-20,Egbeda,Self-contain,1,2,26.0,0,0,0,1991.0,1.0,100000
R01421,2025-04-20,Ikoyi,Mini flat,1,1,47.0,0,1,2,1988.0,0.11,1500000
R00900,2025-04-21,Ikorodu,Self-contain,1,1,30.0,0,0,0,2015.0,0.92,150000
R01161,2025-04-21,Surulere,Flat,3,3,136.0,0,0,1,2015.0,0.21,1200000
R00492,2025-04-21,Lekki (Chevron-Ajah),Flat,3,3,115.0,0,1,2,2021.0,1.08,1600000
R02285,2025-04-21,Gbagada,Flat,3,3,137.0,0,0,1,1995.0,1.14,1350000
R02198,2025-04-21,Ikoyi,Flat,2,1,95.0,1,1,2,1989.0,0.45,3650000
R01179,2025-04-21,Ikeja GRA,Flat,3,3,91.0,0,0,1,2014.0,0.97,1900000
R00428,2025-04-22,Ikorodu,Terrace duplex,3,4,138.0,0,0,3,2024.0,0.93,650000
R00236,2025-04-22,Ikorodu,Terrace duplex,3,2,150.0,1,1,1,2016.0,1.97,1100000
R01535,2025-04-22,Yaba,Flat,2,2,,0,0,0,2004.0,0.41,900000
R00853,2025-04-22,Surulere,Flat,2,1,101.0,0,0,2,1994.0,0.79,1150000
R00621,2025-04-22,Ikeja GRA,Flat,2,3,,0,0,1,,0.76,800000
R00763,2025-04-23,Lekki (Chevron-Ajah),Flat,3,3,127.0,1,0,2,2010.0,0.28,1350000
R02072,2025-04-23,Yaba,Mini flat,1,1,45.0,0,0,1,2010.0,1.44,400000
R01098,2025-04-23,Ikeja,Flat,2,1,85.0,0,0,3,2011.0,1.43,750000
R01913,2025-04-23,Ikeja GRA,Flat,3,2,131.0,0,0,2,2001.0,1.17,2200000
R01093,2025-04-23,Lekki Phase 1,Flat,2,3,72.0,0,0,3,2018.0,1.93,1450000
R00180,2025-04-23,Ikeja GRA,Terrace duplex,3,3,131.0,0,0,1,2017.0,0.86,2500000
R01616,2025-04-23,Ikeja GRA,Mini flat,1,1,44.0,1,0,3,2013.0,0.82,850000
R01942,2025-04-23,Ikeja GRA,Mini flat,1,1,41.0,1,0,0,2009.0,0.65,750000
R01513,2025-04-24,Lekki Phase 1,Terrace duplex,4,4,161.0,1,0,2,1992.0,2.28,4300000
R02449,2025-04-24,Egbeda,Detached duplex,6,6,318.0,0,0,1,1985.0,0.66,1350000
R01121,2025-04-24,Lekki Phase 1,Flat,3,3,115.0,0,0,3,2006.0,1.04,2400000
R00556,2025-04-24,Surulere,Self-contain,1,1,22.0,1,0,0,1992.0,0.78,200000
R01722,2025-04-24,Ikoyi,Detached duplex,6,6,337.0,1,0,0,2014.0,0.2,16750000
R02386,2025-04-24,Ikeja GRA,Mini flat,1,1,54.0,0,0,1,1991.0,0.92,950000
R00947,2025-04-25,Ikeja,Detached duplex,5,4,280.0,0,0,1,1988.0,2.54,2000000
R02222,2025-04-25,Ikeja,Flat,3,2,132.0,0,1,1,2014.0,1.89,1700000
R00757,2025-04-25,Surulere,Terrace duplex,4,5,161.0,0,0,3,2002.0,0.84,1650000
R02146,2025-04-25,Lekki (Chevron-Ajah),Detached duplex,4,5,195.0,0,0,1,1988.0,2.27,2850000
R00389,2025-04-25,Surulere,Self-contain,1,2,36.0,0,0,1,1993.0,1.38,250000
R00788,2025-04-25,Ikorodu,Self-contain,1,1,26.0,0,0,1,2021.0,0.23,150000
R00104,2025-04-25,Ajah,Flat,2,2,98.0,0,0,2,2024.0,1.63,750000
R01984,2025-04-25,Ikorodu,Self-contain,1,1,26.0,0,0,0,2012.0,0.34,150000
R01448,2025-04-25,Ikorodu,Flat,2,2,88.0,0,0,1,2001.0,0.22,400000
R00541,2025-04-26,Lekki Phase 1,Flat,2,3,102.0,1,0,0,2001.0,0.31,2650000
R00918,2025-04-26,Lekki (Chevron-Ajah),Self-contain,1,1,27.0,0,1,0,,0.48,450000
R01696,2025-04-26,Lekki Phase 1,Self-contain,1,2,40.0,1,0,0,2020.0,0.83,1300000
R02317,2025-04-26,Gbagada,Terrace duplex,3,3,130.0,0,0,2,2017.0,0.48,1800000
R00495,2025-04-26,Yaba,Self-contain,1,1,23.0,0,0,0,1996.0,0.72,200000
R02441,2025-04-26,Lekki Phase 1,Self-contain,1,1,26.0,1,0,1,2023.0,0.35,550000
R01037,2025-04-26,Surulere,Flat,2,1,103.0,0,0,2,1989.0,3.6,900000
R01182,2025-04-26,Gbagada,Mini flat,1,1,,1,0,1,2014.0,0.08,750000
R01110,2025-04-26,Lekki (Chevron-Ajah),Mini flat,1,2,41.0,1,0,1,2006.0,0.82,450000
R01655,2025-04-26,Surulere,Mini flat,1,1,48.0,0,0,1,2022.0,0.77,400000
R00773,2025-04-26,Ikorodu,Flat,2,2,62.0,0,1,1,2024.0,1.28,250000
R00314,2025-04-27,Yaba,Flat,3,3,,0,0,1,2006.0,1.08,750000
R00779,2025-04-27,Ajah,Detached duplex,4,4,207.0,0,0,3,2012.0,0.47,1650000
R00101,2025-04-27,Lekki Phase 1,Flat,3,2,99.0,0,0,3,1994.0,0.49,1950000
R00816,2025-04-27,Egbeda,Flat,2,1,109.0,0,0,0,2007.0,0.05,650000
R00148,2025-04-27,Lekki (Chevron-Ajah),Flat,2,3,55.0,0,0,1,2012.0,0.31,700000
R00123,2025-04-27,Ajah,Flat,2,2,100.0,0,0,2,1986.0,1.28,450000
R01381,2025-04-27,Egbeda,Terrace duplex,4,3,195.0,0,1,2,,0.16,1550000
R00296,2025-04-27,Lekki Phase 1,Terrace duplex,3,2,,0,0,2,2018.0,0.39,2300000
R02014,2025-04-28,Ikeja GRA,Mini flat,1,1,55.0,0,0,1,2003.0,1.27,950000
R02446,2025-04-28,Ajah,Flat,3,4,134.0,0,0,2,1988.0,1.2,750000
R00522,2025-04-28,Surulere,Flat,2,2,95.0,0,0,3,1987.0,0.39,650000
R01477,2025-04-28,Yaba,Flat,3,3,132.0,0,0,1,2022.0,0.82,1050000
R01970,2025-04-28,Gbagada,Self-contain,1,2,31.0,1,0,1,2005.0,2.9,400000
R00598,2025-04-28,Ikeja,Mini flat,1,1,,1,0,0,2005.0,0.05,550000
R02378,2025-04-28,Lekki (Chevron-Ajah),Flat,2,3,107.0,0,1,2,1990.0,1.6,1150000
R01547,2025-04-28,Lekki Phase 1,Flat,3,2,104.0,0,0,2,1998.0,1.59,1700000
R01740,2025-04-28,Yaba,Flat,2,2,72.0,0,1,0,1997.0,1.38,700000
R02361,2025-04-28,Yaba,Self-contain,1,1,33.0,0,0,0,2021.0,0.52,400000
R01372,2025-04-28,Ajah,Mini flat,1,1,47.0,0,1,1,2005.0,1.37,400000
R01114,2025-04-28,Victoria Island,Mini flat,1,2,39.0,1,0,2,1994.0,0.4,1350000
R02452,2025-04-29,Surulere,Terrace duplex,3,3,141.0,1,0,3,2002.0,0.38,1400000
R02166,2025-04-29,Lekki Phase 1,Flat,3,2,136.0,0,0,1,2022.0,0.94,1850000
R00553,2025-04-29,Ajah,Self-contain,1,1,36.0,1,0,1,2018.0,0.38,400000
R00418,2025-04-29,Ikeja GRA,Detached duplex,5,4,235.0,0,0,2,2019.0,0.35,3600000
R00108,2025-04-29,Lekki Phase 1,Flat,3,3,124.0,0,0,1,1986.0,1.42,2400000
R00747,2025-04-30,Lekki Phase 1,Detached duplex,4,5,227.0,0,0,1,2012.0,2.26,4500000
R01926,2025-04-30,Ajah,Detached duplex,5,5,257.0,0,0,1,1996.0,3.02,1200000
R00193,2025-04-30,Ajah,Mini flat,1,1,45.0,0,1,1,1994.0,0.97,400000
R01692,2025-04-30,Surulere,Flat,2,1,111.0,0,0,1,,0.61,1150000
R00435,2025-04-30,Surulere,Detached duplex,6,5,297.0,0,0,2,2021.0,2.19,2750000
R00025,2025-04-30,Ikorodu,Self-contain,1,1,29.0,1,0,0,1994.0,0.8,150000
R01814,2025-04-30,Lekki (Chevron-Ajah),Self-contain,1,2,,0,0,0,2014.0,1.09,300000
R01958,2025-04-30,Yaba,Self-contain,1,2,19.0,0,0,0,1990.0,2.41,150000
R02083,2025-04-30,Ajah,Self-contain,1,1,22.0,0,0,0,2012.0,0.11,200000
R02151,2025-04-30,Victoria Island,Self-contain,1,2,29.0,1,0,0,2008.0,0.33,1400000
R02211,2025-04-30,Yaba,Detached duplex,4,4,242.0,0,0,1,1992.0,1.3,2750000
R02117,2025-04-30,Ikeja,Detached duplex,4,5,180.0,1,0,2,1999.0,0.59,1950000
R01245,2025-04-30,Victoria Island,Terrace duplex,4,3,191.0,0,0,3,1995.0,0.78,5700000
R01236,2025-04-30,Lekki Phase 1,Terrace duplex,4,5,166.0,0,0,1,1989.0,0.17,3750000
R00634,2025-04-30,Gbagada,Terrace duplex,4,4,164.0,0,0,1,2020.0,3.37,1900000
R00481,2025-05-01,Ajah,Flat,3,4,106.0,1,0,2,2000.0,0.22,1150000
R02122,2025-05-01,Ikoyi,Mini flat,1,1,41.0,1,1,0,2008.0,0.81,1800000
R01346,2025-05-01,Lekki (Chevron-Ajah),Terrace duplex,3,3,132.0,1,0,3,2011.0,0.26,1450000
R01551,2025-05-01,Yaba,Flat,2,2,87.0,0,0,1,2013.0,1.88,850000
R00285,2025-05-01,Victoria Island,Flat,2,3,112.0,0,0,1,2007.0,3.92,2550000
R01905,2025-05-01,Lekki (Chevron-Ajah),Terrace duplex,3,3,138.0,0,1,2,2012.0,0.65,2850000
R00680,2025-05-01,Gbagada,Flat,2,3,98.0,0,0,1,2006.0,0.34,900000
R01998,2025-05-01,Surulere,Detached duplex,4,3,220.0,0,0,1,1986.0,0.59,1400000
R02219,2025-05-02,Ikorodu,Flat,3,3,174.0,0,0,3,2016.0,0.34,650000
R00406,2025-05-02,Surulere,Detached duplex,6,6,311.0,0,0,1,,1.08,2650000
R00091,2025-05-02,Surulere,Flat,2,1,121.0,0,0,2,2022.0,0.29,1500000
R00996,2025-05-02,Yaba,Self-contain,1,1,29.0,0,0,1,2003.0,5.45,200000
R00657,2025-05-02,Ikeja,Flat,3,2,120.0,0,0,1,2017.0,0.69,1450000
R00114,2025-05-02,Lekki (Chevron-Ajah),Terrace duplex,3,3,144.0,0,0,0,2010.0,0.24,2600000
R02121,2025-05-02,Ajah,Mini flat,1,1,37.0,0,0,1,1997.0,0.18,300000
R00334,2025-05-02,Yaba,Flat,2,1,81.0,0,0,2,1999.0,0.34,850000
R01083,2025-05-03,Yaba,Terrace duplex,3,3,,0,0,3,2017.0,0.28,1400000
R01569,2025-05-03,Ikeja,Flat,3,2,111.0,0,0,2,1989.0,0.76,1350000
R00730,2025-05-03,Surulere,Mini flat,1,1,43.0,0,0,1,1990.0,1.17,400000
R01790,2025-05-03,Surulere,Flat,2,2,111.0,0,0,2,1989.0,0.38,1050000
R01643,2025-05-03,Egbeda,Mini flat,1,2,41.0,0,0,0,2018.0,0.61,250000
R00985,2025-05-03,Lekki (Chevron-Ajah),Detached duplex,6,6,307.0,0,0,0,2016.0,1.2,3650000
R00992,2025-05-03,Lekki Phase 1,Self-contain,1,1,27.0,1,0,0,1995.0,0.45,400000
R02124,2025-05-04,Ikeja,Mini flat,1,1,48.0,0,0,2,2013.0,1.77,350000
R00907,2025-05-04,Ajah,Flat,3,3,133.0,0,0,1,2023.0,1.14,950000
R02119,2025-05-04,Egbeda,Detached duplex,5,5,262.0,1,0,1,2019.0,5.7,1650000
R01701,2025-05-04,Ikoyi,Flat,2,3,107.0,0,0,1,1999.0,1.06,3100000
R00172,2025-05-04,Yaba,Flat,3,3,143.0,0,0,3,2018.0,2.05,1550000
R00090,2025-05-04,Ikeja,Flat,2,2,93.0,0,0,2,2001.0,0.05,900000
R01089,2025-05-05,Lekki (Chevron-Ajah),Detached duplex,4,5,234.0,0,0,3,1992.0,0.15,2750000
R02499,2025-05-05,Ikeja,Mini flat,1,1,57.0,0,0,2,1988.0,1.82,600000
R02215,2025-05-05,Ikeja,Flat,3,3,145.0,0,0,2,2000.0,1.05,1650000
R01128,2025-05-05,Egbeda,Flat,3,3,125.0,0,0,2,1999.0,0.05,750000
R02056,2025-05-05,Surulere,Flat,2,2,101.0,0,0,0,1986.0,1.46,900000
R01135,2025-05-05,Gbagada,Flat,3,3,160.0,1,0,3,1987.0,0.74,2150000
R00743,2025-05-05,Ajah,Mini flat,1,1,54.0,0,0,0,2006.0,0.82,450000
R00846,2025-05-05,Ikoyi,Self-contain,1,1,29.0,1,1,1,1993.0,1.13,1100000
R01310,2025-05-05,Ikoyi,Flat,3,3,129.0,1,0,0,2002.0,0.58,4900000
R00003,2025-05-06,Ikorodu,Flat,3,3,123.0,0,0,0,1999.0,1.36,500000
R02220,2025-05-06,Victoria Island,Flat,2,2,90.0,0,0,0,2015.0,0.97,2750000
R01058,2025-05-06,Surulere,Flat,2,2,94.0,0,1,3,2008.0,0.08,1000000
R00331,2025-05-06,Gbagada,Terrace duplex,4,4,151.0,0,0,1,2022.0,0.95,1300000
R01949,2025-05-06,Ikeja,Flat,2,2,92.0,1,0,0,2018.0,2.34,750000
R01120,2025-05-06,Egbeda,Mini flat,1,1,59.0,0,0,2,2010.0,1.94,250000
R01773,2025-05-06,Surulere,Flat,2,3,67.0,0,0,2,2023.0,0.24,700000
R01004,2025-05-06,Lekki Phase 1,Flat,2,2,69.0,1,0,2,,0.49,2350000
R01859,2025-05-06,Ajah,Self-contain,1,1,30.0,0,0,0,1985.0,0.18,200000
R01027,2025-05-06,Ajah,Flat,2,3,135.0,0,0,2,2002.0,0.37,1100000
R01465,2025-05-06,Ajah,Self-contain,1,2,38.0,1,0,1,1986.0,0.25,250000
R00307,2025-05-06,Gbagada,Detached duplex,4,4,214.0,0,0,1,1996.0,0.19,2200000
R00437,2025-05-07,Gbagada,Mini flat,1,1,46.0,0,1,0,1999.0,0.3,650000
R00117,2025-05-07,Gbagada,Self-contain,1,1,21.0,1,0,0,1993.0,0.58,250000
R00338,2025-05-07,Lekki (Chevron-Ajah),Mini flat,1,1,51.0,1,0,1,1988.0,0.2,700000
R00436,2025-05-07,Ikeja,Flat,2,2,110.0,0,0,1,2005.0,0.58,1100000
R00444,2025-05-07,Ikoyi,Self-contain,1,1,16.0,1,0,0,,0.75,500000
R02428,2025-05-07,Lekki (Chevron-Ajah),Terrace duplex,3,2,143.0,0,0,2,2009.0,0.77,1300000
R00185,2025-05-07,Ikoyi,Flat,2,2,95.0,0,0,2,2006.0,0.62,3050000
R01220,2025-05-07,Surulere,Flat,3,4,123.0,0,0,2,1999.0,1.3,1000000
R01208,2025-05-07,Lekki Phase 1,Mini flat,1,1,47.0,1,0,1,1990.0,0.4,1150000
R00096,2025-05-07,Yaba,Flat,3,3,163.0,0,0,2,1999.0,0.32,1450000
R02102,2025-05-07,Lekki Phase 1,Mini flat,1,1,41.0,0,1,1,1990.0,1.99,900000
R00826,2025-05-07,Yaba,Flat,2,3,74.0,0,0,2,1994.0,1.14,600000
R02155,2025-05-07,Ajah,Mini flat,1,1,31.0,0,0,0,2008.0,1.17,200000
R01218,2025-05-07,Ikeja GRA,Flat,3,4,147.0,0,1,1,2020.0,0.24,2450000
R01828,2025-05-07,Ajah,Terrace duplex,3,2,150.0,0,0,1,2017.0,0.73,900000
R01106,2025-05-08,Lekki (Chevron-Ajah),Flat,2,1,102.0,0,1,3,2015.0,0.59,1850000
R01863,2025-05-08,Ikeja GRA,Self-contain,1,1,26.0,0,0,0,2002.0,1.57,350000
R00731,2025-05-08,Victoria Island,Terrace duplex,3,4,160.0,1,0,2,2005.0,1.06,5500000
R00629,2025-05-08,Ikeja,Flat,2,2,77.0,0,0,1,2006.0,1.27,950000
R02234,2025-05-08,Gbagada,Flat,3,4,103.0,0,0,0,2002.0,1.63,1000000
R00828,2025-05-08,Victoria Island,Mini flat,1,2,36.0,1,0,0,2021.0,0.72,1800000
R00690,2025-05-08,Lekki (Chevron-Ajah),Flat,2,2,87.0,0,0,0,2001.0,0.55,1150000
R01609,2025-05-08,Victoria Island,Flat,2,3,82.0,0,0,1,2012.0,1.78,2200000
R01663,2025-05-08,Ikeja,Flat,2,1,75.0,0,0,3,1992.0,1.42,650000
R00546,2025-05-08,Ikoyi,Self-contain,1,1,16.0,1,0,1,1985.0,0.74,850000
R01657,2025-05-08,Lekki Phase 1,Flat,2,3,109.0,1,0,3,2010.0,2.25,2650000
R01323,2025-05-08,Ikeja,Flat,3,2,135.0,0,0,1,2001.0,0.79,1450000
R01538,2025-05-08,Gbagada,Self-contain,1,1,27.0,0,0,1,2011.0,0.86,250000
R01588,2025-05-08,Gbagada,Flat,3,4,121.0,0,0,2,2005.0,1.21,1550000
R00457,2025-05-09,Lekki Phase 1,Flat,2,2,88.0,1,0,1,2002.0,0.6,1950000
R00455,2025-05-09,Ajah,Detached duplex,5,5,267.0,0,1,1,1994.0,0.28,1450000
R01031,2025-05-09,Ikorodu,Terrace duplex,4,4,188.0,1,1,1,2024.0,0.41,1250000
R01737,2025-05-09,Ajah,Mini flat,1,1,42.0,0,0,3,2015.0,0.37,350000
R01849,2025-05-09,Egbeda,Flat,2,2,75.0,0,0,1,1994.0,0.35,250000
R00888,2025-05-09,Ikorodu,Flat,2,3,80.0,0,0,2,2021.0,0.07,350000
R00986,2025-05-09,Lekki (Chevron-Ajah),Self-contain,1,2,,0,0,1,2008.0,0.43,300000
R00346,2025-05-09,Ikeja,Flat,2,1,105.0,0,0,1,2018.0,0.15,1200000
R01476,2025-05-10,Lekki (Chevron-Ajah),Flat,2,2,115.0,0,0,1,1991.0,0.28,1350000
R01898,2025-05-10,Lekki Phase 1,Flat,2,2,,0,0,2,2012.0,1.88,1600000
R01774,2025-05-10,Lekki Phase 1,Flat,2,2,125.0,1,1,1,2016.0,1.18,4700000
R00283,2025-05-10,Ikeja GRA,Mini flat,1,2,41.0,0,0,0,2002.0,0.94,550000
R00244,2025-05-10,Lekki (Chevron-Ajah),Self-contain,1,2,23.0,0,0,0,,0.97,350000
R01766,2025-05-10,Ikorodu,Self-contain,1,2,26.0,0,0,0,2000.0,1.17,100000
R01759,2025-05-10,Ajah,Mini flat,1,1,37.0,1,0,0,2010.0,1.12,250000
R02054,2025-05-10,Yaba,Terrace duplex,4,5,175.0,0,0,0,2010.0,1.73,2000000
R00851,2025-05-10,Ikeja,Mini flat,1,2,56.0,0,0,1,2024.0,0.65,650000
R00381,2025-05-11,Ikorodu,Flat,3,4,125.0,1,0,1,2017.0,2.91,650000
R00874,2025-05-11,Lekki Phase 1,Flat,2,2,94.0,1,0,1,2000.0,2.14,2350000
R01580,2025-05-11,Ikeja,Flat,3,4,117.0,0,1,1,2007.0,0.76,1250000
R01812,2025-05-11,Ajah,Detached duplex,5,4,244.0,0,0,2,2003.0,0.54,1750000
R01680,2025-05-11,Lekki Phase 1,Detached duplex,4,4,229.0,0,0,1,1986.0,0.23,5300000
R00836,2025-05-11,Lekki Phase 1,Terrace duplex,4,4,170.0,1,0,2,2003.0,0.21,3550000
R00442,2025-05-11,Ikeja,Mini flat,1,1,45.0,0,0,2,2004.0,0.22,550000
R01888,2025-05-11,Ikoyi,Flat,2,1,54.0,0,0,3,1999.0,0.62,1750000
R01756,2025-05-12,Lekki Phase 1,Flat,2,2,87.0,1,0,3,2006.0,1.86,2350000
R00538,2025-05-12,Ikeja,Flat,3,4,140.0,0,0,1,2002.0,0.55,1300000
R01539,2025-05-12,Lekki Phase 1,Detached duplex,4,3,,0,0,2,,0.97,5100000
R00179,2025-05-12,Ikorodu,Detached duplex,5,5,273.0,0,1,1,1996.0,0.5,2550000
R00944,2025-05-12,Victoria Island,Self-contain,1,2,27.0,0,0,1,,0.98,700000
R01864,2025-05-13,Surulere,Flat,3,4,162.0,0,0,1,1989.0,1.43,1000000
R02280,2025-05-13,Surulere,Terrace duplex,3,3,134.0,0,0,1,1996.0,0.15,1200000
R01156,2025-05-13,Ikoyi,Flat,2,3,97.0,1,0,3,2008.0,2.05,2950000
R02307,2025-05-13,Lekki (Chevron-Ajah),Detached duplex,5,5,,0,0,2,2021.0,1.44,3350000
R01276,2025-05-13,Ikoyi,Terrace duplex,4,3,163.0,1,0,1,,0.87,6350000
R00697,2025-05-13,Lekki Phase 1,Self-contain,1,1,24.0,0,0,0,2003.0,1.13,500000
R00073,2025-05-13,Ikoyi,Flat,3,3,144.0,1,0,2,2003.0,0.21,6800000
R01091,2025-05-13,Ikeja,Flat,2,3,70.0,0,0,1,,1.32,700000
R00149,2025-05-14,Ikoyi,Self-contain,1,2,27.0,1,0,0,2024.0,0.57,950000
R00011,2025-05-14,Ikeja GRA,Mini flat,1,2,48.0,0,0,3,2015.0,2.23,850000
R00145,2025-05-14,Surulere,Self-contain,1,1,28.0,0,0,1,1992.0,0.47,250000
R02409,2025-05-14,Ikeja,Self-contain,1,1,30.0,0,1,0,2005.0,0.69,300000
R00174,2025-05-14,Ikeja,Mini flat,1,2,50.0,0,0,3,2000.0,0.67,450000
R00661,2025-05-14,Victoria Island,Flat,2,2,89.0,1,0,3,2006.0,0.54,3450000
R00405,2025-05-14,Ikeja,Flat,2,2,88.0,0,0,1,2019.0,0.12,1250000
R01285,2025-05-14,Yaba,Flat,3,2,151.0,0,0,2,2006.0,0.44,1200000
R00808,2025-05-14,Ikorodu,Flat,2,3,95.0,0,0,1,2023.0,0.59,450000
R01787,2025-05-15,Ikeja,Detached duplex,6,6,280.0,0,0,1,1988.0,0.05,2800000
R00962,2025-05-15,Ikeja GRA,Detached duplex,6,7,,0,0,0,2009.0,2.15,6600000
R01409,2025-05-15,Victoria Island,Terrace duplex,3,4,129.0,0,0,3,1985.0,1.23,4100000
R00461,2025-05-15,Ajah,Flat,2,1,87.0,0,0,1,2005.0,1.34,500000
R00122,2025-05-16,Lekki (Chevron-Ajah),Flat,2,2,69.0,0,0,0,2014.0,0.08,750000
R01610,2025-05-16,Ajah,Mini flat,1,1,55.0,0,0,1,2014.0,1.46,450000
R01527,2025-05-16,Ajah,Mini flat,1,1,54.0,0,0,0,2019.0,0.6,450000
R00458,2025-05-16,Ikeja GRA,Flat,3,4,143.0,0,0,1,1998.0,2.14,2350000
R01143,2025-05-16,Ikeja GRA,Mini flat,1,1,,1,0,1,1988.0,1.14,900000
R01818,2025-05-16,Ikeja GRA,Mini flat,1,1,44.0,0,0,1,2000.0,0.86,950000
R00914,2025-05-16,Ikeja,Mini flat,1,2,38.0,0,0,1,1985.0,0.34,250000
R01193,2025-05-16,Ajah,Mini flat,1,2,63.0,0,1,1,2010.0,0.41,450000
R00396,2025-05-17,Ajah,Flat,3,3,106.0,0,0,3,1990.0,1.19,800000
R01386,2025-05-17,Lekki (Chevron-Ajah),Flat,3,4,108.0,0,0,3,1988.0,1.02,1000000
R02022,2025-05-17,Lekki (Chevron-Ajah),Flat,3,2,107.0,0,0,2,1988.0,0.13,1250000
R01635,2025-05-17,Surulere,Detached duplex,5,4,249.0,0,0,2,2015.0,0.74,3400000
R02132,2025-05-17,Ikoyi,Terrace duplex,3,2,109.0,1,0,1,2020.0,0.55,4500000
R00074,2025-05-17,Yaba,Self-contain,1,1,34.0,0,0,0,2014.0,0.52,300000
R02455,2025-05-17,Yaba,Flat,3,4,121.0,0,0,3,1999.0,0.23,1600000
R01472,2025-05-17,Ajah,Detached duplex,4,5,239.0,0,0,0,2015.0,0.08,1900000
R01886,2025-05-18,Surulere,Terrace duplex,4,3,145.0,0,0,1,,1.97,1600000
R00385,2025-05-18,Yaba,Detached duplex,4,4,261.0,0,0,1,1991.0,0.24,3250000
R02388,2025-05-18,Ikoyi,Terrace duplex,4,5,133.0,1,0,1,1994.0,0.31,5100000
R02467,2025-05-18,Lekki Phase 1,Terrace duplex,3,2,143.0,1,0,1,2011.0,2.06,3850000
R02158,2025-05-18,Ikeja,Self-contain,1,1,31.0,0,0,0,2005.0,0.82,400000
R00075,2025-05-18,Ikoyi,Flat,2,1,97.0,1,0,2,2007.0,1.41,3400000
R00847,2025-05-18,Lekki (Chevron-Ajah),Mini flat,1,1,40.0,0,0,0,2013.0,0.26,400000
R00395,2025-05-18,Lekki Phase 1,Self-contain,1,1,37.0,1,1,1,2004.0,1.17,1250000
R01966,2025-05-18,Lekki (Chevron-Ajah),Self-contain,1,1,26.0,0,1,1,2017.0,0.07,400000
R01019,2025-05-19,Surulere,Terrace duplex,4,3,,1,0,0,1992.0,0.23,2100000
R00152,2025-05-19,Ikorodu,Flat,3,3,117.0,0,1,0,2022.0,0.8,650000
R00906,2025-05-19,Ajah,Detached duplex,4,5,216.0,0,1,2,1995.0,0.94,2300000
R00721,2025-05-19,Lekki Phase 1,Mini flat,1,1,52.0,0,0,3,1989.0,0.93,1250000
R00728,2025-05-19,Lekki (Chevron-Ajah),Flat,2,2,74.0,0,0,3,2024.0,0.44,1200000
R02001,2025-05-19,Gbagada,Flat,2,1,86.0,0,0,3,2007.0,0.59,900000
R01944,2025-05-19,Ikorodu,Mini flat,1,1,56.0,0,0,2,2007.0,0.47,200000
R01566,2025-05-19,Ikeja,Flat,2,1,94.0,0,0,0,2022.0,0.76,950000
R00423,2025-05-19,Lekki (Chevron-Ajah),Terrace duplex,4,3,,1,0,2,1990.0,1.18,2750000
R02237,2025-05-20,Ikeja GRA,Self-contain,1,1,30.0,0,1,0,2006.0,0.65,500000
R00699,2025-05-20,Ikoyi,Mini flat,1,2,49.0,1,0,2,2021.0,1.84,1600000
R00100,2025-05-20,Lekki (Chevron-Ajah),Flat,3,3,128.0,0,0,0,1986.0,0.89,1400000
R01180,2025-05-20,Gbagada,Mini flat,1,1,47.0,0,0,0,2015.0,2.03,400000
R01244,2025-05-20,Egbeda,Detached duplex,4,3,216.0,0,0,3,2004.0,1.7,1650000
R02391,2025-05-20,Yaba,Mini flat,1,1,48.0,0,1,3,2009.0,0.72,700000
R01384,2025-05-20,Ikeja,Flat,2,3,99.0,1,0,3,2003.0,0.97,1950000
R01625,2025-05-20,Ajah,Flat,3,4,141.0,0,0,1,1989.0,0.3,650000
R02159,2025-05-20,Surulere,Self-contain,1,2,26.0,0,0,0,1995.0,0.39,200000
R01076,2025-05-21,Victoria Island,Mini flat,1,2,33.0,1,1,2,2024.0,1.34,1700000
R01134,2025-05-21,Yaba,Flat,2,2,107.0,0,0,2,1992.0,1.36,1050000
R02392,2025-05-21,Ajah,Flat,3,2,150.0,0,0,2,2009.0,1.12,1100000
R02254,2025-05-21,Ajah,Self-contain,1,2,25.0,0,1,0,2011.0,2.29,150000
R00961,2025-05-21,Yaba,Flat,2,1,56.0,1,1,2,2017.0,1.02,750000
R00741,2025-05-21,Lekki (Chevron-Ajah),Mini flat,1,1,54.0,0,1,3,2007.0,0.37,650000
R00651,2025-05-21,Lekki (Chevron-Ajah),Detached duplex,4,3,223.0,0,0,2,1991.0,1.77,3450000
R02353,2025-05-21,Surulere,Flat,2,2,80.0,0,0,0,1988.0,0.53,800000
R00967,2025-05-21,Lekki (Chevron-Ajah),Mini flat,1,1,,0,0,0,2008.0,1.4,500000
R01005,2025-05-21,Ajah,Mini flat,1,1,35.0,1,0,3,2015.0,0.05,400000
R02269,2025-05-21,Yaba,Self-contain,1,1,31.0,0,0,0,2022.0,1.23,250000
R01046,2025-05-21,Gbagada,Flat,3,4,132.0,0,0,0,2001.0,0.28,1600000
R01964,2025-05-21,Egbeda,Self-contain,1,1,30.0,0,0,0,1999.0,0.59,150000
R02329,2025-05-22,Egbeda,Flat,2,2,106.0,0,0,0,2021.0,0.7,600000
R00167,2025-05-22,Ajah,Self-contain,1,1,30.0,1,0,0,1985.0,0.68,250000
R00471,2025-05-22,Victoria Island,Flat,3,4,135.0,1,1,1,2006.0,0.12,3600000
R00103,2025-05-22,Ikorodu,Mini flat,1,1,48.0,0,0,3,1999.0,1.62,250000
R01988,2025-05-22,Egbeda,Flat,3,2,141.0,1,0,1,2011.0,0.93,850000
R02435,2025-05-22,Surulere,Flat,2,2,85.0,1,0,3,2011.0,0.17,1450000
R02383,2025-05-22,Ajah,Flat,2,3,101.0,0,0,1,,4.53,650000
R01201,2025-05-22,Lekki (Chevron-Ajah),Flat,2,1,,0,0,2,1999.0,1.69,1400000
R02306,2025-05-22,Ikeja GRA,Self-contain,1,1,29.0,0,0,0,2005.0,0.25,450000
R00833,2025-05-22,Surulere,Flat,2,1,,0,0,0,2004.0,0.14,750000
R02295,2025-05-23,Gbagada,Mini flat,1,2,49.0,1,0,1,2007.0,0.81,800000
R01249,2025-05-23,Ajah,Flat,3,3,119.0,0,0,1,1999.0,0.56,950000
R01108,2025-05-23,Ikorodu,Self-contain,1,2,29.0,0,0,0,1991.0,0.97,100000
R00717,2025-05-23,Ikoyi,Flat,2,3,80.0,0,0,0,2010.0,0.37,2500000
R01996,2025-05-23,Lekki Phase 1,Mini flat,1,1,39.0,0,0,1,1987.0,0.24,1050000
R00845,2025-05-23,Ikoyi,Mini flat,1,1,44.0,0,1,0,,2.17,950000
R01317,2025-05-23,Ikorodu,Mini flat,1,2,47.0,1,0,3,2024.0,1.22,350000
R01903,2025-05-23,Ikeja GRA,Self-contain,1,1,30.0,0,0,1,2015.0,0.75,650000
R01373,2025-05-23,Ikeja,Flat,2,2,45.0,0,0,1,2011.0,0.37,600000
R01486,2025-05-23,Lekki Phase 1,Terrace duplex,4,3,175.0,0,1,2,1992.0,0.36,3300000
R00620,2025-05-23,Gbagada,Detached duplex,6,6,309.0,0,0,0,1986.0,0.62,3650000
R02216,2025-05-24,Ikeja,Terrace duplex,3,3,117.0,0,1,1,2012.0,0.45,1400000
R00679,2025-05-24,Lekki (Chevron-Ajah),Terrace duplex,3,4,104.0,0,0,1,1989.0,0.32,1500000
R01209,2025-05-24,Lekki (Chevron-Ajah),Terrace duplex,3,4,156.0,0,0,1,2001.0,0.75,2400000
R00403,2025-05-24,Lekki Phase 1,Mini flat,1,1,41.0,1,0,0,,0.49,1100000
R00004,2025-05-24,Ikeja GRA,Mini flat,1,2,46.0,0,0,0,2019.0,0.51,800000
R00361,2025-05-24,Lekki Phase 1,Mini flat,1,1,39.0,1,0,2,2006.0,0.15,1300000
R02133,2025-05-24,Ikeja GRA,Detached duplex,4,5,204.0,0,0,2,2006.0,1.24,3200000
R00341,2025-05-24,Gbagada,Flat,3,4,152.0,1,0,1,2010.0,1.51,1900000
R00212,2025-05-25,Yaba,Flat,2,3,119.0,1,0,3,2017.0,0.52,2450000
R00231,2025-05-25,Ikorodu,Flat,2,3,88.0,0,1,1,1990.0,1.05,450000
R00924,2025-05-25,Yaba,Self-contain,1,2,33.0,0,0,0,2017.0,0.11,350000
R00592,2025-05-26,Egbeda,Mini flat,1,1,46.0,1,1,2,1993.0,0.05,300000
R01314,2025-05-26,Surulere,Self-contain,1,2,33.0,1,0,0,1990.0,0.61,300000
R00294,2025-05-26,Victoria Island,Terrace duplex,4,4,138.0,0,0,1,1995.0,1.01,3150000
R01357,2025-05-26,Lekki (Chevron-Ajah),Terrace duplex,3,2,130.0,0,0,1,2015.0,1.1,1800000
R02214,2025-05-26,Lekki (Chevron-Ajah),Terrace duplex,4,3,160.0,0,0,1,2005.0,0.13,1900000
R01591,2025-05-26,Lekki Phase 1,Mini flat,1,1,32.0,0,0,1,1988.0,0.46,550000
R00217,2025-05-26,Ajah,Self-contain,1,1,29.0,0,1,1,,0.82,250000
R01568,2025-05-26,Ikorodu,Detached duplex,4,4,225.0,0,0,1,2000.0,0.15,1150000
R01187,2025-05-26,Ikorodu,Terrace duplex,3,4,149.0,1,0,1,1991.0,1.29,850000
R01243,2025-05-26,Ikeja GRA,Flat,3,4,117.0,0,0,1,2013.0,0.46,2100000
R00182,2025-05-27,Lekki Phase 1,Detached duplex,4,4,209.0,1,0,1,2005.0,0.48,6300000
R02482,2025-05-27,Ikeja,Flat,3,4,131.0,0,1,0,1990.0,1.52,1550000
R00977,2025-05-27,Ikeja GRA,Flat,2,1,98.0,0,0,2,1991.0,1.17,1750000
R01873,2025-05-27,Yaba,Self-contain,1,1,26.0,0,0,1,1993.0,0.24,200000
R00240,2025-05-27,Ajah,Flat,3,2,141.0,0,0,2,2022.0,0.75,950000
R01894,2025-05-27,Ikeja,Flat,2,2,102.0,0,0,1,1991.0,0.97,950000
R00748,2025-05-27,Lekki (Chevron-Ajah),Flat,3,4,143.0,0,0,2,1992.0,0.96,1900000
R01051,2025-05-27,Gbagada,Self-contain,1,2,26.0,0,0,0,1988.0,0.38,250000
R01138,2025-05-27,Ikeja GRA,Terrace duplex,4,4,162.0,0,1,0,2023.0,0.34,2600000
R01393,2025-05-27,Lekki Phase 1,Terrace duplex,4,5,158.0,1,0,1,2016.0,0.26,5800000
R01204,2025-05-27,Lekki (Chevron-Ajah),Flat,2,1,77.0,0,0,2,1994.0,0.13,700000
R01366,2025-05-28,Surulere,Flat,3,2,129.0,0,0,2,1999.0,1.08,600000
R00619,2025-05-28,Ajah,Detached duplex,4,4,217.0,0,1,1,2012.0,1.58,1700000
R00414,2025-05-28,Ikeja,Mini flat,1,1,43.0,0,0,0,2001.0,0.34,300000
R00564,2025-05-28,Lekki (Chevron-Ajah),Flat,3,4,,0,0,2,2019.0,0.55,1950000
R01279,2025-05-28,Yaba,Self-contain,1,1,31.0,0,1,0,2016.0,0.48,350000
R01233,2025-05-28,Lekki Phase 1,Detached duplex,6,7,328.0,1,0,0,2008.0,2.96,6450000
R01347,2025-05-28,Gbagada,Mini flat,1,1,39.0,0,1,0,1997.0,0.17,450000
R00548,2025-05-28,Ikeja GRA,Flat,3,4,166.0,0,0,1,2006.0,0.93,2950000
R02193,2025-05-28,Surulere,Self-contain,1,1,26.0,0,0,0,2017.0,1.15,300000
R02255,2025-05-29,Lekki Phase 1,Terrace duplex,3,3,148.0,0,0,1,2023.0,0.68,3500000
R00989,2025-05-29,Ajah,Flat,3,2,129.0,0,0,2,2010.0,1.98,850000
R00713,2025-05-29,Yaba,Terrace duplex,4,3,203.0,0,0,0,2005.0,0.69,1500000
R02212,2025-05-29,Victoria Island,Flat,3,4,123.0,1,0,1,1991.0,0.99,3550000
R02310,2025-05-29,Victoria Island,Terrace duplex,4,4,180.0,0,0,1,1992.0,1.47,4100000
R00973,2025-05-29,Ikeja,Flat,3,3,119.0,0,0,1,1986.0,0.58,1250000
R00683,2025-05-29,Lekki (Chevron-Ajah),Mini flat,1,2,38.0,1,0,2,1999.0,0.05,600000
R00585,2025-05-30,Ikeja GRA,Self-contain,1,1,24.0,0,0,0,2007.0,0.34,450000
R00221,2025-05-30,Ajah,Self-contain,1,1,26.0,0,0,0,1986.0,1.28,150000
R01371,2025-05-30,Lekki (Chevron-Ajah),Terrace duplex,4,4,161.0,0,1,1,2005.0,2.01,2650000
R00821,2025-05-30,Ikeja GRA,Mini flat,1,1,44.0,0,0,1,1998.0,1.26,650000
R00271,2025-05-30,Ikeja GRA,Detached duplex,4,4,228.0,0,0,2,2009.0,1.49,3650000
R01760,2025-05-30,Yaba,Detached duplex,5,5,274.0,0,0,2,1990.0,0.44,3200000
R00142,2025-05-30,Gbagada,Flat,3,3,163.0,0,0,1,2017.0,0.95,1600000
R02143,2025-05-30,Surulere,Flat,2,2,95.0,1,1,2,2023.0,1.53,1800000
R01885,2025-05-30,Yaba,Flat,2,3,114.0,0,0,2,2015.0,1.63,1200000
R01753,2025-05-30,Lekki (Chevron-Ajah),Terrace duplex,3,4,107.0,0,0,2,2017.0,0.39,1350000
R02314,2025-05-31,Ajah,Terrace duplex,3,4,,0,0,0,2006.0,1.29,1000000
R00692,2025-05-31,Lekki Phase 1,Flat,3,2,137.0,0,0,3,2019.0,1.57,2150000
R02343,2025-05-31,Lekki (Chevron-Ajah),Flat,2,3,99.0,0,0,2,2013.0,0.56,1150000
R01995,2025-05-31,Ikeja,Self-contain,1,1,37.0,0,0,1,2008.0,1.46,300000
R02312,2025-05-31,Lekki Phase 1,Detached duplex,6,7,334.0,1,0,1,2004.0,0.29,10000000
R00347,2025-05-31,Lekki (Chevron-Ajah),Self-contain,1,1,23.0,1,0,0,2021.0,2.0,300000
R01570,2025-06-01,Lekki (Chevron-Ajah),Flat,3,3,137.0,0,0,1,1997.0,1.35,1700000
R01612,2025-06-01,Surulere,Flat,2,2,99.0,0,0,1,2023.0,2.18,950000
R00061,2025-06-01,Ikeja,Flat,2,2,84.0,1,0,1,,1.42,950000
R02431,2025-06-01,Yaba,Flat,2,2,74.0,0,0,2,2017.0,0.33,700000
R01900,2025-06-01,Ajah,Mini flat,1,1,48.0,0,0,1,,1.35,250000
R01813,2025-06-01,Lekki (Chevron-Ajah),Mini flat,1,1,50.0,0,0,1,1994.0,0.35,600000
R01529,2025-06-01,Gbagada,Mini flat,1,1,52.0,0,0,1,2009.0,0.84,550000
R00861,2025-06-01,Lekki (Chevron-Ajah),Terrace duplex,3,3,107.0,0,0,1,1997.0,0.45,1050000
R01613,2025-06-01,Surulere,Detached duplex,4,3,213.0,0,0,1,2021.0,0.33,2300000
R01442,2025-06-01,Lekki Phase 1,Flat,3,2,120.0,0,0,0,2008.0,0.83,2450000
R01647,2025-06-02,Egbeda,Flat,2,2,94.0,0,0,2,2015.0,2.44,400000
R01868,2025-06-02,Lekki Phase 1,Flat,2,1,,1,0,2,1990.0,0.62,2700000
R02440,2025-06-02,Ikoyi,Flat,2,2,99.0,1,1,3,,0.21,3350000
R00317,2025-06-02,Surulere,Detached duplex,5,5,,0,0,3,1998.0,0.46,3100000
R02393,2025-06-02,Egbeda,Terrace duplex,3,2,162.0,0,1,3,2022.0,0.63,1250000
R01030,2025-06-02,Victoria Island,Terrace duplex,3,3,108.0,0,0,3,2024.0,0.3,2900000
R00531,2025-06-02,Ajah,Flat,2,2,91.0,0,0,1,1989.0,0.37,450000
R00351,2025-06-02,Ikoyi,Flat,3,3,,1,0,2,1988.0,0.31,5050000
R01629,2025-06-03,Ikeja GRA,Flat,2,2,104.0,1,0,2,2012.0,0.76,2200000
R00136,2025-06-03,Gbagada,Self-contain,1,1,40.0,0,0,0,2003.0,1.24,500000
R02430,2025-06-03,Lekki Phase 1,Detached duplex,5,5,,0,0,1,1996.0,0.67,5100000
R01468,2025-06-03,Ajah,Self-contain,1,2,34.0,1,0,1,2013.0,0.82,300000
R00184,2025-06-03,Yaba,Terrace duplex,4,5,168.0,0,0,1,1992.0,1.94,1450000
R01116,2025-06-03,Surulere,Self-contain,1,1,16.0,0,0,0,2011.0,0.37,100000
R02472,2025-06-03,Ikorodu,Flat,3,3,119.0,0,0,2,2005.0,1.38,550000
R02145,2025-06-03,Ikorodu,Self-contain,1,1,37.0,0,0,0,2014.0,0.7,150000
R01345,2025-06-03,Lekki Phase 1,Detached duplex,5,5,273.0,1,0,1,2020.0,2.62,6900000
R00080,2025-06-04,Gbagada,Self-contain,1,1,30.0,1,0,1,1993.0,0.12,450000
R00501,2025-06-04,Ikeja,Mini flat,1,1,47.0,0,1,1,2009.0,1.53,500000
R00289,2025-06-04,Ajah,Flat,3,3,108.0,0,0,1,,0.81,1100000
R01838,2025-06-04,Surulere,Terrace duplex,3,4,117.0,1,0,0,2023.0,1.11,1550000
R02152,2025-06-04,Lekki Phase 1,Flat,3,4,112.0,0,0,2,2004.0,0.13,2100000
R02148,2025-06-04,Lekki (Chevron-Ajah),Terrace duplex,3,3,147.0,1,0,3,1987.0,0.77,2350000
R00829,2025-06-04,Ikoyi,Self-contain,1,2,26.0,1,0,0,1990.0,0.97,850000
R01750,2025-06-04,Surulere,Self-contain,1,1,33.0,0,0,0,1993.0,0.93,250000
R00485,2025-06-05,Ikeja,Mini flat,1,1,,0,0,1,2004.0,0.67,400000
R01404,2025-06-05,Lekki (Chevron-Ajah),Detached duplex,4,4,246.0,0,1,1,2023.0,0.36,3300000
R01860,2025-06-05,Surulere,Flat,3,3,99.0,0,0,1,2005.0,0.89,1000000
R01144,2025-06-05,Surulere,Self-contain,1,1,31.0,0,1,1,1995.0,1.63,250000
R00869,2025-06-05,Egbeda,Mini flat,1,1,44.0,0,0,1,2004.0,1.28,200000
R00511,2025-06-05,Surulere,Self-contain,1,1,30.0,0,0,0,1994.0,0.31,250000
R01560,2025-06-05,Gbagada,Mini flat,1,1,43.0,0,0,2,1988.0,0.56,450000
R02463,2025-06-05,Gbagada,Detached duplex,5,5,250.0,1,0,2,2021.0,1.84,3400000
R01315,2025-06-05,Lekki (Chevron-Ajah),Mini flat,1,1,48.0,0,0,1,1999.0,0.36,600000
R02395,2025-06-05,Lekki Phase 1,Detached duplex,5,4,258.0,1,0,2,2013.0,1.81,7200000
R01824,2025-06-05,Ikoyi,Self-contain,1,1,32.0,1,0,1,2015.0,0.3,1650000
R01157,2025-06-05,Surulere,Mini flat,1,1,50.0,0,0,1,2002.0,0.99,350000
R00696,2025-06-05,Victoria Island,Mini flat,1,1,49.0,0,0,1,2013.0,0.32,1300000
R02045,2025-06-05,Ajah,Flat,3,4,106.0,0,0,1,2015.0,0.49,550000
R00840,2025-06-05,Lekki Phase 1,Flat,2,1,100.0,1,0,2,2006.0,0.77,3900000
R01049,2025-06-06,Ikeja,Flat,2,1,94.0,1,0,2,2012.0,0.59,1050000
R00411,2025-06-06,Lekki (Chevron-Ajah),Flat,3,4,121.0,0,0,3,2023.0,1.03,1600000
R01432,2025-06-06,Ikeja GRA,Flat,2,2,,1,0,1,2021.0,0.45,2100000
R01850,2025-06-06,Victoria Island,Terrace duplex,4,5,142.0,0,0,1,,0.68,3550000
R00282,2025-06-06,Ikeja GRA,Self-contain,1,1,29.0,0,0,0,2004.0,0.48,400000
R01912,2025-06-06,Surulere,Flat,3,4,131.0,0,0,2,1996.0,0.97,1400000
R00109,2025-06-06,Yaba,Detached duplex,4,4,264.0,0,0,1,1998.0,1.27,1950000
R00017,2025-06-06,Ajah,Flat,2,3,72.0,0,0,3,1994.0,0.05,450000
R00710,2025-06-06,Egbeda,Terrace duplex,4,4,136.0,0,0,1,2000.0,0.94,850000
R02271,2025-06-06,Gbagada,Terrace duplex,3,3,129.0,0,0,0,1986.0,0.94,1350000
R00237,2025-06-07,Ikoyi,Flat,3,3,137.0,0,0,3,1987.0,2.46,4750000
R02308,2025-06-07,Gbagada,Detached duplex,4,4,269.0,1,0,2,2006.0,1.35,3100000
R00646,2025-06-07,Gbagada,Detached duplex,4,3,243.0,0,0,1,2011.0,2.53,2150000
R01383,2025-06-07,Ikeja,Mini flat,1,1,52.0,0,0,2,1985.0,0.67,450000
R00036,2025-06-07,Ikeja,Self-contain,1,1,29.0,0,0,0,1990.0,0.87,250000
R02141,2025-06-07,Lekki (Chevron-Ajah),Flat,2,2,63.0,0,0,1,2017.0,0.46,600000
R00055,2025-06-08,Lekki Phase 1,Detached duplex,5,4,255.0,1,0,2,1994.0,1.9,5950000
R02098,2025-06-08,Ikoyi,Self-contain,1,2,29.0,0,0,0,1996.0,0.3,900000
R00767,2025-06-08,Surulere,Self-contain,1,1,21.0,0,0,0,2022.0,0.68,200000
R00671,2025-06-08,Ajah,Flat,3,3,149.0,0,0,2,2013.0,0.97,1150000
R00803,2025-06-08,Gbagada,Mini flat,1,1,48.0,0,0,1,1986.0,1.16,500000
R01955,2025-06-08,Yaba,Terrace duplex,3,4,138.0,0,1,1,2009.0,0.18,1750000
R01858,2025-06-08,Yaba,Flat,2,3,102.0,0,0,1,2004.0,1.46,1250000
R00678,2025-06-08,Lekki Phase 1,Flat,2,3,103.0,1,0,2,2001.0,0.75,3300000
R02076,2025-06-08,Surulere,Self-contain,1,2,27.0,0,0,1,1992.0,1.34,250000
R00567,2025-06-08,Ikorodu,Flat,3,3,129.0,0,0,2,2010.0,0.31,700000
R02043,2025-06-08,Surulere,Flat,2,1,89.0,1,0,2,2016.0,0.28,1200000
R00801,2025-06-09,Ajah,Flat,3,3,110.0,0,1,2,2008.0,2.64,1050000
R01656,2025-06-09,Ajah,Flat,2,3,85.0,0,0,3,1998.0,1.14,700000
R00581,2025-06-09,Egbeda,Flat,2,3,75.0,0,1,1,1986.0,0.33,600000
R00429,2025-06-09,Gbagada,Mini flat,1,2,42.0,1,1,1,2021.0,0.41,900000
R01956,2025-06-09,Lekki Phase 1,Flat,2,1,116.0,1,0,1,1991.0,0.96,3750000
R01146,2025-06-09,Lekki (Chevron-Ajah),Self-contain,1,1,24.0,0,0,1,1996.0,0.32,300000
R00426,2025-06-09,Egbeda,Self-contain,1,1,36.0,0,0,0,1994.0,1.51,250000
R00098,2025-06-09,Ikorodu,Mini flat,1,1,59.0,0,0,2,1991.0,0.19,200000
R01473,2025-06-09,Ikeja,Flat,2,2,118.0,0,1,1,2012.0,0.84,2150000
R00665,2025-06-09,Lekki Phase 1,Self-contain,1,2,41.0,0,0,0,1997.0,0.97,850000
R00772,2025-06-09,Ikeja,Self-contain,1,1,29.0,1,0,1,1998.0,0.34,350000
R01993,2025-06-10,Lekki (Chevron-Ajah),Flat,2,3,99.0,0,0,3,1985.0,1.79,1050000
R02461,2025-06-10,Ajah,Flat,3,4,115.0,0,0,0,2004.0,1.59,950000
R01981,2025-06-10,Lekki (Chevron-Ajah),Mini flat,1,2,43.0,0,0,2,2000.0,1.7,500000
R01993,2025-06-10,Lekki (Chevron-Ajah),Flat,2,3,99.0,0,0,3,1985.0,1.79,1050000
R00277,2025-06-10,Ikeja,Detached duplex,5,5,254.0,0,0,0,1985.0,1.13,1950000
R01506,2025-06-10,Victoria Island,Mini flat,1,2,49.0,0,0,1,2008.0,0.62,1200000
R02348,2025-06-10,Lekki (Chevron-Ajah),Self-contain,1,1,36.0,0,0,1,1992.0,1.0,500000
R02447,2025-06-10,Egbeda,Terrace duplex,3,3,,1,0,2,1998.0,0.05,850000
R00021,2025-06-11,Lekki (Chevron-Ajah),Mini flat,1,1,35.0,0,0,1,2021.0,0.89,500000
R01387,2025-06-11,Ajah,Flat,3,4,114.0,1,1,1,2014.0,0.49,1050000
R00742,2025-06-11,Ikeja,Mini flat,1,2,50.0,0,0,2,1999.0,2.45,350000
R01388,2025-06-11,Yaba,Terrace duplex,3,3,159.0,0,1,2,1988.0,0.56,1850000
R02185,2025-06-11,Ikorodu,Flat,2,2,100.0,0,0,0,1986.0,2.23,350000
R00504,2025-06-11,Yaba,Flat,3,2,98.0,0,0,3,2020.0,0.38,1000000
R02138,2025-06-11,Ikorodu,Flat,2,2,89.0,0,0,1,2014.0,0.95,350000
R00408,2025-06-11,Victoria Island,Flat,3,3,150.0,1,0,1,2011.0,0.68,5950000
R00897,2025-06-11,Ikeja,Flat,3,2,142.0,0,0,2,2004.0,0.24,1850000
R00460,2025-06-11,Ajah,Flat,2,2,121.0,1,0,3,1994.0,0.53,1100000
R02355,2025-06-12,Ikeja GRA,Flat,2,2,84.0,0,0,0,2014.0,1.21,1200000
R00574,2025-06-12,Lekki Phase 1,Detached duplex,4,4,257.0,0,0,1,2016.0,0.42,5800000
R01748,2025-06-12,Surulere,Detached duplex,4,5,232.0,1,0,0,1987.0,1.36,2200000
R01069,2025-06-12,Lekki (Chevron-Ajah),Flat,2,2,116.0,0,0,1,2013.0,0.7,1650000
R02442,2025-06-12,Gbagada,Terrace duplex,3,3,143.0,0,0,2,2018.0,0.16,1400000
R01519,2025-06-12,Ikorodu,Terrace duplex,3,3,93.0,0,1,2,2004.0,0.17,700000
R00251,2025-06-12,Yaba,Detached duplex,5,6,281.0,0,0,1,1992.0,0.93,3050000
R01575,2025-06-12,Lekki (Chevron-Ajah),Self-contain,1,1,27.0,0,0,0,2012.0,0.05,450000
R00825,2025-06-12,Ikeja,Detached duplex,4,4,240.0,0,0,1,1998.0,0.25,2500000
R00362,2025-06-12,Ikeja GRA,Detached duplex,4,4,218.0,0,0,1,2000.0,3.88,2700000
R01007,2025-06-12,Egbeda,Self-contain,1,2,26.0,0,0,0,1988.0,0.09,100000
R02332,2025-06-12,Lekki Phase 1,Terrace duplex,4,4,169.0,1,0,2,2010.0,0.6,4200000
R00133,2025-06-12,Ikeja GRA,Flat,2,1,99.0,0,1,1,2006.0,0.76,2450000
R02077,2025-06-13,Ikeja,Flat,3,3,112.0,0,1,1,2017.0,2.43,1500000
R00305,2025-06-13,Lekki (Chevron-Ajah),Flat,3,3,144.0,1,0,3,2015.0,1.59,2300000
R01321,2025-06-13,Surulere,Flat,3,2,,0,0,2,2000.0,0.45,1150000
R02196,2025-06-13,Ikorodu,Flat,2,3,97.0,0,0,2,2012.0,1.14,550000
R02454,2025-06-13,Ikoyi,Mini flat,1,1,45.0,1,0,0,1995.0,0.3,1200000
R01278,2025-06-13,Lekki (Chevron-Ajah),Self-contain,1,1,34.0,0,0,1,,0.76,300000
R01272,2025-06-13,Ajah,Flat,2,2,72.0,0,0,0,2015.0,1.97,400000
R01644,2025-06-13,Surulere,Mini flat,1,2,55.0,0,0,1,1995.0,1.53,300000
R01919,2025-06-13,Yaba,Mini flat,1,2,54.0,1,0,1,1992.0,0.12,700000
R02434,2025-06-13,Ajah,Detached duplex,6,5,278.0,0,0,3,2023.0,0.32,2600000
R00156,2025-06-13,Gbagada,Flat,2,2,119.0,0,0,1,2018.0,1.23,1250000
R00638,2025-06-13,Ikorodu,Mini flat,1,1,50.0,0,0,1,2021.0,0.37,300000
R00288,2025-06-13,Yaba,Flat,2,2,94.0,0,0,1,1988.0,0.22,900000
R00995,2025-06-14,Ikeja,Flat,3,2,143.0,0,0,3,1988.0,2.77,1300000
R01177,2025-06-14,Ikoyi,Terrace duplex,4,4,165.0,1,1,2,2002.0,0.2,9350000
R02044,2025-06-14,Ikeja,Flat,3,4,133.0,0,0,1,1999.0,1.06,1100000
R00707,2025-06-14,Ikeja,Self-contain,1,2,35.0,0,1,1,2003.0,0.16,350000
R00312,2025-06-14,Ikeja,Flat,3,3,161.0,1,1,2,2006.0,0.56,2300000
R00572,2025-06-14,Lekki Phase 1,Flat,3,3,153.0,1,0,0,2009.0,2.22,3750000
R00593,2025-06-14,Lekki Phase 1,Flat,3,2,149.0,1,0,1,2009.0,2.67,3200000
R01324,2025-06-14,Lekki Phase 1,Flat,3,2,135.0,1,0,1,1991.0,1.61,3450000
R02292,2025-06-15,Ajah,Terrace duplex,3,3,146.0,0,0,0,2018.0,0.54,1000000
R01805,2025-06-15,Ajah,Flat,3,2,139.0,0,0,1,2022.0,0.71,1200000
R00542,2025-06-15,Ikorodu,Mini flat,1,1,42.0,0,0,0,2008.0,1.03,250000
R00957,2025-06-15,Lekki (Chevron-Ajah),Mini flat,1,1,48.0,0,1,2,1987.0,0.14,600000
R00198,2025-06-15,Ikeja,Flat,2,2,111.0,0,0,1,1991.0,0.32,1100000
R00469,2025-06-15,Lekki Phase 1,Mini flat,1,1,41.0,1,0,2,,1.36,950000
R01594,2025-06-15,Gbagada,Mini flat,1,2,45.0,0,0,1,2016.0,2.3,400000
R00737,2025-06-15,Surulere,Mini flat,1,1,35.0,0,0,3,1998.0,0.91,250000
R01185,2025-06-16,Ikoyi,Terrace duplex,3,3,136.0,1,0,2,2004.0,0.48,6300000
R01516,2025-06-16,Surulere,Mini flat,1,1,41.0,1,0,1,2010.0,0.69,550000
R02036,2025-06-16,Ikeja,Terrace duplex,4,4,170.0,0,0,1,2006.0,1.54,2300000
R01369,2025-06-16,Egbeda,Self-contain,1,1,21.0,0,0,1,1994.0,0.12,100000
R01471,2025-06-16,Victoria Island,Flat,2,3,90.0,0,1,1,2003.0,1.01,2800000
R00322,2025-06-16,Surulere,Terrace duplex,4,4,157.0,0,0,2,2024.0,0.64,1350000
R01595,2025-06-16,Ikeja GRA,Flat,3,3,,0,0,2,2015.0,0.63,2300000
R02110,2025-06-16,Victoria Island,Flat,3,3,135.0,1,0,1,2003.0,0.72,4700000
R02227,2025-06-16,Surulere,Terrace duplex,3,3,122.0,0,0,0,2013.0,0.76,800000
R01550,2025-06-16,Ajah,Terrace duplex,4,5,,0,0,0,2006.0,0.81,1250000
R01552,2025-06-16,Surulere,Detached duplex,5,5,272.0,0,0,1,2014.0,0.11,2800000
R00284,2025-06-16,Ikorodu,Flat,3,3,109.0,0,0,1,2004.0,0.2,350000
R01524,2025-06-17,Ikorodu,Flat,2,2,95.0,0,0,3,2004.0,0.33,650000
R01742,2025-06-17,Ikeja GRA,Flat,3,3,99.0,0,0,0,2010.0,0.63,1850000
R00817,2025-06-17,Ikoyi,Flat,3,3,148.0,0,0,2,1986.0,1.84,3850000
R00652,2025-06-17,Lekki (Chevron-Ajah),Flat,3,2,121.0,1,0,0,2007.0,1.03,1450000
R02418,2025-06-17,Surulere,Flat,2,2,50.0,0,0,3,1997.0,0.74,450000
R01778,2025-06-17,Ikeja,Detached duplex,4,4,244.0,0,0,1,2019.0,0.22,2450000
R00326,2025-06-17,Ajah,Flat,2,2,89.0,0,0,1,2023.0,2.23,700000
R00016,2025-06-17,Ikeja,Mini flat,1,1,48.0,0,0,1,1997.0,0.91,450000
R01590,2025-06-17,Egbeda,Mini flat,1,2,48.0,1,0,1,1996.0,1.31,250000
R02034,2025-06-17,Surulere,Flat,3,4,108.0,0,0,1,2010.0,0.18,1000000
R00785,2025-06-17,Gbagada,Mini flat,1,2,45.0,0,0,0,1986.0,0.12,350000
R01963,2025-06-17,Victoria Island,Mini flat,1,2,36.0,0,0,2,2008.0,0.73,1050000
R00213,2025-06-18,Victoria Island,Terrace duplex,3,2,125.0,0,0,3,2000.0,0.27,3000000
R01099,2025-06-18,Lekki (Chevron-Ajah),Flat,3,2,87.0,0,0,2,1997.0,0.68,1300000
R01358,2025-06-18,Ikeja,Self-contain,1,2,29.0,0,1,0,1999.0,2.37,300000
R02330,2025-06-18,Gbagada,Flat,2,3,88.0,0,0,2,1994.0,0.81,1000000
R02411,2025-06-18,Ajah,Detached duplex,5,5,277.0,0,0,1,2024.0,0.36,3100000
R01684,2025-06-18,Gbagada,Flat,2,1,95.0,0,0,2,2013.0,0.5,1000000
R02473,2025-06-18,Ikeja GRA,Mini flat,1,1,,0,0,2,2008.0,0.54,750000
R00432,2025-06-18,Lekki Phase 1,Terrace duplex,4,3,158.0,1,0,2,2019.0,0.16,3650000
R02244,2025-06-18,Lekki (Chevron-Ajah),Self-contain,1,1,28.0,0,1,1,2024.0,0.32,400000
R02479,2025-06-18,Lekki (Chevron-Ajah),Self-contain,1,1,15.0,0,0,1,,0.46,300000
R01514,2025-06-18,Ajah,Mini flat,1,2,40.0,0,0,3,2013.0,1.63,300000
R02300,2025-06-18,Gbagada,Flat,3,2,119.0,0,0,1,2003.0,1.45,1400000
R01015,2025-06-18,Ikoyi,Flat,2,1,,0,1,3,2014.0,1.56,2550000
R01234,2025-06-19,Gbagada,Flat,3,4,135.0,0,0,0,1986.0,1.31,1100000
R00033,2025-06-19,Ikeja GRA,Mini flat,1,1,59.0,1,0,2,1987.0,0.54,1450000
R01260,2025-06-19,Lekki Phase 1,Mini flat,1,1,41.0,1,0,3,2015.0,0.85,1150000
R01605,2025-06-19,Surulere,Self-contain,1,1,32.0,0,0,0,1989.0,1.58,300000
R00462,2025-06-19,Lekki Phase 1,Self-contain,1,2,37.0,1,0,0,2015.0,0.2,1200000
R01798,2025-06-19,Lekki Phase 1,Flat,2,2,67.0,0,0,3,2017.0,1.22,1650000
R02052,2025-06-19,Ajah,Flat,3,2,153.0,0,0,3,1989.0,2.56,700000
R00490,2025-06-19,Yaba,Detached duplex,6,6,273.0,0,0,3,2009.0,1.48,2500000
R02270,2025-06-19,Gbagada,Flat,2,3,79.0,0,0,0,2022.0,0.82,850000
R01738,2025-06-20,Ikeja GRA,Terrace duplex,3,2,121.0,0,0,1,1993.0,0.52,2400000
R01729,2025-06-20,Victoria Island,Terrace duplex,3,3,126.0,1,1,1,1991.0,1.09,5300000
R01186,2025-06-20,Lekki (Chevron-Ajah),Terrace duplex,3,3,128.0,0,1,2,2006.0,0.65,1550000
R02100,2025-06-20,Egbeda,Mini flat,1,1,37.0,0,0,2,2014.0,0.75,200000
R00107,2025-06-20,Ikeja,Flat,3,2,,0,0,3,2011.0,0.07,1900000
R00295,2025-06-20,Gbagada,Mini flat,1,1,42.0,0,1,0,1993.0,0.68,350000
R00968,2025-06-21,Ikeja GRA,Terrace duplex,3,3,132.0,0,0,3,2003.0,0.43,2350000
R01874,2025-06-21,Lekki Phase 1,Mini flat,1,1,,0,1,2,1998.0,1.74,650000
R01010,2025-06-21,Lekki Phase 1,Flat,3,3,142.0,1,0,3,1987.0,0.5,3350000
R00143,2025-06-21,Surulere,Detached duplex,4,3,179.0,0,0,2,1990.0,0.07,1350000
R01708,2025-06-21,Ikeja,Mini flat,1,2,47.0,0,0,1,2007.0,0.73,400000
R01879,2025-06-21,Ajah,Mini flat,1,1,46.0,0,0,2,1996.0,0.85,300000
R01435,2025-06-21,Lekki (Chevron-Ajah),Flat,3,4,121.0,0,0,2,1996.0,0.32,1200000
R00842,2025-06-21,Ikeja,Detached duplex,4,3,217.0,0,0,1,1985.0,1.15,2300000
R01652,2025-06-21,Lekki Phase 1,Flat,2,1,106.0,0,0,1,2024.0,0.73,2800000
R01047,2025-06-22,Lekki (Chevron-Ajah),Flat,2,2,84.0,0,1,1,1999.0,0.27,1150000
R00885,2025-06-22,Ikoyi,Mini flat,1,1,45.0,1,0,1,1991.0,1.52,2100000
R00573,2025-06-22,Lekki (Chevron-Ajah),Terrace duplex,4,5,159.0,0,0,3,1990.0,0.51,2150000
R01334,2025-06-22,Gbagada,Flat,3,3,112.0,0,0,3,2000.0,0.65,1350000
R00885,2025-06-22,Ikoyi,Mini flat,1,1,45.0,1,0,1,1991.0,1.52,2100000
R00551,2025-06-22,Surulere,Flat,2,2,73.0,0,0,1,1999.0,1.2,750000
R00852,2025-06-22,Yaba,Flat,3,3,163.0,0,1,1,2020.0,0.21,1650000
R00266,2025-06-22,Lekki (Chevron-Ajah),Self-contain,1,1,35.0,0,0,1,2018.0,0.12,350000
R02062,2025-06-22,Lekki Phase 1,Terrace duplex,3,2,,0,0,2,1998.0,0.97,2650000
R00176,2025-06-23,Surulere,Detached duplex,4,3,236.0,0,0,0,1990.0,0.1,2550000
R01453,2025-06-23,Gbagada,Detached duplex,4,4,218.0,0,0,2,2012.0,0.33,2650000
R01104,2025-06-23,Ikeja GRA,Self-contain,1,2,30.0,0,0,0,2000.0,1.12,400000
R00115,2025-06-23,Lekki Phase 1,Detached duplex,5,4,253.0,1,0,3,2005.0,0.78,8150000
R02079,2025-06-23,Surulere,Flat,3,4,68.0,0,0,2,2007.0,0.24,500000
R01536,2025-06-23,Lekki Phase 1,Self-contain,1,1,32.0,1,0,1,1997.0,0.85,1000000
R01274,2025-06-23,Lekki (Chevron-Ajah),Detached duplex,4,4,194.0,0,0,2,2004.0,1.3,2650000
R00794,2025-06-23,Egbeda,Terrace duplex,3,4,115.0,0,1,0,2013.0,0.06,650000
R01757,2025-06-23,Victoria Island,Detached duplex,6,7,315.0,1,0,1,1989.0,0.11,13550000
R00049,2025-06-23,Victoria Island,Mini flat,1,1,51.0,0,0,1,2017.0,1.16,950000
R00636,2025-06-23,Ikeja,Flat,2,3,71.0,0,0,3,2007.0,0.22,500000
R00203,2025-06-23,Ajah,Detached duplex,5,5,263.0,0,0,1,1993.0,0.35,1750000
R00144,2025-06-23,Lekki Phase 1,Flat,3,3,,0,0,1,2024.0,3.53,1900000
R00487,2025-06-24,Gbagada,Mini flat,1,1,43.0,0,0,1,2016.0,0.43,550000
R01212,2025-06-24,Ajah,Mini flat,1,1,55.0,0,0,0,2002.0,4.01,250000
R00120,2025-06-24,Surulere,Self-contain,1,1,43.0,0,0,1,2003.0,0.19,300000
R00909,2025-06-24,Victoria Island,Detached duplex,4,5,192.0,1,0,3,1986.0,3.43,5400000
R01241,2025-06-24,Ikeja,Flat,2,1,94.0,0,0,1,1992.0,1.41,1000000
R01296,2025-06-25,Ikeja,Mini flat,1,1,48.0,0,1,2,2013.0,0.05,650000
R01296,2025-06-25,Ikeja,Mini flat,1,1,48.0,0,1,2,2013.0,0.05,650000
R01401,2025-06-25,Ikeja,Flat,2,1,78.0,1,1,2,1999.0,0.46,1200000
R01677,2025-06-25,Ikoyi,Terrace duplex,3,3,141.0,0,0,3,1993.0,0.82,4450000
R02172,2025-06-25,Surulere,Self-contain,1,1,31.0,0,0,0,2016.0,2.56,350000
R00387,2025-06-25,Gbagada,Mini flat,1,1,35.0,1,1,1,1985.0,0.25,500000
R01084,2025-06-25,Ikorodu,Flat,2,1,112.0,0,0,1,1989.0,1.33,300000
R00497,2025-06-25,Egbeda,Mini flat,1,1,53.0,0,0,3,2016.0,1.43,250000
R02488,2025-06-25,Lekki Phase 1,Flat,3,4,144.0,0,0,0,1995.0,0.94,2600000
R00988,2025-06-25,Yaba,Flat,2,3,106.0,0,0,1,1987.0,0.35,950000
R01666,2025-06-25,Lekki (Chevron-Ajah),Mini flat,1,1,36.0,0,0,1,2023.0,1.84,450000
R01782,2025-06-25,Lekki Phase 1,Terrace duplex,4,5,138.0,0,0,1,1994.0,1.86,2300000
R00966,2025-06-26,Ajah,Mini flat,1,1,45.0,0,0,2,2006.0,0.52,300000
R00354,2025-06-26,Surulere,Terrace duplex,3,3,131.0,0,0,2,1986.0,0.68,1150000
R02333,2025-06-26,Lekki (Chevron-Ajah),Terrace duplex,3,4,112.0,0,0,3,2014.0,0.85,1250000
R00413,2025-06-26,Ikeja GRA,Mini flat,1,2,39.0,0,1,1,1990.0,0.67,850000
R02372,2025-06-26,Lekki (Chevron-Ajah),Self-contain,1,1,,1,0,0,2002.0,0.46,250000
R01235,2025-06-26,Ikeja GRA,Flat,2,2,107.0,0,0,2,2014.0,0.77,2100000
R00255,2025-06-27,Yaba,Detached duplex,5,4,273.0,0,0,1,1992.0,0.13,3050000
R01322,2025-06-27,Surulere,Mini flat,1,1,35.0,0,0,1,1993.0,1.03,200000
R02082,2025-06-27,Lekki Phase 1,Detached duplex,6,6,326.0,0,0,1,1989.0,1.07,5750000
R01646,2025-06-27,Ikeja GRA,Flat,2,1,95.0,1,0,1,1998.0,1.79,2350000
R01698,2025-06-27,Ikeja GRA,Self-contain,1,2,28.0,0,0,0,2008.0,4.07,350000
R00902,2025-06-27,Yaba,Terrace duplex,3,3,160.0,0,0,0,2007.0,0.81,1500000
R00059,2025-06-27,Lekki (Chevron-Ajah),Flat,3,3,141.0,0,0,2,2017.0,0.41,1800000
R00024,2025-06-27,Lekki (Chevron-Ajah),Detached duplex,5,6,297.0,0,1,3,1991.0,0.23,4000000
R00520,2025-06-27,Ajah,Mini flat,1,1,41.0,1,0,2,2022.0,0.32,450000
R00559,2025-06-27,Gbagada,Flat,2,2,93.0,0,0,2,2015.0,0.25,950000
R01356,2025-06-28,Ikoyi,Self-contain,1,1,34.0,0,0,0,1987.0,1.95,900000
R01660,2025-06-28,Gbagada,Mini flat,1,1,55.0,0,0,0,2000.0,1.01,550000
R01947,2025-06-28,Lekki Phase 1,Terrace duplex,3,3,132.0,0,0,3,1993.0,0.57,3050000
R02335,2025-06-28,Ajah,Mini flat,1,1,55.0,0,1,2,2012.0,0.75,500000
R00032,2025-06-28,Ajah,Mini flat,1,2,43.0,0,0,1,2017.0,1.16,300000
R01416,2025-06-28,Lekki Phase 1,Self-contain,1,1,34.0,1,0,1,1992.0,1.4,550000
R01916,2025-06-28,Lekki Phase 1,Detached duplex,4,4,204.0,0,0,3,2015.0,1.42,4600000
R01844,2025-06-28,Lekki (Chevron-Ajah),Terrace duplex,4,5,168.0,0,0,2,2003.0,0.3,2350000
R01033,2025-06-29,Lekki (Chevron-Ajah),Flat,3,2,137.0,0,0,1,2008.0,0.48,1700000
R01822,2025-06-30,Victoria Island,Self-contain,1,1,29.0,0,1,0,2014.0,0.33,1200000
R02250,2025-06-30,Victoria Island,Self-contain,1,2,22.0,0,0,0,2015.0,0.97,700000
R01952,2025-06-30,Lekki Phase 1,Flat,2,2,86.0,0,0,0,2015.0,1.06,1500000
R00855,2025-06-30,Ajah,Self-contain,1,1,24.0,0,0,0,1989.0,0.42,150000
R00871,2025-06-30,Ajah,Self-contain,1,1,29.0,0,0,0,2017.0,1.16,150000
R02464,2025-06-30,Ajah,Flat,2,3,64.0,0,0,1,1998.0,1.22,500000
R00589,2025-06-30,Ikeja,Flat,3,3,100.0,0,0,1,2016.0,1.04,1150000
R00286,2025-06-30,Ajah,Mini flat,1,2,50.0,0,0,3,2002.0,1.76,300000
R00030,2025-06-30,Ajah,Flat,2,2,135.0,0,0,1,2018.0,1.76,1000000
R02232,2025-06-30,Ikoyi,Flat,3,2,167.0,1,1,1,2006.0,0.59,6450000
R02368,2025-06-30,Lekki Phase 1,Flat,2,2,86.0,1,0,1,2018.0,0.18,2350000
R00508,2025-06-30,Ikorodu,Mini flat,1,1,41.0,0,0,0,1988.0,1.65,150000
R02385,2025-07-01,Lekki (Chevron-Ajah),Flat,2,3,114.0,0,0,2,2015.0,0.86,1200000
R00034,2025-07-01,Lekki (Chevron-Ajah),Mini flat,1,1,53.0,0,0,1,2015.0,2.87,600000
R00005,2025-07-01,Surulere,Flat,2,2,98.0,1,0,2,2016.0,0.58,1150000
R00790,2025-07-01,Victoria Island,Mini flat,1,1,46.0,1,0,2,2007.0,0.75,1700000
R01768,2025-07-01,Ikoyi,Flat,2,3,96.0,1,1,2,1997.0,0.83,4300000
R00465,2025-07-01,Gbagada,Mini flat,1,1,46.0,0,0,0,2020.0,1.14,350000
R00394,2025-07-01,Egbeda,Flat,3,4,123.0,0,1,2,2000.0,0.46,700000
R00292,2025-07-01,Ikeja GRA,Mini flat,1,1,47.0,0,0,2,1999.0,0.35,800000
R02142,2025-07-01,Ikeja,Flat,2,1,103.0,0,1,2,2009.0,2.55,1250000
R01269,2025-07-01,Ajah,Detached duplex,6,6,289.0,0,0,2,1992.0,0.45,1800000
R01933,2025-07-01,Gbagada,Mini flat,1,1,48.0,0,0,1,1992.0,0.47,500000
R01080,2025-07-02,Gbagada,Terrace duplex,3,2,159.0,1,0,2,2001.0,1.01,1900000
R00281,2025-07-02,Lekki (Chevron-Ajah),Mini flat,1,1,,0,0,3,2001.0,1.26,400000
R01968,2025-07-02,Ajah,Self-contain,1,1,26.0,0,0,1,1991.0,1.58,200000
R02387,2025-07-02,Ajah,Flat,3,2,126.0,0,0,0,2016.0,0.05,800000
R00770,2025-07-02,Lekki (Chevron-Ajah),Terrace duplex,3,2,114.0,0,1,0,2005.0,0.8,1500000
R00274,2025-07-02,Gbagada,Self-contain,1,1,34.0,1,0,0,2001.0,1.45,300000
R02018,2025-07-02,Ajah,Terrace duplex,3,3,156.0,1,1,1,2014.0,2.22,1600000
R00159,2025-07-02,Lekki (Chevron-Ajah),Self-contain,1,1,26.0,1,0,0,1986.0,1.2,350000
R02037,2025-07-02,Lekki (Chevron-Ajah),Mini flat,1,1,37.0,0,0,1,2010.0,1.06,450000
R00363,2025-07-02,Yaba,Mini flat,1,1,41.0,0,0,1,1985.0,0.05,400000
R01057,2025-07-03,Lekki (Chevron-Ajah),Detached duplex,4,5,214.0,1,0,1,,0.81,2600000
R00799,2025-07-03,Ikoyi,Flat,2,2,99.0,0,0,2,1996.0,0.77,2650000
R01622,2025-07-03,Egbeda,Flat,3,3,128.0,0,1,2,1990.0,0.19,800000
R00613,2025-07-03,Surulere,Detached duplex,5,5,286.0,0,0,2,2011.0,0.07,3050000
R00577,2025-07-03,Lekki Phase 1,Terrace duplex,4,3,175.0,0,0,3,2010.0,1.28,5000000
R01176,2025-07-03,Lekki (Chevron-Ajah),Mini flat,1,1,,0,0,0,2012.0,0.66,700000
R02390,2025-07-03,Ajah,Self-contain,1,1,25.0,0,0,0,,0.88,150000
R01927,2025-07-03,Ajah,Detached duplex,4,4,240.0,0,0,1,2015.0,0.93,2050000
R00132,2025-07-03,Ikorodu,Flat,3,3,124.0,0,0,2,1988.0,0.82,650000
R01923,2025-07-04,Lekki (Chevron-Ajah),Mini flat,1,1,49.0,0,0,1,2011.0,0.48,750000
R02274,2025-07-04,Gbagada,Flat,3,2,144.0,0,0,2,2005.0,1.35,1400000
R00146,2025-07-04,Ajah,Detached duplex,4,3,262.0,0,0,2,1995.0,0.88,2550000
R00392,2025-07-04,Surulere,Terrace duplex,3,4,124.0,0,0,2,1990.0,0.66,1150000
R01299,2025-07-04,Ikeja,Mini flat,1,2,41.0,0,0,1,1987.0,0.39,400000
R00162,2025-07-04,Ajah,Mini flat,1,1,46.0,0,0,2,2010.0,0.62,400000
R00590,2025-07-04,Ikorodu,Detached duplex,5,5,250.0,1,0,3,2019.0,0.81,1900000
R01876,2025-07-04,Lekki Phase 1,Self-contain,1,1,26.0,0,1,0,1992.0,1.13,650000
R02066,2025-07-05,Yaba,Terrace duplex,4,3,157.0,0,0,2,1997.0,0.36,950000
R01097,2025-07-05,Yaba,Flat,3,3,118.0,0,0,1,2011.0,0.17,1200000
R02450,2025-07-05,Ikeja,Detached duplex,4,4,250.0,1,0,2,2008.0,0.05,4800000
R01659,2025-07-05,Lekki (Chevron-Ajah),Self-contain,1,2,35.0,0,0,0,2018.0,0.35,400000
R02021,2025-07-05,Lekki (Chevron-Ajah),Mini flat,1,1,42.0,0,0,3,2019.0,0.22,550000
R01592,2025-07-05,Ikeja,Mini flat,1,1,54.0,1,0,1,2002.0,0.09,700000
R00735,2025-07-05,Gbagada,Flat,3,2,109.0,0,0,1,2016.0,0.89,1500000
R00302,2025-07-06,Gbagada,Terrace duplex,4,4,158.0,0,0,3,1994.0,1.61,1600000
R02188,2025-07-06,Egbeda,Flat,2,3,83.0,0,0,1,2000.0,1.47,500000
R01328,2025-07-06,Ajah,Flat,2,2,107.0,0,0,2,1999.0,1.26,650000
R01533,2025-07-06,Yaba,Flat,3,4,110.0,0,0,3,1990.0,0.26,1100000
R00242,2025-07-06,Lekki (Chevron-Ajah),Self-contain,1,1,19.0,0,0,0,2018.0,0.71,200000
R01640,2025-07-06,Surulere,Flat,2,1,77.0,0,1,2,2012.0,1.04,750000
R01920,2025-07-06,Surulere,Terrace duplex,4,4,171.0,0,0,1,2017.0,2.14,1750000
R02327,2025-07-06,Ikorodu,Flat,2,2,99.0,1,0,1,2015.0,1.31,650000
R02059,2025-07-06,Gbagada,Self-contain,1,2,,0,0,0,2008.0,2.03,250000
R01479,2025-07-06,Lekki Phase 1,Terrace duplex,3,3,105.0,0,0,1,1998.0,0.69,1750000
R00054,2025-07-07,Gbagada,Mini flat,1,1,52.0,0,0,3,1992.0,0.31,450000
R02259,2025-07-07,Ajah,Detached duplex,4,4,247.0,0,0,1,2012.0,0.81,1750000
R02309,2025-07-07,Ikorodu,Flat,3,4,146.0,0,0,1,1990.0,1.61,700000
R00970,2025-07-07,Ikeja,Self-contain,1,1,31.0,0,0,0,2017.0,1.31,250000
R00919,2025-07-07,Lekki Phase 1,Flat,3,3,134.0,1,0,2,1988.0,0.78,3800000
R02049,2025-07-07,Ikeja,Detached duplex,4,4,228.0,0,0,1,1993.0,3.64,1750000
R01475,2025-07-07,Victoria Island,Self-contain,1,1,26.0,1,0,0,2018.0,0.59,1000000
R00521,2025-07-07,Ajah,Mini flat,1,1,46.0,0,1,1,2000.0,0.09,300000
R00051,2025-07-07,Lekki (Chevron-Ajah),Mini flat,1,2,51.0,0,1,2,1996.0,0.34,850000
R01679,2025-07-08,Egbeda,Flat,3,2,123.0,0,1,3,2011.0,0.29,750000
R00299,2025-07-08,Ajah,Terrace duplex,3,3,114.0,0,0,1,1987.0,0.39,650000
R00388,2025-07-08,Yaba,Terrace duplex,4,3,157.0,0,0,2,2020.0,0.56,1650000
R01365,2025-07-08,Lekki (Chevron-Ajah),Mini flat,1,2,53.0,1,0,2,2015.0,0.85,900000
R00873,2025-07-08,Ikeja GRA,Flat,2,3,112.0,0,0,2,1996.0,0.46,2100000
R00758,2025-07-08,Ajah,Flat,3,3,162.0,0,0,2,2004.0,0.28,1400000
R00753,2025-07-08,Ajah,Flat,2,2,97.0,0,0,2,1985.0,0.09,700000
R01826,2025-07-08,Yaba,Mini flat,1,2,47.0,0,0,2,2016.0,0.19,500000
R00606,2025-07-09,Ajah,Mini flat,1,1,39.0,0,0,2,1995.0,0.31,150000
R01441,2025-07-09,Ikeja GRA,Self-contain,1,1,22.0,1,0,0,1995.0,0.93,450000
R02243,2025-07-09,Victoria Island,Self-contain,1,1,28.0,1,0,0,1993.0,0.23,900000
R01441,2025-07-09,Ikeja GRA,Self-contain,1,1,22.0,1,0,0,1995.0,0.93,450000
R02459,2025-07-09,Egbeda,Mini flat,1,1,39.0,0,0,2,2020.0,0.3,200000
R00595,2025-07-09,Gbagada,Terrace duplex,4,3,167.0,0,0,1,1992.0,2.11,2000000
R02365,2025-07-09,Ikorodu,Flat,2,2,84.0,0,0,0,1996.0,0.97,250000
R00862,2025-07-09,Ikoyi,Terrace duplex,3,3,126.0,1,0,1,1986.0,0.78,4300000
R00189,2025-07-09,Lekki (Chevron-Ajah),Self-contain,1,1,21.0,0,0,0,1991.0,1.72,250000
R00681,2025-07-09,Egbeda,Flat,3,3,123.0,0,0,0,2013.0,0.41,550000
R00540,2025-07-09,Ikeja GRA,Flat,2,2,100.0,1,0,3,2015.0,0.84,2450000
R01443,2025-07-09,Ikeja GRA,Terrace duplex,3,2,136.0,0,0,2,2024.0,1.1,2700000
R00768,2025-07-09,Surulere,Flat,3,2,113.0,0,0,3,2001.0,0.47,950000
R02032,2025-07-09,Victoria Island,Terrace duplex,3,3,116.0,0,0,3,2015.0,0.71,3700000
R01541,2025-07-09,Ajah,Flat,2,2,90.0,0,0,1,2012.0,1.07,550000
R00875,2025-07-10,Egbeda,Detached duplex,4,4,221.0,1,0,3,2000.0,0.56,1650000
R01145,2025-07-10,Victoria Island,Mini flat,1,1,47.0,0,0,2,2021.0,0.55,1300000
R02338,2025-07-10,Ikeja,Flat,2,3,103.0,0,0,3,2015.0,0.24,950000
R00416,2025-07-10,Victoria Island,Mini flat,1,1,39.0,1,0,1,2013.0,0.18,1250000
R01940,2025-07-10,Ikorodu,Self-contain,1,1,15.0,0,0,0,1985.0,0.86,50000
R01109,2025-07-10,Surulere,Mini flat,1,1,51.0,0,0,1,2018.0,0.17,450000
R00010,2025-07-10,Yaba,Flat,3,2,142.0,1,0,3,2000.0,0.26,1800000
R00534,2025-07-10,Egbeda,Flat,3,2,158.0,0,0,1,1987.0,1.01,550000
R01308,2025-07-10,Lekki (Chevron-Ajah),Self-contain,1,1,30.0,1,0,0,1992.0,0.41,600000
R00928,2025-07-11,Lekki Phase 1,Flat,2,2,118.0,1,0,1,1992.0,0.28,3050000
R00582,2025-07-11,Egbeda,Flat,3,3,154.0,1,0,2,1991.0,1.03,1000000
R02367,2025-07-11,Victoria Island,Flat,3,3,121.0,0,0,2,,0.33,3200000
R01087,2025-07-11,Lekki (Chevron-Ajah),Mini flat,1,1,45.0,1,0,3,1994.0,0.16,700000
R01062,2025-07-11,Gbagada,Mini flat,1,2,43.0,0,0,1,1986.0,0.4,350000
R00291,2025-07-11,Ajah,Self-contain,1,1,32.0,0,0,1,2016.0,0.81,250000
R00649,2025-07-11,Lekki (Chevron-Ajah),Flat,2,3,98.0,0,0,0,2018.0,0.59,1100000
R00482,2025-07-11,Ikeja GRA,Flat,2,2,88.0,0,0,2,2012.0,0.05,2000000
R00057,2025-07-11,Lekki Phase 1,Detached duplex,4,4,207.0,1,0,0,1999.0,0.23,5500000
R01554,2025-07-11,Gbagada,Detached duplex,4,5,237.0,1,0,2,2011.0,0.95,4050000
R01650,2025-07-11,Yaba,Flat,3,3,116.0,0,0,2,1985.0,0.73,950000
R02091,2025-07-11,Surulere,Self-contain,1,1,19.0,0,0,0,2010.0,1.23,150000
R00318,2025-07-12,Yaba,Flat,3,2,,0,0,3,2013.0,1.01,1350000
R01821,2025-07-12,Victoria Island,Terrace duplex,4,4,176.0,1,0,3,2017.0,0.17,5400000
R00601,2025-07-12,Surulere,Mini flat,1,1,30.0,0,0,1,2004.0,1.36,250000
R00402,2025-07-12,Lekki (Chevron-Ajah),Terrace duplex,3,2,128.0,0,0,1,2005.0,0.11,1850000
R00536,2025-07-12,Ikeja GRA,Mini flat,1,1,42.0,0,0,1,1988.0,0.4,900000
R01786,2025-07-12,Surulere,Flat,2,2,84.0,0,0,1,1998.0,2.4,950000
R01119,2025-07-12,Lekki (Chevron-Ajah),Terrace duplex,3,2,127.0,0,0,2,2021.0,0.54,1850000
R01229,2025-07-13,Ikeja,Detached duplex,5,6,249.0,0,0,0,2005.0,0.62,2000000
R00616,2025-07-13,Ikorodu,Flat,2,3,93.0,0,0,1,2017.0,0.22,350000
R02303,2025-07-13,Lekki Phase 1,Flat,2,1,,1,0,1,2001.0,0.74,2300000
R00937,2025-07-13,Ikeja,Flat,2,2,67.0,0,0,2,2022.0,1.13,900000
R01962,2025-07-13,Yaba,Terrace duplex,4,3,151.0,0,0,2,2002.0,0.55,1750000
R00685,2025-07-13,Ajah,Flat,3,3,119.0,0,0,1,1998.0,0.7,650000
R00129,2025-07-13,Yaba,Detached duplex,5,4,268.0,1,0,1,2009.0,0.28,3050000
R02027,2025-07-13,Ikoyi,Flat,2,2,54.0,1,1,3,2022.0,0.49,2700000
R00904,2025-07-13,Lekki Phase 1,Flat,2,1,95.0,1,0,3,2023.0,1.76,2300000
R01351,2025-07-13,Ikeja,Mini flat,1,1,,1,0,3,2008.0,0.83,600000
R00976,2025-07-13,Lekki Phase 1,Mini flat,1,1,,1,0,2,1999.0,1.01,1400000
R00372,2025-07-13,Lekki Phase 1,Detached duplex,5,5,244.0,1,0,0,2014.0,0.65,6300000
R01454,2025-07-14,Ikeja GRA,Terrace duplex,4,4,152.0,0,0,2,2005.0,0.92,2100000
R01788,2025-07-14,Ajah,Detached duplex,4,3,203.0,1,0,2,2008.0,0.38,2100000
R00141,2025-07-14,Ajah,Self-contain,1,1,33.0,0,0,0,1989.0,2.16,200000
R02137,2025-07-14,Victoria Island,Terrace duplex,3,4,126.0,1,1,2,1998.0,0.62,5450000
R00974,2025-07-14,Lekki Phase 1,Mini flat,1,1,59.0,0,0,1,2010.0,0.18,1350000
R02199,2025-07-15,Lekki Phase 1,Detached duplex,5,5,,0,0,3,1989.0,0.09,4250000
R02417,2025-07-15,Victoria Island,Detached duplex,4,5,248.0,1,0,1,2013.0,0.15,8300000
R01412,2025-07-15,Ajah,Terrace duplex,3,2,128.0,0,1,0,1988.0,0.79,1300000
R00191,2025-07-15,Gbagada,Flat,2,3,87.0,1,0,1,2011.0,3.0,1100000
R00805,2025-07-15,Ikorodu,Flat,3,3,111.0,0,0,0,2006.0,0.86,550000
R02248,2025-07-15,Gbagada,Flat,2,3,99.0,0,0,2,1992.0,1.12,800000
R01306,2025-07-16,Ajah,Detached duplex,4,4,,0,1,1,2015.0,0.49,2100000
R01702,2025-07-16,Yaba,Mini flat,1,1,38.0,0,0,2,2013.0,1.3,450000
R00550,2025-07-16,Lekki Phase 1,Flat,2,1,100.0,0,0,3,2006.0,1.13,3050000
R00360,2025-07-16,Ikeja,Terrace duplex,3,3,146.0,1,0,1,1997.0,1.4,1900000
R01312,2025-07-16,Ikeja GRA,Self-contain,1,1,38.0,1,0,1,1996.0,0.25,450000
R00714,2025-07-16,Victoria Island,Terrace duplex,4,4,182.0,1,0,2,2004.0,2.4,5700000
R01953,2025-07-16,Ikeja,Flat,3,3,163.0,0,0,1,1997.0,1.69,1500000
R01048,2025-07-16,Surulere,Flat,2,2,77.0,0,0,1,1999.0,0.35,700000
R00526,2025-07-16,Lekki (Chevron-Ajah),Self-contain,1,1,23.0,0,0,0,2012.0,1.77,250000
R01707,2025-07-16,Surulere,Flat,3,4,124.0,0,0,0,2016.0,1.1,1400000
R00425,2025-07-16,Yaba,Mini flat,1,1,46.0,0,1,2,1994.0,0.13,550000
R01009,2025-07-17,Lekki Phase 1,Flat,3,4,118.0,1,1,3,1987.0,0.18,2850000
R00043,2025-07-17,Lekki Phase 1,Terrace duplex,3,3,135.0,0,0,0,2011.0,0.67,3450000
R00155,2025-07-17,Lekki (Chevron-Ajah),Terrace duplex,3,3,109.0,0,0,2,2011.0,0.19,1150000
R00676,2025-07-17,Ikeja,Mini flat,1,1,52.0,1,0,1,2022.0,0.49,650000
R00812,2025-07-17,Lekki (Chevron-Ajah),Mini flat,1,2,38.0,0,0,1,1996.0,2.78,400000
R02048,2025-07-17,Yaba,Flat,3,4,116.0,0,0,1,2004.0,0.17,950000
R00099,2025-07-17,Ikeja,Detached duplex,4,3,170.0,0,0,3,2021.0,2.21,1700000
R01405,2025-07-18,Ikeja,Flat,3,2,133.0,1,0,0,1995.0,0.56,1350000
R01833,2025-07-18,Lekki (Chevron-Ajah),Flat,2,3,82.0,0,0,2,2000.0,1.2,1100000
R02165,2025-07-18,Lekki (Chevron-Ajah),Terrace duplex,4,5,187.0,0,0,1,1999.0,1.33,2600000
R01779,2025-07-18,Yaba,Mini flat,1,1,42.0,0,0,2,,0.53,350000
R00474,2025-07-18,Surulere,Detached duplex,5,6,255.0,0,1,1,2000.0,0.12,3000000
R02407,2025-07-18,Lekki (Chevron-Ajah),Detached duplex,4,3,195.0,0,1,2,2007.0,0.83,2850000
R01893,2025-07-18,Lekki (Chevron-Ajah),Self-contain,1,2,31.0,0,1,0,1992.0,0.93,350000
R01265,2025-07-18,Ajah,Flat,3,4,,0,0,0,1993.0,0.71,850000
R00366,2025-07-18,Lekki (Chevron-Ajah),Flat,2,2,107.0,0,0,0,2002.0,0.12,1150000
R00226,2025-07-18,Gbagada,Flat,3,2,115.0,1,0,1,2010.0,0.31,1500000
R01991,2025-07-18,Ajah,Flat,3,3,132.0,0,0,0,2023.0,0.77,900000
R01922,2025-07-18,Lekki Phase 1,Self-contain,1,1,25.0,0,0,1,2013.0,1.63,550000
R00933,2025-07-19,Victoria Island,Mini flat,1,1,50.0,1,0,3,1993.0,1.0,1400000
R00544,2025-07-19,Surulere,Self-contain,1,1,29.0,0,0,0,1993.0,0.48,200000
R00557,2025-07-19,Lekki Phase 1,Flat,2,2,67.0,0,1,3,1997.0,1.96,1450000
R01147,2025-07-19,Lekki Phase 1,Mini flat,1,1,,0,0,1,1988.0,0.07,850000
R01954,2025-07-19,Ikoyi,Self-contain,1,2,,1,0,1,1987.0,0.66,800000
R01528,2025-07-19,Egbeda,Flat,2,3,113.0,0,0,3,1995.0,0.47,450000
R02031,2025-07-19,Ikoyi,Flat,2,2,98.0,0,0,1,2017.0,0.09,2900000
R00058,2025-07-19,Ikeja,Flat,3,4,162.0,0,0,2,2001.0,0.74,1900000
R01830,2025-07-19,Surulere,Self-contain,1,1,23.0,0,0,0,1996.0,0.62,200000
R01352,2025-07-20,Yaba,Flat,3,3,147.0,0,0,2,2007.0,0.35,1750000
R01101,2025-07-20,Ikeja,Flat,3,3,127.0,0,1,1,2024.0,1.99,1850000
R02161,2025-07-20,Lekki (Chevron-Ajah),Mini flat,1,1,45.0,0,0,1,2018.0,2.07,600000
R00664,2025-07-20,Ikeja GRA,Mini flat,1,1,44.0,0,0,1,2004.0,1.18,650000
R01892,2025-07-20,Surulere,Flat,2,1,84.0,0,0,2,2004.0,1.19,750000
R01938,2025-07-20,Yaba,Mini flat,1,1,34.0,0,0,1,2015.0,0.89,400000
R01359,2025-07-20,Surulere,Terrace duplex,4,3,184.0,1,0,2,1999.0,1.05,1900000
R02396,2025-07-20,Ikorodu,Flat,3,2,149.0,0,0,2,2010.0,0.14,650000
R00733,2025-07-20,Victoria Island,Mini flat,1,2,,1,0,3,1999.0,0.46,2200000
R01957,2025-07-20,Lekki Phase 1,Terrace duplex,3,2,156.0,1,1,2,1993.0,0.17,4700000
R01545,2025-07-20,Ikorodu,Detached duplex,4,4,231.0,0,0,2,2005.0,0.09,1050000
R02127,2025-07-21,Ikoyi,Flat,2,2,81.0,1,0,1,2009.0,0.96,4400000
R01897,2025-07-21,Lekki Phase 1,Flat,3,3,,0,1,3,2000.0,0.56,3100000
R00197,2025-07-21,Lekki (Chevron-Ajah),Terrace duplex,3,2,,0,0,1,2009.0,1.17,1700000
R00451,2025-07-21,Victoria Island,Flat,3,2,133.0,1,0,2,2006.0,0.17,4500000
R01307,2025-07-21,Lekki Phase 1,Flat,3,3,141.0,0,0,2,1986.0,0.33,3200000
R00604,2025-07-21,Yaba,Terrace duplex,4,4,189.0,0,0,2,2006.0,1.65,2550000
R01250,2025-07-21,Surulere,Mini flat,1,1,46.0,0,0,3,2013.0,1.12,450000
R00150,2025-07-21,Gbagada,Flat,2,3,93.0,0,0,2,2016.0,0.64,1050000
R01897,2025-07-21,Lekki Phase 1,Flat,3,3,,0,1,3,2000.0,0.56,3100000
R02182,2025-07-21,Gbagada,Flat,2,2,95.0,0,0,3,2012.0,0.21,1050000
R02432,2025-07-21,Ikoyi,Mini flat,1,1,41.0,1,0,2,2004.0,2.04,1900000
R00515,2025-07-21,Ajah,Self-contain,1,1,26.0,0,0,0,1987.0,0.49,150000
R00488,2025-07-22,Ikeja,Flat,3,2,114.0,0,0,3,1987.0,1.83,950000
R01410,2025-07-22,Surulere,Flat,2,2,,1,0,2,1989.0,0.87,1100000
R00958,2025-07-22,Victoria Island,Flat,2,2,112.0,0,0,1,1988.0,1.23,2400000
R02190,2025-07-22,Ikeja,Flat,2,2,,0,0,2,1998.0,0.73,1050000
R00675,2025-07-22,Lekki Phase 1,Detached duplex,5,4,268.0,1,0,1,2021.0,0.1,7150000
R02377,2025-07-22,Yaba,Mini flat,1,1,42.0,1,0,0,1990.0,0.18,400000
R02200,2025-07-22,Surulere,Terrace duplex,3,4,112.0,1,0,1,,0.64,1100000
R01906,2025-07-22,Lekki Phase 1,Mini flat,1,1,45.0,0,0,0,2011.0,2.51,800000
R00170,2025-07-22,Lekki (Chevron-Ajah),Terrace duplex,3,2,141.0,0,0,1,2001.0,1.47,1750000
R02470,2025-07-22,Surulere,Mini flat,1,1,31.0,0,1,3,1991.0,0.66,400000
R00119,2025-07-22,Yaba,Flat,2,2,79.0,0,0,2,2013.0,1.21,1000000
R02433,2025-07-22,Gbagada,Self-contain,1,1,29.0,1,0,0,1993.0,1.22,350000
R01329,2025-07-22,Ikorodu,Mini flat,1,2,46.0,0,0,0,2022.0,0.68,250000
R01025,2025-07-23,Egbeda,Flat,2,1,92.0,1,0,3,2014.0,1.45,750000
R00290,2025-07-23,Gbagada,Flat,3,3,119.0,0,0,2,2011.0,0.35,1150000
R00754,2025-07-23,Ikeja GRA,Terrace duplex,4,4,165.0,1,0,2,2000.0,0.3,3850000
R02015,2025-07-23,Lekki Phase 1,Flat,2,2,95.0,1,0,2,2021.0,1.65,3350000
R02251,2025-07-23,Surulere,Detached duplex,4,5,212.0,0,0,1,2020.0,0.31,1850000
R01862,2025-07-23,Ajah,Flat,2,2,54.0,0,0,2,2002.0,0.59,350000
R02096,2025-07-23,Ajah,Detached duplex,4,4,240.0,0,0,1,2000.0,0.39,1650000
R01837,2025-07-23,Ikoyi,Mini flat,1,1,55.0,0,0,2,2001.0,0.45,1900000
R01972,2025-07-24,Ajah,Flat,3,3,125.0,0,0,1,2001.0,1.33,900000
R01491,2025-07-24,Surulere,Flat,3,3,110.0,0,0,2,2003.0,1.2,950000
R01032,2025-07-24,Victoria Island,Mini flat,1,1,41.0,1,0,0,1989.0,0.83,1700000
R01937,2025-07-24,Ikeja GRA,Flat,3,2,114.0,0,0,1,1998.0,1.49,1800000
R01633,2025-07-24,Ikoyi,Flat,2,2,117.0,1,0,1,1989.0,2.15,3850000
R00222,2025-07-24,Lekki Phase 1,Flat,2,3,83.0,0,0,0,,0.74,1800000
R00740,2025-07-24,Lekki (Chevron-Ajah),Self-contain,1,1,35.0,0,0,0,2015.0,0.27,500000
R00739,2025-07-24,Ikorodu,Self-contain,1,1,31.0,0,0,0,1993.0,0.78,150000
R00849,2025-07-24,Ikorodu,Mini flat,1,1,58.0,0,1,3,1986.0,0.84,350000
R00449,2025-07-24,Ikorodu,Mini flat,1,1,38.0,0,1,1,2001.0,1.87,150000
R02352,2025-07-24,Ikeja,Detached duplex,4,5,249.0,0,0,1,2015.0,0.9,2050000
R01586,2025-07-25,Lekki Phase 1,Mini flat,1,1,28.0,0,0,2,2014.0,0.08,850000
R00415,2025-07-25,Yaba,Flat,3,2,135.0,1,0,1,1989.0,0.92,1850000
R01619,2025-07-25,Ikorodu,Flat,3,4,154.0,0,0,1,2006.0,0.33,1150000
R01105,2025-07-25,Lekki (Chevron-Ajah),Mini flat,1,2,40.0,0,0,2,2018.0,1.88,600000
R02093,2025-07-25,Gbagada,Self-contain,1,1,25.0,0,0,0,2014.0,0.2,250000
R02294,2025-07-25,Gbagada,Self-contain,1,2,21.0,0,0,0,2001.0,0.1,200000
R02058,2025-07-25,Surulere,Self-contain,1,1,33.0,1,0,0,2001.0,0.42,400000
R00979,2025-07-26,Ikorodu,Detached duplex,4,5,243.0,0,0,1,2016.0,0.77,1050000
R00272,2025-07-26,Lekki Phase 1,Flat,3,4,167.0,0,0,1,2005.0,0.44,2900000
R01618,2025-07-26,Surulere,Self-contain,1,2,19.0,1,0,0,2015.0,0.5,200000
R01113,2025-07-26,Lekki Phase 1,Detached duplex,5,4,280.0,1,0,3,2010.0,0.66,7400000
R00201,2025-07-26,Yaba,Terrace duplex,3,3,130.0,1,1,2,1987.0,0.76,1900000
R01295,2025-07-26,Ikeja,Self-contain,1,1,32.0,0,0,0,1993.0,0.47,350000
R01221,2025-07-26,Surulere,Flat,3,4,133.0,0,0,1,2011.0,0.28,1450000
R01167,2025-07-27,Yaba,Detached duplex,5,6,233.0,0,0,2,2013.0,1.04,2400000
R00208,2025-07-27,Ajah,Self-contain,1,2,27.0,0,0,1,2015.0,1.52,200000
R01165,2025-07-27,Ikorodu,Self-contain,1,1,26.0,0,0,0,2021.0,0.47,150000
R01082,2025-07-27,Victoria Island,Detached duplex,6,7,342.0,1,0,1,1988.0,1.12,8750000
R02304,2025-07-27,Ajah,Detached duplex,5,6,264.0,0,1,3,2011.0,0.73,1500000
R02279,2025-07-27,Lekki (Chevron-Ajah),Mini flat,1,1,42.0,0,0,1,2010.0,0.34,650000
R01470,2025-07-28,Victoria Island,Flat,3,3,,0,0,2,2013.0,0.59,5450000
R02337,2025-07-28,Lekki (Chevron-Ajah),Mini flat,1,2,48.0,0,0,2,2007.0,0.13,650000
R00942,2025-07-28,Lekki (Chevron-Ajah),Flat,3,2,123.0,0,0,1,1993.0,1.19,1250000
R00856,2025-07-28,Ajah,Mini flat,1,1,45.0,0,0,1,2014.0,0.35,350000
R02177,2025-07-28,Victoria Island,Detached duplex,4,4,210.0,0,0,3,1989.0,0.44,7850000
R02115,2025-07-28,Lekki (Chevron-Ajah),Flat,3,4,137.0,0,1,0,2020.0,3.97,2050000
R00712,2025-07-28,Victoria Island,Self-contain,1,1,31.0,1,1,1,2004.0,2.8,850000
R02203,2025-07-28,Yaba,Terrace duplex,3,2,105.0,0,0,1,1987.0,1.59,850000
R00130,2025-07-28,Surulere,Terrace duplex,3,2,133.0,0,0,1,1985.0,0.32,1150000
R00672,2025-07-29,Egbeda,Terrace duplex,4,3,174.0,0,0,2,2023.0,1.06,1250000
R00711,2025-07-29,Yaba,Flat,3,2,117.0,0,0,2,1990.0,0.85,1400000
R01558,2025-07-29,Egbeda,Flat,2,1,70.0,0,0,1,2016.0,0.99,400000
R00216,2025-07-29,Ikeja,Flat,3,3,152.0,0,0,3,2024.0,1.4,1250000
R01063,2025-07-29,Ikeja,Mini flat,1,1,52.0,0,0,1,2018.0,0.15,650000
R01579,2025-07-29,Ikeja,Mini flat,1,1,37.0,0,0,1,1994.0,1.55,300000
R01132,2025-07-29,Ikeja,Terrace duplex,4,4,,0,0,3,1994.0,0.71,1300000
R01686,2025-07-29,Ikorodu,Flat,2,1,67.0,0,0,0,2016.0,0.7,300000
R01761,2025-07-29,Ikeja,Mini flat,1,1,44.0,0,0,3,,2.16,350000
R00320,2025-07-29,Victoria Island,Mini flat,1,2,39.0,0,0,1,2018.0,0.16,1000000
R01399,2025-07-30,Lekki (Chevron-Ajah),Detached duplex,4,4,221.0,0,0,1,2010.0,1.97,2400000
R00645,2025-07-30,Ikorodu,Detached duplex,5,4,259.0,0,0,2,2018.0,0.42,1100000
R01014,2025-07-30,Gbagada,Mini flat,1,2,66.0,0,0,2,2017.0,0.05,750000
R00745,2025-07-30,Lekki Phase 1,Flat,3,3,82.0,1,0,2,2006.0,0.5,2650000
R01809,2025-07-30,Ikoyi,Self-contain,1,2,35.0,0,1,0,1994.0,2.38,700000
R00627,2025-07-30,Lekki (Chevron-Ajah),Flat,3,3,,0,0,1,2019.0,0.63,1350000
R00269,2025-07-30,Lekki (Chevron-Ajah),Flat,2,3,105.0,0,0,0,1992.0,0.79,1400000
R02226,2025-07-30,Ajah,Detached duplex,4,3,204.0,0,0,0,2003.0,1.55,1350000
R01542,2025-07-30,Ajah,Flat,2,2,80.0,0,0,2,2014.0,0.69,450000
R02324,2025-07-30,Ikeja,Detached duplex,4,4,254.0,0,0,3,2010.0,0.25,2700000
R00364,2025-07-30,Ajah,Self-contain,1,1,36.0,0,0,0,2016.0,0.05,200000
R01717,2025-07-30,Egbeda,Flat,2,2,119.0,0,0,1,2013.0,0.4,650000
R01504,2025-07-30,Yaba,Flat,3,2,,0,0,3,2007.0,0.59,1000000
R01500,2025-07-30,Surulere,Flat,3,3,141.0,0,0,3,1998.0,0.2,1100000
R02016,2025-07-31,Lekki Phase 1,Detached duplex,5,6,255.0,1,0,2,,1.84,7650000
R01016,2025-07-31,Victoria Island,Flat,3,3,107.0,1,0,1,2000.0,4.87,2500000
R01839,2025-07-31,Ajah,Detached duplex,6,5,308.0,0,0,1,2008.0,0.67,2150000
R01487,2025-07-31,Lekki (Chevron-Ajah),Terrace duplex,4,5,172.0,1,0,1,2000.0,0.46,1900000
R00769,2025-07-31,Ikeja GRA,Terrace duplex,3,3,139.0,0,1,1,2003.0,2.59,2450000
R02002,2025-07-31,Ikeja,Detached duplex,6,7,289.0,0,0,2,2024.0,0.92,2600000
R00864,2025-07-31,Ikorodu,Mini flat,1,1,45.0,0,0,2,1986.0,0.05,250000
R02394,2025-08-01,Yaba,Self-contain,1,1,33.0,0,0,1,2023.0,0.84,400000
R01573,2025-08-01,Yaba,Mini flat,1,2,45.0,0,0,1,1990.0,1.18,500000
R02104,2025-08-01,Lekki Phase 1,Flat,3,3,130.0,1,0,2,2023.0,2.91,3300000
R01980,2025-08-01,Lekki (Chevron-Ajah),Detached duplex,4,3,230.0,1,0,2,1986.0,0.89,3150000
R00549,2025-08-01,Surulere,Flat,3,3,137.0,0,0,2,2004.0,0.29,1250000
R02236,2025-08-01,Ikeja GRA,Flat,3,4,133.0,0,0,3,2021.0,0.21,3150000
R00171,2025-08-01,Ikeja,Flat,2,3,93.0,0,0,2,2015.0,0.6,1250000
R00029,2025-08-01,Ikeja GRA,Detached duplex,5,6,,0,0,0,1987.0,0.73,4550000
R00206,2025-08-01,Lekki (Chevron-Ajah),Terrace duplex,3,3,123.0,0,0,2,1995.0,0.06,1200000
R00064,2025-08-01,Egbeda,Flat,3,4,132.0,0,0,2,2017.0,0.51,700000
R01710,2025-08-02,Yaba,Terrace duplex,3,2,124.0,0,0,1,1997.0,0.23,1550000
R00137,2025-08-02,Ikoyi,Mini flat,1,1,55.0,1,1,0,1989.0,0.19,2950000
R01275,2025-08-02,Egbeda,Flat,2,1,111.0,1,0,0,1994.0,0.08,700000
R01776,2025-08-02,Yaba,Self-contain,1,2,24.0,0,0,0,2015.0,0.14,250000
R01697,2025-08-02,Surulere,Mini flat,1,1,45.0,0,0,0,1990.0,1.73,350000
R01181,2025-08-02,Gbagada,Detached duplex,4,4,,1,0,1,2024.0,0.27,3250000
R01160,2025-08-02,Ajah,Mini flat,1,1,48.0,0,1,3,2014.0,0.97,350000
R00587,2025-08-02,Ikeja,Self-contain,1,1,,1,0,0,2009.0,1.05,350000
R00688,2025-08-02,Ikeja GRA,Detached duplex,4,4,214.0,0,0,0,1999.0,0.94,4600000
R02060,2025-08-03,Egbeda,Self-contain,1,1,21.0,0,0,0,2004.0,0.58,100000
R01232,2025-08-03,Ajah,Mini flat,1,1,52.0,0,0,0,2006.0,0.3,300000
R02201,2025-08-03,Surulere,Flat,3,3,86.0,0,0,3,1988.0,0.59,750000
R02493,2025-08-03,Egbeda,Terrace duplex,4,5,151.0,1,0,3,2019.0,1.44,950000
R02053,2025-08-03,Lekki Phase 1,Mini flat,1,1,55.0,0,0,1,2013.0,0.47,1250000
R01142,2025-08-03,Yaba,Flat,2,1,89.0,0,0,0,2013.0,1.1,750000
R01191,2025-08-03,Surulere,Detached duplex,6,6,286.0,0,0,2,2016.0,1.81,2450000
R01816,2025-08-03,Ikeja,Terrace duplex,3,4,133.0,1,0,1,2022.0,0.61,1750000
R02415,2025-08-03,Ikeja,Mini flat,1,1,43.0,0,0,0,1986.0,0.45,400000
R02097,2025-08-03,Lekki Phase 1,Flat,3,3,106.0,0,0,3,2000.0,1.53,2600000
R00927,2025-08-03,Lekki (Chevron-Ajah),Flat,2,3,132.0,0,1,1,2012.0,1.02,1650000
R01639,2025-08-03,Egbeda,Flat,2,3,101.0,0,0,1,,0.85,450000
R00243,2025-08-03,Ikoyi,Mini flat,1,1,57.0,0,0,1,2013.0,1.14,1100000
R01262,2025-08-03,Egbeda,Detached duplex,5,6,278.0,1,0,2,2001.0,0.36,2000000
R01459,2025-08-04,Lekki (Chevron-Ajah),Flat,3,2,128.0,0,0,2,2007.0,0.05,1450000
R01544,2025-08-04,Victoria Island,Terrace duplex,3,3,120.0,1,1,2,2012.0,2.46,7100000
R02319,2025-08-04,Lekki Phase 1,Self-contain,1,2,41.0,1,0,0,2011.0,0.89,850000
R00596,2025-08-04,Ikoyi,Self-contain,1,2,25.0,1,0,0,2000.0,2.13,1050000
R02008,2025-08-04,Yaba,Flat,2,2,81.0,0,0,0,1988.0,1.16,700000
R00386,2025-08-04,Surulere,Mini flat,1,1,51.0,0,0,2,2003.0,0.36,550000
R02068,2025-08-04,Gbagada,Mini flat,1,1,34.0,0,0,3,2005.0,0.44,450000
R01567,2025-08-04,Lekki (Chevron-Ajah),Terrace duplex,3,3,144.0,1,0,2,1990.0,0.21,2650000
R02160,2025-08-04,Yaba,Mini flat,1,1,42.0,1,0,2,1994.0,0.85,400000
R00218,2025-08-04,Ajah,Flat,3,4,143.0,0,0,1,,0.34,800000
R02120,2025-08-05,Ikeja,Flat,2,2,93.0,1,0,2,1985.0,1.83,1200000
R01617,2025-08-05,Egbeda,Mini flat,1,2,48.0,0,1,1,2016.0,3.51,250000
R02404,2025-08-05,Ajah,Terrace duplex,4,5,174.0,0,0,1,2001.0,1.37,1150000
R00092,2025-08-05,Ikorodu,Detached duplex,4,3,216.0,1,0,1,2010.0,0.58,1150000
R02180,2025-08-05,Lekki Phase 1,Flat,3,2,150.0,1,0,0,2022.0,0.96,3300000
R02476,2025-08-06,Ikoyi,Mini flat,1,1,46.0,1,1,1,2020.0,0.72,1600000
R01918,2025-08-06,Gbagada,Terrace duplex,3,2,159.0,0,0,2,2017.0,1.06,2000000
R01466,2025-08-06,Egbeda,Flat,2,1,101.0,0,0,1,1997.0,1.42,400000
R01662,2025-08-06,Ikeja,Flat,3,4,113.0,0,0,2,1994.0,0.67,1650000
R00188,2025-08-06,Ikeja,Detached duplex,4,4,234.0,0,0,2,2018.0,0.8,2350000
R01578,2025-08-06,Lekki (Chevron-Ajah),Mini flat,1,1,44.0,0,0,2,,1.4,500000
R00673,2025-08-06,Gbagada,Flat,3,2,149.0,1,0,2,2008.0,0.33,2000000
R01434,2025-08-07,Gbagada,Self-contain,1,1,35.0,0,0,1,1988.0,0.37,250000
R01503,2025-08-07,Ikeja,Detached duplex,4,4,222.0,0,0,1,1993.0,1.42,1650000
R00860,2025-08-07,Ikoyi,Detached duplex,5,5,247.0,0,0,2,1995.0,0.86,7700000
R00612,2025-08-07,Lekki Phase 1,Mini flat,1,2,39.0,1,0,1,2023.0,0.46,1300000
R02169,2025-08-07,Ikeja,Flat,2,2,62.0,1,0,1,1988.0,2.01,350000
R00371,2025-08-07,Gbagada,Terrace duplex,3,3,134.0,0,0,1,1998.0,0.22,1050000
R00335,2025-08-07,Ikeja,Self-contain,1,1,34.0,0,0,1,1999.0,0.64,250000
R01053,2025-08-07,Lekki (Chevron-Ajah),Terrace duplex,4,5,159.0,0,0,1,1993.0,0.58,1400000
R01853,2025-08-07,Ajah,Self-contain,1,1,28.0,0,0,1,2000.0,3.69,200000
R00002,2025-08-07,Yaba,Self-contain,1,2,33.0,0,0,1,2014.0,1.28,300000
R00475,2025-08-07,Lekki Phase 1,Flat,2,1,108.0,0,1,2,2006.0,0.16,2550000
R00050,2025-08-07,Victoria Island,Mini flat,1,1,40.0,0,0,2,2021.0,0.48,1550000
R01376,2025-08-07,Ikoyi,Mini flat,1,1,34.0,0,0,1,2002.0,1.02,800000
R01621,2025-08-07,Lekki Phase 1,Mini flat,1,1,,0,0,1,,4.24,700000
R02344,2025-08-07,Victoria Island,Self-contain,1,1,29.0,1,1,1,2019.0,0.68,1500000
R02057,2025-08-08,Lekki (Chevron-Ajah),Terrace duplex,4,4,153.0,1,0,1,2008.0,1.75,1700000
R01721,2025-08-08,Lekki Phase 1,Mini flat,1,1,54.0,1,0,2,2009.0,0.92,2100000
R01348,2025-08-08,Ikeja GRA,Flat,3,3,148.0,0,0,1,1987.0,0.24,2500000
R00969,2025-08-08,Victoria Island,Flat,2,2,98.0,0,0,3,2023.0,1.56,2650000
R00932,2025-08-08,Ajah,Mini flat,1,1,38.0,0,0,3,1999.0,1.16,350000
R01846,2025-08-08,Gbagada,Mini flat,1,2,41.0,1,0,1,2008.0,0.77,450000
R02112,2025-08-08,Victoria Island,Detached duplex,4,5,224.0,1,0,1,2006.0,0.54,8150000
R02238,2025-08-09,Lekki Phase 1,Flat,2,2,,0,0,2,2003.0,0.66,2450000
R00228,2025-08-09,Ikoyi,Self-contain,1,1,23.0,1,0,0,2010.0,2.73,850000
R02221,2025-08-09,Gbagada,Flat,3,4,110.0,0,0,2,2023.0,1.06,1150000
R02437,2025-08-09,Gbagada,Self-contain,1,1,,1,0,1,2012.0,0.67,400000
R01447,2025-08-09,Gbagada,Detached duplex,4,3,221.0,0,0,1,1998.0,0.92,1900000
R01327,2025-08-09,Yaba,Flat,3,2,153.0,0,0,2,2019.0,0.41,1600000
R01155,2025-08-09,Yaba,Flat,3,3,131.0,0,0,2,2014.0,0.79,1600000
R01817,2025-08-09,Ikoyi,Terrace duplex,4,5,186.0,0,0,1,1997.0,0.16,5900000
R01507,2025-08-09,Lekki Phase 1,Flat,3,4,114.0,1,1,2,2022.0,0.05,5550000
R01370,2025-08-10,Egbeda,Mini flat,1,1,29.0,0,0,2,1991.0,0.59,150000
R01020,2025-08-10,Lekki Phase 1,Detached duplex,4,5,204.0,0,0,2,,0.68,5400000
R00247,2025-08-10,Egbeda,Mini flat,1,1,47.0,0,0,0,2014.0,1.85,200000
R02498,2025-08-10,Lekki (Chevron-Ajah),Mini flat,1,1,44.0,1,0,2,2004.0,0.67,500000
R01939,2025-08-10,Ikeja,Detached duplex,4,4,217.0,0,0,2,2014.0,0.18,2450000
R01563,2025-08-10,Ikeja,Self-contain,1,2,24.0,0,0,0,1994.0,1.03,250000
R01758,2025-08-10,Ikeja,Self-contain,1,1,24.0,0,0,0,2020.0,1.03,200000
R00844,2025-08-10,Ikeja,Mini flat,1,1,47.0,0,0,2,2007.0,0.53,450000
R00138,2025-08-10,Yaba,Flat,3,4,154.0,1,0,1,2023.0,0.2,2150000
R00725,2025-08-11,Gbagada,Flat,2,1,85.0,1,0,2,2011.0,0.58,1050000
R00491,2025-08-11,Ikorodu,Terrace duplex,3,3,93.0,0,0,1,2007.0,0.65,400000
R01228,2025-08-11,Ajah,Self-contain,1,2,24.0,0,0,0,2005.0,2.28,150000
R00723,2025-08-11,Ikoyi,Self-contain,1,1,24.0,0,0,0,1990.0,1.77,450000
R00448,2025-08-11,Lekki (Chevron-Ajah),Flat,3,2,130.0,0,0,2,2024.0,3.68,1700000
R01150,2025-08-11,Lekki Phase 1,Mini flat,1,1,55.0,1,0,0,2007.0,0.76,1550000
R02371,2025-08-11,Gbagada,Mini flat,1,1,44.0,0,1,2,2022.0,2.42,550000
R00841,2025-08-11,Egbeda,Mini flat,1,1,44.0,0,0,0,2021.0,0.54,200000
R02107,2025-08-11,Surulere,Self-contain,1,1,30.0,0,0,0,1989.0,0.08,200000
R01627,2025-08-11,Ikoyi,Self-contain,1,1,32.0,1,0,1,1986.0,0.69,1150000
R00333,2025-08-12,Gbagada,Mini flat,1,1,43.0,0,0,2,2010.0,1.8,350000
R02382,2025-08-12,Victoria Island,Mini flat,1,1,47.0,0,0,1,2003.0,0.3,1150000
R01059,2025-08-12,Surulere,Flat,3,2,105.0,0,0,1,1985.0,0.74,900000
R02086,2025-08-12,Surulere,Flat,2,3,93.0,0,1,3,1991.0,1.25,1050000
R01462,2025-08-12,Ikeja,Flat,3,3,,1,0,0,2001.0,1.31,1400000
R02109,2025-08-12,Ikeja GRA,Mini flat,1,1,,0,0,3,1992.0,1.03,850000
R00892,2025-08-12,Ikorodu,Terrace duplex,3,3,98.0,0,1,2,2016.0,0.68,500000
R01911,2025-08-12,Lekki (Chevron-Ajah),Detached duplex,4,4,,0,0,1,2020.0,1.48,2650000
R01675,2025-08-12,Lekki Phase 1,Terrace duplex,3,3,126.0,1,0,1,2024.0,3.37,3100000
R01583,2025-08-12,Victoria Island,Mini flat,1,2,55.0,1,0,1,2003.0,1.06,1850000
R01829,2025-08-12,Ajah,Mini flat,1,1,49.0,0,0,1,1990.0,0.09,450000
R02494,2025-08-13,Ikoyi,Terrace duplex,3,4,167.0,0,0,1,2012.0,0.29,5050000
R00917,2025-08-13,Gbagada,Flat,2,2,113.0,0,0,2,1989.0,1.27,1050000
R02339,2025-08-13,Yaba,Flat,2,2,105.0,1,0,0,1990.0,0.05,1400000
R01951,2025-08-13,Lekki (Chevron-Ajah),Self-contain,1,1,29.0,0,0,1,2005.0,1.12,300000
R01206,2025-08-13,Ikeja,Flat,2,1,101.0,0,0,3,2008.0,0.12,900000
R01530,2025-08-13,Egbeda,Flat,2,2,84.0,0,0,2,2005.0,0.79,400000
R00209,2025-08-13,Yaba,Self-contain,1,2,30.0,0,0,0,1990.0,1.11,250000
R00954,2025-08-13,Victoria Island,Self-contain,1,1,28.0,0,0,0,2021.0,0.51,800000
R01681,2025-08-13,Lekki (Chevron-Ajah),Mini flat,1,2,55.0,0,0,0,2024.0,1.19,500000
R00082,2025-08-13,Ikeja GRA,Flat,2,1,105.0,0,1,2,2008.0,0.18,2400000
R02456,2025-08-14,Gbagada,Self-contain,1,1,20.0,0,0,0,2009.0,1.15,150000
R01077,2025-08-14,Ikeja,Mini flat,1,2,30.0,0,0,1,1996.0,0.51,200000
R02458,2025-08-14,Lekki (Chevron-Ajah),Mini flat,1,1,37.0,0,0,0,1992.0,0.21,400000
R00614,2025-08-14,Gbagada,Flat,2,1,104.0,0,0,3,1986.0,0.05,1050000
R00955,2025-08-14,Gbagada,Flat,3,3,146.0,0,0,0,,1.2,1100000
R01149,2025-08-14,Ajah,Self-contain,1,2,29.0,1,0,0,2005.0,1.16,200000
R01159,2025-08-14,Lekki Phase 1,Detached duplex,4,5,239.0,1,1,2,1995.0,0.67,8600000
R01557,2025-08-14,Egbeda,Mini flat,1,1,42.0,0,0,3,1992.0,0.72,150000
R02485,2025-08-15,Lekki Phase 1,Flat,2,1,70.0,0,0,3,1992.0,0.59,1200000
R01169,2025-08-15,Surulere,Detached duplex,4,3,241.0,1,0,1,2017.0,0.4,2900000
R00674,2025-08-15,Ajah,Detached duplex,5,4,260.0,0,0,1,2008.0,1.26,1800000
R02181,2025-08-15,Ikorodu,Flat,3,3,110.0,0,1,1,2002.0,0.13,600000
R00963,2025-08-15,Ikeja,Self-contain,1,1,30.0,0,0,1,1997.0,1.03,300000
R01230,2025-08-15,Ikeja,Flat,3,4,134.0,0,1,1,1996.0,1.97,1400000
R00898,2025-08-15,Lekki Phase 1,Self-contain,1,2,25.0,1,0,0,1998.0,1.72,700000
R01070,2025-08-15,Lekki Phase 1,Flat,3,4,125.0,1,0,0,2015.0,0.33,3200000
R00819,2025-08-16,Ajah,Terrace duplex,3,3,110.0,0,0,3,2022.0,0.48,1000000
R01001,2025-08-16,Ajah,Flat,2,3,69.0,0,1,0,1989.0,0.32,500000
R01596,2025-08-16,Ikoyi,Terrace duplex,4,3,,0,0,2,1985.0,0.61,3500000
R00882,2025-08-16,Victoria Island,Flat,2,2,93.0,0,0,3,1993.0,0.05,2550000
R02067,2025-08-16,Lekki Phase 1,Flat,3,2,136.0,1,0,1,2022.0,0.33,3450000
R00751,2025-08-16,Victoria Island,Flat,3,3,150.0,0,0,1,2022.0,1.13,6000000
R00901,2025-08-16,Yaba,Detached duplex,4,4,198.0,0,0,1,2008.0,3.04,2000000
R01777,2025-08-16,Victoria Island,Self-contain,1,2,17.0,0,0,0,2024.0,0.11,500000
R01606,2025-08-16,Egbeda,Terrace duplex,4,3,192.0,0,0,1,2002.0,0.78,1000000
R01891,2025-08-16,Ikeja,Flat,2,1,106.0,0,0,1,2007.0,1.46,850000
R01946,2025-08-16,Ikeja,Mini flat,1,1,34.0,1,0,1,1986.0,2.02,450000
R01319,2025-08-17,Victoria Island,Mini flat,1,1,57.0,0,1,0,2019.0,0.75,1700000
R01207,2025-08-17,Ajah,Mini flat,1,1,38.0,0,0,2,2024.0,0.2,250000
R00298,2025-08-17,Ajah,Detached duplex,4,5,200.0,0,0,0,2009.0,1.92,1650000
R01430,2025-08-17,Lekki Phase 1,Detached duplex,4,3,224.0,0,0,1,2024.0,2.9,5300000
R00570,2025-08-17,Ikeja,Flat,3,3,152.0,0,0,2,2006.0,0.75,1250000
R01452,2025-08-17,Ikeja,Flat,2,2,83.0,0,0,1,1989.0,1.22,800000
R00513,2025-08-17,Ikeja GRA,Detached duplex,4,3,253.0,0,1,0,1992.0,2.64,3300000
R00640,2025-08-17,Victoria Island,Detached duplex,4,4,226.0,1,0,1,2010.0,3.84,6550000
R01705,2025-08-18,Ikorodu,Mini flat,1,2,53.0,1,0,2,2010.0,0.23,250000
R00483,2025-08-18,Lekki Phase 1,Flat,2,2,95.0,1,0,1,2022.0,0.27,2700000
R00397,2025-08-18,Lekki Phase 1,Flat,3,4,132.0,1,0,1,1992.0,0.65,3900000
R00921,2025-08-18,Surulere,Terrace duplex,3,3,108.0,0,1,3,2012.0,1.48,1300000
R01368,2025-08-18,Victoria Island,Mini flat,1,1,40.0,1,0,1,2022.0,0.61,1300000
R00693,2025-08-18,Victoria Island,Flat,3,2,158.0,1,0,1,2014.0,0.21,5600000
R01041,2025-08-18,Lekki Phase 1,Flat,3,2,122.0,0,0,2,2019.0,0.18,2900000
R00687,2025-08-18,Ikoyi,Terrace duplex,4,4,201.0,1,0,2,2002.0,1.08,7850000
R01685,2025-08-18,Surulere,Flat,2,2,90.0,0,0,1,2013.0,0.56,700000
R00956,2025-08-18,Lekki Phase 1,Flat,2,2,100.0,1,0,2,2005.0,0.57,2800000
R00447,2025-08-18,Ikoyi,Flat,3,4,136.0,0,0,0,1990.0,0.75,4300000
R00401,2025-08-19,Lekki (Chevron-Ajah),Detached duplex,4,5,207.0,0,0,3,2011.0,1.28,2950000
R01397,2025-08-19,Ajah,Mini flat,1,1,52.0,0,0,1,2017.0,0.93,350000
R01294,2025-08-19,Surulere,Mini flat,1,1,49.0,0,0,1,2011.0,0.35,500000
R00484,2025-08-19,Ajah,Flat,2,2,117.0,0,0,1,1985.0,0.25,650000
R00990,2025-08-19,Victoria Island,Flat,2,2,121.0,1,0,2,2016.0,1.12,4650000
R02090,2025-08-19,Ajah,Flat,3,3,108.0,0,0,1,,0.36,600000
R00248,2025-08-20,Ikoyi,Flat,2,2,119.0,0,0,3,2001.0,2.1,3350000
R00700,2025-08-20,Ikoyi,Self-contain,1,1,28.0,1,0,0,2010.0,0.42,1000000
R01437,2025-08-20,Gbagada,Flat,2,3,93.0,0,0,1,1992.0,0.59,850000
R00971,2025-08-20,Lekki (Chevron-Ajah),Mini flat,1,2,41.0,0,0,2,1988.0,2.94,550000
R02420,2025-08-20,Egbeda,Flat,3,3,131.0,0,0,2,2001.0,1.76,550000
R01066,2025-08-20,Ikorodu,Mini flat,1,1,40.0,1,0,1,2005.0,1.79,200000
R01649,2025-08-20,Ikeja,Flat,3,3,,0,0,0,2006.0,3.87,1100000
R01840,2025-08-20,Lekki Phase 1,Self-contain,1,1,36.0,0,0,1,1999.0,0.37,650000
R02252,2025-08-20,Victoria Island,Mini flat,1,1,50.0,1,0,1,1993.0,0.18,1650000
R01075,2025-08-21,Surulere,Detached duplex,4,5,240.0,0,0,0,1994.0,0.77,2300000
R01726,2025-08-21,Lekki Phase 1,Detached duplex,4,3,217.0,1,0,2,2016.0,2.02,5450000
R02438,2025-08-21,Lekki Phase 1,Flat,3,3,130.0,1,0,1,1990.0,0.62,3450000
R01961,2025-08-21,Lekki (Chevron-Ajah),Mini flat,1,1,39.0,1,0,1,2002.0,0.46,600000
R01168,2025-08-21,Victoria Island,Self-contain,1,2,19.0,1,0,0,2009.0,0.08,600000
R02175,2025-08-21,Lekki Phase 1,Flat,3,3,136.0,1,0,1,2009.0,0.63,4500000
R01418,2025-08-21,Ajah,Detached duplex,4,5,253.0,0,0,1,1986.0,1.4,1600000
R00409,2025-08-21,Yaba,Self-contain,1,2,35.0,0,0,0,1985.0,0.14,450000
R00477,2025-08-21,Yaba,Terrace duplex,3,4,158.0,1,0,3,1998.0,0.91,2100000
R02328,2025-08-21,Ikorodu,Terrace duplex,3,3,116.0,0,1,1,2013.0,0.46,650000
R01872,2025-08-21,Egbeda,Flat,3,3,107.0,0,0,3,2013.0,0.49,500000
R00342,2025-08-21,Ikoyi,Detached duplex,5,4,299.0,1,0,3,1986.0,0.3,14450000
R00419,2025-08-21,Ikeja GRA,Flat,3,3,115.0,0,0,0,2011.0,0.91,1950000
R00583,2025-08-22,Yaba,Flat,3,2,139.0,1,0,0,1989.0,1.04,1450000
R00183,2025-08-22,Egbeda,Self-contain,1,2,29.0,0,0,0,2019.0,0.74,150000
R01936,2025-08-22,Yaba,Mini flat,1,1,40.0,0,0,0,2018.0,1.69,400000
R00088,2025-08-22,Yaba,Mini flat,1,1,49.0,0,0,1,1995.0,1.19,500000
R00524,2025-08-22,Egbeda,Mini flat,1,1,44.0,0,0,2,2015.0,0.34,200000
R00960,2025-08-22,Lekki (Chevron-Ajah),Flat,3,3,123.0,1,0,1,1991.0,0.89,1950000
R02370,2025-08-22,Lekki Phase 1,Self-contain,1,1,25.0,0,0,0,1988.0,0.28,350000
R02197,2025-08-22,Ajah,Self-contain,1,1,24.0,1,0,1,2018.0,0.58,300000
R00922,2025-08-22,Yaba,Flat,3,4,152.0,0,0,3,2020.0,0.1,2200000
R02028,2025-08-22,Lekki Phase 1,Detached duplex,5,5,243.0,0,0,2,2007.0,0.35,5950000
R01271,2025-08-22,Gbagada,Flat,2,1,106.0,0,0,2,2021.0,0.51,1800000
R02113,2025-08-22,Lekki (Chevron-Ajah),Mini flat,1,1,44.0,0,0,1,1985.0,0.84,450000
R00434,2025-08-22,Lekki (Chevron-Ajah),Self-contain,1,1,32.0,0,0,0,1999.0,1.02,350000
R00659,2025-08-22,Ikeja,Flat,3,2,118.0,0,0,1,1998.0,1.56,1000000
R00300,2025-08-22,Yaba,Detached duplex,5,4,279.0,1,0,2,2011.0,2.87,4050000
R01350,2025-08-22,Ikeja,Mini flat,1,1,47.0,0,0,2,2008.0,0.65,500000
R00199,2025-08-22,Ikoyi,Mini flat,1,1,,1,0,2,2002.0,1.68,1200000
R02360,2025-08-22,Lekki Phase 1,Flat,2,3,91.0,0,0,2,,0.1,1650000
R01599,2025-08-23,Yaba,Flat,3,2,149.0,0,0,0,2015.0,0.85,1600000
R01002,2025-08-23,Lekki Phase 1,Flat,3,4,119.0,1,0,2,1992.0,0.97,3750000
R01064,2025-08-23,Ikorodu,Flat,3,3,128.0,0,0,1,2011.0,1.91,700000
R00706,2025-08-23,Ikeja GRA,Mini flat,1,2,,0,0,2,1993.0,0.42,650000
R00007,2025-08-23,Ikeja,Detached duplex,5,4,275.0,0,0,3,2008.0,1.56,3400000
R00579,2025-08-23,Lekki (Chevron-Ajah),Self-contain,1,1,19.0,0,0,0,1988.0,0.49,200000
R01994,2025-08-23,Ikeja GRA,Flat,3,3,158.0,0,0,0,2022.0,1.64,2400000
R00764,2025-08-23,Gbagada,Flat,2,2,118.0,0,0,1,2012.0,1.15,1300000
R01636,2025-08-23,Victoria Island,Flat,2,1,57.0,0,0,1,2007.0,1.57,1450000
R01217,2025-08-23,Lekki Phase 1,Flat,3,3,108.0,1,0,1,2000.0,1.58,3200000
R01444,2025-08-23,Lekki (Chevron-Ajah),Mini flat,1,1,47.0,0,0,1,2008.0,3.17,550000
R01223,2025-08-23,Yaba,Flat,2,1,59.0,0,0,2,1994.0,0.75,600000
R00760,2025-08-24,Lekki (Chevron-Ajah),Flat,2,2,125.0,0,1,0,2010.0,1.89,2350000
R02443,2025-08-24,Ikeja,Flat,3,2,134.0,0,0,1,2002.0,0.34,1200000
R02050,2025-08-24,Gbagada,Flat,3,2,114.0,1,0,1,1993.0,0.13,1450000
R00644,2025-08-24,Ikeja,Flat,2,2,81.0,0,0,1,2004.0,0.36,650000
R01785,2025-08-24,Ikorodu,Self-contain,1,1,27.0,1,0,0,2010.0,0.86,250000
R01423,2025-08-24,Victoria Island,Flat,3,4,95.0,1,0,1,2012.0,0.25,3700000
R02191,2025-08-24,Ikeja GRA,Flat,3,3,116.0,0,0,1,1989.0,2.85,1550000
R01517,2025-08-24,Egbeda,Mini flat,1,1,56.0,0,0,1,1987.0,0.46,200000
R01689,2025-08-24,Surulere,Mini flat,1,2,53.0,0,0,2,2011.0,1.94,400000
R02095,2025-08-25,Egbeda,Self-contain,1,1,29.0,0,0,1,2019.0,0.23,150000
R00344,2025-08-25,Ajah,Terrace duplex,3,4,113.0,0,0,2,2015.0,0.67,800000
R00563,2025-08-25,Ikorodu,Detached duplex,5,4,241.0,1,0,2,2007.0,2.32,1250000
R01190,2025-08-25,Lekki Phase 1,Detached duplex,6,7,301.0,0,0,2,1987.0,0.5,5900000
R01163,2025-08-25,Gbagada,Terrace duplex,4,3,183.0,0,0,1,1998.0,0.12,2250000
R00701,2025-08-25,Ikeja,Mini flat,1,1,45.0,0,0,1,1995.0,0.73,400000
R01658,2025-08-25,Gbagada,Detached duplex,5,4,246.0,0,0,1,2008.0,0.13,2450000
R02233,2025-08-25,Ajah,Mini flat,1,1,32.0,1,0,2,,2.35,300000
R00771,2025-08-25,Lekki (Chevron-Ajah),Detached duplex,4,4,,0,0,1,2017.0,0.53,3200000
R00872,2025-08-25,Ajah,Flat,2,3,66.0,0,0,3,1987.0,2.85,400000
R00561,2025-08-25,Ikorodu,Flat,2,1,94.0,1,0,1,2009.0,1.47,450000
R02125,2025-08-25,Ajah,Flat,2,2,93.0,1,0,0,2019.0,1.1,900000
R01601,2025-08-25,Gbagada,Mini flat,1,1,39.0,0,0,2,2004.0,0.28,400000
R00755,2025-08-26,Ajah,Detached duplex,4,4,226.0,0,0,1,2023.0,0.05,1750000
R01094,2025-08-26,Egbeda,Flat,3,3,158.0,1,0,3,1996.0,0.81,1350000
R02005,2025-08-26,Ikorodu,Flat,2,3,,0,0,1,1986.0,1.48,300000
R01820,2025-08-26,Ikeja GRA,Detached duplex,4,3,225.0,0,0,2,2009.0,0.12,3250000
R01789,2025-08-26,Lekki Phase 1,Mini flat,1,1,50.0,0,0,2,2007.0,1.72,950000
R00268,2025-08-26,Egbeda,Self-contain,1,2,27.0,0,1,0,1993.0,0.31,100000
R00020,2025-08-26,Gbagada,Flat,2,2,89.0,0,0,1,2021.0,3.94,650000
R02218,2025-08-26,Ikorodu,Self-contain,1,1,28.0,0,1,0,2019.0,2.0,150000
R02266,2025-08-26,Ikoyi,Flat,2,3,108.0,0,0,3,1989.0,0.92,2350000
R00169,2025-08-27,Ajah,Flat,2,2,89.0,1,1,0,2007.0,0.43,1000000
R00597,2025-08-27,Yaba,Mini flat,1,2,58.0,0,1,2,2011.0,0.08,700000
R01408,2025-08-27,Lekki Phase 1,Flat,3,3,127.0,1,0,1,2001.0,1.84,3300000
R01861,2025-08-27,Lekki (Chevron-Ajah),Terrace duplex,3,3,108.0,0,0,2,2007.0,0.16,1500000
R00094,2025-08-27,Yaba,Flat,2,1,,1,0,3,2012.0,0.9,900000
R01975,2025-08-27,Surulere,Flat,3,3,146.0,0,0,3,2003.0,0.23,1500000
R02278,2025-08-27,Yaba,Flat,2,1,94.0,1,1,2,2023.0,0.49,1550000
R01526,2025-08-27,Lekki Phase 1,Flat,2,3,102.0,1,0,3,2005.0,0.83,3050000
R01467,2025-08-27,Ajah,Flat,2,3,82.0,0,0,0,1989.0,0.11,600000
R01867,2025-08-27,Lekki Phase 1,Terrace duplex,3,3,139.0,1,0,2,1996.0,0.19,3700000
R00576,2025-08-27,Yaba,Detached duplex,4,4,228.0,1,0,1,2022.0,0.65,3100000
R01642,2025-08-28,Egbeda,Terrace duplex,4,4,,0,0,2,2021.0,0.07,800000
R02326,2025-08-28,Ajah,Detached duplex,4,4,209.0,0,0,1,1985.0,0.56,1650000
R00072,2025-08-28,Gbagada,Self-contain,1,1,27.0,0,0,0,2022.0,1.53,250000
R00786,2025-08-28,Surulere,Mini flat,1,1,42.0,0,0,1,2019.0,0.49,350000
R01036,2025-08-28,Surulere,Flat,2,2,104.0,0,0,1,2020.0,0.89,1450000
R01026,2025-08-28,Yaba,Self-contain,1,1,29.0,0,0,1,1985.0,0.73,200000
R01556,2025-08-28,Gbagada,Self-contain,1,1,38.0,0,1,0,2003.0,0.55,650000
R00959,2025-08-28,Gbagada,Mini flat,1,2,45.0,0,0,1,2023.0,0.08,600000
R00756,2025-08-28,Ikorodu,Flat,2,2,63.0,0,0,0,2018.0,0.91,250000
R00991,2025-08-28,Ikeja,Flat,2,2,75.0,0,0,3,2001.0,0.44,650000
R00641,2025-08-28,Ajah,Mini flat,1,1,44.0,1,0,2,2020.0,1.69,450000
R01034,2025-08-28,Ikoyi,Flat,2,3,90.0,0,0,1,1998.0,0.76,3300000
R00729,2025-08-28,Victoria Island,Self-contain,1,1,27.0,0,0,1,2017.0,0.81,750000
R01784,2025-08-29,Surulere,Detached duplex,5,5,258.0,0,1,1,1990.0,1.24,2500000
R00775,2025-08-29,Surulere,Flat,3,3,155.0,0,0,1,1998.0,0.7,1400000
R02025,2025-08-29,Ajah,Detached duplex,5,5,,0,0,3,1986.0,0.95,1900000
R02081,2025-08-29,Surulere,Flat,2,1,87.0,1,0,1,1999.0,0.62,1050000
R00325,2025-08-30,Ajah,Terrace duplex,3,3,125.0,0,1,0,1992.0,0.85,850000
R00568,2025-08-30,Surulere,Self-contain,1,2,23.0,1,0,0,2015.0,1.48,250000
R01344,2025-08-30,Surulere,Terrace duplex,3,2,140.0,0,0,2,1993.0,2.14,1300000
R01990,2025-08-30,Ajah,Terrace duplex,4,4,135.0,0,0,2,1992.0,0.53,950000
R00916,2025-08-31,Lekki Phase 1,Mini flat,1,2,43.0,1,0,3,2016.0,0.68,1200000
R00382,2025-08-31,Lekki Phase 1,Self-contain,1,2,29.0,1,0,0,1985.0,2.04,750000
R00126,2025-08-31,Lekki (Chevron-Ajah),Flat,3,3,132.0,1,0,0,2023.0,1.1,2250000
R00175,2025-08-31,Lekki (Chevron-Ajah),Flat,2,2,89.0,0,0,3,2014.0,1.27,1300000
R02313,2025-08-31,Victoria Island,Terrace duplex,4,3,179.0,0,0,1,1988.0,0.62,4350000
R01267,2025-08-31,Gbagada,Flat,3,4,113.0,0,0,1,2011.0,0.75,1100000
R00611,2025-08-31,Victoria Island,Flat,2,2,95.0,1,1,1,2013.0,0.64,4700000
R00089,2025-08-31,Ajah,Self-contain,1,1,,0,1,1,1998.0,0.29,150000
R00981,2025-08-31,Ikoyi,Flat,2,1,107.0,1,0,2,2020.0,1.37,3150000
R02334,2025-09-01,Surulere,Flat,3,4,161.0,0,0,2,2024.0,2.48,1200000
R01770,2025-09-01,Yaba,Detached duplex,4,3,198.0,0,0,1,2021.0,0.61,2400000
R02347,2025-09-01,Lekki Phase 1,Flat,2,3,97.0,1,0,0,1998.0,0.05,2450000
R01417,2025-09-01,Egbeda,Detached duplex,4,3,202.0,0,0,0,1995.0,0.14,1050000
R01564,2025-09-01,Lekki Phase 1,Detached duplex,5,5,268.0,1,0,1,2013.0,2.69,6600000
R02325,2025-09-01,Surulere,Terrace duplex,4,3,170.0,1,0,1,2014.0,0.55,1900000
R02389,2025-09-01,Ikorodu,Flat,3,3,122.0,0,0,3,1994.0,1.65,500000
R02347,2025-09-01,Lekki Phase 1,Flat,2,3,97.0,1,0,0,1998.0,0.05,2450000
R02189,2025-09-01,Victoria Island,Flat,2,2,79.0,1,0,2,1995.0,0.24,2550000
R01615,2025-09-01,Ikeja,Flat,2,1,87.0,0,1,0,1998.0,1.11,1000000
R00529,2025-09-01,Egbeda,Detached duplex,4,4,238.0,0,0,2,2011.0,0.53,1200000
R01081,2025-09-01,Lekki (Chevron-Ajah),Flat,2,3,99.0,0,0,2,2018.0,0.09,1400000
R00800,2025-09-02,Surulere,Terrace duplex,4,4,156.0,0,1,2,2009.0,0.54,1950000
R01214,2025-09-02,Gbagada,Mini flat,1,2,59.0,0,0,1,2013.0,0.53,600000
R02205,2025-09-02,Ajah,Flat,3,3,144.0,0,0,0,2015.0,0.23,1250000
R00903,2025-09-02,Lekki (Chevron-Ajah),Flat,2,2,105.0,0,0,2,2007.0,1.93,1250000
R01508,2025-09-02,Ikeja,Detached duplex,5,6,294.0,0,0,1,1985.0,1.26,2750000
R00911,2025-09-02,Egbeda,Terrace duplex,4,4,191.0,0,0,0,1997.0,0.07,850000
R02230,2025-09-02,Ikorodu,Flat,2,2,84.0,0,0,1,1995.0,0.69,350000
R00303,2025-09-02,Surulere,Self-contain,1,1,23.0,0,0,0,2018.0,1.87,150000
R02084,2025-09-02,Ikeja,Detached duplex,6,6,328.0,0,0,2,1995.0,0.31,3350000
R00650,2025-09-02,Surulere,Detached duplex,4,5,,0,0,0,2024.0,1.4,2500000
R00797,2025-09-02,Lekki (Chevron-Ajah),Detached duplex,5,5,269.0,0,0,0,2018.0,0.1,3400000
R00252,2025-09-02,Surulere,Mini flat,1,2,50.0,0,0,1,2013.0,1.64,450000
R02316,2025-09-03,Victoria Island,Terrace duplex,3,4,125.0,1,1,1,2005.0,0.75,5950000
R00249,2025-09-03,Ikeja GRA,Mini flat,1,1,27.0,0,0,0,1999.0,6.0,350000
R01309,2025-09-03,Ikoyi,Detached duplex,5,5,305.0,1,0,1,1992.0,0.16,10500000
R00750,2025-09-03,Lekki (Chevron-Ajah),Mini flat,1,1,46.0,0,0,2,2002.0,0.11,650000
R01199,2025-09-03,Ajah,Flat,2,1,95.0,0,0,1,2006.0,0.42,600000
R01436,2025-09-03,Yaba,Terrace duplex,3,3,123.0,1,0,1,2000.0,0.3,1800000
R00113,2025-09-03,Lekki (Chevron-Ajah),Terrace duplex,3,3,126.0,0,0,1,1987.0,0.59,1400000
R00422,2025-09-04,Ajah,Detached duplex,5,6,270.0,1,0,1,,0.21,2100000
R00234,2025-09-04,Lekki (Chevron-Ajah),Terrace duplex,4,5,145.0,1,0,2,1991.0,2.02,1950000
R01875,2025-09-04,Surulere,Detached duplex,4,4,256.0,0,0,2,2013.0,0.7,2150000
R02277,2025-09-04,Lekki Phase 1,Flat,2,2,97.0,0,0,3,2024.0,1.57,2400000
R02354,2025-09-04,Yaba,Detached duplex,5,5,287.0,0,0,1,2000.0,3.08,2100000
R01283,2025-09-04,Lekki Phase 1,Mini flat,1,2,43.0,1,0,0,1997.0,0.28,1000000
R01173,2025-09-04,Gbagada,Mini flat,1,1,22.0,0,0,2,,1.71,200000
R01127,2025-09-04,Lekki (Chevron-Ajah),Mini flat,1,1,41.0,0,0,1,2020.0,0.18,600000
R02231,2025-09-04,Gbagada,Mini flat,1,1,43.0,0,0,2,1994.0,0.66,450000
R00647,2025-09-04,Gbagada,Flat,2,3,77.0,0,0,1,2002.0,0.66,800000
R00223,2025-09-05,Ikeja,Mini flat,1,2,48.0,0,0,0,1992.0,0.53,600000
R01841,2025-09-05,Lekki Phase 1,Flat,2,2,,1,0,2,2022.0,1.1,3250000
R01960,2025-09-05,Lekki Phase 1,Mini flat,1,1,46.0,1,0,0,2001.0,1.27,1100000
R02322,2025-09-05,Lekki (Chevron-Ajah),Flat,3,3,137.0,1,0,2,2009.0,0.19,1650000
R01464,2025-09-05,Lekki Phase 1,Flat,2,1,86.0,1,0,2,2018.0,2.26,2250000
R01925,2025-09-05,Ikoyi,Flat,3,3,146.0,0,1,1,1998.0,0.6,6150000
R01305,2025-09-05,Ajah,Self-contain,1,1,28.0,0,0,1,2008.0,1.0,150000
R00223,2025-09-05,Ikeja,Mini flat,1,2,48.0,0,0,0,1992.0,0.53,600000
R00738,2025-09-05,Lekki Phase 1,Flat,2,3,91.0,0,0,3,2017.0,0.65,1800000
R01574,2025-09-05,Lekki (Chevron-Ajah),Flat,3,2,150.0,0,0,2,2009.0,0.59,2150000
R00264,2025-09-05,Lekki Phase 1,Detached duplex,4,4,229.0,1,0,2,2019.0,1.37,5850000
R01985,2025-09-05,Gbagada,Detached duplex,4,4,214.0,0,0,0,2010.0,0.74,1950000
R00042,2025-09-05,Ikeja,Mini flat,1,1,50.0,0,0,2,1996.0,0.66,550000
R00994,2025-09-06,Ajah,Flat,3,3,132.0,0,0,1,2007.0,2.03,1300000
R01406,2025-09-06,Gbagada,Flat,3,4,158.0,0,1,1,,0.19,1450000
R00858,2025-09-06,Surulere,Detached duplex,5,4,279.0,0,0,2,2020.0,0.83,4200000
R02374,2025-09-06,Lekki Phase 1,Flat,2,3,84.0,1,0,1,2023.0,1.06,2550000
R01992,2025-09-06,Surulere,Flat,3,4,135.0,0,0,0,1991.0,0.65,1300000
R02123,2025-09-06,Ikeja GRA,Mini flat,1,1,51.0,0,1,1,1993.0,0.44,1100000
R00530,2025-09-06,Ikeja,Flat,3,3,141.0,0,0,0,1990.0,0.97,1000000
R00938,2025-09-06,Ikorodu,Detached duplex,4,3,230.0,0,0,1,2019.0,0.39,1300000
R00369,2025-09-06,Victoria Island,Mini flat,1,1,,0,0,3,1998.0,2.03,750000
R00219,2025-09-07,Ajah,Terrace duplex,4,4,153.0,0,0,0,2017.0,1.17,1150000
R02477,2025-09-07,Lekki (Chevron-Ajah),Mini flat,1,2,45.0,0,0,1,2023.0,0.4,750000
R00666,2025-09-07,Yaba,Self-contain,1,1,23.0,0,0,0,2002.0,0.72,250000
R00348,2025-09-07,Lekki Phase 1,Flat,2,1,93.0,0,0,1,1986.0,2.38,2100000
R01438,2025-09-07,Ajah,Detached duplex,6,6,286.0,1,0,2,2013.0,2.13,2800000
R01028,2025-09-07,Lekki (Chevron-Ajah),Flat,3,3,135.0,0,0,2,1991.0,0.62,2300000
R01915,2025-09-07,Ikorodu,Terrace duplex,3,3,150.0,0,0,3,1997.0,3.35,850000
R00076,2025-09-07,Surulere,Mini flat,1,1,50.0,0,0,3,2006.0,0.65,600000
R01843,2025-09-07,Victoria Island,Flat,3,2,140.0,0,1,2,2011.0,1.59,4800000
R01374,2025-09-07,Victoria Island,Detached duplex,4,4,224.0,1,0,2,1987.0,0.68,6950000
R00698,2025-09-07,Yaba,Flat,3,3,147.0,1,0,3,1995.0,1.31,2550000
R00608,2025-09-07,Victoria Island,Mini flat,1,1,44.0,0,0,2,2015.0,0.22,1000000
R01719,2025-09-07,Lekki (Chevron-Ajah),Terrace duplex,3,3,126.0,0,0,1,2011.0,0.2,1550000
R00367,2025-09-08,Surulere,Terrace duplex,3,4,137.0,0,1,3,1990.0,0.83,1650000
R02320,2025-09-08,Lekki (Chevron-Ajah),Flat,3,3,109.0,0,0,2,,0.54,1550000
R01402,2025-09-08,Gbagada,Mini flat,1,1,53.0,0,0,1,1988.0,1.27,550000
R01340,2025-09-08,Ikeja,Flat,2,2,,0,0,0,1995.0,1.35,700000
R00931,2025-09-08,Lekki (Chevron-Ajah),Mini flat,1,1,49.0,0,0,2,2000.0,0.9,800000
R00984,2025-09-09,Ikeja,Detached duplex,5,6,274.0,0,0,0,1990.0,0.53,1850000
R01024,2025-09-09,Ajah,Flat,3,4,72.0,0,1,1,2004.0,0.26,400000
R02364,2025-09-09,Ajah,Flat,3,2,138.0,1,0,1,1998.0,0.34,1600000
R02262,2025-09-09,Ikeja,Terrace duplex,4,4,165.0,0,0,1,1994.0,0.83,1850000
R02336,2025-09-09,Ikeja GRA,Detached duplex,4,4,225.0,0,0,2,2020.0,1.16,4700000
R00083,2025-09-09,Surulere,Mini flat,1,1,45.0,0,0,1,1988.0,0.95,350000
R02204,2025-09-10,Ikoyi,Flat,3,3,141.0,0,0,1,2020.0,1.49,4050000
R01273,2025-09-10,Ikeja,Mini flat,1,1,36.0,0,0,0,2004.0,0.3,350000
R02140,2025-09-10,Ajah,Flat,2,1,113.0,0,0,0,2004.0,0.8,700000
R00905,2025-09-10,Lekki (Chevron-Ajah),Flat,2,2,84.0,0,0,1,2003.0,0.87,1250000
R01343,2025-09-10,Ikoyi,Mini flat,1,1,47.0,1,0,0,2018.0,1.45,1800000
R01090,2025-09-10,Victoria Island,Flat,3,3,126.0,1,0,1,2018.0,0.09,6050000
R00945,2025-09-10,Ikeja GRA,Flat,2,2,96.0,0,0,3,2023.0,0.29,2100000
R00202,2025-09-10,Lekki Phase 1,Flat,2,1,71.0,0,0,1,2018.0,0.85,1650000
R00507,2025-09-10,Ikeja,Flat,2,3,103.0,0,0,1,1998.0,0.34,1100000
R01252,2025-09-10,Ikeja,Mini flat,1,2,55.0,0,0,3,2004.0,1.0,500000
R00039,2025-09-10,Ikeja,Self-contain,1,2,37.0,0,0,0,2004.0,1.61,250000
R02004,2025-09-11,Victoria Island,Flat,2,1,65.0,0,1,0,,0.32,2000000
R01270,2025-09-11,Lekki Phase 1,Terrace duplex,3,3,114.0,1,0,3,1994.0,0.82,4650000
R01512,2025-09-11,Victoria Island,Flat,2,3,100.0,1,0,2,1985.0,0.46,2700000
R01587,2025-09-11,Surulere,Mini flat,1,1,40.0,1,0,2,2013.0,0.83,700000
R01510,2025-09-11,Ikoyi,Terrace duplex,4,4,162.0,0,0,1,1990.0,2.49,3100000
R00027,2025-09-11,Lekki Phase 1,Mini flat,1,2,38.0,0,0,1,2005.0,0.79,1000000
R01210,2025-09-11,Gbagada,Terrace duplex,4,4,174.0,0,1,2,2003.0,0.84,2150000
R02331,2025-09-11,Gbagada,Mini flat,1,1,52.0,0,1,0,1994.0,0.54,600000
R01131,2025-09-11,Gbagada,Flat,3,2,169.0,0,0,0,1987.0,1.22,1600000
R01017,2025-09-11,Lekki (Chevron-Ajah),Self-contain,1,1,21.0,0,0,1,2002.0,2.05,200000
R00494,2025-09-12,Gbagada,Detached duplex,4,4,222.0,1,0,2,2022.0,0.46,3700000
R02192,2025-09-12,Ajah,Detached duplex,6,6,300.0,0,0,1,,0.69,2000000
R02247,2025-09-12,Lekki (Chevron-Ajah),Self-contain,1,2,23.0,0,0,1,2006.0,1.08,250000
R01349,2025-09-12,Surulere,Flat,3,3,158.0,0,0,2,,0.89,2250000
R01407,2025-09-12,Lekki Phase 1,Self-contain,1,2,25.0,0,0,0,1994.0,0.56,400000
R02242,2025-09-12,Ajah,Flat,3,2,,0,0,1,1989.0,0.75,800000
R02350,2025-09-12,Gbagada,Flat,2,3,114.0,0,0,2,2013.0,0.62,1000000
R00084,2025-09-12,Surulere,Flat,2,2,109.0,0,0,0,2014.0,1.81,1200000
R00783,2025-09-12,Ikorodu,Mini flat,1,1,36.0,0,0,2,,0.3,150000
R00512,2025-09-12,Lekki Phase 1,Terrace duplex,4,4,,0,0,2,,0.69,3150000
R00727,2025-09-13,Lekki (Chevron-Ajah),Detached duplex,4,3,221.0,1,0,2,2004.0,0.12,4100000
R01607,2025-09-13,Ikeja GRA,Self-contain,1,1,27.0,0,0,0,1988.0,0.71,300000
R01735,2025-09-13,Yaba,Detached duplex,5,5,243.0,0,0,1,2003.0,0.77,2650000
R02345,2025-09-13,Lekki (Chevron-Ajah),Flat,2,2,92.0,0,0,2,,0.05,1250000
R00982,2025-09-13,Gbagada,Terrace duplex,3,3,105.0,0,0,0,1994.0,1.95,950000
R00632,2025-09-13,Gbagada,Detached duplex,5,5,269.0,0,0,1,1991.0,0.21,2550000
R01593,2025-09-13,Yaba,Mini flat,1,1,48.0,0,0,2,1991.0,1.11,350000
R02402,2025-09-13,Lekki Phase 1,Terrace duplex,3,3,155.0,0,0,1,2012.0,3.69,2200000
R01565,2025-09-14,Lekki (Chevron-Ajah),Flat,2,1,,0,0,2,2016.0,0.41,1800000
R00040,2025-09-14,Yaba,Mini flat,1,1,47.0,1,0,0,1993.0,2.83,350000
R01389,2025-09-14,Lekki Phase 1,Flat,3,2,151.0,0,1,1,2021.0,1.4,4500000
R00761,2025-09-14,Ikoyi,Detached duplex,4,4,224.0,0,0,1,2011.0,0.2,8050000
R00350,2025-09-14,Gbagada,Detached duplex,5,6,253.0,0,0,1,1996.0,1.85,2950000
R02427,2025-09-14,Ajah,Terrace duplex,3,2,128.0,0,0,1,1993.0,0.23,1100000
R00313,2025-09-14,Lekki (Chevron-Ajah),Mini flat,1,1,55.0,0,0,3,2018.0,0.13,650000
R01300,2025-09-15,Ikorodu,Self-contain,1,2,32.0,0,0,1,2010.0,0.5,100000
R00724,2025-09-15,Egbeda,Flat,3,3,137.0,0,0,1,1990.0,0.19,650000
R00464,2025-09-15,Lekki Phase 1,Flat,2,2,93.0,0,0,2,1990.0,0.43,2050000
R02131,2025-09-15,Yaba,Mini flat,1,1,43.0,0,0,0,2021.0,2.45,400000
R00472,2025-09-15,Ikeja,Self-contain,1,1,29.0,0,0,1,1994.0,1.11,300000
R00569,2025-09-15,Gbagada,Flat,3,3,144.0,0,0,1,2004.0,0.22,1900000
R01398,2025-09-15,Lekki Phase 1,Detached duplex,5,5,245.0,0,0,2,1990.0,2.27,4750000
R02139,2025-09-15,Victoria Island,Self-contain,1,1,31.0,0,1,0,2008.0,2.25,1150000
R02468,2025-09-16,Ikeja,Detached duplex,4,3,266.0,0,0,2,2020.0,1.76,2500000
R01420,2025-09-16,Victoria Island,Flat,2,2,88.0,0,0,1,1996.0,0.95,2550000
R01422,2025-09-16,Victoria Island,Terrace duplex,4,5,203.0,1,0,1,2006.0,0.72,6350000
R01540,2025-09-16,Lekki (Chevron-Ajah),Flat,3,3,116.0,0,0,0,2015.0,0.28,1900000
R00532,2025-09-16,Yaba,Mini flat,1,1,42.0,0,0,2,2022.0,0.37,450000
R02451,2025-09-16,Lekki Phase 1,Terrace duplex,3,3,143.0,1,0,1,,1.09,4400000
R01478,2025-09-16,Yaba,Mini flat,1,1,41.0,1,0,0,1989.0,1.97,450000
R00220,2025-09-17,Surulere,Terrace duplex,3,3,106.0,0,0,1,2014.0,1.81,850000
R00993,2025-09-17,Ikeja,Flat,3,3,95.0,0,0,2,2024.0,0.4,800000
R01584,2025-09-17,Lekki (Chevron-Ajah),Mini flat,1,2,53.0,0,0,2,2000.0,0.7,600000
R00211,2025-09-17,Victoria Island,Terrace duplex,4,3,155.0,1,0,3,2007.0,2.94,6150000
R01331,2025-09-17,Yaba,Mini flat,1,1,38.0,1,1,1,1998.0,0.53,600000
R02078,2025-09-17,Gbagada,Flat,2,3,92.0,0,0,1,1998.0,0.72,1350000
R00456,2025-09-17,Surulere,Mini flat,1,1,51.0,0,0,1,,1.27,550000
R00894,2025-09-17,Ikoyi,Mini flat,1,1,45.0,0,0,0,2002.0,0.28,1300000
R01869,2025-09-18,Yaba,Mini flat,1,1,51.0,0,0,0,2006.0,0.93,700000
R02245,2025-09-18,Lekki Phase 1,Flat,2,2,94.0,1,0,1,1991.0,2.07,2350000
R02471,2025-09-18,Surulere,Mini flat,1,1,59.0,0,0,1,2004.0,0.8,500000
R01831,2025-09-18,Ikeja,Mini flat,1,1,38.0,0,1,3,2015.0,0.75,650000
R02439,2025-09-18,Victoria Island,Flat,2,2,108.0,0,0,1,2009.0,0.27,2200000
R01712,2025-09-18,Lekki Phase 1,Mini flat,1,1,49.0,1,0,1,2023.0,0.09,1150000
R00879,2025-09-18,Ikoyi,Detached duplex,4,4,253.0,0,0,0,,2.42,7950000
R00398,2025-09-18,Lekki (Chevron-Ajah),Self-contain,1,1,32.0,0,0,1,2007.0,2.47,400000
R00323,2025-09-18,Ikorodu,Mini flat,1,1,40.0,0,0,3,1992.0,0.76,150000
R00571,2025-09-19,Lekki (Chevron-Ajah),Terrace duplex,3,4,138.0,0,1,2,2015.0,0.89,2900000
R02101,2025-09-19,Ikeja,Self-contain,1,1,30.0,0,1,0,2005.0,0.36,300000
R01498,2025-09-19,Yaba,Flat,2,2,101.0,0,0,1,2017.0,0.31,1250000
R00241,2025-09-19,Ikoyi,Terrace duplex,3,3,118.0,1,0,1,2010.0,2.66,4950000
R01751,2025-09-19,Ikorodu,Mini flat,1,1,37.0,0,0,2,2009.0,1.08,150000
R01254,2025-09-19,Lekki (Chevron-Ajah),Flat,3,3,,0,0,2,2003.0,0.47,1450000
R00037,2025-09-19,Ikeja,Self-contain,1,1,17.0,0,0,0,1995.0,0.12,150000
R01242,2025-09-19,Ikorodu,Self-contain,1,1,31.0,0,0,0,1991.0,0.15,100000
R00759,2025-09-19,Ikorodu,Detached duplex,5,5,260.0,0,0,1,2018.0,1.61,1000000
R02130,2025-09-19,Ikorodu,Flat,3,3,105.0,0,0,1,2019.0,0.62,450000
R00410,2025-09-19,Ikeja GRA,Mini flat,1,1,43.0,0,0,2,1988.0,0.22,650000
R01263,2025-09-19,Yaba,Mini flat,1,2,41.0,0,0,1,2001.0,0.63,400000
R01848,2025-09-19,Lekki (Chevron-Ajah),Self-contain,1,2,25.0,0,1,0,1999.0,2.78,300000
R00827,2025-09-19,Victoria Island,Mini flat,1,1,45.0,1,0,1,2017.0,0.6,2200000
R01431,2025-09-19,Ajah,Detached duplex,4,4,247.0,0,0,3,2021.0,0.94,1750000
R00607,2025-09-20,Surulere,Terrace duplex,3,3,96.0,0,0,2,1994.0,1.95,800000
R02202,2025-09-20,Ikeja,Detached duplex,4,4,216.0,0,1,2,2008.0,1.7,2250000
R01021,2025-09-20,Ajah,Mini flat,1,2,55.0,0,0,3,2022.0,0.95,350000
R02051,2025-09-20,Egbeda,Mini flat,1,1,47.0,1,0,1,2024.0,0.29,250000
R02029,2025-09-20,Ikeja,Detached duplex,6,6,310.0,0,0,2,2009.0,2.12,3200000
R00630,2025-09-20,Lekki Phase 1,Mini flat,1,1,52.0,0,0,2,1991.0,2.61,1000000
R00560,2025-09-21,Ikeja GRA,Flat,2,2,114.0,0,0,1,1985.0,0.98,1600000
R01890,2025-09-21,Lekki Phase 1,Flat,2,2,62.0,0,0,1,,2.38,1550000
R01446,2025-09-21,Gbagada,Flat,2,2,,0,0,2,2005.0,1.67,400000
R02171,2025-09-21,Ikeja,Detached duplex,4,4,251.0,0,0,0,2013.0,1.68,2350000
R01929,2025-09-21,Ikorodu,Self-contain,1,2,32.0,0,0,0,1998.0,0.35,150000
R01133,2025-09-21,Ikorodu,Flat,2,2,94.0,0,0,2,1996.0,0.39,500000
R01763,2025-09-21,Lekki Phase 1,Mini flat,1,1,36.0,1,1,3,2016.0,0.12,1450000
R01213,2025-09-21,Ikeja,Mini flat,1,1,47.0,0,0,3,2008.0,0.41,500000
R00253,2025-09-21,Ikoyi,Self-contain,1,1,24.0,0,0,0,1991.0,0.65,450000
R01237,2025-09-21,Ikorodu,Self-contain,1,1,34.0,0,0,0,2021.0,1.69,150000
R00946,2025-09-21,Surulere,Self-contain,1,2,27.0,0,0,0,2022.0,0.52,350000
R02075,2025-09-21,Yaba,Mini flat,1,1,44.0,0,0,1,1992.0,3.06,300000
R00726,2025-09-21,Gbagada,Terrace duplex,4,5,161.0,0,0,2,1998.0,0.65,1400000
R00267,2025-09-22,Lekki Phase 1,Self-contain,1,1,28.0,1,0,1,2022.0,0.05,950000
R01999,2025-09-22,Egbeda,Flat,2,2,61.0,1,0,1,2009.0,1.91,450000
R00116,2025-09-22,Egbeda,Mini flat,1,1,45.0,1,0,1,1997.0,0.06,250000
R01000,2025-09-22,Gbagada,Flat,2,2,117.0,0,0,2,1996.0,0.59,1450000
R02225,2025-09-22,Lekki (Chevron-Ajah),Self-contain,1,1,37.0,0,0,0,1998.0,0.9,450000
R01152,2025-09-22,Lekki (Chevron-Ajah),Flat,2,1,87.0,0,0,1,2024.0,2.43,1050000
R01653,2025-09-22,Ikeja,Flat,2,1,91.0,0,0,3,2021.0,0.4,1050000
R00887,2025-09-22,Yaba,Flat,2,1,107.0,0,0,2,1998.0,1.76,1050000
R02129,2025-09-22,Ajah,Mini flat,1,1,46.0,0,1,3,1993.0,0.22,400000
R00022,2025-09-22,Victoria Island,Flat,3,3,144.0,0,0,2,1999.0,0.38,5100000
R00430,2025-09-22,Ikorodu,Mini flat,1,1,42.0,0,0,2,1990.0,1.15,200000
R02375,2025-09-23,Yaba,Terrace duplex,3,4,161.0,0,0,0,1985.0,0.57,1200000
R00079,2025-09-23,Lekki Phase 1,Terrace duplex,3,3,123.0,0,0,2,2007.0,0.14,2250000
R00157,2025-09-23,Ikeja GRA,Detached duplex,5,4,284.0,0,0,2,2001.0,0.74,3800000
R00920,2025-09-23,Surulere,Flat,3,4,114.0,0,0,2,1996.0,0.38,1150000
R01363,2025-09-23,Ikorodu,Mini flat,1,1,38.0,0,0,1,2002.0,1.11,150000
R00304,2025-09-23,Ajah,Terrace duplex,3,4,120.0,0,0,1,2017.0,0.44,800000
R02065,2025-09-24,Surulere,Flat,2,1,80.0,0,0,3,1998.0,1.04,850000
R00321,2025-09-24,Lekki (Chevron-Ajah),Self-contain,1,1,26.0,0,0,0,2002.0,0.93,300000
R00375,2025-09-24,Lekki (Chevron-Ajah),Flat,3,4,130.0,0,1,1,1999.0,2.28,1950000
R00019,2025-09-24,Yaba,Terrace duplex,3,2,129.0,0,0,2,2013.0,0.97,1300000
R00510,2025-09-24,Ajah,Flat,3,3,133.0,0,1,2,2011.0,0.08,1250000
R00340,2025-09-24,Ajah,Detached duplex,5,5,272.0,0,0,2,2005.0,0.41,2550000
R00453,2025-09-25,Victoria Island,Detached duplex,4,4,216.0,1,0,1,1992.0,0.25,7000000
R01525,2025-09-25,Surulere,Self-contain,1,1,26.0,0,0,0,2002.0,0.7,200000
R02111,2025-09-25,Ikorodu,Self-contain,1,1,29.0,0,0,0,2010.0,1.58,150000
R01499,2025-09-25,Gbagada,Detached duplex,4,5,220.0,0,0,0,2010.0,0.22,2250000
R01124,2025-09-25,Yaba,Self-contain,1,1,31.0,0,0,0,2001.0,0.3,150000
R00391,2025-09-25,Ajah,Self-contain,1,2,23.0,0,0,0,2003.0,0.66,150000
R01367,2025-09-25,Lekki (Chevron-Ajah),Mini flat,1,1,52.0,0,0,2,1999.0,0.49,700000
R00516,2025-09-25,Yaba,Flat,3,3,122.0,1,0,0,2009.0,0.62,1250000
R02157,2025-09-26,Surulere,Self-contain,1,1,32.0,0,0,0,1992.0,0.95,200000
R00506,2025-09-26,Ikeja,Mini flat,1,2,47.0,0,0,1,2017.0,1.76,350000
R01810,2025-09-26,Surulere,Flat,2,3,105.0,0,0,2,2018.0,1.65,1150000
R02000,2025-09-26,Lekki (Chevron-Ajah),Flat,2,2,,1,1,0,1986.0,0.97,1150000
R00343,2025-09-26,Ikeja,Self-contain,1,2,35.0,0,0,0,2000.0,0.68,300000
R01608,2025-09-26,Lekki Phase 1,Mini flat,1,1,41.0,1,1,2,2012.0,0.68,1550000
R01395,2025-09-26,Gbagada,Flat,3,2,100.0,0,0,1,,0.38,1050000
R00227,2025-09-26,Ikeja,Self-contain,1,1,28.0,0,0,1,1997.0,0.22,300000
R02346,2025-09-27,Lekki (Chevron-Ajah),Flat,2,2,85.0,0,0,2,2016.0,2.16,700000
R00562,2025-09-27,Lekki Phase 1,Flat,3,3,122.0,0,0,1,1991.0,0.86,2400000
R00446,2025-09-27,Lekki (Chevron-Ajah),Self-contain,1,2,24.0,0,0,1,1990.0,0.5,300000
R01806,2025-09-27,Victoria Island,Detached duplex,4,4,212.0,1,0,3,1985.0,0.78,10250000
R02085,2025-09-27,Ajah,Flat,3,2,109.0,0,0,2,1994.0,0.38,550000
R02047,2025-09-27,Ajah,Self-contain,1,1,30.0,0,0,0,2018.0,0.49,200000
R00246,2025-09-27,Lekki Phase 1,Self-contain,1,1,,1,0,1,1992.0,0.65,750000
R01012,2025-09-27,Lekki (Chevron-Ajah),Flat,3,3,129.0,0,0,0,2006.0,0.57,1650000
R01502,2025-09-27,Yaba,Mini flat,1,1,46.0,0,0,1,1996.0,0.35,400000
R01496,2025-09-27,Ikeja,Self-contain,1,1,29.0,0,0,1,1998.0,0.25,350000
R01380,2025-09-27,Victoria Island,Mini flat,1,1,35.0,0,0,1,1998.0,1.21,900000
R00655,2025-09-27,Ikorodu,Flat,2,3,140.0,0,1,1,2020.0,0.93,700000
