order_id,order_date,customer_id,category,units,unit_price_usd,discount,shipping_days,returned,rating
O00001,2024-01-01,C0702,Clothing,3,52.1,0.0,1,0,5.0
O00002,2024-01-01,C0126,Toys,2,29.82,0.15,2,0,5.0
O00003,2024-01-01,C1068,Sports & outdoors,2,35.49,0.1,2,0,4.0
O00004,2024-01-01,C0946,Toys,4,41.47,0.1,4,0,4.0
O00005,2024-01-01,C0727,Clothing,4,48.29,0.0,1,0,5.0
O00006,2024-01-01,C1979,Home & kitchen,4,108.72,0.0,5,0,4.0
O00007,2024-01-01,C1266,Clothing,1,31.62,0.2,2,0,4.0
O00008,2024-01-01,C1495,Home & kitchen,2,58.49,0.05,6,0,4.0
O00009,2024-01-01,C1125,Clothing,1,19.19,0.0,5,0,4.0
O00010,2024-01-01,C1763,Toys,3,24.2,0.2,2,0,4.0
O00011,2024-01-01,C1452,Sports & outdoors,1,108.13,0.0,4,0,3.0
O00012,2024-01-01,C1547,Electronics,1,500.4,0.1,3,0,5.0
O00013,2024-01-01,C0235,Electronics,2,114.98,0.15,6,0,5.0
O00014,2024-01-01,C1208,Toys,2,42.21,0.2,3,0,5.0
O00015,2024-01-01,C0171,Electronics,1,93.05,0.05,5,0,5.0
O00016,2024-01-01,C1879,Clothing,1,40.47,0.0,1,1,3.0
O00017,2024-01-01,C1485,Electronics,1,1001.59,0.05,2,0,4.0
O00018,2024-01-01,C1035,Books,2,9.05,0.3,5,1,3.0
O00019,2024-01-01,C1102,Toys,1,26.94,0.3,1,1,3.0
O00020,2024-01-01,C1215,Sports & outdoors,2,74.69,0.15,4,1,2.0
O00021,2024-01-01,C0629,Books,4,13.39,0.0,4,0,4.0
O00022,2024-01-01,C0184,Books,2,17.79,0.1,8,0,4.0
O00023,2024-01-01,C1366,Beauty,1,14.86,0.0,3,0,
O00024,2024-01-01,C0542,Home & kitchen,2,84.45,0.05,3,0,4.0
O00025,2024-01-01,C0552,Home & kitchen,3,20.14,0.1,4,0,5.0
O00026,2024-01-02,C1946,Clothing,2,44.75,0.15,2,0,4.0
O00027,2024-01-02,C0977,Books,1,20.62,0.05,4,0,5.0
O00028,2024-01-02,C0160,Beauty,3,21.16,0.0,8,0,4.0
O00029,2024-01-02,C1199,Home & kitchen,1,80.71,0.15,1,0,5.0
O00030,2024-01-02,C0394,Beauty,2,20.01,0.3,2,0,4.0
O00031,2024-01-02,C0761,Sports & outdoors,2,64.95,0.15,2,0,5.0
O00032,2024-01-02,C0657,Clothing,1,18.05,0.15,6,0,4.0
O00033,2024-01-02,C1651,Books,3,10.07,0.0,1,0,5.0
O00034,2024-01-02,C0314,Home & kitchen,2,78.06,0.0,4,0,4.0
O00035,2024-01-02,C1509,Clothing,2,27.56,0.1,3,1,4.0
O00036,2024-01-02,C1050,Clothing,1,18.93,0.0,11,0,4.0
O00037,2024-01-02,C0792,Clothing,2,73.99,0.0,1,0,5.0
O00038,2024-01-02,C1671,Beauty,3,31.95,0.15,1,0,3.0
O00039,2024-01-02,C1956,Clothing,4,34.2,0.15,4,0,4.0
O00040,2024-01-02,C1878,Clothing,1,14.22,0.0,4,0,4.0
O00041,2024-01-02,C0941,Clothing,1,29.08,0.0,2,0,4.0
O00042,2024-01-02,C0310,Electronics,2,198.94,0.2,1,0,5.0
O00043,2024-01-02,C1034,Electronics,3,445.54,0.15,7,0,5.0
O00044,2024-01-02,C1445,Beauty,3,16.91,0.3,10,0,3.0
O00045,2024-01-02,C1108,Beauty,1,20.89,0.1,2,0,5.0
O00046,2024-01-02,C1499,Books,1,24.13,0.0,3,0,4.0
O00047,2024-01-02,C0339,Clothing,2,92.39,0.3,5,0,4.0
O00048,2024-01-02,C0012,Sports & outdoors,2,36.34,0.05,2,0,5.0
O00049,2024-01-02,C0654,Home & kitchen,4,27.42,0.15,3,0,5.0
O00050,2024-01-02,C1536,Clothing,4,26.19,0.1,7,0,4.0
O00051,2024-01-02,C0660,Beauty,1,17.16,0.3,3,0,5.0
O00052,2024-01-02,C0683,Beauty,1,20.67,0.3,3,0,4.0
O00053,2024-01-03,C0988,Beauty,3,53.42,0.0,4,0,4.0
O00054,2024-01-03,C1722,Beauty,1,13.33,0.1,2,0,4.0
O00055,2024-01-03,C0405,Books,4,12.99,0.2,2,0,4.0
O00056,2024-01-03,C1408,Sports & outdoors,2,15.49,0.15,2,1,
O00057,2024-01-03,C1343,Home & kitchen,1,80.17,0.05,1,0,5.0
O00058,2024-01-03,C0349,Home & kitchen,4,30.7,0.2,6,0,4.0
O00059,2024-01-03,C1318,Books,3,19.45,0.0,3,0,4.0
O00060,2024-01-03,C1328,Sports & outdoors,3,52.39,0.0,2,0,5.0
O00061,2024-01-03,C0874,Books,1,14.66,0.1,6,0,3.0
O00062,2024-01-03,C1789,Sports & outdoors,3,131.21,0.15,7,1,2.0
O00063,2024-01-03,C1256,Sports & outdoors,4,38.99,0.0,4,0,5.0
O00064,2024-01-03,C0163,Sports & outdoors,1,45.3,0.2,2,0,5.0
O00065,2024-01-03,C0053,Beauty,1,22.52,0.1,1,0,5.0
O00066,2024-01-03,C1084,Clothing,1,36.4,0.05,1,1,3.0
O00067,2024-01-03,C1264,Electronics,1,212.7,0.1,2,0,4.0
O00068,2024-01-03,C1479,Sports & outdoors,2,14.9,0.05,4,0,4.0
O00069,2024-01-03,C1423,Toys,2,20.75,0.3,2,0,
O00070,2024-01-03,C1689,Home & kitchen,1,19.43,0.2,2,0,5.0
O00071,2024-01-03,C1679,Electronics,4,144.95,0.3,3,0,3.0
O00072,2024-01-03,C1896,Clothing,3,26.81,0.0,2,1,4.0
O00073,2024-01-03,C1719,Electronics,1,34.93,0.2,2,0,5.0
O00074,2024-01-03,C0139,Beauty,1,31.16,0.15,3,0,4.0
O00075,2024-01-03,C1127,Electronics,3,419.66,0.15,1,1,4.0
O00076,2024-01-03,C0803,Clothing,2,80.49,0.05,1,1,3.0
O00077,2024-01-03,C0467,Toys,4,27.93,0.1,4,0,4.0
O00078,2024-01-03,C1432,Electronics,3,726.27,0.05,8,0,5.0
O00079,2024-01-04,C1564,Home & kitchen,2,19.96,0.1,5,0,3.0
O00080,2024-01-04,C0751,Clothing,2,38.62,0.3,6,1,4.0
O00081,2024-01-04,C0500,Home & kitchen,4,43.74,0.05,1,0,5.0
O00082,2024-01-04,C0900,Toys,2,18.11,0.0,1,0,4.0
O00083,2024-01-04,C1439,Home & kitchen,4,44.34,0.3,2,0,3.0
O00084,2024-01-04,C0940,Electronics,1,44.87,0.0,2,0,3.0
O00085,2024-01-04,C0031,Books,1,16.58,0.0,3,1,3.0
O00086,2024-01-04,C0392,Toys,4,49.46,0.15,3,0,5.0
O00087,2024-01-04,C0836,Toys,2,47.21,0.1,2,0,4.0
O00088,2024-01-04,C1305,Toys,2,15.06,0.0,3,0,5.0
O00089,2024-01-04,C1767,Books,1,10.43,0.0,8,0,3.0
O00090,2024-01-04,C0743,Clothing,4,25.23,0.05,1,0,5.0
O00091,2024-01-04,C0217,Home & kitchen,1,23.86,0.0,1,0,3.0
O00092,2024-01-04,C0636,Beauty,4,16.18,0.15,2,0,5.0
O00093,2024-01-04,C0269,Clothing,1,18.8,0.0,7,0,5.0
O00094,2024-01-04,C1778,Electronics,1,236.86,0.1,1,0,4.0
O00095,2024-01-04,C0608,Home & kitchen,3,25.44,0.15,1,0,5.0
O00096,2024-01-04,C1937,Books,2,15.0,0.3,8,0,4.0
O00097,2024-01-04,C0540,Beauty,1,42.11,0.1,11,0,3.0
O00098,2024-01-04,C1029,Beauty,3,15.91,0.2,4,0,4.0
O00099,2024-01-04,C0696,Sports & outdoors,2,66.33,0.0,1,0,4.0
O00100,2024-01-04,C0703,Clothing,1,38.97,0.0,5,1,3.0
O00101,2024-01-04,C0618,Home & kitchen,2,37.77,0.2,3,0,5.0
O00102,2024-01-04,C0469,Beauty,1,33.08,0.3,1,0,5.0
O00103,2024-01-04,C1365,Books,1,11.48,0.0,8,0,4.0
O00104,2024-01-04,C1929,Home & kitchen,3,34.85,0.0,3,0,5.0
O00105,2024-01-04,C0055,Sports & outdoors,4,92.31,0.0,6,0,5.0
O00106,2024-01-04,C0695,Clothing,1,25.22,0.0,16,0,5.0
O00107,2024-01-04,C0280,Clothing,2,39.2,0.2,1,0,5.0
O00108,2024-01-04,C0990,Beauty,1,17.12,0.2,5,0,4.0
O00109,2024-01-04,C1833,Toys,2,60.51,0.05,1,0,5.0
O00110,2024-01-04,C1213,Beauty,4,16.11,0.0,4,0,4.0
O00111,2024-01-04,C0120,Electronics,4,251.32,0.0,2,0,4.0
O00112,2024-01-04,C0079,Home & kitchen,1,32.26,0.1,2,1,2.0
O00113,2024-01-04,C1725,Beauty,2,16.33,0.05,1,0,4.0
O00114,2024-01-05,C1119,Books,1,12.69,0.0,6,0,4.0
O00115,2024-01-05,C0898,Electronics,2,89.65,0.05,1,0,5.0
O00116,2024-01-05,C1179,Books,2,14.88,0.05,4,0,5.0
O00117,2024-01-05,C0216,Electronics,1,278.9,0.2,9,0,4.0
O00118,2024-01-05,C0050,Electronics,1,218.96,0.15,2,0,5.0
O00119,2024-01-05,C0843,Books,2,12.27,0.3,3,0,5.0
O00120,2024-01-05,C1643,Sports & outdoors,2,57.88,0.2,3,0,5.0
O00121,2024-01-05,C0295,Clothing,1,69.3,0.0,2,0,4.0
O00122,2024-01-05,C1837,Sports & outdoors,2,45.86,0.05,6,0,4.0
O00123,2024-01-05,C0354,Sports & outdoors,3,54.18,0.15,1,0,5.0
O00124,2024-01-05,C1647,Sports & outdoors,4,47.75,0.15,1,0,4.0
O00125,2024-01-05,C1700,Sports & outdoors,3,19.25,0.2,1,0,5.0
O00126,2024-01-05,C1830,Clothing,2,37.55,0.1,8,0,4.0
O00127,2024-01-05,C1378,Home & kitchen,1,78.97,0.05,6,0,4.0
O00128,2024-01-05,C0877,Electronics,1,96.69,0.3,4,0,4.0
O00129,2024-01-05,C1164,Electronics,4,364.36,0.15,5,0,4.0
O00130,2024-01-05,C0624,Books,4,22.09,0.05,1,0,4.0
O00131,2024-01-05,C1842,Sports & outdoors,2,75.88,0.0,1,0,5.0
O00132,2024-01-05,C0699,Electronics,2,211.42,0.05,1,0,5.0
O00133,2024-01-05,C1419,Beauty,2,24.5,0.0,2,0,5.0
O00134,2024-01-05,C1827,Clothing,4,28.29,0.1,5,0,4.0
O00135,2024-01-05,C1296,Books,3,10.85,0.0,7,0,5.0
O00136,2024-01-05,C1764,Clothing,1,23.87,0.0,5,1,3.0
O00137,2024-01-05,C0061,Beauty,4,17.45,0.0,3,0,4.0
O00138,2024-01-06,C1297,Clothing,1,19.06,0.1,3,0,4.0
O00139,2024-01-06,C1522,Clothing,3,73.52,0.05,2,0,5.0
O00140,2024-01-06,C1442,Books,1,12.7,0.0,5,0,4.0
O00141,2024-01-06,C0892,Clothing,3,48.07,0.0,3,0,4.0
O00142,2024-01-06,C1786,Clothing,2,38.24,0.3,3,0,4.0
O00143,2024-01-06,C0494,Books,2,7.96,0.0,4,0,
O00144,2024-01-06,C0274,Beauty,2,25.72,0.1,2,0,4.0
O00145,2024-01-06,C1274,Toys,1,36.44,0.3,1,0,5.0
O00146,2024-01-06,C0578,Electronics,2,33.5,0.05,1,0,5.0
O00147,2024-01-06,C0514,Toys,1,10.93,0.0,4,0,3.0
O00148,2024-01-06,C0208,Books,3,9.12,0.2,9,0,4.0
O00149,2024-01-06,C1707,Books,3,12.5,0.0,2,0,4.0
O00150,2024-01-06,C0234,Sports & outdoors,4,52.71,0.1,4,0,5.0
O00151,2024-01-06,C0993,Clothing,2,43.53,0.2,1,0,4.0
O00152,2024-01-06,C1594,Books,3,14.46,0.0,2,0,4.0
O00153,2024-01-06,C0358,Electronics,4,60.01,0.3,1,0,5.0
O00154,2024-01-06,C1611,Clothing,1,19.82,0.1,4,0,4.0
O00155,2024-01-06,C0529,Electronics,2,163.51,0.0,1,0,5.0
O00156,2024-01-06,C0719,Home & kitchen,3,41.48,0.3,1,0,5.0
O00157,2024-01-06,C1176,Clothing,1,40.63,0.0,1,0,5.0
O00158,2024-01-06,C0484,Books,2,16.63,0.0,2,0,5.0
O00159,2024-01-06,C1170,Clothing,2,43.16,0.15,2,0,5.0
O00160,2024-01-06,C1577,Home & kitchen,2,142.52,0.3,5,1,2.0
O00161,2024-01-06,C1967,Home & kitchen,1,90.4,0.0,2,0,5.0
O00162,2024-01-06,C1933,Home & kitchen,1,23.97,0.0,1,0,5.0
O00163,2024-01-06,C0569,Home & kitchen,4,46.16,0.0,3,0,5.0
O00164,2024-01-06,C0429,Books,3,11.77,0.0,4,0,5.0
O00165,2024-01-06,C0295,Clothing,4,73.31,0.2,7,1,3.0
O00166,2024-01-06,C1964,Home & kitchen,1,69.61,0.05,6,0,4.0
O00167,2024-01-06,C1581,Clothing,4,39.31,0.0,1,0,4.0
O00168,2024-01-06,C0722,Clothing,3,25.83,0.15,3,0,5.0
O00169,2024-01-06,C1206,Beauty,4,17.38,0.0,4,0,3.0
O00170,2024-01-07,C1268,Electronics,1,157.16,0.1,4,0,
O00171,2024-01-07,C0175,Beauty,1,21.9,0.0,3,0,4.0
O00172,2024-01-07,C1367,Home & kitchen,1,64.47,0.1,3,0,5.0
O00173,2024-01-07,C1900,Books,1,27.16,0.1,9,1,3.0
O00174,2024-01-07,C1149,Clothing,1,46.18,0.0,1,0,5.0
O00175,2024-01-07,C0681,Toys,1,14.7,0.15,5,1,3.0
O00176,2024-01-07,C1982,Beauty,2,12.41,0.15,1,1,4.0
O00177,2024-01-07,C1647,Clothing,3,64.94,0.05,5,0,5.0
O00178,2024-01-07,C0911,Electronics,4,210.67,0.0,2,0,5.0
O00179,2024-01-07,C0940,Sports & outdoors,1,37.65,0.0,1,0,4.0
O00180,2024-01-07,C1825,Books,2,10.87,0.0,1,0,
O00181,2024-01-07,C1852,Toys,2,28.01,0.1,2,0,4.0
O00182,2024-01-07,C0606,Beauty,1,25.27,0.0,6,0,5.0
O00183,2024-01-07,C0358,Books,1,19.03,0.3,5,1,4.0
O00184,2024-01-07,C1592,Sports & outdoors,3,69.91,0.15,3,0,4.0
O00185,2024-01-07,C0781,Toys,2,23.46,0.15,9,1,2.0
O00186,2024-01-07,C1136,Electronics,1,82.34,0.0,5,0,3.0
O00187,2024-01-07,C1066,Electronics,2,214.78,0.0,3,0,5.0
O00188,2024-01-07,C1026,Books,2,11.69,0.0,3,0,5.0
O00189,2024-01-07,C0121,Home & kitchen,2,53.08,0.2,2,0,4.0
O00190,2024-01-07,C1175,Toys,2,37.29,0.2,5,0,5.0
O00191,2024-01-07,C0454,Clothing,2,20.58,0.05,7,0,5.0
O00192,2024-01-07,C1235,Beauty,4,21.64,0.0,3,0,4.0
O00193,2024-01-07,C0763,Home & kitchen,1,69.31,0.2,3,0,5.0
O00194,2024-01-07,C0056,Home & kitchen,2,72.38,0.0,8,0,3.0
O00195,2024-01-07,C0789,Beauty,1,23.69,0.2,2,0,5.0
O00196,2024-01-07,C1765,Home & kitchen,3,47.95,0.3,9,1,2.0
O00197,2024-01-07,C1135,Electronics,1,112.3,0.1,2,0,5.0
O00198,2024-01-07,C0208,Toys,3,36.58,0.0,4,0,4.0
O00199,2024-01-07,C1357,Toys,4,28.76,0.0,2,1,3.0
O00200,2024-01-07,C1595,Sports & outdoors,1,29.53,0.0,5,0,4.0
O00201,2024-01-07,C1606,Sports & outdoors,1,97.86,0.0,2,0,5.0
O00202,2024-01-07,C1881,Clothing,2,58.28,0.05,8,0,4.0
O00203,2024-01-07,C0212,Home & kitchen,4,50.13,0.0,2,0,4.0
O00204,2024-01-08,C1930,Books,3,13.86,0.15,1,1,4.0
O00205,2024-01-08,C1328,Books,1,22.36,0.1,1,0,5.0
O00206,2024-01-08,C0776,Clothing,1,32.28,0.0,6,0,5.0
O00207,2024-01-08,C1361,Clothing,1,26.98,0.3,2,0,5.0
O00208,2024-01-08,C0676,Electronics,4,329.78,0.0,8,1,2.0
O00209,2024-01-08,C0369,Clothing,2,52.23,0.1,1,0,4.0
O00210,2024-01-08,C1815,Books,2,16.54,0.1,7,0,5.0
O00211,2024-01-08,C0583,Home & kitchen,2,78.4,0.1,6,0,4.0
O00212,2024-01-08,C1027,Toys,1,26.48,0.05,3,0,5.0
O00213,2024-01-08,C1159,Clothing,1,31.57,0.15,1,1,4.0
O00214,2024-01-08,C0544,Clothing,1,21.59,0.05,2,0,
O00215,2024-01-08,C1362,Sports & outdoors,1,23.51,0.15,5,0,4.0
O00216,2024-01-08,C0566,Clothing,4,76.69,0.2,4,0,4.0
O00217,2024-01-08,C1259,Clothing,1,43.97,0.3,7,1,2.0
O00218,2024-01-08,C0916,Clothing,1,28.56,0.0,3,1,2.0
O00219,2024-01-08,C0554,Electronics,1,356.73,0.2,5,0,5.0
O00220,2024-01-08,C0841,Books,1,17.61,0.3,3,0,4.0
O00221,2024-01-08,C0911,Sports & outdoors,2,41.13,0.05,3,0,5.0
O00222,2024-01-08,C0390,Clothing,1,14.95,0.3,3,1,3.0
O00223,2024-01-08,C1727,Home & kitchen,2,33.46,0.1,1,0,5.0
O00224,2024-01-08,C0065,Clothing,1,21.31,0.1,5,1,3.0
O00225,2024-01-08,C0242,Electronics,1,178.72,0.05,6,1,2.0
O00226,2024-01-08,C0376,Sports & outdoors,2,181.37,0.0,2,0,4.0
O00227,2024-01-09,C0830,Books,1,12.68,0.3,4,1,3.0
O00228,2024-01-09,C0003,Clothing,4,34.36,0.05,5,0,5.0
O00229,2024-01-09,C0981,Electronics,4,673.43,0.0,2,0,5.0
O00230,2024-01-09,C0918,Clothing,3,52.68,0.0,1,0,5.0
O00231,2024-01-09,C0022,Sports & outdoors,1,249.8,0.05,1,0,5.0
O00232,2024-01-09,C1147,Toys,4,12.99,0.1,2,0,5.0
O00233,2024-01-09,C1926,Electronics,3,98.28,0.15,4,0,4.0
O00234,2024-01-09,C0506,Books,3,11.48,0.3,1,0,4.0
O00235,2024-01-09,C0653,Sports & outdoors,1,166.11,0.0,1,0,5.0
O00236,2024-01-09,C0498,Books,3,7.83,0.0,3,0,5.0
O00237,2024-01-09,C0697,Electronics,4,149.48,0.3,1,0,5.0
O00238,2024-01-09,C0905,Books,1,24.34,0.3,4,0,5.0
O00239,2024-01-09,C1686,Electronics,2,134.01,0.0,5,0,5.0
O00240,2024-01-09,C0180,Clothing,2,69.67,0.0,5,0,5.0
O00241,2024-01-09,C1208,Clothing,3,20.64,0.15,5,0,5.0
O00242,2024-01-09,C0696,Sports & outdoors,4,43.02,0.3,2,0,4.0
O00243,2024-01-09,C0958,Electronics,1,209.7,0.05,10,0,
O00244,2024-01-09,C0677,Electronics,3,30.63,0.0,18,1,1.0
O00245,2024-01-09,C1622,Clothing,4,43.43,0.0,3,0,4.0
O00246,2024-01-09,C1175,Beauty,2,14.2,0.0,3,0,5.0
O00247,2024-01-09,C1513,Home & kitchen,1,81.48,0.0,2,0,5.0
O00248,2024-01-09,C1814,Toys,2,91.32,0.0,5,0,4.0
O00249,2024-01-09,C1376,Books,1,17.24,0.0,1,0,4.0
O00250,2024-01-09,C1601,Books,4,20.1,0.3,3,0,5.0
O00251,2024-01-09,C0939,Beauty,1,16.61,0.3,5,1,3.0
O00252,2024-01-09,C1521,Electronics,1,136.77,0.15,2,0,4.0
O00253,2024-01-09,C1965,Sports & outdoors,3,34.59,0.0,3,0,5.0
O00254,2024-01-10,C0817,Beauty,1,17.3,0.1,2,0,
O00255,2024-01-10,C0465,Sports & outdoors,1,45.16,0.0,4,0,
O00256,2024-01-10,C0297,Clothing,2,78.31,0.0,9,1,3.0
O00257,2024-01-10,C0547,Clothing,2,50.45,0.0,4,0,4.0
O00258,2024-01-10,C0890,Home & kitchen,3,30.25,0.0,4,1,4.0
O00259,2024-01-10,C1521,Home & kitchen,1,27.5,0.0,3,0,5.0
O00260,2024-01-10,C0941,Home & kitchen,1,104.16,0.0,3,0,5.0
O00261,2024-01-10,C1343,Clothing,1,47.22,0.05,2,0,5.0
O00262,2024-01-10,C1252,Home & kitchen,1,43.16,0.3,3,0,4.0
O00263,2024-01-10,C0494,Clothing,3,53.59,0.15,2,0,5.0
O00264,2024-01-10,C0802,Home & kitchen,2,39.83,0.15,4,0,4.0
O00265,2024-01-10,C1214,Clothing,1,70.87,0.2,3,0,5.0
O00266,2024-01-10,C1551,Beauty,1,33.78,0.0,4,0,4.0
O00267,2024-01-10,C1982,Home & kitchen,2,49.7,0.15,1,1,4.0
O00268,2024-01-10,C0359,Toys,1,12.43,0.2,7,0,5.0
O00269,2024-01-10,C0924,Sports & outdoors,3,46.3,0.3,1,1,3.0
O00270,2024-01-10,C1869,Clothing,3,44.2,0.0,3,0,4.0
O00271,2024-01-10,C0127,Clothing,1,16.1,0.2,7,0,4.0
O00272,2024-01-10,C0399,Electronics,3,101.28,0.05,4,0,5.0
O00273,2024-01-10,C1311,Home & kitchen,4,32.48,0.2,3,0,5.0
O00274,2024-01-10,C1930,Sports & outdoors,1,107.05,0.0,1,0,5.0
O00275,2024-01-10,C1441,Home & kitchen,1,32.55,0.3,2,0,
O00276,2024-01-10,C1136,Electronics,3,158.46,0.2,2,0,5.0
O00277,2024-01-10,C1340,Clothing,3,34.8,0.2,9,0,3.0
O00278,2024-01-10,C1726,Home & kitchen,1,44.46,0.2,4,0,4.0
O00279,2024-01-10,C0772,Home & kitchen,3,37.81,0.1,2,0,5.0
O00280,2024-01-10,C1822,Electronics,4,189.65,0.0,7,0,4.0
O00281,2024-01-10,C1545,Clothing,1,66.82,0.0,1,1,4.0
O00282,2024-01-10,C0934,Books,1,16.84,0.05,3,0,5.0
O00283,2024-01-10,C1084,Clothing,1,35.03,0.1,6,0,5.0
O00284,2024-01-10,C1264,Sports & outdoors,2,38.67,0.0,1,0,5.0
O00285,2024-01-10,C1092,Toys,2,24.81,0.1,2,0,5.0
O00286,2024-01-10,C1692,Beauty,3,18.82,0.0,6,0,5.0
O00287,2024-01-10,C1565,Beauty,1,23.06,0.05,2,0,5.0
O00288,2024-01-10,C0840,Books,2,17.2,0.0,6,0,5.0
O00289,2024-01-10,C0465,Toys,4,32.25,0.3,2,0,4.0
O00290,2024-01-10,C0577,Electronics,1,99.02,0.3,4,0,5.0
O00291,2024-01-10,C0199,Beauty,3,10.29,0.0,1,0,4.0
O00292,2024-01-10,C0318,Clothing,1,19.85,0.0,4,0,4.0
O00293,2024-01-10,C1789,Electronics,3,78.67,0.2,6,0,4.0
O00294,2024-01-10,C1285,Clothing,2,32.39,0.1,4,0,4.0
O00295,2024-01-10,C1631,Home & kitchen,1,58.74,0.3,7,0,5.0
O00296,2024-01-11,C0676,Clothing,1,23.95,0.05,1,0,5.0
O00297,2024-01-11,C1345,Clothing,1,12.4,0.0,1,0,5.0
O00298,2024-01-11,C1671,Clothing,1,64.82,0.15,2,1,2.0
O00299,2024-01-11,C1733,Electronics,2,115.4,0.1,2,0,5.0
O00300,2024-01-11,C0078,Toys,2,16.02,0.3,4,1,3.0
O00301,2024-01-11,C0290,Home & kitchen,3,56.18,0.0,1,0,5.0
O00302,2024-01-11,C1074,Clothing,1,26.32,0.1,1,1,3.0
O00303,2024-01-11,C1009,Home & kitchen,3,127.48,0.0,2,0,5.0
O00304,2024-01-11,C0779,Toys,2,37.08,0.1,2,0,4.0
O00305,2024-01-11,C0274,Electronics,1,26.66,0.0,2,0,5.0
O00306,2024-01-11,C0842,Books,4,14.89,0.0,3,0,5.0
O00307,2024-01-11,C1572,Home & kitchen,2,189.36,0.0,4,0,4.0
O00308,2024-01-11,C0930,Clothing,1,14.99,0.1,1,0,4.0
O00309,2024-01-11,C1422,Toys,1,16.68,0.0,8,0,3.0
O00310,2024-01-11,C1259,Clothing,3,24.52,0.1,2,0,4.0
O00311,2024-01-11,C0149,Sports & outdoors,1,79.48,0.15,2,0,5.0
O00312,2024-01-11,C0543,Books,3,19.71,0.0,5,0,5.0
O00313,2024-01-11,C0551,Beauty,2,19.24,0.0,1,0,5.0
O00314,2024-01-11,C0910,Clothing,4,23.01,0.1,6,0,4.0
O00315,2024-01-11,C1800,Clothing,1,35.9,0.0,6,1,3.0
O00316,2024-01-11,C0614,Sports & outdoors,2,66.42,0.0,6,0,4.0
O00317,2024-01-11,C1384,Books,4,13.15,0.2,7,0,4.0
O00318,2024-01-11,C0006,Books,4,17.89,0.15,2,0,5.0
O00319,2024-01-11,C0445,Sports & outdoors,1,84.49,0.0,1,0,5.0
O00320,2024-01-11,C1153,Beauty,2,24.45,0.3,4,1,3.0
O00321,2024-01-11,C0226,Beauty,2,12.92,0.0,5,0,4.0
O00322,2024-01-11,C0682,Books,2,10.18,0.0,1,0,4.0
O00323,2024-01-11,C1342,Clothing,3,50.77,0.0,3,0,4.0
O00324,2024-01-11,C1680,Clothing,1,31.78,0.0,9,0,5.0
O00325,2024-01-11,C0360,Electronics,2,1003.86,0.0,8,0,5.0
O00326,2024-01-11,C1374,Sports & outdoors,1,31.26,0.2,1,0,5.0
O00327,2024-01-11,C1480,Toys,1,16.79,0.2,1,0,4.0
O00328,2024-01-11,C0565,Home & kitchen,3,162.93,0.3,2,0,4.0
O00329,2024-01-11,C0670,Beauty,2,33.2,0.15,2,0,5.0
O00330,2024-01-11,C1863,Toys,1,11.21,0.0,1,0,4.0
O00331,2024-01-11,C0176,Sports & outdoors,3,90.64,0.3,2,0,4.0
O00332,2024-01-12,C0824,Beauty,1,13.01,0.05,4,1,4.0
O00333,2024-01-12,C0349,Electronics,3,132.74,0.15,1,0,5.0
O00334,2024-01-12,C1936,Books,1,15.88,0.1,5,0,4.0
O00335,2024-01-12,C1681,Books,3,10.23,0.0,7,0,4.0
O00336,2024-01-12,C0699,Books,2,20.45,0.1,2,0,5.0
O00337,2024-01-12,C0491,Books,4,15.87,0.0,3,0,5.0
O00338,2024-01-12,C0294,Sports & outdoors,1,170.46,0.15,1,0,3.0
O00339,2024-01-12,C1169,Home & kitchen,2,28.03,0.2,2,0,5.0
O00340,2024-01-12,C1486,Electronics,4,152.55,0.1,4,0,4.0
O00341,2024-01-12,C1737,Beauty,1,15.28,0.3,1,0,5.0
O00342,2024-01-12,C1463,Electronics,4,64.59,0.1,5,0,4.0
O00343,2024-01-12,C0965,Home & kitchen,2,66.43,0.0,6,0,4.0
O00344,2024-01-12,C1039,Electronics,3,45.82,0.15,8,0,4.0
O00345,2024-01-12,C0871,Home & kitchen,2,90.19,0.0,3,0,5.0
O00346,2024-01-12,C0070,Books,2,15.71,0.0,4,0,4.0
O00347,2024-01-12,C0434,Toys,1,23.0,0.15,2,0,4.0
O00348,2024-01-12,C1433,Home & kitchen,4,122.85,0.0,2,0,3.0
O00349,2024-01-12,C1351,Books,4,26.55,0.15,5,1,3.0
O00350,2024-01-12,C1599,Beauty,1,16.48,0.05,4,0,5.0
O00351,2024-01-12,C0414,Clothing,1,30.88,0.3,6,1,3.0
O00352,2024-01-12,C1533,Toys,4,16.53,0.1,10,0,3.0
O00353,2024-01-12,C0501,Clothing,2,60.03,0.15,3,0,5.0
O00354,2024-01-12,C0440,Electronics,1,315.66,0.15,1,0,4.0
O00355,2024-01-12,C0218,Beauty,2,20.69,0.1,2,0,4.0
O00356,2024-01-12,C0063,Toys,1,36.85,0.15,1,0,5.0
O00357,2024-01-12,C1717,Beauty,1,43.96,0.3,11,1,2.0
O00358,2024-01-12,C1342,Beauty,4,39.5,0.3,5,0,5.0
O00359,2024-01-12,C1802,Electronics,2,184.05,0.15,1,0,5.0
O00360,2024-01-12,C0162,Home & kitchen,1,28.47,0.0,5,0,5.0
O00361,2024-01-12,C0543,Clothing,4,60.03,0.1,4,0,5.0
O00362,2024-01-13,C1284,Home & kitchen,3,63.03,0.0,2,0,5.0
O00363,2024-01-13,C0697,Toys,3,24.36,0.15,9,0,3.0
O00364,2024-01-13,C0853,Beauty,3,36.0,0.1,2,0,5.0
O00365,2024-01-13,C1412,Books,1,20.51,0.05,6,0,4.0
O00366,2024-01-13,C0304,Home & kitchen,2,46.7,0.0,5,0,
O00367,2024-01-13,C1915,Electronics,3,697.85,0.0,5,0,5.0
O00368,2024-01-13,C1088,Clothing,3,65.68,0.0,1,0,5.0
O00369,2024-01-13,C1892,Beauty,2,18.0,0.2,2,0,
O00370,2024-01-13,C0729,Electronics,2,143.5,0.2,1,0,4.0
O00371,2024-01-13,C1801,Clothing,3,67.91,0.1,4,0,5.0
O00372,2024-01-13,C1613,Beauty,1,12.58,0.2,2,1,3.0
O00373,2024-01-13,C1252,Clothing,1,42.65,0.05,6,0,3.0
O00374,2024-01-13,C1401,Clothing,1,28.17,0.1,2,0,3.0
O00375,2024-01-13,C0457,Electronics,4,126.55,0.1,5,0,4.0
O00376,2024-01-13,C0288,Books,1,17.24,0.2,2,0,4.0
O00377,2024-01-13,C1807,Home & kitchen,1,23.03,0.1,3,0,5.0
O00378,2024-01-13,C1934,Clothing,1,30.88,0.2,3,0,5.0
O00379,2024-01-13,C1207,Toys,1,95.59,0.0,4,0,4.0
O00380,2024-01-13,C1157,Beauty,2,19.04,0.3,1,0,5.0
O00381,2024-01-13,C0875,Books,1,9.39,0.0,3,0,4.0
O00382,2024-01-13,C0770,Toys,3,8.28,0.0,4,0,5.0
O00383,2024-01-13,C1716,Home & kitchen,4,71.25,0.15,9,0,3.0
O00384,2024-01-13,C0335,Electronics,1,154.99,0.3,1,0,5.0
O00385,2024-01-13,C0836,Beauty,1,23.6,0.1,2,0,5.0
O00386,2024-01-13,C1536,Electronics,4,317.65,0.0,13,0,3.0
O00387,2024-01-13,C0112,Home & kitchen,1,35.61,0.1,2,0,4.0
O00388,2024-01-13,C2000,Books,1,10.96,0.2,3,0,5.0
O00389,2024-01-13,C0967,Sports & outdoors,3,44.22,0.15,2,0,4.0
O00390,2024-01-14,C1369,Books,2,9.22,0.3,3,0,5.0
O00391,2024-01-14,C1696,Toys,2,33.11,0.1,1,0,5.0
O00392,2024-01-14,C1900,Electronics,3,80.99,0.0,5,0,4.0
O00393,2024-01-14,C0996,Electronics,2,84.47,0.1,2,0,
O00394,2024-01-14,C1504,Beauty,1,17.62,0.0,3,0,5.0
O00395,2024-01-14,C0700,Home & kitchen,1,85.63,0.15,3,0,5.0
O00396,2024-01-14,C0612,Books,3,26.19,0.1,3,0,5.0
O00397,2024-01-14,C1137,Home & kitchen,1,22.43,0.0,4,0,4.0
O00398,2024-01-14,C0766,Home & kitchen,2,35.85,0.0,2,0,5.0
O00399,2024-01-14,C1419,Beauty,2,13.89,0.2,2,0,4.0
O00400,2024-01-14,C1867,Home & kitchen,4,34.51,0.2,4,0,5.0
O00401,2024-01-14,C1029,Beauty,2,37.3,0.3,3,0,4.0
O00402,2024-01-14,C0897,Books,2,17.27,0.0,5,0,5.0
O00403,2024-01-14,C1825,Electronics,3,1019.45,0.15,4,0,4.0
O00404,2024-01-14,C0415,Clothing,1,14.03,0.2,8,0,4.0
O00405,2024-01-14,C1429,Beauty,1,26.8,0.0,3,0,5.0
O00406,2024-01-14,C1800,Beauty,1,42.48,0.15,2,0,4.0
O00407,2024-01-14,C1099,Toys,2,36.96,0.05,3,0,5.0
O00408,2024-01-14,C0023,Home & kitchen,2,55.39,0.3,3,1,4.0
O00409,2024-01-14,C1417,Books,2,15.08,0.1,2,0,4.0
O00410,2024-01-14,C0903,Clothing,1,40.15,0.1,5,0,4.0
O00411,2024-01-14,C1813,Books,2,11.0,0.0,1,0,4.0
O00412,2024-01-14,C1944,Books,3,14.93,0.0,3,0,5.0
O00413,2024-01-14,C1784,Electronics,1,163.95,0.0,5,0,4.0
O00414,2024-01-14,C1502,Toys,2,20.31,0.0,6,0,4.0
O00415,2024-01-14,C1349,Sports & outdoors,3,68.91,0.15,1,0,5.0
O00416,2024-01-14,C0594,Clothing,2,35.09,0.15,8,0,3.0
O00417,2024-01-14,C1432,Electronics,1,600.61,0.0,5,0,4.0
O00418,2024-01-14,C1495,Sports & outdoors,1,35.87,0.0,1,0,5.0
O00419,2024-01-14,C0538,Books,2,11.49,0.0,3,0,5.0
O00420,2024-01-14,C1075,Beauty,1,27.9,0.3,3,0,5.0
O00421,2024-01-14,C0348,Sports & outdoors,3,39.6,0.05,12,0,4.0
O00422,2024-01-14,C0786,Electronics,2,444.04,0.0,2,0,5.0
O00423,2024-01-14,C0613,Home & kitchen,1,29.38,0.0,4,0,4.0
O00424,2024-01-14,C0723,Electronics,2,110.1,0.2,2,0,5.0
O00425,2024-01-15,C1950,Toys,3,16.36,0.15,7,0,4.0
O00426,2024-01-15,C1073,Beauty,4,16.83,0.0,2,0,5.0
O00427,2024-01-15,C0288,Beauty,4,19.46,0.15,3,0,5.0
O00428,2024-01-15,C0183,Electronics,3,93.78,0.2,2,0,4.0
O00429,2024-01-15,C2000,Home & kitchen,2,17.68,0.0,3,0,3.0
O00430,2024-01-15,C1760,Toys,1,16.6,0.0,5,0,3.0
O00431,2024-01-15,C0315,Clothing,1,40.52,0.15,1,0,4.0
O00432,2024-01-15,C0106,Clothing,2,14.22,0.2,1,0,4.0
O00433,2024-01-15,C0311,Home & kitchen,1,53.99,0.0,1,0,5.0
O00434,2024-01-15,C1848,Clothing,1,26.05,0.15,3,0,4.0
O00435,2024-01-15,C0723,Home & kitchen,4,16.62,0.05,7,0,4.0
O00436,2024-01-15,C1387,Beauty,1,34.55,0.15,4,0,4.0
O00437,2024-01-15,C0863,Sports & outdoors,1,81.5,0.0,1,1,3.0
O00438,2024-01-15,C1771,Books,4,17.98,0.05,2,0,5.0
O00439,2024-01-15,C1420,Clothing,2,18.98,0.05,5,1,2.0
O00440,2024-01-15,C1089,Toys,2,49.07,0.0,10,0,5.0
O00441,2024-01-15,C0338,Books,4,14.51,0.05,4,0,4.0
O00442,2024-01-15,C1661,Sports & outdoors,1,64.04,0.0,3,0,5.0
O00443,2024-01-15,C1573,Toys,3,9.73,0.3,1,1,3.0
O00444,2024-01-15,C1376,Home & kitchen,1,22.84,0.0,5,1,3.0
O00445,2024-01-15,C0318,Sports & outdoors,4,61.82,0.0,2,0,5.0
O00446,2024-01-15,C1729,Electronics,1,109.09,0.0,5,0,4.0
O00447,2024-01-15,C1584,Beauty,1,16.59,0.0,1,0,5.0
O00448,2024-01-15,C0698,Beauty,4,17.61,0.0,3,1,2.0
O00449,2024-01-15,C0974,Clothing,1,22.14,0.15,4,0,5.0
O00450,2024-01-15,C0149,Beauty,1,28.29,0.0,2,0,5.0
O00451,2024-01-15,C0304,Home & kitchen,1,60.11,0.15,2,0,4.0
O00452,2024-01-15,C1284,Clothing,4,46.09,0.3,3,0,5.0
O00453,2024-01-15,C0446,Home & kitchen,3,198.0,0.3,1,0,5.0
O00454,2024-01-15,C1784,Home & kitchen,3,38.42,0.05,1,0,3.0
O00455,2024-01-15,C1404,Clothing,3,32.58,0.3,4,1,1.0
O00456,2024-01-15,C1899,Electronics,1,55.77,0.05,4,0,5.0
O00457,2024-01-15,C0505,Sports & outdoors,4,59.29,0.0,6,0,4.0
O00458,2024-01-15,C0272,Books,3,15.54,0.3,4,0,5.0
O00459,2024-01-15,C0173,Books,2,8.4,0.3,4,0,4.0
O00460,2024-01-16,C1928,Home & kitchen,2,62.87,0.2,2,0,5.0
O00461,2024-01-16,C1308,Sports & outdoors,1,57.79,0.0,7,0,4.0
O00462,2024-01-16,C1688,Electronics,4,713.11,0.05,2,0,5.0
O00463,2024-01-16,C0234,Books,2,14.12,0.1,3,0,4.0
O00464,2024-01-16,C0035,Beauty,1,37.64,0.3,1,0,4.0
O00465,2024-01-16,C1796,Clothing,3,52.76,0.2,8,0,4.0
O00466,2024-01-16,C0849,Sports & outdoors,2,41.1,0.0,4,0,4.0
O00467,2024-01-16,C1126,Electronics,2,33.33,0.0,1,0,5.0
O00468,2024-01-16,C0720,Clothing,1,15.32,0.05,2,1,4.0
O00469,2024-01-16,C0741,Electronics,3,211.56,0.3,2,0,5.0
O00470,2024-01-16,C0538,Electronics,1,123.41,0.0,3,0,5.0
O00471,2024-01-16,C0741,Clothing,3,32.81,0.2,3,0,4.0
O00472,2024-01-16,C1604,Beauty,4,15.23,0.3,3,0,5.0
O00473,2024-01-16,C1361,Clothing,3,42.87,0.15,4,0,5.0
O00474,2024-01-16,C1423,Sports & outdoors,1,149.16,0.15,3,0,5.0
O00475,2024-01-16,C0297,Electronics,1,87.2,0.1,1,1,2.0
O00476,2024-01-16,C0106,Home & kitchen,4,92.18,0.1,1,0,5.0
O00477,2024-01-16,C1237,Home & kitchen,1,28.6,0.0,2,0,5.0
O00478,2024-01-16,C0179,Beauty,2,25.6,0.0,4,0,5.0
O00479,2024-01-16,C0867,Home & kitchen,1,28.62,0.2,4,0,4.0
O00480,2024-01-16,C0556,Clothing,1,27.14,0.0,6,0,5.0
O00481,2024-01-16,C1440,Electronics,1,1468.76,0.0,4,0,5.0
O00482,2024-01-16,C1749,Clothing,2,35.55,0.0,2,0,
O00483,2024-01-16,C1657,Books,1,13.49,0.1,8,0,4.0
O00484,2024-01-16,C1087,Home & kitchen,4,32.2,0.0,1,0,5.0
O00485,2024-01-16,C1977,Beauty,2,96.48,0.0,4,0,5.0
O00486,2024-01-16,C1914,Books,1,12.72,0.0,4,0,5.0
O00487,2024-01-16,C0340,Sports & outdoors,1,26.94,0.15,4,0,5.0
O00488,2024-01-16,C0120,Electronics,1,386.83,0.0,6,0,4.0
O00489,2024-01-16,C0952,Home & kitchen,2,142.68,0.2,5,0,5.0
O00490,2024-01-16,C1549,Beauty,3,21.84,0.0,4,1,2.0
O00491,2024-01-16,C0943,Books,4,11.71,0.05,8,0,4.0
O00492,2024-01-16,C0604,Sports & outdoors,1,71.86,0.15,3,0,4.0
O00493,2024-01-16,C0125,Toys,2,36.44,0.2,3,0,5.0
O00494,2024-01-16,C1611,Toys,2,21.43,0.0,4,0,5.0
O00495,2024-01-16,C0853,Toys,2,14.96,0.0,6,0,4.0
O00496,2024-01-17,C1368,Clothing,1,30.1,0.1,1,0,5.0
O00497,2024-01-17,C0997,Sports & outdoors,1,64.52,0.0,2,0,5.0
O00498,2024-01-17,C1434,Toys,2,8.61,0.05,2,0,4.0
O00499,2024-01-17,C1240,Clothing,3,27.34,0.2,4,0,4.0
O00500,2024-01-17,C0019,Toys,1,15.32,0.3,1,1,3.0
O00501,2024-01-17,C1455,Sports & outdoors,1,139.43,0.05,2,0,4.0
O00502,2024-01-17,C1796,Sports & outdoors,2,50.84,0.3,5,0,4.0
O00503,2024-01-17,C1025,Home & kitchen,4,43.86,0.15,4,0,3.0
O00504,2024-01-17,C1305,Beauty,1,29.59,0.1,1,0,5.0
O00505,2024-01-17,C0984,Clothing,1,34.68,0.0,4,1,2.0
O00506,2024-01-17,C1294,Home & kitchen,3,22.59,0.0,4,0,4.0
O00507,2024-01-17,C0347,Clothing,1,30.33,0.0,2,0,4.0
O00508,2024-01-17,C1712,Electronics,2,89.42,0.3,1,0,5.0
O00509,2024-01-17,C1140,Beauty,4,22.22,0.2,4,0,4.0
O00510,2024-01-17,C0363,Beauty,4,19.07,0.05,4,0,5.0
O00511,2024-01-17,C1032,Books,2,13.07,0.15,3,0,5.0
O00512,2024-01-17,C1464,Beauty,3,24.09,0.15,3,0,5.0
O00513,2024-01-17,C1960,Home & kitchen,1,32.54,0.2,3,0,5.0
O00514,2024-01-17,C0211,Clothing,4,37.32,0.05,3,1,2.0
O00515,2024-01-17,C0790,Toys,2,17.27,0.1,2,0,5.0
O00516,2024-01-17,C1590,Books,1,20.12,0.0,2,0,
O00517,2024-01-17,C0300,Clothing,3,133.52,0.05,2,0,4.0
O00518,2024-01-17,C0137,Home & kitchen,4,46.29,0.0,1,0,4.0
O00519,2024-01-17,C0624,Electronics,1,40.36,0.0,1,0,4.0
O00520,2024-01-17,C1841,Electronics,3,932.99,0.2,1,0,5.0
O00521,2024-01-17,C1066,Home & kitchen,1,91.12,0.05,3,0,5.0
O00522,2024-01-17,C1166,Beauty,4,12.52,0.2,1,0,5.0
O00523,2024-01-17,C0676,Books,1,17.15,0.05,1,0,4.0
O00524,2024-01-18,C1172,Home & kitchen,3,24.55,0.05,1,0,5.0
O00525,2024-01-18,C0370,Home & kitchen,3,41.5,0.15,5,0,2.0
O00526,2024-01-18,C1148,Beauty,1,14.9,0.0,3,0,4.0
O00527,2024-01-18,C0910,Home & kitchen,3,102.88,0.15,9,0,4.0
O00528,2024-01-18,C0760,Toys,1,35.72,0.05,4,0,4.0
O00529,2024-01-18,C0754,Electronics,2,714.92,0.0,8,0,4.0
O00530,2024-01-18,C0871,Home & kitchen,3,28.62,0.0,5,0,3.0
O00531,2024-01-18,C1913,Beauty,4,14.28,0.0,2,0,5.0
O00532,2024-01-18,C0410,Sports & outdoors,1,98.54,0.3,7,0,3.0
O00533,2024-01-18,C1891,Clothing,3,21.93,0.0,2,0,5.0
O00534,2024-01-18,C1825,Electronics,3,79.18,0.2,4,0,4.0
O00535,2024-01-18,C0152,Books,2,18.1,0.0,4,0,5.0
O00536,2024-01-18,C1728,Home & kitchen,2,21.58,0.15,4,0,4.0
O00537,2024-01-18,C1784,Toys,2,34.53,0.3,5,0,4.0
O00538,2024-01-18,C0495,Clothing,3,13.38,0.15,3,0,4.0
O00539,2024-01-18,C0813,Clothing,1,55.94,0.1,3,0,4.0
O00540,2024-01-18,C0267,Sports & outdoors,1,83.51,0.15,4,0,5.0
O00541,2024-01-18,C1565,Clothing,2,94.17,0.0,4,0,5.0
O00542,2024-01-18,C0455,Books,2,10.01,0.2,2,0,5.0
O00543,2024-01-18,C1888,Electronics,2,163.63,0.0,2,0,4.0
O00544,2024-01-18,C0350,Home & kitchen,4,37.5,0.2,4,0,4.0
O00545,2024-01-18,C1649,Books,2,31.11,0.05,2,0,4.0
O00546,2024-01-18,C0780,Home & kitchen,1,45.99,0.3,1,1,2.0
O00547,2024-01-18,C1054,Sports & outdoors,2,24.5,0.2,6,0,4.0
O00548,2024-01-18,C0198,Sports & outdoors,4,62.46,0.3,5,1,3.0
O00549,2024-01-18,C1850,Electronics,4,85.77,0.0,2,0,5.0
O00550,2024-01-18,C1835,Beauty,1,32.48,0.1,1,0,4.0
O00551,2024-01-19,C0282,Home & kitchen,1,65.04,0.0,1,0,4.0
O00552,2024-01-19,C1414,Electronics,1,376.46,0.2,3,0,
O00553,2024-01-19,C1010,Toys,3,17.36,0.15,3,0,5.0
O00554,2024-01-19,C0504,Books,2,17.53,0.1,2,0,5.0
O00555,2024-01-19,C1351,Clothing,3,48.67,0.0,7,0,5.0
O00556,2024-01-19,C1664,Clothing,2,30.78,0.0,2,0,5.0
O00557,2024-01-19,C0434,Home & kitchen,4,57.32,0.0,2,0,5.0
O00558,2024-01-19,C1211,Beauty,1,21.61,0.2,4,0,3.0
O00559,2024-01-19,C0339,Clothing,1,23.58,0.0,4,0,4.0
O00560,2024-01-19,C1699,Clothing,2,20.55,0.3,3,0,5.0
O00561,2024-01-19,C0548,Clothing,2,55.52,0.2,5,0,4.0
O00562,2024-01-19,C1911,Home & kitchen,1,34.1,0.0,2,0,5.0
O00563,2024-01-19,C0700,Books,3,14.86,0.0,1,0,5.0
O00564,2024-01-19,C0739,Books,2,33.42,0.05,2,0,4.0
O00565,2024-01-19,C1825,Clothing,1,32.19,0.0,4,0,4.0
O00566,2024-01-19,C0129,Clothing,1,34.39,0.0,1,0,5.0
O00567,2024-01-19,C0673,Clothing,1,21.49,0.0,8,0,3.0
O00568,2024-01-19,C0243,Books,3,13.09,0.15,4,0,5.0
O00569,2024-01-19,C1752,Beauty,4,17.43,0.2,2,0,5.0
O00570,2024-01-19,C0116,Electronics,3,295.83,0.2,7,0,5.0
O00571,2024-01-19,C1065,Beauty,4,21.08,0.05,4,0,
O00572,2024-01-19,C0807,Books,1,17.9,0.15,6,0,4.0
O00573,2024-01-19,C0932,Electronics,4,109.9,0.3,5,0,5.0
O00574,2024-01-19,C0438,Sports & outdoors,2,105.2,0.0,4,0,4.0
O00575,2024-01-19,C0483,Home & kitchen,4,51.96,0.05,4,0,5.0
O00576,2024-01-19,C0818,Beauty,1,16.02,0.0,6,0,4.0
O00577,2024-01-19,C1971,Beauty,2,14.96,0.0,3,0,5.0
O00578,2024-01-19,C0681,Home & kitchen,1,110.51,0.3,3,0,5.0
O00579,2024-01-19,C1652,Clothing,1,38.03,0.2,3,0,
O00580,2024-01-19,C0212,Clothing,1,42.1,0.0,1,0,5.0
O00581,2024-01-19,C1215,Books,1,10.37,0.0,1,0,5.0
O00582,2024-01-20,C0809,Home & kitchen,1,101.47,0.0,2,0,4.0
O00583,2024-01-20,C1464,Books,1,9.35,0.0,3,0,5.0
O00584,2024-01-20,C1301,Beauty,2,28.22,0.1,2,0,5.0
O00585,2024-01-20,C0149,Home & kitchen,1,36.67,0.0,1,0,5.0
O00586,2024-01-20,C1715,Sports & outdoors,3,43.11,0.2,6,0,4.0
O00587,2024-01-20,C1722,Books,1,10.98,0.05,1,0,5.0
O00588,2024-01-20,C1443,Electronics,1,497.17,0.0,7,0,4.0
O00589,2024-01-20,C1446,Beauty,4,20.25,0.1,3,0,4.0
O00590,2024-01-20,C1648,Sports & outdoors,1,37.42,0.15,10,0,4.0
O00591,2024-01-20,C1600,Home & kitchen,2,37.5,0.15,1,0,5.0
O00592,2024-01-20,C1674,Toys,1,25.44,0.0,6,0,4.0
O00593,2024-01-20,C1509,Home & kitchen,3,30.6,0.0,4,0,5.0
O00594,2024-01-20,C0739,Home & kitchen,2,25.99,0.3,2,0,5.0
O00595,2024-01-20,C1278,Toys,1,15.48,0.0,5,1,3.0
O00596,2024-01-20,C1361,Books,2,7.59,0.15,2,0,4.0
O00597,2024-01-20,C1617,Home & kitchen,3,59.23,0.0,2,0,4.0
O00598,2024-01-20,C1954,Books,1,16.55,0.0,5,1,4.0
O00599,2024-01-20,C0863,Home & kitchen,2,32.46,0.0,5,0,5.0
O00600,2024-01-20,C1587,Books,2,13.63,0.05,1,0,5.0
O00601,2024-01-20,C0603,Electronics,1,1181.24,0.2,2,0,5.0
O00602,2024-01-21,C0742,Beauty,3,16.03,0.05,4,0,4.0
O00603,2024-01-21,C1913,Clothing,1,60.31,0.0,2,0,5.0
O00604,2024-01-21,C1479,Home & kitchen,2,66.61,0.0,3,0,5.0
O00605,2024-01-21,C1087,Electronics,1,250.33,0.0,3,0,4.0
O00606,2024-01-21,C1155,Electronics,2,75.31,0.0,1,0,5.0
O00607,2024-01-21,C0283,Clothing,2,141.83,0.2,8,0,4.0
O00608,2024-01-21,C0443,Sports & outdoors,2,57.14,0.15,4,0,4.0
O00609,2024-01-21,C0156,Books,1,12.07,0.0,2,0,5.0
O00610,2024-01-21,C0752,Electronics,2,57.8,0.0,12,0,3.0
O00611,2024-01-21,C0866,Clothing,1,31.83,0.15,7,1,2.0
O00612,2024-01-21,C0891,Beauty,4,12.98,0.0,2,0,4.0
O00613,2024-01-21,C0471,Beauty,2,25.31,0.1,3,1,3.0
O00614,2024-01-21,C0395,Electronics,2,98.54,0.0,4,0,4.0
O00615,2024-01-21,C0327,Clothing,1,40.24,0.3,2,0,5.0
O00616,2024-01-21,C1413,Toys,1,37.52,0.3,2,1,4.0
O00617,2024-01-21,C1203,Clothing,4,43.21,0.3,3,1,3.0
O00618,2024-01-21,C1735,Beauty,4,28.21,0.0,7,0,4.0
O00619,2024-01-21,C0533,Home & kitchen,2,15.93,0.0,2,1,2.0
O00620,2024-01-21,C0647,Sports & outdoors,2,29.34,0.15,18,1,2.0
O00621,2024-01-21,C1713,Clothing,1,19.26,0.0,5,0,4.0
O00622,2024-01-22,C0129,Clothing,2,33.66,0.0,1,0,4.0
O00623,2024-01-22,C1815,Electronics,2,391.73,0.1,2,0,4.0
O00624,2024-01-22,C1419,Home & kitchen,2,23.97,0.15,1,0,5.0
O00625,2024-01-22,C0155,Sports & outdoors,1,50.33,0.2,6,0,5.0
O00626,2024-01-22,C1672,Home & kitchen,3,31.84,0.0,11,0,4.0
O00627,2024-01-22,C0625,Electronics,1,193.66,0.05,9,0,3.0
O00628,2024-01-22,C0004,Sports & outdoors,2,29.39,0.2,3,0,5.0
O00629,2024-01-22,C1429,Clothing,3,48.46,0.05,1,0,5.0
O00630,2024-01-22,C0359,Clothing,2,114.08,0.05,2,1,4.0
O00631,2024-01-22,C1411,Electronics,1,109.78,0.3,1,0,4.0
O00632,2024-01-22,C0708,Sports & outdoors,1,43.36,0.0,3,0,5.0
O00633,2024-01-22,C0224,Clothing,3,92.88,0.0,2,1,2.0
O00634,2024-01-22,C1146,Beauty,4,8.7,0.0,2,0,4.0
O00635,2024-01-22,C0471,Books,1,12.98,0.15,1,0,4.0
O00636,2024-01-22,C0773,Sports & outdoors,3,84.62,0.0,1,0,4.0
O00637,2024-01-22,C0879,Beauty,1,13.34,0.05,9,1,2.0
O00638,2024-01-22,C0397,Sports & outdoors,3,11.14,0.15,1,0,5.0
O00639,2024-01-22,C1306,Beauty,4,21.23,0.0,2,0,5.0
O00640,2024-01-22,C1260,Clothing,1,61.48,0.3,3,0,5.0
O00641,2024-01-22,C0935,Beauty,1,13.21,0.0,6,0,4.0
O00642,2024-01-22,C1225,Clothing,1,19.21,0.3,14,1,1.0
O00643,2024-01-22,C1630,Clothing,1,27.3,0.0,1,0,5.0
O00644,2024-01-22,C1610,Sports & outdoors,1,54.88,0.0,2,0,5.0
O00645,2024-01-22,C0013,Beauty,2,17.46,0.0,1,0,4.0
O00646,2024-01-23,C0467,Clothing,1,33.24,0.15,2,0,4.0
O00647,2024-01-23,C1897,Clothing,2,47.64,0.0,4,0,4.0
O00648,2024-01-23,C0731,Books,1,19.19,0.3,1,0,5.0
O00649,2024-01-23,C0756,Electronics,1,146.66,0.3,4,1,2.0
O00650,2024-01-23,C0819,Clothing,3,91.64,0.0,8,0,
O00651,2024-01-23,C1324,Sports & outdoors,4,25.04,0.2,3,0,4.0
O00652,2024-01-23,C1428,Home & kitchen,2,40.85,0.1,11,0,3.0
O00653,2024-01-23,C1978,Electronics,2,189.87,0.3,3,0,4.0
O00654,2024-01-23,C1073,Clothing,1,41.0,0.0,7,0,5.0
O00655,2024-01-23,C1830,Beauty,1,14.44,0.15,4,0,5.0
O00656,2024-01-23,C1784,Toys,2,23.36,0.1,3,0,3.0
O00657,2024-01-23,C0567,Sports & outdoors,3,28.35,0.1,3,0,5.0
O00658,2024-01-23,C0866,Toys,1,121.72,0.2,6,0,3.0
O00659,2024-01-23,C0371,Electronics,3,242.46,0.1,3,0,5.0
O00660,2024-01-23,C1530,Sports & outdoors,2,115.65,0.15,6,1,4.0
O00661,2024-01-23,C1107,Toys,1,17.76,0.3,2,0,4.0
O00662,2024-01-23,C0125,Books,2,12.14,0.0,2,0,3.0
O00663,2024-01-23,C0763,Sports & outdoors,1,21.29,0.0,4,0,5.0
O00664,2024-01-23,C0344,Sports & outdoors,3,24.5,0.2,3,0,4.0
O00665,2024-01-23,C0215,Home & kitchen,1,100.08,0.2,12,1,1.0
O00666,2024-01-23,C0884,Clothing,1,23.24,0.15,3,0,4.0
O00667,2024-01-23,C0034,Toys,4,18.42,0.2,7,0,5.0
O00668,2024-01-23,C1972,Books,1,15.89,0.05,3,0,5.0
O00669,2024-01-23,C1655,Clothing,2,19.32,0.1,1,0,4.0
O00670,2024-01-23,C1968,Electronics,2,168.39,0.0,2,1,3.0
O00671,2024-01-23,C1445,Clothing,3,40.89,0.1,2,0,4.0
O00672,2024-01-23,C0582,Home & kitchen,3,58.34,0.1,3,0,5.0
O00673,2024-01-23,C0703,Electronics,1,101.19,0.0,3,0,4.0
O00674,2024-01-23,C0191,Toys,2,28.0,0.0,1,0,4.0
O00675,2024-01-23,C1419,Toys,1,39.95,0.2,4,0,5.0
O00676,2024-01-23,C0264,Sports & outdoors,1,24.34,0.05,1,1,3.0
O00677,2024-01-23,C0054,Clothing,3,22.58,0.0,3,0,4.0
O00678,2024-01-23,C1708,Home & kitchen,2,47.58,0.1,5,0,4.0
O00679,2024-01-23,C1425,Books,1,13.31,0.05,5,0,4.0
O00680,2024-01-23,C0034,Clothing,1,24.45,0.0,2,0,4.0
O00681,2024-01-23,C0202,Sports & outdoors,1,89.27,0.05,9,0,4.0
O00682,2024-01-23,C1111,Beauty,4,23.49,0.1,4,0,4.0
O00683,2024-01-23,C1662,Electronics,1,78.31,0.1,2,0,5.0
O00684,2024-01-24,C0723,Beauty,1,23.16,0.2,2,0,5.0
O00685,2024-01-24,C1918,Clothing,4,26.5,0.2,2,0,5.0
O00686,2024-01-24,C0494,Books,1,13.66,0.0,1,0,5.0
O00687,2024-01-24,C1315,Clothing,1,14.94,0.2,4,0,5.0
O00688,2024-01-24,C0251,Sports & outdoors,4,77.32,0.1,7,0,5.0
O00689,2024-01-24,C1174,Clothing,1,32.06,0.0,3,0,5.0
O00690,2024-01-24,C1951,Home & kitchen,2,38.63,0.0,3,0,5.0
O00691,2024-01-24,C1427,Electronics,1,178.61,0.1,4,0,5.0
O00692,2024-01-24,C0666,Home & kitchen,1,20.76,0.0,5,0,4.0
O00693,2024-01-24,C0002,Clothing,2,73.98,0.1,4,0,5.0
O00694,2024-01-24,C1063,Books,1,11.93,0.05,3,0,4.0
O00695,2024-01-24,C1218,Clothing,4,54.34,0.2,1,0,4.0
O00696,2024-01-24,C1534,Home & kitchen,4,72.42,0.3,1,1,4.0
O00697,2024-01-24,C0087,Home & kitchen,2,74.6,0.0,3,0,4.0
O00698,2024-01-24,C1538,Sports & outdoors,1,41.97,0.0,1,0,3.0
O00699,2024-01-24,C1873,Electronics,2,120.58,0.0,1,0,4.0
O00700,2024-01-24,C0313,Books,2,25.4,0.0,1,0,5.0
O00701,2024-01-24,C1393,Home & kitchen,3,90.14,0.3,1,0,5.0
O00702,2024-01-24,C0121,Clothing,1,60.44,0.0,3,0,4.0
O00703,2024-01-24,C1220,Home & kitchen,1,63.57,0.2,2,0,5.0
O00704,2024-01-24,C0208,Clothing,1,53.7,0.15,1,0,
O00705,2024-01-24,C1308,Clothing,2,40.47,0.0,7,1,4.0
O00706,2024-01-24,C1873,Sports & outdoors,4,55.32,0.05,3,1,4.0
O00707,2024-01-24,C0736,Toys,2,23.13,0.05,2,0,5.0
O00708,2024-01-24,C0456,Toys,2,27.69,0.2,6,0,5.0
O00709,2024-01-24,C1697,Beauty,2,17.1,0.15,2,0,3.0
O00710,2024-01-24,C1514,Home & kitchen,1,38.15,0.0,2,0,4.0
O00711,2024-01-24,C0786,Electronics,1,262.94,0.05,3,0,4.0
O00712,2024-01-24,C1302,Books,2,9.6,0.0,15,0,2.0
O00713,2024-01-25,C0583,Toys,1,24.58,0.3,3,0,5.0
O00714,2024-01-25,C1991,Books,2,19.98,0.3,1,0,4.0
O00715,2024-01-25,C1054,Books,3,26.8,0.0,6,0,5.0
O00716,2024-01-25,C0154,Electronics,1,283.13,0.2,1,1,3.0
O00717,2024-01-25,C0734,Sports & outdoors,1,49.87,0.0,3,0,5.0
O00718,2024-01-25,C0348,Books,1,10.64,0.05,1,0,5.0
O00719,2024-01-25,C1188,Books,2,13.96,0.0,3,0,
O00720,2024-01-25,C0458,Books,1,17.65,0.05,2,0,5.0
O00721,2024-01-25,C0356,Clothing,1,52.14,0.2,2,0,5.0
O00722,2024-01-25,C1458,Clothing,2,23.06,0.0,5,0,5.0
O00723,2024-01-25,C0861,Electronics,4,47.39,0.05,1,0,5.0
O00724,2024-01-25,C1478,Electronics,4,44.36,0.0,5,0,4.0
O00725,2024-01-25,C0059,Toys,1,35.35,0.15,8,0,4.0
O00726,2024-01-25,C1952,Books,3,15.81,0.0,7,0,4.0
O00727,2024-01-25,C0572,Electronics,1,114.42,0.0,1,0,5.0
O00728,2024-01-25,C1641,Clothing,1,15.86,0.0,3,0,5.0
O00729,2024-01-25,C1198,Toys,1,15.69,0.15,3,0,5.0
O00730,2024-01-25,C1929,Toys,1,15.3,0.05,4,0,
O00731,2024-01-25,C0661,Electronics,1,248.48,0.0,4,0,4.0
O00732,2024-01-25,C0982,Beauty,2,23.21,0.1,1,1,4.0
O00733,2024-01-25,C1127,Beauty,2,35.28,0.0,2,0,4.0
O00734,2024-01-25,C0099,Books,4,22.32,0.0,5,0,4.0
O00735,2024-01-25,C0687,Sports & outdoors,4,82.93,0.3,5,0,5.0
O00736,2024-01-25,C1775,Sports & outdoors,2,48.36,0.15,7,1,3.0
O00737,2024-01-26,C0987,Sports & outdoors,2,124.18,0.0,1,0,4.0
O00738,2024-01-26,C1394,Books,1,10.21,0.0,3,0,4.0
O00739,2024-01-26,C1333,Books,1,10.24,0.15,7,0,3.0
O00740,2024-01-26,C0294,Toys,1,17.01,0.0,5,0,4.0
O00741,2024-01-26,C1945,Home & kitchen,1,50.52,0.15,4,0,4.0
O00742,2024-01-26,C1297,Toys,2,57.27,0.0,3,0,5.0
O00743,2024-01-26,C1187,Electronics,1,75.76,0.3,3,0,5.0
O00744,2024-01-26,C0702,Electronics,1,133.98,0.05,1,0,4.0
O00745,2024-01-26,C0634,Toys,4,29.7,0.3,1,1,3.0
O00746,2024-01-26,C1936,Electronics,2,240.05,0.05,5,0,
O00747,2024-01-26,C1520,Electronics,1,254.77,0.3,2,0,4.0
O00748,2024-01-26,C1575,Clothing,4,29.12,0.0,8,0,4.0
O00749,2024-01-26,C1635,Home & kitchen,1,26.77,0.0,2,0,4.0
O00750,2024-01-26,C0192,Home & kitchen,4,60.41,0.1,6,0,3.0
O00751,2024-01-26,C0938,Beauty,1,39.42,0.15,1,0,5.0
O00752,2024-01-26,C1124,Books,1,9.14,0.2,4,1,3.0
O00753,2024-01-26,C1442,Clothing,1,36.61,0.0,3,0,4.0
O00754,2024-01-26,C1009,Beauty,3,15.29,0.0,2,0,5.0
O00755,2024-01-26,C1293,Books,3,13.44,0.3,1,0,5.0
O00756,2024-01-26,C0161,Electronics,1,224.96,0.15,4,0,5.0
O00757,2024-01-26,C0126,Electronics,4,95.44,0.0,1,0,4.0
O00758,2024-01-26,C1124,Toys,1,46.99,0.05,5,0,5.0
O00759,2024-01-26,C1917,Sports & outdoors,2,99.18,0.0,1,0,5.0
O00760,2024-01-26,C1659,Toys,4,23.7,0.0,1,0,5.0
O00761,2024-01-26,C1433,Electronics,4,529.85,0.1,6,0,4.0
O00762,2024-01-26,C0020,Beauty,2,18.0,0.0,2,0,5.0
O00763,2024-01-26,C0050,Books,1,8.78,0.0,3,1,4.0
O00764,2024-01-26,C1563,Electronics,1,560.08,0.05,4,0,5.0
O00765,2024-01-26,C1821,Toys,2,13.99,0.0,12,1,2.0
O00766,2024-01-26,C0013,Electronics,2,121.98,0.05,2,0,5.0
O00767,2024-01-26,C0804,Clothing,1,35.21,0.3,4,0,5.0
O00768,2024-01-27,C0571,Toys,2,28.26,0.05,5,0,4.0
O00769,2024-01-27,C1700,Clothing,1,39.88,0.05,1,0,4.0
O00770,2024-01-27,C1321,Sports & outdoors,1,77.6,0.2,3,0,5.0
O00771,2024-01-27,C0367,Books,1,14.73,0.3,8,0,4.0
O00772,2024-01-27,C1160,Books,4,9.77,0.0,1,0,4.0
O00773,2024-01-27,C1824,Home & kitchen,1,29.4,0.05,2,0,4.0
O00774,2024-01-27,C0075,Toys,3,47.08,0.0,6,0,3.0
O00775,2024-01-27,C0572,Books,1,11.94,0.3,5,0,4.0
O00776,2024-01-27,C1545,Books,2,22.08,0.0,3,0,5.0
O00777,2024-01-27,C0612,Books,3,14.64,0.15,13,0,4.0
O00778,2024-01-27,C0466,Sports & outdoors,2,41.45,0.1,4,0,4.0
O00779,2024-01-27,C1358,Toys,4,14.2,0.3,3,0,4.0
O00780,2024-01-27,C1150,Home & kitchen,3,57.86,0.05,3,0,4.0
O00781,2024-01-27,C0356,Toys,1,17.93,0.15,1,0,5.0
O00782,2024-01-27,C1546,Beauty,3,8.99,0.15,8,0,3.0
O00783,2024-01-27,C1157,Clothing,3,81.08,0.0,1,0,5.0
O00784,2024-01-27,C0616,Toys,3,19.8,0.0,2,1,3.0
O00785,2024-01-27,C0599,Sports & outdoors,4,44.72,0.0,4,0,4.0
O00786,2024-01-27,C0912,Home & kitchen,3,25.6,0.0,6,0,3.0
O00787,2024-01-27,C0137,Electronics,2,72.82,0.2,1,0,5.0
O00788,2024-01-27,C1684,Home & kitchen,1,26.59,0.1,3,0,5.0
O00789,2024-01-27,C1956,Beauty,4,45.43,0.05,2,0,5.0
O00790,2024-01-27,C1576,Electronics,2,81.85,0.05,7,0,4.0
O00791,2024-01-27,C0312,Clothing,1,36.28,0.05,1,0,5.0
O00792,2024-01-27,C1372,Clothing,3,31.63,0.2,4,1,2.0
O00793,2024-01-28,C0943,Sports & outdoors,4,24.72,0.0,4,0,4.0
O00794,2024-01-28,C0001,Sports & outdoors,2,13.32,0.2,1,0,4.0
O00795,2024-01-28,C1916,Sports & outdoors,3,95.78,0.0,2,0,4.0
O00796,2024-01-28,C1744,Clothing,1,62.8,0.05,2,0,4.0
O00797,2024-01-28,C0738,Home & kitchen,2,21.26,0.1,2,0,5.0
O00798,2024-01-28,C0218,Clothing,2,68.9,0.3,14,1,2.0
O00799,2024-01-28,C0262,Books,2,11.38,0.0,5,0,5.0
O00800,2024-01-28,C0299,Books,1,13.63,0.3,5,0,5.0
O00801,2024-01-28,C0751,Beauty,3,32.54,0.0,3,0,5.0
O00802,2024-01-28,C1822,Beauty,1,31.57,0.05,1,0,5.0
O00803,2024-01-28,C0026,Books,2,15.84,0.0,1,0,4.0
O00804,2024-01-28,C0517,Electronics,4,87.28,0.0,3,0,4.0
O00805,2024-01-28,C1431,Books,4,14.59,0.2,4,0,5.0
O00806,2024-01-28,C0413,Clothing,2,79.17,0.05,1,0,5.0
O00807,2024-01-28,C0307,Clothing,1,45.77,0.0,8,1,2.0
O00808,2024-01-28,C1906,Electronics,3,141.68,0.0,2,0,5.0
O00809,2024-01-28,C1297,Home & kitchen,4,83.02,0.1,3,1,3.0
O00810,2024-01-28,C1028,Sports & outdoors,3,23.67,0.05,2,0,
O00811,2024-01-28,C0606,Electronics,1,396.78,0.2,5,0,3.0
O00812,2024-01-28,C1914,Beauty,1,10.65,0.3,8,1,3.0
O00813,2024-01-28,C0813,Home & kitchen,1,60.96,0.3,6,0,4.0
O00814,2024-01-28,C1374,Beauty,2,22.5,0.3,2,1,4.0
O00815,2024-01-28,C0555,Clothing,1,60.65,0.15,2,0,4.0
O00816,2024-01-28,C0805,Home & kitchen,2,79.32,0.15,3,0,5.0
O00817,2024-01-28,C0149,Toys,2,25.34,0.3,6,1,2.0
O00818,2024-01-28,C1300,Sports & outdoors,2,55.87,0.0,1,0,5.0
O00819,2024-01-28,C0795,Clothing,2,40.2,0.0,13,0,4.0
O00820,2024-01-28,C1147,Beauty,1,26.4,0.0,3,0,5.0
O00821,2024-01-28,C1989,Electronics,3,57.74,0.0,7,0,4.0
O00822,2024-01-29,C0454,Home & kitchen,1,55.92,0.0,5,0,4.0
O00823,2024-01-29,C0095,Beauty,2,23.47,0.2,2,0,5.0
O00824,2024-01-29,C1477,Home & kitchen,3,113.93,0.2,4,0,4.0
O00825,2024-01-29,C0761,Home & kitchen,4,40.8,0.05,4,1,3.0
O00826,2024-01-29,C0493,Electronics,1,68.34,0.0,1,0,5.0
O00827,2024-01-29,C1571,Clothing,2,26.4,0.05,2,0,5.0
O00828,2024-01-29,C0606,Books,1,16.89,0.1,2,0,4.0
O00829,2024-01-29,C0180,Clothing,2,10.08,0.0,3,0,5.0
O00830,2024-01-29,C1330,Toys,1,23.62,0.05,6,0,3.0
O00831,2024-01-29,C0592,Beauty,2,25.65,0.0,3,0,4.0
O00832,2024-01-29,C0469,Sports & outdoors,1,65.18,0.05,11,1,1.0
O00833,2024-01-29,C1444,Sports & outdoors,1,45.61,0.3,4,1,2.0
O00834,2024-01-29,C1900,Beauty,4,44.53,0.15,2,0,5.0
O00835,2024-01-29,C1698,Clothing,1,17.34,0.0,3,0,5.0
O00836,2024-01-29,C0784,Electronics,2,382.08,0.05,4,0,4.0
O00837,2024-01-29,C1805,Home & kitchen,2,101.74,0.0,3,0,5.0
O00838,2024-01-29,C0950,Beauty,3,29.71,0.15,1,0,4.0
O00839,2024-01-29,C1828,Electronics,1,94.32,0.0,3,0,5.0
O00840,2024-01-29,C0545,Books,4,8.62,0.0,2,0,4.0
O00841,2024-01-29,C0952,Clothing,3,85.66,0.15,9,0,4.0
O00842,2024-01-29,C1909,Books,4,14.39,0.0,5,0,5.0
O00843,2024-01-29,C1310,Books,3,13.69,0.2,3,0,3.0
O00844,2024-01-29,C0312,Toys,4,40.15,0.0,2,1,3.0
O00845,2024-01-30,C0147,Clothing,1,24.66,0.05,1,0,5.0
O00846,2024-01-30,C0338,Beauty,4,20.62,0.0,11,1,1.0
O00847,2024-01-30,C0373,Beauty,4,11.73,0.0,3,0,5.0
O00848,2024-01-30,C0981,Clothing,1,38.65,0.0,4,0,3.0
O00849,2024-01-30,C1674,Sports & outdoors,3,36.43,0.3,7,1,2.0
O00850,2024-01-30,C0090,Books,1,17.45,0.1,2,0,5.0
O00851,2024-01-30,C0046,Clothing,2,40.78,0.2,4,0,3.0
O00852,2024-01-30,C1435,Sports & outdoors,1,39.69,0.0,5,0,5.0
O00853,2024-01-30,C1113,Electronics,1,96.58,0.0,4,0,3.0
O00854,2024-01-30,C1298,Beauty,2,28.49,0.2,4,0,4.0
O00855,2024-01-30,C1101,Books,4,21.22,0.15,1,1,3.0
O00856,2024-01-30,C0601,Clothing,1,23.84,0.0,2,0,5.0
O00857,2024-01-30,C0124,Clothing,3,30.5,0.0,2,0,4.0
O00858,2024-01-30,C0648,Sports & outdoors,1,69.0,0.15,4,0,5.0
O00859,2024-01-30,C1779,Clothing,2,65.18,0.0,2,0,4.0
O00860,2024-01-30,C0731,Electronics,3,85.87,0.2,2,0,5.0
O00861,2024-01-30,C1307,Sports & outdoors,2,93.78,0.0,1,1,3.0
O00862,2024-01-30,C1258,Beauty,2,16.16,0.1,4,0,5.0
O00863,2024-01-30,C0961,Electronics,2,388.41,0.2,5,0,5.0
O00864,2024-01-30,C1250,Electronics,1,226.85,0.0,2,0,4.0
O00865,2024-01-30,C0722,Sports & outdoors,4,65.55,0.15,5,0,5.0
O00866,2024-01-30,C0977,Books,3,14.46,0.0,5,0,4.0
O00867,2024-01-30,C1990,Toys,2,14.7,0.3,3,0,3.0
O00868,2024-01-30,C0089,Home & kitchen,2,41.22,0.2,5,1,4.0
O00869,2024-01-30,C1572,Clothing,3,46.52,0.0,2,0,5.0
O00870,2024-01-30,C1315,Sports & outdoors,2,79.32,0.15,3,0,3.0
O00871,2024-01-30,C1069,Beauty,1,13.1,0.0,1,1,3.0
O00872,2024-01-30,C0542,Beauty,1,14.02,0.0,4,0,5.0
O00873,2024-01-30,C0939,Home & kitchen,1,78.1,0.0,10,0,4.0
O00874,2024-01-30,C0985,Sports & outdoors,1,21.68,0.15,6,0,5.0
O00875,2024-01-30,C1123,Beauty,4,12.33,0.2,1,1,3.0
O00876,2024-01-31,C0951,Books,4,11.78,0.0,3,0,5.0
O00877,2024-01-31,C0985,Clothing,1,42.13,0.0,5,1,2.0
O00878,2024-01-31,C1039,Home & kitchen,1,143.04,0.05,3,0,5.0
O00879,2024-01-31,C0633,Toys,2,18.06,0.0,6,0,5.0
O00880,2024-01-31,C1252,Toys,2,18.37,0.1,5,0,4.0
O00881,2024-01-31,C0911,Beauty,3,30.88,0.15,3,0,4.0
O00882,2024-01-31,C0311,Home & kitchen,2,19.23,0.2,2,0,4.0
O00883,2024-01-31,C1684,Beauty,1,13.73,0.1,2,0,4.0
O00884,2024-01-31,C0364,Electronics,4,367.69,0.05,3,0,4.0
O00885,2024-01-31,C1161,Clothing,1,74.65,0.2,4,0,5.0
O00886,2024-01-31,C1538,Home & kitchen,1,63.7,0.1,4,0,4.0
O00887,2024-01-31,C1970,Clothing,2,30.86,0.05,4,0,5.0
O00888,2024-01-31,C1010,Books,1,13.72,0.0,2,0,5.0
O00889,2024-01-31,C0220,Home & kitchen,2,46.58,0.0,4,0,3.0
O00890,2024-01-31,C0335,Home & kitchen,2,15.81,0.0,7,0,5.0
O00891,2024-01-31,C0805,Sports & outdoors,2,53.13,0.1,2,0,5.0
O00892,2024-01-31,C0862,Books,2,12.54,0.0,6,0,5.0
O00893,2024-01-31,C0516,Clothing,4,59.22,0.3,1,0,5.0
O00894,2024-01-31,C0380,Beauty,3,18.72,0.15,2,0,5.0
O00895,2024-01-31,C0397,Toys,1,21.47,0.05,2,0,5.0
O00896,2024-01-31,C1708,Toys,1,47.05,0.0,5,0,4.0
O00897,2024-01-31,C0182,Home & kitchen,2,27.22,0.2,2,0,5.0
O00898,2024-01-31,C1428,Electronics,1,487.33,0.2,2,0,4.0
O00899,2024-01-31,C1472,Books,1,11.93,0.2,3,0,4.0
O00900,2024-01-31,C1235,Sports & outdoors,1,115.28,0.0,5,0,4.0
O00901,2024-01-31,C0020,Books,1,17.09,0.2,2,0,4.0
O00902,2024-01-31,C1974,Toys,1,37.24,0.0,1,0,4.0
O00903,2024-01-31,C1604,Sports & outdoors,2,30.93,0.15,1,0,5.0
O00904,2024-01-31,C0994,Beauty,3,19.75,0.0,3,0,5.0
O00905,2024-02-01,C1561,Electronics,1,136.56,0.0,1,0,5.0
O00906,2024-02-01,C0322,Electronics,2,56.06,0.15,3,0,
O00907,2024-02-01,C0215,Home & kitchen,3,41.03,0.3,2,0,5.0
O00908,2024-02-01,C1262,Electronics,1,178.69,0.05,2,0,5.0
O00909,2024-02-01,C1411,Beauty,4,24.47,0.0,1,0,
O00910,2024-02-01,C0604,Electronics,2,1333.12,0.0,3,0,4.0
O00911,2024-02-01,C1696,Home & kitchen,4,77.58,0.1,1,0,3.0
O00912,2024-02-01,C0309,Books,3,11.5,0.0,5,0,4.0
O00913,2024-02-01,C1232,Electronics,1,139.7,0.3,2,0,5.0
O00914,2024-02-01,C1840,Toys,4,58.61,0.0,7,0,4.0
O00915,2024-02-01,C0900,Electronics,2,168.27,0.2,4,0,3.0
O00916,2024-02-01,C1387,Beauty,1,55.63,0.15,2,1,3.0
O00917,2024-02-01,C0373,Clothing,3,39.83,0.1,5,0,5.0
O00918,2024-02-01,C1158,Clothing,2,12.39,0.1,3,0,5.0
O00919,2024-02-01,C0242,Toys,3,27.72,0.1,3,0,5.0
O00920,2024-02-01,C0996,Home & kitchen,4,27.93,0.3,2,0,4.0
O00921,2024-02-01,C0930,Home & kitchen,2,23.85,0.05,2,0,3.0
O00922,2024-02-01,C0387,Clothing,1,28.14,0.0,3,0,4.0
O00923,2024-02-01,C0427,Electronics,4,156.73,0.2,3,0,5.0
O00924,2024-02-01,C0235,Electronics,2,523.16,0.15,1,0,5.0
O00925,2024-02-01,C1123,Home & kitchen,1,30.47,0.3,5,1,4.0
O00926,2024-02-01,C1360,Sports & outdoors,3,41.31,0.0,8,0,3.0
O00927,2024-02-02,C1042,Books,1,15.09,0.05,4,0,4.0
O00928,2024-02-02,C1536,Books,2,7.54,0.2,10,0,4.0
O00929,2024-02-02,C1615,Sports & outdoors,1,63.58,0.0,6,0,5.0
O00930,2024-02-02,C0007,Clothing,2,65.76,0.1,9,1,3.0
O00931,2024-02-02,C1223,Books,1,11.66,0.0,4,0,3.0
O00932,2024-02-02,C1875,Clothing,3,33.8,0.0,1,0,5.0
O00933,2024-02-02,C1568,Home & kitchen,2,161.04,0.2,2,0,5.0
O00934,2024-02-02,C1909,Electronics,3,266.15,0.05,2,0,5.0
O00935,2024-02-02,C0112,Clothing,4,35.0,0.05,2,0,5.0
O00936,2024-02-02,C1262,Toys,1,36.0,0.05,2,0,5.0
O00937,2024-02-02,C0625,Clothing,1,30.11,0.05,1,0,5.0
O00938,2024-02-02,C0193,Sports & outdoors,3,49.71,0.15,8,0,4.0
O00939,2024-02-02,C1069,Clothing,2,24.76,0.1,2,0,4.0
O00940,2024-02-02,C0745,Books,1,7.01,0.3,2,0,5.0
O00941,2024-02-02,C0695,Electronics,1,58.11,0.05,4,0,4.0
O00942,2024-02-02,C0658,Sports & outdoors,4,78.86,0.15,5,0,4.0
O00943,2024-02-02,C1995,Clothing,4,45.0,0.0,2,0,4.0
O00944,2024-02-02,C0180,Beauty,3,9.57,0.2,6,0,4.0
O00945,2024-02-02,C0745,Electronics,4,172.28,0.2,4,0,4.0
O00946,2024-02-02,C1662,Clothing,1,32.88,0.15,2,0,4.0
O00947,2024-02-02,C0635,Electronics,1,207.98,0.0,1,0,4.0
O00948,2024-02-02,C1528,Toys,2,17.85,0.2,3,0,5.0
O00949,2024-02-02,C0585,Sports & outdoors,2,105.81,0.0,4,0,5.0
O00950,2024-02-02,C0886,Sports & outdoors,2,17.05,0.1,5,1,4.0
O00951,2024-02-02,C0131,Electronics,1,312.74,0.0,1,0,
O00952,2024-02-02,C1766,Clothing,2,60.0,0.05,2,0,5.0
O00953,2024-02-02,C0351,Books,4,23.16,0.0,2,0,5.0
O00954,2024-02-02,C1095,Beauty,1,10.71,0.1,1,0,4.0
O00955,2024-02-02,C1979,Clothing,1,84.7,0.05,1,0,5.0
O00956,2024-02-02,C0053,Clothing,2,22.48,0.0,1,1,4.0
O00957,2024-02-02,C1201,Electronics,4,134.37,0.0,4,0,5.0
O00958,2024-02-02,C0618,Beauty,2,15.71,0.0,4,0,4.0
O00959,2024-02-03,C1818,Clothing,1,18.73,0.1,3,0,5.0
O00960,2024-02-03,C0851,Sports & outdoors,1,15.81,0.1,7,0,5.0
O00961,2024-02-03,C1799,Home & kitchen,2,9.87,0.05,3,0,5.0
O00962,2024-02-03,C0663,Books,3,10.52,0.1,3,0,3.0
O00963,2024-02-03,C0972,Electronics,3,512.94,0.05,1,0,5.0
O00964,2024-02-03,C0932,Books,2,18.95,0.0,2,0,5.0
O00965,2024-02-03,C1678,Toys,1,16.45,0.1,5,0,4.0
O00966,2024-02-03,C1462,Books,3,32.81,0.15,3,0,3.0
O00967,2024-02-03,C0925,Electronics,2,1036.58,0.1,7,0,4.0
O00968,2024-02-03,C1208,Clothing,1,45.72,0.15,12,0,4.0
O00969,2024-02-03,C1459,Books,2,12.43,0.15,2,0,4.0
O00970,2024-02-03,C0822,Books,1,16.46,0.0,8,0,5.0
O00971,2024-02-03,C1333,Sports & outdoors,2,49.19,0.1,1,1,3.0
O00972,2024-02-03,C1165,Home & kitchen,3,165.08,0.1,1,0,4.0
O00973,2024-02-03,C0123,Electronics,1,49.86,0.15,8,1,2.0
O00974,2024-02-03,C1868,Home & kitchen,1,66.74,0.3,3,0,5.0
O00975,2024-02-03,C1474,Electronics,2,850.98,0.2,2,0,4.0
O00976,2024-02-03,C0727,Clothing,4,134.71,0.1,3,0,4.0
O00977,2024-02-03,C1627,Clothing,1,23.46,0.3,4,1,3.0
O00978,2024-02-03,C1192,Home & kitchen,1,33.36,0.0,2,0,5.0
O00979,2024-02-03,C0443,Books,4,8.51,0.3,2,0,5.0
O00980,2024-02-03,C0558,Sports & outdoors,1,47.71,0.0,5,0,4.0
O00981,2024-02-03,C1801,Toys,3,18.91,0.0,1,1,3.0
O00982,2024-02-03,C1837,Clothing,1,46.14,0.0,1,0,
O00983,2024-02-03,C0909,Sports & outdoors,1,30.69,0.0,2,0,5.0
O00984,2024-02-03,C0661,Electronics,4,162.54,0.0,1,0,5.0
O00985,2024-02-04,C0426,Clothing,2,46.79,0.1,2,0,4.0
O00986,2024-02-04,C1070,Beauty,1,28.77,0.0,1,0,5.0
O00987,2024-02-04,C1263,Beauty,3,10.74,0.0,4,0,4.0
O00988,2024-02-04,C0322,Home & kitchen,4,150.81,0.2,2,0,5.0
O00989,2024-02-04,C1415,Home & kitchen,2,19.38,0.15,10,0,4.0
O00990,2024-02-04,C0874,Toys,1,48.28,0.0,3,0,4.0
O00991,2024-02-04,C1657,Books,1,7.78,0.0,3,0,3.0
O00992,2024-02-04,C0027,Clothing,1,22.0,0.3,4,0,3.0
O00993,2024-02-04,C1333,Toys,1,71.26,0.05,4,0,4.0
O00994,2024-02-04,C1402,Beauty,3,9.12,0.3,1,0,4.0
O00995,2024-02-04,C1600,Books,1,18.05,0.3,5,0,5.0
O00996,2024-02-04,C1622,Home & kitchen,2,24.91,0.0,3,0,5.0
O00997,2024-02-04,C1916,Clothing,1,19.07,0.0,4,1,3.0
O00998,2024-02-04,C1821,Electronics,1,93.38,0.0,3,0,5.0
O00999,2024-02-04,C1084,Books,2,21.41,0.1,4,0,5.0
O01000,2024-02-04,C1823,Toys,3,12.61,0.3,1,0,5.0
O01001,2024-02-04,C0069,Sports & outdoors,3,17.76,0.2,1,0,4.0
O01002,2024-02-04,C1560,Home & kitchen,1,25.3,0.0,4,0,5.0
O01003,2024-02-04,C0506,Clothing,2,41.62,0.05,2,0,5.0
O01004,2024-02-04,C1851,Clothing,2,31.42,0.1,1,0,4.0
O01005,2024-02-04,C1906,Electronics,3,391.17,0.1,5,0,4.0
O01006,2024-02-04,C0694,Home & kitchen,2,37.35,0.2,1,0,5.0
O01007,2024-02-04,C0835,Beauty,1,18.27,0.05,4,0,4.0
O01008,2024-02-04,C1767,Beauty,1,18.79,0.0,1,0,4.0
O01009,2024-02-04,C1207,Toys,1,16.39,0.05,1,0,5.0
O01010,2024-02-04,C1361,Clothing,2,41.83,0.2,2,0,5.0
O01011,2024-02-04,C0526,Electronics,2,77.37,0.0,2,0,5.0
O01012,2024-02-04,C1095,Clothing,1,20.38,0.15,8,0,5.0
O01013,2024-02-04,C0755,Home & kitchen,4,45.06,0.3,3,0,4.0
O01014,2024-02-04,C1150,Electronics,1,344.73,0.0,1,0,5.0
O01015,2024-02-04,C0453,Home & kitchen,1,12.88,0.05,2,0,4.0
O01016,2024-02-05,C1456,Books,1,24.42,0.0,8,0,3.0
O01017,2024-02-05,C1254,Clothing,1,52.98,0.1,7,0,4.0
O01018,2024-02-05,C1719,Beauty,1,27.04,0.2,2,0,5.0
O01019,2024-02-05,C0438,Beauty,1,14.59,0.3,3,0,5.0
O01020,2024-02-05,C1945,Clothing,2,40.63,0.0,8,0,4.0
O01021,2024-02-05,C1703,Electronics,4,52.06,0.0,3,1,3.0
O01022,2024-02-05,C1362,Electronics,2,19.3,0.0,9,0,5.0
O01023,2024-02-05,C0056,Toys,4,44.24,0.3,4,0,5.0
O01024,2024-02-05,C1976,Clothing,3,24.31,0.05,3,0,5.0
O01025,2024-02-05,C1968,Electronics,1,157.58,0.0,6,0,3.0
O01026,2024-02-05,C1039,Home & kitchen,3,49.14,0.0,3,0,4.0
O01027,2024-02-05,C1645,Books,1,24.53,0.0,2,0,5.0
O01028,2024-02-05,C0144,Clothing,3,31.34,0.15,8,0,5.0
O01029,2024-02-05,C1740,Toys,1,37.46,0.15,8,0,4.0
O01030,2024-02-05,C1607,Books,1,14.17,0.1,4,0,3.0
O01031,2024-02-05,C1870,Electronics,2,83.3,0.3,1,1,5.0
O01032,2024-02-05,C1196,Electronics,1,738.24,0.2,3,0,4.0
O01033,2024-02-05,C0919,Home & kitchen,2,102.25,0.0,8,0,
O01034,2024-02-05,C1224,Books,1,15.17,0.0,2,0,3.0
O01035,2024-02-05,C0477,Beauty,2,28.7,0.0,1,0,5.0
O01036,2024-02-05,C1737,Beauty,3,25.33,0.0,5,0,5.0
O01037,2024-02-05,C0972,Books,2,17.57,0.3,3,0,5.0
O01038,2024-02-05,C0553,Clothing,2,47.64,0.3,2,1,2.0
O01039,2024-02-06,C0886,Clothing,2,12.23,0.15,3,0,4.0
O01040,2024-02-06,C1870,Toys,2,37.36,0.0,1,0,5.0
O01041,2024-02-06,C1437,Clothing,2,43.15,0.2,6,1,3.0
O01042,2024-02-06,C1953,Clothing,3,38.38,0.0,1,0,5.0
O01043,2024-02-06,C0860,Home & kitchen,2,49.92,0.0,8,0,4.0
O01044,2024-02-06,C1185,Beauty,3,20.85,0.0,3,0,4.0
O01045,2024-02-06,C1955,Toys,3,24.99,0.0,5,0,2.0
O01046,2024-02-06,C0295,Clothing,1,19.19,0.0,6,0,5.0
O01047,2024-02-06,C1089,Sports & outdoors,2,61.57,0.0,1,1,4.0
O01048,2024-02-06,C1014,Electronics,1,159.23,0.0,5,0,3.0
O01049,2024-02-06,C1431,Sports & outdoors,4,89.9,0.0,4,0,4.0
O01050,2024-02-06,C1891,Electronics,4,176.08,0.1,3,0,5.0
O01051,2024-02-06,C1843,Home & kitchen,1,105.33,0.0,5,0,5.0
O01052,2024-02-06,C1848,Sports & outdoors,1,114.62,0.1,2,0,4.0
O01053,2024-02-06,C1398,Clothing,1,37.89,0.15,4,0,4.0
O01054,2024-02-06,C0824,Home & kitchen,4,99.68,0.0,5,0,5.0
O01055,2024-02-06,C1660,Clothing,1,37.27,0.0,2,0,5.0
O01056,2024-02-06,C1102,Clothing,2,25.6,0.1,1,0,
O01057,2024-02-06,C0232,Toys,3,25.64,0.15,6,0,3.0
O01058,2024-02-06,C1858,Home & kitchen,1,52.26,0.0,3,0,5.0
O01059,2024-02-06,C1777,Sports & outdoors,1,26.32,0.2,11,0,3.0
O01060,2024-02-06,C1420,Beauty,3,28.94,0.0,3,0,4.0
O01061,2024-02-06,C1658,Home & kitchen,2,34.19,0.05,3,0,5.0
O01062,2024-02-06,C1813,Home & kitchen,3,60.1,0.0,2,1,4.0
O01063,2024-02-06,C1055,Toys,2,25.5,0.2,3,0,4.0
O01064,2024-02-06,C0420,Home & kitchen,2,42.22,0.15,4,0,
O01065,2024-02-06,C0797,Beauty,3,15.78,0.0,3,0,5.0
O01066,2024-02-06,C1137,Toys,3,32.0,0.05,3,0,5.0
O01067,2024-02-06,C0166,Books,1,15.22,0.05,5,0,4.0
O01068,2024-02-07,C0459,Toys,2,40.34,0.1,1,0,4.0
O01069,2024-02-07,C1199,Home & kitchen,2,44.83,0.0,3,0,4.0
O01070,2024-02-07,C1206,Electronics,2,629.78,0.15,1,0,4.0
O01071,2024-02-07,C1882,Beauty,1,13.97,0.1,1,0,5.0
O01072,2024-02-07,C0667,Toys,4,22.62,0.1,2,0,4.0
O01073,2024-02-07,C0404,Beauty,1,21.56,0.0,1,0,5.0
O01074,2024-02-07,C0140,Toys,3,44.98,0.1,2,0,4.0
O01075,2024-02-07,C0972,Books,4,25.81,0.05,3,0,5.0
O01076,2024-02-07,C0041,Electronics,2,73.22,0.05,13,0,3.0
O01077,2024-02-07,C1766,Sports & outdoors,4,20.15,0.2,4,0,4.0
O01078,2024-02-07,C1727,Clothing,1,54.56,0.0,3,1,2.0
O01079,2024-02-07,C1644,Books,1,13.19,0.2,5,0,5.0
O01080,2024-02-07,C0835,Toys,3,12.71,0.3,1,0,5.0
O01081,2024-02-07,C1652,Sports & outdoors,1,130.22,0.2,6,0,3.0
O01082,2024-02-07,C0450,Electronics,3,135.67,0.05,9,1,3.0
O01083,2024-02-07,C0417,Beauty,4,42.11,0.05,4,1,2.0
O01084,2024-02-07,C0397,Toys,2,15.11,0.2,5,0,5.0
O01085,2024-02-07,C0825,Sports & outdoors,1,71.71,0.2,2,0,4.0
O01086,2024-02-07,C0846,Books,1,14.18,0.0,6,0,3.0
O01087,2024-02-07,C1971,Beauty,4,17.91,0.15,4,1,4.0
O01088,2024-02-07,C0457,Beauty,2,45.47,0.0,4,0,3.0
O01089,2024-02-07,C1642,Home & kitchen,1,37.45,0.15,4,0,4.0
O01090,2024-02-07,C0698,Clothing,4,40.87,0.3,2,0,5.0
O01091,2024-02-07,C1215,Sports & outdoors,1,32.7,0.0,3,0,4.0
O01092,2024-02-07,C1412,Beauty,1,25.49,0.0,2,0,4.0
O01093,2024-02-07,C0165,Beauty,1,15.95,0.0,1,0,5.0
O01094,2024-02-07,C1870,Toys,4,17.17,0.3,1,0,5.0
O01095,2024-02-07,C1965,Clothing,2,26.06,0.05,1,0,4.0
O01096,2024-02-07,C1921,Clothing,1,26.07,0.0,3,0,5.0
O01097,2024-02-07,C1600,Toys,1,37.89,0.05,5,0,5.0
O01098,2024-02-08,C0868,Clothing,3,41.71,0.2,1,0,3.0
O01099,2024-02-08,C1682,Home & kitchen,3,95.44,0.05,3,0,3.0
O01100,2024-02-08,C0616,Books,2,12.29,0.3,5,0,5.0
O01101,2024-02-08,C0016,Electronics,1,34.44,0.1,2,0,5.0
O01102,2024-02-08,C1762,Sports & outdoors,1,112.97,0.15,8,0,3.0
O01103,2024-02-08,C0724,Books,1,18.33,0.05,3,0,4.0
O01104,2024-02-08,C0949,Electronics,1,222.97,0.0,5,0,4.0
O01105,2024-02-08,C0418,Clothing,1,60.42,0.0,1,1,3.0
O01106,2024-02-08,C1489,Sports & outdoors,1,62.66,0.0,2,0,4.0
O01107,2024-02-08,C1480,Clothing,1,24.24,0.0,2,1,3.0
O01108,2024-02-08,C0435,Beauty,1,10.36,0.15,4,0,4.0
O01109,2024-02-08,C1188,Clothing,4,27.78,0.1,3,0,4.0
O01110,2024-02-08,C1099,Sports & outdoors,4,24.76,0.0,2,0,5.0
O01111,2024-02-08,C1862,Clothing,1,22.21,0.2,2,0,5.0
O01112,2024-02-08,C0576,Beauty,2,26.88,0.05,3,0,4.0
O01113,2024-02-08,C0159,Toys,2,21.19,0.0,6,0,3.0
O01114,2024-02-08,C0196,Clothing,2,35.65,0.2,1,0,5.0
O01115,2024-02-08,C0163,Books,4,28.09,0.15,1,0,5.0
O01116,2024-02-08,C1304,Clothing,1,24.83,0.1,10,0,4.0
O01117,2024-02-08,C0835,Electronics,2,278.55,0.05,3,0,4.0
O01118,2024-02-08,C1726,Sports & outdoors,1,20.55,0.15,4,0,4.0
O01119,2024-02-08,C0981,Clothing,3,51.47,0.3,5,0,4.0
O01120,2024-02-09,C0141,Clothing,2,34.89,0.15,5,0,4.0
O01121,2024-02-09,C1620,Home & kitchen,2,19.47,0.15,6,0,
O01122,2024-02-09,C0892,Electronics,2,37.36,0.0,9,0,5.0
O01123,2024-02-09,C0323,Sports & outdoors,3,29.79,0.0,1,0,5.0
O01124,2024-02-09,C1306,Electronics,1,122.02,0.3,2,0,5.0
O01125,2024-02-09,C1662,Electronics,2,329.16,0.05,2,1,4.0
O01126,2024-02-09,C0630,Home & kitchen,2,20.51,0.0,1,0,5.0
O01127,2024-02-09,C0284,Home & kitchen,4,45.56,0.2,1,0,4.0
O01128,2024-02-09,C0767,Electronics,2,557.82,0.0,6,0,5.0
O01129,2024-02-09,C0571,Toys,1,18.36,0.3,2,0,4.0
O01130,2024-02-09,C0854,Clothing,4,32.37,0.1,1,0,5.0
O01131,2024-02-09,C1691,Clothing,3,19.45,0.0,2,0,5.0
O01132,2024-02-09,C1610,Books,4,19.33,0.3,4,0,5.0
O01133,2024-02-09,C1087,Electronics,1,833.68,0.05,4,0,4.0
O01134,2024-02-09,C0517,Electronics,2,185.94,0.3,2,0,5.0
O01135,2024-02-09,C0866,Beauty,1,38.74,0.15,3,0,3.0
O01136,2024-02-09,C1404,Toys,2,40.98,0.0,1,0,5.0
O01137,2024-02-09,C0382,Sports & outdoors,4,28.96,0.0,2,0,5.0
O01138,2024-02-09,C1334,Electronics,1,149.2,0.0,6,1,4.0
O01139,2024-02-09,C1802,Home & kitchen,2,70.04,0.0,2,0,5.0
O01140,2024-02-09,C1430,Home & kitchen,3,17.16,0.05,9,0,5.0
O01141,2024-02-09,C1223,Toys,1,28.52,0.1,5,0,4.0
O01142,2024-02-09,C1988,Books,2,24.75,0.05,4,0,4.0
O01143,2024-02-09,C1889,Home & kitchen,1,26.78,0.1,4,0,5.0
O01144,2024-02-09,C1983,Toys,2,25.73,0.0,5,0,3.0
O01145,2024-02-09,C1395,Books,3,11.34,0.05,1,0,5.0
O01146,2024-02-09,C0697,Electronics,1,109.4,0.3,1,0,5.0
O01147,2024-02-09,C1103,Books,4,21.52,0.05,1,0,5.0
O01148,2024-02-09,C0844,Books,3,13.75,0.0,4,0,5.0
O01149,2024-02-09,C0841,Beauty,2,37.87,0.2,3,0,4.0
O01150,2024-02-10,C1700,Clothing,1,40.46,0.15,5,1,5.0
O01151,2024-02-10,C1939,Clothing,3,22.9,0.05,2,0,4.0
O01152,2024-02-10,C0261,Electronics,1,81.62,0.0,4,0,4.0
O01153,2024-02-10,C0962,Sports & outdoors,1,40.06,0.0,1,0,5.0
O01154,2024-02-10,C1767,Home & kitchen,1,64.97,0.0,1,1,3.0
O01155,2024-02-10,C0020,Beauty,3,32.69,0.0,2,0,
O01156,2024-02-10,C0013,Clothing,2,64.25,0.1,2,0,4.0
O01157,2024-02-10,C1914,Beauty,4,12.3,0.0,4,0,3.0
O01158,2024-02-10,C1801,Sports & outdoors,4,80.0,0.0,3,0,5.0
O01159,2024-02-10,C1115,Home & kitchen,1,11.08,0.0,5,0,4.0
O01160,2024-02-10,C0463,Electronics,1,185.32,0.05,2,0,5.0
O01161,2024-02-10,C0010,Beauty,3,18.55,0.15,5,0,4.0
O01162,2024-02-10,C1258,Clothing,1,32.89,0.0,2,0,4.0
O01163,2024-02-10,C1190,Sports & outdoors,1,73.69,0.0,2,0,
O01164,2024-02-10,C0948,Books,2,10.06,0.05,3,0,5.0
O01165,2024-02-10,C1962,Clothing,1,28.02,0.3,2,1,4.0
O01166,2024-02-10,C0658,Electronics,1,368.05,0.1,4,0,4.0
O01167,2024-02-10,C0269,Toys,2,20.94,0.3,1,0,4.0
O01168,2024-02-10,C1384,Home & kitchen,1,21.07,0.0,1,0,4.0
O01169,2024-02-10,C0324,Books,1,16.33,0.3,1,0,
O01170,2024-02-10,C0912,Books,2,18.31,0.2,2,1,3.0
O01171,2024-02-10,C1392,Home & kitchen,1,51.91,0.05,2,0,
O01172,2024-02-10,C0839,Beauty,2,19.28,0.1,4,0,4.0
O01173,2024-02-10,C1747,Beauty,4,14.99,0.0,2,0,5.0
O01174,2024-02-10,C0120,Home & kitchen,3,17.06,0.05,1,0,4.0
O01175,2024-02-10,C1994,Sports & outdoors,1,23.52,0.3,1,0,5.0
O01176,2024-02-10,C0524,Books,1,13.76,0.3,9,0,4.0
O01177,2024-02-10,C1584,Electronics,1,76.99,0.15,6,0,4.0
O01178,2024-02-11,C0404,Clothing,1,21.94,0.3,18,1,2.0
O01179,2024-02-11,C0939,Books,4,12.39,0.2,3,0,4.0
O01180,2024-02-11,C1919,Electronics,4,103.32,0.15,7,0,5.0
O01181,2024-02-11,C0077,Electronics,1,252.61,0.1,1,1,4.0
O01182,2024-02-11,C0115,Electronics,2,124.9,0.15,5,0,5.0
O01183,2024-02-11,C1143,Sports & outdoors,1,63.5,0.2,4,0,4.0
O01184,2024-02-11,C0436,Clothing,4,28.62,0.05,7,0,5.0
O01185,2024-02-11,C0428,Beauty,1,39.26,0.1,1,1,4.0
O01186,2024-02-11,C1818,Home & kitchen,1,30.67,0.0,3,0,4.0
O01187,2024-02-11,C0549,Sports & outdoors,1,119.71,0.05,6,0,4.0
O01188,2024-02-11,C1445,Home & kitchen,1,32.68,0.0,7,0,4.0
O01189,2024-02-11,C0656,Home & kitchen,3,38.45,0.2,2,0,4.0
O01190,2024-02-11,C1678,Electronics,2,78.5,0.1,2,1,3.0
O01191,2024-02-11,C0965,Home & kitchen,3,21.73,0.0,3,0,5.0
O01192,2024-02-11,C0507,Toys,3,66.0,0.15,1,0,4.0
O01193,2024-02-11,C1793,Beauty,1,39.39,0.3,1,0,4.0
O01194,2024-02-11,C1252,Beauty,3,41.55,0.05,2,0,5.0
O01195,2024-02-11,C0438,Clothing,4,37.43,0.0,2,1,3.0
O01196,2024-02-11,C0064,Clothing,4,16.22,0.0,1,0,5.0
O01197,2024-02-11,C1692,Books,1,12.75,0.0,2,0,5.0
O01198,2024-02-11,C1433,Sports & outdoors,2,42.6,0.05,4,0,5.0
O01199,2024-02-11,C0232,Clothing,3,19.65,0.0,5,0,4.0
O01200,2024-02-11,C0525,Books,2,17.1,0.3,3,0,5.0
O01201,2024-02-11,C1202,Clothing,1,45.16,0.2,2,0,5.0
O01202,2024-02-11,C1049,Beauty,2,18.79,0.3,6,0,3.0
O01203,2024-02-11,C1415,Electronics,1,112.76,0.15,4,0,5.0
O01204,2024-02-11,C1754,Toys,2,11.69,0.2,3,0,3.0
O01205,2024-02-11,C0519,Home & kitchen,1,146.69,0.1,4,0,3.0
O01206,2024-02-11,C0972,Home & kitchen,2,108.75,0.1,6,0,5.0
O01207,2024-02-11,C0425,Clothing,2,25.78,0.0,2,0,5.0
O01208,2024-02-12,C1394,Clothing,2,19.4,0.0,2,0,4.0
O01209,2024-02-12,C0633,Clothing,2,90.24,0.15,1,0,5.0
O01210,2024-02-12,C1868,Clothing,1,14.05,0.0,8,0,4.0
O01211,2024-02-12,C1905,Home & kitchen,1,27.08,0.0,3,0,5.0
O01212,2024-02-12,C0090,Clothing,1,19.43,0.0,3,0,4.0
O01213,2024-02-12,C1949,Electronics,2,355.04,0.05,3,0,5.0
O01214,2024-02-12,C1002,Books,2,11.54,0.0,2,0,5.0
O01215,2024-02-12,C1754,Books,1,17.95,0.0,7,0,2.0
O01216,2024-02-12,C0483,Books,3,17.92,0.3,4,1,3.0
O01217,2024-02-12,C1536,Electronics,1,19.88,0.1,1,0,5.0
O01218,2024-02-12,C0832,Books,3,17.63,0.1,3,0,4.0
O01219,2024-02-12,C1524,Beauty,2,19.93,0.0,1,0,5.0
O01220,2024-02-12,C0501,Books,2,11.33,0.3,2,0,4.0
O01221,2024-02-12,C1456,Clothing,1,41.35,0.05,2,1,4.0
O01222,2024-02-12,C1045,Toys,1,29.39,0.15,3,1,4.0
O01223,2024-02-12,C1311,Home & kitchen,2,84.21,0.05,3,0,5.0
O01224,2024-02-12,C0593,Home & kitchen,3,133.69,0.05,8,0,4.0
O01225,2024-02-12,C1727,Home & kitchen,1,30.58,0.2,4,0,4.0
O01226,2024-02-12,C1433,Home & kitchen,3,41.88,0.3,13,0,3.0
O01227,2024-02-12,C0606,Books,4,26.41,0.15,4,0,5.0
O01228,2024-02-12,C0523,Beauty,2,24.37,0.15,7,0,4.0
O01229,2024-02-12,C1726,Sports & outdoors,2,143.52,0.15,1,0,5.0
O01230,2024-02-12,C1351,Electronics,2,206.93,0.0,1,0,5.0
O01231,2024-02-12,C0726,Clothing,4,35.48,0.0,3,0,4.0
O01232,2024-02-12,C0792,Clothing,1,26.07,0.0,2,1,3.0
O01233,2024-02-12,C1975,Sports & outdoors,1,34.44,0.0,2,0,5.0
O01234,2024-02-12,C1270,Clothing,1,44.91,0.3,3,0,4.0
O01235,2024-02-12,C1908,Electronics,2,165.77,0.0,2,0,5.0
O01236,2024-02-12,C0116,Home & kitchen,3,48.77,0.0,1,0,3.0
O01237,2024-02-12,C0628,Home & kitchen,1,103.62,0.3,2,0,4.0
O01238,2024-02-12,C0276,Books,4,17.1,0.0,4,0,4.0
O01239,2024-02-12,C1549,Beauty,1,24.95,0.05,5,1,4.0
O01240,2024-02-12,C0741,Toys,1,16.41,0.0,1,0,5.0
O01241,2024-02-12,C0247,Clothing,2,38.3,0.3,4,1,2.0
O01242,2024-02-12,C1029,Sports & outdoors,2,63.42,0.05,2,1,4.0
O01243,2024-02-13,C1296,Home & kitchen,4,32.29,0.0,1,0,5.0
O01244,2024-02-13,C1601,Clothing,3,16.77,0.05,5,0,3.0
O01245,2024-02-13,C1682,Sports & outdoors,3,25.76,0.0,1,0,5.0
O01246,2024-02-13,C0744,Books,2,9.22,0.0,2,0,5.0
O01247,2024-02-13,C1336,Electronics,2,465.94,0.2,4,0,4.0
O01248,2024-02-13,C1446,Books,3,12.0,0.3,4,1,4.0
O01249,2024-02-13,C0470,Toys,3,10.13,0.0,4,0,4.0
O01250,2024-02-13,C1483,Clothing,4,33.01,0.0,1,0,4.0
O01251,2024-02-13,C0909,Books,1,15.52,0.0,6,0,4.0
O01252,2024-02-13,C0315,Books,1,12.75,0.3,1,0,5.0
O01253,2024-02-13,C0220,Clothing,2,36.66,0.2,3,1,3.0
O01254,2024-02-13,C1377,Sports & outdoors,3,167.01,0.05,2,0,5.0
O01255,2024-02-13,C1944,Clothing,1,48.69,0.2,6,1,3.0
O01256,2024-02-13,C0077,Beauty,1,20.45,0.1,6,0,5.0
O01257,2024-02-13,C0722,Books,4,12.36,0.1,1,0,5.0
O01258,2024-02-13,C0998,Home & kitchen,3,101.73,0.2,1,0,5.0
O01259,2024-02-13,C0547,Home & kitchen,3,117.4,0.2,4,0,3.0
O01260,2024-02-13,C1555,Beauty,1,16.46,0.05,3,0,5.0
O01261,2024-02-13,C0315,Home & kitchen,4,31.22,0.3,5,0,5.0
O01262,2024-02-13,C1006,Sports & outdoors,2,122.78,0.2,5,0,5.0
O01263,2024-02-13,C0431,Clothing,1,33.01,0.0,3,0,4.0
O01264,2024-02-13,C1573,Home & kitchen,4,88.43,0.0,3,0,5.0
O01265,2024-02-13,C0240,Beauty,1,37.05,0.2,1,0,5.0
O01266,2024-02-13,C0740,Clothing,2,43.86,0.0,14,0,2.0
O01267,2024-02-13,C1120,Beauty,2,13.4,0.2,7,0,4.0
O01268,2024-02-13,C0448,Clothing,3,35.33,0.15,2,0,5.0
O01269,2024-02-13,C0922,Toys,1,101.13,0.1,2,1,4.0
O01270,2024-02-13,C1509,Clothing,1,71.53,0.15,5,0,5.0
O01271,2024-02-13,C1731,Electronics,1,289.13,0.0,4,0,5.0
O01272,2024-02-13,C1594,Home & kitchen,1,43.81,0.1,3,0,3.0
O01273,2024-02-13,C0654,Clothing,4,67.17,0.3,4,1,4.0
O01274,2024-02-14,C0775,Home & kitchen,1,48.93,0.0,2,0,5.0
O01275,2024-02-14,C0194,Clothing,1,51.31,0.05,1,0,4.0
O01276,2024-02-14,C1097,Books,4,10.7,0.05,3,0,5.0
O01277,2024-02-14,C1179,Home & kitchen,2,11.94,0.0,1,1,3.0
O01278,2024-02-14,C1970,Clothing,4,44.36,0.1,5,0,5.0
O01279,2024-02-14,C0087,Electronics,1,452.94,0.05,2,0,5.0
O01280,2024-02-14,C0853,Toys,4,61.51,0.0,1,0,5.0
O01281,2024-02-14,C1575,Sports & outdoors,2,21.98,0.05,3,0,3.0
O01282,2024-02-14,C1103,Books,1,11.41,0.0,5,0,4.0
O01283,2024-02-14,C1547,Home & kitchen,1,49.6,0.1,2,0,5.0
O01284,2024-02-14,C0506,Beauty,1,19.44,0.3,3,1,3.0
O01285,2024-02-14,C1163,Books,4,24.7,0.0,2,1,4.0
O01286,2024-02-14,C0189,Home & kitchen,1,19.64,0.1,2,0,4.0
O01287,2024-02-14,C1098,Sports & outdoors,1,108.37,0.1,1,0,5.0
O01288,2024-02-14,C1313,Toys,2,14.77,0.05,4,0,4.0
O01289,2024-02-14,C1129,Clothing,1,34.39,0.3,1,1,4.0
O01290,2024-02-14,C0051,Toys,2,37.71,0.0,2,0,3.0
O01291,2024-02-14,C0692,Beauty,2,49.81,0.3,9,0,3.0
O01292,2024-02-14,C1556,Books,2,8.67,0.0,2,0,5.0
O01293,2024-02-14,C1480,Clothing,1,31.04,0.0,2,1,3.0
O01294,2024-02-14,C1498,Sports & outdoors,1,77.45,0.0,3,0,5.0
O01295,2024-02-14,C1028,Home & kitchen,2,29.79,0.05,4,0,5.0
O01296,2024-02-14,C1243,Electronics,2,188.52,0.2,1,0,5.0
O01297,2024-02-14,C1528,Books,1,10.6,0.15,4,0,4.0
O01298,2024-02-14,C0851,Toys,1,37.88,0.1,2,0,4.0
O01299,2024-02-14,C0683,Electronics,3,219.09,0.0,2,0,4.0
O01300,2024-02-14,C0205,Home & kitchen,2,50.57,0.3,6,0,4.0
O01301,2024-02-14,C1860,Home & kitchen,2,109.92,0.1,7,0,
O01302,2024-02-14,C0228,Books,2,15.53,0.0,1,0,5.0
O01303,2024-02-14,C0338,Electronics,2,338.97,0.0,2,0,5.0
O01304,2024-02-14,C1254,Clothing,1,65.96,0.1,3,0,3.0
O01305,2024-02-14,C0573,Clothing,4,17.9,0.0,3,0,3.0
O01306,2024-02-15,C0541,Toys,1,30.92,0.0,5,0,5.0
O01307,2024-02-15,C0131,Electronics,1,261.33,0.0,5,0,4.0
O01308,2024-02-15,C0603,Clothing,1,28.92,0.2,2,0,4.0
O01309,2024-02-15,C0024,Books,1,20.6,0.05,1,0,4.0
O01310,2024-02-15,C1518,Electronics,2,167.46,0.0,1,0,5.0
O01311,2024-02-15,C0762,Books,4,11.77,0.0,5,0,5.0
O01312,2024-02-15,C0381,Clothing,1,27.01,0.15,2,0,5.0
O01313,2024-02-15,C1368,Clothing,2,25.15,0.3,5,0,3.0
O01314,2024-02-15,C1790,Clothing,4,33.02,0.0,3,0,5.0
O01315,2024-02-15,C1398,Books,1,19.48,0.0,1,0,5.0
O01316,2024-02-15,C1773,Home & kitchen,2,14.7,0.0,2,0,5.0
O01317,2024-02-15,C1600,Clothing,3,70.07,0.2,5,0,5.0
O01318,2024-02-15,C0110,Toys,1,14.52,0.05,4,0,5.0
O01319,2024-02-15,C1889,Electronics,1,74.72,0.1,3,0,5.0
O01320,2024-02-15,C0396,Electronics,4,142.78,0.0,3,1,2.0
O01321,2024-02-15,C0801,Clothing,1,28.05,0.0,2,0,5.0
O01322,2024-02-15,C0186,Sports & outdoors,1,33.86,0.15,6,0,3.0
O01323,2024-02-15,C0786,Beauty,4,12.48,0.0,2,0,5.0
O01324,2024-02-15,C1799,Clothing,1,18.03,0.0,4,0,5.0
O01325,2024-02-15,C0454,Electronics,1,277.62,0.15,1,0,5.0
O01326,2024-02-15,C1107,Sports & outdoors,1,49.3,0.0,3,1,3.0
O01327,2024-02-15,C1141,Electronics,1,59.68,0.3,2,1,4.0
O01328,2024-02-15,C0767,Electronics,3,175.82,0.3,5,1,2.0
O01329,2024-02-15,C1035,Clothing,3,17.07,0.3,3,1,3.0
O01330,2024-02-15,C1055,Books,2,11.84,0.15,2,0,5.0
O01331,2024-02-15,C1840,Electronics,1,121.68,0.1,2,0,4.0
O01332,2024-02-15,C1095,Beauty,2,22.94,0.15,1,0,5.0
O01333,2024-02-15,C1938,Home & kitchen,2,115.6,0.3,1,0,4.0
O01334,2024-02-15,C1165,Books,1,11.76,0.2,7,0,3.0
O01335,2024-02-15,C0589,Beauty,2,25.88,0.3,2,0,5.0
O01336,2024-02-15,C0881,Books,1,11.31,0.05,6,0,4.0
O01337,2024-02-15,C0386,Books,2,16.4,0.2,2,0,5.0
O01338,2024-02-15,C1583,Beauty,2,32.48,0.1,1,0,5.0
O01339,2024-02-15,C1646,Beauty,2,33.39,0.1,1,0,5.0
O01340,2024-02-15,C0330,Clothing,2,24.48,0.05,9,0,4.0
O01341,2024-02-15,C0710,Home & kitchen,4,35.05,0.1,10,0,4.0
O01342,2024-02-15,C1026,Beauty,2,14.65,0.05,6,0,4.0
O01343,2024-02-15,C1552,Sports & outdoors,1,65.3,0.2,2,0,5.0
O01344,2024-02-15,C0668,Sports & outdoors,1,42.15,0.0,4,0,4.0
O01345,2024-02-15,C1958,Books,2,7.24,0.0,2,0,4.0
O01346,2024-02-15,C0711,Beauty,2,34.86,0.15,5,0,4.0
O01347,2024-02-15,C0047,Electronics,1,16.41,0.0,2,0,4.0
O01348,2024-02-16,C0250,Home & kitchen,2,29.51,0.0,2,0,4.0
O01349,2024-02-16,C1164,Home & kitchen,3,114.11,0.0,4,1,2.0
O01350,2024-02-16,C1404,Toys,2,20.96,0.2,5,0,4.0
O01351,2024-02-16,C1889,Electronics,4,196.9,0.0,2,0,4.0
O01352,2024-02-16,C0026,Beauty,1,16.56,0.0,2,0,4.0
O01353,2024-02-16,C1552,Sports & outdoors,3,41.83,0.0,2,0,5.0
O01354,2024-02-16,C0134,Clothing,4,150.88,0.15,5,0,3.0
O01355,2024-02-16,C1995,Toys,1,39.07,0.2,8,0,4.0
O01356,2024-02-16,C0979,Books,4,15.31,0.05,1,0,5.0
O01357,2024-02-16,C1774,Beauty,2,21.25,0.0,1,0,5.0
O01358,2024-02-16,C0251,Clothing,2,47.71,0.2,3,0,5.0
O01359,2024-02-16,C1600,Toys,2,20.3,0.05,5,0,4.0
O01360,2024-02-16,C1912,Home & kitchen,2,31.37,0.05,2,0,5.0
O01361,2024-02-16,C1706,Beauty,4,14.24,0.05,4,0,4.0
O01362,2024-02-16,C0623,Home & kitchen,2,34.22,0.3,1,0,5.0
O01363,2024-02-16,C1185,Toys,1,23.84,0.0,2,1,3.0
O01364,2024-02-16,C1908,Clothing,1,38.74,0.0,2,0,5.0
O01365,2024-02-16,C1681,Home & kitchen,2,23.85,0.05,6,0,5.0
O01366,2024-02-16,C1267,Home & kitchen,1,70.7,0.0,1,0,5.0
O01367,2024-02-16,C0847,Home & kitchen,2,50.16,0.0,1,0,5.0
O01368,2024-02-16,C0822,Sports & outdoors,1,77.29,0.0,1,0,5.0
O01369,2024-02-16,C1571,Electronics,4,41.95,0.0,2,0,5.0
O01370,2024-02-16,C0763,Beauty,1,10.55,0.05,9,0,
O01371,2024-02-16,C0225,Toys,3,11.94,0.05,5,1,4.0
O01372,2024-02-16,C0357,Electronics,2,836.72,0.05,4,0,3.0
O01373,2024-02-16,C1095,Books,1,26.52,0.0,2,1,4.0
O01374,2024-02-16,C1208,Electronics,1,340.3,0.05,1,0,5.0
O01375,2024-02-16,C1212,Clothing,4,33.65,0.1,2,0,5.0
O01376,2024-02-16,C0081,Electronics,1,104.58,0.0,8,1,1.0
O01377,2024-02-16,C1527,Clothing,3,34.19,0.1,1,0,4.0
O01378,2024-02-17,C1225,Home & kitchen,1,51.62,0.0,4,0,3.0
O01379,2024-02-17,C0462,Sports & outdoors,1,57.54,0.2,3,0,5.0
O01380,2024-02-17,C0216,Clothing,2,26.79,0.0,1,1,5.0
O01381,2024-02-17,C1882,Clothing,1,64.57,0.0,4,0,5.0
O01382,2024-02-17,C1370,Electronics,2,28.76,0.3,2,0,5.0
O01383,2024-02-17,C1652,Electronics,1,49.33,0.0,2,0,5.0
O01384,2024-02-17,C0976,Clothing,1,18.43,0.05,10,0,4.0
O01385,2024-02-17,C1747,Toys,2,20.13,0.0,1,0,5.0
O01386,2024-02-17,C1927,Beauty,1,7.84,0.1,2,0,
O01387,2024-02-17,C0302,Home & kitchen,1,99.87,0.3,3,0,4.0
O01388,2024-02-17,C0872,Clothing,1,13.46,0.05,7,1,3.0
O01389,2024-02-17,C0465,Beauty,3,29.43,0.0,4,0,4.0
O01390,2024-02-17,C1796,Books,2,9.44,0.1,3,0,4.0
O01391,2024-02-17,C1509,Clothing,1,21.01,0.1,2,0,4.0
O01392,2024-02-17,C1086,Home & kitchen,4,45.19,0.05,2,0,4.0
O01393,2024-02-17,C1686,Electronics,3,145.31,0.2,2,0,4.0
O01394,2024-02-17,C0906,Home & kitchen,4,19.62,0.0,1,0,5.0
O01395,2024-02-17,C0391,Clothing,2,38.45,0.1,2,0,5.0
O01396,2024-02-17,C1152,Clothing,2,72.25,0.2,7,0,4.0
O01397,2024-02-17,C0391,Beauty,2,20.32,0.2,3,0,4.0
O01398,2024-02-17,C1776,Beauty,3,37.14,0.15,6,0,3.0
O01399,2024-02-17,C1846,Clothing,2,81.84,0.1,6,0,5.0
O01400,2024-02-17,C1877,Home & kitchen,1,8.32,0.15,2,0,5.0
O01401,2024-02-17,C1905,Books,3,11.7,0.15,2,0,5.0
O01402,2024-02-17,C0222,Beauty,2,8.97,0.2,3,0,4.0
O01403,2024-02-17,C0074,Books,1,10.97,0.15,2,0,3.0
O01404,2024-02-17,C0929,Books,2,11.6,0.0,4,0,5.0
O01405,2024-02-17,C0222,Beauty,4,26.53,0.2,5,0,4.0
O01406,2024-02-17,C0201,Clothing,1,21.52,0.3,6,0,5.0
O01407,2024-02-17,C1760,Electronics,4,831.85,0.15,1,0,5.0
O01408,2024-02-17,C1368,Electronics,4,258.84,0.2,11,0,5.0
O01409,2024-02-18,C0492,Books,1,23.76,0.0,7,0,4.0
O01410,2024-02-18,C0457,Clothing,2,24.73,0.2,2,0,5.0
O01411,2024-02-18,C0402,Toys,4,19.4,0.05,5,0,3.0
O01412,2024-02-18,C0768,Sports & outdoors,1,91.47,0.0,4,0,
O01413,2024-02-18,C1529,Home & kitchen,2,22.48,0.2,1,0,5.0
O01414,2024-02-18,C1401,Electronics,2,89.2,0.2,2,0,4.0
O01415,2024-02-18,C0028,Electronics,3,84.91,0.05,2,1,3.0
O01416,2024-02-18,C1227,Home & kitchen,1,40.81,0.0,6,0,5.0
O01417,2024-02-18,C0936,Clothing,3,30.14,0.0,2,1,
O01418,2024-02-18,C0757,Toys,2,32.2,0.1,2,0,5.0
O01419,2024-02-18,C1482,Beauty,2,27.8,0.15,3,0,
O01420,2024-02-18,C0392,Beauty,2,14.86,0.15,2,0,5.0
O01421,2024-02-18,C1473,Clothing,4,23.12,0.2,8,0,5.0
O01422,2024-02-18,C1612,Books,1,14.42,0.05,1,0,5.0
O01423,2024-02-18,C0318,Beauty,1,26.63,0.3,3,0,3.0
O01424,2024-02-18,C1540,Toys,2,12.82,0.0,5,0,4.0
O01425,2024-02-18,C0190,Sports & outdoors,3,61.81,0.0,8,0,4.0
O01426,2024-02-18,C0973,Sports & outdoors,1,46.51,0.3,1,0,5.0
O01427,2024-02-18,C1436,Books,4,8.99,0.15,6,0,4.0
O01428,2024-02-18,C1725,Electronics,2,77.57,0.1,4,0,5.0
O01429,2024-02-18,C1662,Books,1,9.02,0.0,2,0,5.0
O01430,2024-02-18,C1212,Electronics,3,286.53,0.2,10,0,4.0
O01431,2024-02-18,C1948,Beauty,4,37.26,0.2,5,0,5.0
O01432,2024-02-18,C0890,Sports & outdoors,4,28.76,0.0,4,0,4.0
O01433,2024-02-18,C0407,Clothing,3,38.86,0.2,4,0,4.0
O01434,2024-02-18,C0427,Electronics,4,131.51,0.05,1,0,4.0
O01435,2024-02-18,C1665,Electronics,1,195.56,0.2,5,0,3.0
O01436,2024-02-18,C1277,Clothing,3,10.11,0.0,11,0,4.0
O01437,2024-02-19,C1244,Clothing,3,77.35,0.0,2,0,5.0
O01438,2024-02-19,C0945,Books,1,29.26,0.0,2,0,5.0
O01439,2024-02-19,C1994,Books,3,12.07,0.0,2,1,
O01440,2024-02-19,C1096,Electronics,4,210.6,0.1,2,0,3.0
O01441,2024-02-19,C1021,Books,2,16.48,0.05,4,0,4.0
O01442,2024-02-19,C1057,Books,2,12.12,0.0,4,0,5.0
O01443,2024-02-19,C0141,Clothing,2,25.54,0.0,5,0,5.0
O01444,2024-02-19,C1681,Beauty,4,17.96,0.3,4,0,4.0
O01445,2024-02-19,C1696,Toys,4,23.16,0.0,5,1,3.0
O01446,2024-02-19,C1306,Books,1,11.78,0.3,1,0,5.0
O01447,2024-02-19,C1054,Electronics,1,529.01,0.1,4,0,4.0
O01448,2024-02-19,C0062,Electronics,1,305.96,0.05,2,0,4.0
O01449,2024-02-19,C0836,Beauty,4,15.24,0.3,3,1,3.0
O01450,2024-02-19,C1322,Home & kitchen,4,29.71,0.0,1,0,5.0
O01451,2024-02-19,C0551,Toys,2,13.45,0.05,4,0,4.0
O01452,2024-02-19,C0277,Clothing,1,41.97,0.0,2,0,3.0
O01453,2024-02-19,C1983,Toys,1,40.42,0.05,4,0,5.0
O01454,2024-02-19,C1054,Clothing,3,25.38,0.1,4,0,5.0
O01455,2024-02-19,C0177,Electronics,2,59.44,0.2,6,0,5.0
O01456,2024-02-19,C0297,Electronics,4,102.86,0.05,2,0,4.0
O01457,2024-02-19,C1112,Toys,4,29.08,0.1,6,0,5.0
O01458,2024-02-19,C1764,Electronics,4,181.03,0.0,7,0,4.0
O01459,2024-02-19,C1769,Toys,2,56.92,0.0,3,0,5.0
O01460,2024-02-19,C0279,Home & kitchen,1,68.45,0.3,2,0,4.0
O01461,2024-02-20,C0087,Clothing,1,24.32,0.3,2,0,4.0
O01462,2024-02-20,C1680,Clothing,1,25.03,0.0,1,0,4.0
O01463,2024-02-20,C1774,Home & kitchen,3,18.75,0.15,8,0,4.0
O01464,2024-02-20,C1415,Electronics,2,391.12,0.05,3,1,3.0
O01465,2024-02-20,C1107,Clothing,1,19.61,0.0,4,0,4.0
O01466,2024-02-20,C0426,Sports & outdoors,2,51.93,0.0,2,0,5.0
O01467,2024-02-20,C0470,Electronics,2,147.57,0.1,4,1,2.0
O01468,2024-02-20,C1321,Sports & outdoors,1,136.34,0.2,7,0,3.0
O01469,2024-02-20,C1898,Clothing,2,62.08,0.1,2,0,4.0
O01470,2024-02-20,C1464,Toys,1,14.18,0.05,5,0,5.0
O01471,2024-02-20,C1194,Home & kitchen,3,95.35,0.0,5,0,5.0
O01472,2024-02-20,C0231,Electronics,1,113.39,0.0,3,1,4.0
O01473,2024-02-20,C0676,Home & kitchen,1,101.71,0.3,2,0,5.0
O01474,2024-02-20,C1050,Electronics,3,518.08,0.05,2,0,5.0
O01475,2024-02-20,C0219,Sports & outdoors,2,104.96,0.0,3,0,5.0
O01476,2024-02-20,C1439,Clothing,1,42.63,0.15,1,0,4.0
O01477,2024-02-20,C0360,Clothing,1,24.78,0.2,5,1,2.0
O01478,2024-02-20,C0312,Toys,2,23.08,0.15,2,0,4.0
O01479,2024-02-20,C1318,Home & kitchen,2,57.2,0.2,4,0,4.0
O01480,2024-02-20,C0550,Electronics,3,101.06,0.2,4,1,4.0
O01481,2024-02-20,C0843,Books,1,15.56,0.2,1,1,3.0
O01482,2024-02-20,C1792,Sports & outdoors,1,33.53,0.15,6,0,4.0
O01483,2024-02-20,C0735,Electronics,4,58.23,0.05,1,0,5.0
O01484,2024-02-20,C1848,Toys,2,51.53,0.0,4,0,5.0
O01485,2024-02-20,C0841,Clothing,1,36.79,0.3,3,0,
O01486,2024-02-20,C1963,Books,2,17.66,0.15,4,1,3.0
O01487,2024-02-20,C1691,Toys,2,15.2,0.1,1,0,5.0
O01488,2024-02-20,C0004,Toys,4,29.71,0.0,12,0,3.0
O01489,2024-02-20,C0213,Toys,1,13.02,0.1,3,0,4.0
O01490,2024-02-20,C0428,Electronics,3,190.08,0.2,11,0,4.0
O01491,2024-02-21,C0248,Books,4,18.25,0.0,4,0,4.0
O01492,2024-02-21,C1718,Home & kitchen,1,69.24,0.1,3,0,5.0
O01493,2024-02-21,C1459,Clothing,4,15.63,0.15,5,0,
O01494,2024-02-21,C1026,Home & kitchen,1,58.66,0.0,6,0,4.0
O01495,2024-02-21,C0926,Clothing,1,22.98,0.1,4,0,5.0
O01496,2024-02-21,C1002,Books,1,16.59,0.3,5,0,5.0
O01497,2024-02-21,C0059,Clothing,2,30.59,0.0,3,0,5.0
O01498,2024-02-21,C1947,Books,1,11.19,0.05,4,0,5.0
O01499,2024-02-21,C1781,Electronics,2,88.81,0.0,1,0,5.0
O01500,2024-02-21,C1832,Sports & outdoors,2,48.4,0.1,1,0,5.0
O01501,2024-02-21,C1575,Beauty,4,20.89,0.0,5,0,4.0
O01502,2024-02-21,C0744,Clothing,1,43.22,0.0,10,0,3.0
O01503,2024-02-21,C1230,Toys,2,41.92,0.0,1,0,5.0
O01504,2024-02-21,C1140,Books,1,9.6,0.1,4,1,3.0
O01505,2024-02-21,C1334,Toys,2,22.91,0.1,2,0,5.0
O01506,2024-02-21,C0924,Electronics,4,133.83,0.15,4,1,3.0
O01507,2024-02-21,C1246,Books,2,15.66,0.0,2,0,5.0
O01508,2024-02-21,C0429,Home & kitchen,4,90.47,0.05,4,0,5.0
O01509,2024-02-21,C0368,Toys,3,18.62,0.0,5,1,3.0
O01510,2024-02-21,C1202,Toys,2,29.47,0.1,1,1,3.0
O01511,2024-02-21,C0374,Beauty,1,26.57,0.2,6,0,3.0
O01512,2024-02-21,C0323,Books,1,17.9,0.3,3,0,5.0
O01513,2024-02-21,C1600,Sports & outdoors,3,81.83,0.0,8,0,4.0
O01514,2024-02-21,C1151,Beauty,4,41.11,0.2,4,1,4.0
O01515,2024-02-21,C1492,Books,2,11.0,0.3,1,1,5.0
O01516,2024-02-21,C1916,Electronics,1,372.83,0.1,3,1,4.0
O01517,2024-02-21,C1606,Clothing,1,22.34,0.0,1,0,4.0
O01518,2024-02-21,C0849,Beauty,1,13.97,0.2,1,0,5.0
O01519,2024-02-21,C0123,Clothing,1,91.15,0.3,3,1,3.0
O01520,2024-02-21,C1526,Clothing,2,13.39,0.0,1,0,5.0
O01521,2024-02-21,C0273,Electronics,4,17.97,0.2,2,0,5.0
O01522,2024-02-21,C0320,Books,2,13.71,0.0,2,0,5.0
O01523,2024-02-21,C1949,Beauty,3,27.46,0.05,5,1,4.0
O01524,2024-02-22,C1018,Electronics,1,202.69,0.15,3,0,4.0
O01525,2024-02-22,C0279,Toys,3,20.47,0.1,3,0,5.0
O01526,2024-02-22,C1270,Books,1,9.32,0.1,1,0,4.0
O01527,2024-02-22,C0138,Electronics,1,390.31,0.0,5,0,3.0
O01528,2024-02-22,C0066,Electronics,3,58.11,0.0,3,0,5.0
O01529,2024-02-22,C0188,Clothing,2,10.49,0.2,1,0,4.0
O01530,2024-02-22,C0027,Clothing,1,11.92,0.1,1,0,
O01531,2024-02-22,C1434,Sports & outdoors,1,52.47,0.1,2,0,4.0
O01532,2024-02-22,C0014,Books,2,10.29,0.2,1,0,5.0
O01533,2024-02-22,C1785,Electronics,2,91.1,0.1,5,1,2.0
O01534,2024-02-22,C1146,Toys,1,24.55,0.3,2,1,3.0
O01535,2024-02-22,C1206,Sports & outdoors,2,148.22,0.0,1,0,5.0
O01536,2024-02-22,C0616,Toys,1,43.98,0.0,1,0,
O01537,2024-02-22,C1812,Clothing,3,32.37,0.1,1,1,3.0
O01538,2024-02-22,C1459,Clothing,2,19.14,0.0,5,1,2.0
O01539,2024-02-22,C0321,Electronics,3,173.63,0.0,5,0,
O01540,2024-02-22,C0964,Home & kitchen,3,24.62,0.0,2,0,5.0
O01541,2024-02-22,C1855,Electronics,4,237.38,0.0,1,0,5.0
O01542,2024-02-22,C0388,Home & kitchen,1,38.24,0.3,3,0,4.0
O01543,2024-02-22,C0177,Home & kitchen,4,78.39,0.2,3,0,5.0
O01544,2024-02-22,C1539,Home & kitchen,1,79.53,0.05,1,0,4.0
O01545,2024-02-22,C0390,Electronics,1,482.78,0.15,3,0,4.0
O01546,2024-02-22,C1427,Toys,1,22.42,0.3,3,0,5.0
O01547,2024-02-22,C0458,Beauty,3,12.14,0.1,4,0,4.0
O01548,2024-02-22,C1780,Beauty,3,29.91,0.2,1,0,5.0
O01549,2024-02-22,C1834,Electronics,1,130.36,0.1,3,1,3.0
O01550,2024-02-22,C0198,Home & kitchen,1,63.68,0.1,2,0,5.0
O01551,2024-02-22,C0738,Electronics,1,174.19,0.1,3,1,3.0
O01552,2024-02-22,C1099,Clothing,1,17.97,0.0,2,0,4.0
O01553,2024-02-22,C1759,Clothing,2,20.18,0.15,1,0,5.0
O01554,2024-02-22,C0215,Toys,3,40.07,0.0,7,0,
O01555,2024-02-23,C1955,Home & kitchen,2,21.02,0.3,3,0,5.0
O01556,2024-02-23,C0268,Books,3,19.23,0.0,1,0,4.0
O01557,2024-02-23,C1118,Home & kitchen,4,45.81,0.2,7,0,4.0
O01558,2024-02-23,C0906,Books,2,18.53,0.3,5,0,4.0
O01559,2024-02-23,C1020,Clothing,1,39.84,0.3,1,0,5.0
O01560,2024-02-23,C0085,Electronics,4,323.76,0.0,3,0,5.0
O01561,2024-02-23,C0440,Beauty,1,26.49,0.3,4,1,3.0
O01562,2024-02-23,C1465,Home & kitchen,2,11.92,0.0,4,0,4.0
O01563,2024-02-23,C1218,Home & kitchen,1,90.53,0.2,4,0,5.0
O01564,2024-02-23,C0291,Electronics,1,268.11,0.0,2,0,5.0
O01565,2024-02-23,C0034,Electronics,4,321.86,0.1,1,0,4.0
O01566,2024-02-23,C0809,Clothing,1,56.1,0.0,1,0,5.0
O01567,2024-02-23,C0301,Electronics,1,426.59,0.0,4,0,5.0
O01568,2024-02-23,C0740,Beauty,2,9.94,0.2,1,0,4.0
O01569,2024-02-23,C1216,Clothing,1,44.82,0.0,4,1,2.0
O01570,2024-02-23,C1933,Clothing,2,23.98,0.15,2,1,2.0
O01571,2024-02-23,C0358,Beauty,1,12.13,0.0,5,0,
O01572,2024-02-23,C0989,Clothing,4,21.0,0.05,5,1,4.0
O01573,2024-02-23,C1122,Books,1,8.47,0.2,8,0,5.0
O01574,2024-02-23,C0631,Clothing,4,34.41,0.0,1,0,4.0
O01575,2024-02-23,C0493,Clothing,3,24.25,0.3,1,0,4.0
O01576,2024-02-23,C0982,Electronics,3,120.8,0.0,3,0,5.0
O01577,2024-02-23,C1601,Toys,3,64.94,0.0,5,0,4.0
O01578,2024-02-23,C1854,Sports & outdoors,4,62.16,0.05,3,0,5.0
O01579,2024-02-23,C0039,Home & kitchen,1,78.41,0.0,7,0,5.0
O01580,2024-02-24,C0239,Toys,2,23.96,0.05,1,0,4.0
O01581,2024-02-24,C1681,Toys,1,51.93,0.0,3,0,5.0
O01582,2024-02-24,C1874,Sports & outdoors,1,30.84,0.15,4,0,5.0
O01583,2024-02-24,C1341,Electronics,2,194.04,0.0,4,0,4.0
O01584,2024-02-24,C1760,Home & kitchen,1,108.17,0.3,3,0,4.0
O01585,2024-02-24,C1372,Home & kitchen,3,22.12,0.0,3,0,5.0
O01586,2024-02-24,C0611,Toys,1,14.3,0.2,6,0,5.0
O01587,2024-02-24,C0416,Beauty,2,31.05,0.0,2,0,5.0
O01588,2024-02-24,C0465,Clothing,1,15.98,0.0,3,0,3.0
O01589,2024-02-24,C0687,Home & kitchen,1,28.71,0.2,1,0,5.0
O01590,2024-02-24,C0994,Toys,1,25.41,0.0,3,0,
O01591,2024-02-24,C1566,Toys,2,33.33,0.2,2,0,5.0
O01592,2024-02-24,C0974,Beauty,3,9.31,0.3,2,0,4.0
O01593,2024-02-24,C0537,Books,1,11.51,0.2,3,0,4.0
O01594,2024-02-24,C0912,Electronics,1,97.97,0.3,3,0,5.0
O01595,2024-02-24,C1024,Home & kitchen,3,25.08,0.0,2,0,3.0
O01596,2024-02-24,C1007,Toys,1,24.39,0.1,1,0,4.0
O01597,2024-02-24,C0394,Toys,2,41.74,0.15,1,0,5.0
O01598,2024-02-24,C0203,Sports & outdoors,2,26.28,0.1,4,1,2.0
O01599,2024-02-24,C1889,Clothing,1,68.95,0.2,4,0,5.0
O01600,2024-02-24,C0765,Books,2,10.75,0.15,4,0,5.0
O01601,2024-02-24,C1229,Books,1,18.97,0.15,6,0,5.0
O01602,2024-02-24,C1652,Home & kitchen,1,33.88,0.2,1,0,4.0
O01603,2024-02-24,C0363,Clothing,2,33.54,0.2,6,0,5.0
O01604,2024-02-24,C1397,Books,3,10.92,0.3,2,0,5.0
O01605,2024-02-24,C1083,Home & kitchen,4,21.76,0.1,1,0,4.0
O01606,2024-02-24,C0640,Toys,1,15.23,0.0,3,0,4.0
O01607,2024-02-24,C0605,Sports & outdoors,2,93.92,0.3,5,0,4.0
O01608,2024-02-24,C1751,Books,2,12.77,0.15,6,0,4.0
O01609,2024-02-25,C0068,Electronics,1,322.06,0.05,6,0,3.0
O01610,2024-02-25,C0409,Sports & outdoors,2,49.1,0.0,3,0,4.0
O01611,2024-02-25,C0584,Electronics,2,1308.31,0.05,3,0,4.0
O01612,2024-02-25,C0771,Beauty,4,23.95,0.3,3,0,5.0
O01613,2024-02-25,C0149,Home & kitchen,1,32.01,0.0,5,0,5.0
O01614,2024-02-25,C1063,Home & kitchen,1,58.32,0.05,2,0,5.0
O01615,2024-02-25,C0067,Books,2,10.77,0.05,7,0,4.0
O01616,2024-02-25,C1560,Sports & outdoors,4,93.43,0.05,5,0,5.0
O01617,2024-02-25,C1696,Beauty,3,14.07,0.3,3,0,5.0
O01618,2024-02-25,C0796,Toys,4,24.68,0.3,5,0,5.0
O01619,2024-02-25,C1674,Clothing,1,16.67,0.3,1,0,4.0
O01620,2024-02-25,C0596,Home & kitchen,3,91.68,0.3,3,0,3.0
O01621,2024-02-25,C1143,Books,1,8.97,0.3,1,1,3.0
O01622,2024-02-25,C0434,Electronics,1,246.98,0.15,2,0,5.0
O01623,2024-02-25,C1129,Sports & outdoors,1,74.33,0.05,2,1,
O01624,2024-02-25,C0845,Books,3,7.7,0.15,5,0,4.0
O01625,2024-02-25,C0671,Sports & outdoors,3,63.28,0.1,2,0,5.0
O01626,2024-02-25,C0487,Electronics,4,243.71,0.15,6,0,3.0
O01627,2024-02-25,C1709,Beauty,3,45.31,0.2,6,0,3.0
O01628,2024-02-26,C0750,Beauty,3,15.65,0.3,1,0,5.0
O01629,2024-02-26,C1402,Beauty,2,21.3,0.0,2,0,4.0
O01630,2024-02-26,C0701,Beauty,1,27.84,0.0,4,0,5.0
O01631,2024-02-26,C1999,Books,4,12.41,0.3,3,0,5.0
O01632,2024-02-26,C1556,Toys,2,58.68,0.3,2,0,4.0
O01633,2024-02-26,C0733,Clothing,4,38.7,0.0,1,1,3.0
O01634,2024-02-26,C1534,Home & kitchen,2,75.03,0.0,2,0,5.0
O01635,2024-02-26,C0502,Beauty,2,21.62,0.0,3,0,4.0
O01636,2024-02-26,C0014,Books,4,23.01,0.0,1,0,5.0
O01637,2024-02-26,C1213,Beauty,2,18.68,0.2,3,0,5.0
O01638,2024-02-26,C1785,Books,1,16.0,0.2,3,0,3.0
O01639,2024-02-26,C0259,Clothing,1,40.51,0.1,4,0,4.0
O01640,2024-02-26,C1004,Books,2,12.98,0.3,4,0,5.0
O01641,2024-02-26,C1204,Electronics,1,97.55,0.15,4,1,3.0
O01642,2024-02-26,C1888,Sports & outdoors,1,213.6,0.0,2,0,3.0
O01643,2024-02-26,C1710,Electronics,2,322.18,0.05,2,0,5.0
O01644,2024-02-26,C1192,Books,3,11.79,0.0,3,0,
O01645,2024-02-26,C1886,Electronics,1,428.13,0.0,4,0,3.0
O01646,2024-02-26,C0761,Clothing,1,62.07,0.15,8,0,4.0
O01647,2024-02-26,C1134,Sports & outdoors,1,62.87,0.2,1,1,3.0
O01648,2024-02-26,C0940,Electronics,1,95.16,0.15,4,0,5.0
O01649,2024-02-26,C0659,Clothing,1,27.67,0.1,5,0,4.0
O01650,2024-02-27,C1076,Home & kitchen,1,29.56,0.0,7,0,4.0
O01651,2024-02-27,C1812,Home & kitchen,1,40.75,0.15,1,0,5.0
O01652,2024-02-27,C0905,Home & kitchen,2,17.74,0.1,1,0,5.0
O01653,2024-02-27,C1958,Clothing,2,21.48,0.0,1,1,
O01654,2024-02-27,C1334,Toys,2,17.14,0.3,2,1,4.0
O01655,2024-02-27,C1789,Books,4,19.17,0.0,3,0,5.0
O01656,2024-02-27,C1600,Electronics,2,177.91,0.3,4,0,4.0
O01657,2024-02-27,C1118,Beauty,3,28.8,0.0,6,0,3.0
O01658,2024-02-27,C0035,Sports & outdoors,2,46.36,0.0,8,0,3.0
O01659,2024-02-27,C0645,Beauty,3,15.03,0.2,2,0,5.0
O01660,2024-02-27,C0804,Toys,1,12.77,0.2,3,0,5.0
O01661,2024-02-27,C0564,Beauty,1,14.04,0.0,7,0,4.0
O01662,2024-02-27,C1556,Electronics,2,278.81,0.0,4,0,4.0
O01663,2024-02-27,C0578,Electronics,1,672.65,0.2,2,0,4.0
O01664,2024-02-27,C0001,Books,4,11.98,0.0,2,0,5.0
O01665,2024-02-27,C0691,Home & kitchen,2,56.56,0.0,1,0,4.0
O01666,2024-02-27,C1359,Clothing,1,41.8,0.0,6,1,4.0
O01667,2024-02-27,C0786,Clothing,2,83.43,0.2,2,0,5.0
O01668,2024-02-27,C0707,Toys,1,24.63,0.15,1,0,5.0
O01669,2024-02-27,C0514,Toys,2,11.29,0.0,3,0,5.0
O01670,2024-02-27,C1351,Clothing,1,18.08,0.0,3,0,
O01671,2024-02-27,C1283,Home & kitchen,1,26.07,0.05,1,0,
O01672,2024-02-27,C0333,Beauty,3,42.35,0.2,1,0,4.0
O01673,2024-02-27,C1171,Books,3,7.75,0.0,5,0,4.0
O01674,2024-02-27,C1204,Clothing,1,38.9,0.1,2,0,4.0
O01675,2024-02-27,C0317,Home & kitchen,1,40.47,0.05,7,0,3.0
O01676,2024-02-28,C1380,Toys,1,23.19,0.0,2,0,5.0
O01677,2024-02-28,C1603,Beauty,2,13.96,0.2,7,0,4.0
O01678,2024-02-28,C1679,Home & kitchen,2,57.95,0.05,3,0,5.0
O01679,2024-02-28,C1787,Clothing,1,77.57,0.15,2,0,5.0
O01680,2024-02-28,C1433,Electronics,4,252.43,0.0,4,0,5.0
O01681,2024-02-28,C0169,Clothing,2,143.12,0.1,4,0,5.0
O01682,2024-02-28,C0168,Sports & outdoors,2,34.51,0.0,4,0,4.0
O01683,2024-02-28,C0779,Toys,2,20.18,0.0,4,0,4.0
O01684,2024-02-28,C0596,Beauty,2,19.67,0.2,1,0,5.0
O01685,2024-02-28,C1541,Books,1,14.32,0.0,4,1,4.0
O01686,2024-02-28,C0119,Beauty,2,41.41,0.0,7,0,4.0
O01687,2024-02-28,C1825,Electronics,2,270.87,0.15,5,0,4.0
O01688,2024-02-28,C0891,Electronics,3,166.26,0.1,1,1,2.0
O01689,2024-02-28,C0840,Toys,4,28.84,0.0,2,0,5.0
O01690,2024-02-28,C0832,Home & kitchen,1,35.41,0.0,1,0,5.0
O01691,2024-02-28,C1911,Home & kitchen,1,61.38,0.0,2,0,5.0
O01692,2024-02-28,C0798,Toys,1,31.58,0.05,1,0,4.0
O01693,2024-02-28,C0796,Sports & outdoors,4,16.55,0.15,3,0,4.0
O01694,2024-02-28,C0375,Home & kitchen,1,79.4,0.2,2,0,5.0
O01695,2024-02-28,C0138,Electronics,1,46.41,0.0,1,1,4.0
O01696,2024-02-28,C1563,Home & kitchen,3,48.91,0.15,2,1,3.0
O01697,2024-02-29,C0625,Home & kitchen,2,36.86,0.05,4,0,5.0
O01698,2024-02-29,C1738,Sports & outdoors,2,43.25,0.1,2,0,5.0
O01699,2024-02-29,C0683,Sports & outdoors,1,126.53,0.0,1,0,5.0
O01700,2024-02-29,C1132,Books,1,11.22,0.0,4,0,5.0
O01701,2024-02-29,C0037,Sports & outdoors,3,61.42,0.1,2,0,4.0
O01702,2024-02-29,C1183,Electronics,1,248.74,0.05,1,0,5.0
O01703,2024-02-29,C1329,Clothing,1,33.47,0.15,2,0,5.0
O01704,2024-02-29,C1104,Clothing,2,50.78,0.15,3,0,4.0
O01705,2024-02-29,C1147,Books,4,13.92,0.2,4,0,5.0
O01706,2024-02-29,C1457,Electronics,1,156.11,0.0,8,0,3.0
O01707,2024-02-29,C0057,Clothing,1,13.95,0.0,1,0,5.0
O01708,2024-02-29,C1748,Home & kitchen,1,127.45,0.0,7,0,5.0
O01709,2024-02-29,C1253,Electronics,2,203.01,0.15,2,1,3.0
O01710,2024-02-29,C0325,Electronics,1,444.78,0.2,5,1,2.0
O01711,2024-02-29,C0968,Books,2,13.34,0.0,3,0,4.0
O01712,2024-02-29,C1006,Home & kitchen,3,199.04,0.15,2,0,5.0
O01713,2024-02-29,C1673,Sports & outdoors,1,29.56,0.3,1,0,5.0
O01714,2024-02-29,C1766,Sports & outdoors,1,23.18,0.2,7,0,4.0
O01715,2024-02-29,C1783,Electronics,1,1363.44,0.1,3,0,4.0
O01716,2024-02-29,C0996,Clothing,1,19.6,0.1,7,0,5.0
O01717,2024-02-29,C0719,Sports & outdoors,1,100.46,0.15,8,0,4.0
O01718,2024-02-29,C1144,Home & kitchen,2,97.12,0.0,2,0,5.0
O01719,2024-02-29,C0940,Home & kitchen,1,34.18,0.15,7,0,4.0
O01720,2024-03-01,C0919,Toys,1,35.44,0.3,4,0,4.0
O01721,2024-03-01,C0231,Clothing,1,21.32,0.0,3,1,4.0
O01722,2024-03-01,C0748,Home & kitchen,1,36.57,0.05,1,0,4.0
O01723,2024-03-01,C1861,Sports & outdoors,1,18.07,0.0,7,0,5.0
O01724,2024-03-01,C1537,Home & kitchen,4,46.56,0.0,7,0,4.0
O01725,2024-03-01,C0186,Toys,3,15.37,0.0,2,0,3.0
O01726,2024-03-01,C0883,Beauty,1,28.71,0.0,5,0,5.0
O01727,2024-03-01,C0225,Electronics,1,40.88,0.0,9,0,3.0
O01728,2024-03-01,C1193,Electronics,1,101.43,0.0,5,0,4.0
O01729,2024-03-01,C1848,Clothing,2,63.58,0.2,1,0,5.0
O01730,2024-03-01,C0442,Electronics,1,164.96,0.0,5,0,4.0
O01731,2024-03-01,C1081,Beauty,2,15.47,0.0,3,0,4.0
O01732,2024-03-01,C1291,Toys,3,25.12,0.0,2,0,5.0
O01733,2024-03-01,C0476,Toys,2,22.59,0.1,3,0,5.0
O01734,2024-03-01,C1722,Electronics,2,342.51,0.0,4,0,5.0
O01735,2024-03-01,C1309,Sports & outdoors,3,63.94,0.0,4,0,5.0
O01736,2024-03-01,C1695,Clothing,3,19.06,0.0,4,0,5.0
O01737,2024-03-01,C0146,Electronics,1,87.91,0.0,2,0,4.0
O01738,2024-03-01,C1154,Beauty,1,24.34,0.05,1,0,5.0
O01739,2024-03-01,C0638,Clothing,3,36.61,0.0,1,0,4.0
O01740,2024-03-01,C0993,Clothing,1,56.44,0.3,2,0,5.0
O01741,2024-03-01,C1160,Toys,2,22.68,0.0,2,0,4.0
O01742,2024-03-01,C0197,Toys,3,20.03,0.2,2,0,5.0
O01743,2024-03-01,C1545,Home & kitchen,1,25.0,0.1,5,0,4.0
O01744,2024-03-01,C0641,Clothing,1,42.81,0.1,1,0,5.0
O01745,2024-03-01,C1303,Home & kitchen,1,75.95,0.3,4,0,3.0
O01746,2024-03-01,C0070,Home & kitchen,2,28.2,0.0,1,0,5.0
O01747,2024-03-01,C1174,Books,1,9.29,0.0,4,0,4.0
O01748,2024-03-01,C0989,Sports & outdoors,1,156.65,0.0,2,0,5.0
O01749,2024-03-01,C1505,Books,4,15.99,0.05,2,0,5.0
O01750,2024-03-01,C1239,Electronics,1,65.18,0.15,4,1,4.0
O01751,2024-03-01,C1443,Electronics,1,264.44,0.3,2,0,5.0
O01752,2024-03-01,C1285,Sports & outdoors,1,30.0,0.1,2,0,4.0
O01753,2024-03-01,C0425,Sports & outdoors,4,63.43,0.1,4,0,4.0
O01754,2024-03-01,C1812,Books,2,14.15,0.05,4,0,4.0
O01755,2024-03-01,C0129,Home & kitchen,1,140.55,0.0,2,0,5.0
O01756,2024-03-02,C1534,Toys,4,65.25,0.2,3,0,3.0
O01757,2024-03-02,C1857,Books,2,22.04,0.1,3,0,5.0
O01758,2024-03-02,C1533,Clothing,2,105.2,0.1,3,0,5.0
O01759,2024-03-02,C1668,Books,3,16.02,0.1,3,0,4.0
O01760,2024-03-02,C0189,Electronics,2,803.25,0.2,2,0,4.0
O01761,2024-03-02,C1858,Home & kitchen,3,52.53,0.15,4,0,3.0
O01762,2024-03-02,C0629,Electronics,1,452.97,0.05,5,0,4.0
O01763,2024-03-02,C0016,Clothing,2,59.0,0.0,3,0,4.0
O01764,2024-03-02,C0304,Beauty,1,30.45,0.3,3,0,5.0
O01765,2024-03-02,C0034,Home & kitchen,2,72.88,0.1,1,0,5.0
O01766,2024-03-02,C1887,Electronics,4,231.69,0.3,2,0,5.0
O01767,2024-03-02,C0671,Home & kitchen,3,46.09,0.0,1,0,5.0
O01768,2024-03-02,C0140,Clothing,1,73.95,0.0,3,0,3.0
O01769,2024-03-02,C1368,Clothing,4,57.39,0.05,9,1,2.0
O01770,2024-03-02,C0803,Electronics,1,111.71,0.05,4,0,5.0
O01771,2024-03-02,C0304,Books,2,21.98,0.0,2,0,5.0
O01772,2024-03-02,C1588,Clothing,1,34.94,0.3,2,1,2.0
O01773,2024-03-02,C0944,Toys,2,15.86,0.0,5,0,4.0
O01774,2024-03-02,C1851,Clothing,3,38.32,0.05,3,0,5.0
O01775,2024-03-02,C1773,Clothing,1,63.11,0.0,6,1,2.0
O01776,2024-03-02,C1386,Electronics,1,139.29,0.15,2,0,3.0
O01777,2024-03-02,C0932,Clothing,2,29.41,0.15,2,0,4.0
O01778,2024-03-02,C0937,Books,2,23.11,0.0,7,0,4.0
O01779,2024-03-02,C1735,Home & kitchen,1,27.51,0.05,6,0,
O01780,2024-03-03,C1130,Home & kitchen,2,20.79,0.15,4,0,4.0
O01781,2024-03-03,C0087,Sports & outdoors,1,41.88,0.15,2,0,5.0
O01782,2024-03-03,C0459,Toys,1,23.55,0.0,2,0,4.0
O01783,2024-03-03,C1495,Books,2,17.02,0.1,1,0,5.0
O01784,2024-03-03,C1579,Clothing,2,9.93,0.15,1,0,5.0
O01785,2024-03-03,C0190,Books,3,20.83,0.0,1,0,
O01786,2024-03-03,C0632,Books,1,11.92,0.0,4,0,4.0
O01787,2024-03-03,C1276,Electronics,3,102.64,0.0,4,0,3.0
O01788,2024-03-03,C1047,Sports & outdoors,4,44.64,0.0,5,0,4.0
O01789,2024-03-03,C1869,Home & kitchen,3,82.47,0.2,4,0,4.0
O01790,2024-03-03,C0424,Books,2,18.98,0.0,5,0,5.0
O01791,2024-03-03,C1633,Books,2,14.66,0.05,1,0,5.0
O01792,2024-03-03,C1443,Books,2,18.74,0.0,1,0,5.0
O01793,2024-03-03,C1540,Home & kitchen,2,24.86,0.0,2,0,4.0
O01794,2024-03-03,C0408,Books,1,13.75,0.0,1,0,5.0
O01795,2024-03-03,C0495,Toys,4,28.4,0.0,5,0,
O01796,2024-03-03,C0056,Books,2,16.22,0.1,1,0,5.0
O01797,2024-03-03,C1530,Books,1,11.07,0.2,5,0,5.0
O01798,2024-03-03,C1794,Toys,2,29.37,0.0,2,0,4.0
O01799,2024-03-03,C1934,Electronics,4,71.5,0.05,1,0,4.0
O01800,2024-03-03,C1730,Sports & outdoors,1,22.32,0.0,7,0,5.0
O01801,2024-03-03,C1719,Sports & outdoors,4,93.33,0.0,2,0,4.0
O01802,2024-03-03,C0545,Books,1,31.98,0.05,6,0,5.0
O01803,2024-03-03,C0918,Toys,2,26.11,0.0,2,0,5.0
O01804,2024-03-03,C0099,Electronics,3,58.39,0.15,4,0,5.0
O01805,2024-03-03,C0183,Clothing,2,25.75,0.05,2,0,5.0
O01806,2024-03-03,C1684,Clothing,3,70.26,0.15,2,0,4.0
O01807,2024-03-03,C1945,Toys,2,42.13,0.3,2,0,5.0
O01808,2024-03-03,C0035,Clothing,1,48.54,0.3,3,0,3.0
O01809,2024-03-03,C1087,Home & kitchen,2,37.76,0.15,7,0,4.0
O01810,2024-03-03,C1165,Electronics,1,82.31,0.0,3,0,4.0
O01811,2024-03-03,C1385,Books,1,10.04,0.0,8,0,5.0
O01812,2024-03-04,C0746,Home & kitchen,3,39.62,0.0,4,0,5.0
O01813,2024-03-04,C0999,Sports & outdoors,4,30.71,0.15,6,0,4.0
O01814,2024-03-04,C1111,Electronics,2,908.92,0.0,2,0,5.0
O01815,2024-03-04,C1761,Books,2,10.91,0.2,9,0,3.0
O01816,2024-03-04,C0859,Home & kitchen,4,46.78,0.0,2,0,5.0
O01817,2024-03-04,C1183,Toys,1,17.77,0.3,1,0,5.0
O01818,2024-03-04,C0968,Books,2,14.01,0.15,6,0,5.0
O01819,2024-03-04,C0143,Books,3,17.99,0.2,4,0,5.0
O01820,2024-03-04,C0802,Home & kitchen,2,82.99,0.0,6,0,4.0
O01821,2024-03-04,C1633,Clothing,1,43.7,0.15,3,0,4.0
O01822,2024-03-04,C1321,Home & kitchen,4,32.57,0.2,1,0,3.0
O01823,2024-03-04,C0711,Clothing,1,44.95,0.05,4,0,4.0
O01824,2024-03-04,C0622,Clothing,2,44.84,0.15,3,0,4.0
O01825,2024-03-04,C1177,Home & kitchen,1,30.67,0.1,1,1,5.0
O01826,2024-03-04,C1598,Clothing,1,44.82,0.05,2,1,4.0
O01827,2024-03-04,C1954,Home & kitchen,2,78.73,0.0,5,0,5.0
O01828,2024-03-04,C0050,Books,1,13.15,0.3,1,0,4.0
O01829,2024-03-04,C1300,Home & kitchen,4,15.95,0.05,1,0,4.0
O01830,2024-03-04,C0681,Books,2,14.14,0.0,1,0,5.0
O01831,2024-03-04,C1751,Toys,1,16.22,0.0,3,1,3.0
O01832,2024-03-04,C0366,Books,2,9.87,0.0,6,0,
O01833,2024-03-04,C0998,Beauty,1,30.67,0.3,3,0,5.0
O01834,2024-03-04,C0071,Clothing,1,25.49,0.15,2,0,5.0
O01835,2024-03-04,C0339,Toys,2,32.37,0.0,10,0,3.0
O01836,2024-03-04,C0419,Books,4,7.87,0.3,7,0,4.0
O01837,2024-03-04,C1210,Clothing,1,54.56,0.0,2,0,4.0
O01838,2024-03-05,C1754,Electronics,1,191.34,0.15,2,0,4.0
O01839,2024-03-05,C1136,Beauty,1,11.78,0.05,6,0,4.0
O01840,2024-03-05,C1202,Sports & outdoors,3,55.63,0.05,8,1,3.0
O01841,2024-03-05,C1680,Electronics,4,32.61,0.1,2,0,5.0
O01842,2024-03-05,C0701,Home & kitchen,1,38.42,0.2,2,0,5.0
O01843,2024-03-05,C0297,Sports & outdoors,2,37.94,0.0,2,0,5.0
O01844,2024-03-05,C0043,Beauty,1,34.9,0.15,1,0,4.0
O01845,2024-03-05,C0866,Books,2,13.73,0.2,6,0,5.0
O01846,2024-03-05,C0794,Clothing,3,62.21,0.05,2,0,5.0
O01847,2024-03-05,C1515,Beauty,3,33.02,0.05,3,0,5.0
O01848,2024-03-05,C1391,Clothing,2,43.82,0.0,1,0,3.0
O01849,2024-03-05,C1473,Electronics,4,98.51,0.2,5,0,4.0
O01850,2024-03-05,C1310,Books,1,8.7,0.05,3,0,5.0
O01851,2024-03-05,C0819,Sports & outdoors,1,23.92,0.3,4,1,5.0
O01852,2024-03-05,C1685,Sports & outdoors,1,42.22,0.2,3,0,4.0
O01853,2024-03-05,C0186,Electronics,1,80.57,0.05,3,0,4.0
O01854,2024-03-05,C1250,Electronics,2,186.58,0.2,4,0,5.0
O01855,2024-03-05,C0143,Sports & outdoors,3,31.95,0.1,2,0,4.0
O01856,2024-03-05,C1567,Beauty,2,13.59,0.1,5,0,4.0
O01857,2024-03-05,C1622,Electronics,1,171.94,0.2,2,0,5.0
O01858,2024-03-05,C0576,Clothing,2,24.52,0.0,2,0,5.0
O01859,2024-03-05,C1135,Beauty,2,16.69,0.0,5,0,5.0
O01860,2024-03-05,C1185,Books,1,13.04,0.1,2,0,5.0
O01861,2024-03-05,C0338,Books,1,12.48,0.15,1,0,4.0
O01862,2024-03-05,C0103,Home & kitchen,1,44.08,0.05,4,0,4.0
O01863,2024-03-05,C0529,Electronics,1,311.49,0.05,1,0,5.0
O01864,2024-03-05,C1243,Electronics,4,78.21,0.0,1,0,4.0
O01865,2024-03-06,C0559,Clothing,2,41.42,0.0,4,0,4.0
O01866,2024-03-06,C1185,Toys,1,44.35,0.3,4,0,5.0
O01867,2024-03-06,C0908,Home & kitchen,2,59.9,0.0,1,0,5.0
O01868,2024-03-06,C1516,Clothing,4,22.77,0.0,1,0,5.0
O01869,2024-03-06,C1321,Books,2,16.15,0.0,2,0,5.0
O01870,2024-03-06,C1535,Home & kitchen,3,69.22,0.0,10,1,2.0
O01871,2024-03-06,C0735,Clothing,1,28.79,0.1,3,0,5.0
O01872,2024-03-06,C0622,Home & kitchen,3,98.34,0.0,4,0,3.0
O01873,2024-03-06,C1914,Books,2,19.0,0.0,5,0,4.0
O01874,2024-03-06,C1878,Toys,2,9.0,0.1,8,0,5.0
O01875,2024-03-06,C1301,Electronics,2,229.18,0.2,2,1,4.0
O01876,2024-03-06,C1458,Electronics,1,46.74,0.05,3,0,5.0
O01877,2024-03-06,C0346,Electronics,1,244.79,0.0,7,0,4.0
O01878,2024-03-06,C0008,Electronics,4,202.12,0.0,1,0,4.0
O01879,2024-03-06,C0245,Electronics,4,475.68,0.0,5,1,3.0
O01880,2024-03-06,C0129,Clothing,1,92.62,0.15,2,0,4.0
O01881,2024-03-06,C1301,Electronics,2,1120.09,0.0,2,0,4.0
O01882,2024-03-06,C0282,Sports & outdoors,2,20.07,0.0,7,0,4.0
O01883,2024-03-06,C0984,Sports & outdoors,2,34.11,0.15,4,0,4.0
O01884,2024-03-06,C0999,Home & kitchen,1,41.88,0.2,1,0,5.0
O01885,2024-03-06,C1279,Home & kitchen,2,32.92,0.0,5,0,4.0
O01886,2024-03-06,C1827,Clothing,1,39.01,0.0,4,0,4.0
O01887,2024-03-06,C0458,Electronics,3,354.18,0.2,1,0,5.0
O01888,2024-03-06,C0284,Electronics,4,304.1,0.0,1,0,4.0
O01889,2024-03-06,C1476,Beauty,1,13.58,0.0,4,0,4.0
O01890,2024-03-06,C1047,Electronics,1,133.77,0.2,5,0,4.0
O01891,2024-03-06,C1990,Electronics,2,154.47,0.1,3,0,4.0
O01892,2024-03-06,C0995,Electronics,1,273.41,0.0,2,0,4.0
O01893,2024-03-06,C1713,Books,1,11.01,0.1,1,0,5.0
O01894,2024-03-06,C0472,Sports & outdoors,3,59.46,0.3,2,0,5.0
O01895,2024-03-06,C0467,Clothing,1,46.88,0.0,3,1,3.0
O01896,2024-03-06,C1094,Beauty,1,23.46,0.0,1,0,5.0
O01897,2024-03-07,C1385,Toys,1,30.05,0.0,2,0,4.0
O01898,2024-03-07,C1748,Clothing,1,16.62,0.15,4,0,4.0
O01899,2024-03-07,C0730,Sports & outdoors,3,82.11,0.1,2,0,5.0
O01900,2024-03-07,C0810,Clothing,1,26.28,0.0,1,1,3.0
O01901,2024-03-07,C0574,Home & kitchen,2,41.05,0.2,6,0,5.0
O01902,2024-03-07,C1475,Books,1,17.12,0.0,5,0,4.0
O01903,2024-03-07,C1113,Electronics,1,327.96,0.1,7,1,3.0
O01904,2024-03-07,C1879,Home & kitchen,1,40.21,0.3,1,0,
O01905,2024-03-07,C1667,Home & kitchen,3,118.04,0.0,2,0,5.0
O01906,2024-03-07,C1126,Toys,2,22.92,0.15,1,0,4.0
O01907,2024-03-07,C1745,Sports & outdoors,1,48.7,0.0,5,0,4.0
O01908,2024-03-07,C1004,Home & kitchen,4,18.55,0.0,4,0,5.0
O01909,2024-03-07,C0748,Toys,2,28.81,0.2,3,0,4.0
O01910,2024-03-07,C1491,Beauty,3,40.46,0.2,5,0,4.0
O01911,2024-03-07,C1965,Clothing,2,20.72,0.0,1,0,5.0
O01912,2024-03-07,C0765,Home & kitchen,2,14.11,0.2,4,0,4.0
O01913,2024-03-07,C0179,Beauty,1,30.21,0.0,3,0,4.0
O01914,2024-03-07,C0902,Books,3,16.1,0.0,3,0,5.0
O01915,2024-03-07,C1962,Electronics,3,141.66,0.0,3,0,4.0
O01916,2024-03-08,C1838,Home & kitchen,4,33.53,0.0,5,0,4.0
O01917,2024-03-08,C0932,Electronics,1,64.12,0.05,2,0,5.0
O01918,2024-03-08,C0568,Clothing,1,55.7,0.0,2,0,4.0
O01919,2024-03-08,C0116,Electronics,2,115.8,0.05,7,0,3.0
O01920,2024-03-08,C1834,Electronics,1,78.65,0.15,1,0,4.0
O01921,2024-03-08,C1705,Clothing,2,30.75,0.15,8,0,4.0
O01922,2024-03-08,C0131,Books,1,12.07,0.0,7,0,5.0
O01923,2024-03-08,C0050,Home & kitchen,4,48.93,0.0,2,0,4.0
O01924,2024-03-08,C1451,Beauty,1,16.75,0.1,3,0,3.0
O01925,2024-03-08,C0915,Clothing,1,30.13,0.3,2,0,
O01926,2024-03-08,C0164,Books,1,10.37,0.0,4,0,4.0
O01927,2024-03-08,C1117,Toys,1,44.68,0.3,3,0,4.0
O01928,2024-03-08,C0188,Sports & outdoors,1,91.42,0.05,2,0,4.0
O01929,2024-03-08,C0306,Beauty,4,18.63,0.3,1,0,4.0
O01930,2024-03-08,C0294,Clothing,1,57.99,0.0,4,0,3.0
O01931,2024-03-08,C1031,Books,1,13.55,0.1,2,0,5.0
O01932,2024-03-08,C0241,Home & kitchen,4,54.45,0.0,4,0,5.0
O01933,2024-03-08,C1382,Books,2,16.08,0.15,8,0,4.0
O01934,2024-03-08,C0692,Beauty,2,14.65,0.15,4,0,5.0
O01935,2024-03-08,C0079,Clothing,1,83.8,0.0,1,0,5.0
O01936,2024-03-08,C0632,Clothing,1,35.23,0.0,3,1,4.0
O01937,2024-03-08,C1619,Sports & outdoors,1,66.19,0.05,1,0,5.0
O01938,2024-03-08,C1258,Clothing,1,38.02,0.2,1,0,5.0
O01939,2024-03-08,C1900,Beauty,1,19.0,0.0,4,0,4.0
O01940,2024-03-08,C1443,Sports & outdoors,1,63.1,0.3,5,0,4.0
O01941,2024-03-08,C0070,Sports & outdoors,4,100.72,0.0,7,0,4.0
O01942,2024-03-08,C0442,Beauty,1,29.19,0.0,8,0,4.0
O01943,2024-03-08,C1704,Books,2,7.74,0.1,2,0,5.0
O01944,2024-03-08,C1637,Toys,2,16.73,0.05,2,1,4.0
O01945,2024-03-08,C0978,Sports & outdoors,2,15.69,0.0,8,0,4.0
O01946,2024-03-08,C1995,Electronics,2,101.65,0.1,3,1,4.0
O01947,2024-03-08,C1708,Clothing,2,28.17,0.2,5,0,4.0
O01948,2024-03-08,C1288,Books,1,7.94,0.1,1,0,4.0
O01949,2024-03-08,C1720,Books,1,11.96,0.3,8,0,4.0
O01950,2024-03-08,C1788,Sports & outdoors,1,58.02,0.0,2,1,3.0
O01951,2024-03-09,C1814,Beauty,1,17.49,0.3,1,0,
O01952,2024-03-09,C1672,Books,1,10.5,0.0,3,0,4.0
O01953,2024-03-09,C1116,Electronics,2,84.12,0.15,4,0,5.0
O01954,2024-03-09,C1811,Electronics,1,131.24,0.15,4,0,4.0
O01955,2024-03-09,C1087,Clothing,2,17.79,0.15,2,1,2.0
O01956,2024-03-09,C1904,Sports & outdoors,1,72.03,0.0,1,0,5.0
O01957,2024-03-09,C1350,Clothing,4,25.46,0.3,5,0,3.0
O01958,2024-03-09,C0871,Clothing,1,12.21,0.3,7,0,4.0
O01959,2024-03-09,C1743,Books,2,9.75,0.0,3,0,4.0
O01960,2024-03-09,C0376,Clothing,2,28.68,0.0,3,0,5.0
O01961,2024-03-09,C1911,Sports & outdoors,2,21.95,0.3,3,0,5.0
O01962,2024-03-09,C1591,Beauty,2,42.02,0.0,4,0,5.0
O01963,2024-03-09,C0490,Clothing,2,11.57,0.1,2,0,2.0
O01964,2024-03-09,C1334,Clothing,2,10.33,0.2,6,1,3.0
O01965,2024-03-09,C0547,Toys,4,16.55,0.3,6,1,3.0
O01966,2024-03-09,C0265,Home & kitchen,1,39.91,0.1,4,1,4.0
O01967,2024-03-09,C0071,Clothing,4,36.34,0.0,5,1,3.0
O01968,2024-03-09,C0715,Toys,2,18.98,0.0,4,0,5.0
O01969,2024-03-09,C0696,Books,1,8.34,0.3,4,0,5.0
O01970,2024-03-09,C0123,Beauty,2,20.93,0.0,2,0,5.0
O01971,2024-03-09,C0431,Beauty,1,13.01,0.0,4,0,4.0
O01972,2024-03-09,C0314,Clothing,1,24.96,0.05,3,0,5.0
O01973,2024-03-09,C0884,Books,3,10.48,0.3,3,1,2.0
O01974,2024-03-09,C1696,Sports & outdoors,4,58.29,0.0,5,1,1.0
O01975,2024-03-09,C1317,Beauty,1,22.12,0.3,5,0,3.0
O01976,2024-03-09,C0441,Books,2,16.84,0.05,6,0,4.0
O01977,2024-03-09,C1731,Books,1,13.31,0.0,3,0,4.0
O01978,2024-03-09,C1241,Electronics,4,142.36,0.15,1,0,5.0
O01979,2024-03-09,C0628,Books,1,18.9,0.15,2,0,5.0
O01980,2024-03-09,C1901,Home & kitchen,3,132.85,0.0,1,0,5.0
O01981,2024-03-09,C1447,Toys,1,42.93,0.15,8,0,4.0
O01982,2024-03-09,C0735,Sports & outdoors,1,130.36,0.1,3,0,4.0
O01983,2024-03-09,C1664,Clothing,1,36.25,0.0,4,0,4.0
O01984,2024-03-09,C1790,Books,3,14.33,0.0,1,1,4.0
O01985,2024-03-09,C0257,Home & kitchen,1,39.81,0.0,4,0,5.0
O01986,2024-03-10,C0737,Clothing,2,32.23,0.15,1,1,4.0
O01987,2024-03-10,C0341,Toys,2,11.06,0.1,6,0,4.0
O01988,2024-03-10,C1951,Home & kitchen,3,26.4,0.2,1,0,4.0
O01989,2024-03-10,C1069,Clothing,1,18.09,0.3,2,0,4.0
O01990,2024-03-10,C0242,Electronics,1,141.33,0.0,1,0,5.0
O01991,2024-03-10,C0703,Beauty,1,36.82,0.0,2,0,5.0
O01992,2024-03-10,C0344,Sports & outdoors,4,50.83,0.2,1,0,5.0
O01993,2024-03-10,C0139,Toys,2,21.33,0.15,4,0,4.0
O01994,2024-03-10,C0329,Books,3,12.98,0.3,3,0,5.0
O01995,2024-03-10,C1269,Beauty,1,10.56,0.15,4,0,5.0
O01996,2024-03-10,C1177,Home & kitchen,2,32.98,0.2,2,1,4.0
O01997,2024-03-10,C1414,Clothing,1,37.7,0.3,5,0,4.0
O01998,2024-03-10,C1692,Sports & outdoors,2,29.64,0.3,3,0,4.0
O01999,2024-03-10,C1431,Home & kitchen,3,27.28,0.0,2,0,5.0
O02000,2024-03-10,C0817,Home & kitchen,1,91.43,0.15,5,0,4.0
O02001,2024-03-10,C1130,Books,1,6.88,0.0,2,0,5.0
O02002,2024-03-10,C0006,Sports & outdoors,1,67.5,0.2,6,0,5.0
O02003,2024-03-10,C1446,Clothing,2,41.62,0.15,5,0,5.0
O02004,2024-03-10,C0163,Sports & outdoors,1,121.32,0.2,7,0,5.0
O02005,2024-03-10,C0499,Home & kitchen,3,19.79,0.0,1,1,3.0
O02006,2024-03-10,C1858,Beauty,4,23.14,0.1,2,0,4.0
O02007,2024-03-11,C0549,Clothing,1,32.66,0.15,5,0,4.0
O02008,2024-03-11,C0440,Books,2,15.79,0.0,2,0,5.0
O02009,2024-03-11,C0741,Electronics,4,107.12,0.3,4,0,4.0
O02010,2024-03-11,C1925,Electronics,1,215.71,0.2,5,0,3.0
O02011,2024-03-11,C0439,Home & kitchen,1,73.44,0.1,1,0,4.0
O02012,2024-03-11,C1154,Books,3,13.06,0.05,3,0,4.0
O02013,2024-03-11,C0134,Clothing,1,49.71,0.0,2,1,4.0
O02014,2024-03-11,C0803,Books,4,15.27,0.05,3,0,4.0
O02015,2024-03-11,C1186,Clothing,2,13.84,0.05,1,0,5.0
O02016,2024-03-11,C0309,Home & kitchen,2,34.27,0.05,2,0,5.0
O02017,2024-03-11,C0751,Beauty,3,14.98,0.05,4,0,5.0
O02018,2024-03-11,C1851,Beauty,1,18.06,0.0,7,0,4.0
O02019,2024-03-11,C1249,Home & kitchen,4,46.16,0.3,1,1,5.0
O02020,2024-03-11,C1833,Sports & outdoors,1,103.15,0.3,1,0,5.0
O02021,2024-03-11,C1171,Beauty,1,21.07,0.1,2,0,5.0
O02022,2024-03-11,C1106,Home & kitchen,1,53.06,0.0,3,0,5.0
O02023,2024-03-11,C0385,Clothing,1,56.05,0.15,2,0,5.0
O02024,2024-03-11,C1358,Sports & outdoors,1,51.25,0.1,2,0,4.0
O02025,2024-03-11,C1063,Toys,2,11.59,0.1,4,0,5.0
O02026,2024-03-11,C1114,Books,1,11.67,0.15,2,0,
O02027,2024-03-11,C1759,Electronics,3,296.51,0.15,1,0,5.0
O02028,2024-03-11,C1650,Toys,1,40.51,0.0,5,0,
O02029,2024-03-11,C1009,Books,4,13.24,0.0,3,0,4.0
O02030,2024-03-11,C1044,Home & kitchen,2,83.24,0.0,1,0,4.0
O02031,2024-03-11,C1821,Beauty,4,45.63,0.1,5,0,3.0
O02032,2024-03-11,C1406,Toys,1,8.66,0.15,1,0,4.0
O02033,2024-03-11,C0667,Beauty,1,32.57,0.05,1,0,4.0
O02034,2024-03-11,C0603,Clothing,1,24.97,0.2,4,0,3.0
O02035,2024-03-11,C0516,Home & kitchen,2,33.17,0.15,4,1,4.0
O02036,2024-03-11,C1718,Beauty,2,18.83,0.1,1,0,5.0
O02037,2024-03-11,C1281,Books,1,7.19,0.0,3,0,5.0
O02038,2024-03-12,C1701,Clothing,1,40.34,0.0,8,0,4.0
O02039,2024-03-12,C1237,Sports & outdoors,1,60.55,0.15,2,0,4.0
O02040,2024-03-12,C0458,Home & kitchen,3,18.84,0.1,2,1,3.0
O02041,2024-03-12,C0968,Toys,1,17.29,0.0,1,0,5.0
O02042,2024-03-12,C0792,Books,3,21.4,0.0,5,0,5.0
O02043,2024-03-12,C0500,Electronics,2,373.72,0.1,3,0,5.0
O02044,2024-03-12,C0589,Home & kitchen,2,99.87,0.1,9,0,4.0
O02045,2024-03-12,C1660,Sports & outdoors,4,43.66,0.0,3,0,4.0
O02046,2024-03-12,C1836,Books,2,17.69,0.0,2,0,5.0
O02047,2024-03-12,C1345,Books,1,12.17,0.0,3,1,3.0
O02048,2024-03-12,C1496,Home & kitchen,1,54.5,0.3,2,1,3.0
O02049,2024-03-12,C0714,Books,2,16.05,0.2,4,0,5.0
O02050,2024-03-12,C0279,Books,3,10.13,0.0,1,0,5.0
O02051,2024-03-12,C1622,Books,1,15.79,0.2,2,0,5.0
O02052,2024-03-12,C0199,Electronics,1,133.46,0.05,4,0,4.0
O02053,2024-03-12,C1735,Home & kitchen,1,82.63,0.3,2,0,5.0
O02054,2024-03-12,C0666,Home & kitchen,1,79.52,0.15,1,0,5.0
O02055,2024-03-12,C1923,Home & kitchen,4,139.1,0.0,1,0,4.0
O02056,2024-03-12,C1399,Toys,2,24.64,0.0,1,0,4.0
O02057,2024-03-12,C0977,Beauty,2,23.99,0.2,3,0,
O02058,2024-03-12,C0527,Clothing,3,18.31,0.15,2,0,5.0
O02059,2024-03-12,C0085,Sports & outdoors,1,91.07,0.1,3,0,5.0
O02060,2024-03-12,C1204,Toys,2,17.8,0.0,3,0,4.0
O02061,2024-03-12,C0975,Home & kitchen,1,22.39,0.15,12,0,3.0
O02062,2024-03-12,C0292,Sports & outdoors,4,35.66,0.1,11,0,2.0
O02063,2024-03-12,C1233,Clothing,3,44.03,0.0,1,0,5.0
O02064,2024-03-12,C1374,Electronics,1,158.89,0.05,1,0,4.0
O02065,2024-03-12,C1009,Books,2,17.04,0.1,2,0,5.0
O02066,2024-03-12,C1326,Beauty,4,66.43,0.2,5,1,4.0
O02067,2024-03-12,C1862,Beauty,1,21.09,0.1,2,0,3.0
O02068,2024-03-12,C1284,Electronics,3,352.65,0.3,3,1,3.0
O02069,2024-03-12,C0492,Clothing,1,19.42,0.05,2,0,5.0
O02070,2024-03-12,C0602,Home & kitchen,2,50.26,0.0,3,0,5.0
O02071,2024-03-12,C0820,Clothing,3,37.14,0.0,2,0,5.0
O02072,2024-03-12,C1861,Sports & outdoors,3,41.52,0.3,3,0,5.0
O02073,2024-03-13,C0658,Home & kitchen,1,26.1,0.0,2,0,5.0
O02074,2024-03-13,C0313,Books,2,12.58,0.2,4,0,5.0
O02075,2024-03-13,C1117,Home & kitchen,1,14.66,0.2,2,0,5.0
O02076,2024-03-13,C0597,Clothing,1,19.22,0.0,4,0,5.0
O02077,2024-03-13,C0533,Toys,2,30.73,0.2,2,0,3.0
O02078,2024-03-13,C1610,Electronics,2,436.08,0.0,14,0,3.0
O02079,2024-03-13,C1390,Toys,1,28.51,0.0,3,0,4.0
O02080,2024-03-13,C1442,Toys,1,43.16,0.0,9,0,
O02081,2024-03-13,C0251,Home & kitchen,1,30.96,0.0,4,1,1.0
O02082,2024-03-13,C1124,Home & kitchen,2,76.57,0.3,4,0,5.0
O02083,2024-03-13,C0540,Home & kitchen,1,11.89,0.15,2,0,4.0
O02084,2024-03-13,C0114,Clothing,3,15.94,0.05,3,0,5.0
O02085,2024-03-13,C1001,Books,1,13.7,0.1,3,0,4.0
O02086,2024-03-13,C0444,Beauty,1,19.08,0.0,1,0,5.0
O02087,2024-03-13,C1509,Beauty,1,39.8,0.0,1,0,5.0
O02088,2024-03-13,C1549,Electronics,1,110.13,0.1,4,0,3.0
O02089,2024-03-13,C1289,Clothing,4,45.82,0.05,6,0,4.0
O02090,2024-03-13,C0712,Sports & outdoors,2,91.26,0.2,5,0,3.0
O02091,2024-03-13,C1175,Clothing,3,21.66,0.15,2,0,5.0
O02092,2024-03-13,C0706,Clothing,1,16.55,0.3,3,0,4.0
O02093,2024-03-13,C1483,Toys,1,27.03,0.0,1,0,5.0
O02094,2024-03-13,C1469,Clothing,2,24.88,0.0,9,0,3.0
O02095,2024-03-13,C0728,Home & kitchen,1,64.41,0.3,6,1,4.0
O02096,2024-03-13,C0696,Electronics,1,75.1,0.2,5,0,3.0
O02097,2024-03-13,C1821,Sports & outdoors,2,54.64,0.0,2,0,5.0
O02098,2024-03-13,C0881,Toys,3,32.47,0.3,3,0,4.0
O02099,2024-03-13,C1929,Beauty,1,24.61,0.0,6,0,4.0
O02100,2024-03-13,C1192,Toys,2,17.48,0.2,3,0,4.0
O02101,2024-03-13,C0084,Sports & outdoors,2,103.67,0.05,2,0,5.0
O02102,2024-03-13,C0571,Electronics,2,168.78,0.2,5,0,5.0
O02103,2024-03-13,C1281,Books,2,17.8,0.05,5,0,3.0
O02104,2024-03-13,C0750,Home & kitchen,2,43.73,0.3,3,0,4.0
O02105,2024-03-13,C0404,Beauty,1,20.73,0.1,2,0,5.0
O02106,2024-03-14,C0468,Beauty,2,45.21,0.2,6,0,4.0
O02107,2024-03-14,C1493,Electronics,3,67.09,0.2,5,0,5.0
O02108,2024-03-14,C0552,Books,4,15.94,0.0,6,0,5.0
O02109,2024-03-14,C1589,Beauty,4,39.9,0.15,8,0,3.0
O02110,2024-03-14,C0534,Home & kitchen,1,63.72,0.3,2,0,5.0
O02111,2024-03-14,C0078,Home & kitchen,1,28.34,0.0,6,0,4.0
O02112,2024-03-14,C1829,Home & kitchen,2,80.7,0.3,2,0,
O02113,2024-03-14,C0767,Home & kitchen,4,46.35,0.1,7,1,4.0
O02114,2024-03-14,C1410,Clothing,1,16.52,0.0,1,0,5.0
O02115,2024-03-14,C0008,Beauty,1,25.85,0.05,1,0,4.0
O02116,2024-03-14,C1060,Sports & outdoors,1,179.89,0.3,4,0,5.0
O02117,2024-03-14,C1617,Toys,2,29.15,0.1,8,0,3.0
O02118,2024-03-14,C1811,Electronics,2,286.54,0.0,2,0,5.0
O02119,2024-03-14,C1126,Clothing,1,15.31,0.15,1,0,5.0
O02120,2024-03-14,C0361,Sports & outdoors,1,42.68,0.05,3,0,4.0
O02121,2024-03-14,C0761,Home & kitchen,1,27.3,0.2,2,0,5.0
O02122,2024-03-14,C0036,Clothing,1,17.85,0.15,3,1,4.0
O02123,2024-03-14,C1089,Beauty,1,20.89,0.3,4,0,5.0
O02124,2024-03-14,C0774,Sports & outdoors,1,61.65,0.1,2,0,4.0
O02125,2024-03-14,C0025,Beauty,3,16.06,0.0,7,1,2.0
O02126,2024-03-14,C0482,Books,2,11.81,0.0,2,0,5.0
O02127,2024-03-14,C1524,Toys,4,54.14,0.05,3,0,5.0
O02128,2024-03-14,C1585,Home & kitchen,1,16.81,0.2,4,0,4.0
O02129,2024-03-15,C1200,Books,1,22.42,0.0,1,0,4.0
O02130,2024-03-15,C1144,Electronics,1,686.22,0.0,13,1,1.0
O02131,2024-03-15,C1251,Sports & outdoors,2,33.87,0.0,1,0,4.0
O02132,2024-03-15,C1822,Electronics,1,774.92,0.2,2,0,5.0
O02133,2024-03-15,C0483,Electronics,3,129.69,0.2,3,1,3.0
O02134,2024-03-15,C1188,Books,3,20.19,0.0,3,0,4.0
O02135,2024-03-15,C0166,Electronics,2,250.06,0.3,2,0,5.0
O02136,2024-03-15,C0557,Electronics,1,73.49,0.05,4,0,4.0
O02137,2024-03-15,C0015,Electronics,1,238.67,0.0,2,0,5.0
O02138,2024-03-15,C1427,Beauty,1,27.92,0.2,3,0,5.0
O02139,2024-03-15,C0163,Beauty,4,19.55,0.0,2,0,2.0
O02140,2024-03-15,C1751,Home & kitchen,1,455.41,0.0,2,0,5.0
O02141,2024-03-15,C1973,Toys,3,27.22,0.3,5,0,4.0
O02142,2024-03-15,C1240,Sports & outdoors,4,33.07,0.05,3,1,2.0
O02143,2024-03-15,C1091,Clothing,3,52.53,0.0,3,1,3.0
O02144,2024-03-15,C0480,Toys,1,26.91,0.2,2,0,5.0
O02145,2024-03-15,C1990,Clothing,1,18.35,0.05,1,0,4.0
O02146,2024-03-15,C0263,Clothing,2,71.32,0.05,1,0,5.0
O02147,2024-03-15,C1939,Sports & outdoors,2,57.28,0.0,3,0,5.0
O02148,2024-03-15,C0647,Home & kitchen,1,46.84,0.05,1,0,4.0
O02149,2024-03-15,C0005,Home & kitchen,4,25.1,0.2,5,0,4.0
O02150,2024-03-15,C1656,Beauty,1,11.79,0.1,6,0,4.0
O02151,2024-03-15,C0977,Books,1,21.29,0.1,1,0,5.0
O02152,2024-03-15,C1356,Electronics,2,288.77,0.0,3,0,5.0
O02153,2024-03-15,C1262,Electronics,2,115.55,0.05,1,0,5.0
O02154,2024-03-16,C1909,Home & kitchen,2,78.54,0.0,5,0,5.0
O02155,2024-03-16,C0533,Clothing,3,34.76,0.1,4,0,4.0
O02156,2024-03-16,C0549,Home & kitchen,1,33.51,0.3,1,0,5.0
O02157,2024-03-16,C0429,Clothing,1,29.65,0.3,4,0,5.0
O02158,2024-03-16,C1824,Electronics,1,286.47,0.0,4,0,3.0
O02159,2024-03-16,C1898,Electronics,4,85.2,0.3,5,0,4.0
O02160,2024-03-16,C0793,Books,1,13.33,0.15,2,0,5.0
O02161,2024-03-16,C1785,Sports & outdoors,1,157.12,0.1,1,0,5.0
O02162,2024-03-16,C0219,Beauty,1,22.24,0.2,1,0,5.0
O02163,2024-03-16,C1881,Beauty,2,19.59,0.0,3,0,4.0
O02164,2024-03-16,C1864,Clothing,1,42.1,0.2,2,0,5.0
O02165,2024-03-16,C0403,Home & kitchen,2,16.29,0.0,2,0,3.0
O02166,2024-03-16,C1066,Books,2,11.07,0.2,1,0,4.0
O02167,2024-03-16,C0240,Clothing,2,38.01,0.1,5,0,3.0
O02168,2024-03-16,C1292,Sports & outdoors,2,30.96,0.2,6,0,5.0
O02169,2024-03-16,C1651,Sports & outdoors,1,19.48,0.15,6,1,3.0
O02170,2024-03-16,C0628,Clothing,2,73.8,0.05,10,1,2.0
O02171,2024-03-16,C0261,Home & kitchen,1,23.27,0.15,1,0,4.0
O02172,2024-03-16,C0436,Toys,2,16.26,0.2,2,0,5.0
O02173,2024-03-16,C0827,Clothing,1,114.26,0.0,3,0,5.0
O02174,2024-03-16,C0136,Toys,4,16.96,0.0,5,0,4.0
O02175,2024-03-16,C1130,Beauty,4,10.88,0.05,6,0,4.0
O02176,2024-03-16,C1157,Books,2,10.06,0.0,2,0,5.0
O02177,2024-03-16,C0169,Beauty,1,12.07,0.2,2,0,5.0
O02178,2024-03-17,C0262,Electronics,3,113.75,0.1,3,0,5.0
O02179,2024-03-17,C0597,Home & kitchen,1,65.22,0.05,6,0,5.0
O02180,2024-03-17,C1161,Toys,1,14.73,0.0,2,0,4.0
O02181,2024-03-17,C1938,Home & kitchen,1,35.41,0.15,1,0,5.0
O02182,2024-03-17,C1770,Home & kitchen,1,109.71,0.1,2,0,4.0
O02183,2024-03-17,C0265,Home & kitchen,1,114.37,0.0,5,0,5.0
O02184,2024-03-17,C0024,Books,1,11.4,0.05,2,0,4.0
O02185,2024-03-17,C0265,Clothing,1,43.16,0.0,1,0,4.0
O02186,2024-03-17,C1730,Home & kitchen,4,85.48,0.1,3,0,5.0
O02187,2024-03-17,C1851,Home & kitchen,3,87.44,0.0,4,0,5.0
O02188,2024-03-17,C1838,Home & kitchen,3,51.92,0.3,4,0,5.0
O02189,2024-03-17,C0755,Clothing,2,26.44,0.2,3,0,5.0
O02190,2024-03-17,C0243,Toys,1,39.6,0.05,1,0,5.0
O02191,2024-03-17,C0106,Sports & outdoors,4,12.24,0.3,3,0,4.0
O02192,2024-03-17,C1430,Clothing,1,69.47,0.0,1,0,5.0
O02193,2024-03-17,C1764,Books,1,19.56,0.2,2,0,4.0
O02194,2024-03-17,C0475,Clothing,1,30.67,0.05,2,1,4.0
O02195,2024-03-17,C1593,Sports & outdoors,3,55.93,0.3,6,0,4.0
O02196,2024-03-17,C0530,Beauty,2,19.85,0.2,2,0,4.0
O02197,2024-03-17,C1860,Home & kitchen,2,23.22,0.05,2,0,4.0
O02198,2024-03-17,C1645,Toys,1,23.39,0.3,1,0,5.0
O02199,2024-03-17,C1974,Beauty,3,10.49,0.3,1,1,4.0
O02200,2024-03-17,C1828,Electronics,2,105.12,0.0,1,0,4.0
O02201,2024-03-17,C1657,Books,1,10.12,0.0,5,0,5.0
O02202,2024-03-17,C0083,Electronics,1,26.51,0.0,3,0,5.0
O02203,2024-03-17,C1184,Electronics,3,556.89,0.0,2,0,4.0
O02204,2024-03-18,C1538,Clothing,4,24.26,0.2,6,1,3.0
O02205,2024-03-18,C0987,Electronics,4,135.67,0.15,3,0,5.0
O02206,2024-03-18,C0490,Home & kitchen,4,31.98,0.3,4,0,5.0
O02207,2024-03-18,C0844,Electronics,4,101.29,0.0,3,0,5.0
O02208,2024-03-18,C0578,Beauty,1,16.39,0.0,1,0,4.0
O02209,2024-03-18,C1141,Toys,2,36.08,0.3,3,1,3.0
O02210,2024-03-18,C0176,Home & kitchen,2,19.46,0.15,8,0,5.0
O02211,2024-03-18,C0184,Home & kitchen,2,27.66,0.05,5,0,5.0
O02212,2024-03-18,C1029,Sports & outdoors,3,138.51,0.0,2,0,5.0
O02213,2024-03-18,C0491,Home & kitchen,3,52.74,0.0,5,0,4.0
O02214,2024-03-18,C0332,Electronics,4,64.23,0.3,5,0,4.0
O02215,2024-03-18,C1910,Sports & outdoors,1,192.46,0.1,1,0,4.0
O02216,2024-03-18,C0837,Home & kitchen,4,21.94,0.05,3,0,4.0
O02217,2024-03-18,C0058,Clothing,1,58.91,0.0,3,1,3.0
O02218,2024-03-18,C0079,Electronics,4,268.01,0.0,4,0,3.0
O02219,2024-03-18,C1529,Sports & outdoors,1,117.8,0.2,2,1,4.0
O02220,2024-03-18,C1229,Books,2,19.58,0.3,9,0,4.0
O02221,2024-03-18,C0950,Home & kitchen,2,50.43,0.3,6,0,3.0
O02222,2024-03-18,C0048,Sports & outdoors,4,62.0,0.0,2,0,5.0
O02223,2024-03-18,C0009,Sports & outdoors,4,31.67,0.15,4,0,5.0
O02224,2024-03-18,C1762,Electronics,1,444.71,0.15,3,0,4.0
O02225,2024-03-18,C0281,Clothing,2,57.38,0.05,4,0,3.0
O02226,2024-03-18,C0091,Electronics,1,573.82,0.15,6,0,5.0
O02227,2024-03-18,C1981,Electronics,1,220.87,0.0,5,0,4.0
O02228,2024-03-18,C0767,Books,1,18.61,0.3,1,1,3.0
O02229,2024-03-18,C0302,Beauty,2,11.86,0.3,1,0,5.0
O02230,2024-03-18,C0847,Home & kitchen,1,136.95,0.2,1,0,3.0
O02231,2024-03-18,C1937,Electronics,3,127.08,0.0,8,0,5.0
O02232,2024-03-18,C1642,Beauty,2,11.69,0.0,2,0,4.0
O02233,2024-03-18,C0878,Clothing,1,19.6,0.0,3,0,5.0
O02234,2024-03-19,C1451,Sports & outdoors,4,18.36,0.2,3,0,4.0
O02235,2024-03-19,C1512,Sports & outdoors,2,72.58,0.05,1,0,5.0
O02236,2024-03-19,C1411,Books,4,20.36,0.0,9,0,5.0
O02237,2024-03-19,C1914,Clothing,2,47.61,0.0,3,0,
O02238,2024-03-19,C0821,Books,1,11.17,0.2,2,0,5.0
O02239,2024-03-19,C0784,Electronics,3,154.72,0.1,4,0,5.0
O02240,2024-03-19,C0387,Toys,4,27.86,0.0,2,0,4.0
O02241,2024-03-19,C0732,Home & kitchen,1,40.52,0.1,2,0,5.0
O02242,2024-03-19,C0341,Home & kitchen,1,25.38,0.2,9,0,5.0
O02243,2024-03-19,C0278,Books,1,13.31,0.15,2,0,4.0
O02244,2024-03-19,C1781,Beauty,1,11.95,0.0,4,0,4.0
O02245,2024-03-19,C1786,Books,1,20.22,0.1,6,0,4.0
O02246,2024-03-19,C0349,Electronics,1,280.45,0.05,1,0,5.0
O02247,2024-03-19,C0686,Electronics,2,292.62,0.15,1,0,5.0
O02248,2024-03-19,C1088,Clothing,1,41.33,0.0,10,0,5.0
O02249,2024-03-19,C1973,Sports & outdoors,2,68.63,0.0,3,0,5.0
O02250,2024-03-19,C0371,Toys,1,20.96,0.2,1,0,5.0
O02251,2024-03-19,C1159,Beauty,1,26.57,0.0,5,0,3.0
O02252,2024-03-19,C1414,Clothing,1,17.01,0.1,2,0,4.0
O02253,2024-03-19,C0672,Home & kitchen,4,21.5,0.1,2,0,4.0
O02254,2024-03-19,C0264,Clothing,3,23.72,0.05,5,0,4.0
O02255,2024-03-19,C0107,Books,3,16.22,0.2,4,0,4.0
O02256,2024-03-19,C0460,Home & kitchen,4,62.67,0.0,3,0,5.0
O02257,2024-03-19,C1498,Sports & outdoors,1,45.51,0.15,3,0,5.0
O02258,2024-03-19,C1045,Books,3,17.18,0.0,2,0,5.0
O02259,2024-03-20,C1754,Sports & outdoors,2,44.02,0.15,8,0,4.0
O02260,2024-03-20,C1874,Books,3,13.75,0.0,2,0,4.0
O02261,2024-03-20,C0583,Clothing,3,24.82,0.3,2,0,3.0
O02262,2024-03-20,C0012,Clothing,1,39.7,0.1,2,0,5.0
O02263,2024-03-20,C0812,Toys,3,53.51,0.0,3,0,4.0
O02264,2024-03-20,C1570,Beauty,1,18.97,0.15,3,0,4.0
O02265,2024-03-20,C0131,Clothing,2,62.13,0.1,1,0,4.0
O02266,2024-03-20,C1222,Clothing,4,80.09,0.15,1,0,5.0
O02267,2024-03-20,C1666,Home & kitchen,4,15.21,0.0,4,0,4.0
O02268,2024-03-20,C1691,Clothing,2,54.96,0.2,2,0,5.0
O02269,2024-03-20,C1815,Books,1,16.5,0.0,1,0,5.0
O02270,2024-03-20,C0048,Books,1,14.87,0.2,8,0,4.0
O02271,2024-03-20,C1971,Clothing,4,18.85,0.0,3,0,5.0
O02272,2024-03-20,C1568,Home & kitchen,4,67.61,0.05,3,0,5.0
O02273,2024-03-20,C1515,Beauty,2,28.2,0.1,3,0,3.0
O02274,2024-03-20,C0048,Electronics,1,383.97,0.0,3,0,3.0
O02275,2024-03-20,C0798,Electronics,1,146.84,0.0,2,0,5.0
O02276,2024-03-21,C0526,Sports & outdoors,1,157.35,0.15,2,0,5.0
O02277,2024-03-21,C0631,Sports & outdoors,1,79.74,0.05,5,0,4.0
O02278,2024-03-21,C0448,Beauty,2,21.58,0.0,1,0,5.0
O02279,2024-03-21,C1510,Clothing,1,35.8,0.0,2,0,5.0
O02280,2024-03-21,C0475,Sports & outdoors,3,41.59,0.15,5,0,5.0
O02281,2024-03-21,C1114,Books,2,12.23,0.0,3,0,4.0
O02282,2024-03-21,C1011,Clothing,1,20.28,0.05,3,0,5.0
O02283,2024-03-21,C0059,Clothing,1,69.41,0.05,4,0,4.0
O02284,2024-03-21,C0345,Sports & outdoors,1,22.47,0.0,3,0,5.0
O02285,2024-03-21,C0345,Books,2,16.12,0.2,3,0,4.0
O02286,2024-03-21,C1637,Electronics,1,238.06,0.0,2,0,5.0
O02287,2024-03-21,C1004,Home & kitchen,2,104.82,0.0,5,0,3.0
O02288,2024-03-21,C0705,Toys,2,22.25,0.05,8,0,3.0
O02289,2024-03-21,C1954,Clothing,2,21.63,0.1,1,0,5.0
O02290,2024-03-21,C1954,Books,2,13.28,0.3,5,1,3.0
O02291,2024-03-21,C1736,Sports & outdoors,1,19.14,0.0,6,0,3.0
O02292,2024-03-21,C0622,Beauty,4,36.53,0.2,3,0,5.0
O02293,2024-03-21,C0813,Home & kitchen,4,94.06,0.1,3,0,5.0
O02294,2024-03-21,C1003,Clothing,1,27.52,0.3,1,0,5.0
O02295,2024-03-21,C1475,Beauty,2,13.47,0.15,6,0,5.0
O02296,2024-03-21,C1168,Home & kitchen,2,41.98,0.0,3,0,3.0
O02297,2024-03-21,C1636,Electronics,4,43.2,0.2,2,0,5.0
O02298,2024-03-21,C0229,Electronics,1,137.65,0.0,5,0,4.0
O02299,2024-03-21,C1266,Toys,2,16.48,0.2,12,1,2.0
O02300,2024-03-21,C1754,Beauty,3,26.24,0.15,2,0,5.0
O02301,2024-03-21,C1531,Clothing,1,12.69,0.2,1,0,5.0
O02302,2024-03-21,C1769,Home & kitchen,1,81.46,0.15,1,0,5.0
O02303,2024-03-21,C1552,Clothing,1,53.66,0.15,10,0,4.0
O02304,2024-03-21,C0527,Sports & outdoors,3,104.03,0.2,8,0,4.0
O02305,2024-03-21,C0299,Beauty,1,17.76,0.0,3,0,4.0
O02306,2024-03-21,C0382,Beauty,1,25.5,0.1,2,0,4.0
O02307,2024-03-22,C0712,Electronics,1,349.56,0.2,7,0,3.0
O02308,2024-03-22,C1463,Electronics,2,1430.31,0.3,1,0,5.0
O02309,2024-03-22,C0367,Home & kitchen,1,101.17,0.0,4,0,
O02310,2024-03-22,C0383,Home & kitchen,1,41.57,0.2,1,0,4.0
O02311,2024-03-22,C0650,Clothing,1,31.32,0.2,4,1,4.0
O02312,2024-03-22,C1315,Sports & outdoors,2,98.81,0.1,2,0,5.0
O02313,2024-03-22,C0135,Books,1,12.28,0.05,3,1,1.0
O02314,2024-03-22,C1444,Beauty,1,19.61,0.0,4,0,4.0
O02315,2024-03-22,C1447,Beauty,2,23.86,0.05,5,0,5.0
O02316,2024-03-22,C0248,Books,2,8.97,0.2,4,0,4.0
O02317,2024-03-22,C1101,Clothing,1,49.81,0.05,2,1,3.0
O02318,2024-03-22,C1812,Clothing,2,32.56,0.3,3,0,4.0
O02319,2024-03-22,C0970,Home & kitchen,2,32.82,0.2,4,1,4.0
O02320,2024-03-22,C1435,Clothing,1,11.37,0.0,6,1,2.0
O02321,2024-03-22,C0102,Electronics,1,260.72,0.0,5,0,4.0
O02322,2024-03-22,C1226,Toys,1,33.26,0.0,4,0,5.0
O02323,2024-03-22,C0235,Home & kitchen,4,38.25,0.0,1,0,5.0
O02324,2024-03-22,C1521,Clothing,1,13.25,0.0,4,0,5.0
O02325,2024-03-22,C0571,Clothing,2,23.87,0.0,1,0,4.0
O02326,2024-03-22,C1603,Books,1,11.28,0.15,1,0,5.0
O02327,2024-03-22,C1307,Books,2,18.76,0.05,4,0,5.0
O02328,2024-03-22,C1874,Electronics,2,624.47,0.05,3,0,4.0
O02329,2024-03-22,C0054,Home & kitchen,1,28.36,0.0,7,0,5.0
O02330,2024-03-22,C0169,Clothing,4,67.73,0.05,4,0,5.0
O02331,2024-03-22,C0793,Clothing,1,38.58,0.0,3,0,4.0
O02332,2024-03-22,C0434,Clothing,1,66.46,0.2,3,0,4.0
O02333,2024-03-22,C1090,Clothing,3,28.55,0.0,1,0,5.0
O02334,2024-03-22,C1305,Toys,3,95.41,0.1,2,0,5.0
O02335,2024-03-22,C0439,Sports & outdoors,2,53.3,0.1,4,0,4.0
O02336,2024-03-22,C1792,Electronics,4,184.22,0.0,3,0,4.0
O02337,2024-03-22,C1199,Home & kitchen,1,34.3,0.0,2,0,3.0
O02338,2024-03-22,C0165,Clothing,4,44.05,0.0,2,0,4.0
O02339,2024-03-22,C0870,Clothing,1,11.69,0.2,6,0,4.0
O02340,2024-03-22,C0856,Home & kitchen,1,17.7,0.3,4,0,5.0
O02341,2024-03-22,C1174,Clothing,2,46.81,0.3,5,0,4.0
O02342,2024-03-22,C1189,Electronics,2,401.14,0.0,3,0,5.0
O02343,2024-03-22,C0043,Sports & outdoors,1,102.73,0.05,3,1,2.0
O02344,2024-03-23,C0040,Electronics,2,43.96,0.05,6,0,4.0
O02345,2024-03-23,C0744,Sports & outdoors,1,67.36,0.0,3,0,5.0
O02346,2024-03-23,C0838,Clothing,2,45.03,0.1,7,0,5.0
O02347,2024-03-23,C0739,Beauty,1,11.07,0.05,6,0,4.0
O02348,2024-03-23,C0857,Clothing,2,65.64,0.0,5,0,4.0
O02349,2024-03-23,C0817,Home & kitchen,1,89.9,0.3,2,0,4.0
O02350,2024-03-23,C1493,Home & kitchen,2,50.86,0.0,6,0,3.0
O02351,2024-03-23,C0441,Books,2,11.7,0.0,1,0,5.0
O02352,2024-03-23,C0294,Home & kitchen,4,40.44,0.0,1,0,5.0
O02353,2024-03-23,C0925,Beauty,2,26.6,0.1,12,0,4.0
O02354,2024-03-23,C0612,Clothing,1,47.72,0.3,2,0,5.0
O02355,2024-03-23,C0078,Books,1,25.75,0.2,7,0,5.0
O02356,2024-03-23,C1157,Clothing,1,22.53,0.1,3,1,2.0
O02357,2024-03-23,C1021,Beauty,1,18.62,0.3,1,0,5.0
O02358,2024-03-23,C1614,Electronics,1,143.85,0.1,7,0,5.0
O02359,2024-03-23,C0298,Books,1,17.16,0.3,4,1,2.0
O02360,2024-03-23,C1281,Clothing,3,31.12,0.05,2,0,4.0
O02361,2024-03-23,C1599,Electronics,2,150.46,0.15,5,0,3.0
O02362,2024-03-23,C0666,Sports & outdoors,2,106.94,0.15,1,0,5.0
O02363,2024-03-23,C1852,Electronics,2,176.42,0.05,2,1,3.0
O02364,2024-03-23,C1311,Books,1,14.32,0.0,6,0,3.0
O02365,2024-03-23,C0763,Clothing,2,55.32,0.05,1,0,5.0
O02366,2024-03-23,C0887,Electronics,1,579.67,0.0,5,0,4.0
O02367,2024-03-23,C1175,Books,1,10.44,0.15,4,0,4.0
O02368,2024-03-24,C1399,Books,3,14.52,0.0,7,0,5.0
O02369,2024-03-24,C1015,Home & kitchen,1,64.33,0.15,1,0,5.0
O02370,2024-03-24,C0426,Beauty,1,17.45,0.2,5,0,5.0
O02371,2024-03-24,C1930,Clothing,1,38.43,0.1,1,0,4.0
O02372,2024-03-24,C1730,Clothing,2,48.62,0.3,11,1,3.0
O02373,2024-03-24,C0497,Clothing,4,81.06,0.05,4,0,3.0
O02374,2024-03-24,C0854,Books,1,14.62,0.15,3,0,3.0
O02375,2024-03-24,C1671,Books,4,30.11,0.3,4,1,4.0
O02376,2024-03-24,C0320,Home & kitchen,3,128.77,0.0,1,0,5.0
O02377,2024-03-24,C0953,Books,4,8.67,0.15,2,0,5.0
O02378,2024-03-24,C1194,Clothing,4,44.26,0.1,2,0,5.0
O02379,2024-03-24,C1466,Books,2,17.19,0.15,1,0,5.0
O02380,2024-03-24,C1499,Sports & outdoors,1,28.14,0.05,2,0,5.0
O02381,2024-03-24,C0403,Clothing,4,13.58,0.05,3,0,
O02382,2024-03-24,C0836,Clothing,2,8.98,0.0,3,0,4.0
O02383,2024-03-24,C1033,Home & kitchen,1,99.5,0.0,6,0,5.0
O02384,2024-03-24,C1060,Home & kitchen,1,48.94,0.0,3,0,5.0
O02385,2024-03-24,C0354,Home & kitchen,4,32.71,0.3,6,0,4.0
O02386,2024-03-24,C0981,Beauty,2,27.91,0.0,2,0,4.0
O02387,2024-03-24,C0132,Clothing,1,96.62,0.0,5,0,3.0
O02388,2024-03-24,C0964,Beauty,1,45.49,0.1,4,0,4.0
O02389,2024-03-24,C1303,Electronics,2,147.88,0.3,3,0,5.0
O02390,2024-03-24,C1877,Books,1,17.81,0.05,6,0,5.0
O02391,2024-03-24,C0340,Home & kitchen,2,103.55,0.05,2,0,4.0
O02392,2024-03-24,C0703,Electronics,3,80.73,0.0,3,0,3.0
O02393,2024-03-25,C0981,Electronics,2,218.7,0.05,5,0,4.0
O02394,2024-03-25,C0866,Beauty,1,17.63,0.2,2,0,5.0
O02395,2024-03-25,C0214,Toys,2,26.53,0.1,9,0,3.0
O02396,2024-03-25,C0036,Beauty,2,19.12,0.3,4,1,3.0
O02397,2024-03-25,C0227,Home & kitchen,2,26.13,0.15,4,0,4.0
O02398,2024-03-25,C0382,Clothing,4,31.38,0.05,5,1,4.0
O02399,2024-03-25,C0954,Beauty,1,14.71,0.0,2,0,4.0
O02400,2024-03-25,C0104,Electronics,2,199.04,0.0,2,0,4.0
O02401,2024-03-25,C1888,Toys,3,33.69,0.3,5,1,2.0
O02402,2024-03-25,C0384,Home & kitchen,1,29.97,0.05,2,0,4.0
O02403,2024-03-25,C0132,Sports & outdoors,2,95.96,0.3,2,0,5.0
O02404,2024-03-25,C1387,Books,3,7.42,0.1,1,0,5.0
O02405,2024-03-25,C1494,Beauty,2,12.09,0.0,2,0,4.0
O02406,2024-03-25,C1012,Electronics,2,416.77,0.3,3,1,4.0
O02407,2024-03-25,C1841,Beauty,2,26.2,0.3,3,0,5.0
O02408,2024-03-25,C1681,Home & kitchen,2,91.66,0.3,1,1,5.0
O02409,2024-03-25,C0932,Clothing,1,21.78,0.0,3,0,4.0
O02410,2024-03-25,C0208,Clothing,3,28.39,0.3,3,0,4.0
O02411,2024-03-25,C0868,Home & kitchen,4,24.69,0.1,3,0,5.0
O02412,2024-03-25,C0439,Electronics,1,67.0,0.3,5,1,3.0
O02413,2024-03-25,C0081,Clothing,1,34.81,0.0,16,1,1.0
O02414,2024-03-25,C0504,Toys,2,49.96,0.2,2,0,5.0
O02415,2024-03-25,C0698,Sports & outdoors,1,59.68,0.05,6,0,5.0
O02416,2024-03-25,C1893,Toys,1,32.65,0.1,4,0,4.0
O02417,2024-03-25,C0607,Clothing,1,12.19,0.15,3,0,4.0
O02418,2024-03-25,C0944,Beauty,3,18.01,0.05,5,0,4.0
O02419,2024-03-25,C0638,Clothing,2,38.07,0.05,3,0,5.0
O02420,2024-03-25,C0466,Electronics,4,493.72,0.0,3,0,4.0
O02421,2024-03-25,C1727,Clothing,2,48.31,0.0,3,1,3.0
O02422,2024-03-25,C0636,Home & kitchen,1,56.21,0.0,3,0,4.0
O02423,2024-03-25,C0131,Electronics,2,417.96,0.2,16,1,2.0
O02424,2024-03-25,C1383,Clothing,1,35.84,0.0,1,0,
O02425,2024-03-26,C0387,Home & kitchen,2,98.59,0.0,6,0,4.0
O02426,2024-03-26,C0308,Books,2,9.78,0.0,5,0,
O02427,2024-03-26,C1053,Sports & outdoors,1,28.85,0.0,1,0,5.0
O02428,2024-03-26,C1360,Electronics,1,838.06,0.2,5,0,4.0
O02429,2024-03-26,C0505,Sports & outdoors,1,54.37,0.15,5,1,2.0
O02430,2024-03-26,C0481,Sports & outdoors,1,23.48,0.3,2,0,5.0
O02431,2024-03-26,C0720,Sports & outdoors,4,17.75,0.05,5,0,4.0
O02432,2024-03-26,C0925,Clothing,2,21.3,0.2,3,0,5.0
O02433,2024-03-26,C0910,Beauty,2,14.5,0.05,8,0,3.0
O02434,2024-03-26,C0329,Electronics,1,39.19,0.0,10,0,4.0
O02435,2024-03-26,C1397,Electronics,4,290.67,0.15,4,0,5.0
O02436,2024-03-26,C0852,Electronics,1,288.72,0.0,6,1,3.0
O02437,2024-03-26,C0699,Electronics,4,79.13,0.0,4,0,4.0
O02438,2024-03-26,C0713,Beauty,1,16.23,0.0,3,0,4.0
O02439,2024-03-26,C1839,Beauty,2,7.02,0.05,3,0,5.0
O02440,2024-03-26,C1274,Clothing,1,25.12,0.15,5,0,4.0
O02441,2024-03-26,C0712,Toys,3,17.98,0.2,2,0,5.0
O02442,2024-03-26,C1541,Books,3,13.75,0.2,6,0,4.0
O02443,2024-03-26,C0663,Home & kitchen,1,21.88,0.3,6,0,3.0
O02444,2024-03-26,C1484,Clothing,4,67.31,0.0,2,0,5.0
O02445,2024-03-26,C0349,Home & kitchen,2,58.93,0.2,3,1,3.0
O02446,2024-03-26,C0803,Home & kitchen,1,50.32,0.0,1,0,5.0
O02447,2024-03-26,C0857,Home & kitchen,2,41.53,0.1,1,0,5.0
O02448,2024-03-26,C0446,Books,2,9.51,0.0,11,0,4.0
O02449,2024-03-26,C1576,Home & kitchen,1,39.03,0.0,1,0,4.0
O02450,2024-03-26,C0357,Books,3,12.73,0.15,4,1,2.0
O02451,2024-03-26,C0298,Clothing,2,20.26,0.05,8,0,3.0
O02452,2024-03-26,C0013,Clothing,2,24.18,0.0,1,0,4.0
O02453,2024-03-26,C0317,Home & kitchen,1,16.47,0.3,2,0,4.0
O02454,2024-03-26,C0572,Beauty,2,18.32,0.0,2,0,4.0
O02455,2024-03-26,C1023,Home & kitchen,1,25.33,0.05,1,1,4.0
O02456,2024-03-26,C0065,Beauty,1,25.33,0.1,8,0,4.0
O02457,2024-03-26,C1354,Beauty,1,25.72,0.0,3,0,4.0
O02458,2024-03-26,C1679,Home & kitchen,2,23.41,0.05,5,0,4.0
O02459,2024-03-27,C0115,Sports & outdoors,2,75.34,0.0,5,0,5.0
O02460,2024-03-27,C1304,Electronics,3,436.48,0.0,3,0,4.0
O02461,2024-03-27,C0264,Clothing,4,15.58,0.0,5,0,4.0
O02462,2024-03-27,C1899,Beauty,3,45.58,0.0,3,0,5.0
O02463,2024-03-27,C1417,Clothing,2,48.73,0.3,6,0,5.0
O02464,2024-03-27,C1788,Books,4,9.81,0.1,2,0,5.0
O02465,2024-03-27,C0722,Books,4,14.73,0.1,1,0,5.0
O02466,2024-03-27,C1899,Clothing,1,37.48,0.3,2,1,4.0
O02467,2024-03-27,C0230,Home & kitchen,1,39.99,0.05,1,0,4.0
O02468,2024-03-27,C1481,Clothing,2,25.34,0.3,2,1,4.0
O02469,2024-03-27,C0986,Home & kitchen,3,34.33,0.05,4,0,5.0
O02470,2024-03-27,C0676,Home & kitchen,3,104.54,0.2,1,0,3.0
O02471,2024-03-27,C0565,Books,3,7.61,0.0,1,0,4.0
O02472,2024-03-27,C1020,Books,4,16.21,0.0,4,0,5.0
O02473,2024-03-27,C1027,Beauty,1,35.27,0.05,3,0,5.0
O02474,2024-03-27,C1697,Clothing,1,12.56,0.3,2,0,3.0
O02475,2024-03-27,C1089,Sports & outdoors,2,37.07,0.0,1,0,5.0
O02476,2024-03-27,C1322,Beauty,1,39.18,0.1,1,0,5.0
O02477,2024-03-27,C1717,Clothing,1,57.41,0.1,2,0,5.0
O02478,2024-03-27,C1170,Electronics,1,179.48,0.1,6,1,3.0
O02479,2024-03-27,C1066,Beauty,2,29.21,0.3,9,0,4.0
O02480,2024-03-27,C1032,Electronics,1,565.82,0.05,4,0,5.0
O02481,2024-03-27,C1634,Books,1,7.68,0.0,1,0,5.0
O02482,2024-03-27,C0722,Sports & outdoors,1,49.86,0.15,5,0,4.0
O02483,2024-03-27,C0830,Electronics,2,382.31,0.3,6,0,5.0
O02484,2024-03-27,C0952,Home & kitchen,3,103.16,0.15,6,0,5.0
O02485,2024-03-27,C0201,Books,2,13.18,0.0,8,0,3.0
O02486,2024-03-27,C0862,Clothing,2,18.84,0.0,5,0,5.0
O02487,2024-03-27,C1606,Beauty,1,12.53,0.0,7,0,3.0
O02488,2024-03-27,C0379,Home & kitchen,1,82.37,0.3,3,0,5.0
O02489,2024-03-28,C0875,Clothing,2,34.5,0.1,3,0,5.0
O02490,2024-03-28,C0015,Toys,1,18.47,0.2,2,0,5.0
O02491,2024-03-28,C0912,Clothing,2,31.93,0.05,4,0,5.0
O02492,2024-03-28,C0959,Clothing,1,22.8,0.1,3,1,3.0
O02493,2024-03-28,C0730,Electronics,1,80.59,0.0,3,0,4.0
O02494,2024-03-28,C0571,Electronics,1,83.81,0.0,4,0,5.0
O02495,2024-03-28,C0454,Clothing,3,17.71,0.0,4,0,5.0
O02496,2024-03-28,C1966,Books,4,13.54,0.3,4,0,5.0
O02497,2024-03-28,C0722,Home & kitchen,4,50.94,0.05,4,0,3.0
O02498,2024-03-28,C1985,Clothing,3,98.2,0.15,4,1,3.0
O02499,2024-03-28,C0177,Books,2,17.43,0.1,4,0,4.0
O02500,2024-03-28,C0105,Clothing,1,19.81,0.1,1,0,5.0
O02501,2024-03-28,C1513,Clothing,2,20.71,0.0,8,0,3.0
O02502,2024-03-28,C0726,Electronics,1,123.63,0.0,2,0,5.0
O02503,2024-03-28,C0076,Sports & outdoors,1,137.63,0.0,5,0,3.0
O02504,2024-03-28,C0328,Home & kitchen,1,60.17,0.0,9,0,4.0
O02505,2024-03-28,C1127,Sports & outdoors,1,116.23,0.0,2,0,5.0
O02506,2024-03-28,C0624,Electronics,1,250.83,0.1,5,0,3.0
O02507,2024-03-28,C0145,Electronics,1,130.45,0.0,1,0,5.0
O02508,2024-03-28,C1845,Electronics,3,352.71,0.0,4,0,3.0
O02509,2024-03-28,C1816,Clothing,4,27.67,0.1,1,0,5.0
O02510,2024-03-28,C1691,Beauty,1,28.33,0.0,2,0,5.0
O02511,2024-03-28,C1260,Books,3,16.98,0.1,2,0,5.0
O02512,2024-03-28,C0687,Beauty,1,11.77,0.1,4,0,5.0
O02513,2024-03-28,C1682,Beauty,1,21.56,0.0,5,0,4.0
O02514,2024-03-28,C1195,Home & kitchen,1,61.55,0.15,4,0,3.0
O02515,2024-03-28,C0454,Toys,1,19.22,0.15,2,0,4.0
O02516,2024-03-28,C1147,Books,2,11.27,0.0,2,0,5.0
O02517,2024-03-29,C0522,Electronics,2,154.64,0.0,4,0,4.0
O02518,2024-03-29,C1394,Home & kitchen,1,27.34,0.15,2,0,4.0
O02519,2024-03-29,C0352,Clothing,1,39.52,0.05,2,0,5.0
O02520,2024-03-29,C1170,Electronics,3,315.06,0.0,7,0,
O02521,2024-03-29,C0607,Toys,1,8.57,0.2,3,0,5.0
O02522,2024-03-29,C1949,Electronics,2,142.46,0.2,6,0,5.0
O02523,2024-03-29,C1289,Electronics,4,180.95,0.1,4,0,4.0
O02524,2024-03-29,C1519,Home & kitchen,2,31.9,0.0,2,0,5.0
O02525,2024-03-29,C0744,Sports & outdoors,2,65.86,0.15,4,0,5.0
O02526,2024-03-29,C0395,Electronics,1,37.23,0.05,4,1,2.0
O02527,2024-03-29,C1060,Books,3,18.5,0.1,4,0,4.0
O02528,2024-03-29,C1862,Sports & outdoors,1,34.93,0.1,5,1,1.0
O02529,2024-03-29,C1100,Toys,3,18.1,0.2,3,0,4.0
O02530,2024-03-29,C1176,Books,3,12.15,0.0,2,0,4.0
O02531,2024-03-29,C0763,Electronics,2,146.77,0.1,4,0,5.0
O02532,2024-03-29,C1876,Clothing,1,48.72,0.0,1,1,3.0
O02533,2024-03-29,C1414,Beauty,2,23.05,0.0,4,0,5.0
O02534,2024-03-29,C1306,Beauty,4,9.89,0.2,5,0,4.0
O02535,2024-03-29,C0683,Toys,2,24.65,0.0,2,1,3.0
O02536,2024-03-29,C1221,Home & kitchen,1,30.26,0.0,8,0,4.0
O02537,2024-03-29,C0558,Electronics,1,163.23,0.1,2,0,4.0
O02538,2024-03-29,C1608,Toys,4,23.86,0.0,4,0,5.0
O02539,2024-03-29,C0815,Sports & outdoors,1,43.51,0.3,2,0,5.0
O02540,2024-03-29,C0722,Toys,4,11.51,0.1,2,0,5.0
O02541,2024-03-29,C1857,Sports & outdoors,3,32.91,0.0,4,0,4.0
O02542,2024-03-29,C1288,Clothing,2,51.42,0.15,3,0,5.0
O02543,2024-03-29,C1640,Books,3,21.18,0.05,4,1,3.0
O02544,2024-03-29,C1054,Electronics,3,111.16,0.05,3,0,5.0
O02545,2024-03-30,C0501,Books,3,10.93,0.3,4,0,4.0
O02546,2024-03-30,C0687,Toys,3,15.49,0.05,3,0,4.0
O02547,2024-03-30,C1897,Home & kitchen,1,53.03,0.0,1,0,5.0
O02548,2024-03-30,C0517,Sports & outdoors,1,122.92,0.0,5,0,3.0
O02549,2024-03-30,C0482,Clothing,1,52.98,0.15,3,0,5.0
O02550,2024-03-30,C1831,Books,3,7.76,0.15,6,0,4.0
O02551,2024-03-30,C0031,Home & kitchen,2,19.62,0.0,3,0,3.0
O02552,2024-03-30,C0863,Toys,2,31.83,0.0,7,0,4.0
O02553,2024-03-30,C0119,Books,2,18.14,0.15,10,0,5.0
O02554,2024-03-30,C1362,Electronics,4,325.06,0.15,3,0,5.0
O02555,2024-03-30,C0777,Sports & outdoors,1,29.81,0.0,4,0,4.0
O02556,2024-03-30,C1374,Books,3,16.15,0.2,6,1,3.0
O02557,2024-03-30,C0215,Toys,2,20.83,0.15,3,0,5.0
O02558,2024-03-30,C1831,Home & kitchen,2,60.34,0.0,13,0,3.0
O02559,2024-03-30,C0157,Sports & outdoors,2,73.66,0.0,2,0,4.0
O02560,2024-03-30,C0922,Home & kitchen,1,96.72,0.1,2,0,5.0
O02561,2024-03-30,C0462,Clothing,2,49.39,0.05,4,0,4.0
O02562,2024-03-30,C0870,Toys,4,33.51,0.0,5,0,
O02563,2024-03-30,C0420,Beauty,4,20.91,0.0,1,0,4.0
O02564,2024-03-30,C0918,Books,4,10.81,0.0,4,0,5.0
O02565,2024-03-30,C1272,Clothing,2,56.7,0.0,2,0,3.0
O02566,2024-03-30,C0170,Toys,4,34.26,0.3,2,0,5.0
O02567,2024-03-30,C0148,Clothing,4,28.35,0.2,10,0,4.0
O02568,2024-03-30,C1138,Books,3,11.35,0.15,2,0,4.0
O02569,2024-03-30,C1553,Sports & outdoors,3,23.75,0.0,4,0,5.0
O02570,2024-03-30,C0661,Sports & outdoors,2,67.8,0.05,7,0,4.0
O02571,2024-03-30,C0492,Electronics,3,123.59,0.0,3,0,5.0
O02572,2024-03-31,C1801,Sports & outdoors,1,17.39,0.0,3,0,4.0
O02573,2024-03-31,C1919,Electronics,4,323.82,0.0,1,1,3.0
O02574,2024-03-31,C0177,Electronics,3,76.43,0.05,2,0,5.0
O02575,2024-03-31,C0419,Home & kitchen,4,27.03,0.0,1,0,5.0
O02576,2024-03-31,C0562,Electronics,3,394.2,0.0,2,0,4.0
O02577,2024-03-31,C0445,Clothing,3,26.52,0.3,8,1,3.0
O02578,2024-03-31,C0597,Beauty,4,52.94,0.0,1,0,4.0
O02579,2024-03-31,C1938,Clothing,1,42.77,0.05,6,0,4.0
O02580,2024-03-31,C0981,Electronics,1,421.16,0.15,3,0,5.0
O02581,2024-03-31,C0374,Sports & outdoors,1,47.64,0.05,3,0,5.0
O02582,2024-03-31,C0641,Clothing,4,22.7,0.2,3,0,5.0
O02583,2024-03-31,C1259,Sports & outdoors,3,24.67,0.0,5,0,4.0
O02584,2024-03-31,C0332,Home & kitchen,1,108.74,0.05,3,0,4.0
O02585,2024-03-31,C0097,Home & kitchen,2,24.25,0.0,4,0,5.0
O02586,2024-03-31,C0874,Clothing,1,74.99,0.15,4,0,4.0
O02587,2024-03-31,C0479,Sports & outdoors,3,79.46,0.0,2,0,4.0
O02588,2024-03-31,C1941,Electronics,2,338.54,0.0,2,0,5.0
O02589,2024-03-31,C0525,Books,1,24.7,0.0,3,0,5.0
O02590,2024-03-31,C0856,Books,2,18.55,0.0,7,0,5.0
O02591,2024-03-31,C1452,Home & kitchen,1,41.21,0.0,4,0,5.0
O02592,2024-03-31,C0982,Toys,2,10.13,0.3,3,0,5.0
O02593,2024-04-01,C0786,Home & kitchen,4,26.08,0.1,1,0,5.0
O02594,2024-04-01,C1908,Electronics,1,275.89,0.0,4,1,3.0
O02595,2024-04-01,C1398,Books,4,11.25,0.0,3,0,5.0
O02596,2024-04-01,C1851,Books,4,16.07,0.3,1,0,5.0
O02597,2024-04-01,C1750,Books,3,13.98,0.0,4,0,5.0
O02598,2024-04-01,C1528,Clothing,1,28.72,0.0,4,1,4.0
O02599,2024-04-01,C0702,Home & kitchen,4,46.71,0.0,4,0,4.0
O02600,2024-04-01,C0541,Toys,3,20.54,0.3,3,0,5.0
O02601,2024-04-01,C0215,Electronics,1,328.19,0.0,4,0,4.0
O02602,2024-04-01,C0905,Home & kitchen,2,76.33,0.0,2,0,4.0
O02603,2024-04-01,C0061,Electronics,2,196.89,0.0,4,0,5.0
O02604,2024-04-01,C1863,Beauty,2,26.48,0.1,1,0,5.0
O02605,2024-04-01,C0044,Home & kitchen,1,66.46,0.3,5,0,3.0
O02606,2024-04-01,C1827,Clothing,1,28.14,0.15,3,0,5.0
O02607,2024-04-01,C1547,Home & kitchen,1,43.31,0.1,1,0,5.0
O02608,2024-04-01,C0855,Electronics,1,92.2,0.0,3,1,4.0
O02609,2024-04-01,C1973,Home & kitchen,1,17.97,0.0,9,0,3.0
O02610,2024-04-01,C1445,Clothing,4,34.95,0.3,2,0,5.0
O02611,2024-04-01,C0480,Sports & outdoors,2,47.04,0.15,4,0,
O02612,2024-04-01,C1366,Books,1,9.91,0.0,1,0,4.0
O02613,2024-04-01,C1687,Clothing,2,28.24,0.2,2,0,5.0
O02614,2024-04-01,C1402,Clothing,1,18.79,0.0,5,0,4.0
O02615,2024-04-01,C1865,Beauty,1,23.0,0.2,1,0,5.0
O02616,2024-04-01,C1481,Electronics,1,115.7,0.15,4,0,
O02617,2024-04-01,C0310,Books,4,11.6,0.0,6,0,5.0
O02618,2024-04-01,C0769,Clothing,3,26.49,0.3,2,1,4.0
O02619,2024-04-01,C0200,Beauty,4,33.27,0.0,2,0,4.0
O02620,2024-04-01,C0954,Clothing,4,28.42,0.2,1,0,4.0
O02621,2024-04-01,C0060,Books,1,11.33,0.05,2,0,5.0
O02622,2024-04-01,C0635,Clothing,1,41.38,0.2,5,0,5.0
O02623,2024-04-02,C0423,Sports & outdoors,2,55.84,0.15,7,0,5.0
O02624,2024-04-02,C0979,Electronics,2,399.75,0.2,2,0,5.0
O02625,2024-04-02,C0894,Electronics,4,103.37,0.0,1,0,4.0
O02626,2024-04-02,C1945,Electronics,1,58.22,0.0,5,0,4.0
O02627,2024-04-02,C0327,Clothing,1,47.72,0.0,1,0,
O02628,2024-04-02,C0500,Books,1,15.44,0.0,1,0,5.0
O02629,2024-04-02,C1613,Toys,1,24.32,0.0,2,0,5.0
O02630,2024-04-02,C0343,Beauty,2,22.68,0.0,3,0,3.0
O02631,2024-04-02,C0225,Toys,1,10.08,0.2,1,0,5.0
O02632,2024-04-02,C0545,Books,2,11.65,0.2,2,0,3.0
O02633,2024-04-02,C0863,Books,2,11.39,0.05,3,0,5.0
O02634,2024-04-02,C1214,Home & kitchen,1,158.14,0.05,1,0,5.0
O02635,2024-04-02,C1527,Books,2,14.85,0.2,5,0,4.0
O02636,2024-04-02,C0800,Beauty,1,20.74,0.0,7,1,2.0
O02637,2024-04-02,C0956,Sports & outdoors,2,88.58,0.3,2,1,3.0
O02638,2024-04-02,C0466,Home & kitchen,2,16.57,0.0,1,0,5.0
O02639,2024-04-02,C0746,Beauty,1,23.82,0.2,1,0,5.0
O02640,2024-04-02,C0098,Home & kitchen,2,27.27,0.0,2,0,5.0
O02641,2024-04-02,C1163,Toys,4,16.8,0.1,1,0,5.0
O02642,2024-04-02,C0534,Clothing,2,37.26,0.0,4,0,4.0
O02643,2024-04-02,C0649,Toys,2,21.54,0.0,2,0,5.0
O02644,2024-04-02,C1855,Electronics,4,286.41,0.0,2,0,4.0
O02645,2024-04-02,C0585,Beauty,1,18.58,0.05,2,0,5.0
O02646,2024-04-02,C0528,Books,1,12.79,0.3,2,0,5.0
O02647,2024-04-02,C1927,Sports & outdoors,1,36.75,0.05,7,0,4.0
O02648,2024-04-02,C0291,Beauty,2,18.58,0.0,2,0,4.0
O02649,2024-04-02,C0009,Toys,1,27.08,0.2,2,0,5.0
O02650,2024-04-02,C1515,Home & kitchen,2,51.0,0.15,8,0,3.0
O02651,2024-04-02,C0379,Books,3,9.21,0.0,3,1,3.0
O02652,2024-04-02,C0233,Books,2,11.76,0.0,5,0,4.0
O02653,2024-04-02,C1035,Books,1,20.74,0.1,1,0,5.0
O02654,2024-04-02,C1395,Beauty,1,38.98,0.05,10,1,2.0
O02655,2024-04-02,C0978,Home & kitchen,1,42.91,0.0,2,0,4.0
O02656,2024-04-02,C0031,Beauty,2,19.28,0.15,3,0,5.0
O02657,2024-04-02,C1925,Home & kitchen,1,58.41,0.1,6,0,4.0
O02658,2024-04-03,C1109,Toys,4,15.79,0.05,8,0,3.0
O02659,2024-04-03,C0249,Clothing,1,35.8,0.0,3,0,5.0
O02660,2024-04-03,C0200,Sports & outdoors,1,32.33,0.2,1,0,5.0
O02661,2024-04-03,C0966,Clothing,2,29.08,0.2,1,0,4.0
O02662,2024-04-03,C0801,Home & kitchen,1,88.62,0.0,3,0,5.0
O02663,2024-04-03,C0403,Electronics,1,190.38,0.0,5,1,3.0
O02664,2024-04-03,C1204,Sports & outdoors,3,62.01,0.15,2,0,4.0
O02665,2024-04-03,C0441,Home & kitchen,2,54.34,0.0,4,0,4.0
O02666,2024-04-03,C1933,Clothing,2,11.97,0.15,5,0,4.0
O02667,2024-04-03,C0396,Home & kitchen,2,19.85,0.0,3,0,4.0
O02668,2024-04-03,C0831,Clothing,2,21.74,0.0,2,0,5.0
O02669,2024-04-03,C0348,Beauty,4,14.11,0.0,5,0,5.0
O02670,2024-04-03,C0936,Beauty,2,13.03,0.15,3,0,5.0
O02671,2024-04-03,C0034,Clothing,1,29.17,0.15,3,1,3.0
O02672,2024-04-03,C0111,Books,1,18.18,0.15,1,0,5.0
O02673,2024-04-03,C1643,Sports & outdoors,1,75.97,0.3,4,1,1.0
O02674,2024-04-03,C0575,Toys,3,12.68,0.1,2,0,3.0
O02675,2024-04-03,C0292,Clothing,1,45.78,0.0,10,0,3.0
O02676,2024-04-03,C0213,Clothing,1,18.85,0.0,4,0,4.0
O02677,2024-04-03,C0965,Electronics,1,28.73,0.05,2,0,4.0
O02678,2024-04-03,C0606,Electronics,4,133.41,0.0,7,0,3.0
O02679,2024-04-03,C0451,Home & kitchen,2,38.15,0.0,2,0,4.0
O02680,2024-04-03,C1952,Toys,1,18.1,0.2,5,0,4.0
O02681,2024-04-03,C0070,Electronics,1,190.23,0.0,1,0,5.0
O02682,2024-04-03,C0886,Books,1,16.93,0.0,1,0,5.0
O02683,2024-04-03,C0454,Electronics,2,212.02,0.15,4,0,5.0
O02684,2024-04-03,C0709,Beauty,1,20.55,0.05,7,0,5.0
O02685,2024-04-03,C1806,Electronics,3,147.86,0.0,3,0,4.0
O02686,2024-04-03,C0552,Beauty,2,37.44,0.0,3,0,4.0
O02687,2024-04-04,C0151,Books,2,14.41,0.2,8,0,4.0
O02688,2024-04-04,C0900,Clothing,1,51.2,0.1,5,0,5.0
O02689,2024-04-04,C1826,Beauty,2,23.77,0.0,1,0,5.0
O02690,2024-04-04,C1979,Home & kitchen,1,40.73,0.05,6,0,5.0
O02691,2024-04-04,C1537,Beauty,1,19.6,0.3,5,0,4.0
O02692,2024-04-04,C0665,Books,2,14.76,0.3,4,0,5.0
O02693,2024-04-04,C1263,Toys,1,17.04,0.15,3,0,3.0
O02694,2024-04-04,C0167,Toys,1,21.55,0.0,2,0,5.0
O02695,2024-04-04,C0399,Home & kitchen,2,66.63,0.15,5,0,3.0
O02696,2024-04-04,C1390,Clothing,1,46.2,0.05,4,0,5.0
O02697,2024-04-04,C0629,Beauty,1,15.1,0.0,4,0,4.0
O02698,2024-04-04,C1705,Clothing,4,35.95,0.1,3,0,4.0
O02699,2024-04-04,C0594,Home & kitchen,3,22.31,0.3,3,0,5.0
O02700,2024-04-04,C1510,Clothing,2,16.97,0.15,3,0,5.0
O02701,2024-04-04,C0493,Books,3,22.03,0.05,5,0,5.0
O02702,2024-04-04,C1779,Electronics,4,559.37,0.0,7,1,2.0
O02703,2024-04-04,C1874,Toys,2,31.47,0.3,2,0,4.0
O02704,2024-04-04,C1202,Clothing,1,64.35,0.0,2,0,5.0
O02705,2024-04-04,C0884,Sports & outdoors,1,37.59,0.2,3,0,5.0
O02706,2024-04-04,C1690,Books,1,16.91,0.1,2,0,5.0
O02707,2024-04-04,C0893,Sports & outdoors,1,56.36,0.0,2,0,4.0
O02708,2024-04-04,C0472,Toys,4,26.65,0.15,2,0,4.0
O02709,2024-04-04,C1311,Books,1,10.21,0.0,4,0,4.0
O02710,2024-04-04,C1304,Beauty,2,35.16,0.1,3,0,4.0
O02711,2024-04-04,C1321,Clothing,1,47.18,0.2,1,0,4.0
O02712,2024-04-04,C0320,Clothing,3,22.61,0.0,3,0,3.0
O02713,2024-04-04,C0493,Books,3,17.92,0.1,6,0,3.0
O02714,2024-04-04,C1751,Clothing,1,43.54,0.0,2,1,3.0
O02715,2024-04-04,C1001,Electronics,2,391.16,0.0,1,0,5.0
O02716,2024-04-04,C1665,Clothing,1,48.58,0.0,2,0,5.0
O02717,2024-04-04,C0794,Beauty,2,27.64,0.0,2,0,5.0
O02718,2024-04-05,C1291,Books,1,12.25,0.05,4,1,3.0
O02719,2024-04-05,C0721,Clothing,2,40.36,0.0,2,1,2.0
O02720,2024-04-05,C0786,Home & kitchen,4,43.88,0.0,2,0,5.0
O02721,2024-04-05,C1273,Home & kitchen,2,74.19,0.0,3,0,5.0
O02722,2024-04-05,C1350,Electronics,1,693.49,0.0,2,1,2.0
O02723,2024-04-05,C0767,Books,4,12.38,0.05,4,0,4.0
O02724,2024-04-05,C1173,Home & kitchen,1,74.1,0.0,5,0,4.0
O02725,2024-04-05,C1552,Home & kitchen,1,63.88,0.15,3,0,5.0
O02726,2024-04-05,C0103,Toys,2,23.46,0.0,2,0,5.0
O02727,2024-04-05,C1204,Home & kitchen,1,63.95,0.0,4,1,4.0
O02728,2024-04-05,C1399,Clothing,3,46.75,0.1,2,0,4.0
O02729,2024-04-05,C1387,Sports & outdoors,1,63.15,0.2,3,0,5.0
O02730,2024-04-05,C1420,Clothing,1,53.83,0.3,1,1,4.0
O02731,2024-04-05,C1835,Electronics,1,1720.53,0.0,1,0,4.0
O02732,2024-04-05,C1190,Clothing,4,55.7,0.0,4,0,4.0
O02733,2024-04-05,C0925,Home & kitchen,2,46.41,0.15,1,0,4.0
O02734,2024-04-05,C0809,Clothing,4,92.69,0.3,1,0,5.0
O02735,2024-04-05,C1033,Books,1,14.18,0.0,1,0,5.0
O02736,2024-04-05,C0186,Clothing,2,50.99,0.0,6,0,5.0
O02737,2024-04-05,C1252,Electronics,1,464.25,0.1,3,0,5.0
O02738,2024-04-05,C1732,Clothing,4,28.4,0.2,4,0,5.0
O02739,2024-04-05,C0746,Home & kitchen,2,35.06,0.0,2,0,4.0
O02740,2024-04-05,C1710,Clothing,2,59.81,0.2,2,0,5.0
O02741,2024-04-06,C1248,Beauty,4,21.84,0.05,5,0,3.0
O02742,2024-04-06,C0695,Electronics,1,207.27,0.15,3,0,5.0
O02743,2024-04-06,C1047,Clothing,2,42.19,0.0,2,0,5.0
O02744,2024-04-06,C1166,Sports & outdoors,1,114.1,0.3,6,0,5.0
O02745,2024-04-06,C0662,Books,1,16.64,0.0,2,0,3.0
O02746,2024-04-06,C0641,Electronics,2,103.66,0.0,6,0,3.0
O02747,2024-04-06,C0892,Toys,4,25.37,0.1,5,0,3.0
O02748,2024-04-06,C1651,Sports & outdoors,2,42.69,0.3,3,0,5.0
O02749,2024-04-06,C1640,Beauty,1,30.56,0.3,3,0,4.0
O02750,2024-04-06,C0765,Clothing,4,19.31,0.3,2,1,5.0
O02751,2024-04-06,C1280,Sports & outdoors,2,112.34,0.0,2,0,4.0
O02752,2024-04-06,C0424,Sports & outdoors,1,55.16,0.05,6,0,5.0
O02753,2024-04-06,C1090,Home & kitchen,1,191.9,0.0,6,0,4.0
O02754,2024-04-06,C1354,Electronics,1,434.26,0.3,3,0,4.0
O02755,2024-04-06,C0974,Home & kitchen,2,72.81,0.0,5,0,4.0
O02756,2024-04-06,C0076,Electronics,1,24.33,0.0,4,0,5.0
O02757,2024-04-06,C1528,Toys,2,17.85,0.2,1,1,4.0
O02758,2024-04-06,C0026,Home & kitchen,4,28.71,0.0,6,0,4.0
O02759,2024-04-07,C1460,Sports & outdoors,1,58.32,0.15,7,0,5.0
O02760,2024-04-07,C1322,Electronics,2,760.47,0.0,2,0,5.0
O02761,2024-04-07,C1851,Electronics,1,1099.75,0.15,1,0,4.0
O02762,2024-04-07,C1818,Home & kitchen,1,36.0,0.05,2,0,4.0
O02763,2024-04-07,C1752,Clothing,3,34.95,0.0,1,0,4.0
O02764,2024-04-07,C0086,Beauty,4,27.85,0.2,6,0,4.0
O02765,2024-04-07,C1023,Beauty,1,26.84,0.15,7,0,4.0
O02766,2024-04-07,C1272,Electronics,4,786.3,0.0,2,0,5.0
O02767,2024-04-07,C0847,Books,1,24.0,0.3,8,0,
O02768,2024-04-07,C1501,Clothing,4,81.1,0.3,4,0,4.0
O02769,2024-04-07,C1808,Home & kitchen,2,56.36,0.0,3,0,4.0
O02770,2024-04-07,C0949,Books,1,11.51,0.2,4,0,5.0
O02771,2024-04-07,C0361,Electronics,2,144.31,0.1,7,1,3.0
O02772,2024-04-07,C1691,Beauty,1,39.22,0.1,2,0,5.0
O02773,2024-04-07,C0484,Home & kitchen,1,44.28,0.05,2,0,4.0
O02774,2024-04-07,C1796,Beauty,1,24.49,0.0,1,0,4.0
O02775,2024-04-07,C1927,Beauty,1,9.62,0.0,9,0,5.0
O02776,2024-04-07,C0101,Home & kitchen,2,27.63,0.3,3,1,4.0
O02777,2024-04-07,C0066,Clothing,2,26.06,0.2,2,1,4.0
O02778,2024-04-07,C1143,Toys,1,24.74,0.2,2,0,5.0
O02779,2024-04-07,C1355,Sports & outdoors,4,94.95,0.0,6,1,3.0
O02780,2024-04-07,C0109,Home & kitchen,2,57.51,0.1,5,0,4.0
O02781,2024-04-07,C0117,Electronics,1,265.39,0.15,3,0,5.0
O02782,2024-04-07,C1691,Books,2,12.09,0.0,4,0,4.0
O02783,2024-04-07,C1284,Electronics,2,152.8,0.3,5,0,5.0
O02784,2024-04-07,C0196,Toys,1,23.97,0.0,2,0,5.0
O02785,2024-04-07,C0503,Clothing,1,30.56,0.0,1,0,5.0
O02786,2024-04-07,C0061,Electronics,3,143.25,0.0,3,0,5.0
O02787,2024-04-07,C1165,Beauty,1,23.85,0.05,8,0,4.0
O02788,2024-04-07,C0182,Clothing,2,54.85,0.3,5,0,5.0
O02789,2024-04-07,C1119,Home & kitchen,1,19.21,0.0,2,0,4.0
O02790,2024-04-07,C1217,Home & kitchen,2,106.66,0.0,8,0,4.0
O02791,2024-04-07,C1944,Sports & outdoors,1,67.35,0.1,4,1,3.0
O02792,2024-04-07,C0052,Clothing,1,64.54,0.2,1,0,5.0
O02793,2024-04-07,C0653,Clothing,4,72.97,0.15,4,0,4.0
O02794,2024-04-07,C1070,Toys,1,57.79,0.2,7,0,4.0
O02795,2024-04-07,C1633,Clothing,1,15.55,0.1,7,1,2.0
O02796,2024-04-07,C0793,Home & kitchen,1,31.22,0.1,9,0,3.0
O02797,2024-04-07,C0724,Sports & outdoors,1,83.49,0.3,9,0,4.0
O02798,2024-04-07,C0188,Electronics,1,81.11,0.05,3,0,5.0
O02799,2024-04-07,C1834,Toys,1,16.57,0.0,4,0,4.0
O02800,2024-04-07,C0712,Electronics,2,102.98,0.1,3,0,
O02801,2024-04-08,C0151,Clothing,4,45.16,0.0,3,0,5.0
O02802,2024-04-08,C0629,Clothing,2,37.45,0.3,4,0,4.0
O02803,2024-04-08,C0404,Home & kitchen,3,46.07,0.0,5,0,4.0
O02804,2024-04-08,C1459,Books,1,20.75,0.0,1,0,4.0
O02805,2024-04-08,C1867,Books,1,16.15,0.0,8,0,4.0
O02806,2024-04-08,C1099,Electronics,1,849.34,0.2,2,0,5.0
O02807,2024-04-08,C1328,Home & kitchen,2,125.96,0.2,1,0,5.0
O02808,2024-04-08,C0323,Beauty,2,23.76,0.1,10,0,3.0
O02809,2024-04-08,C0583,Home & kitchen,1,48.57,0.1,3,0,5.0
O02810,2024-04-08,C0721,Beauty,2,32.42,0.05,7,0,4.0
O02811,2024-04-08,C1267,Beauty,1,23.69,0.0,5,0,3.0
O02812,2024-04-08,C0545,Books,1,17.91,0.15,2,0,5.0
O02813,2024-04-08,C0335,Home & kitchen,1,58.46,0.1,5,0,5.0
O02814,2024-04-08,C0170,Clothing,3,17.15,0.0,4,0,4.0
O02815,2024-04-08,C0460,Home & kitchen,1,121.26,0.2,5,0,4.0
O02816,2024-04-08,C1094,Clothing,1,53.13,0.0,6,0,5.0
O02817,2024-04-08,C0345,Clothing,2,55.65,0.0,4,0,5.0
O02818,2024-04-08,C1262,Sports & outdoors,2,66.0,0.0,2,0,5.0
O02819,2024-04-08,C1638,Electronics,1,457.84,0.3,3,0,5.0
O02820,2024-04-08,C1603,Beauty,2,14.7,0.1,1,0,5.0
O02821,2024-04-08,C0715,Toys,3,18.77,0.2,3,0,4.0
O02822,2024-04-08,C0338,Toys,4,35.12,0.2,1,0,3.0
O02823,2024-04-08,C1387,Toys,1,30.54,0.1,2,0,5.0
O02824,2024-04-08,C1272,Sports & outdoors,2,64.08,0.15,4,0,5.0
O02825,2024-04-08,C1384,Beauty,1,21.98,0.0,4,0,5.0
O02826,2024-04-08,C1192,Electronics,3,451.33,0.0,5,1,
O02827,2024-04-08,C0299,Sports & outdoors,3,78.9,0.0,3,0,4.0
O02828,2024-04-08,C0747,Toys,1,34.23,0.1,7,0,4.0
O02829,2024-04-08,C0304,Toys,1,74.37,0.0,2,0,5.0
O02830,2024-04-08,C0740,Toys,3,15.7,0.15,2,0,5.0
O02831,2024-04-08,C0001,Clothing,2,28.7,0.1,4,0,4.0
O02832,2024-04-08,C1202,Toys,1,23.88,0.1,1,0,5.0
O02833,2024-04-08,C1926,Clothing,4,33.19,0.0,3,0,4.0
O02834,2024-04-08,C0586,Home & kitchen,1,29.02,0.3,8,0,
O02835,2024-04-08,C0688,Clothing,3,22.07,0.0,4,0,4.0
O02836,2024-04-09,C0954,Beauty,1,9.74,0.0,1,0,5.0
O02837,2024-04-09,C1559,Toys,1,37.69,0.0,2,0,4.0
O02838,2024-04-09,C1897,Books,1,11.5,0.0,6,0,3.0
O02839,2024-04-09,C0918,Books,3,12.26,0.0,7,0,
O02840,2024-04-09,C0842,Books,1,6.05,0.15,1,0,5.0
O02841,2024-04-09,C0282,Electronics,4,177.29,0.15,1,0,4.0
O02842,2024-04-09,C0111,Home & kitchen,3,107.04,0.05,2,0,5.0
O02843,2024-04-09,C0535,Home & kitchen,1,29.36,0.15,3,0,
O02844,2024-04-09,C1437,Home & kitchen,3,70.65,0.05,1,0,5.0
O02845,2024-04-09,C0369,Toys,1,33.74,0.0,4,0,4.0
O02846,2024-04-09,C0892,Electronics,3,67.11,0.0,2,0,5.0
O02847,2024-04-09,C0488,Home & kitchen,4,82.47,0.3,2,1,3.0
O02848,2024-04-09,C0459,Clothing,1,35.62,0.1,4,0,5.0
O02849,2024-04-09,C0682,Clothing,4,38.53,0.15,3,0,4.0
O02850,2024-04-09,C0183,Books,4,9.66,0.2,2,0,5.0
O02851,2024-04-09,C0837,Clothing,1,23.21,0.05,6,0,5.0
O02852,2024-04-09,C1581,Clothing,3,78.26,0.3,8,0,5.0
O02853,2024-04-09,C0380,Home & kitchen,4,31.03,0.0,10,0,3.0
O02854,2024-04-09,C0156,Clothing,2,20.68,0.0,7,0,4.0
O02855,2024-04-09,C1187,Clothing,1,38.74,0.0,5,0,3.0
O02856,2024-04-09,C1038,Home & kitchen,1,26.57,0.0,6,0,4.0
O02857,2024-04-09,C1718,Clothing,1,31.97,0.15,5,0,5.0
O02858,2024-04-09,C1494,Clothing,1,61.54,0.2,8,0,4.0
O02859,2024-04-09,C0731,Home & kitchen,1,37.27,0.3,2,0,4.0
O02860,2024-04-09,C1419,Clothing,4,102.91,0.3,2,0,
O02861,2024-04-10,C0339,Electronics,1,131.32,0.15,1,0,4.0
O02862,2024-04-10,C1841,Beauty,2,19.1,0.1,3,0,4.0
O02863,2024-04-10,C1323,Beauty,1,13.0,0.1,4,0,
O02864,2024-04-10,C0831,Toys,4,50.89,0.0,4,0,4.0
O02865,2024-04-10,C1301,Electronics,2,403.93,0.1,2,0,4.0
O02866,2024-04-10,C1459,Clothing,4,78.11,0.1,1,0,5.0
O02867,2024-04-10,C1653,Beauty,2,17.62,0.0,3,0,4.0
O02868,2024-04-10,C1949,Sports & outdoors,4,277.34,0.0,4,0,4.0
O02869,2024-04-10,C0241,Books,3,9.14,0.1,3,0,4.0
O02870,2024-04-10,C0952,Books,1,10.25,0.0,6,1,2.0
O02871,2024-04-10,C1183,Clothing,4,26.01,0.0,2,0,4.0
O02872,2024-04-10,C1507,Home & kitchen,1,94.36,0.0,5,0,5.0
O02873,2024-04-10,C0137,Beauty,1,15.95,0.0,4,0,5.0
O02874,2024-04-10,C1257,Clothing,1,25.0,0.2,7,0,4.0
O02875,2024-04-10,C0812,Clothing,1,35.53,0.05,4,0,3.0
O02876,2024-04-10,C1226,Toys,1,12.97,0.1,1,0,5.0
O02877,2024-04-10,C0577,Home & kitchen,1,29.31,0.15,3,0,5.0
O02878,2024-04-10,C1671,Books,1,13.13,0.15,8,0,4.0
O02879,2024-04-10,C1561,Toys,2,23.61,0.0,2,1,3.0
O02880,2024-04-10,C0028,Clothing,2,45.7,0.15,6,1,3.0
O02881,2024-04-10,C0516,Home & kitchen,2,28.39,0.15,6,0,4.0
O02882,2024-04-10,C0782,Electronics,1,195.45,0.0,11,0,5.0
O02883,2024-04-10,C0993,Clothing,4,42.83,0.05,9,0,3.0
O02884,2024-04-10,C1719,Sports & outdoors,4,25.72,0.05,7,1,3.0
O02885,2024-04-10,C1904,Home & kitchen,1,57.23,0.0,4,1,3.0
O02886,2024-04-10,C0941,Electronics,1,680.48,0.2,1,0,4.0
O02887,2024-04-10,C1141,Electronics,1,282.78,0.3,9,0,4.0
O02888,2024-04-10,C0735,Home & kitchen,3,25.17,0.2,4,0,4.0
O02889,2024-04-10,C1404,Sports & outdoors,1,53.45,0.2,5,0,4.0
O02890,2024-04-11,C0103,Books,1,18.06,0.2,4,0,3.0
O02891,2024-04-11,C1649,Clothing,3,16.8,0.2,5,0,4.0
O02892,2024-04-11,C1375,Toys,3,19.67,0.0,1,0,
O02893,2024-04-11,C0603,Home & kitchen,1,78.31,0.0,5,0,4.0
O02894,2024-04-11,C1652,Toys,2,25.96,0.0,3,0,4.0
O02895,2024-04-11,C0228,Toys,1,16.53,0.15,12,0,3.0
O02896,2024-04-11,C0064,Clothing,1,51.24,0.15,4,0,3.0
O02897,2024-04-11,C0374,Clothing,2,37.69,0.0,6,0,5.0
O02898,2024-04-11,C1691,Beauty,3,21.73,0.15,1,0,4.0
O02899,2024-04-11,C0829,Toys,1,18.66,0.3,1,0,5.0
O02900,2024-04-11,C1686,Home & kitchen,1,33.17,0.15,3,0,5.0
O02901,2024-04-11,C0770,Clothing,2,26.39,0.2,8,0,3.0
O02902,2024-04-11,C0201,Sports & outdoors,1,76.42,0.15,6,0,3.0
O02903,2024-04-11,C1057,Sports & outdoors,2,43.17,0.1,3,0,5.0
O02904,2024-04-11,C1892,Toys,2,50.92,0.3,4,0,4.0
O02905,2024-04-11,C0667,Clothing,3,56.13,0.1,3,0,5.0
O02906,2024-04-11,C0397,Books,1,19.88,0.3,3,0,4.0
O02907,2024-04-11,C1489,Clothing,1,32.83,0.0,4,1,4.0
O02908,2024-04-11,C1081,Beauty,1,18.42,0.15,3,0,4.0
O02909,2024-04-11,C0310,Home & kitchen,1,28.89,0.2,3,0,5.0
O02910,2024-04-11,C1050,Beauty,1,15.84,0.0,2,1,3.0
O02911,2024-04-11,C0235,Beauty,4,15.27,0.05,4,0,4.0
O02912,2024-04-11,C1934,Clothing,3,28.13,0.1,3,0,3.0
O02913,2024-04-11,C1491,Electronics,1,355.09,0.0,2,0,5.0
O02914,2024-04-11,C0537,Toys,2,21.55,0.3,3,0,5.0
O02915,2024-04-12,C0594,Clothing,1,12.24,0.0,6,0,4.0
O02916,2024-04-12,C0921,Home & kitchen,1,45.17,0.0,1,0,4.0
O02917,2024-04-12,C0673,Sports & outdoors,2,92.81,0.0,1,0,4.0
O02918,2024-04-12,C0185,Toys,1,27.79,0.3,3,0,5.0
O02919,2024-04-12,C0264,Sports & outdoors,3,91.43,0.0,2,0,3.0
O02920,2024-04-12,C1450,Home & kitchen,1,77.63,0.05,8,0,3.0
O02921,2024-04-12,C0710,Home & kitchen,1,63.91,0.05,3,0,5.0
O02922,2024-04-12,C0565,Sports & outdoors,1,89.73,0.2,4,0,5.0
O02923,2024-04-12,C1385,Clothing,1,32.38,0.2,1,1,3.0
O02924,2024-04-12,C0374,Electronics,1,405.44,0.0,5,0,5.0
O02925,2024-04-12,C0210,Beauty,2,27.49,0.3,4,0,2.0
O02926,2024-04-12,C1108,Home & kitchen,1,25.14,0.3,6,1,3.0
O02927,2024-04-12,C0960,Beauty,3,8.98,0.2,6,1,2.0
O02928,2024-04-12,C0090,Toys,2,27.34,0.3,1,0,5.0
O02929,2024-04-12,C0689,Beauty,1,13.5,0.0,4,0,4.0
O02930,2024-04-12,C1617,Clothing,4,50.56,0.0,5,0,4.0
O02931,2024-04-12,C1960,Clothing,3,40.57,0.0,4,0,3.0
O02932,2024-04-12,C1900,Clothing,1,34.0,0.15,1,0,4.0
O02933,2024-04-12,C0205,Clothing,2,25.42,0.0,4,0,4.0
O02934,2024-04-12,C1766,Home & kitchen,2,64.65,0.2,1,0,5.0
O02935,2024-04-12,C0985,Toys,1,36.82,0.2,3,0,5.0
O02936,2024-04-12,C0946,Home & kitchen,1,34.48,0.1,1,0,4.0
O02937,2024-04-12,C1056,Toys,3,15.55,0.05,6,0,4.0
O02938,2024-04-12,C0123,Books,2,14.33,0.15,1,0,5.0
O02939,2024-04-12,C1199,Toys,2,30.59,0.05,5,0,5.0
O02940,2024-04-12,C1403,Clothing,4,42.33,0.15,7,0,3.0
O02941,2024-04-12,C1526,Clothing,4,65.48,0.0,2,0,4.0
O02942,2024-04-12,C0492,Home & kitchen,1,17.64,0.0,16,1,2.0
O02943,2024-04-12,C1412,Beauty,1,17.08,0.0,4,1,2.0
O02944,2024-04-12,C1784,Books,1,11.6,0.0,4,0,5.0
O02945,2024-04-12,C0531,Toys,2,29.58,0.0,6,0,3.0
O02946,2024-04-12,C0805,Books,3,13.51,0.2,1,0,5.0
O02947,2024-04-12,C1861,Books,1,23.41,0.0,1,0,5.0
O02948,2024-04-12,C0607,Electronics,4,195.51,0.2,1,0,5.0
O02949,2024-04-12,C1913,Clothing,1,39.79,0.0,3,1,3.0
O02950,2024-04-12,C1782,Sports & outdoors,1,42.59,0.05,2,0,5.0
O02951,2024-04-12,C1361,Electronics,3,120.58,0.15,3,0,5.0
O02952,2024-04-12,C0739,Sports & outdoors,2,69.74,0.3,2,0,5.0
O02953,2024-04-12,C0410,Electronics,3,222.76,0.05,2,0,5.0
O02954,2024-04-12,C1503,Toys,1,49.76,0.2,2,0,5.0
O02955,2024-04-12,C0351,Clothing,4,18.35,0.3,9,1,2.0
O02956,2024-04-12,C0949,Books,2,22.54,0.0,2,0,5.0
O02957,2024-04-12,C1721,Home & kitchen,2,13.08,0.05,4,0,4.0
O02958,2024-04-13,C1820,Clothing,2,46.85,0.0,13,0,4.0
O02959,2024-04-13,C0972,Home & kitchen,4,110.87,0.15,9,0,
O02960,2024-04-13,C1545,Electronics,3,130.89,0.1,4,0,4.0
O02961,2024-04-13,C1291,Toys,1,33.72,0.05,4,0,4.0
O02962,2024-04-13,C1829,Sports & outdoors,2,39.5,0.2,3,0,4.0
O02963,2024-04-13,C0150,Books,2,23.88,0.0,5,0,5.0
O02964,2024-04-13,C0402,Sports & outdoors,1,52.27,0.2,4,1,2.0
O02965,2024-04-13,C0162,Clothing,3,83.75,0.0,3,0,4.0
O02966,2024-04-13,C0023,Sports & outdoors,1,84.43,0.2,8,0,3.0
O02967,2024-04-13,C0304,Books,2,13.34,0.2,3,0,4.0
O02968,2024-04-13,C1671,Sports & outdoors,3,39.51,0.0,6,0,5.0
O02969,2024-04-13,C0256,Books,4,14.38,0.05,5,0,3.0
O02970,2024-04-13,C0523,Electronics,2,227.05,0.2,3,0,5.0
O02971,2024-04-13,C1948,Home & kitchen,3,178.44,0.1,1,0,5.0
O02972,2024-04-13,C1527,Books,2,14.38,0.1,2,0,5.0
O02973,2024-04-13,C0578,Toys,1,35.53,0.0,3,0,4.0
O02974,2024-04-13,C1850,Clothing,2,39.41,0.2,6,0,4.0
O02975,2024-04-13,C0883,Electronics,1,387.47,0.0,3,0,5.0
O02976,2024-04-13,C1962,Sports & outdoors,1,146.41,0.0,6,0,5.0
O02977,2024-04-13,C1558,Clothing,2,33.31,0.0,4,0,5.0
O02978,2024-04-13,C1284,Sports & outdoors,3,249.51,0.0,6,0,
O02979,2024-04-13,C1418,Home & kitchen,2,55.6,0.2,4,0,5.0
O02980,2024-04-13,C0659,Sports & outdoors,4,35.65,0.0,7,0,4.0
O02981,2024-04-13,C0436,Books,1,9.87,0.0,13,0,
O02982,2024-04-13,C1700,Beauty,3,12.38,0.1,7,0,4.0
O02983,2024-04-14,C0117,Toys,1,22.35,0.05,1,0,5.0
O02984,2024-04-14,C1393,Beauty,3,24.71,0.1,2,0,5.0
O02985,2024-04-14,C1595,Books,2,11.3,0.1,6,0,3.0
O02986,2024-04-14,C0944,Home & kitchen,2,56.92,0.0,2,0,4.0
O02987,2024-04-14,C0319,Books,1,11.11,0.05,3,0,4.0
O02988,2024-04-14,C0177,Beauty,2,18.68,0.0,6,0,
O02989,2024-04-14,C1964,Home & kitchen,2,36.47,0.0,3,0,4.0
O02990,2024-04-14,C1395,Sports & outdoors,1,54.96,0.05,2,0,3.0
O02991,2024-04-14,C1395,Books,1,13.08,0.05,4,0,5.0
O02992,2024-04-14,C1222,Electronics,2,69.31,0.05,5,0,5.0
O02993,2024-04-14,C0311,Sports & outdoors,1,21.82,0.0,1,0,5.0
O02994,2024-04-14,C0494,Clothing,2,34.47,0.0,1,0,5.0
O02995,2024-04-14,C0227,Books,1,15.54,0.0,4,0,5.0
O02996,2024-04-14,C1322,Clothing,1,41.09,0.1,1,1,4.0
O02997,2024-04-14,C0858,Books,1,20.42,0.0,11,0,4.0
O02998,2024-04-14,C1392,Books,1,25.27,0.0,4,0,3.0
O02999,2024-04-14,C1371,Clothing,2,26.64,0.2,1,0,5.0
O03000,2024-04-14,C1132,Toys,3,12.2,0.0,9,0,3.0
O03001,2024-04-14,C1816,Toys,2,23.44,0.05,2,0,4.0
O03002,2024-04-14,C0875,Clothing,2,26.3,0.3,3,1,3.0
O03003,2024-04-14,C1809,Sports & outdoors,1,56.68,0.3,2,0,4.0
O03004,2024-04-14,C0760,Home & kitchen,1,92.74,0.0,1,0,5.0
O03005,2024-04-14,C1345,Books,2,9.04,0.2,4,0,4.0
O03006,2024-04-14,C0991,Sports & outdoors,1,99.81,0.0,3,0,5.0
O03007,2024-04-15,C0827,Clothing,4,44.24,0.2,4,0,5.0
O03008,2024-04-15,C0378,Home & kitchen,1,28.12,0.0,11,1,3.0
O03009,2024-04-15,C0931,Sports & outdoors,1,89.07,0.2,4,0,4.0
O03010,2024-04-15,C1281,Home & kitchen,1,15.9,0.15,5,0,5.0
O03011,2024-04-15,C1663,Toys,2,31.44,0.0,4,0,5.0
O03012,2024-04-15,C0975,Sports & outdoors,1,38.02,0.3,4,0,4.0
O03013,2024-04-15,C1812,Sports & outdoors,2,38.12,0.15,7,0,3.0
O03014,2024-04-15,C0962,Toys,1,18.75,0.3,1,0,
O03015,2024-04-15,C1076,Beauty,2,19.66,0.0,3,0,4.0
O03016,2024-04-15,C1008,Books,4,12.66,0.2,3,0,4.0
O03017,2024-04-15,C0042,Home & kitchen,1,33.07,0.0,4,0,4.0
O03018,2024-04-15,C1881,Electronics,4,230.69,0.2,1,0,5.0
O03019,2024-04-15,C1871,Home & kitchen,2,58.97,0.15,5,0,4.0
O03020,2024-04-15,C1920,Books,2,12.03,0.1,8,1,2.0
O03021,2024-04-15,C0783,Home & kitchen,1,31.26,0.0,1,1,3.0
O03022,2024-04-15,C0790,Toys,1,26.45,0.0,1,0,5.0
O03023,2024-04-15,C1502,Clothing,1,44.05,0.1,1,0,5.0
O03024,2024-04-15,C1727,Electronics,1,357.5,0.15,4,0,4.0
O03025,2024-04-15,C1996,Sports & outdoors,2,61.45,0.2,1,0,4.0
O03026,2024-04-15,C1591,Home & kitchen,1,31.29,0.05,1,0,5.0
O03027,2024-04-15,C1613,Clothing,4,35.37,0.3,3,1,4.0
O03028,2024-04-15,C0620,Home & kitchen,2,40.5,0.1,1,0,4.0
O03029,2024-04-15,C1962,Books,1,11.04,0.2,4,0,4.0
O03030,2024-04-15,C1099,Clothing,2,59.64,0.0,3,0,4.0
O03031,2024-04-15,C0068,Home & kitchen,1,28.11,0.0,2,0,5.0
O03032,2024-04-15,C0277,Clothing,1,32.05,0.3,1,0,5.0
O03033,2024-04-15,C0506,Home & kitchen,1,42.36,0.3,7,0,4.0
O03034,2024-04-15,C1958,Toys,1,16.28,0.3,2,0,5.0
O03035,2024-04-15,C0491,Clothing,4,70.82,0.3,1,0,4.0
O03036,2024-04-15,C1250,Home & kitchen,1,53.46,0.3,1,1,3.0
O03037,2024-04-15,C0912,Beauty,3,17.87,0.15,1,0,4.0
O03038,2024-04-15,C0980,Sports & outdoors,3,30.69,0.05,4,0,5.0
O03039,2024-04-15,C1847,Electronics,4,136.71,0.1,6,0,5.0
O03040,2024-04-15,C0422,Clothing,3,36.85,0.05,3,1,2.0
O03041,2024-04-15,C0430,Sports & outdoors,1,109.2,0.1,7,0,5.0
O03042,2024-04-16,C0285,Beauty,2,11.41,0.05,3,0,4.0
O03043,2024-04-16,C0341,Toys,2,45.75,0.2,4,0,4.0
O03044,2024-04-16,C1897,Beauty,1,29.07,0.0,4,0,4.0
O03045,2024-04-16,C0272,Clothing,2,17.72,0.15,1,0,5.0
O03046,2024-04-16,C0367,Books,2,16.42,0.0,3,1,4.0
O03047,2024-04-16,C1493,Clothing,1,40.53,0.3,3,0,4.0
O03048,2024-04-16,C0219,Home & kitchen,3,36.7,0.05,6,0,4.0
O03049,2024-04-16,C1927,Home & kitchen,2,84.01,0.05,6,0,4.0
O03050,2024-04-16,C0406,Clothing,1,32.43,0.3,4,1,3.0
O03051,2024-04-16,C0639,Home & kitchen,4,33.34,0.1,4,0,5.0
O03052,2024-04-16,C2000,Home & kitchen,1,49.53,0.0,3,0,5.0
O03053,2024-04-16,C0469,Home & kitchen,2,300.69,0.15,8,0,4.0
O03054,2024-04-16,C1229,Books,3,12.29,0.15,5,0,4.0
O03055,2024-04-16,C1877,Toys,2,21.34,0.15,2,0,5.0
O03056,2024-04-16,C0748,Clothing,1,31.81,0.0,5,0,4.0
O03057,2024-04-16,C1639,Toys,1,58.5,0.15,3,0,3.0
O03058,2024-04-16,C0898,Clothing,2,26.34,0.0,4,0,5.0
O03059,2024-04-16,C1902,Beauty,2,20.98,0.05,3,0,4.0
O03060,2024-04-16,C0209,Toys,2,62.72,0.2,3,0,4.0
O03061,2024-04-16,C0087,Clothing,3,44.38,0.05,6,0,4.0
O03062,2024-04-16,C0801,Sports & outdoors,1,22.96,0.0,3,1,4.0
O03063,2024-04-16,C0479,Beauty,3,21.54,0.0,11,0,3.0
O03064,2024-04-16,C1256,Clothing,1,56.14,0.0,1,0,5.0
O03065,2024-04-16,C0758,Clothing,4,35.82,0.2,3,0,5.0
O03066,2024-04-16,C1542,Books,4,20.24,0.3,7,0,3.0
O03067,2024-04-16,C1125,Books,1,8.62,0.05,2,0,5.0
O03068,2024-04-16,C1627,Toys,2,57.17,0.05,4,0,3.0
O03069,2024-04-16,C1058,Sports & outdoors,3,52.93,0.1,6,0,5.0
O03070,2024-04-16,C1656,Sports & outdoors,1,165.03,0.05,1,0,5.0
O03071,2024-04-16,C1321,Home & kitchen,3,69.46,0.15,5,0,5.0
O03072,2024-04-17,C0162,Electronics,1,333.15,0.05,4,0,4.0
O03073,2024-04-17,C1722,Clothing,2,53.03,0.1,1,0,4.0
O03074,2024-04-17,C0723,Clothing,1,45.93,0.0,8,1,3.0
O03075,2024-04-17,C0399,Beauty,3,27.69,0.2,3,0,4.0
O03076,2024-04-17,C0751,Electronics,2,152.24,0.0,1,0,4.0
O03077,2024-04-17,C0012,Clothing,1,26.1,0.2,1,0,4.0
O03078,2024-04-17,C1376,Electronics,2,901.82,0.0,5,0,5.0
O03079,2024-04-17,C1535,Clothing,1,40.1,0.05,2,0,4.0
O03080,2024-04-17,C1983,Home & kitchen,1,103.72,0.2,5,0,4.0
O03081,2024-04-17,C1333,Clothing,2,58.35,0.3,5,1,3.0
O03082,2024-04-17,C1451,Toys,2,20.76,0.05,5,0,4.0
O03083,2024-04-17,C1319,Toys,1,20.02,0.3,2,1,4.0
O03084,2024-04-17,C1065,Toys,2,25.1,0.0,6,0,5.0
O03085,2024-04-17,C0958,Electronics,2,314.36,0.1,3,0,4.0
O03086,2024-04-17,C0399,Toys,1,56.8,0.15,1,0,3.0
O03087,2024-04-17,C0016,Electronics,1,74.57,0.1,4,0,4.0
O03088,2024-04-17,C0374,Clothing,4,20.63,0.2,4,0,4.0
O03089,2024-04-17,C1766,Books,1,12.17,0.0,3,0,5.0
O03090,2024-04-17,C1646,Clothing,1,52.56,0.2,2,0,4.0
O03091,2024-04-17,C1563,Clothing,2,39.88,0.2,1,0,3.0
O03092,2024-04-17,C0558,Sports & outdoors,4,40.05,0.05,1,0,5.0
O03093,2024-04-17,C1729,Toys,1,50.34,0.0,5,0,4.0
O03094,2024-04-17,C0288,Books,2,18.19,0.05,2,1,4.0
O03095,2024-04-17,C0253,Books,2,10.82,0.1,1,0,4.0
O03096,2024-04-17,C1068,Books,1,13.75,0.15,5,1,3.0
O03097,2024-04-17,C0788,Clothing,1,38.41,0.0,1,0,4.0
O03098,2024-04-17,C0046,Books,2,12.93,0.15,1,0,5.0
O03099,2024-04-17,C1887,Clothing,1,22.67,0.3,3,0,3.0
O03100,2024-04-17,C0749,Clothing,3,29.41,0.1,3,0,5.0
O03101,2024-04-17,C0191,Home & kitchen,1,78.63,0.0,1,0,5.0
O03102,2024-04-18,C1734,Toys,3,14.52,0.0,7,0,5.0
O03103,2024-04-18,C1052,Toys,4,18.33,0.3,1,0,4.0
O03104,2024-04-18,C1255,Electronics,1,163.24,0.15,1,0,5.0
O03105,2024-04-18,C1445,Home & kitchen,2,32.54,0.0,2,0,4.0
O03106,2024-04-18,C1760,Toys,3,34.85,0.0,1,0,3.0
O03107,2024-04-18,C0053,Electronics,1,150.99,0.3,1,0,5.0
O03108,2024-04-18,C0504,Beauty,2,27.24,0.1,9,0,3.0
O03109,2024-04-18,C0649,Clothing,4,56.05,0.2,5,1,3.0
O03110,2024-04-18,C0034,Clothing,4,24.38,0.1,4,1,4.0
O03111,2024-04-18,C1950,Clothing,3,62.39,0.0,2,0,4.0
O03112,2024-04-18,C0074,Clothing,4,62.74,0.0,2,0,5.0
O03113,2024-04-18,C1850,Electronics,2,320.96,0.0,2,0,4.0
O03114,2024-04-18,C1308,Books,1,14.54,0.1,6,0,4.0
O03115,2024-04-18,C0675,Home & kitchen,1,78.05,0.0,5,0,3.0
O03116,2024-04-18,C1107,Electronics,2,202.89,0.0,1,0,
O03117,2024-04-18,C0098,Home & kitchen,2,85.66,0.0,1,0,4.0
O03118,2024-04-18,C1569,Beauty,4,23.94,0.2,1,0,
O03119,2024-04-18,C1368,Clothing,1,52.4,0.1,7,0,4.0
O03120,2024-04-18,C1236,Electronics,2,606.84,0.05,4,0,4.0
O03121,2024-04-18,C1363,Sports & outdoors,2,57.88,0.15,2,0,4.0
O03122,2024-04-18,C1697,Beauty,1,17.88,0.3,3,0,4.0
O03123,2024-04-18,C1943,Home & kitchen,1,55.5,0.2,1,0,5.0
O03124,2024-04-18,C1713,Home & kitchen,2,49.63,0.0,5,0,5.0
O03125,2024-04-18,C1905,Clothing,3,31.25,0.2,2,0,5.0
O03126,2024-04-18,C0631,Home & kitchen,1,82.3,0.0,1,0,5.0
O03127,2024-04-18,C0476,Clothing,2,32.06,0.3,4,1,3.0
O03128,2024-04-18,C1223,Home & kitchen,1,23.91,0.0,5,0,4.0
O03129,2024-04-18,C0868,Electronics,2,165.88,0.3,1,0,5.0
O03130,2024-04-19,C0090,Books,1,12.56,0.0,2,0,3.0
O03131,2024-04-19,C0157,Books,2,18.92,0.15,5,0,4.0
O03132,2024-04-19,C1201,Books,4,14.91,0.2,3,0,3.0
O03133,2024-04-19,C0739,Home & kitchen,1,45.05,0.0,2,0,4.0
O03134,2024-04-19,C0805,Electronics,2,152.9,0.0,3,0,5.0
O03135,2024-04-19,C1098,Home & kitchen,1,40.09,0.3,1,0,5.0
O03136,2024-04-19,C0250,Sports & outdoors,4,61.14,0.05,3,0,5.0
O03137,2024-04-19,C0787,Beauty,1,23.55,0.05,6,0,4.0
O03138,2024-04-19,C0938,Sports & outdoors,1,59.18,0.0,3,0,4.0
O03139,2024-04-19,C1495,Clothing,2,14.71,0.2,2,0,4.0
O03140,2024-04-19,C0896,Electronics,4,587.27,0.2,1,0,5.0
O03141,2024-04-19,C1410,Books,1,18.41,0.1,1,0,5.0
O03142,2024-04-19,C0462,Clothing,4,24.46,0.0,4,1,3.0
O03143,2024-04-19,C0623,Electronics,1,172.74,0.15,2,0,5.0
O03144,2024-04-19,C1401,Clothing,2,45.86,0.2,2,0,4.0
O03145,2024-04-19,C1357,Clothing,2,18.48,0.1,2,0,4.0
O03146,2024-04-19,C0655,Books,2,14.93,0.05,5,0,4.0
O03147,2024-04-19,C1862,Books,4,14.55,0.15,4,0,5.0
O03148,2024-04-19,C0567,Sports & outdoors,2,29.61,0.2,2,0,5.0
O03149,2024-04-19,C1518,Electronics,2,134.63,0.15,3,0,5.0
O03150,2024-04-19,C1760,Books,1,20.52,0.0,1,0,5.0
O03151,2024-04-19,C0869,Beauty,1,23.53,0.0,7,1,
O03152,2024-04-19,C1254,Sports & outdoors,4,83.12,0.15,6,0,5.0
O03153,2024-04-20,C0837,Beauty,1,19.73,0.0,3,0,4.0
O03154,2024-04-20,C1743,Sports & outdoors,4,30.66,0.15,5,0,4.0
O03155,2024-04-20,C1136,Toys,2,62.19,0.05,1,0,4.0
O03156,2024-04-20,C0238,Sports & outdoors,4,38.48,0.2,1,0,5.0
O03157,2024-04-20,C0427,Books,1,10.5,0.0,3,0,5.0
O03158,2024-04-20,C1233,Beauty,1,9.67,0.1,3,0,5.0
O03159,2024-04-20,C0201,Home & kitchen,1,64.64,0.05,6,0,5.0
O03160,2024-04-20,C1170,Electronics,1,79.44,0.2,1,0,4.0
O03161,2024-04-20,C1031,Electronics,2,169.59,0.0,2,0,4.0
O03162,2024-04-20,C0699,Clothing,1,31.98,0.05,3,0,4.0
O03163,2024-04-20,C0604,Sports & outdoors,1,126.76,0.1,1,1,4.0
O03164,2024-04-20,C0311,Toys,2,14.06,0.0,2,0,5.0
O03165,2024-04-20,C1243,Books,1,35.28,0.3,3,0,4.0
O03166,2024-04-20,C0767,Beauty,1,26.66,0.0,2,0,5.0
O03167,2024-04-20,C0889,Books,1,13.61,0.2,1,0,5.0
O03168,2024-04-20,C0725,Electronics,1,101.34,0.0,1,0,5.0
O03169,2024-04-20,C0564,Home & kitchen,1,71.38,0.3,2,0,4.0
O03170,2024-04-20,C0140,Clothing,1,50.26,0.15,5,0,4.0
O03171,2024-04-20,C1677,Clothing,2,19.33,0.05,1,0,5.0
O03172,2024-04-20,C0399,Clothing,1,31.39,0.0,2,0,5.0
O03173,2024-04-20,C0543,Clothing,4,30.33,0.3,3,1,4.0
O03174,2024-04-20,C0506,Books,4,11.42,0.0,1,0,5.0
O03175,2024-04-20,C1910,Electronics,1,153.96,0.1,3,0,5.0
O03176,2024-04-20,C0545,Home & kitchen,1,59.02,0.2,6,0,4.0
O03177,2024-04-20,C0542,Beauty,2,24.6,0.05,6,0,5.0
O03178,2024-04-20,C0749,Clothing,3,50.63,0.1,6,0,4.0
O03179,2024-04-20,C0318,Home & kitchen,2,29.98,0.0,1,0,5.0
O03180,2024-04-20,C0256,Home & kitchen,1,71.1,0.0,3,0,4.0
O03181,2024-04-20,C0122,Home & kitchen,1,83.33,0.0,4,0,4.0
O03182,2024-04-20,C0703,Clothing,1,22.71,0.3,1,0,5.0
O03183,2024-04-20,C1430,Beauty,1,21.75,0.1,4,0,4.0
O03184,2024-04-20,C1459,Home & kitchen,2,18.11,0.15,4,0,4.0
O03185,2024-04-20,C0224,Electronics,1,248.09,0.15,2,0,5.0
O03186,2024-04-20,C1553,Clothing,4,47.99,0.1,3,0,5.0
O03187,2024-04-20,C1418,Books,4,15.57,0.15,8,0,4.0
O03188,2024-04-20,C0622,Beauty,1,15.42,0.15,2,0,5.0
O03189,2024-04-20,C1961,Clothing,3,55.78,0.15,3,0,4.0
O03190,2024-04-20,C0202,Books,3,12.1,0.1,4,0,
O03191,2024-04-21,C1868,Clothing,1,48.35,0.0,2,0,5.0
O03192,2024-04-21,C0942,Beauty,2,31.94,0.1,4,0,5.0
O03193,2024-04-21,C1143,Books,2,14.12,0.0,1,1,3.0
O03194,2024-04-21,C1894,Beauty,4,17.2,0.05,2,0,5.0
O03195,2024-04-21,C1468,Beauty,1,18.52,0.15,2,0,5.0
O03196,2024-04-21,C0465,Books,2,17.86,0.2,2,0,4.0
O03197,2024-04-21,C0062,Books,1,20.38,0.2,1,0,5.0
O03198,2024-04-21,C0229,Books,4,8.88,0.0,6,0,4.0
O03199,2024-04-21,C1396,Home & kitchen,1,74.0,0.1,2,0,5.0
O03200,2024-04-21,C1731,Beauty,3,15.77,0.3,7,0,4.0
O03201,2024-04-21,C1789,Home & kitchen,4,97.34,0.1,6,0,5.0
O03202,2024-04-21,C0167,Clothing,4,37.09,0.0,5,0,5.0
O03203,2024-04-21,C0721,Sports & outdoors,4,48.96,0.1,4,0,4.0
O03204,2024-04-21,C0366,Toys,1,24.86,0.0,6,0,4.0
O03205,2024-04-21,C1682,Sports & outdoors,1,30.63,0.0,4,0,5.0
O03206,2024-04-21,C0140,Beauty,2,18.91,0.0,9,0,4.0
O03207,2024-04-21,C1098,Clothing,1,18.13,0.2,4,0,5.0
O03208,2024-04-21,C1489,Clothing,2,20.44,0.0,5,1,3.0
O03209,2024-04-21,C1107,Home & kitchen,3,96.67,0.0,2,0,5.0
O03210,2024-04-21,C0018,Books,3,13.01,0.0,7,0,4.0
O03211,2024-04-21,C0491,Clothing,2,62.36,0.0,9,0,4.0
O03212,2024-04-21,C0085,Sports & outdoors,2,34.91,0.15,1,0,5.0
O03213,2024-04-21,C1040,Books,4,16.39,0.3,4,0,5.0
O03214,2024-04-21,C0081,Home & kitchen,3,55.38,0.15,1,0,5.0
O03215,2024-04-22,C0119,Clothing,2,61.49,0.1,3,0,4.0
O03216,2024-04-22,C0325,Home & kitchen,1,26.43,0.1,6,0,4.0
O03217,2024-04-22,C1918,Sports & outdoors,1,68.22,0.0,1,1,4.0
O03218,2024-04-22,C1575,Electronics,1,54.55,0.1,4,0,4.0
O03219,2024-04-22,C1083,Electronics,1,234.32,0.0,3,0,4.0
O03220,2024-04-22,C0007,Home & kitchen,1,41.19,0.0,2,0,4.0
O03221,2024-04-22,C0749,Beauty,1,18.89,0.3,3,0,5.0
O03222,2024-04-22,C0927,Books,2,25.03,0.05,5,0,5.0
O03223,2024-04-22,C1052,Home & kitchen,1,43.49,0.3,1,0,4.0
O03224,2024-04-22,C1123,Electronics,4,228.82,0.15,1,1,3.0
O03225,2024-04-22,C1235,Electronics,1,262.99,0.0,2,0,4.0
O03226,2024-04-22,C1850,Clothing,1,31.89,0.3,3,0,4.0
O03227,2024-04-22,C1711,Clothing,1,83.99,0.0,2,0,5.0
O03228,2024-04-22,C1295,Electronics,3,237.66,0.0,3,0,2.0
O03229,2024-04-22,C0289,Books,3,10.4,0.05,8,0,3.0
O03230,2024-04-22,C1257,Electronics,2,342.59,0.3,3,0,4.0
O03231,2024-04-22,C0833,Clothing,1,25.4,0.3,2,0,5.0
O03232,2024-04-22,C1853,Electronics,4,194.08,0.0,3,0,4.0
O03233,2024-04-22,C0368,Sports & outdoors,4,58.37,0.0,6,0,4.0
O03234,2024-04-22,C0172,Electronics,2,72.47,0.05,3,0,5.0
O03235,2024-04-22,C0070,Books,1,10.21,0.1,3,1,3.0
O03236,2024-04-22,C0139,Clothing,4,16.59,0.0,2,0,5.0
O03237,2024-04-22,C0705,Toys,4,21.97,0.1,2,0,5.0
O03238,2024-04-22,C1983,Clothing,2,30.86,0.0,1,0,4.0
O03239,2024-04-22,C0685,Clothing,3,34.16,0.1,1,0,3.0
O03240,2024-04-23,C0386,Books,1,17.87,0.3,4,0,5.0
O03241,2024-04-23,C0430,Home & kitchen,2,174.17,0.15,4,0,4.0
O03242,2024-04-23,C1566,Clothing,1,99.74,0.0,10,1,2.0
O03243,2024-04-23,C0552,Clothing,1,30.77,0.15,2,0,5.0
O03244,2024-04-23,C1024,Books,3,11.31,0.0,2,0,5.0
O03245,2024-04-23,C0159,Clothing,1,22.74,0.0,1,0,5.0
O03246,2024-04-23,C1955,Sports & outdoors,1,60.1,0.2,6,0,4.0
O03247,2024-04-23,C0785,Home & kitchen,4,73.71,0.0,1,0,4.0
O03248,2024-04-23,C0529,Toys,2,32.22,0.2,3,0,5.0
O03249,2024-04-23,C0448,Books,4,7.89,0.2,1,0,4.0
O03250,2024-04-23,C0748,Beauty,2,22.18,0.1,6,0,5.0
O03251,2024-04-23,C1557,Home & kitchen,3,65.55,0.0,4,0,5.0
O03252,2024-04-23,C1555,Clothing,2,43.83,0.1,4,1,3.0
O03253,2024-04-23,C0242,Toys,2,10.4,0.0,6,0,3.0
O03254,2024-04-23,C1009,Beauty,1,13.17,0.15,4,0,4.0
O03255,2024-04-23,C1516,Home & kitchen,2,110.64,0.0,6,0,4.0
O03256,2024-04-23,C1913,Beauty,2,20.35,0.3,10,0,4.0
O03257,2024-04-23,C1922,Books,4,13.84,0.2,4,0,4.0
O03258,2024-04-23,C0745,Books,2,22.76,0.0,5,0,5.0
O03259,2024-04-23,C1619,Electronics,2,82.5,0.2,5,0,5.0
O03260,2024-04-23,C0838,Home & kitchen,3,24.74,0.0,4,0,4.0
O03261,2024-04-23,C0311,Electronics,1,164.96,0.3,4,0,4.0
O03262,2024-04-23,C0594,Home & kitchen,1,50.75,0.0,2,0,4.0
O03263,2024-04-23,C1811,Home & kitchen,2,25.02,0.05,1,0,5.0
O03264,2024-04-23,C0641,Books,1,15.43,0.15,3,0,5.0
O03265,2024-04-23,C0225,Electronics,4,81.46,0.1,3,0,4.0
O03266,2024-04-23,C1282,Home & kitchen,1,40.36,0.0,3,0,4.0
O03267,2024-04-23,C0344,Books,1,19.28,0.0,5,1,4.0
O03268,2024-04-24,C0422,Books,3,17.19,0.3,3,0,5.0
O03269,2024-04-24,C1951,Beauty,1,47.22,0.05,2,0,5.0
O03270,2024-04-24,C1768,Electronics,1,84.46,0.05,2,0,4.0
O03271,2024-04-24,C1428,Home & kitchen,2,33.12,0.15,1,0,4.0
O03272,2024-04-24,C0320,Home & kitchen,4,51.26,0.3,2,0,4.0
O03273,2024-04-24,C0051,Toys,1,24.33,0.1,4,0,5.0
O03274,2024-04-24,C0876,Home & kitchen,3,61.16,0.2,7,0,4.0
O03275,2024-04-24,C0280,Clothing,1,62.56,0.0,4,0,
O03276,2024-04-24,C1313,Electronics,3,54.41,0.0,3,0,4.0
O03277,2024-04-24,C1589,Clothing,2,50.21,0.0,6,1,2.0
O03278,2024-04-24,C1881,Electronics,2,309.54,0.05,3,0,
O03279,2024-04-24,C1107,Toys,3,38.81,0.2,1,0,
O03280,2024-04-24,C1862,Sports & outdoors,3,27.35,0.05,2,0,4.0
O03281,2024-04-24,C1052,Electronics,2,476.98,0.1,7,0,4.0
O03282,2024-04-24,C0402,Books,3,11.06,0.05,3,1,4.0
O03283,2024-04-24,C0251,Home & kitchen,1,160.69,0.05,3,0,5.0
O03284,2024-04-24,C0594,Electronics,2,260.36,0.0,1,0,3.0
O03285,2024-04-24,C0046,Home & kitchen,4,29.34,0.1,5,0,4.0
O03286,2024-04-24,C1296,Clothing,1,38.72,0.2,9,0,5.0
O03287,2024-04-24,C0974,Clothing,1,25.69,0.1,10,0,4.0
O03288,2024-04-24,C1927,Books,1,12.71,0.0,4,0,5.0
O03289,2024-04-24,C0039,Sports & outdoors,1,37.97,0.2,1,0,5.0
O03290,2024-04-24,C0322,Books,1,10.67,0.1,2,0,5.0
O03291,2024-04-24,C0896,Clothing,1,41.24,0.0,3,1,4.0
O03292,2024-04-24,C0985,Books,2,11.53,0.2,2,0,5.0
O03293,2024-04-24,C1511,Sports & outdoors,1,32.17,0.0,5,1,3.0
O03294,2024-04-24,C0752,Sports & outdoors,2,214.68,0.05,9,0,3.0
O03295,2024-04-24,C0065,Clothing,2,32.89,0.0,1,0,4.0
O03296,2024-04-24,C0004,Electronics,2,265.32,0.0,10,0,3.0
O03297,2024-04-24,C1417,Beauty,3,16.0,0.05,4,0,4.0
O03298,2024-04-24,C0455,Electronics,2,59.54,0.0,1,0,5.0
O03299,2024-04-24,C0208,Electronics,3,247.05,0.1,1,0,4.0
O03300,2024-04-24,C0793,Clothing,3,41.08,0.3,6,1,3.0
O03301,2024-04-24,C1894,Clothing,2,25.15,0.1,5,0,5.0
O03302,2024-04-24,C0509,Sports & outdoors,3,68.29,0.0,4,0,4.0
O03303,2024-04-24,C0273,Books,1,20.17,0.15,1,1,3.0
O03304,2024-04-25,C1597,Home & kitchen,1,37.31,0.2,5,0,5.0
O03305,2024-04-25,C0677,Clothing,2,57.2,0.15,4,0,4.0
O03306,2024-04-25,C0941,Sports & outdoors,1,49.5,0.0,2,0,5.0
O03307,2024-04-25,C1125,Electronics,3,115.06,0.2,2,0,4.0
O03308,2024-04-25,C1768,Home & kitchen,1,31.11,0.0,5,0,5.0
O03309,2024-04-25,C1710,Books,2,12.17,0.1,2,0,4.0
O03310,2024-04-25,C1921,Beauty,4,10.96,0.0,1,0,5.0
O03311,2024-04-25,C0514,Toys,1,44.82,0.0,7,0,4.0
O03312,2024-04-25,C1276,Sports & outdoors,2,38.79,0.0,4,0,5.0
O03313,2024-04-25,C1003,Beauty,2,34.3,0.2,2,0,4.0
O03314,2024-04-25,C1384,Books,2,13.02,0.05,4,0,4.0
O03315,2024-04-25,C0509,Clothing,1,46.84,0.2,4,1,2.0
O03316,2024-04-25,C0224,Electronics,4,473.03,0.15,6,1,3.0
O03317,2024-04-25,C0406,Home & kitchen,2,32.79,0.3,3,1,3.0
O03318,2024-04-25,C0785,Toys,2,13.52,0.15,3,1,4.0
O03319,2024-04-25,C0030,Home & kitchen,3,59.18,0.05,6,0,4.0
O03320,2024-04-25,C0001,Clothing,1,14.89,0.0,3,0,5.0
O03321,2024-04-25,C0261,Sports & outdoors,2,49.79,0.15,3,1,3.0
O03322,2024-04-25,C1295,Toys,2,36.12,0.0,4,0,4.0
O03323,2024-04-25,C1910,Sports & outdoors,2,56.21,0.15,4,0,4.0
O03324,2024-04-25,C1075,Books,2,12.78,0.2,1,0,5.0
O03325,2024-04-25,C0080,Toys,1,16.36,0.05,3,0,3.0
O03326,2024-04-25,C1726,Books,2,24.96,0.05,1,0,4.0
O03327,2024-04-26,C1062,Electronics,1,37.73,0.2,5,0,5.0
O03328,2024-04-26,C0375,Electronics,1,135.02,0.1,4,0,4.0
O03329,2024-04-26,C1448,Toys,2,12.28,0.3,1,1,5.0
O03330,2024-04-26,C1695,Sports & outdoors,2,46.16,0.05,8,1,4.0
O03331,2024-04-26,C0915,Home & kitchen,4,24.5,0.0,2,0,5.0
O03332,2024-04-26,C1542,Books,1,11.49,0.2,1,0,5.0
O03333,2024-04-26,C1625,Clothing,1,23.76,0.2,1,0,4.0
O03334,2024-04-26,C0483,Sports & outdoors,1,66.2,0.2,3,0,3.0
O03335,2024-04-26,C1818,Toys,2,11.94,0.0,3,0,5.0
O03336,2024-04-26,C0158,Toys,2,59.03,0.2,4,0,5.0
O03337,2024-04-26,C0711,Home & kitchen,1,25.79,0.1,2,1,
O03338,2024-04-26,C1639,Toys,1,25.55,0.3,1,1,3.0
O03339,2024-04-26,C0338,Beauty,1,12.08,0.15,3,0,5.0
O03340,2024-04-26,C1396,Clothing,1,42.36,0.0,1,1,4.0
O03341,2024-04-26,C0736,Home & kitchen,1,82.85,0.1,1,0,5.0
O03342,2024-04-26,C0119,Sports & outdoors,3,30.85,0.05,2,0,5.0
O03343,2024-04-26,C0203,Electronics,1,92.64,0.15,1,0,5.0
O03344,2024-04-26,C1061,Toys,2,31.91,0.0,4,0,3.0
O03345,2024-04-26,C0264,Home & kitchen,4,74.09,0.05,6,0,3.0
O03346,2024-04-26,C0658,Beauty,3,19.76,0.0,6,0,5.0
O03347,2024-04-26,C1172,Electronics,1,192.31,0.15,4,0,5.0
O03348,2024-04-26,C1775,Electronics,1,1071.0,0.05,2,0,5.0
O03349,2024-04-26,C1152,Toys,1,28.97,0.0,1,0,5.0
O03350,2024-04-26,C0238,Electronics,1,99.03,0.0,3,1,3.0
O03351,2024-04-26,C0500,Home & kitchen,1,41.03,0.0,6,0,3.0
O03352,2024-04-26,C1565,Sports & outdoors,2,65.18,0.2,10,0,3.0
O03353,2024-04-26,C0492,Home & kitchen,3,38.76,0.3,6,1,2.0
O03354,2024-04-26,C0906,Beauty,2,18.61,0.0,3,0,5.0
O03355,2024-04-26,C0526,Electronics,1,133.81,0.1,10,0,5.0
O03356,2024-04-26,C1730,Electronics,2,315.96,0.05,4,0,5.0
O03357,2024-04-26,C0015,Electronics,2,209.19,0.0,1,0,5.0
O03358,2024-04-27,C0277,Books,1,17.85,0.2,2,0,
O03359,2024-04-27,C0511,Clothing,2,31.41,0.3,2,0,5.0
O03360,2024-04-27,C0408,Books,3,15.14,0.3,3,1,2.0
O03361,2024-04-27,C0412,Clothing,3,46.9,0.3,5,0,4.0
O03362,2024-04-27,C1673,Clothing,1,24.29,0.0,1,0,4.0
O03363,2024-04-27,C0197,Books,1,16.71,0.15,4,0,4.0
O03364,2024-04-27,C1757,Beauty,2,22.51,0.2,7,0,4.0
O03365,2024-04-27,C1050,Sports & outdoors,1,34.54,0.2,9,0,4.0
O03366,2024-04-27,C1169,Books,2,11.85,0.3,5,0,4.0
O03367,2024-04-27,C1309,Clothing,1,31.52,0.0,2,0,5.0
O03368,2024-04-27,C1649,Sports & outdoors,2,50.43,0.1,5,0,4.0
O03369,2024-04-27,C0587,Home & kitchen,1,21.57,0.0,3,0,4.0
O03370,2024-04-27,C0899,Toys,1,19.7,0.1,5,0,3.0
O03371,2024-04-27,C1719,Toys,2,38.08,0.0,1,0,5.0
O03372,2024-04-27,C1423,Clothing,3,102.03,0.2,2,0,3.0
O03373,2024-04-27,C0272,Clothing,1,44.8,0.3,7,0,4.0
O03374,2024-04-27,C1120,Home & kitchen,2,32.36,0.0,1,0,5.0
O03375,2024-04-27,C0622,Clothing,1,23.99,0.1,4,0,4.0
O03376,2024-04-27,C1620,Clothing,3,28.82,0.3,1,0,5.0
O03377,2024-04-27,C1457,Books,1,18.12,0.0,1,0,5.0
O03378,2024-04-27,C0657,Clothing,3,65.67,0.0,2,0,4.0
O03379,2024-04-27,C1507,Books,1,33.6,0.0,9,0,5.0
O03380,2024-04-27,C1447,Toys,1,15.93,0.1,2,0,5.0
O03381,2024-04-27,C0611,Electronics,3,183.38,0.0,5,0,3.0
O03382,2024-04-27,C1277,Toys,4,25.96,0.1,2,0,5.0
O03383,2024-04-27,C0281,Toys,2,35.8,0.0,2,0,5.0
O03384,2024-04-27,C0900,Electronics,1,487.79,0.2,1,0,5.0
O03385,2024-04-27,C1129,Books,1,20.05,0.15,2,0,4.0
O03386,2024-04-27,C1507,Sports & outdoors,2,85.5,0.05,5,0,5.0
O03387,2024-04-28,C1708,Home & kitchen,1,27.97,0.2,2,0,4.0
O03388,2024-04-28,C1002,Clothing,2,56.49,0.2,2,1,3.0
O03389,2024-04-28,C0056,Books,4,15.16,0.2,1,0,4.0
O03390,2024-04-28,C1769,Toys,4,22.95,0.1,2,0,3.0
O03391,2024-04-28,C1994,Electronics,2,457.19,0.3,1,0,5.0
O03392,2024-04-28,C0828,Beauty,1,10.22,0.1,1,0,5.0
O03393,2024-04-28,C1790,Beauty,1,29.25,0.2,1,0,5.0
O03394,2024-04-28,C0747,Home & kitchen,2,32.83,0.0,1,0,4.0
O03395,2024-04-28,C0696,Beauty,2,17.61,0.2,9,0,4.0
O03396,2024-04-28,C0225,Clothing,2,90.23,0.1,4,1,3.0
O03397,2024-04-28,C1641,Books,3,21.51,0.0,1,0,5.0
O03398,2024-04-28,C0462,Electronics,1,171.52,0.1,3,0,5.0
O03399,2024-04-28,C1286,Toys,2,19.51,0.0,1,0,5.0
O03400,2024-04-28,C1625,Clothing,1,52.46,0.3,3,0,4.0
O03401,2024-04-28,C0354,Books,2,19.49,0.1,2,0,
O03402,2024-04-28,C1690,Electronics,4,29.72,0.05,1,0,5.0
O03403,2024-04-28,C1368,Electronics,2,1557.0,0.2,6,1,3.0
O03404,2024-04-28,C1245,Books,2,10.22,0.15,8,0,4.0
O03405,2024-04-28,C0586,Home & kitchen,3,30.61,0.0,6,0,4.0
O03406,2024-04-28,C0634,Toys,1,33.81,0.1,3,0,4.0
O03407,2024-04-28,C0285,Beauty,1,19.97,0.2,5,0,5.0
O03408,2024-04-28,C0258,Clothing,1,35.38,0.05,3,0,4.0
O03409,2024-04-28,C0785,Home & kitchen,3,65.68,0.15,2,0,5.0
O03410,2024-04-28,C0052,Electronics,1,71.22,0.0,2,0,4.0
O03411,2024-04-28,C1499,Electronics,2,281.38,0.0,2,0,3.0
O03412,2024-04-28,C0937,Electronics,3,132.08,0.0,3,0,4.0
O03413,2024-04-28,C1205,Electronics,2,661.76,0.3,3,1,
O03414,2024-04-28,C1270,Beauty,3,21.47,0.2,3,0,5.0
O03415,2024-04-29,C1509,Sports & outdoors,3,44.21,0.0,2,0,5.0
O03416,2024-04-29,C1783,Books,2,19.21,0.3,4,1,3.0
O03417,2024-04-29,C0136,Clothing,4,36.24,0.0,3,0,4.0
O03418,2024-04-29,C1493,Home & kitchen,1,19.31,0.15,6,1,3.0
O03419,2024-04-29,C0374,Home & kitchen,2,50.76,0.3,1,0,5.0
O03420,2024-04-29,C0772,Books,2,18.63,0.0,3,0,4.0
O03421,2024-04-29,C0886,Sports & outdoors,1,132.63,0.1,1,0,5.0
O03422,2024-04-29,C0720,Clothing,4,23.65,0.0,3,0,4.0
O03423,2024-04-29,C1758,Clothing,1,108.18,0.3,2,1,3.0
O03424,2024-04-29,C0542,Beauty,2,18.32,0.1,7,0,4.0
O03425,2024-04-29,C1955,Electronics,4,474.8,0.2,8,0,5.0
O03426,2024-04-29,C0247,Books,3,9.01,0.15,1,0,5.0
O03427,2024-04-29,C0545,Books,3,12.77,0.2,5,0,5.0
O03428,2024-04-29,C1989,Books,1,9.28,0.0,7,0,4.0
O03429,2024-04-29,C0603,Clothing,2,18.14,0.2,5,0,4.0
O03430,2024-04-29,C0148,Clothing,2,62.95,0.05,5,0,4.0
O03431,2024-04-29,C0991,Books,1,13.53,0.2,6,0,4.0
O03432,2024-04-29,C1883,Books,4,14.0,0.3,3,0,5.0
O03433,2024-04-29,C0740,Home & kitchen,1,15.67,0.2,3,0,5.0
O03434,2024-04-29,C1174,Clothing,4,44.58,0.0,14,0,3.0
O03435,2024-04-29,C0475,Home & kitchen,2,89.94,0.2,6,0,4.0
O03436,2024-04-29,C0469,Toys,2,20.01,0.0,2,0,5.0
O03437,2024-04-29,C0098,Electronics,4,81.74,0.15,4,0,5.0
O03438,2024-04-30,C1477,Home & kitchen,1,35.42,0.2,6,0,5.0
O03439,2024-04-30,C1839,Books,3,13.5,0.3,1,1,4.0
O03440,2024-04-30,C0275,Electronics,1,574.29,0.2,2,0,5.0
O03441,2024-04-30,C0358,Toys,1,20.87,0.05,2,0,5.0
O03442,2024-04-30,C1244,Toys,2,19.08,0.2,1,0,4.0
O03443,2024-04-30,C1577,Home & kitchen,4,67.51,0.0,6,1,3.0
O03444,2024-04-30,C0384,Electronics,1,170.58,0.1,3,0,5.0
O03445,2024-04-30,C0275,Electronics,4,138.77,0.0,3,0,4.0
O03446,2024-04-30,C1325,Clothing,1,28.39,0.0,3,0,4.0
O03447,2024-04-30,C0748,Home & kitchen,3,22.07,0.0,7,0,
O03448,2024-04-30,C0292,Books,4,18.64,0.0,4,0,4.0
O03449,2024-04-30,C1861,Electronics,2,294.49,0.15,6,0,5.0
O03450,2024-04-30,C0013,Books,1,16.07,0.05,3,0,
O03451,2024-04-30,C1040,Clothing,2,38.85,0.1,3,0,5.0
O03452,2024-04-30,C0217,Home & kitchen,1,33.16,0.0,5,0,4.0
O03453,2024-04-30,C1782,Electronics,2,50.94,0.0,1,0,4.0
O03454,2024-04-30,C1855,Home & kitchen,1,30.72,0.0,4,0,4.0
O03455,2024-04-30,C1270,Sports & outdoors,2,91.12,0.3,5,0,4.0
O03456,2024-04-30,C1133,Clothing,1,37.13,0.3,6,1,3.0
O03457,2024-04-30,C1516,Clothing,4,38.42,0.3,9,0,3.0
O03458,2024-04-30,C0338,Beauty,4,27.16,0.1,1,0,5.0
O03459,2024-04-30,C0498,Electronics,1,124.67,0.0,3,0,5.0
O03460,2024-04-30,C0480,Electronics,1,50.7,0.1,11,0,2.0
O03461,2024-04-30,C1052,Beauty,1,29.69,0.0,3,0,4.0
O03462,2024-04-30,C1987,Home & kitchen,2,151.77,0.0,2,0,4.0
O03463,2024-04-30,C1833,Clothing,4,27.34,0.0,1,0,
O03464,2024-04-30,C0402,Electronics,1,396.32,0.15,2,1,4.0
O03465,2024-04-30,C0111,Electronics,1,306.93,0.0,1,0,5.0
O03466,2024-04-30,C1994,Beauty,1,34.43,0.0,3,0,5.0
O03467,2024-04-30,C0976,Sports & outdoors,2,46.94,0.2,8,1,3.0
O03468,2024-05-01,C1224,Toys,2,27.3,0.1,1,0,5.0
O03469,2024-05-01,C0678,Clothing,4,26.11,0.3,6,0,4.0
O03470,2024-05-01,C1626,Books,3,15.59,0.05,3,0,5.0
O03471,2024-05-01,C0269,Home & kitchen,2,38.54,0.0,4,0,5.0
O03472,2024-05-01,C0339,Electronics,3,648.15,0.2,2,0,5.0
O03473,2024-05-01,C0126,Sports & outdoors,4,81.58,0.3,4,0,5.0
O03474,2024-05-01,C0147,Clothing,1,46.62,0.0,2,0,5.0
O03475,2024-05-01,C0178,Toys,1,22.4,0.1,5,0,4.0
O03476,2024-05-01,C0428,Home & kitchen,2,35.43,0.1,2,0,5.0
O03477,2024-05-01,C1479,Beauty,1,23.85,0.2,4,0,5.0
O03478,2024-05-01,C0838,Beauty,1,42.83,0.1,5,0,3.0
O03479,2024-05-01,C1832,Sports & outdoors,2,33.46,0.0,1,0,5.0
O03480,2024-05-01,C1374,Books,2,16.49,0.0,1,0,4.0
O03481,2024-05-01,C0504,Clothing,2,29.5,0.0,3,0,4.0
O03482,2024-05-01,C1226,Books,1,20.29,0.05,11,1,2.0
O03483,2024-05-01,C0591,Books,3,16.12,0.0,1,0,5.0
O03484,2024-05-01,C0806,Toys,1,35.35,0.0,3,0,4.0
O03485,2024-05-01,C0849,Books,2,12.91,0.2,4,0,4.0
O03486,2024-05-01,C0829,Clothing,1,25.77,0.0,1,1,4.0
O03487,2024-05-01,C1770,Beauty,1,27.65,0.2,1,0,3.0
O03488,2024-05-01,C1349,Clothing,1,24.94,0.3,7,0,4.0
O03489,2024-05-01,C1490,Clothing,2,54.76,0.3,3,1,2.0
O03490,2024-05-01,C1625,Clothing,1,70.22,0.0,6,0,4.0
O03491,2024-05-01,C1911,Books,2,11.61,0.0,7,0,5.0
O03492,2024-05-01,C1853,Electronics,3,396.18,0.2,10,0,4.0
O03493,2024-05-01,C0196,Clothing,4,41.08,0.05,7,0,4.0
O03494,2024-05-01,C1752,Home & kitchen,2,20.45,0.05,3,0,3.0
O03495,2024-05-01,C0082,Beauty,4,16.16,0.0,3,0,5.0
O03496,2024-05-01,C1415,Clothing,1,25.08,0.3,3,0,5.0
O03497,2024-05-01,C0642,Home & kitchen,1,60.68,0.1,1,0,4.0
O03498,2024-05-02,C0660,Clothing,2,43.23,0.2,1,0,5.0
O03499,2024-05-02,C1343,Home & kitchen,2,52.73,0.0,2,0,4.0
O03500,2024-05-02,C1499,Books,1,22.62,0.1,1,0,5.0
O03501,2024-05-02,C0667,Home & kitchen,1,34.74,0.15,3,0,4.0
O03502,2024-05-02,C0316,Books,2,7.86,0.2,4,0,4.0
O03503,2024-05-02,C0138,Clothing,4,23.74,0.0,2,0,4.0
O03504,2024-05-02,C1806,Books,3,10.51,0.1,2,0,3.0
O03505,2024-05-02,C0703,Toys,3,12.66,0.15,1,0,
O03506,2024-05-02,C0995,Beauty,1,52.41,0.2,4,0,4.0
O03507,2024-05-02,C1598,Clothing,1,20.06,0.05,3,0,5.0
O03508,2024-05-02,C0467,Home & kitchen,1,68.03,0.0,3,0,5.0
O03509,2024-05-02,C1898,Electronics,2,121.73,0.0,5,0,5.0
O03510,2024-05-02,C0700,Clothing,4,28.36,0.3,8,0,4.0
O03511,2024-05-02,C0627,Home & kitchen,2,47.1,0.0,1,1,3.0
O03512,2024-05-02,C0467,Electronics,4,860.76,0.2,3,0,3.0
O03513,2024-05-02,C0113,Home & kitchen,3,50.87,0.2,8,0,4.0
O03514,2024-05-02,C1310,Beauty,1,30.34,0.2,2,0,5.0
O03515,2024-05-02,C1325,Electronics,4,196.92,0.05,4,0,4.0
O03516,2024-05-02,C0270,Home & kitchen,1,64.37,0.1,1,0,5.0
O03517,2024-05-02,C0627,Electronics,4,323.0,0.15,4,0,5.0
O03518,2024-05-02,C1780,Clothing,4,13.65,0.0,2,0,5.0
O03519,2024-05-02,C0393,Beauty,1,48.46,0.15,1,0,4.0
O03520,2024-05-02,C1615,Books,4,21.42,0.15,2,0,4.0
O03521,2024-05-02,C1361,Electronics,1,193.6,0.0,3,0,5.0
O03522,2024-05-02,C0848,Electronics,1,97.9,0.2,1,0,5.0
O03523,2024-05-02,C1533,Beauty,4,14.09,0.0,6,0,5.0
O03524,2024-05-02,C1449,Home & kitchen,2,44.33,0.0,4,0,4.0
O03525,2024-05-02,C0104,Clothing,2,33.68,0.2,1,0,4.0
O03526,2024-05-02,C0235,Toys,1,51.28,0.0,1,0,5.0
O03527,2024-05-02,C0045,Books,1,13.75,0.0,1,0,5.0
O03528,2024-05-02,C1047,Sports & outdoors,2,40.16,0.3,8,0,4.0
O03529,2024-05-02,C1590,Books,1,9.3,0.0,7,0,4.0
O03530,2024-05-02,C1707,Clothing,1,45.63,0.05,4,0,4.0
O03531,2024-05-03,C1445,Clothing,2,36.37,0.1,3,0,5.0
O03532,2024-05-03,C0739,Electronics,2,122.44,0.05,1,1,
O03533,2024-05-03,C1182,Beauty,2,15.42,0.3,10,1,
O03534,2024-05-03,C0202,Home & kitchen,4,24.81,0.3,5,0,3.0
O03535,2024-05-03,C1685,Home & kitchen,1,87.7,0.0,1,0,5.0
O03536,2024-05-03,C1998,Clothing,2,26.73,0.05,6,0,3.0
O03537,2024-05-03,C1150,Sports & outdoors,1,22.35,0.1,3,0,4.0
O03538,2024-05-03,C1024,Toys,1,11.84,0.05,1,0,3.0
O03539,2024-05-03,C0859,Home & kitchen,2,64.29,0.0,1,0,4.0
O03540,2024-05-03,C1079,Clothing,4,9.72,0.05,2,0,5.0
O03541,2024-05-03,C0925,Beauty,2,26.15,0.0,3,0,4.0
O03542,2024-05-03,C1405,Clothing,2,16.15,0.15,2,1,3.0
O03543,2024-05-03,C0665,Sports & outdoors,3,43.49,0.05,5,0,4.0
O03544,2024-05-03,C1339,Books,1,17.46,0.0,1,0,5.0
O03545,2024-05-03,C0121,Beauty,2,24.73,0.0,1,0,5.0
O03546,2024-05-03,C1193,Home & kitchen,2,27.47,0.1,2,0,5.0
O03547,2024-05-03,C0195,Beauty,2,13.83,0.15,9,0,4.0
O03548,2024-05-03,C1020,Home & kitchen,4,136.1,0.2,5,0,4.0
O03549,2024-05-03,C1020,Books,3,9.63,0.0,5,0,
O03550,2024-05-03,C0121,Home & kitchen,3,21.94,0.2,6,0,5.0
O03551,2024-05-03,C0975,Toys,4,8.62,0.05,4,0,
O03552,2024-05-03,C0563,Clothing,2,21.46,0.0,2,0,5.0
O03553,2024-05-03,C0278,Clothing,1,34.04,0.0,2,0,5.0
O03554,2024-05-03,C1766,Beauty,4,22.02,0.15,2,0,4.0
O03555,2024-05-03,C1953,Electronics,1,131.48,0.1,2,0,5.0
O03556,2024-05-03,C1364,Electronics,2,67.69,0.0,9,0,3.0
O03557,2024-05-03,C0098,Toys,1,29.05,0.1,6,0,3.0
O03558,2024-05-03,C1852,Electronics,1,157.74,0.15,1,1,4.0
O03559,2024-05-03,C1432,Beauty,2,15.92,0.0,7,0,3.0
O03560,2024-05-03,C1699,Beauty,4,19.08,0.15,5,0,4.0
O03561,2024-05-03,C1852,Clothing,2,54.06,0.05,2,0,5.0
O03562,2024-05-03,C1770,Clothing,4,22.86,0.0,7,0,5.0
O03563,2024-05-03,C0701,Beauty,1,35.66,0.15,2,0,5.0
O03564,2024-05-03,C1131,Clothing,4,27.99,0.3,5,1,
O03565,2024-05-03,C0691,Clothing,4,50.75,0.3,1,0,5.0
O03566,2024-05-03,C1680,Beauty,2,15.88,0.2,2,0,5.0
O03567,2024-05-04,C0226,Electronics,1,68.2,0.3,2,0,5.0
O03568,2024-05-04,C1394,Home & kitchen,2,22.27,0.0,2,0,5.0
O03569,2024-05-04,C0804,Toys,3,11.75,0.0,4,0,3.0
O03570,2024-05-04,C1119,Books,2,14.65,0.15,1,0,4.0
O03571,2024-05-04,C1302,Beauty,3,17.95,0.15,1,0,5.0
O03572,2024-05-04,C0590,Sports & outdoors,1,97.2,0.1,5,0,4.0
O03573,2024-05-04,C0406,Beauty,1,18.52,0.1,1,0,5.0
O03574,2024-05-04,C0632,Beauty,1,13.69,0.0,3,0,4.0
O03575,2024-05-04,C1866,Books,1,11.45,0.0,4,0,5.0
O03576,2024-05-04,C1884,Books,3,12.48,0.0,3,0,5.0
O03577,2024-05-04,C0421,Electronics,2,187.34,0.2,4,0,5.0
O03578,2024-05-04,C0975,Toys,2,29.56,0.15,2,0,5.0
O03579,2024-05-04,C1516,Electronics,2,72.34,0.1,4,0,5.0
O03580,2024-05-04,C1590,Beauty,1,18.67,0.0,3,0,5.0
O03581,2024-05-04,C0867,Clothing,4,25.54,0.0,3,0,4.0
O03582,2024-05-04,C1465,Home & kitchen,1,49.68,0.05,1,0,5.0
O03583,2024-05-04,C0970,Home & kitchen,4,37.97,0.0,1,0,5.0
O03584,2024-05-04,C1829,Clothing,2,100.31,0.0,5,0,4.0
O03585,2024-05-04,C0054,Books,1,8.08,0.0,3,0,5.0
O03586,2024-05-04,C1100,Sports & outdoors,1,45.41,0.3,3,0,4.0
O03587,2024-05-04,C0292,Books,3,10.52,0.0,1,0,4.0
O03588,2024-05-04,C1304,Toys,2,23.47,0.05,9,0,3.0
O03589,2024-05-04,C0138,Books,1,10.72,0.0,3,0,5.0
O03590,2024-05-04,C0884,Home & kitchen,4,80.22,0.15,2,0,5.0
O03591,2024-05-04,C0831,Electronics,2,269.01,0.0,5,0,4.0
O03592,2024-05-04,C1287,Clothing,1,43.1,0.0,3,0,4.0
O03593,2024-05-04,C0074,Toys,1,54.45,0.1,2,0,4.0
O03594,2024-05-04,C1271,Beauty,1,18.73,0.0,5,0,4.0
O03595,2024-05-04,C0319,Toys,3,53.39,0.0,5,0,4.0
O03596,2024-05-04,C1306,Beauty,4,44.86,0.0,6,0,4.0
O03597,2024-05-04,C0207,Sports & outdoors,2,19.96,0.15,4,0,4.0
O03598,2024-05-04,C1306,Books,1,17.09,0.3,9,0,4.0
O03599,2024-05-05,C0672,Sports & outdoors,2,46.85,0.2,5,0,4.0
O03600,2024-05-05,C0063,Clothing,1,8.13,0.2,2,0,3.0
O03601,2024-05-05,C0167,Sports & outdoors,3,86.78,0.2,4,0,5.0
O03602,2024-05-05,C0909,Clothing,4,64.04,0.15,4,0,5.0
O03603,2024-05-05,C0702,Toys,1,38.56,0.2,1,0,5.0
O03604,2024-05-05,C1732,Beauty,1,45.64,0.0,1,0,5.0
O03605,2024-05-05,C1722,Beauty,3,21.2,0.05,5,0,3.0
O03606,2024-05-05,C0408,Clothing,1,23.62,0.1,4,0,4.0
O03607,2024-05-05,C1241,Home & kitchen,1,47.14,0.0,4,0,5.0
O03608,2024-05-05,C1565,Toys,1,26.29,0.0,2,0,5.0
O03609,2024-05-05,C0402,Clothing,2,10.7,0.05,1,0,4.0
O03610,2024-05-05,C1179,Beauty,2,20.35,0.15,2,0,5.0
O03611,2024-05-05,C0701,Clothing,1,53.54,0.2,1,1,4.0
O03612,2024-05-05,C0657,Clothing,2,16.58,0.15,4,0,5.0
O03613,2024-05-05,C1435,Electronics,2,178.72,0.3,2,0,4.0
O03614,2024-05-05,C1873,Electronics,1,152.15,0.0,8,0,4.0
O03615,2024-05-05,C1465,Clothing,1,45.19,0.0,6,0,5.0
O03616,2024-05-05,C0944,Electronics,2,88.39,0.1,2,0,5.0
O03617,2024-05-05,C0085,Books,1,23.22,0.0,1,0,4.0
O03618,2024-05-05,C1542,Books,3,10.13,0.1,1,0,4.0
O03619,2024-05-05,C0476,Home & kitchen,1,17.68,0.0,6,0,4.0
O03620,2024-05-05,C1648,Electronics,1,87.08,0.05,1,0,4.0
O03621,2024-05-05,C1284,Toys,4,40.17,0.15,2,0,5.0
O03622,2024-05-05,C1191,Beauty,3,19.1,0.0,3,0,4.0
O03623,2024-05-05,C1655,Clothing,1,53.86,0.2,3,0,5.0
O03624,2024-05-05,C1001,Toys,2,10.86,0.0,4,0,5.0
O03625,2024-05-05,C1609,Home & kitchen,1,45.38,0.05,2,0,5.0
O03626,2024-05-05,C0507,Clothing,1,43.03,0.2,2,0,5.0
O03627,2024-05-05,C1528,Electronics,2,173.27,0.2,4,1,3.0
O03628,2024-05-05,C1556,Books,1,12.49,0.0,1,0,4.0
O03629,2024-05-05,C1143,Clothing,1,42.36,0.15,1,0,5.0
O03630,2024-05-06,C0861,Home & kitchen,1,89.75,0.3,3,0,5.0
O03631,2024-05-06,C1044,Toys,1,20.6,0.3,4,0,
O03632,2024-05-06,C0500,Toys,2,19.41,0.2,2,0,3.0
O03633,2024-05-06,C0310,Books,1,11.7,0.3,1,0,4.0
O03634,2024-05-06,C1730,Clothing,1,23.6,0.0,2,0,
O03635,2024-05-06,C1900,Electronics,2,232.45,0.0,4,0,5.0
O03636,2024-05-06,C0162,Clothing,3,36.62,0.05,5,0,4.0
O03637,2024-05-06,C0773,Home & kitchen,1,44.04,0.15,5,0,4.0
O03638,2024-05-06,C1429,Sports & outdoors,1,33.92,0.2,2,0,4.0
O03639,2024-05-06,C0366,Clothing,1,42.27,0.2,2,1,5.0
O03640,2024-05-06,C0525,Clothing,1,20.59,0.15,4,0,4.0
O03641,2024-05-06,C0349,Home & kitchen,3,77.97,0.0,4,0,5.0
O03642,2024-05-06,C1164,Toys,1,36.68,0.2,3,0,5.0
O03643,2024-05-06,C1082,Home & kitchen,2,32.63,0.0,1,0,4.0
O03644,2024-05-06,C0058,Beauty,1,18.11,0.0,3,0,4.0
O03645,2024-05-06,C1412,Clothing,1,81.36,0.0,4,0,4.0
O03646,2024-05-06,C0405,Home & kitchen,4,57.79,0.3,3,1,4.0
O03647,2024-05-06,C1461,Books,4,10.31,0.0,1,0,4.0
O03648,2024-05-06,C0497,Electronics,3,619.63,0.3,9,0,
O03649,2024-05-06,C0366,Electronics,1,81.98,0.3,2,0,5.0
O03650,2024-05-06,C1792,Toys,1,25.24,0.05,13,0,2.0
O03651,2024-05-06,C0342,Beauty,2,14.57,0.3,4,0,4.0
O03652,2024-05-06,C1198,Beauty,1,40.01,0.0,2,0,5.0
O03653,2024-05-06,C1576,Electronics,3,319.04,0.0,6,0,4.0
O03654,2024-05-06,C1563,Clothing,3,39.5,0.0,1,0,5.0
O03655,2024-05-06,C1794,Toys,2,9.1,0.2,2,0,4.0
O03656,2024-05-06,C0835,Clothing,3,45.23,0.0,2,0,4.0
O03657,2024-05-06,C0965,Beauty,1,31.69,0.2,5,0,5.0
O03658,2024-05-06,C1116,Clothing,1,17.43,0.05,4,0,3.0
O03659,2024-05-06,C1307,Clothing,1,36.75,0.05,2,0,5.0
O03660,2024-05-07,C1215,Beauty,1,22.72,0.0,6,1,3.0
O03661,2024-05-07,C1631,Home & kitchen,1,24.2,0.05,10,0,3.0
O03662,2024-05-07,C1577,Books,2,16.22,0.3,1,0,5.0
O03663,2024-05-07,C0237,Toys,2,21.1,0.0,1,0,4.0
O03664,2024-05-07,C1415,Books,4,14.28,0.0,2,0,5.0
O03665,2024-05-07,C1081,Books,1,10.34,0.2,5,0,5.0
O03666,2024-05-07,C1213,Clothing,2,35.22,0.1,5,0,5.0
O03667,2024-05-07,C0990,Sports & outdoors,2,43.39,0.3,3,1,
O03668,2024-05-07,C0833,Toys,1,38.7,0.0,5,0,5.0
O03669,2024-05-07,C0017,Books,2,14.83,0.0,3,0,4.0
O03670,2024-05-07,C0918,Sports & outdoors,1,34.4,0.05,9,0,4.0
O03671,2024-05-07,C0324,Sports & outdoors,2,136.85,0.2,2,1,3.0
O03672,2024-05-07,C0654,Books,1,18.61,0.0,6,0,3.0
O03673,2024-05-07,C1815,Beauty,3,21.11,0.2,4,0,5.0
O03674,2024-05-07,C0677,Beauty,1,10.27,0.0,7,0,4.0
O03675,2024-05-07,C1069,Books,3,13.27,0.0,4,1,3.0
O03676,2024-05-07,C1288,Toys,4,24.2,0.15,1,0,5.0
O03677,2024-05-07,C1411,Clothing,3,46.75,0.2,4,0,4.0
O03678,2024-05-07,C1899,Sports & outdoors,1,54.95,0.0,2,0,4.0
O03679,2024-05-07,C1313,Books,1,9.69,0.1,2,0,4.0
O03680,2024-05-07,C1035,Clothing,1,48.87,0.15,4,1,3.0
O03681,2024-05-07,C1447,Home & kitchen,1,72.93,0.0,3,0,
O03682,2024-05-07,C1939,Sports & outdoors,2,104.94,0.0,2,0,5.0
O03683,2024-05-07,C0944,Electronics,1,236.55,0.0,2,0,4.0
O03684,2024-05-07,C0351,Sports & outdoors,2,59.11,0.05,9,0,4.0
O03685,2024-05-07,C0566,Electronics,2,161.35,0.15,4,0,4.0
O03686,2024-05-07,C0653,Electronics,1,1380.63,0.0,4,0,
O03687,2024-05-07,C0048,Home & kitchen,1,27.57,0.0,1,0,
O03688,2024-05-07,C0840,Electronics,1,305.77,0.1,2,0,4.0
O03689,2024-05-07,C1916,Books,2,15.11,0.15,8,0,4.0
O03690,2024-05-08,C0266,Toys,1,15.05,0.0,5,0,4.0
O03691,2024-05-08,C0258,Sports & outdoors,2,182.45,0.0,3,0,5.0
O03692,2024-05-08,C1221,Beauty,2,26.0,0.3,3,0,4.0
O03693,2024-05-08,C1041,Beauty,4,26.31,0.0,2,0,4.0
O03694,2024-05-08,C1832,Books,2,11.33,0.05,1,0,5.0
O03695,2024-05-08,C1252,Books,3,9.17,0.0,2,0,5.0
O03696,2024-05-08,C0232,Home & kitchen,3,107.03,0.0,3,0,5.0
O03697,2024-05-08,C1626,Books,4,10.64,0.0,5,0,5.0
O03698,2024-05-08,C1694,Electronics,4,119.09,0.15,2,0,5.0
O03699,2024-05-08,C0872,Electronics,4,102.27,0.0,2,0,5.0
O03700,2024-05-08,C0305,Home & kitchen,4,28.82,0.0,3,0,3.0
O03701,2024-05-08,C0118,Books,4,6.92,0.05,7,0,3.0
O03702,2024-05-08,C1406,Toys,1,31.93,0.2,5,0,3.0
O03703,2024-05-08,C1058,Beauty,4,27.25,0.1,10,0,3.0
O03704,2024-05-08,C1678,Books,2,15.8,0.15,3,0,5.0
O03705,2024-05-08,C1429,Beauty,2,13.53,0.05,1,0,5.0
O03706,2024-05-08,C1909,Beauty,1,24.43,0.0,5,0,4.0
O03707,2024-05-08,C1455,Home & kitchen,3,66.1,0.0,5,0,5.0
O03708,2024-05-08,C0890,Sports & outdoors,1,84.93,0.0,4,0,5.0
O03709,2024-05-08,C0912,Sports & outdoors,1,136.18,0.15,6,0,5.0
O03710,2024-05-08,C1424,Sports & outdoors,3,129.01,0.0,4,0,4.0
O03711,2024-05-08,C1637,Home & kitchen,4,39.59,0.0,1,0,5.0
O03712,2024-05-08,C1262,Electronics,2,192.47,0.0,1,0,4.0
O03713,2024-05-08,C0614,Sports & outdoors,1,70.19,0.05,3,0,4.0
O03714,2024-05-08,C0128,Sports & outdoors,2,141.96,0.1,1,0,5.0
O03715,2024-05-08,C0004,Beauty,4,18.35,0.2,1,1,3.0
O03716,2024-05-08,C1942,Home & kitchen,2,88.49,0.1,3,1,3.0
O03717,2024-05-09,C0249,Clothing,3,10.54,0.3,2,0,4.0
O03718,2024-05-09,C0032,Sports & outdoors,1,40.15,0.1,1,0,5.0
O03719,2024-05-09,C1082,Books,2,17.81,0.15,4,0,4.0
O03720,2024-05-09,C1539,Sports & outdoors,2,28.18,0.15,3,0,4.0
O03721,2024-05-09,C1181,Books,1,14.03,0.0,2,0,5.0
O03722,2024-05-09,C1647,Clothing,3,43.91,0.0,5,0,5.0
O03723,2024-05-09,C1438,Sports & outdoors,2,80.45,0.0,3,0,4.0
O03724,2024-05-09,C0183,Toys,1,24.77,0.1,5,0,4.0
O03725,2024-05-09,C1771,Home & kitchen,4,42.15,0.0,5,0,5.0
O03726,2024-05-09,C1675,Toys,1,18.86,0.3,10,0,3.0
O03727,2024-05-09,C1594,Clothing,2,27.41,0.05,5,0,5.0
O03728,2024-05-09,C0455,Sports & outdoors,2,12.27,0.05,2,1,3.0
O03729,2024-05-09,C0936,Sports & outdoors,2,60.35,0.0,3,0,5.0
O03730,2024-05-09,C0706,Clothing,3,16.21,0.0,4,1,3.0
O03731,2024-05-09,C1247,Books,4,16.01,0.2,4,0,3.0
O03732,2024-05-09,C1621,Beauty,2,27.55,0.1,2,0,5.0
O03733,2024-05-09,C0733,Toys,1,11.55,0.2,1,0,4.0
O03734,2024-05-09,C0400,Clothing,1,17.23,0.2,2,1,3.0
O03735,2024-05-09,C0323,Clothing,1,84.86,0.3,2,1,3.0
O03736,2024-05-09,C0807,Home & kitchen,1,23.92,0.05,1,0,4.0
O03737,2024-05-09,C1681,Electronics,1,104.83,0.15,2,0,5.0
O03738,2024-05-09,C1041,Sports & outdoors,1,66.48,0.05,7,0,4.0
O03739,2024-05-09,C0576,Home & kitchen,3,56.62,0.2,9,0,5.0
O03740,2024-05-09,C0727,Home & kitchen,2,81.74,0.05,3,0,
O03741,2024-05-09,C0712,Home & kitchen,1,37.99,0.3,3,1,2.0
O03742,2024-05-09,C0472,Electronics,1,149.16,0.2,1,0,5.0
O03743,2024-05-09,C0316,Books,2,15.92,0.0,3,0,5.0
O03744,2024-05-10,C0118,Electronics,3,132.92,0.0,3,1,4.0
O03745,2024-05-10,C1686,Electronics,2,77.47,0.0,2,0,5.0
O03746,2024-05-10,C0188,Books,1,10.43,0.0,2,0,5.0
O03747,2024-05-10,C0970,Clothing,1,34.69,0.1,2,0,5.0
O03748,2024-05-10,C0280,Electronics,4,80.48,0.3,6,0,3.0
O03749,2024-05-10,C1831,Toys,4,38.36,0.0,2,0,4.0
O03750,2024-05-10,C1329,Beauty,2,20.74,0.3,5,1,4.0
O03751,2024-05-10,C1673,Home & kitchen,1,26.85,0.2,2,1,3.0
O03752,2024-05-10,C0588,Electronics,2,53.24,0.0,9,0,4.0
O03753,2024-05-10,C1430,Clothing,4,65.66,0.05,4,0,4.0
O03754,2024-05-10,C0359,Home & kitchen,1,138.52,0.15,3,0,5.0
O03755,2024-05-10,C0204,Electronics,2,217.86,0.0,7,0,3.0
O03756,2024-05-10,C0395,Books,2,17.3,0.1,3,0,5.0
O03757,2024-05-10,C0453,Clothing,1,15.63,0.1,2,1,3.0
O03758,2024-05-10,C1257,Books,1,16.08,0.2,2,0,5.0
O03759,2024-05-10,C1983,Clothing,3,26.03,0.3,6,0,5.0
O03760,2024-05-10,C1575,Home & kitchen,1,44.24,0.0,8,0,3.0
O03761,2024-05-10,C0957,Toys,2,16.83,0.1,2,0,5.0
O03762,2024-05-10,C0530,Sports & outdoors,1,27.63,0.0,4,0,5.0
O03763,2024-05-10,C1783,Clothing,3,30.76,0.0,6,0,4.0
O03764,2024-05-10,C0636,Home & kitchen,4,33.08,0.3,6,0,5.0
O03765,2024-05-10,C0555,Clothing,3,37.2,0.2,4,0,5.0
O03766,2024-05-10,C0575,Clothing,1,19.53,0.1,2,0,5.0
O03767,2024-05-10,C1287,Books,1,16.55,0.0,4,0,5.0
O03768,2024-05-10,C0220,Sports & outdoors,1,42.04,0.0,1,0,4.0
O03769,2024-05-10,C1035,Books,3,11.7,0.0,2,0,5.0
O03770,2024-05-10,C1898,Toys,1,7.24,0.2,7,0,4.0
O03771,2024-05-10,C0472,Books,2,7.88,0.3,2,0,5.0
O03772,2024-05-10,C0367,Beauty,2,16.07,0.1,4,0,5.0
O03773,2024-05-10,C1402,Clothing,1,23.61,0.1,6,0,4.0
O03774,2024-05-10,C1495,Sports & outdoors,1,105.91,0.05,1,0,5.0
O03775,2024-05-10,C0561,Beauty,2,28.13,0.0,7,0,5.0
O03776,2024-05-10,C0586,Home & kitchen,1,52.24,0.3,6,0,4.0
O03777,2024-05-10,C1170,Toys,2,20.85,0.05,4,0,
O03778,2024-05-10,C1591,Books,1,16.12,0.0,4,0,4.0
O03779,2024-05-11,C0167,Home & kitchen,2,46.04,0.1,4,0,4.0
O03780,2024-05-11,C0961,Books,2,11.25,0.0,1,0,4.0
O03781,2024-05-11,C1007,Clothing,3,24.07,0.0,1,0,5.0
O03782,2024-05-11,C1214,Toys,1,22.13,0.15,2,0,5.0
O03783,2024-05-11,C1617,Beauty,4,19.63,0.15,3,0,4.0
O03784,2024-05-11,C0586,Clothing,1,72.1,0.2,2,0,4.0
O03785,2024-05-11,C0567,Home & kitchen,1,19.78,0.0,1,0,5.0
O03786,2024-05-11,C1114,Home & kitchen,3,36.34,0.0,2,0,4.0
O03787,2024-05-11,C0774,Electronics,1,66.2,0.0,1,0,4.0
O03788,2024-05-11,C1607,Clothing,1,22.02,0.3,5,0,5.0
O03789,2024-05-11,C0320,Electronics,2,190.02,0.0,2,0,
O03790,2024-05-11,C1885,Beauty,2,13.39,0.15,3,0,4.0
O03791,2024-05-11,C0074,Clothing,2,22.74,0.1,2,0,3.0
O03792,2024-05-11,C0930,Beauty,3,13.25,0.0,5,0,5.0
O03793,2024-05-11,C0266,Clothing,1,26.65,0.3,4,0,5.0
O03794,2024-05-11,C0508,Books,2,10.33,0.0,3,0,5.0
O03795,2024-05-11,C0541,Beauty,3,14.57,0.3,2,0,4.0
O03796,2024-05-11,C0965,Clothing,4,42.98,0.0,1,0,5.0
O03797,2024-05-11,C0334,Electronics,2,73.4,0.15,3,0,5.0
O03798,2024-05-11,C0191,Electronics,1,161.33,0.1,3,0,4.0
O03799,2024-05-11,C1236,Clothing,1,16.15,0.05,5,0,
O03800,2024-05-11,C0305,Toys,4,8.99,0.3,3,1,3.0
O03801,2024-05-11,C0602,Toys,1,11.98,0.0,4,0,4.0
O03802,2024-05-11,C0019,Beauty,4,12.49,0.0,3,1,3.0
O03803,2024-05-11,C1322,Electronics,2,407.14,0.0,1,0,5.0
O03804,2024-05-11,C0035,Clothing,2,52.85,0.15,4,0,4.0
O03805,2024-05-11,C1846,Home & kitchen,1,52.18,0.0,8,0,4.0
O03806,2024-05-11,C1709,Books,4,10.05,0.0,1,0,5.0
O03807,2024-05-11,C0066,Toys,1,19.74,0.3,1,0,4.0
O03808,2024-05-11,C1867,Sports & outdoors,4,53.67,0.1,4,0,3.0
O03809,2024-05-11,C0342,Home & kitchen,1,51.91,0.0,4,0,5.0
O03810,2024-05-11,C0733,Toys,2,20.32,0.0,1,0,5.0
O03811,2024-05-11,C1773,Books,2,14.65,0.05,4,0,4.0
O03812,2024-05-12,C0455,Sports & outdoors,3,36.77,0.0,3,0,4.0
O03813,2024-05-12,C0078,Clothing,2,56.39,0.15,3,1,1.0
O03814,2024-05-12,C0762,Sports & outdoors,1,76.07,0.2,9,0,3.0
O03815,2024-05-12,C0907,Home & kitchen,1,62.96,0.05,3,0,5.0
O03816,2024-05-12,C1178,Electronics,1,148.29,0.05,4,0,5.0
O03817,2024-05-12,C0470,Clothing,1,29.6,0.15,5,0,4.0
O03818,2024-05-12,C1565,Home & kitchen,1,121.17,0.15,1,0,
O03819,2024-05-12,C0425,Clothing,4,58.84,0.1,2,0,
O03820,2024-05-12,C1095,Toys,2,51.36,0.0,1,0,4.0
O03821,2024-05-12,C0643,Electronics,1,99.75,0.0,5,0,4.0
O03822,2024-05-12,C0253,Beauty,4,26.58,0.15,1,1,4.0
O03823,2024-05-12,C0814,Beauty,2,12.4,0.15,1,0,5.0
O03824,2024-05-12,C0175,Beauty,2,55.01,0.0,3,0,5.0
O03825,2024-05-12,C1097,Books,1,13.66,0.0,3,0,4.0
O03826,2024-05-12,C1770,Books,4,17.08,0.2,2,1,4.0
O03827,2024-05-12,C1790,Clothing,2,18.08,0.15,6,0,5.0
O03828,2024-05-12,C1004,Books,2,14.6,0.05,1,0,4.0
O03829,2024-05-12,C0587,Clothing,1,10.83,0.2,1,0,5.0
O03830,2024-05-12,C0329,Sports & outdoors,1,63.1,0.0,4,0,5.0
O03831,2024-05-12,C0133,Toys,4,19.51,0.0,1,0,5.0
O03832,2024-05-12,C0916,Home & kitchen,1,66.26,0.0,1,0,3.0
O03833,2024-05-12,C1271,Electronics,2,254.86,0.05,5,0,4.0
O03834,2024-05-12,C0423,Home & kitchen,3,49.31,0.2,6,0,4.0
O03835,2024-05-12,C1563,Clothing,4,30.83,0.0,5,0,5.0
O03836,2024-05-12,C1186,Toys,1,43.02,0.0,4,0,5.0
O03837,2024-05-12,C0926,Electronics,1,69.0,0.0,3,1,4.0
O03838,2024-05-12,C0691,Home & kitchen,2,53.34,0.3,3,1,3.0
O03839,2024-05-12,C0829,Home & kitchen,2,23.36,0.0,2,1,4.0
O03840,2024-05-13,C1932,Sports & outdoors,4,45.81,0.15,3,0,4.0
O03841,2024-05-13,C1519,Clothing,2,35.87,0.1,4,0,4.0
O03842,2024-05-13,C0907,Electronics,2,198.14,0.1,4,1,5.0
O03843,2024-05-13,C0355,Beauty,1,34.53,0.1,6,0,4.0
O03844,2024-05-13,C1279,Home & kitchen,4,77.19,0.15,2,0,4.0
O03845,2024-05-13,C0448,Home & kitchen,1,69.6,0.2,3,0,5.0
O03846,2024-05-13,C0980,Home & kitchen,3,72.49,0.3,2,0,4.0
O03847,2024-05-13,C1682,Clothing,3,48.88,0.05,8,0,4.0
O03848,2024-05-13,C1339,Home & kitchen,4,19.81,0.0,2,0,5.0
O03849,2024-05-13,C1243,Clothing,2,26.27,0.05,5,0,4.0
O03850,2024-05-13,C0506,Home & kitchen,1,49.81,0.0,7,0,3.0
O03851,2024-05-13,C1891,Electronics,1,134.86,0.0,6,0,4.0
O03852,2024-05-13,C1430,Electronics,3,405.77,0.15,1,0,
O03853,2024-05-13,C1328,Home & kitchen,1,34.56,0.15,1,0,5.0
O03854,2024-05-13,C1448,Beauty,3,21.74,0.3,4,0,4.0
O03855,2024-05-13,C0529,Beauty,1,13.78,0.1,2,0,5.0
O03856,2024-05-13,C1448,Toys,2,12.0,0.0,1,0,5.0
O03857,2024-05-13,C1056,Books,3,13.34,0.1,1,0,5.0
O03858,2024-05-13,C1347,Home & kitchen,2,22.1,0.05,2,0,
O03859,2024-05-13,C0300,Toys,2,17.99,0.0,6,0,4.0
O03860,2024-05-13,C0057,Sports & outdoors,4,120.29,0.15,3,0,5.0
O03861,2024-05-14,C0564,Toys,1,35.67,0.0,1,0,4.0
O03862,2024-05-14,C1109,Sports & outdoors,1,40.78,0.1,2,0,4.0
O03863,2024-05-14,C1733,Books,4,9.89,0.15,5,0,5.0
O03864,2024-05-14,C0980,Toys,1,26.12,0.05,6,1,3.0
O03865,2024-05-14,C0232,Electronics,1,181.93,0.3,6,0,4.0
O03866,2024-05-14,C0880,Toys,2,43.02,0.05,3,0,4.0
O03867,2024-05-14,C1926,Clothing,1,18.13,0.0,3,0,4.0
O03868,2024-05-14,C1230,Electronics,2,521.94,0.0,3,0,4.0
O03869,2024-05-14,C0964,Clothing,1,41.37,0.0,1,0,5.0
O03870,2024-05-14,C0026,Toys,1,29.54,0.15,1,0,5.0
O03871,2024-05-14,C1956,Home & kitchen,1,72.69,0.0,12,0,2.0
O03872,2024-05-14,C0659,Beauty,1,30.2,0.05,3,0,5.0
O03873,2024-05-14,C0600,Home & kitchen,3,27.02,0.0,8,0,3.0
O03874,2024-05-14,C0921,Clothing,1,36.31,0.3,3,0,5.0
O03875,2024-05-14,C0790,Clothing,1,41.2,0.05,2,1,4.0
O03876,2024-05-14,C0131,Clothing,3,22.8,0.3,2,1,2.0
O03877,2024-05-14,C2000,Sports & outdoors,3,96.26,0.3,2,0,4.0
O03878,2024-05-14,C0999,Electronics,2,390.77,0.15,5,0,4.0
O03879,2024-05-14,C1971,Home & kitchen,3,26.35,0.3,1,0,4.0
O03880,2024-05-14,C0983,Home & kitchen,2,57.41,0.05,1,0,5.0
O03881,2024-05-14,C1251,Clothing,1,40.98,0.0,9,1,1.0
O03882,2024-05-14,C1943,Electronics,2,260.75,0.2,1,0,5.0
O03883,2024-05-14,C0752,Clothing,1,32.02,0.0,1,1,4.0
O03884,2024-05-14,C0389,Clothing,1,60.36,0.2,6,0,3.0
O03885,2024-05-14,C0753,Electronics,3,130.34,0.2,5,0,5.0
O03886,2024-05-14,C1773,Electronics,4,74.82,0.3,5,0,4.0
O03887,2024-05-14,C1932,Sports & outdoors,3,68.27,0.05,8,0,5.0
O03888,2024-05-14,C0764,Electronics,2,466.31,0.3,3,0,4.0
O03889,2024-05-15,C0081,Home & kitchen,3,18.44,0.1,5,0,4.0
O03890,2024-05-15,C0876,Beauty,1,14.69,0.1,2,0,5.0
O03891,2024-05-15,C0284,Beauty,2,11.89,0.0,14,0,4.0
O03892,2024-05-15,C0549,Sports & outdoors,2,53.33,0.0,1,0,5.0
O03893,2024-05-15,C0420,Electronics,1,144.29,0.0,5,0,4.0
O03894,2024-05-15,C1610,Electronics,2,101.79,0.0,1,1,4.0
O03895,2024-05-15,C0720,Clothing,1,42.73,0.1,3,0,4.0
O03896,2024-05-15,C0602,Beauty,2,17.01,0.0,2,1,2.0
O03897,2024-05-15,C1554,Home & kitchen,2,114.94,0.05,1,0,5.0
O03898,2024-05-15,C1375,Clothing,1,35.64,0.3,9,0,3.0
O03899,2024-05-15,C1311,Toys,2,42.15,0.05,3,0,4.0
O03900,2024-05-15,C0968,Beauty,2,20.43,0.15,4,0,4.0
O03901,2024-05-15,C1072,Clothing,1,37.61,0.0,5,0,4.0
O03902,2024-05-15,C1672,Books,2,9.11,0.0,3,0,5.0
O03903,2024-05-15,C1482,Books,3,13.82,0.15,3,0,3.0
O03904,2024-05-15,C1418,Toys,3,21.04,0.0,2,0,5.0
O03905,2024-05-15,C1063,Clothing,4,55.17,0.15,4,0,4.0
O03906,2024-05-15,C1286,Sports & outdoors,1,83.53,0.3,4,0,5.0
O03907,2024-05-15,C0057,Home & kitchen,4,45.86,0.0,4,0,5.0
O03908,2024-05-15,C1018,Books,2,11.1,0.0,3,0,3.0
O03909,2024-05-15,C0308,Sports & outdoors,2,14.32,0.0,3,0,4.0
O03910,2024-05-15,C1128,Sports & outdoors,2,56.28,0.05,5,0,5.0
O03911,2024-05-15,C0294,Home & kitchen,4,16.42,0.2,1,0,5.0
O03912,2024-05-15,C1032,Electronics,4,56.25,0.0,5,1,2.0
O03913,2024-05-15,C0597,Electronics,1,427.87,0.3,2,1,4.0
O03914,2024-05-15,C1258,Electronics,1,114.64,0.2,1,0,4.0
O03915,2024-05-15,C0114,Home & kitchen,2,188.38,0.3,2,0,5.0
O03916,2024-05-16,C1387,Toys,4,25.58,0.3,5,1,2.0
O03917,2024-05-16,C0874,Books,4,16.58,0.2,4,0,4.0
O03918,2024-05-16,C0799,Toys,2,11.36,0.0,5,0,4.0
O03919,2024-05-16,C0214,Books,3,8.75,0.1,3,0,4.0
O03920,2024-05-16,C1373,Home & kitchen,2,90.02,0.15,2,0,4.0
O03921,2024-05-16,C0367,Home & kitchen,1,52.32,0.05,2,0,4.0
O03922,2024-05-16,C0390,Home & kitchen,3,32.68,0.15,1,0,4.0
O03923,2024-05-16,C0880,Beauty,4,13.07,0.1,2,0,4.0
O03924,2024-05-16,C1679,Clothing,1,35.39,0.0,5,0,5.0
O03925,2024-05-16,C0279,Sports & outdoors,3,39.87,0.0,3,0,4.0
O03926,2024-05-16,C0888,Home & kitchen,4,47.07,0.3,1,0,4.0
O03927,2024-05-16,C1497,Beauty,1,12.44,0.2,5,0,5.0
O03928,2024-05-16,C0535,Electronics,1,332.43,0.15,6,0,5.0
O03929,2024-05-16,C0857,Clothing,4,22.09,0.0,2,0,5.0
O03930,2024-05-16,C0847,Beauty,1,6.01,0.3,7,0,2.0
O03931,2024-05-16,C0221,Beauty,4,38.5,0.2,4,0,4.0
O03932,2024-05-16,C1800,Books,2,17.59,0.15,11,0,4.0
O03933,2024-05-16,C1525,Home & kitchen,1,55.67,0.05,2,0,5.0
O03934,2024-05-16,C0704,Electronics,2,390.36,0.15,3,0,5.0
O03935,2024-05-16,C0166,Toys,1,13.64,0.2,4,0,4.0
O03936,2024-05-16,C1493,Electronics,3,181.17,0.0,2,0,5.0
O03937,2024-05-16,C0307,Home & kitchen,2,64.51,0.0,2,0,4.0
O03938,2024-05-16,C1086,Electronics,2,161.17,0.2,3,0,5.0
O03939,2024-05-16,C1807,Toys,3,22.36,0.0,1,0,5.0
O03940,2024-05-16,C1973,Toys,2,8.68,0.05,4,0,4.0
O03941,2024-05-16,C1265,Home & kitchen,1,46.87,0.05,6,0,4.0
O03942,2024-05-16,C0840,Clothing,1,28.98,0.0,3,1,3.0
O03943,2024-05-16,C1881,Beauty,3,47.16,0.15,5,0,
O03944,2024-05-17,C1982,Home & kitchen,3,31.11,0.0,6,0,4.0
O03945,2024-05-17,C1597,Toys,2,38.15,0.05,2,0,5.0
O03946,2024-05-17,C0582,Beauty,2,24.04,0.2,6,0,4.0
O03947,2024-05-17,C1694,Sports & outdoors,1,104.17,0.2,1,0,5.0
O03948,2024-05-17,C1035,Toys,3,22.35,0.2,6,0,5.0
O03949,2024-05-17,C1503,Sports & outdoors,1,30.37,0.0,5,0,3.0
O03950,2024-05-17,C1018,Books,4,11.08,0.1,4,0,4.0
O03951,2024-05-17,C0968,Electronics,1,177.05,0.05,3,0,4.0
O03952,2024-05-17,C1991,Clothing,1,55.91,0.0,6,1,2.0
O03953,2024-05-17,C1695,Sports & outdoors,4,66.48,0.0,2,0,4.0
O03954,2024-05-17,C1173,Clothing,1,59.6,0.0,3,1,4.0
O03955,2024-05-17,C1614,Books,1,15.85,0.0,5,0,3.0
O03956,2024-05-17,C1526,Home & kitchen,1,20.98,0.0,5,0,5.0
O03957,2024-05-17,C1037,Home & kitchen,2,85.43,0.1,1,0,5.0
O03958,2024-05-17,C1689,Books,3,9.36,0.0,2,0,5.0
O03959,2024-05-17,C0800,Electronics,3,147.39,0.1,5,0,5.0
O03960,2024-05-17,C1547,Electronics,2,77.91,0.15,4,0,5.0
O03961,2024-05-17,C0722,Books,1,17.01,0.0,4,0,5.0
O03962,2024-05-17,C0147,Sports & outdoors,2,40.95,0.0,2,0,5.0
O03963,2024-05-17,C1437,Sports & outdoors,1,37.52,0.0,1,0,4.0
O03964,2024-05-17,C0802,Home & kitchen,2,73.66,0.15,4,0,5.0
O03965,2024-05-17,C1533,Electronics,1,446.95,0.3,6,0,5.0
O03966,2024-05-17,C0742,Electronics,1,428.47,0.2,1,0,4.0
O03967,2024-05-17,C1434,Electronics,1,68.11,0.0,4,0,4.0
O03968,2024-05-18,C1461,Toys,3,29.85,0.3,1,0,5.0
O03969,2024-05-18,C0623,Electronics,2,171.17,0.0,5,0,5.0
O03970,2024-05-18,C0397,Home & kitchen,4,44.36,0.0,2,0,5.0
O03971,2024-05-18,C1971,Sports & outdoors,1,83.01,0.3,1,0,5.0
O03972,2024-05-18,C0171,Home & kitchen,4,25.14,0.15,2,0,5.0
O03973,2024-05-18,C1741,Home & kitchen,2,21.98,0.1,2,0,4.0
O03974,2024-05-18,C1979,Beauty,2,31.73,0.2,2,0,5.0
O03975,2024-05-18,C0958,Electronics,1,259.79,0.3,7,0,5.0
O03976,2024-05-18,C1776,Books,3,19.21,0.05,1,0,5.0
O03977,2024-05-18,C1336,Home & kitchen,1,36.08,0.3,3,0,5.0
O03978,2024-05-18,C1755,Toys,2,20.05,0.05,7,0,3.0
O03979,2024-05-18,C0405,Books,1,12.68,0.15,3,0,4.0
O03980,2024-05-18,C1808,Sports & outdoors,2,80.28,0.05,2,0,4.0
O03981,2024-05-18,C0890,Electronics,2,103.42,0.15,5,0,4.0
O03982,2024-05-18,C0222,Beauty,2,37.37,0.1,2,0,4.0
O03983,2024-05-18,C1552,Electronics,3,76.94,0.2,2,0,4.0
O03984,2024-05-18,C1522,Electronics,1,542.09,0.15,1,0,5.0
O03985,2024-05-18,C1655,Clothing,3,15.28,0.15,5,0,5.0
O03986,2024-05-18,C1634,Clothing,1,20.8,0.0,5,0,3.0
O03987,2024-05-18,C1322,Home & kitchen,2,24.02,0.3,6,1,2.0
O03988,2024-05-18,C0399,Toys,4,38.15,0.15,2,0,4.0
O03989,2024-05-18,C1907,Home & kitchen,4,21.78,0.2,2,0,5.0
O03990,2024-05-18,C1246,Home & kitchen,1,143.72,0.2,5,0,5.0
O03991,2024-05-18,C0319,Electronics,1,62.74,0.3,1,0,5.0
O03992,2024-05-18,C0441,Home & kitchen,2,59.73,0.0,3,0,4.0
O03993,2024-05-18,C0840,Home & kitchen,1,72.47,0.0,7,0,5.0
O03994,2024-05-18,C0678,Sports & outdoors,1,71.05,0.0,3,0,5.0
O03995,2024-05-18,C1350,Home & kitchen,1,48.7,0.0,4,0,5.0
O03996,2024-05-18,C0730,Toys,2,17.01,0.2,4,0,5.0
O03997,2024-05-18,C0071,Electronics,1,167.26,0.0,7,0,
O03998,2024-05-18,C1159,Books,1,7.98,0.2,3,0,4.0
O03999,2024-05-19,C1771,Books,2,7.9,0.0,2,0,5.0
O04000,2024-05-19,C0135,Sports & outdoors,4,49.0,0.2,3,0,5.0
O04001,2024-05-19,C0750,Toys,2,19.4,0.15,5,0,5.0
O04002,2024-05-19,C0166,Toys,1,17.62,0.0,3,0,5.0
O04003,2024-05-19,C1183,Toys,2,39.17,0.3,1,0,5.0
O04004,2024-05-19,C0251,Electronics,1,184.86,0.0,6,0,3.0
O04005,2024-05-19,C1170,Electronics,2,393.01,0.0,3,0,5.0
O04006,2024-05-19,C0123,Clothing,3,21.7,0.1,4,0,4.0
O04007,2024-05-19,C1336,Toys,2,17.94,0.0,2,0,5.0
O04008,2024-05-19,C1592,Books,2,13.94,0.0,2,0,4.0
O04009,2024-05-19,C1496,Toys,2,7.41,0.15,3,0,5.0
O04010,2024-05-19,C0585,Electronics,1,104.97,0.0,4,0,4.0
O04011,2024-05-19,C0212,Clothing,2,33.72,0.2,2,0,5.0
O04012,2024-05-19,C0903,Home & kitchen,2,24.23,0.15,4,0,5.0
O04013,2024-05-19,C0721,Clothing,2,35.71,0.05,2,0,3.0
O04014,2024-05-19,C0214,Toys,2,13.03,0.0,4,0,5.0
O04015,2024-05-19,C1009,Home & kitchen,1,108.13,0.2,3,0,5.0
O04016,2024-05-19,C0483,Electronics,1,403.91,0.0,2,0,5.0
O04017,2024-05-19,C0341,Clothing,4,48.02,0.05,1,0,4.0
O04018,2024-05-19,C0123,Beauty,4,25.08,0.05,3,0,4.0
O04019,2024-05-19,C1894,Beauty,1,12.04,0.0,9,0,3.0
O04020,2024-05-19,C0945,Sports & outdoors,1,79.27,0.15,3,0,5.0
O04021,2024-05-19,C1953,Beauty,3,20.43,0.3,6,0,3.0
O04022,2024-05-19,C0126,Clothing,3,50.14,0.0,3,0,5.0
O04023,2024-05-19,C0665,Electronics,1,82.2,0.0,3,0,4.0
O04024,2024-05-20,C0498,Home & kitchen,2,42.64,0.0,4,0,5.0
O04025,2024-05-20,C1603,Books,1,26.05,0.05,9,0,4.0
O04026,2024-05-20,C0505,Home & kitchen,3,34.98,0.3,1,0,5.0
O04027,2024-05-20,C0730,Books,2,16.19,0.0,2,0,5.0
O04028,2024-05-20,C0225,Electronics,2,230.94,0.0,7,0,4.0
O04029,2024-05-20,C1328,Clothing,2,52.69,0.3,2,1,3.0
O04030,2024-05-20,C1707,Clothing,4,93.66,0.0,2,0,4.0
O04031,2024-05-20,C0971,Sports & outdoors,3,78.08,0.0,7,0,4.0
O04032,2024-05-20,C0072,Beauty,1,36.1,0.1,7,0,3.0
O04033,2024-05-20,C1142,Clothing,1,37.46,0.0,6,0,4.0
O04034,2024-05-20,C1923,Beauty,4,16.61,0.0,3,0,5.0
O04035,2024-05-20,C1424,Clothing,1,41.55,0.0,4,1,3.0
O04036,2024-05-20,C1165,Clothing,1,10.55,0.0,3,0,5.0
O04037,2024-05-20,C0693,Clothing,4,32.14,0.1,2,0,3.0
O04038,2024-05-20,C0968,Electronics,1,96.88,0.1,4,0,5.0
O04039,2024-05-20,C0357,Electronics,1,218.93,0.05,4,0,5.0
O04040,2024-05-20,C0013,Clothing,2,44.37,0.3,2,0,3.0
O04041,2024-05-20,C0326,Sports & outdoors,2,42.99,0.05,3,0,4.0
O04042,2024-05-20,C0484,Books,1,21.66,0.0,2,0,4.0
O04043,2024-05-20,C0337,Home & kitchen,2,12.43,0.05,3,0,4.0
O04044,2024-05-20,C0933,Clothing,3,16.5,0.15,6,0,4.0
O04045,2024-05-20,C0602,Books,2,14.13,0.15,9,0,4.0
O04046,2024-05-20,C1246,Home & kitchen,2,39.09,0.0,1,0,4.0
O04047,2024-05-20,C0174,Clothing,1,47.43,0.15,3,0,5.0
O04048,2024-05-20,C0588,Clothing,4,39.66,0.05,1,0,
O04049,2024-05-20,C0964,Sports & outdoors,2,101.7,0.05,4,0,5.0
O04050,2024-05-20,C0674,Home & kitchen,1,36.88,0.05,4,0,5.0
O04051,2024-05-20,C1137,Home & kitchen,1,91.96,0.0,4,0,5.0
O04052,2024-05-20,C0838,Books,2,10.58,0.0,2,0,5.0
O04053,2024-05-20,C1761,Toys,4,31.62,0.2,1,0,
O04054,2024-05-20,C0961,Toys,2,27.01,0.3,3,0,5.0
O04055,2024-05-20,C1318,Beauty,1,18.09,0.2,3,0,4.0
O04056,2024-05-20,C1807,Toys,2,28.49,0.0,4,0,3.0
O04057,2024-05-21,C1297,Electronics,1,206.06,0.05,4,0,4.0
O04058,2024-05-21,C1379,Home & kitchen,4,24.6,0.05,1,0,4.0
O04059,2024-05-21,C1519,Beauty,2,16.39,0.0,3,0,5.0
O04060,2024-05-21,C1660,Clothing,1,52.14,0.15,1,0,5.0
O04061,2024-05-21,C0048,Sports & outdoors,2,45.36,0.3,2,0,
O04062,2024-05-21,C1791,Toys,2,18.29,0.0,8,0,4.0
O04063,2024-05-21,C1154,Clothing,4,34.8,0.1,7,0,2.0
O04064,2024-05-21,C0296,Clothing,1,24.75,0.2,3,0,5.0
O04065,2024-05-21,C1928,Electronics,1,85.25,0.05,3,0,4.0
O04066,2024-05-21,C1909,Toys,2,69.56,0.05,4,0,5.0
O04067,2024-05-21,C1912,Beauty,1,38.06,0.0,4,0,5.0
O04068,2024-05-21,C0427,Sports & outdoors,1,45.73,0.3,6,0,4.0
O04069,2024-05-21,C0529,Toys,2,23.81,0.0,5,0,4.0
O04070,2024-05-21,C1638,Clothing,1,28.41,0.0,1,0,5.0
O04071,2024-05-21,C0907,Beauty,1,41.49,0.0,1,0,4.0
O04072,2024-05-21,C0004,Toys,1,25.34,0.0,3,0,4.0
O04073,2024-05-21,C1116,Home & kitchen,4,108.99,0.3,4,0,4.0
O04074,2024-05-21,C1376,Clothing,4,31.48,0.15,4,0,4.0
O04075,2024-05-21,C1762,Electronics,1,194.78,0.05,5,0,3.0
O04076,2024-05-21,C1211,Sports & outdoors,1,42.35,0.0,2,0,4.0
O04077,2024-05-21,C1744,Clothing,2,20.75,0.05,1,0,5.0
O04078,2024-05-21,C1374,Beauty,3,16.98,0.15,3,0,4.0
O04079,2024-05-21,C0775,Beauty,3,25.93,0.1,5,1,4.0
O04080,2024-05-21,C0140,Electronics,4,45.6,0.1,1,0,5.0
O04081,2024-05-21,C0116,Toys,1,14.76,0.0,3,0,4.0
O04082,2024-05-21,C0440,Home & kitchen,2,23.15,0.1,4,0,5.0
O04083,2024-05-21,C1929,Clothing,2,46.74,0.1,5,1,3.0
O04084,2024-05-21,C0320,Home & kitchen,2,30.13,0.0,4,0,4.0
O04085,2024-05-21,C1536,Clothing,1,37.5,0.05,1,0,3.0
O04086,2024-05-21,C0253,Books,1,20.55,0.0,7,0,4.0
O04087,2024-05-21,C1122,Books,2,13.53,0.3,4,0,
O04088,2024-05-22,C0163,Books,1,13.15,0.0,1,0,5.0
O04089,2024-05-22,C0775,Electronics,1,481.92,0.1,3,0,5.0
O04090,2024-05-22,C1967,Books,4,23.01,0.0,1,0,5.0
O04091,2024-05-22,C0420,Books,1,22.88,0.0,1,0,5.0
O04092,2024-05-22,C0091,Toys,1,23.47,0.3,1,1,3.0
O04093,2024-05-22,C0719,Home & kitchen,1,28.79,0.3,1,0,4.0
O04094,2024-05-22,C0707,Beauty,2,17.28,0.05,1,0,3.0
O04095,2024-05-22,C0613,Clothing,3,43.63,0.0,3,0,5.0
O04096,2024-05-22,C0502,Electronics,2,442.63,0.05,10,0,3.0
O04097,2024-05-22,C1913,Electronics,1,403.1,0.0,4,1,3.0
O04098,2024-05-22,C1151,Home & kitchen,4,52.18,0.3,8,0,4.0
O04099,2024-05-22,C0441,Beauty,3,15.46,0.15,1,0,4.0
O04100,2024-05-22,C0570,Electronics,1,166.26,0.0,3,0,4.0
O04101,2024-05-22,C0047,Electronics,2,686.12,0.0,2,0,5.0
O04102,2024-05-22,C1080,Beauty,1,25.38,0.0,7,0,4.0
O04103,2024-05-22,C0288,Clothing,2,41.01,0.05,6,0,5.0
O04104,2024-05-22,C1350,Home & kitchen,1,59.36,0.1,8,0,4.0
O04105,2024-05-22,C1373,Electronics,1,182.24,0.0,8,0,4.0
O04106,2024-05-22,C1428,Toys,2,22.71,0.15,1,0,3.0
O04107,2024-05-22,C0304,Clothing,2,40.73,0.15,1,0,5.0
O04108,2024-05-22,C1876,Beauty,1,13.87,0.0,3,0,4.0
O04109,2024-05-22,C0177,Toys,1,19.02,0.3,4,0,4.0
O04110,2024-05-22,C1913,Home & kitchen,1,173.35,0.2,5,0,3.0
O04111,2024-05-22,C1831,Clothing,2,16.31,0.0,2,0,5.0
O04112,2024-05-22,C0061,Sports & outdoors,1,34.99,0.15,3,0,5.0
O04113,2024-05-22,C0840,Toys,1,39.8,0.0,2,0,5.0
O04114,2024-05-22,C1957,Home & kitchen,4,34.42,0.3,5,0,4.0
O04115,2024-05-22,C1040,Electronics,2,92.78,0.3,6,0,4.0
O04116,2024-05-22,C0843,Beauty,1,24.2,0.05,4,0,4.0
O04117,2024-05-23,C0016,Home & kitchen,2,56.2,0.0,6,0,5.0
O04118,2024-05-23,C1742,Books,3,19.83,0.05,6,0,4.0
O04119,2024-05-23,C1112,Clothing,4,63.62,0.0,3,0,4.0
O04120,2024-05-23,C0844,Books,3,12.58,0.05,3,0,5.0
O04121,2024-05-23,C0636,Books,2,22.66,0.0,4,0,5.0
O04122,2024-05-23,C1790,Books,3,17.45,0.2,7,0,3.0
O04123,2024-05-23,C1667,Sports & outdoors,3,29.1,0.3,5,0,5.0
O04124,2024-05-23,C0839,Clothing,1,41.92,0.2,1,1,4.0
O04125,2024-05-23,C0165,Beauty,2,17.23,0.0,6,0,3.0
O04126,2024-05-23,C0399,Electronics,2,105.23,0.3,2,0,5.0
O04127,2024-05-23,C0648,Clothing,2,39.11,0.15,3,0,5.0
O04128,2024-05-23,C1665,Beauty,1,23.97,0.0,5,0,3.0
O04129,2024-05-23,C1130,Clothing,1,42.25,0.0,4,0,4.0
O04130,2024-05-23,C1369,Clothing,1,24.58,0.1,1,0,4.0
O04131,2024-05-23,C1821,Clothing,1,37.08,0.15,3,1,3.0
O04132,2024-05-23,C0018,Electronics,2,373.57,0.1,7,0,4.0
O04133,2024-05-23,C1524,Clothing,3,65.68,0.1,7,1,3.0
O04134,2024-05-23,C1998,Electronics,3,172.12,0.3,3,0,4.0
O04135,2024-05-23,C0045,Clothing,1,26.5,0.0,2,0,5.0
O04136,2024-05-23,C0199,Clothing,4,57.1,0.3,3,0,
O04137,2024-05-24,C1657,Clothing,1,60.05,0.1,9,0,4.0
O04138,2024-05-24,C0156,Clothing,1,32.11,0.3,2,0,5.0
O04139,2024-05-24,C0170,Beauty,1,27.03,0.0,3,0,4.0
O04140,2024-05-24,C1290,Books,1,11.51,0.05,3,0,4.0
O04141,2024-05-24,C1727,Toys,3,33.01,0.0,7,0,5.0
O04142,2024-05-24,C1056,Sports & outdoors,2,47.87,0.0,3,1,2.0
O04143,2024-05-24,C0165,Toys,4,49.05,0.1,5,0,4.0
O04144,2024-05-24,C1498,Books,1,12.57,0.2,2,0,4.0
O04145,2024-05-24,C1123,Electronics,1,227.27,0.3,7,0,4.0
O04146,2024-05-24,C0320,Books,2,13.48,0.1,4,1,2.0
O04147,2024-05-24,C0164,Sports & outdoors,1,23.51,0.2,4,0,5.0
O04148,2024-05-24,C0010,Clothing,1,50.5,0.0,4,1,3.0
O04149,2024-05-24,C1246,Clothing,2,57.87,0.0,6,0,4.0
O04150,2024-05-24,C0705,Books,2,11.46,0.0,2,0,5.0
O04151,2024-05-24,C1486,Books,3,8.83,0.0,4,1,4.0
O04152,2024-05-24,C0674,Beauty,4,28.36,0.0,1,0,5.0
O04153,2024-05-24,C1128,Toys,1,31.36,0.3,1,0,5.0
O04154,2024-05-24,C0392,Home & kitchen,1,25.32,0.15,1,0,5.0
O04155,2024-05-24,C1352,Clothing,2,34.28,0.1,4,1,3.0
O04156,2024-05-24,C0061,Sports & outdoors,2,27.37,0.0,3,0,5.0
O04157,2024-05-24,C0983,Electronics,1,45.4,0.1,3,0,5.0
O04158,2024-05-24,C0942,Books,2,27.57,0.0,4,0,5.0
O04159,2024-05-24,C1557,Clothing,4,20.54,0.0,2,0,4.0
O04160,2024-05-24,C1360,Clothing,2,28.04,0.1,1,0,5.0
O04161,2024-05-24,C0582,Books,2,14.94,0.2,4,0,5.0
O04162,2024-05-24,C1040,Beauty,1,39.69,0.05,2,0,5.0
O04163,2024-05-24,C1705,Home & kitchen,1,17.46,0.3,7,0,
O04164,2024-05-24,C1536,Toys,1,31.11,0.0,4,0,4.0
O04165,2024-05-24,C0657,Books,1,13.97,0.15,2,1,4.0
O04166,2024-05-24,C1538,Home & kitchen,3,54.52,0.0,1,0,4.0
O04167,2024-05-24,C0018,Toys,1,16.47,0.0,5,0,4.0
O04168,2024-05-24,C1173,Home & kitchen,4,38.53,0.2,5,0,4.0
O04169,2024-05-24,C0188,Toys,1,13.31,0.2,7,0,5.0
O04170,2024-05-24,C1641,Clothing,4,72.15,0.05,1,0,5.0
O04171,2024-05-24,C1208,Home & kitchen,1,61.73,0.2,2,1,3.0
O04172,2024-05-24,C0180,Electronics,2,190.85,0.3,4,1,3.0
O04173,2024-05-24,C0742,Toys,1,32.4,0.0,1,0,5.0
O04174,2024-05-24,C1379,Clothing,2,46.11,0.15,7,0,3.0
O04175,2024-05-25,C0934,Home & kitchen,1,19.9,0.3,3,0,5.0
O04176,2024-05-25,C0377,Books,1,10.22,0.2,1,0,4.0
O04177,2024-05-25,C1525,Toys,2,23.49,0.0,4,0,4.0
O04178,2024-05-25,C0371,Books,3,12.99,0.05,3,0,4.0
O04179,2024-05-25,C0965,Books,1,14.01,0.0,1,0,5.0
O04180,2024-05-25,C1219,Sports & outdoors,1,60.61,0.3,5,0,4.0
O04181,2024-05-25,C0939,Clothing,4,71.28,0.15,1,0,5.0
O04182,2024-05-25,C1540,Clothing,2,30.47,0.0,4,0,5.0
O04183,2024-05-25,C1738,Home & kitchen,1,53.97,0.0,4,0,5.0
O04184,2024-05-25,C0580,Beauty,2,33.17,0.0,3,0,5.0
O04185,2024-05-25,C1569,Home & kitchen,2,54.98,0.0,1,1,3.0
O04186,2024-05-25,C1081,Clothing,3,54.1,0.1,5,0,5.0
O04187,2024-05-25,C2000,Home & kitchen,1,18.89,0.15,3,0,
O04188,2024-05-25,C1889,Beauty,2,27.08,0.3,2,0,4.0
O04189,2024-05-25,C1570,Clothing,1,28.41,0.0,4,1,4.0
O04190,2024-05-25,C1188,Toys,2,19.84,0.3,5,0,5.0
O04191,2024-05-25,C0198,Sports & outdoors,1,68.76,0.0,4,0,5.0
O04192,2024-05-25,C1318,Beauty,2,22.81,0.0,4,0,5.0
O04193,2024-05-25,C0261,Home & kitchen,2,92.04,0.05,6,0,3.0
O04194,2024-05-25,C1873,Home & kitchen,1,33.07,0.0,5,0,3.0
O04195,2024-05-25,C0475,Clothing,2,37.52,0.0,6,0,5.0
O04196,2024-05-25,C0443,Clothing,1,15.93,0.0,1,0,5.0
O04197,2024-05-25,C1802,Clothing,3,30.77,0.05,2,0,4.0
O04198,2024-05-25,C1281,Beauty,1,31.56,0.05,2,0,5.0
O04199,2024-05-25,C0931,Home & kitchen,1,72.9,0.0,5,0,3.0
O04200,2024-05-26,C1608,Electronics,1,27.22,0.1,3,0,5.0
O04201,2024-05-26,C0341,Toys,1,42.88,0.0,7,0,5.0
O04202,2024-05-26,C1188,Home & kitchen,4,35.97,0.3,1,0,4.0
O04203,2024-05-26,C1656,Beauty,2,27.07,0.3,7,0,5.0
O04204,2024-05-26,C0114,Home & kitchen,1,46.0,0.1,3,0,2.0
O04205,2024-05-26,C0309,Beauty,1,16.09,0.3,4,0,3.0
O04206,2024-05-26,C1378,Beauty,1,42.6,0.0,2,0,5.0
O04207,2024-05-26,C1877,Sports & outdoors,4,47.51,0.15,2,0,3.0
O04208,2024-05-26,C0940,Toys,3,26.95,0.15,1,0,4.0
O04209,2024-05-26,C0340,Sports & outdoors,1,143.06,0.2,3,0,5.0
O04210,2024-05-26,C1271,Electronics,1,267.21,0.0,7,0,4.0
O04211,2024-05-26,C0868,Beauty,2,20.0,0.0,5,0,3.0
O04212,2024-05-26,C1738,Beauty,2,9.08,0.2,1,0,5.0
O04213,2024-05-26,C0618,Home & kitchen,3,15.77,0.15,2,0,3.0
O04214,2024-05-26,C1451,Home & kitchen,1,112.66,0.2,7,0,3.0
O04215,2024-05-26,C0760,Electronics,2,144.24,0.15,3,1,2.0
O04216,2024-05-26,C1229,Clothing,1,12.51,0.15,6,0,4.0
O04217,2024-05-26,C0404,Electronics,1,244.16,0.3,3,0,5.0
O04218,2024-05-26,C0502,Clothing,3,32.61,0.3,4,1,3.0
O04219,2024-05-26,C1835,Electronics,2,67.5,0.0,1,1,3.0
O04220,2024-05-26,C1826,Books,1,17.54,0.3,2,0,5.0
O04221,2024-05-26,C0694,Clothing,2,22.07,0.1,8,0,4.0
O04222,2024-05-26,C1814,Electronics,4,269.04,0.0,7,0,4.0
O04223,2024-05-26,C1647,Clothing,4,40.62,0.0,5,0,4.0
O04224,2024-05-26,C1107,Clothing,3,53.48,0.2,1,0,5.0
O04225,2024-05-26,C1000,Clothing,1,63.53,0.05,2,0,5.0
O04226,2024-05-26,C1864,Electronics,2,329.88,0.1,5,0,5.0
O04227,2024-05-26,C0778,Toys,2,25.62,0.0,1,0,5.0
O04228,2024-05-26,C0615,Home & kitchen,1,101.01,0.0,3,0,4.0
O04229,2024-05-26,C1596,Toys,2,45.48,0.0,3,0,5.0
O04230,2024-05-26,C0734,Home & kitchen,2,58.7,0.0,8,0,5.0
O04231,2024-05-26,C1347,Clothing,1,84.16,0.0,6,1,3.0
O04232,2024-05-26,C1899,Clothing,3,15.01,0.2,3,0,4.0
O04233,2024-05-26,C1429,Sports & outdoors,1,64.88,0.15,4,0,4.0
O04234,2024-05-26,C0476,Electronics,2,314.36,0.0,2,0,5.0
O04235,2024-05-26,C0046,Beauty,1,21.29,0.0,4,0,5.0
O04236,2024-05-26,C0197,Clothing,2,33.31,0.0,4,0,4.0
O04237,2024-05-26,C0991,Sports & outdoors,1,55.99,0.05,4,1,4.0
O04238,2024-05-26,C0827,Toys,4,13.7,0.05,5,1,3.0
O04239,2024-05-26,C0650,Electronics,1,485.52,0.0,3,0,5.0
O04240,2024-05-26,C0961,Beauty,1,24.97,0.05,1,0,4.0
O04241,2024-05-26,C0595,Books,3,12.45,0.0,1,0,4.0
O04242,2024-05-26,C0938,Clothing,4,121.71,0.05,5,0,4.0
O04243,2024-05-26,C0069,Toys,4,58.86,0.0,4,0,4.0
O04244,2024-05-27,C0480,Clothing,1,32.39,0.2,2,0,5.0
O04245,2024-05-27,C0224,Beauty,1,15.71,0.15,2,0,5.0
O04246,2024-05-27,C0075,Toys,3,20.63,0.0,2,0,5.0
O04247,2024-05-27,C1039,Home & kitchen,2,23.17,0.3,4,0,
O04248,2024-05-27,C0010,Beauty,1,27.36,0.3,5,0,5.0
O04249,2024-05-27,C0716,Clothing,2,48.0,0.15,6,0,5.0
O04250,2024-05-27,C1610,Sports & outdoors,1,43.13,0.15,1,0,5.0
O04251,2024-05-27,C1758,Books,1,11.5,0.15,2,0,4.0
O04252,2024-05-27,C0057,Books,1,30.28,0.2,4,0,5.0
O04253,2024-05-27,C0993,Electronics,2,240.29,0.0,4,1,4.0
O04254,2024-05-27,C0168,Clothing,1,33.77,0.2,1,0,5.0
O04255,2024-05-27,C1526,Clothing,3,67.67,0.05,6,0,4.0
O04256,2024-05-27,C1188,Electronics,2,98.06,0.1,3,0,5.0
O04257,2024-05-27,C0736,Clothing,2,24.57,0.1,2,0,4.0
O04258,2024-05-27,C0301,Beauty,4,23.75,0.1,4,0,3.0
O04259,2024-05-27,C0745,Books,4,11.77,0.3,11,0,3.0
O04260,2024-05-27,C0247,Books,2,16.41,0.15,3,0,5.0
O04261,2024-05-27,C0760,Toys,1,12.22,0.15,3,0,4.0
O04262,2024-05-27,C1807,Beauty,1,15.99,0.1,2,0,4.0
O04263,2024-05-27,C0467,Clothing,1,30.1,0.0,3,0,4.0
O04264,2024-05-27,C0890,Electronics,1,348.65,0.2,7,0,4.0
O04265,2024-05-27,C1257,Clothing,3,73.84,0.2,5,1,2.0
O04266,2024-05-27,C1202,Electronics,2,128.38,0.1,1,0,5.0
O04267,2024-05-27,C1414,Electronics,1,235.02,0.2,7,0,3.0
O04268,2024-05-27,C0840,Sports & outdoors,1,34.12,0.3,9,0,4.0
O04269,2024-05-27,C1077,Clothing,2,63.64,0.2,4,0,5.0
O04270,2024-05-27,C0232,Home & kitchen,3,42.22,0.3,5,1,3.0
O04271,2024-05-27,C1387,Home & kitchen,2,78.06,0.1,3,0,4.0
O04272,2024-05-27,C1361,Beauty,4,20.16,0.0,1,0,4.0
O04273,2024-05-27,C1347,Home & kitchen,1,69.53,0.15,2,1,4.0
O04274,2024-05-27,C1585,Clothing,1,56.02,0.2,2,0,5.0
O04275,2024-05-27,C0322,Electronics,1,208.99,0.05,8,0,4.0
O04276,2024-05-27,C0697,Beauty,3,14.54,0.3,3,0,5.0
O04277,2024-05-27,C0570,Beauty,1,16.74,0.3,1,1,4.0
O04278,2024-05-27,C1478,Beauty,2,16.11,0.3,1,0,4.0
O04279,2024-05-28,C1085,Home & kitchen,1,21.39,0.0,2,1,3.0
O04280,2024-05-28,C0079,Books,2,7.25,0.05,4,1,
O04281,2024-05-28,C0857,Sports & outdoors,3,35.09,0.3,4,0,5.0
O04282,2024-05-28,C0625,Beauty,1,24.67,0.05,2,1,2.0
O04283,2024-05-28,C0407,Home & kitchen,4,40.13,0.15,1,0,4.0
O04284,2024-05-28,C0852,Clothing,2,41.57,0.3,1,0,5.0
O04285,2024-05-28,C1447,Books,3,13.2,0.1,4,0,4.0
O04286,2024-05-28,C1426,Electronics,2,655.97,0.2,4,0,5.0
O04287,2024-05-28,C1681,Clothing,1,21.22,0.0,5,0,5.0
O04288,2024-05-28,C0066,Toys,1,38.68,0.3,2,0,4.0
O04289,2024-05-28,C1254,Beauty,2,18.93,0.0,3,0,5.0
O04290,2024-05-28,C0638,Electronics,2,115.25,0.05,5,1,4.0
O04291,2024-05-28,C0585,Home & kitchen,4,86.82,0.3,4,0,4.0
O04292,2024-05-28,C1470,Clothing,2,59.43,0.3,2,1,3.0
O04293,2024-05-28,C0570,Clothing,3,46.56,0.3,1,1,3.0
O04294,2024-05-28,C1875,Sports & outdoors,1,77.22,0.0,7,0,4.0
O04295,2024-05-28,C0582,Clothing,1,61.83,0.0,2,1,1.0
O04296,2024-05-28,C1585,Electronics,1,116.52,0.2,9,0,3.0
O04297,2024-05-28,C0008,Clothing,3,30.71,0.1,4,0,4.0
O04298,2024-05-28,C1963,Clothing,4,37.24,0.05,2,0,5.0
O04299,2024-05-28,C0449,Home & kitchen,4,54.14,0.15,4,0,5.0
O04300,2024-05-28,C0849,Electronics,3,494.05,0.3,6,0,5.0
O04301,2024-05-28,C1956,Home & kitchen,1,32.41,0.15,4,0,4.0
O04302,2024-05-28,C0704,Home & kitchen,4,43.53,0.3,4,0,5.0
O04303,2024-05-28,C0383,Electronics,2,222.43,0.0,1,0,4.0
O04304,2024-05-28,C0477,Home & kitchen,1,34.74,0.1,2,0,5.0
O04305,2024-05-28,C0698,Clothing,2,12.49,0.15,3,0,4.0
O04306,2024-05-28,C0216,Electronics,1,1009.28,0.0,1,0,3.0
O04307,2024-05-28,C0417,Electronics,2,479.19,0.0,6,0,4.0
O04308,2024-05-28,C0708,Home & kitchen,1,16.77,0.15,2,0,4.0
O04309,2024-05-29,C0833,Clothing,2,25.04,0.15,9,0,4.0
O04310,2024-05-29,C0058,Clothing,1,29.76,0.0,2,0,4.0
O04311,2024-05-29,C1009,Books,1,15.38,0.1,11,1,1.0
O04312,2024-05-29,C0228,Beauty,2,57.13,0.1,3,0,4.0
O04313,2024-05-29,C0326,Home & kitchen,4,171.94,0.0,1,0,5.0
O04314,2024-05-29,C0816,Home & kitchen,4,50.0,0.1,1,0,5.0
O04315,2024-05-29,C1178,Sports & outdoors,3,127.35,0.3,2,0,4.0
O04316,2024-05-29,C0771,Clothing,2,26.62,0.1,3,0,4.0
O04317,2024-05-29,C1701,Books,2,15.1,0.0,2,0,4.0
O04318,2024-05-29,C1638,Books,2,13.78,0.0,4,0,4.0
O04319,2024-05-29,C1260,Clothing,1,51.92,0.1,5,0,5.0
O04320,2024-05-29,C1441,Books,2,21.85,0.1,1,0,5.0
O04321,2024-05-29,C0588,Books,2,19.1,0.2,8,0,4.0
O04322,2024-05-29,C0580,Toys,1,26.51,0.0,2,0,5.0
O04323,2024-05-29,C1582,Clothing,2,22.03,0.05,3,0,5.0
O04324,2024-05-29,C1470,Books,2,21.15,0.2,5,0,3.0
O04325,2024-05-29,C1888,Electronics,1,223.77,0.0,1,0,5.0
O04326,2024-05-29,C0084,Home & kitchen,2,90.58,0.3,4,0,4.0
O04327,2024-05-29,C1643,Electronics,1,141.71,0.0,4,0,3.0
O04328,2024-05-29,C1720,Clothing,2,30.56,0.3,3,0,4.0
O04329,2024-05-29,C1296,Books,3,14.71,0.15,3,0,5.0
O04330,2024-05-29,C0763,Electronics,4,96.33,0.0,2,0,3.0
O04331,2024-05-29,C1247,Books,3,10.52,0.15,7,0,4.0
O04332,2024-05-29,C0692,Electronics,3,62.81,0.3,9,1,3.0
O04333,2024-05-29,C0740,Clothing,2,21.67,0.05,11,0,4.0
O04334,2024-05-29,C1468,Beauty,1,15.99,0.1,4,0,5.0
O04335,2024-05-29,C0643,Clothing,1,49.92,0.0,4,0,4.0
O04336,2024-05-29,C0086,Books,4,13.3,0.15,1,0,5.0
O04337,2024-05-29,C1538,Electronics,1,25.72,0.0,2,0,3.0
O04338,2024-05-29,C1132,Clothing,2,45.76,0.05,3,1,3.0
O04339,2024-05-30,C0804,Books,3,18.81,0.3,1,0,5.0
O04340,2024-05-30,C1221,Sports & outdoors,2,37.58,0.0,3,0,4.0
O04341,2024-05-30,C0097,Books,1,20.21,0.3,1,0,5.0
O04342,2024-05-30,C1330,Sports & outdoors,4,69.11,0.1,5,0,4.0
O04343,2024-05-30,C1480,Books,1,16.68,0.1,1,0,3.0
O04344,2024-05-30,C1408,Toys,1,27.28,0.15,3,0,3.0
O04345,2024-05-30,C1403,Electronics,1,131.3,0.2,2,0,5.0
O04346,2024-05-30,C1811,Clothing,2,22.93,0.1,5,0,4.0
O04347,2024-05-30,C1456,Electronics,4,75.94,0.3,2,0,5.0
O04348,2024-05-30,C1438,Sports & outdoors,2,59.62,0.05,4,0,5.0
O04349,2024-05-30,C0248,Clothing,3,24.55,0.0,1,0,5.0
O04350,2024-05-30,C0027,Toys,1,44.87,0.05,4,0,4.0
O04351,2024-05-30,C1882,Beauty,4,26.26,0.0,6,0,3.0
O04352,2024-05-30,C1413,Electronics,1,76.05,0.15,2,0,4.0
O04353,2024-05-30,C1345,Clothing,1,24.28,0.1,3,0,5.0
O04354,2024-05-30,C0488,Clothing,2,57.56,0.1,1,0,5.0
O04355,2024-05-30,C1115,Sports & outdoors,4,70.86,0.0,3,0,
O04356,2024-05-30,C1301,Home & kitchen,1,58.98,0.2,2,0,5.0
O04357,2024-05-30,C0533,Toys,2,29.28,0.2,6,0,3.0
O04358,2024-05-30,C1211,Home & kitchen,1,30.19,0.0,6,0,5.0
O04359,2024-05-30,C1000,Sports & outdoors,1,114.28,0.3,4,0,5.0
O04360,2024-05-30,C1193,Home & kitchen,4,37.06,0.05,8,0,5.0
O04361,2024-05-30,C0291,Electronics,3,58.06,0.0,3,0,4.0
O04362,2024-05-30,C1201,Toys,1,17.25,0.0,1,0,5.0
O04363,2024-05-30,C1926,Electronics,2,48.7,0.2,1,1,2.0
O04364,2024-05-30,C0993,Toys,1,59.23,0.2,3,0,4.0
O04365,2024-05-31,C1227,Clothing,4,17.48,0.0,2,0,5.0
O04366,2024-05-31,C1204,Toys,1,22.12,0.1,2,0,3.0
O04367,2024-05-31,C1946,Home & kitchen,3,36.35,0.0,4,0,5.0
O04368,2024-05-31,C0432,Sports & outdoors,1,45.82,0.1,7,0,4.0
O04369,2024-05-31,C1835,Electronics,1,73.68,0.05,2,0,5.0
O04370,2024-05-31,C1901,Home & kitchen,3,44.82,0.15,2,0,5.0
O04371,2024-05-31,C0851,Home & kitchen,4,31.87,0.3,4,0,4.0
O04372,2024-05-31,C1175,Home & kitchen,4,47.59,0.2,3,0,4.0
O04373,2024-05-31,C0233,Books,3,11.85,0.3,5,0,4.0
O04374,2024-05-31,C1234,Beauty,4,29.7,0.2,10,0,3.0
O04375,2024-05-31,C0262,Books,1,13.49,0.0,4,0,2.0
O04376,2024-05-31,C0215,Beauty,2,23.06,0.3,8,1,3.0
O04377,2024-05-31,C0626,Beauty,4,11.35,0.3,4,1,3.0
O04378,2024-05-31,C0590,Clothing,1,27.33,0.05,1,1,3.0
O04379,2024-05-31,C1799,Clothing,1,22.14,0.0,3,0,4.0
O04380,2024-05-31,C0090,Books,2,7.93,0.15,3,0,5.0
O04381,2024-05-31,C1095,Electronics,3,121.09,0.1,5,0,4.0
O04382,2024-05-31,C0267,Home & kitchen,1,40.14,0.05,1,0,5.0
O04383,2024-05-31,C1100,Books,1,8.39,0.1,3,0,4.0
O04384,2024-05-31,C1860,Home & kitchen,1,85.05,0.1,5,0,5.0
O04385,2024-05-31,C0077,Sports & outdoors,2,28.11,0.0,3,0,5.0
O04386,2024-05-31,C1186,Home & kitchen,2,55.07,0.0,3,0,5.0
O04387,2024-05-31,C0577,Electronics,1,169.16,0.05,1,0,5.0
O04388,2024-05-31,C1746,Beauty,1,18.36,0.0,5,0,4.0
O04389,2024-05-31,C0941,Beauty,4,31.27,0.0,6,0,4.0
O04390,2024-05-31,C1072,Beauty,2,20.65,0.0,2,0,5.0
O04391,2024-05-31,C1537,Home & kitchen,1,64.34,0.0,8,1,2.0
O04392,2024-05-31,C1685,Home & kitchen,1,41.88,0.2,7,0,5.0
O04393,2024-05-31,C0697,Clothing,1,22.79,0.0,4,0,5.0
O04394,2024-05-31,C1222,Toys,2,22.23,0.0,3,0,3.0
O04395,2024-05-31,C1447,Clothing,2,38.45,0.0,1,0,5.0
O04396,2024-06-01,C1065,Clothing,4,31.24,0.0,5,0,3.0
O04397,2024-06-01,C0354,Sports & outdoors,2,88.97,0.05,5,0,4.0
O04398,2024-06-01,C0685,Sports & outdoors,2,53.01,0.0,1,0,5.0
O04399,2024-06-01,C1880,Electronics,1,373.23,0.0,5,0,3.0
O04400,2024-06-01,C1021,Home & kitchen,2,17.79,0.1,2,0,5.0
O04401,2024-06-01,C0314,Clothing,1,41.02,0.2,7,0,3.0
O04402,2024-06-01,C1480,Beauty,1,19.94,0.3,1,1,3.0
O04403,2024-06-01,C1200,Books,2,13.65,0.0,5,0,5.0
O04404,2024-06-01,C1017,Toys,2,10.96,0.1,1,0,4.0
O04405,2024-06-01,C1482,Sports & outdoors,2,51.96,0.1,7,0,3.0
O04406,2024-06-01,C1693,Toys,1,48.66,0.15,5,1,4.0
O04407,2024-06-01,C0374,Home & kitchen,1,46.89,0.0,3,0,4.0
O04408,2024-06-01,C0216,Electronics,1,322.51,0.0,2,0,5.0
O04409,2024-06-01,C1240,Home & kitchen,2,109.16,0.2,2,0,3.0
O04410,2024-06-01,C0250,Books,1,11.2,0.0,3,0,3.0
O04411,2024-06-01,C1152,Clothing,1,41.37,0.0,5,0,4.0
O04412,2024-06-01,C0332,Beauty,2,23.93,0.1,4,0,
O04413,2024-06-01,C0314,Electronics,2,405.25,0.0,2,1,4.0
O04414,2024-06-01,C0513,Clothing,2,13.73,0.2,6,0,4.0
O04415,2024-06-02,C1157,Books,2,9.92,0.0,6,0,4.0
O04416,2024-06-02,C0510,Clothing,1,48.93,0.0,8,0,4.0
O04417,2024-06-02,C0424,Home & kitchen,2,39.31,0.0,3,1,4.0
O04418,2024-06-02,C1294,Clothing,4,25.58,0.15,4,0,4.0
O04419,2024-06-02,C0161,Books,1,14.73,0.0,4,0,4.0
O04420,2024-06-02,C1198,Home & kitchen,4,44.0,0.0,1,0,5.0
O04421,2024-06-02,C1804,Electronics,4,245.7,0.05,5,1,3.0
O04422,2024-06-02,C0571,Clothing,1,16.56,0.0,2,0,5.0
O04423,2024-06-02,C1253,Electronics,2,342.75,0.0,2,0,4.0
O04424,2024-06-02,C1995,Home & kitchen,3,27.89,0.0,3,0,4.0
O04425,2024-06-02,C1515,Books,4,23.47,0.0,6,0,4.0
O04426,2024-06-02,C1438,Sports & outdoors,2,154.06,0.0,8,0,4.0
O04427,2024-06-02,C0359,Toys,2,15.9,0.1,5,0,4.0
O04428,2024-06-02,C1266,Books,2,9.25,0.05,3,0,5.0
O04429,2024-06-02,C1789,Electronics,2,357.22,0.1,4,0,5.0
O04430,2024-06-02,C0042,Beauty,1,32.59,0.3,3,0,4.0
O04431,2024-06-02,C1384,Clothing,1,16.3,0.2,5,0,5.0
O04432,2024-06-02,C1151,Home & kitchen,1,49.57,0.05,2,0,5.0
O04433,2024-06-02,C1230,Beauty,1,23.78,0.3,3,0,3.0
O04434,2024-06-02,C0107,Books,1,15.22,0.0,1,0,4.0
O04435,2024-06-02,C0003,Sports & outdoors,2,68.17,0.15,7,0,4.0
O04436,2024-06-02,C0013,Home & kitchen,1,86.21,0.0,9,0,3.0
O04437,2024-06-02,C1292,Sports & outdoors,1,43.39,0.15,7,0,4.0
O04438,2024-06-02,C0834,Home & kitchen,4,35.35,0.2,2,0,3.0
O04439,2024-06-02,C0756,Beauty,1,12.58,0.3,3,0,5.0
O04440,2024-06-02,C1935,Toys,4,24.38,0.0,3,0,5.0
O04441,2024-06-02,C1000,Toys,2,13.87,0.1,3,0,5.0
O04442,2024-06-02,C1945,Clothing,3,59.44,0.05,2,0,4.0
O04443,2024-06-02,C1088,Books,3,29.29,0.0,2,0,4.0
O04444,2024-06-02,C1992,Home & kitchen,1,50.41,0.3,2,0,5.0
O04445,2024-06-02,C1318,Clothing,1,31.85,0.3,1,0,4.0
O04446,2024-06-02,C0669,Toys,2,12.62,0.0,1,0,5.0
O04447,2024-06-02,C0039,Books,2,11.33,0.15,2,0,5.0
O04448,2024-06-02,C0921,Books,2,7.81,0.0,9,0,4.0
O04449,2024-06-03,C1196,Home & kitchen,1,31.22,0.05,4,1,3.0
O04450,2024-06-03,C1174,Home & kitchen,4,245.63,0.0,2,0,5.0
O04451,2024-06-03,C0248,Sports & outdoors,2,90.89,0.0,4,0,3.0
O04452,2024-06-03,C0285,Home & kitchen,2,66.59,0.2,1,0,4.0
O04453,2024-06-03,C1564,Toys,4,21.06,0.3,2,0,4.0
O04454,2024-06-03,C0083,Clothing,3,19.97,0.0,4,0,4.0
O04455,2024-06-03,C0065,Clothing,1,40.56,0.2,3,0,4.0
O04456,2024-06-03,C0223,Electronics,4,328.59,0.05,2,1,4.0
O04457,2024-06-03,C1155,Toys,2,33.8,0.3,4,0,4.0
O04458,2024-06-03,C0907,Toys,1,32.53,0.2,5,0,4.0
O04459,2024-06-03,C1264,Clothing,1,45.53,0.1,7,0,5.0
O04460,2024-06-03,C1258,Home & kitchen,2,131.13,0.15,5,0,5.0
O04461,2024-06-03,C0726,Clothing,2,31.3,0.15,5,0,4.0
O04462,2024-06-03,C1318,Home & kitchen,1,87.56,0.0,2,0,4.0
O04463,2024-06-03,C1202,Home & kitchen,1,79.07,0.0,1,0,4.0
O04464,2024-06-03,C1152,Electronics,1,130.08,0.1,1,0,5.0
O04465,2024-06-03,C0410,Beauty,2,12.46,0.15,4,0,4.0
O04466,2024-06-03,C1531,Toys,2,17.98,0.05,4,0,3.0
O04467,2024-06-03,C1655,Electronics,2,133.14,0.05,6,0,4.0
O04468,2024-06-03,C0769,Toys,4,20.03,0.0,6,1,2.0
O04469,2024-06-03,C1806,Home & kitchen,2,39.76,0.15,6,0,4.0
O04470,2024-06-03,C1907,Clothing,4,20.47,0.0,7,0,5.0
O04471,2024-06-03,C1624,Beauty,2,20.1,0.2,3,0,5.0
O04472,2024-06-03,C1587,Beauty,1,20.02,0.3,2,0,3.0
O04473,2024-06-03,C0500,Home & kitchen,1,65.7,0.05,5,0,4.0
O04474,2024-06-03,C0502,Beauty,4,31.39,0.05,1,0,5.0
O04475,2024-06-04,C1420,Clothing,4,26.13,0.0,2,0,5.0
O04476,2024-06-04,C1127,Clothing,1,48.93,0.0,9,1,2.0
O04477,2024-06-04,C0342,Beauty,3,12.86,0.0,2,0,4.0
O04478,2024-06-04,C1866,Sports & outdoors,3,43.4,0.0,6,0,5.0
O04479,2024-06-04,C1143,Home & kitchen,3,125.17,0.0,2,0,4.0
O04480,2024-06-04,C0164,Clothing,3,25.54,0.1,2,0,4.0
O04481,2024-06-04,C0431,Home & kitchen,3,37.55,0.0,2,0,4.0
O04482,2024-06-04,C0406,Electronics,1,833.91,0.15,3,0,4.0
O04483,2024-06-04,C0103,Home & kitchen,4,58.45,0.15,5,1,2.0
O04484,2024-06-04,C1212,Sports & outdoors,2,25.88,0.0,5,0,4.0
O04485,2024-06-04,C0192,Toys,1,20.13,0.15,1,0,5.0
O04486,2024-06-04,C1634,Clothing,1,53.93,0.0,7,0,3.0
O04487,2024-06-04,C0228,Books,4,8.82,0.0,8,0,3.0
O04488,2024-06-04,C1028,Electronics,1,389.15,0.05,1,0,5.0
O04489,2024-06-04,C0950,Electronics,1,276.41,0.15,1,0,5.0
O04490,2024-06-04,C1916,Home & kitchen,4,125.41,0.2,2,0,5.0
O04491,2024-06-04,C0526,Electronics,2,85.39,0.2,1,0,4.0
O04492,2024-06-04,C1432,Electronics,4,493.27,0.0,2,0,
O04493,2024-06-04,C0281,Clothing,2,15.81,0.15,5,0,5.0
O04494,2024-06-04,C1321,Electronics,2,270.85,0.05,1,0,5.0
O04495,2024-06-04,C1034,Toys,4,47.2,0.2,4,0,5.0
O04496,2024-06-04,C0218,Home & kitchen,2,62.0,0.0,4,0,5.0
O04497,2024-06-04,C0106,Electronics,1,70.37,0.0,4,0,4.0
O04498,2024-06-04,C1845,Home & kitchen,1,37.44,0.0,4,0,3.0
O04499,2024-06-04,C1973,Beauty,1,11.91,0.05,4,0,5.0
O04500,2024-06-05,C1084,Home & kitchen,1,42.9,0.15,1,0,5.0
O04501,2024-06-05,C1420,Beauty,2,24.4,0.15,5,0,4.0
O04502,2024-06-05,C0999,Clothing,4,60.54,0.05,3,1,2.0
O04503,2024-06-05,C1797,Home & kitchen,1,30.56,0.0,5,0,5.0
O04504,2024-06-05,C1301,Books,1,13.84,0.15,1,0,5.0
O04505,2024-06-05,C1625,Beauty,3,32.21,0.0,6,0,4.0
O04506,2024-06-05,C1356,Electronics,2,320.65,0.2,1,0,5.0
O04507,2024-06-05,C1393,Clothing,4,29.07,0.0,6,0,4.0
O04508,2024-06-05,C1782,Toys,2,14.3,0.0,2,1,4.0
O04509,2024-06-05,C1142,Home & kitchen,1,53.73,0.15,4,0,4.0
O04510,2024-06-05,C0431,Books,4,13.31,0.0,5,0,5.0
O04511,2024-06-05,C1542,Clothing,1,70.21,0.1,6,0,5.0
O04512,2024-06-05,C0051,Beauty,1,12.78,0.1,7,0,4.0
O04513,2024-06-05,C0548,Clothing,1,26.38,0.2,1,0,5.0
O04514,2024-06-05,C1826,Sports & outdoors,1,76.89,0.05,3,0,5.0
O04515,2024-06-05,C1308,Sports & outdoors,4,41.18,0.0,2,0,4.0
O04516,2024-06-05,C1776,Electronics,2,55.36,0.0,4,0,4.0
O04517,2024-06-05,C0539,Beauty,1,54.65,0.0,1,0,5.0
O04518,2024-06-05,C0843,Books,4,14.43,0.05,1,0,4.0
O04519,2024-06-05,C1234,Beauty,4,10.4,0.0,9,0,5.0
O04520,2024-06-05,C1039,Clothing,3,22.37,0.0,1,0,
O04521,2024-06-05,C0494,Beauty,4,16.19,0.2,1,0,5.0
O04522,2024-06-05,C1772,Electronics,4,85.98,0.3,3,0,4.0
O04523,2024-06-05,C1897,Toys,1,15.13,0.3,7,1,3.0
O04524,2024-06-05,C1930,Clothing,1,22.17,0.2,2,0,5.0
O04525,2024-06-05,C0519,Electronics,2,196.29,0.1,2,0,4.0
O04526,2024-06-05,C1735,Home & kitchen,1,19.72,0.3,3,0,5.0
O04527,2024-06-05,C0556,Electronics,4,321.7,0.2,5,0,5.0
O04528,2024-06-05,C1285,Clothing,2,40.32,0.3,1,0,4.0
O04529,2024-06-05,C1646,Clothing,3,21.84,0.1,3,0,5.0
O04530,2024-06-06,C1048,Home & kitchen,1,234.15,0.3,3,0,5.0
O04531,2024-06-06,C0834,Home & kitchen,1,58.92,0.05,1,0,5.0
O04532,2024-06-06,C0537,Books,4,16.04,0.0,3,0,5.0
O04533,2024-06-06,C1590,Beauty,1,18.1,0.0,10,0,3.0
O04534,2024-06-06,C1512,Clothing,1,78.26,0.0,4,0,4.0
O04535,2024-06-06,C0059,Clothing,2,52.61,0.3,7,1,3.0
O04536,2024-06-06,C0732,Toys,1,23.35,0.05,3,0,4.0
O04537,2024-06-06,C0552,Home & kitchen,1,51.82,0.15,6,0,4.0
O04538,2024-06-06,C0478,Home & kitchen,2,10.77,0.0,3,0,4.0
O04539,2024-06-06,C1222,Clothing,2,36.07,0.3,2,0,4.0
O04540,2024-06-06,C0439,Clothing,1,27.89,0.2,2,0,4.0
O04541,2024-06-06,C0218,Books,1,16.12,0.05,3,0,4.0
O04542,2024-06-06,C0845,Beauty,1,31.31,0.0,4,0,5.0
O04543,2024-06-06,C0583,Books,3,26.12,0.15,9,0,4.0
O04544,2024-06-06,C0183,Beauty,1,20.92,0.0,3,0,4.0
O04545,2024-06-06,C0295,Clothing,2,36.39,0.15,3,0,4.0
O04546,2024-06-06,C1765,Home & kitchen,2,110.64,0.0,3,0,4.0
O04547,2024-06-06,C0211,Home & kitchen,2,70.83,0.05,7,0,4.0
O04548,2024-06-06,C1586,Books,1,9.65,0.0,4,0,4.0
O04549,2024-06-06,C0892,Books,2,13.05,0.0,2,0,4.0
O04550,2024-06-06,C1059,Clothing,1,18.92,0.05,5,1,3.0
O04551,2024-06-06,C0182,Beauty,3,29.52,0.3,8,0,5.0
O04552,2024-06-06,C0090,Books,2,14.79,0.15,5,0,5.0
O04553,2024-06-07,C0890,Electronics,3,449.24,0.2,5,0,5.0
O04554,2024-06-07,C0967,Beauty,1,7.86,0.0,2,0,5.0
O04555,2024-06-07,C0596,Home & kitchen,4,26.13,0.3,3,0,4.0
O04556,2024-06-07,C0008,Electronics,1,375.75,0.05,5,0,4.0
O04557,2024-06-07,C0178,Clothing,1,25.89,0.0,6,0,3.0
O04558,2024-06-07,C0203,Electronics,2,111.36,0.0,3,0,4.0
O04559,2024-06-07,C0088,Toys,1,138.76,0.05,8,0,4.0
O04560,2024-06-07,C0164,Toys,2,24.7,0.15,1,0,5.0
O04561,2024-06-07,C1597,Clothing,2,40.73,0.0,2,0,5.0
O04562,2024-06-07,C1910,Clothing,4,31.79,0.2,3,0,5.0
O04563,2024-06-07,C1572,Home & kitchen,1,32.15,0.0,1,1,4.0
O04564,2024-06-07,C0816,Toys,2,18.74,0.0,4,0,5.0
O04565,2024-06-07,C1435,Electronics,1,138.98,0.05,2,0,5.0
O04566,2024-06-07,C1477,Books,4,11.39,0.2,1,0,4.0
O04567,2024-06-07,C0094,Electronics,2,826.92,0.05,9,0,4.0
O04568,2024-06-07,C1252,Books,2,14.85,0.1,1,0,4.0
O04569,2024-06-07,C0937,Clothing,2,17.28,0.3,4,0,4.0
O04570,2024-06-07,C0103,Clothing,1,44.64,0.05,4,1,3.0
O04571,2024-06-07,C1200,Books,1,21.61,0.15,8,0,3.0
O04572,2024-06-07,C1089,Electronics,1,93.29,0.0,3,0,5.0
O04573,2024-06-07,C0977,Sports & outdoors,1,28.29,0.3,2,0,4.0
O04574,2024-06-07,C1449,Clothing,2,49.95,0.1,4,0,4.0
O04575,2024-06-07,C0030,Electronics,1,314.59,0.3,2,0,5.0
O04576,2024-06-07,C1200,Books,2,13.85,0.0,5,0,4.0
O04577,2024-06-07,C1980,Home & kitchen,1,53.57,0.0,3,0,5.0
O04578,2024-06-07,C0089,Beauty,2,22.93,0.0,1,0,5.0
O04579,2024-06-07,C0791,Books,1,9.92,0.15,1,0,5.0
O04580,2024-06-07,C0698,Electronics,2,95.87,0.0,1,1,4.0
O04581,2024-06-07,C0140,Electronics,1,138.44,0.0,2,0,5.0
O04582,2024-06-08,C1134,Beauty,1,18.52,0.2,3,0,5.0
O04583,2024-06-08,C1899,Books,2,16.25,0.15,3,0,4.0
O04584,2024-06-08,C1726,Beauty,2,20.31,0.2,6,0,5.0
O04585,2024-06-08,C1224,Books,1,13.0,0.1,5,0,3.0
O04586,2024-06-08,C1936,Clothing,1,77.11,0.05,1,0,5.0
O04587,2024-06-08,C0055,Beauty,2,35.61,0.0,1,0,5.0
O04588,2024-06-08,C0165,Clothing,2,27.46,0.0,1,0,4.0
O04589,2024-06-08,C0810,Clothing,4,35.04,0.1,5,0,5.0
O04590,2024-06-08,C0346,Electronics,1,72.92,0.2,5,0,3.0
O04591,2024-06-08,C1043,Home & kitchen,1,50.82,0.05,2,0,5.0
O04592,2024-06-08,C0104,Electronics,3,294.58,0.05,1,0,5.0
O04593,2024-06-08,C0043,Home & kitchen,2,16.34,0.2,4,0,5.0
O04594,2024-06-08,C1640,Clothing,2,40.85,0.05,2,0,4.0
O04595,2024-06-08,C0302,Books,3,15.87,0.15,3,1,4.0
O04596,2024-06-08,C0440,Home & kitchen,2,105.95,0.0,1,0,4.0
O04597,2024-06-08,C1994,Books,4,10.88,0.15,2,0,5.0
O04598,2024-06-08,C1917,Clothing,2,23.82,0.2,3,0,5.0
O04599,2024-06-08,C1708,Home & kitchen,4,97.75,0.0,6,1,3.0
O04600,2024-06-08,C0878,Books,2,14.14,0.0,4,0,4.0
O04601,2024-06-08,C1300,Toys,1,52.24,0.1,3,0,5.0
O04602,2024-06-08,C0385,Clothing,3,32.81,0.15,4,1,3.0
O04603,2024-06-08,C1657,Electronics,1,432.57,0.3,2,0,4.0
O04604,2024-06-08,C1219,Home & kitchen,3,18.68,0.05,1,0,5.0
O04605,2024-06-08,C1340,Home & kitchen,2,26.97,0.3,2,0,5.0
O04606,2024-06-08,C1512,Toys,1,36.19,0.05,2,0,4.0
O04607,2024-06-08,C1668,Beauty,4,26.8,0.15,1,0,5.0
O04608,2024-06-08,C0733,Beauty,1,51.1,0.0,3,1,5.0
O04609,2024-06-08,C0181,Toys,1,33.79,0.2,3,1,3.0
O04610,2024-06-08,C0777,Clothing,4,44.72,0.1,1,1,5.0
O04611,2024-06-08,C0453,Sports & outdoors,2,205.71,0.0,5,0,5.0
O04612,2024-06-09,C1757,Toys,3,94.77,0.05,4,0,4.0
O04613,2024-06-09,C0045,Home & kitchen,1,50.56,0.05,6,0,4.0
O04614,2024-06-09,C1578,Electronics,4,195.59,0.0,8,1,3.0
O04615,2024-06-09,C0532,Beauty,1,25.83,0.2,5,0,5.0
O04616,2024-06-09,C1879,Sports & outdoors,3,31.15,0.1,6,0,4.0
O04617,2024-06-09,C0358,Beauty,1,11.52,0.3,5,0,5.0
O04618,2024-06-09,C0370,Books,1,8.76,0.05,1,0,5.0
O04619,2024-06-09,C0858,Electronics,1,137.36,0.0,6,1,2.0
O04620,2024-06-09,C1112,Toys,1,21.93,0.0,5,0,4.0
O04621,2024-06-09,C0358,Beauty,3,24.3,0.15,6,0,4.0
O04622,2024-06-09,C1360,Clothing,4,36.62,0.1,3,0,5.0
O04623,2024-06-09,C1458,Beauty,3,13.51,0.0,7,0,3.0
O04624,2024-06-09,C1609,Sports & outdoors,1,67.91,0.15,6,0,5.0
O04625,2024-06-09,C0321,Books,4,12.03,0.1,2,0,4.0
O04626,2024-06-09,C0446,Electronics,1,473.87,0.0,5,0,5.0
O04627,2024-06-09,C1045,Home & kitchen,3,45.97,0.3,4,0,4.0
O04628,2024-06-09,C0927,Electronics,2,158.72,0.15,3,0,5.0
O04629,2024-06-09,C0086,Books,1,17.22,0.0,1,0,5.0
O04630,2024-06-09,C0042,Home & kitchen,2,71.54,0.2,6,0,5.0
O04631,2024-06-09,C0423,Clothing,4,71.44,0.1,8,0,3.0
O04632,2024-06-09,C1175,Toys,2,22.68,0.05,5,0,4.0
O04633,2024-06-09,C1254,Toys,2,20.48,0.2,1,0,5.0
O04634,2024-06-09,C0615,Books,2,13.88,0.1,1,0,4.0
O04635,2024-06-09,C1055,Clothing,3,101.08,0.0,4,1,3.0
O04636,2024-06-09,C0304,Beauty,3,22.29,0.15,2,0,5.0
O04637,2024-06-09,C0376,Clothing,1,52.97,0.0,4,1,3.0
O04638,2024-06-09,C1275,Clothing,2,36.47,0.05,3,1,3.0
O04639,2024-06-09,C1903,Clothing,3,13.95,0.15,4,0,4.0
O04640,2024-06-09,C1597,Sports & outdoors,2,52.12,0.0,1,0,4.0
O04641,2024-06-09,C1126,Books,2,20.78,0.0,5,0,4.0
O04642,2024-06-09,C1543,Electronics,1,182.29,0.0,2,0,5.0
O04643,2024-06-09,C1549,Beauty,1,9.69,0.0,6,1,4.0
O04644,2024-06-10,C0490,Home & kitchen,1,29.77,0.0,1,0,4.0
O04645,2024-06-10,C1428,Home & kitchen,1,17.65,0.3,2,1,3.0
O04646,2024-06-10,C1542,Toys,1,20.36,0.0,1,0,4.0
O04647,2024-06-10,C1858,Beauty,2,11.11,0.15,4,0,4.0
O04648,2024-06-10,C1521,Sports & outdoors,1,29.49,0.1,5,0,4.0
O04649,2024-06-10,C0157,Books,2,25.46,0.0,1,0,5.0
O04650,2024-06-10,C0173,Home & kitchen,4,92.54,0.3,2,0,4.0
O04651,2024-06-10,C0151,Electronics,1,116.66,0.05,2,0,4.0
O04652,2024-06-10,C1101,Home & kitchen,4,107.21,0.3,7,1,2.0
O04653,2024-06-10,C0740,Sports & outdoors,2,44.27,0.15,6,0,4.0
O04654,2024-06-10,C1298,Sports & outdoors,2,90.87,0.1,8,0,5.0
O04655,2024-06-10,C0597,Sports & outdoors,3,121.63,0.0,3,0,5.0
O04656,2024-06-10,C0157,Books,4,14.2,0.15,3,0,4.0
O04657,2024-06-10,C0131,Toys,2,29.09,0.3,4,0,4.0
O04658,2024-06-10,C0767,Beauty,4,21.03,0.1,2,0,5.0
O04659,2024-06-10,C0089,Sports & outdoors,1,47.97,0.0,3,0,5.0
O04660,2024-06-10,C1482,Toys,1,58.49,0.0,4,0,4.0
O04661,2024-06-10,C1954,Home & kitchen,4,50.96,0.15,2,0,5.0
O04662,2024-06-10,C0515,Electronics,2,114.55,0.1,2,1,2.0
O04663,2024-06-10,C0987,Clothing,3,35.61,0.2,8,0,3.0
O04664,2024-06-10,C0735,Beauty,1,33.86,0.0,1,0,5.0
O04665,2024-06-10,C1130,Toys,4,31.86,0.05,8,0,4.0
O04666,2024-06-10,C1098,Clothing,3,52.03,0.1,3,0,2.0
O04667,2024-06-10,C1626,Home & kitchen,4,67.55,0.3,2,1,2.0
O04668,2024-06-10,C1770,Beauty,3,45.66,0.05,3,0,5.0
O04669,2024-06-10,C1622,Clothing,1,24.8,0.0,4,1,3.0
O04670,2024-06-10,C1805,Clothing,2,33.47,0.15,13,0,4.0
O04671,2024-06-11,C0447,Sports & outdoors,1,231.8,0.3,4,1,4.0
O04672,2024-06-11,C0822,Home & kitchen,3,62.49,0.2,2,0,5.0
O04673,2024-06-11,C0684,Electronics,1,250.25,0.0,3,0,5.0
O04674,2024-06-11,C0888,Clothing,2,27.6,0.2,7,1,3.0
O04675,2024-06-11,C0562,Clothing,4,30.04,0.2,1,0,4.0
O04676,2024-06-11,C1684,Beauty,2,15.23,0.1,4,1,2.0
O04677,2024-06-11,C1826,Books,4,18.5,0.05,3,0,4.0
O04678,2024-06-11,C1971,Home & kitchen,1,36.38,0.2,4,0,4.0
O04679,2024-06-11,C0851,Electronics,2,173.4,0.0,2,0,4.0
O04680,2024-06-11,C1095,Toys,3,22.41,0.3,1,0,4.0
O04681,2024-06-11,C1659,Electronics,1,203.45,0.1,6,0,5.0
O04682,2024-06-11,C1882,Home & kitchen,1,87.62,0.3,5,0,4.0
O04683,2024-06-11,C0958,Clothing,1,17.05,0.3,1,0,5.0
O04684,2024-06-11,C1348,Books,1,14.65,0.2,3,0,5.0
O04685,2024-06-11,C0777,Beauty,1,17.94,0.3,8,0,4.0
O04686,2024-06-11,C1752,Electronics,1,245.76,0.2,1,0,5.0
O04687,2024-06-11,C1905,Sports & outdoors,1,59.47,0.0,3,0,5.0
O04688,2024-06-11,C0808,Books,3,11.53,0.0,3,0,4.0
O04689,2024-06-11,C0336,Books,4,12.81,0.0,2,0,5.0
O04690,2024-06-11,C1172,Electronics,1,214.44,0.0,2,0,4.0
O04691,2024-06-11,C1082,Books,3,16.86,0.05,2,1,3.0
O04692,2024-06-11,C0251,Home & kitchen,2,25.82,0.1,2,0,5.0
O04693,2024-06-11,C1397,Electronics,3,29.96,0.0,2,0,5.0
O04694,2024-06-11,C1574,Toys,4,20.32,0.05,5,0,3.0
O04695,2024-06-11,C1499,Toys,4,30.92,0.0,7,0,3.0
O04696,2024-06-11,C1489,Sports & outdoors,3,75.66,0.2,2,0,5.0
O04697,2024-06-11,C1651,Sports & outdoors,4,74.58,0.0,4,0,4.0
O04698,2024-06-12,C0632,Toys,1,30.61,0.0,7,1,2.0
O04699,2024-06-12,C1106,Beauty,4,25.06,0.0,3,0,3.0
O04700,2024-06-12,C1043,Toys,1,33.82,0.1,2,0,4.0
O04701,2024-06-12,C1447,Clothing,1,17.83,0.15,4,1,3.0
O04702,2024-06-12,C1912,Home & kitchen,2,29.18,0.1,2,0,3.0
O04703,2024-06-12,C1763,Home & kitchen,3,60.32,0.05,1,1,4.0
O04704,2024-06-12,C0024,Toys,3,19.6,0.0,1,0,4.0
O04705,2024-06-12,C0247,Beauty,4,29.11,0.3,3,0,5.0
O04706,2024-06-12,C1614,Clothing,1,89.55,0.05,4,1,3.0
O04707,2024-06-12,C0187,Beauty,2,18.37,0.1,4,0,5.0
O04708,2024-06-12,C1355,Clothing,2,33.67,0.3,3,0,5.0
O04709,2024-06-12,C1656,Electronics,4,166.74,0.2,3,0,5.0
O04710,2024-06-12,C0678,Home & kitchen,4,53.52,0.15,10,1,2.0
O04711,2024-06-12,C1359,Books,2,16.85,0.2,4,0,3.0
O04712,2024-06-12,C0423,Beauty,2,24.65,0.2,9,0,3.0
O04713,2024-06-12,C1948,Books,2,12.11,0.0,3,0,4.0
O04714,2024-06-12,C0375,Books,4,12.42,0.0,3,0,
O04715,2024-06-12,C0186,Electronics,3,157.54,0.05,8,0,4.0
O04716,2024-06-12,C0969,Clothing,2,28.3,0.1,3,0,5.0
O04717,2024-06-12,C0940,Electronics,1,458.51,0.1,1,0,5.0
O04718,2024-06-12,C0649,Sports & outdoors,1,43.42,0.1,2,0,5.0
O04719,2024-06-12,C1981,Clothing,2,93.72,0.2,5,0,5.0
O04720,2024-06-12,C0675,Sports & outdoors,1,45.85,0.1,1,0,4.0
O04721,2024-06-12,C0018,Clothing,3,58.32,0.2,3,0,4.0
O04722,2024-06-12,C1167,Clothing,1,13.81,0.0,4,0,4.0
O04723,2024-06-12,C1305,Clothing,4,44.84,0.0,2,0,5.0
O04724,2024-06-12,C0113,Beauty,3,19.93,0.0,3,0,4.0
O04725,2024-06-13,C1721,Toys,3,60.43,0.0,3,0,5.0
O04726,2024-06-13,C1968,Books,1,13.66,0.0,5,0,4.0
O04727,2024-06-13,C1509,Clothing,2,37.14,0.0,2,0,4.0
O04728,2024-06-13,C1200,Home & kitchen,1,27.13,0.0,1,0,4.0
O04729,2024-06-13,C0382,Sports & outdoors,3,55.66,0.0,4,0,4.0
O04730,2024-06-13,C1956,Sports & outdoors,4,69.48,0.0,5,1,3.0
O04731,2024-06-13,C0154,Home & kitchen,2,41.62,0.0,4,0,3.0
O04732,2024-06-13,C0392,Clothing,2,75.67,0.2,10,0,3.0
O04733,2024-06-13,C1224,Beauty,2,21.34,0.1,8,0,5.0
O04734,2024-06-13,C1669,Home & kitchen,1,141.54,0.1,4,0,4.0
O04735,2024-06-13,C0725,Clothing,4,21.81,0.05,3,0,4.0
O04736,2024-06-13,C1926,Beauty,4,23.31,0.1,2,0,5.0
O04737,2024-06-13,C1127,Toys,1,20.59,0.0,1,0,5.0
O04738,2024-06-13,C0421,Toys,2,20.4,0.15,1,1,4.0
O04739,2024-06-13,C1719,Clothing,4,26.2,0.0,6,0,5.0
O04740,2024-06-13,C0673,Electronics,1,323.74,0.05,1,0,4.0
O04741,2024-06-13,C1666,Clothing,4,40.07,0.2,2,0,5.0
O04742,2024-06-13,C0052,Toys,1,41.52,0.0,4,0,4.0
O04743,2024-06-13,C0731,Books,1,13.49,0.0,3,0,3.0
O04744,2024-06-13,C0174,Electronics,1,127.26,0.2,6,0,4.0
O04745,2024-06-13,C0587,Home & kitchen,2,31.16,0.3,5,0,4.0
O04746,2024-06-13,C0941,Electronics,4,870.97,0.0,3,1,3.0
O04747,2024-06-13,C1013,Electronics,4,456.33,0.2,7,0,4.0
O04748,2024-06-13,C0919,Toys,2,35.16,0.0,4,0,5.0
O04749,2024-06-13,C1526,Clothing,2,40.39,0.3,2,0,4.0
O04750,2024-06-13,C1442,Books,1,11.5,0.2,14,0,4.0
O04751,2024-06-13,C0237,Home & kitchen,2,47.76,0.05,3,0,5.0
O04752,2024-06-13,C0458,Toys,1,17.49,0.05,2,0,4.0
O04753,2024-06-13,C0132,Books,2,8.86,0.0,2,0,3.0
O04754,2024-06-14,C1368,Clothing,3,13.14,0.2,4,0,5.0
O04755,2024-06-14,C1639,Electronics,4,801.59,0.0,4,0,5.0
O04756,2024-06-14,C0265,Home & kitchen,2,142.02,0.05,4,0,5.0
O04757,2024-06-14,C1063,Home & kitchen,1,98.5,0.1,3,0,5.0
O04758,2024-06-14,C0795,Clothing,3,30.26,0.3,6,0,5.0
O04759,2024-06-14,C1891,Beauty,2,26.39,0.15,4,0,5.0
O04760,2024-06-14,C0640,Beauty,4,19.44,0.1,7,0,4.0
O04761,2024-06-14,C0417,Toys,1,11.44,0.0,4,0,4.0
O04762,2024-06-14,C1252,Toys,1,10.26,0.0,9,0,
O04763,2024-06-14,C1797,Electronics,4,290.14,0.15,6,0,3.0
O04764,2024-06-14,C1297,Clothing,2,18.77,0.1,4,1,3.0
O04765,2024-06-14,C0627,Electronics,4,132.89,0.05,2,1,4.0
O04766,2024-06-14,C0269,Beauty,4,24.01,0.15,1,0,5.0
O04767,2024-06-14,C0046,Books,2,19.48,0.0,3,0,5.0
O04768,2024-06-14,C0636,Home & kitchen,2,94.43,0.0,8,0,4.0
O04769,2024-06-14,C0381,Clothing,1,18.5,0.0,2,0,
O04770,2024-06-14,C1831,Home & kitchen,4,62.66,0.0,7,0,3.0
O04771,2024-06-14,C0443,Sports & outdoors,1,50.68,0.1,4,0,5.0
O04772,2024-06-14,C1588,Clothing,1,37.75,0.0,2,0,4.0
O04773,2024-06-14,C1224,Home & kitchen,3,62.2,0.2,7,0,3.0
O04774,2024-06-14,C1726,Books,3,10.26,0.15,1,0,5.0
O04775,2024-06-14,C0426,Beauty,3,45.93,0.0,4,1,2.0
O04776,2024-06-14,C0230,Sports & outdoors,1,84.15,0.3,1,0,4.0
O04777,2024-06-14,C0080,Books,2,24.56,0.0,1,0,5.0
O04778,2024-06-15,C0849,Clothing,1,12.6,0.2,5,1,4.0
O04779,2024-06-15,C0976,Home & kitchen,1,60.18,0.1,1,0,5.0
O04780,2024-06-15,C0463,Books,2,11.81,0.0,2,0,5.0
O04781,2024-06-15,C1440,Electronics,2,392.02,0.15,4,0,4.0
O04782,2024-06-15,C0636,Beauty,3,25.12,0.1,3,0,4.0
O04783,2024-06-15,C1455,Home & kitchen,2,38.8,0.0,1,0,5.0
O04784,2024-06-15,C0306,Electronics,1,114.07,0.0,3,0,4.0
O04785,2024-06-15,C1238,Electronics,1,246.68,0.1,2,0,5.0
O04786,2024-06-15,C1835,Books,1,19.57,0.0,5,0,5.0
O04787,2024-06-15,C0824,Books,3,11.34,0.0,6,1,4.0
O04788,2024-06-15,C0577,Clothing,1,35.08,0.0,4,0,4.0
O04789,2024-06-15,C1952,Beauty,2,19.76,0.0,3,0,4.0
O04790,2024-06-15,C0333,Home & kitchen,2,34.49,0.2,1,0,4.0
O04791,2024-06-15,C1591,Beauty,1,17.54,0.1,2,0,5.0
O04792,2024-06-15,C0867,Home & kitchen,4,56.69,0.0,8,0,5.0
O04793,2024-06-15,C1280,Toys,1,23.19,0.2,4,0,4.0
O04794,2024-06-15,C1501,Home & kitchen,2,45.07,0.05,4,0,5.0
O04795,2024-06-15,C1150,Beauty,4,33.38,0.1,3,0,5.0
O04796,2024-06-15,C0045,Electronics,1,256.82,0.0,5,0,4.0
O04797,2024-06-15,C0734,Home & kitchen,3,26.86,0.3,3,0,4.0
O04798,2024-06-15,C0589,Home & kitchen,2,52.66,0.05,3,0,5.0
O04799,2024-06-15,C1535,Clothing,2,28.1,0.05,2,0,5.0
O04800,2024-06-15,C0659,Sports & outdoors,3,62.69,0.0,2,0,3.0
O04801,2024-06-15,C1593,Electronics,2,482.3,0.2,1,0,5.0
O04802,2024-06-15,C0094,Sports & outdoors,2,157.54,0.0,2,0,5.0
O04803,2024-06-15,C1724,Clothing,1,26.8,0.1,3,0,5.0
O04804,2024-06-15,C1841,Beauty,3,24.2,0.05,1,0,5.0
O04805,2024-06-15,C0531,Clothing,2,104.01,0.0,4,0,5.0
O04806,2024-06-15,C1987,Toys,1,26.44,0.2,2,0,4.0
O04807,2024-06-16,C1516,Clothing,1,91.66,0.15,2,0,4.0
O04808,2024-06-16,C1046,Electronics,1,104.58,0.2,1,0,5.0
O04809,2024-06-16,C1464,Clothing,2,27.55,0.0,9,0,3.0
O04810,2024-06-16,C1598,Books,2,16.91,0.05,7,0,3.0
O04811,2024-06-16,C1353,Beauty,3,21.37,0.3,5,0,4.0
O04812,2024-06-16,C0207,Clothing,3,81.12,0.0,9,0,4.0
O04813,2024-06-16,C1833,Clothing,3,54.05,0.2,4,0,5.0
O04814,2024-06-16,C0984,Clothing,3,38.34,0.15,3,0,4.0
O04815,2024-06-16,C0310,Sports & outdoors,3,39.37,0.05,3,0,5.0
O04816,2024-06-16,C0637,Electronics,4,158.62,0.0,1,0,5.0
O04817,2024-06-16,C1970,Home & kitchen,4,15.25,0.2,3,0,4.0
O04818,2024-06-16,C1303,Sports & outdoors,2,45.9,0.0,2,0,5.0
O04819,2024-06-16,C1013,Beauty,1,19.41,0.15,5,0,4.0
O04820,2024-06-16,C1076,Beauty,2,26.44,0.0,1,0,5.0
O04821,2024-06-16,C0638,Sports & outdoors,2,73.99,0.2,4,0,4.0
O04822,2024-06-16,C1969,Electronics,1,119.1,0.0,1,0,3.0
O04823,2024-06-16,C0795,Electronics,1,599.68,0.0,1,0,5.0
O04824,2024-06-16,C0879,Electronics,1,243.59,0.15,4,0,5.0
O04825,2024-06-16,C0964,Toys,2,22.75,0.0,5,0,5.0
O04826,2024-06-16,C1946,Electronics,2,117.36,0.0,2,0,5.0
O04827,2024-06-16,C1129,Books,3,13.7,0.0,5,0,3.0
O04828,2024-06-16,C0704,Clothing,4,28.36,0.1,3,0,4.0
O04829,2024-06-16,C1619,Electronics,1,226.4,0.0,4,0,5.0
O04830,2024-06-16,C1926,Electronics,2,162.04,0.1,2,0,5.0
O04831,2024-06-16,C1268,Books,4,14.12,0.2,3,0,3.0
O04832,2024-06-16,C1235,Books,1,12.78,0.05,3,0,4.0
O04833,2024-06-16,C1206,Electronics,3,195.52,0.2,1,0,4.0
O04834,2024-06-16,C0717,Sports & outdoors,4,39.11,0.3,4,0,5.0
O04835,2024-06-16,C1701,Clothing,2,75.58,0.0,1,0,5.0
O04836,2024-06-16,C0984,Clothing,4,40.41,0.3,3,0,4.0
O04837,2024-06-16,C1267,Sports & outdoors,1,141.72,0.0,4,0,5.0
O04838,2024-06-16,C1179,Sports & outdoors,4,64.64,0.1,4,0,5.0
O04839,2024-06-16,C0346,Beauty,1,17.35,0.2,2,0,5.0
O04840,2024-06-16,C1757,Home & kitchen,2,42.27,0.0,4,0,3.0
O04841,2024-06-17,C0801,Electronics,1,178.28,0.1,2,0,4.0
O04842,2024-06-17,C0950,Electronics,1,135.23,0.0,4,0,4.0
O04843,2024-06-17,C1008,Electronics,1,469.75,0.15,1,0,5.0
O04844,2024-06-17,C0099,Electronics,1,168.64,0.15,2,0,5.0
O04845,2024-06-17,C0430,Beauty,4,36.75,0.0,3,0,3.0
O04846,2024-06-17,C1203,Electronics,3,135.34,0.0,4,0,4.0
O04847,2024-06-17,C1709,Electronics,3,448.82,0.0,7,0,4.0
O04848,2024-06-17,C0249,Electronics,2,215.33,0.0,3,0,4.0
O04849,2024-06-17,C1124,Electronics,1,75.14,0.1,4,0,4.0
O04850,2024-06-17,C0256,Clothing,1,15.64,0.1,3,0,3.0
O04851,2024-06-17,C1193,Clothing,3,24.97,0.2,2,0,5.0
O04852,2024-06-17,C0228,Toys,1,35.09,0.2,2,0,5.0
O04853,2024-06-17,C1884,Clothing,1,25.94,0.05,6,0,3.0
O04854,2024-06-17,C0129,Clothing,4,69.0,0.1,12,0,5.0
O04855,2024-06-17,C0514,Home & kitchen,1,33.83,0.2,2,0,3.0
O04856,2024-06-17,C1320,Toys,3,18.7,0.1,9,0,4.0
O04857,2024-06-17,C0493,Books,1,13.53,0.2,3,0,5.0
O04858,2024-06-17,C1725,Electronics,1,101.39,0.05,3,0,4.0
O04859,2024-06-17,C0580,Electronics,1,62.76,0.2,3,0,4.0
O04860,2024-06-17,C0299,Beauty,2,19.44,0.05,2,0,4.0
O04861,2024-06-17,C0286,Electronics,2,345.18,0.0,5,1,5.0
O04862,2024-06-17,C1712,Electronics,1,95.31,0.1,14,0,2.0
O04863,2024-06-17,C1990,Clothing,2,50.26,0.1,2,0,4.0
O04864,2024-06-17,C1858,Beauty,1,21.45,0.2,1,0,3.0
O04865,2024-06-17,C1483,Sports & outdoors,1,23.35,0.2,6,0,4.0
O04866,2024-06-17,C1563,Clothing,1,26.72,0.05,1,0,5.0
O04867,2024-06-17,C1768,Toys,1,20.88,0.15,8,0,5.0
O04868,2024-06-17,C1190,Electronics,1,362.29,0.1,1,0,5.0
O04869,2024-06-17,C1575,Toys,1,23.51,0.1,10,0,4.0
O04870,2024-06-17,C1107,Electronics,1,118.45,0.15,3,0,5.0
O04871,2024-06-17,C1805,Clothing,3,75.91,0.3,5,1,4.0
O04872,2024-06-17,C1912,Clothing,1,62.12,0.0,4,0,4.0
O04873,2024-06-17,C0603,Clothing,1,47.54,0.0,3,1,3.0
O04874,2024-06-18,C1998,Electronics,2,203.0,0.05,4,0,5.0
O04875,2024-06-18,C0852,Home & kitchen,1,38.43,0.0,3,0,5.0
O04876,2024-06-18,C1452,Beauty,3,14.64,0.3,1,0,5.0
O04877,2024-06-18,C1563,Clothing,1,42.14,0.05,3,0,4.0
O04878,2024-06-18,C0124,Electronics,1,134.4,0.15,6,0,4.0
O04879,2024-06-18,C0001,Books,1,13.19,0.0,1,0,4.0
O04880,2024-06-18,C0317,Toys,1,26.42,0.15,2,0,5.0
O04881,2024-06-18,C1196,Electronics,1,190.67,0.05,9,1,3.0
O04882,2024-06-18,C1859,Clothing,1,51.03,0.15,1,0,5.0
O04883,2024-06-18,C1627,Beauty,2,15.08,0.0,3,1,3.0
O04884,2024-06-18,C1262,Sports & outdoors,2,53.19,0.2,3,0,5.0
O04885,2024-06-18,C0435,Books,1,10.2,0.0,5,0,4.0
O04886,2024-06-18,C0530,Clothing,4,33.67,0.15,6,0,4.0
O04887,2024-06-18,C0166,Toys,1,17.58,0.2,3,0,5.0
O04888,2024-06-18,C0603,Toys,1,39.66,0.15,3,0,4.0
O04889,2024-06-18,C0235,Toys,1,18.68,0.3,6,0,5.0
O04890,2024-06-18,C1839,Books,1,9.17,0.3,3,0,
O04891,2024-06-18,C0892,Clothing,2,63.63,0.05,1,0,5.0
O04892,2024-06-18,C1963,Clothing,1,23.9,0.0,3,0,4.0
O04893,2024-06-18,C0316,Clothing,1,87.05,0.1,2,0,5.0
O04894,2024-06-18,C0081,Clothing,1,44.66,0.1,3,0,5.0
O04895,2024-06-18,C1083,Clothing,1,22.99,0.0,2,0,4.0
O04896,2024-06-18,C1534,Beauty,2,22.58,0.1,8,0,3.0
O04897,2024-06-18,C1214,Clothing,2,20.8,0.3,4,1,3.0
O04898,2024-06-19,C1448,Books,2,29.99,0.0,4,0,5.0
O04899,2024-06-19,C0336,Books,4,15.55,0.2,2,1,2.0
O04900,2024-06-19,C1909,Books,1,17.08,0.3,4,0,5.0
O04901,2024-06-19,C0380,Beauty,1,20.88,0.0,7,0,4.0
O04902,2024-06-19,C0437,Beauty,1,25.55,0.0,6,0,4.0
O04903,2024-06-19,C1798,Books,4,9.14,0.1,2,0,5.0
O04904,2024-06-19,C0791,Sports & outdoors,4,57.03,0.05,4,0,5.0
O04905,2024-06-19,C0215,Toys,1,34.52,0.2,3,0,5.0
O04906,2024-06-19,C1598,Sports & outdoors,2,38.92,0.0,2,0,5.0
O04907,2024-06-19,C1737,Sports & outdoors,1,228.2,0.3,3,1,3.0
O04908,2024-06-19,C0206,Electronics,2,236.8,0.2,4,0,5.0
O04909,2024-06-19,C0317,Home & kitchen,4,92.32,0.0,4,0,4.0
O04910,2024-06-19,C0435,Toys,1,23.36,0.0,3,0,4.0
O04911,2024-06-19,C1215,Toys,2,17.02,0.05,3,0,5.0
O04912,2024-06-19,C1143,Clothing,1,49.74,0.0,3,0,5.0
O04913,2024-06-19,C0272,Home & kitchen,4,43.79,0.05,4,1,2.0
O04914,2024-06-19,C1485,Books,4,14.41,0.1,3,0,5.0
O04915,2024-06-19,C1366,Home & kitchen,2,31.24,0.3,3,0,4.0
O04916,2024-06-19,C0996,Sports & outdoors,1,90.92,0.0,1,0,5.0
O04917,2024-06-19,C1090,Toys,3,31.15,0.2,1,0,5.0
O04918,2024-06-19,C1029,Books,3,17.18,0.3,3,0,5.0
O04919,2024-06-19,C1746,Books,1,12.48,0.2,2,0,5.0
O04920,2024-06-19,C0600,Sports & outdoors,1,38.32,0.3,5,0,5.0
O04921,2024-06-19,C1750,Electronics,2,120.18,0.0,1,0,5.0
O04922,2024-06-19,C1577,Beauty,1,23.2,0.1,4,0,5.0
O04923,2024-06-19,C0229,Clothing,3,39.79,0.0,1,1,5.0
O04924,2024-06-19,C1677,Books,3,13.78,0.0,1,0,5.0
O04925,2024-06-19,C0751,Toys,1,36.42,0.05,3,0,5.0
O04926,2024-06-19,C0114,Home & kitchen,1,41.2,0.05,8,0,4.0
O04927,2024-06-19,C0024,Books,2,11.42,0.15,3,0,4.0
O04928,2024-06-19,C0757,Sports & outdoors,4,31.45,0.3,1,0,5.0
O04929,2024-06-20,C1511,Books,1,17.85,0.2,6,0,4.0
O04930,2024-06-20,C0983,Home & kitchen,1,49.47,0.05,2,0,5.0
O04931,2024-06-20,C0420,Sports & outdoors,1,55.78,0.2,4,0,5.0
O04932,2024-06-20,C1017,Beauty,1,25.17,0.2,3,0,4.0
O04933,2024-06-20,C0378,Home & kitchen,1,52.6,0.0,5,1,3.0
O04934,2024-06-20,C1338,Electronics,1,59.06,0.0,1,1,3.0
O04935,2024-06-20,C1755,Electronics,2,328.73,0.15,2,0,4.0
O04936,2024-06-20,C0915,Books,4,6.1,0.15,4,0,5.0
O04937,2024-06-20,C1548,Clothing,2,15.48,0.2,5,0,4.0
O04938,2024-06-20,C0351,Clothing,1,40.82,0.05,2,0,5.0
O04939,2024-06-20,C1577,Beauty,2,47.54,0.0,6,0,4.0
O04940,2024-06-20,C1799,Electronics,1,258.52,0.05,4,0,4.0
O04941,2024-06-20,C1614,Home & kitchen,1,30.9,0.0,3,0,4.0
O04942,2024-06-20,C1980,Clothing,1,17.16,0.0,4,0,3.0
O04943,2024-06-20,C1389,Books,4,11.81,0.3,1,1,2.0
O04944,2024-06-20,C0254,Electronics,1,82.16,0.05,4,0,4.0
O04945,2024-06-20,C0105,Electronics,3,161.28,0.1,1,0,4.0
O04946,2024-06-20,C1854,Electronics,2,127.6,0.1,2,0,4.0
O04947,2024-06-20,C1972,Home & kitchen,1,115.16,0.15,5,0,4.0
O04948,2024-06-20,C0781,Home & kitchen,4,16.86,0.0,5,0,
O04949,2024-06-20,C1880,Electronics,2,1125.34,0.2,4,0,3.0
O04950,2024-06-20,C0697,Electronics,1,572.75,0.15,9,0,4.0
O04951,2024-06-20,C1142,Beauty,2,45.77,0.15,1,0,4.0
O04952,2024-06-20,C1000,Books,4,12.88,0.05,1,0,4.0
O04953,2024-06-20,C1395,Home & kitchen,2,35.41,0.1,12,0,3.0
O04954,2024-06-20,C1224,Home & kitchen,3,72.81,0.05,5,0,5.0
O04955,2024-06-20,C1042,Books,2,19.55,0.2,2,0,4.0
O04956,2024-06-20,C1194,Electronics,1,37.8,0.0,7,1,2.0
O04957,2024-06-20,C1349,Toys,1,17.03,0.0,1,0,5.0
O04958,2024-06-20,C1057,Clothing,1,53.55,0.15,5,0,2.0
O04959,2024-06-20,C1193,Electronics,2,19.5,0.15,8,0,5.0
O04960,2024-06-20,C0646,Electronics,1,243.54,0.3,4,1,3.0
O04961,2024-06-20,C0746,Books,2,20.42,0.05,3,1,3.0
O04962,2024-06-20,C0643,Electronics,3,97.33,0.0,3,0,4.0
O04963,2024-06-20,C1131,Home & kitchen,1,48.41,0.0,4,0,5.0
O04964,2024-06-20,C0831,Electronics,1,263.39,0.15,1,0,5.0
O04965,2024-06-20,C1835,Clothing,3,40.24,0.05,7,0,4.0
O04966,2024-06-20,C0730,Clothing,1,13.1,0.0,6,0,5.0
O04967,2024-06-20,C1444,Clothing,1,104.49,0.0,2,0,5.0
O04968,2024-06-21,C0313,Home & kitchen,1,63.48,0.0,4,0,4.0
O04969,2024-06-21,C1001,Clothing,1,34.7,0.1,4,1,3.0
O04970,2024-06-21,C0006,Books,2,17.64,0.0,1,0,4.0
O04971,2024-06-21,C1508,Clothing,1,31.03,0.0,3,0,4.0
O04972,2024-06-21,C0347,Books,1,11.04,0.0,3,0,5.0
O04973,2024-06-21,C1945,Toys,4,17.81,0.2,4,0,5.0
O04974,2024-06-21,C0063,Home & kitchen,1,94.87,0.15,3,0,5.0
O04975,2024-06-21,C1745,Toys,1,40.26,0.0,6,0,3.0
O04976,2024-06-21,C1551,Sports & outdoors,3,83.96,0.1,2,0,4.0
O04977,2024-06-21,C0802,Clothing,1,73.71,0.2,1,0,4.0
O04978,2024-06-21,C1745,Clothing,3,26.53,0.0,3,0,5.0
O04979,2024-06-21,C1864,Clothing,1,27.24,0.1,2,0,
O04980,2024-06-21,C0972,Toys,1,33.19,0.2,5,0,5.0
O04981,2024-06-21,C1118,Books,1,20.82,0.1,7,0,5.0
O04982,2024-06-21,C0022,Clothing,4,21.02,0.0,2,1,3.0
O04983,2024-06-21,C0518,Books,2,22.5,0.2,1,0,5.0
O04984,2024-06-21,C1288,Sports & outdoors,4,50.81,0.1,1,0,5.0
O04985,2024-06-21,C0369,Electronics,2,97.34,0.3,1,0,3.0
O04986,2024-06-21,C0410,Home & kitchen,3,53.89,0.05,2,0,4.0
O04987,2024-06-21,C1814,Clothing,4,32.68,0.0,4,0,5.0
O04988,2024-06-21,C1834,Clothing,1,67.73,0.1,3,1,2.0
O04989,2024-06-21,C1888,Clothing,1,50.46,0.0,4,0,4.0
O04990,2024-06-21,C0290,Clothing,2,41.03,0.0,10,0,3.0
O04991,2024-06-21,C0952,Toys,1,18.75,0.0,1,0,4.0
O04992,2024-06-21,C1313,Home & kitchen,1,66.48,0.2,5,0,
O04993,2024-06-21,C0141,Clothing,2,16.07,0.1,1,0,4.0
O04994,2024-06-21,C0182,Home & kitchen,1,45.42,0.0,5,0,5.0
O04995,2024-06-21,C0842,Books,4,12.75,0.05,3,0,5.0
O04996,2024-06-21,C0709,Home & kitchen,1,45.21,0.0,2,0,5.0
O04997,2024-06-21,C1992,Clothing,3,41.87,0.0,2,0,4.0
O04998,2024-06-21,C1381,Books,1,9.07,0.15,1,0,5.0
O04999,2024-06-21,C0359,Beauty,2,16.56,0.0,1,0,5.0
O05000,2024-06-21,C1726,Books,2,21.88,0.15,3,0,5.0
O05001,2024-06-21,C1261,Home & kitchen,2,17.79,0.0,1,0,5.0
O05002,2024-06-21,C0562,Electronics,2,111.16,0.3,4,0,5.0
O05003,2024-06-21,C1065,Beauty,2,27.33,0.0,4,0,4.0
O05004,2024-06-21,C0380,Clothing,2,33.51,0.0,7,0,5.0
O05005,2024-06-21,C1906,Home & kitchen,2,58.19,0.3,2,0,5.0
O05006,2024-06-21,C0847,Toys,3,12.94,0.3,3,0,5.0
O05007,2024-06-21,C0006,Sports & outdoors,1,34.56,0.3,2,0,5.0
O05008,2024-06-22,C0507,Home & kitchen,1,31.4,0.05,7,0,5.0
O05009,2024-06-22,C0515,Toys,2,28.77,0.1,3,0,5.0
O05010,2024-06-22,C1707,Home & kitchen,1,52.8,0.0,2,0,4.0
O05011,2024-06-22,C1087,Home & kitchen,4,50.21,0.15,2,0,5.0
O05012,2024-06-22,C0876,Clothing,2,34.62,0.15,6,1,4.0
O05013,2024-06-22,C1255,Electronics,1,62.85,0.0,1,0,4.0
O05014,2024-06-22,C1779,Toys,2,40.42,0.1,2,0,
O05015,2024-06-22,C0129,Books,3,15.71,0.05,4,0,4.0
O05016,2024-06-22,C0041,Beauty,1,24.58,0.15,3,0,
O05017,2024-06-22,C1224,Books,2,21.6,0.0,2,0,4.0
O05018,2024-06-22,C0673,Clothing,1,40.45,0.15,6,0,5.0
O05019,2024-06-22,C0436,Clothing,4,14.43,0.15,2,0,4.0
O05020,2024-06-22,C0727,Home & kitchen,1,48.15,0.1,2,1,3.0
O05021,2024-06-22,C1141,Books,1,14.89,0.0,5,0,3.0
O05022,2024-06-22,C1256,Home & kitchen,4,41.68,0.15,2,0,5.0
O05023,2024-06-22,C1060,Electronics,1,113.87,0.05,4,0,4.0
O05024,2024-06-22,C0040,Clothing,1,42.41,0.0,9,1,2.0
O05025,2024-06-22,C1202,Home & kitchen,2,43.1,0.1,4,0,4.0
O05026,2024-06-22,C1742,Home & kitchen,3,78.16,0.15,6,0,3.0
O05027,2024-06-22,C0971,Sports & outdoors,4,120.62,0.0,1,0,4.0
O05028,2024-06-22,C0480,Books,3,11.92,0.0,1,0,5.0
O05029,2024-06-22,C0877,Clothing,4,15.48,0.2,5,0,4.0
O05030,2024-06-22,C1098,Clothing,1,32.94,0.0,1,0,4.0
O05031,2024-06-23,C0893,Home & kitchen,1,27.35,0.0,1,0,4.0
O05032,2024-06-23,C0033,Home & kitchen,1,37.01,0.3,2,0,5.0
O05033,2024-06-23,C0980,Electronics,2,335.78,0.0,1,1,3.0
O05034,2024-06-23,C0088,Beauty,1,34.14,0.0,5,0,4.0
O05035,2024-06-23,C1474,Home & kitchen,1,187.42,0.1,1,0,4.0
O05036,2024-06-23,C1442,Beauty,1,19.32,0.15,3,0,5.0
O05037,2024-06-23,C1913,Sports & outdoors,3,97.78,0.05,8,0,4.0
O05038,2024-06-23,C1868,Clothing,1,22.88,0.0,6,0,4.0
O05039,2024-06-23,C0274,Electronics,4,285.62,0.0,2,0,4.0
O05040,2024-06-23,C0315,Clothing,3,22.6,0.1,5,0,5.0
O05041,2024-06-23,C0213,Electronics,1,802.98,0.15,2,0,4.0
O05042,2024-06-23,C0816,Sports & outdoors,1,56.14,0.05,5,0,4.0
O05043,2024-06-23,C0700,Toys,4,29.68,0.1,3,0,5.0
O05044,2024-06-23,C0749,Electronics,4,233.0,0.3,1,1,2.0
O05045,2024-06-23,C0012,Clothing,2,48.39,0.15,3,0,5.0
O05046,2024-06-23,C1026,Toys,2,30.93,0.15,2,0,3.0
O05047,2024-06-23,C1731,Clothing,1,40.66,0.0,1,0,5.0
O05048,2024-06-23,C1790,Toys,2,53.17,0.0,2,0,5.0
O05049,2024-06-23,C1355,Beauty,2,29.39,0.1,2,0,5.0
O05050,2024-06-23,C0814,Beauty,2,18.06,0.3,3,0,5.0
O05051,2024-06-23,C1328,Sports & outdoors,4,47.09,0.05,4,0,4.0
O05052,2024-06-23,C1385,Sports & outdoors,1,127.93,0.2,8,0,4.0
O05053,2024-06-23,C0735,Home & kitchen,3,97.64,0.15,4,0,4.0
O05054,2024-06-23,C1197,Beauty,3,14.57,0.1,1,0,3.0
O05055,2024-06-23,C0236,Electronics,2,290.88,0.15,5,0,5.0
O05056,2024-06-23,C0641,Toys,3,17.81,0.0,1,0,5.0
O05057,2024-06-23,C1891,Home & kitchen,3,64.29,0.0,2,0,4.0
O05058,2024-06-23,C1980,Home & kitchen,2,77.15,0.05,1,0,4.0
O05059,2024-06-23,C0411,Sports & outdoors,1,195.35,0.1,7,0,3.0
O05060,2024-06-24,C1094,Clothing,1,26.77,0.0,5,0,4.0
O05061,2024-06-24,C0023,Books,2,17.37,0.1,4,0,4.0
O05062,2024-06-24,C0797,Clothing,1,37.94,0.1,3,0,5.0
O05063,2024-06-24,C1370,Home & kitchen,2,25.25,0.3,2,0,5.0
O05064,2024-06-24,C0021,Beauty,2,30.45,0.0,7,1,3.0
O05065,2024-06-24,C1337,Electronics,3,176.67,0.15,8,0,5.0
O05066,2024-06-24,C0999,Home & kitchen,2,47.23,0.0,6,0,4.0
O05067,2024-06-24,C0178,Electronics,3,121.24,0.1,8,1,4.0
O05068,2024-06-24,C1997,Clothing,1,66.38,0.0,3,0,4.0
O05069,2024-06-24,C1706,Home & kitchen,2,76.5,0.0,4,0,
O05070,2024-06-24,C1599,Clothing,3,41.86,0.2,5,0,4.0
O05071,2024-06-24,C1334,Clothing,4,15.45,0.05,1,0,5.0
O05072,2024-06-24,C0457,Home & kitchen,3,121.85,0.05,2,0,4.0
O05073,2024-06-24,C1608,Sports & outdoors,2,54.92,0.0,5,0,4.0
O05074,2024-06-24,C0421,Home & kitchen,1,16.17,0.1,3,0,5.0
O05075,2024-06-24,C1833,Beauty,1,16.26,0.05,12,0,3.0
O05076,2024-06-24,C0895,Clothing,1,24.43,0.05,6,0,4.0
O05077,2024-06-24,C1344,Beauty,4,16.54,0.0,4,0,5.0
O05078,2024-06-24,C1154,Books,2,15.46,0.0,3,0,5.0
O05079,2024-06-24,C1087,Clothing,3,74.13,0.0,6,0,5.0
O05080,2024-06-24,C0145,Home & kitchen,1,18.55,0.3,3,0,5.0
O05081,2024-06-24,C1147,Books,1,11.09,0.0,2,0,5.0
O05082,2024-06-24,C0654,Clothing,3,48.73,0.0,2,0,5.0
O05083,2024-06-24,C0473,Beauty,1,19.48,0.15,2,0,4.0
O05084,2024-06-24,C0850,Home & kitchen,1,22.08,0.15,5,0,4.0
O05085,2024-06-24,C1371,Sports & outdoors,4,37.01,0.3,6,0,5.0
O05086,2024-06-24,C0740,Electronics,4,137.12,0.15,2,0,5.0
O05087,2024-06-24,C0734,Books,1,12.29,0.05,4,1,2.0
O05088,2024-06-24,C0685,Toys,3,24.93,0.1,6,0,5.0
O05089,2024-06-24,C0344,Beauty,3,17.3,0.0,4,0,4.0
O05090,2024-06-24,C1063,Beauty,4,10.14,0.05,10,0,3.0
O05091,2024-06-24,C1796,Electronics,3,361.6,0.05,6,0,
O05092,2024-06-24,C0862,Home & kitchen,2,22.89,0.2,5,0,4.0
O05093,2024-06-24,C1003,Electronics,4,760.11,0.3,1,0,5.0
O05094,2024-06-24,C1681,Beauty,1,23.2,0.1,5,0,4.0
O05095,2024-06-24,C1273,Toys,2,31.87,0.2,2,0,4.0
O05096,2024-06-24,C0390,Toys,1,12.42,0.0,1,0,5.0
O05097,2024-06-25,C0906,Electronics,4,97.55,0.15,3,0,4.0
O05098,2024-06-25,C1228,Electronics,3,69.28,0.0,7,0,3.0
O05099,2024-06-25,C1543,Home & kitchen,2,52.06,0.15,8,0,3.0
O05100,2024-06-25,C0928,Clothing,1,40.94,0.05,4,0,4.0
O05101,2024-06-25,C0422,Home & kitchen,1,75.56,0.05,3,0,4.0
O05102,2024-06-25,C1352,Home & kitchen,4,33.63,0.15,11,0,
O05103,2024-06-25,C0983,Clothing,3,79.06,0.0,2,0,5.0
O05104,2024-06-25,C0868,Beauty,1,33.07,0.2,1,0,5.0
O05105,2024-06-25,C1794,Toys,1,29.77,0.1,6,0,4.0
O05106,2024-06-25,C0180,Books,1,17.4,0.3,4,0,5.0
O05107,2024-06-25,C1334,Beauty,2,13.37,0.0,1,0,5.0
O05108,2024-06-25,C0734,Books,2,16.69,0.05,1,0,4.0
O05109,2024-06-25,C1483,Beauty,2,20.93,0.0,7,0,4.0
O05110,2024-06-25,C0165,Beauty,1,26.6,0.0,1,0,4.0
O05111,2024-06-25,C1001,Toys,1,12.74,0.0,4,0,4.0
O05112,2024-06-25,C0838,Beauty,1,15.04,0.2,2,1,3.0
O05113,2024-06-25,C0320,Home & kitchen,1,14.27,0.3,6,1,1.0
O05114,2024-06-25,C0577,Electronics,2,312.55,0.15,1,0,5.0
O05115,2024-06-25,C1671,Electronics,1,44.21,0.15,4,0,5.0
O05116,2024-06-25,C1368,Electronics,3,205.69,0.1,3,0,5.0
O05117,2024-06-25,C0107,Home & kitchen,1,20.0,0.1,4,0,4.0
O05118,2024-06-25,C1737,Sports & outdoors,1,27.81,0.2,2,0,5.0
O05119,2024-06-25,C0818,Clothing,2,53.08,0.1,5,0,3.0
O05120,2024-06-25,C0849,Home & kitchen,1,87.71,0.1,7,0,4.0
O05121,2024-06-25,C0388,Electronics,1,148.36,0.05,10,0,3.0
O05122,2024-06-25,C1971,Clothing,4,36.64,0.2,3,1,4.0
O05123,2024-06-25,C0617,Electronics,2,199.06,0.0,2,0,4.0
O05124,2024-06-25,C1520,Clothing,2,34.51,0.1,3,0,5.0
O05125,2024-06-25,C0918,Beauty,1,21.7,0.2,4,0,4.0
O05126,2024-06-25,C0714,Clothing,1,26.85,0.15,4,1,3.0
O05127,2024-06-26,C1405,Beauty,2,27.23,0.05,4,0,4.0
O05128,2024-06-26,C0469,Sports & outdoors,3,206.15,0.0,1,0,4.0
O05129,2024-06-26,C1732,Clothing,2,137.36,0.1,2,0,5.0
O05130,2024-06-26,C1080,Home & kitchen,2,145.72,0.0,1,0,5.0
O05131,2024-06-26,C0981,Beauty,3,36.05,0.3,3,0,3.0
O05132,2024-06-26,C1523,Toys,1,16.31,0.15,6,0,5.0
O05133,2024-06-26,C0728,Home & kitchen,1,9.25,0.2,3,0,5.0
O05134,2024-06-26,C0558,Clothing,2,99.7,0.15,5,0,5.0
O05135,2024-06-26,C1751,Books,2,16.1,0.3,6,0,4.0
O05136,2024-06-26,C0897,Electronics,2,84.36,0.0,1,0,5.0
O05137,2024-06-26,C1414,Clothing,4,22.52,0.1,1,0,4.0
O05138,2024-06-26,C1784,Books,2,13.53,0.3,1,0,5.0
O05139,2024-06-26,C1821,Clothing,3,34.31,0.2,4,0,
O05140,2024-06-26,C1802,Toys,2,30.5,0.0,9,0,3.0
O05141,2024-06-26,C0244,Electronics,2,157.12,0.1,1,0,4.0
O05142,2024-06-26,C0544,Toys,3,17.41,0.0,2,0,5.0
O05143,2024-06-26,C0844,Books,1,10.79,0.2,1,0,5.0
O05144,2024-06-26,C1824,Electronics,1,179.84,0.1,5,0,4.0
O05145,2024-06-26,C0179,Books,1,7.88,0.1,1,0,
O05146,2024-06-26,C1530,Home & kitchen,2,9.38,0.0,2,0,5.0
O05147,2024-06-26,C0774,Electronics,3,314.78,0.3,4,0,5.0
O05148,2024-06-26,C1209,Home & kitchen,4,16.04,0.0,5,0,4.0
O05149,2024-06-26,C1078,Books,1,17.43,0.0,1,0,5.0
O05150,2024-06-26,C1162,Toys,1,29.57,0.1,6,0,5.0
O05151,2024-06-26,C1671,Books,4,15.89,0.3,7,0,4.0
O05152,2024-06-26,C1044,Clothing,4,29.1,0.0,2,0,5.0
O05153,2024-06-26,C1467,Books,1,14.34,0.15,1,0,4.0
O05154,2024-06-26,C0858,Home & kitchen,2,59.93,0.0,5,0,5.0
O05155,2024-06-27,C1608,Clothing,2,33.35,0.05,3,1,3.0
O05156,2024-06-27,C1849,Clothing,1,25.5,0.1,3,0,5.0
O05157,2024-06-27,C0293,Sports & outdoors,4,41.68,0.1,3,0,4.0
O05158,2024-06-27,C0018,Toys,2,23.42,0.1,10,0,3.0
O05159,2024-06-27,C1653,Toys,3,13.71,0.15,2,0,5.0
O05160,2024-06-27,C1225,Electronics,1,77.83,0.0,1,0,5.0
O05161,2024-06-27,C0683,Clothing,1,85.41,0.2,8,1,2.0
O05162,2024-06-27,C0465,Books,1,12.4,0.0,2,0,5.0
O05163,2024-06-27,C1571,Books,1,17.21,0.0,4,0,4.0
O05164,2024-06-27,C0310,Electronics,2,240.07,0.0,3,0,5.0
O05165,2024-06-27,C1128,Sports & outdoors,1,66.47,0.05,6,0,4.0
O05166,2024-06-27,C1989,Toys,1,22.43,0.0,8,0,4.0
O05167,2024-06-27,C0708,Home & kitchen,1,42.54,0.1,2,0,4.0
O05168,2024-06-27,C0890,Sports & outdoors,4,78.93,0.0,3,0,4.0
O05169,2024-06-27,C0166,Books,1,11.57,0.3,3,0,5.0
O05170,2024-06-27,C0392,Beauty,3,34.97,0.2,3,0,5.0
O05171,2024-06-27,C0406,Electronics,2,346.49,0.3,2,1,2.0
O05172,2024-06-27,C0429,Toys,3,42.45,0.0,1,0,4.0
O05173,2024-06-27,C1052,Books,3,17.91,0.0,1,0,4.0
O05174,2024-06-27,C0242,Electronics,1,282.3,0.1,1,0,4.0
O05175,2024-06-28,C1161,Books,2,16.45,0.15,3,0,5.0
O05176,2024-06-28,C0302,Sports & outdoors,2,27.3,0.0,1,0,5.0
O05177,2024-06-28,C1202,Beauty,2,18.32,0.3,5,0,5.0
O05178,2024-06-28,C1750,Home & kitchen,1,29.51,0.05,5,0,5.0
O05179,2024-06-28,C0906,Beauty,2,31.95,0.2,1,0,5.0
O05180,2024-06-28,C0977,Sports & outdoors,2,73.73,0.1,3,0,5.0
O05181,2024-06-28,C1458,Books,1,12.63,0.3,3,0,5.0
O05182,2024-06-28,C1234,Books,1,8.82,0.3,3,1,4.0
O05183,2024-06-28,C0316,Home & kitchen,1,40.26,0.05,6,1,3.0
O05184,2024-06-28,C0301,Home & kitchen,1,52.15,0.0,5,0,4.0
O05185,2024-06-28,C1369,Home & kitchen,2,43.76,0.0,4,1,3.0
O05186,2024-06-28,C0607,Clothing,2,82.78,0.0,1,0,4.0
O05187,2024-06-28,C0457,Clothing,1,28.03,0.2,4,1,3.0
O05188,2024-06-28,C0016,Toys,1,21.17,0.0,2,0,4.0
O05189,2024-06-28,C0740,Home & kitchen,4,37.97,0.0,5,0,4.0
O05190,2024-06-28,C0219,Beauty,1,18.67,0.0,6,0,4.0
O05191,2024-06-28,C1516,Clothing,4,20.24,0.1,2,0,5.0
O05192,2024-06-28,C0287,Beauty,2,83.63,0.15,4,0,4.0
O05193,2024-06-28,C1301,Beauty,1,22.48,0.2,5,0,4.0
O05194,2024-06-28,C0481,Clothing,1,33.51,0.15,2,0,5.0
O05195,2024-06-28,C1535,Toys,2,63.76,0.0,1,0,5.0
O05196,2024-06-28,C0028,Electronics,1,391.29,0.0,8,0,5.0
O05197,2024-06-28,C0306,Clothing,1,25.26,0.0,11,1,2.0
O05198,2024-06-28,C0505,Books,4,10.2,0.0,4,0,5.0
O05199,2024-06-28,C0413,Clothing,4,56.99,0.3,5,0,4.0
O05200,2024-06-28,C0598,Clothing,2,26.3,0.2,3,1,2.0
O05201,2024-06-29,C1668,Home & kitchen,2,102.25,0.0,2,0,5.0
O05202,2024-06-29,C1408,Electronics,1,142.85,0.2,4,0,4.0
O05203,2024-06-29,C1389,Electronics,1,57.96,0.2,3,0,4.0
O05204,2024-06-29,C0858,Clothing,1,70.94,0.2,1,0,5.0
O05205,2024-06-29,C0882,Home & kitchen,1,29.12,0.2,8,0,4.0
O05206,2024-06-29,C1178,Books,3,13.47,0.0,4,0,3.0
O05207,2024-06-29,C1885,Electronics,2,284.45,0.15,3,1,4.0
O05208,2024-06-29,C1960,Clothing,1,15.43,0.2,2,0,
O05209,2024-06-29,C0363,Sports & outdoors,2,29.93,0.0,6,0,5.0
O05210,2024-06-29,C1845,Electronics,4,101.69,0.2,1,0,5.0
O05211,2024-06-29,C1586,Books,3,24.0,0.05,4,0,4.0
O05212,2024-06-29,C1731,Books,1,8.91,0.3,3,1,3.0
O05213,2024-06-29,C1766,Electronics,4,168.15,0.0,5,0,5.0
O05214,2024-06-29,C1085,Clothing,1,34.61,0.0,1,0,5.0
O05215,2024-06-29,C1510,Sports & outdoors,3,30.18,0.3,7,0,4.0
O05216,2024-06-29,C1838,Clothing,1,102.97,0.3,2,1,3.0
O05217,2024-06-29,C0763,Books,2,10.11,0.3,3,0,5.0
O05218,2024-06-29,C0225,Home & kitchen,3,46.25,0.15,2,0,5.0
O05219,2024-06-29,C0050,Books,3,23.9,0.0,1,1,3.0
O05220,2024-06-29,C1770,Home & kitchen,4,22.68,0.1,7,0,4.0
O05221,2024-06-29,C1245,Beauty,3,19.46,0.2,5,0,3.0
O05222,2024-06-29,C1697,Sports & outdoors,1,39.7,0.0,6,0,4.0
O05223,2024-06-29,C0661,Sports & outdoors,3,23.95,0.1,2,0,5.0
O05224,2024-06-29,C0766,Home & kitchen,4,56.79,0.2,1,0,5.0
O05225,2024-06-29,C0100,Clothing,3,13.02,0.2,4,0,5.0
O05226,2024-06-29,C0727,Books,1,11.07,0.0,1,1,2.0
O05227,2024-06-29,C1872,Home & kitchen,2,24.4,0.0,7,0,4.0
O05228,2024-06-29,C1298,Home & kitchen,1,91.46,0.0,7,0,5.0
O05229,2024-06-29,C0472,Beauty,2,18.53,0.2,4,0,5.0
O05230,2024-06-29,C0063,Beauty,3,15.44,0.15,1,0,5.0
O05231,2024-06-29,C0511,Beauty,4,32.27,0.15,1,0,5.0
O05232,2024-06-29,C1672,Electronics,2,140.14,0.3,2,0,5.0
O05233,2024-06-29,C0088,Home & kitchen,2,68.72,0.0,4,0,4.0
O05234,2024-06-29,C0798,Books,2,17.73,0.1,8,0,4.0
O05235,2024-06-30,C0544,Toys,1,17.14,0.3,1,0,4.0
O05236,2024-06-30,C0186,Toys,1,47.38,0.0,6,0,5.0
O05237,2024-06-30,C0525,Electronics,2,197.73,0.15,1,0,4.0
O05238,2024-06-30,C1133,Beauty,4,26.64,0.05,5,0,4.0
O05239,2024-06-30,C0683,Home & kitchen,2,14.74,0.0,1,0,5.0
O05240,2024-06-30,C1232,Electronics,1,535.35,0.3,6,0,4.0
O05241,2024-06-30,C0790,Toys,2,16.22,0.15,2,0,5.0
O05242,2024-06-30,C0249,Beauty,2,23.37,0.05,4,0,5.0
O05243,2024-06-30,C1724,Home & kitchen,1,8.99,0.3,1,0,4.0
O05244,2024-06-30,C0543,Home & kitchen,1,66.61,0.0,7,0,5.0
O05245,2024-06-30,C0216,Clothing,4,32.78,0.0,5,0,3.0
O05246,2024-06-30,C0659,Clothing,2,30.91,0.15,7,0,4.0
O05247,2024-06-30,C0647,Electronics,1,803.13,0.0,6,0,5.0
O05248,2024-06-30,C1985,Beauty,1,14.52,0.15,6,0,3.0
O05249,2024-06-30,C1919,Sports & outdoors,4,75.93,0.2,4,0,3.0
O05250,2024-06-30,C1045,Books,1,11.99,0.1,9,0,5.0
O05251,2024-06-30,C0866,Clothing,2,38.55,0.0,3,0,4.0
O05252,2024-06-30,C0957,Sports & outdoors,1,52.39,0.0,1,0,5.0
O05253,2024-06-30,C0004,Sports & outdoors,1,43.1,0.05,3,0,4.0
O05254,2024-06-30,C1030,Books,1,11.61,0.1,7,0,4.0
O05255,2024-06-30,C0673,Clothing,1,43.64,0.2,2,0,4.0
O05256,2024-06-30,C1934,Toys,2,30.41,0.05,2,0,4.0
O05257,2024-06-30,C0145,Toys,1,50.28,0.0,7,0,3.0
O05258,2024-06-30,C0310,Clothing,2,47.33,0.2,8,0,4.0
O05259,2024-06-30,C0231,Toys,2,24.08,0.0,3,0,5.0
O05260,2024-06-30,C0323,Books,1,15.2,0.3,5,1,3.0
O05261,2024-06-30,C1011,Books,1,19.76,0.3,1,0,4.0
O05262,2024-06-30,C1804,Electronics,4,379.15,0.15,8,1,3.0
O05263,2024-06-30,C1354,Clothing,2,55.82,0.2,3,0,5.0
O05264,2024-06-30,C0125,Sports & outdoors,2,31.42,0.05,6,0,5.0
O05265,2024-06-30,C0394,Clothing,4,46.93,0.0,7,0,4.0
O05266,2024-06-30,C0022,Books,3,12.58,0.05,2,1,2.0
O05267,2024-06-30,C0160,Home & kitchen,1,17.9,0.2,2,0,5.0
O05268,2024-07-01,C1825,Clothing,3,77.79,0.0,4,0,4.0
O05269,2024-07-01,C1769,Sports & outdoors,2,187.47,0.05,6,1,2.0
O05270,2024-07-01,C0416,Clothing,3,13.49,0.3,3,0,5.0
O05271,2024-07-01,C1585,Clothing,4,45.91,0.05,2,0,5.0
O05272,2024-07-01,C0372,Books,1,7.63,0.0,4,0,4.0
O05273,2024-07-01,C1477,Home & kitchen,2,25.74,0.1,3,0,5.0
O05274,2024-07-01,C0143,Clothing,1,51.6,0.1,5,0,5.0
O05275,2024-07-01,C0750,Books,3,19.65,0.2,3,0,5.0
O05276,2024-07-01,C1146,Beauty,1,24.37,0.15,5,0,4.0
O05277,2024-07-01,C1943,Books,1,14.29,0.15,2,0,5.0
O05278,2024-07-01,C0157,Home & kitchen,2,46.93,0.0,4,0,5.0
O05279,2024-07-01,C0291,Beauty,1,23.48,0.05,4,0,4.0
O05280,2024-07-01,C0235,Clothing,1,31.92,0.0,2,1,3.0
O05281,2024-07-01,C1779,Electronics,4,89.64,0.05,4,0,
O05282,2024-07-01,C1642,Electronics,1,169.76,0.15,5,0,5.0
O05283,2024-07-01,C0798,Home & kitchen,4,60.91,0.2,2,0,5.0
O05284,2024-07-01,C1801,Beauty,4,18.84,0.1,1,0,5.0
O05285,2024-07-01,C0812,Beauty,2,19.45,0.2,5,0,4.0
O05286,2024-07-01,C0822,Home & kitchen,3,56.47,0.0,5,0,4.0
O05287,2024-07-01,C1112,Electronics,1,557.44,0.05,4,0,4.0
O05288,2024-07-01,C0633,Sports & outdoors,2,40.66,0.1,4,0,5.0
O05289,2024-07-01,C0497,Toys,2,12.97,0.0,1,0,4.0
O05290,2024-07-02,C1833,Electronics,1,295.81,0.3,1,0,4.0
O05291,2024-07-02,C1798,Sports & outdoors,1,18.58,0.3,4,0,4.0
O05292,2024-07-02,C1091,Beauty,1,25.82,0.0,6,0,4.0
O05293,2024-07-02,C0650,Home & kitchen,3,73.84,0.0,1,0,5.0
O05294,2024-07-02,C1930,Clothing,4,34.82,0.0,8,1,2.0
O05295,2024-07-02,C0259,Beauty,2,37.02,0.0,6,0,5.0
O05296,2024-07-02,C1974,Beauty,3,30.1,0.1,4,0,5.0
O05297,2024-07-02,C1593,Beauty,3,30.73,0.05,2,0,4.0
O05298,2024-07-02,C1364,Home & kitchen,1,10.66,0.1,3,0,5.0
O05299,2024-07-02,C1814,Home & kitchen,1,59.33,0.0,3,0,
O05300,2024-07-02,C0143,Toys,1,18.21,0.05,6,0,4.0
O05301,2024-07-02,C1120,Electronics,1,167.82,0.2,1,1,4.0
O05302,2024-07-02,C1612,Electronics,3,148.83,0.05,2,1,3.0
O05303,2024-07-02,C1321,Clothing,1,30.48,0.3,1,0,5.0
O05304,2024-07-02,C1165,Clothing,4,38.62,0.15,4,1,3.0
O05305,2024-07-02,C0467,Home & kitchen,4,19.23,0.0,2,0,5.0
O05306,2024-07-02,C1925,Books,3,17.6,0.1,8,0,3.0
O05307,2024-07-02,C1863,Electronics,1,251.32,0.2,4,0,4.0
O05308,2024-07-02,C1123,Clothing,1,20.61,0.3,3,0,5.0
O05309,2024-07-02,C1337,Sports & outdoors,3,26.98,0.0,3,0,5.0
O05310,2024-07-02,C1873,Home & kitchen,4,16.48,0.2,5,0,5.0
O05311,2024-07-02,C0080,Toys,1,10.67,0.0,5,0,5.0
O05312,2024-07-02,C0711,Books,1,18.53,0.0,2,0,5.0
O05313,2024-07-02,C1678,Home & kitchen,1,70.91,0.2,2,0,5.0
O05314,2024-07-03,C0685,Toys,3,22.04,0.3,2,0,5.0
O05315,2024-07-03,C0514,Electronics,3,76.58,0.15,1,0,5.0
O05316,2024-07-03,C1761,Clothing,1,45.77,0.3,3,1,4.0
O05317,2024-07-03,C1992,Home & kitchen,1,25.62,0.15,2,0,5.0
O05318,2024-07-03,C0105,Beauty,2,31.67,0.3,3,0,5.0
O05319,2024-07-03,C0003,Toys,1,11.39,0.1,3,0,4.0
O05320,2024-07-03,C0248,Electronics,2,96.42,0.2,1,0,5.0
O05321,2024-07-03,C1176,Toys,1,6.59,0.1,2,1,3.0
O05322,2024-07-03,C1841,Clothing,1,41.59,0.3,9,1,3.0
O05323,2024-07-03,C0933,Beauty,2,25.29,0.0,4,0,3.0
O05324,2024-07-03,C0554,Home & kitchen,3,36.21,0.0,4,0,5.0
O05325,2024-07-03,C1335,Electronics,4,68.5,0.0,1,0,5.0
O05326,2024-07-03,C1661,Clothing,2,41.4,0.15,4,1,3.0
O05327,2024-07-03,C1773,Toys,1,32.22,0.2,5,0,4.0
O05328,2024-07-03,C0736,Beauty,1,34.4,0.05,1,0,4.0
O05329,2024-07-03,C0856,Electronics,2,1170.27,0.0,1,0,5.0
O05330,2024-07-03,C0114,Sports & outdoors,3,59.34,0.05,3,0,4.0
O05331,2024-07-03,C0362,Electronics,1,229.6,0.3,4,0,5.0
O05332,2024-07-03,C0804,Home & kitchen,2,78.84,0.0,2,0,5.0
O05333,2024-07-03,C0486,Toys,2,28.03,0.1,2,0,4.0
O05334,2024-07-03,C0782,Clothing,1,30.55,0.3,4,0,4.0
O05335,2024-07-03,C1298,Sports & outdoors,4,75.2,0.0,1,0,5.0
O05336,2024-07-03,C1749,Beauty,3,25.36,0.05,3,0,4.0
O05337,2024-07-03,C1609,Electronics,1,133.97,0.0,5,0,5.0
O05338,2024-07-03,C1766,Books,1,11.84,0.0,10,1,1.0
O05339,2024-07-03,C1395,Books,1,15.48,0.05,1,0,4.0
O05340,2024-07-03,C0166,Books,4,13.69,0.0,5,1,3.0
O05341,2024-07-03,C1639,Toys,1,16.63,0.0,1,0,4.0
O05342,2024-07-03,C0691,Beauty,1,25.19,0.0,1,0,5.0
O05343,2024-07-03,C1250,Home & kitchen,1,42.96,0.1,5,0,4.0
O05344,2024-07-04,C0367,Books,1,15.89,0.05,1,0,5.0
O05345,2024-07-04,C0373,Sports & outdoors,2,78.35,0.0,4,0,4.0
O05346,2024-07-04,C0570,Sports & outdoors,1,59.28,0.05,3,0,5.0
O05347,2024-07-04,C0498,Clothing,2,30.88,0.15,5,0,5.0
O05348,2024-07-04,C1169,Clothing,1,26.75,0.0,1,0,4.0
O05349,2024-07-04,C1543,Clothing,2,46.27,0.1,2,0,5.0
O05350,2024-07-04,C0125,Beauty,1,18.29,0.05,2,0,5.0
O05351,2024-07-04,C0265,Books,2,10.49,0.0,1,0,5.0
O05352,2024-07-04,C0473,Clothing,1,11.97,0.2,10,0,4.0
O05353,2024-07-04,C1428,Books,3,15.02,0.05,4,0,4.0
O05354,2024-07-04,C1402,Home & kitchen,1,74.14,0.0,5,0,5.0
O05355,2024-07-04,C0648,Toys,1,21.99,0.15,3,0,5.0
O05356,2024-07-04,C1010,Clothing,4,23.24,0.0,1,0,5.0
O05357,2024-07-04,C0884,Sports & outdoors,1,48.82,0.0,2,0,4.0
O05358,2024-07-04,C1379,Clothing,2,20.71,0.2,3,0,4.0
O05359,2024-07-04,C0592,Toys,1,57.04,0.2,5,0,4.0
O05360,2024-07-04,C0404,Beauty,1,18.7,0.0,3,0,5.0
O05361,2024-07-04,C0170,Clothing,1,28.89,0.15,4,0,4.0
O05362,2024-07-04,C1812,Clothing,2,56.79,0.05,1,1,3.0
O05363,2024-07-04,C0058,Clothing,1,35.1,0.1,2,0,4.0
O05364,2024-07-04,C1438,Toys,3,26.98,0.15,1,0,5.0
O05365,2024-07-05,C0689,Beauty,4,19.17,0.0,3,0,4.0
O05366,2024-07-05,C0551,Sports & outdoors,1,31.96,0.05,1,0,5.0
O05367,2024-07-05,C1269,Home & kitchen,1,66.96,0.0,4,0,5.0
O05368,2024-07-05,C0512,Beauty,1,23.21,0.0,1,0,5.0
O05369,2024-07-05,C1504,Home & kitchen,1,63.31,0.2,3,0,4.0
O05370,2024-07-05,C1063,Electronics,4,690.72,0.15,1,0,5.0
O05371,2024-07-05,C0817,Beauty,1,35.61,0.05,7,0,5.0
O05372,2024-07-05,C1432,Toys,3,20.33,0.2,10,0,4.0
O05373,2024-07-05,C0019,Clothing,2,14.76,0.1,4,0,4.0
O05374,2024-07-05,C1168,Electronics,2,39.39,0.3,7,0,3.0
O05375,2024-07-05,C0426,Electronics,2,229.26,0.0,8,0,
O05376,2024-07-05,C0920,Books,1,10.78,0.0,4,0,5.0
O05377,2024-07-05,C1259,Sports & outdoors,1,48.79,0.15,1,0,4.0
O05378,2024-07-05,C0778,Sports & outdoors,1,34.21,0.2,2,0,5.0
O05379,2024-07-05,C0701,Home & kitchen,2,112.29,0.0,9,0,3.0
O05380,2024-07-05,C0215,Electronics,4,619.94,0.15,1,0,5.0
O05381,2024-07-05,C0150,Beauty,2,30.03,0.3,2,0,5.0
O05382,2024-07-05,C1540,Sports & outdoors,2,18.22,0.3,5,0,4.0
O05383,2024-07-05,C1909,Books,2,9.06,0.2,1,0,4.0
O05384,2024-07-05,C0117,Books,1,18.96,0.3,5,0,5.0
O05385,2024-07-05,C0506,Home & kitchen,1,26.82,0.05,2,0,4.0
O05386,2024-07-06,C1072,Beauty,1,21.82,0.3,3,0,4.0
O05387,2024-07-06,C0605,Books,3,15.11,0.0,2,0,4.0
O05388,2024-07-06,C1296,Clothing,1,32.79,0.0,6,0,4.0
O05389,2024-07-06,C1449,Sports & outdoors,2,60.72,0.2,4,0,5.0
O05390,2024-07-06,C1982,Books,2,15.11,0.3,7,0,4.0
O05391,2024-07-06,C1821,Electronics,1,336.49,0.05,4,1,3.0
O05392,2024-07-06,C0387,Electronics,4,237.84,0.0,1,0,5.0
O05393,2024-07-06,C1350,Electronics,1,109.75,0.15,5,0,4.0
O05394,2024-07-06,C0743,Beauty,2,27.06,0.05,1,0,5.0
O05395,2024-07-06,C1405,Home & kitchen,2,36.34,0.1,3,0,4.0
O05396,2024-07-06,C0158,Clothing,2,122.66,0.0,1,0,4.0
O05397,2024-07-06,C1561,Books,2,15.47,0.05,1,0,5.0
O05398,2024-07-06,C1459,Sports & outdoors,1,16.54,0.3,1,0,4.0
O05399,2024-07-06,C0485,Home & kitchen,3,72.06,0.0,4,0,4.0
O05400,2024-07-06,C0619,Books,4,26.96,0.0,5,0,5.0
O05401,2024-07-06,C1538,Books,1,14.05,0.15,5,0,4.0
O05402,2024-07-06,C0201,Clothing,2,92.44,0.1,3,0,3.0
O05403,2024-07-06,C1854,Clothing,4,62.38,0.1,4,0,3.0
O05404,2024-07-06,C0157,Beauty,1,44.16,0.05,5,0,
O05405,2024-07-06,C0864,Electronics,4,151.67,0.05,6,0,5.0
O05406,2024-07-06,C1504,Toys,2,24.3,0.0,1,0,4.0
O05407,2024-07-06,C0904,Clothing,2,28.74,0.2,3,0,4.0
O05408,2024-07-06,C1730,Books,3,10.39,0.15,4,0,4.0
O05409,2024-07-06,C0670,Toys,2,20.86,0.1,3,0,4.0
O05410,2024-07-06,C0376,Books,1,6.58,0.1,5,0,3.0
O05411,2024-07-06,C1384,Electronics,3,105.87,0.0,3,0,4.0
O05412,2024-07-06,C0928,Beauty,2,30.83,0.0,6,0,5.0
O05413,2024-07-06,C1914,Home & kitchen,1,39.57,0.0,2,0,4.0
O05414,2024-07-07,C0412,Home & kitchen,2,33.22,0.2,3,0,4.0
O05415,2024-07-07,C0108,Toys,1,12.53,0.0,7,0,5.0
O05416,2024-07-07,C1607,Sports & outdoors,3,72.71,0.0,2,0,4.0
O05417,2024-07-07,C0248,Clothing,2,36.32,0.2,5,0,4.0
O05418,2024-07-07,C0371,Beauty,1,12.48,0.2,5,0,4.0
O05419,2024-07-07,C0092,Electronics,1,34.91,0.2,5,0,3.0
O05420,2024-07-07,C1643,Electronics,3,952.7,0.0,3,1,3.0
O05421,2024-07-07,C0166,Toys,1,18.64,0.0,1,0,4.0
O05422,2024-07-07,C1795,Beauty,1,31.9,0.2,2,1,3.0
O05423,2024-07-07,C0173,Electronics,3,67.08,0.1,6,0,4.0
O05424,2024-07-07,C0467,Sports & outdoors,1,47.17,0.0,3,0,5.0
O05425,2024-07-07,C0157,Electronics,3,95.27,0.2,3,0,4.0
O05426,2024-07-07,C1512,Home & kitchen,4,42.76,0.0,1,0,5.0
O05427,2024-07-07,C0469,Electronics,2,111.11,0.0,1,0,4.0
O05428,2024-07-07,C1392,Sports & outdoors,3,54.32,0.15,1,0,5.0
O05429,2024-07-07,C1417,Home & kitchen,4,20.66,0.1,1,0,5.0
O05430,2024-07-07,C1816,Beauty,1,25.04,0.3,5,1,2.0
O05431,2024-07-07,C1660,Home & kitchen,1,72.28,0.2,5,0,4.0
O05432,2024-07-07,C0106,Home & kitchen,4,26.0,0.3,4,0,5.0
O05433,2024-07-07,C1649,Home & kitchen,2,46.92,0.0,2,0,5.0
O05434,2024-07-07,C1882,Clothing,1,24.38,0.3,5,1,3.0
O05435,2024-07-07,C1150,Home & kitchen,3,15.34,0.2,4,0,5.0
O05436,2024-07-07,C1480,Beauty,2,41.57,0.0,2,0,
O05437,2024-07-07,C0355,Books,1,10.53,0.1,4,0,5.0
O05438,2024-07-07,C0542,Electronics,4,213.1,0.15,1,0,5.0
O05439,2024-07-07,C0391,Books,3,12.62,0.15,4,0,4.0
O05440,2024-07-07,C1702,Clothing,2,29.23,0.0,1,0,4.0
O05441,2024-07-07,C1648,Home & kitchen,2,22.41,0.0,1,0,5.0
O05442,2024-07-07,C1651,Clothing,3,43.48,0.15,1,0,5.0
O05443,2024-07-07,C1182,Home & kitchen,3,86.49,0.0,1,0,4.0
O05444,2024-07-07,C0556,Beauty,2,33.66,0.15,2,0,4.0
O05445,2024-07-07,C0994,Electronics,4,291.75,0.0,5,0,4.0
O05446,2024-07-07,C1290,Electronics,2,221.43,0.0,2,0,
O05447,2024-07-07,C0792,Books,4,13.38,0.0,10,0,4.0
O05448,2024-07-07,C1772,Beauty,1,38.68,0.15,5,0,5.0
O05449,2024-07-07,C1186,Sports & outdoors,2,48.91,0.3,2,0,4.0
O05450,2024-07-07,C0701,Toys,1,32.49,0.3,2,0,4.0
O05451,2024-07-07,C0217,Clothing,1,41.05,0.0,4,0,5.0
O05452,2024-07-07,C1321,Beauty,1,28.86,0.0,2,0,4.0
O05453,2024-07-08,C1210,Books,1,11.08,0.05,2,0,
O05454,2024-07-08,C0586,Home & kitchen,4,160.54,0.1,4,0,3.0
O05455,2024-07-08,C0101,Toys,1,8.18,0.2,5,0,5.0
O05456,2024-07-08,C0378,Beauty,3,19.06,0.1,4,0,5.0
O05457,2024-07-08,C1650,Clothing,4,16.02,0.0,2,0,5.0
O05458,2024-07-08,C0269,Sports & outdoors,2,20.38,0.2,10,0,3.0
O05459,2024-07-08,C1533,Toys,2,21.25,0.05,12,0,4.0
O05460,2024-07-08,C0887,Books,2,15.55,0.2,2,0,4.0
O05461,2024-07-08,C1463,Books,1,8.62,0.0,2,0,4.0
O05462,2024-07-08,C1971,Beauty,4,29.96,0.0,3,0,5.0
O05463,2024-07-08,C0267,Clothing,2,49.7,0.2,6,0,5.0
O05464,2024-07-08,C0902,Beauty,2,24.24,0.0,3,0,5.0
O05465,2024-07-08,C1255,Beauty,1,14.38,0.05,1,0,4.0
O05466,2024-07-08,C0189,Books,2,11.11,0.0,10,0,3.0
O05467,2024-07-08,C1629,Home & kitchen,1,31.3,0.15,1,0,5.0
O05468,2024-07-08,C0931,Toys,1,33.78,0.3,2,1,4.0
O05469,2024-07-08,C1854,Sports & outdoors,3,40.03,0.3,3,1,3.0
O05470,2024-07-08,C1081,Beauty,2,19.32,0.0,5,0,3.0
O05471,2024-07-08,C1380,Books,3,18.67,0.05,3,0,4.0
O05472,2024-07-08,C0278,Sports & outdoors,2,31.67,0.3,4,0,5.0
O05473,2024-07-08,C0233,Sports & outdoors,1,81.44,0.05,4,0,4.0
O05474,2024-07-09,C0316,Beauty,2,11.44,0.0,1,0,5.0
O05475,2024-07-09,C0902,Home & kitchen,2,37.75,0.1,4,0,
O05476,2024-07-09,C0179,Home & kitchen,4,84.07,0.0,1,0,4.0
O05477,2024-07-09,C1248,Books,1,10.77,0.15,4,0,4.0
O05478,2024-07-09,C0135,Books,3,16.33,0.05,2,0,5.0
O05479,2024-07-09,C1267,Home & kitchen,2,36.31,0.2,3,0,5.0
O05480,2024-07-09,C0805,Books,2,15.6,0.2,2,0,5.0
O05481,2024-07-09,C1773,Sports & outdoors,1,73.8,0.0,2,0,4.0
O05482,2024-07-09,C0564,Home & kitchen,1,28.71,0.3,7,0,5.0
O05483,2024-07-09,C0872,Clothing,3,25.54,0.0,3,0,
O05484,2024-07-09,C1078,Sports & outdoors,1,76.4,0.05,1,0,3.0
O05485,2024-07-09,C1742,Home & kitchen,2,45.41,0.1,2,0,
O05486,2024-07-09,C1421,Clothing,4,36.08,0.3,2,0,5.0
O05487,2024-07-09,C1534,Clothing,1,13.0,0.1,3,1,3.0
O05488,2024-07-09,C1351,Toys,4,76.93,0.1,5,0,4.0
O05489,2024-07-09,C0223,Sports & outdoors,4,55.09,0.3,2,0,
O05490,2024-07-09,C0463,Sports & outdoors,1,86.79,0.0,8,0,4.0
O05491,2024-07-09,C1630,Clothing,1,31.86,0.05,7,0,3.0
O05492,2024-07-09,C1730,Toys,1,13.22,0.15,2,0,5.0
O05493,2024-07-09,C0803,Home & kitchen,1,43.95,0.0,4,1,
O05494,2024-07-09,C0003,Sports & outdoors,1,29.56,0.0,7,0,4.0
O05495,2024-07-09,C1744,Books,3,28.17,0.05,1,1,2.0
O05496,2024-07-09,C1155,Electronics,4,963.87,0.1,5,0,3.0
O05497,2024-07-09,C1426,Clothing,2,29.36,0.15,1,0,5.0
O05498,2024-07-09,C0656,Home & kitchen,3,62.34,0.0,1,0,5.0
O05499,2024-07-09,C1309,Sports & outdoors,2,58.68,0.0,3,0,4.0
O05500,2024-07-09,C0946,Beauty,1,43.37,0.2,2,0,4.0
O05501,2024-07-09,C1069,Home & kitchen,1,30.45,0.05,3,0,5.0
O05502,2024-07-09,C1149,Electronics,1,222.8,0.0,1,0,4.0
O05503,2024-07-09,C0599,Home & kitchen,2,27.98,0.2,8,0,4.0
O05504,2024-07-09,C0192,Toys,1,30.58,0.2,7,0,5.0
O05505,2024-07-09,C0374,Beauty,2,56.35,0.2,4,1,3.0
O05506,2024-07-10,C0670,Beauty,1,26.06,0.05,1,0,5.0
O05507,2024-07-10,C1492,Clothing,3,32.1,0.1,7,1,2.0
O05508,2024-07-10,C0710,Clothing,1,69.13,0.2,1,0,5.0
O05509,2024-07-10,C1637,Electronics,4,78.31,0.0,5,0,5.0
O05510,2024-07-10,C1003,Home & kitchen,2,44.95,0.0,4,0,4.0
O05511,2024-07-10,C0060,Home & kitchen,1,37.32,0.15,2,0,5.0
O05512,2024-07-10,C0822,Electronics,1,161.67,0.05,4,0,4.0
O05513,2024-07-10,C1722,Beauty,2,12.71,0.2,2,0,5.0
O05514,2024-07-10,C1753,Toys,3,38.13,0.1,3,0,5.0
O05515,2024-07-10,C0555,Sports & outdoors,4,39.11,0.0,3,0,4.0
O05516,2024-07-10,C0668,Toys,2,10.41,0.15,4,0,4.0
O05517,2024-07-10,C1646,Sports & outdoors,1,44.29,0.0,4,0,5.0
O05518,2024-07-10,C1362,Books,1,21.86,0.0,1,0,5.0
O05519,2024-07-10,C0666,Beauty,2,32.02,0.2,4,0,4.0
O05520,2024-07-10,C0841,Electronics,1,283.18,0.15,2,0,4.0
O05521,2024-07-10,C1071,Beauty,2,14.68,0.3,1,0,4.0
O05522,2024-07-10,C1993,Clothing,1,41.64,0.1,8,0,4.0
O05523,2024-07-10,C1758,Toys,1,21.51,0.1,3,0,5.0
O05524,2024-07-10,C0411,Toys,3,21.67,0.2,2,0,5.0
O05525,2024-07-11,C0527,Toys,1,21.02,0.3,9,0,4.0
O05526,2024-07-11,C1923,Toys,1,50.36,0.0,1,0,4.0
O05527,2024-07-11,C1152,Electronics,1,32.93,0.0,3,0,4.0
O05528,2024-07-11,C1961,Toys,2,17.08,0.2,4,0,5.0
O05529,2024-07-11,C1281,Sports & outdoors,2,78.57,0.0,3,0,4.0
O05530,2024-07-11,C1662,Sports & outdoors,1,43.17,0.05,4,0,3.0
O05531,2024-07-11,C1315,Beauty,2,19.26,0.2,2,0,5.0
O05532,2024-07-11,C1161,Clothing,2,36.47,0.0,1,0,4.0
O05533,2024-07-11,C1102,Clothing,3,14.9,0.15,9,0,
O05534,2024-07-11,C1099,Clothing,1,36.64,0.2,3,0,5.0
O05535,2024-07-11,C1363,Electronics,3,197.3,0.05,5,0,4.0
O05536,2024-07-11,C0870,Beauty,1,23.99,0.0,2,0,5.0
O05537,2024-07-11,C0928,Books,3,19.42,0.1,5,1,3.0
O05538,2024-07-11,C1743,Sports & outdoors,1,108.95,0.3,1,0,5.0
O05539,2024-07-11,C0645,Toys,1,17.81,0.0,9,0,4.0
O05540,2024-07-11,C0161,Toys,2,32.13,0.0,2,0,5.0
O05541,2024-07-11,C0412,Clothing,4,26.49,0.15,3,0,5.0
O05542,2024-07-11,C0278,Books,1,20.23,0.3,2,0,4.0
O05543,2024-07-11,C1540,Electronics,1,43.22,0.0,5,0,4.0
O05544,2024-07-11,C0585,Electronics,3,102.61,0.05,3,0,5.0
O05545,2024-07-11,C0315,Sports & outdoors,2,195.91,0.0,3,0,5.0
O05546,2024-07-11,C1535,Toys,2,41.53,0.0,3,0,5.0
O05547,2024-07-11,C0197,Electronics,1,118.94,0.0,5,1,2.0
O05548,2024-07-11,C1662,Electronics,1,233.1,0.0,4,0,5.0
O05549,2024-07-11,C0888,Electronics,2,1376.67,0.0,2,0,4.0
O05550,2024-07-11,C0488,Books,2,14.85,0.05,2,1,3.0
O05551,2024-07-11,C0067,Sports & outdoors,1,64.7,0.1,1,0,5.0
O05552,2024-07-11,C1079,Electronics,3,1512.25,0.05,2,0,5.0
O05553,2024-07-11,C0888,Toys,2,11.19,0.0,8,0,4.0
O05554,2024-07-12,C0580,Sports & outdoors,2,14.65,0.2,4,0,5.0
O05555,2024-07-12,C0611,Sports & outdoors,1,28.52,0.3,5,0,4.0
O05556,2024-07-12,C1333,Home & kitchen,1,91.63,0.1,7,0,3.0
O05557,2024-07-12,C0915,Electronics,2,71.93,0.0,3,0,4.0
O05558,2024-07-12,C1710,Home & kitchen,4,118.21,0.3,10,0,3.0
O05559,2024-07-12,C0572,Toys,1,36.69,0.0,2,0,5.0
O05560,2024-07-12,C1430,Books,2,10.93,0.15,5,0,4.0
O05561,2024-07-12,C0172,Home & kitchen,2,23.82,0.0,2,0,4.0
O05562,2024-07-12,C1430,Clothing,3,59.36,0.0,7,0,4.0
O05563,2024-07-12,C1765,Clothing,1,39.13,0.0,2,0,4.0
O05564,2024-07-12,C0676,Books,4,17.0,0.0,4,0,4.0
O05565,2024-07-12,C0767,Clothing,1,35.47,0.0,4,0,4.0
O05566,2024-07-12,C0707,Home & kitchen,1,107.0,0.0,3,0,5.0
O05567,2024-07-12,C0020,Electronics,2,275.26,0.15,8,0,3.0
O05568,2024-07-12,C0720,Clothing,2,23.19,0.0,8,0,3.0
O05569,2024-07-12,C0637,Home & kitchen,4,77.07,0.0,3,0,4.0
O05570,2024-07-12,C0411,Toys,4,19.12,0.3,4,1,4.0
O05571,2024-07-12,C1678,Electronics,4,69.61,0.2,3,0,4.0
O05572,2024-07-12,C0035,Electronics,1,233.71,0.3,3,1,4.0
O05573,2024-07-12,C0603,Electronics,4,95.54,0.05,2,0,4.0
O05574,2024-07-12,C0692,Electronics,1,155.78,0.2,3,0,4.0
O05575,2024-07-12,C1335,Books,2,9.38,0.05,2,0,
O05576,2024-07-12,C1189,Home & kitchen,3,36.38,0.0,3,0,4.0
O05577,2024-07-12,C0018,Electronics,4,149.05,0.0,1,1,3.0
O05578,2024-07-12,C0509,Clothing,1,19.06,0.0,9,0,3.0
O05579,2024-07-12,C0879,Toys,2,23.66,0.0,4,0,4.0
O05580,2024-07-12,C0127,Toys,2,57.33,0.0,3,0,4.0
O05581,2024-07-12,C0323,Clothing,1,29.84,0.05,1,0,3.0
O05582,2024-07-12,C0480,Clothing,4,97.73,0.0,1,0,5.0
O05583,2024-07-12,C0170,Beauty,4,11.51,0.0,2,0,5.0
O05584,2024-07-12,C1518,Sports & outdoors,1,54.81,0.0,2,0,5.0
O05585,2024-07-12,C0488,Electronics,4,30.92,0.3,8,0,4.0
O05586,2024-07-13,C0727,Electronics,2,336.19,0.2,3,0,4.0
O05587,2024-07-13,C1561,Books,2,9.04,0.15,1,0,5.0
O05588,2024-07-13,C1483,Clothing,1,25.6,0.15,4,1,4.0
O05589,2024-07-13,C0933,Home & kitchen,2,30.58,0.15,3,0,5.0
O05590,2024-07-13,C1439,Electronics,4,72.8,0.15,1,0,5.0
O05591,2024-07-13,C1627,Beauty,4,47.06,0.3,3,0,5.0
O05592,2024-07-13,C0498,Beauty,4,9.89,0.0,4,0,3.0
O05593,2024-07-13,C1354,Clothing,2,40.26,0.1,3,0,
O05594,2024-07-13,C0803,Beauty,1,11.68,0.0,2,1,4.0
O05595,2024-07-13,C1043,Books,1,12.83,0.1,2,0,5.0
O05596,2024-07-13,C0343,Clothing,1,50.97,0.05,2,0,3.0
O05597,2024-07-13,C1426,Clothing,1,20.63,0.15,4,0,5.0
O05598,2024-07-13,C1621,Books,1,11.03,0.0,5,0,3.0
O05599,2024-07-13,C0596,Books,2,11.35,0.0,3,0,5.0
O05600,2024-07-13,C1643,Beauty,2,16.38,0.15,3,0,5.0
O05601,2024-07-13,C1378,Clothing,1,52.6,0.1,7,0,4.0
O05602,2024-07-13,C0552,Books,1,16.21,0.05,9,0,3.0
O05603,2024-07-13,C1229,Beauty,4,12.83,0.3,5,0,4.0
O05604,2024-07-13,C1613,Toys,3,37.41,0.2,3,0,3.0
O05605,2024-07-13,C1946,Electronics,1,134.74,0.0,12,0,3.0
O05606,2024-07-13,C1439,Electronics,1,140.91,0.1,3,0,5.0
O05607,2024-07-13,C0615,Clothing,1,32.94,0.15,5,0,5.0
O05608,2024-07-13,C0024,Electronics,2,182.65,0.0,1,0,5.0
O05609,2024-07-13,C0665,Toys,3,16.56,0.3,6,0,4.0
O05610,2024-07-13,C0089,Electronics,1,185.21,0.0,5,0,5.0
O05611,2024-07-13,C0160,Books,2,30.44,0.2,1,0,5.0
O05612,2024-07-13,C0566,Electronics,3,293.5,0.05,10,0,5.0
O05613,2024-07-13,C1168,Books,2,17.09,0.2,1,0,4.0
O05614,2024-07-13,C1395,Beauty,1,24.13,0.05,2,0,4.0
O05615,2024-07-13,C1155,Electronics,2,174.8,0.1,3,0,5.0
O05616,2024-07-13,C1128,Beauty,1,21.04,0.1,2,0,3.0
O05617,2024-07-13,C0372,Clothing,4,75.76,0.15,2,0,4.0
O05618,2024-07-13,C1728,Clothing,1,89.65,0.15,1,1,4.0
O05619,2024-07-13,C1754,Electronics,2,147.07,0.1,7,0,3.0
O05620,2024-07-13,C1731,Home & kitchen,1,22.56,0.15,2,0,5.0
O05621,2024-07-13,C0194,Books,1,17.09,0.0,7,0,4.0
O05622,2024-07-14,C0189,Clothing,2,22.15,0.2,2,0,
O05623,2024-07-14,C0227,Home & kitchen,1,23.8,0.3,5,0,4.0
O05624,2024-07-14,C1366,Books,1,10.93,0.3,1,0,4.0
O05625,2024-07-14,C1357,Electronics,1,185.36,0.1,9,0,3.0
O05626,2024-07-14,C1021,Clothing,3,53.81,0.0,4,0,4.0
O05627,2024-07-14,C1455,Beauty,1,6.03,0.05,6,0,3.0
O05628,2024-07-14,C0080,Books,2,18.48,0.3,3,1,3.0
O05629,2024-07-14,C0781,Sports & outdoors,1,63.74,0.3,1,0,3.0
O05630,2024-07-14,C1068,Books,1,24.92,0.0,4,0,5.0
O05631,2024-07-14,C1075,Electronics,1,351.78,0.0,2,0,5.0
O05632,2024-07-14,C0667,Electronics,3,179.73,0.3,1,0,4.0
O05633,2024-07-14,C1998,Books,2,19.33,0.0,2,0,5.0
O05634,2024-07-14,C1409,Clothing,2,12.48,0.15,1,0,5.0
O05635,2024-07-14,C1599,Beauty,1,13.86,0.1,2,0,5.0
O05636,2024-07-14,C0139,Clothing,1,9.01,0.0,4,0,4.0
O05637,2024-07-14,C1990,Toys,2,14.56,0.1,4,0,4.0
O05638,2024-07-14,C1403,Sports & outdoors,1,57.37,0.0,2,0,4.0
O05639,2024-07-14,C1905,Sports & outdoors,1,62.84,0.0,6,0,
O05640,2024-07-14,C1710,Sports & outdoors,4,31.69,0.0,2,0,5.0
O05641,2024-07-14,C1947,Books,2,17.5,0.0,2,0,5.0
O05642,2024-07-14,C1563,Toys,2,31.48,0.0,2,0,4.0
O05643,2024-07-14,C0357,Clothing,1,16.75,0.05,2,0,5.0
O05644,2024-07-14,C0281,Beauty,4,29.23,0.3,2,0,5.0
O05645,2024-07-14,C0850,Books,1,16.54,0.0,4,0,5.0
O05646,2024-07-14,C1825,Beauty,1,32.46,0.05,4,0,5.0
O05647,2024-07-14,C0446,Beauty,1,8.95,0.2,5,0,5.0
O05648,2024-07-14,C1325,Beauty,1,22.71,0.15,5,0,5.0
O05649,2024-07-14,C0896,Clothing,4,90.22,0.0,6,0,2.0
O05650,2024-07-14,C1663,Sports & outdoors,2,37.15,0.0,2,0,5.0
O05651,2024-07-14,C0489,Clothing,1,67.73,0.2,9,0,4.0
O05652,2024-07-15,C1691,Toys,3,22.17,0.0,6,0,4.0
O05653,2024-07-15,C0812,Sports & outdoors,2,14.61,0.05,3,0,4.0
O05654,2024-07-15,C1837,Home & kitchen,2,52.61,0.05,1,0,5.0
O05655,2024-07-15,C1723,Sports & outdoors,2,64.72,0.0,1,0,5.0
O05656,2024-07-15,C1078,Electronics,1,151.29,0.05,6,0,4.0
O05657,2024-07-15,C0671,Books,3,9.91,0.0,1,0,5.0
O05658,2024-07-15,C0673,Home & kitchen,3,66.6,0.3,4,0,5.0
O05659,2024-07-15,C1085,Toys,3,31.91,0.05,2,0,5.0
O05660,2024-07-15,C0464,Sports & outdoors,4,61.5,0.3,1,0,5.0
O05661,2024-07-15,C1401,Books,1,13.01,0.0,2,0,4.0
O05662,2024-07-15,C1087,Clothing,1,16.51,0.1,3,0,3.0
O05663,2024-07-15,C1165,Clothing,1,20.37,0.0,3,0,5.0
O05664,2024-07-15,C1133,Clothing,1,40.86,0.2,1,0,4.0
O05665,2024-07-15,C0874,Toys,1,42.28,0.2,3,0,5.0
O05666,2024-07-15,C0784,Books,4,13.31,0.1,2,0,4.0
O05667,2024-07-15,C0079,Books,1,14.07,0.0,6,0,5.0
O05668,2024-07-15,C1252,Beauty,4,17.38,0.15,3,0,5.0
O05669,2024-07-15,C0346,Electronics,4,57.23,0.0,6,0,3.0
O05670,2024-07-15,C0613,Home & kitchen,2,46.61,0.0,4,0,4.0
O05671,2024-07-15,C1749,Toys,2,13.65,0.1,1,0,5.0
O05672,2024-07-15,C0224,Home & kitchen,2,23.86,0.15,2,0,5.0
O05673,2024-07-15,C0509,Toys,3,23.56,0.3,4,0,5.0
O05674,2024-07-15,C0704,Beauty,2,27.51,0.0,4,1,2.0
O05675,2024-07-15,C0854,Books,1,10.67,0.0,6,0,4.0
O05676,2024-07-15,C1146,Sports & outdoors,2,46.59,0.0,2,0,5.0
O05677,2024-07-15,C0141,Home & kitchen,4,289.2,0.15,3,1,4.0
O05678,2024-07-16,C1151,Electronics,1,126.04,0.2,4,0,4.0
O05679,2024-07-16,C1625,Electronics,2,242.62,0.0,2,0,5.0
O05680,2024-07-16,C1428,Beauty,2,21.4,0.05,2,0,4.0
O05681,2024-07-16,C1088,Sports & outdoors,4,21.66,0.0,4,0,4.0
O05682,2024-07-16,C0418,Electronics,1,84.04,0.0,4,0,4.0
O05683,2024-07-16,C1576,Clothing,2,16.96,0.0,5,0,4.0
O05684,2024-07-16,C1717,Home & kitchen,4,20.8,0.1,8,1,3.0
O05685,2024-07-16,C1078,Books,1,19.55,0.3,6,0,3.0
O05686,2024-07-16,C0786,Electronics,3,32.9,0.0,1,0,4.0
O05687,2024-07-16,C1611,Toys,1,37.5,0.05,1,0,5.0
O05688,2024-07-16,C0351,Clothing,1,40.03,0.0,1,0,5.0
O05689,2024-07-16,C0939,Books,4,13.16,0.0,5,1,3.0
O05690,2024-07-16,C0913,Home & kitchen,2,43.93,0.2,4,0,3.0
O05691,2024-07-16,C0562,Toys,1,29.16,0.2,5,0,5.0
O05692,2024-07-16,C0290,Books,1,19.63,0.3,3,0,4.0
O05693,2024-07-16,C0351,Toys,2,42.84,0.0,5,0,
O05694,2024-07-16,C1577,Home & kitchen,1,75.85,0.0,8,1,3.0
O05695,2024-07-16,C1750,Sports & outdoors,4,59.71,0.2,4,0,5.0
O05696,2024-07-16,C1110,Home & kitchen,3,58.31,0.0,1,0,5.0
O05697,2024-07-16,C1926,Beauty,1,30.35,0.0,5,0,5.0
O05698,2024-07-16,C1204,Sports & outdoors,2,58.04,0.2,1,0,5.0
O05699,2024-07-16,C1445,Electronics,4,264.57,0.05,3,0,4.0
O05700,2024-07-16,C1672,Toys,1,16.21,0.3,6,1,3.0
O05701,2024-07-16,C1185,Home & kitchen,1,59.14,0.05,13,0,
O05702,2024-07-16,C0287,Home & kitchen,2,44.72,0.2,1,0,5.0
O05703,2024-07-16,C1884,Home & kitchen,1,91.99,0.15,10,0,4.0
O05704,2024-07-16,C1121,Beauty,3,9.67,0.2,1,0,4.0
O05705,2024-07-16,C0244,Clothing,2,28.01,0.2,2,0,5.0
O05706,2024-07-16,C1522,Toys,1,24.76,0.0,1,0,5.0
O05707,2024-07-16,C0844,Beauty,3,25.76,0.15,1,0,5.0
O05708,2024-07-16,C1232,Books,1,11.65,0.05,2,0,5.0
O05709,2024-07-16,C1811,Sports & outdoors,1,28.39,0.05,4,0,4.0
O05710,2024-07-17,C1875,Sports & outdoors,4,22.48,0.0,1,0,5.0
O05711,2024-07-17,C0071,Sports & outdoors,3,40.44,0.0,3,1,3.0
O05712,2024-07-17,C1430,Electronics,1,32.99,0.0,2,0,5.0
O05713,2024-07-17,C0653,Electronics,4,230.83,0.0,3,0,5.0
O05714,2024-07-17,C0873,Electronics,1,180.88,0.0,4,0,5.0
O05715,2024-07-17,C1539,Toys,1,10.22,0.2,1,0,4.0
O05716,2024-07-17,C0507,Clothing,3,103.18,0.3,8,0,5.0
O05717,2024-07-17,C1967,Books,1,19.04,0.05,4,0,5.0
O05718,2024-07-17,C0811,Home & kitchen,4,38.88,0.05,2,0,3.0
O05719,2024-07-17,C0332,Home & kitchen,2,43.49,0.0,2,0,5.0
O05720,2024-07-17,C1256,Toys,2,33.33,0.0,2,0,
O05721,2024-07-17,C0220,Beauty,4,19.78,0.2,2,0,5.0
O05722,2024-07-17,C1462,Beauty,1,13.61,0.0,9,0,4.0
O05723,2024-07-17,C0053,Toys,3,32.08,0.0,5,1,3.0
O05724,2024-07-17,C0705,Home & kitchen,2,22.84,0.2,6,0,4.0
O05725,2024-07-17,C1248,Clothing,1,24.14,0.05,3,0,4.0
O05726,2024-07-17,C1159,Sports & outdoors,3,36.16,0.1,12,0,3.0
O05727,2024-07-17,C1912,Toys,1,23.16,0.0,3,0,5.0
O05728,2024-07-17,C1732,Toys,2,22.91,0.0,2,0,5.0
O05729,2024-07-17,C0372,Clothing,1,35.01,0.0,3,0,5.0
O05730,2024-07-17,C1202,Sports & outdoors,1,101.5,0.0,1,0,5.0
O05731,2024-07-17,C1503,Books,2,13.46,0.0,7,0,4.0
O05732,2024-07-17,C0364,Sports & outdoors,3,38.72,0.1,3,0,5.0
O05733,2024-07-17,C1502,Books,1,13.09,0.05,4,0,5.0
O05734,2024-07-17,C0922,Clothing,1,32.1,0.2,16,0,3.0
O05735,2024-07-18,C0507,Toys,4,30.03,0.0,6,0,5.0
O05736,2024-07-18,C0489,Sports & outdoors,1,78.28,0.15,13,0,4.0
O05737,2024-07-18,C1338,Electronics,2,138.93,0.1,2,1,3.0
O05738,2024-07-18,C0778,Electronics,1,235.8,0.0,4,0,5.0
O05739,2024-07-18,C0824,Toys,2,18.68,0.0,3,0,4.0
O05740,2024-07-18,C0789,Home & kitchen,2,37.56,0.1,3,0,5.0
O05741,2024-07-18,C1202,Toys,2,12.9,0.0,2,1,3.0
O05742,2024-07-18,C1361,Beauty,3,14.84,0.0,4,1,4.0
O05743,2024-07-18,C0824,Clothing,4,28.22,0.0,6,1,3.0
O05744,2024-07-18,C0195,Books,1,12.83,0.15,2,0,5.0
O05745,2024-07-18,C0863,Electronics,1,111.56,0.05,1,0,5.0
O05746,2024-07-18,C1115,Sports & outdoors,3,65.03,0.1,10,0,5.0
O05747,2024-07-18,C1135,Toys,2,15.9,0.15,6,0,3.0
O05748,2024-07-18,C1047,Books,3,16.52,0.2,1,0,5.0
O05749,2024-07-18,C0642,Toys,1,17.32,0.2,2,0,5.0
O05750,2024-07-18,C0354,Beauty,2,20.59,0.0,2,0,4.0
O05751,2024-07-18,C1914,Clothing,1,35.24,0.05,7,0,4.0
O05752,2024-07-18,C0251,Beauty,4,16.21,0.0,1,0,5.0
O05753,2024-07-18,C1365,Clothing,2,38.78,0.0,2,0,3.0
O05754,2024-07-18,C0144,Clothing,4,51.34,0.15,1,0,
O05755,2024-07-18,C1553,Electronics,2,187.87,0.0,1,0,4.0
O05756,2024-07-18,C0593,Electronics,2,71.49,0.15,10,0,4.0
O05757,2024-07-18,C1306,Clothing,2,57.3,0.0,5,1,3.0
O05758,2024-07-18,C1866,Electronics,1,527.49,0.05,4,0,5.0
O05759,2024-07-18,C1894,Books,1,14.66,0.1,1,0,5.0
O05760,2024-07-18,C0435,Clothing,1,71.43,0.0,2,1,4.0
O05761,2024-07-19,C0894,Electronics,1,57.89,0.1,8,0,4.0
O05762,2024-07-19,C1660,Home & kitchen,3,26.56,0.15,2,0,5.0
O05763,2024-07-19,C0950,Electronics,1,120.17,0.0,1,0,4.0
O05764,2024-07-19,C0497,Electronics,1,250.47,0.0,5,0,4.0
O05765,2024-07-19,C1583,Clothing,4,39.72,0.2,6,0,5.0
O05766,2024-07-19,C0180,Home & kitchen,2,46.57,0.2,9,0,4.0
O05767,2024-07-19,C0021,Beauty,2,23.03,0.0,2,0,4.0
O05768,2024-07-19,C1541,Beauty,1,17.9,0.15,3,1,2.0
O05769,2024-07-19,C0491,Beauty,2,26.92,0.1,9,0,
O05770,2024-07-19,C0145,Beauty,1,24.65,0.0,5,0,3.0
O05771,2024-07-19,C1806,Books,1,17.08,0.05,2,0,5.0
O05772,2024-07-19,C0483,Beauty,2,19.63,0.1,4,0,4.0
O05773,2024-07-19,C1416,Clothing,3,63.22,0.0,5,0,5.0
O05774,2024-07-19,C0199,Clothing,2,19.53,0.1,1,0,5.0
O05775,2024-07-19,C1352,Toys,2,11.67,0.1,1,0,5.0
O05776,2024-07-19,C0716,Home & kitchen,1,94.02,0.2,1,0,5.0
O05777,2024-07-19,C1694,Clothing,1,23.11,0.0,6,1,2.0
O05778,2024-07-19,C1820,Toys,3,18.29,0.0,5,0,5.0
O05779,2024-07-19,C0615,Clothing,3,58.15,0.0,3,0,4.0
O05780,2024-07-19,C1201,Electronics,1,214.62,0.0,5,0,4.0
O05781,2024-07-19,C1915,Home & kitchen,2,16.58,0.05,2,0,5.0
O05782,2024-07-19,C0290,Beauty,1,24.45,0.3,5,0,5.0
O05783,2024-07-19,C1226,Clothing,1,66.93,0.0,1,0,4.0
O05784,2024-07-19,C0736,Books,1,21.06,0.0,1,0,5.0
O05785,2024-07-19,C1245,Home & kitchen,1,47.06,0.1,5,0,4.0
O05786,2024-07-19,C0633,Toys,1,15.52,0.0,5,0,4.0
O05787,2024-07-19,C1719,Electronics,1,209.5,0.3,8,0,4.0
O05788,2024-07-19,C0559,Toys,1,33.77,0.15,5,0,5.0
O05789,2024-07-19,C0122,Beauty,2,24.56,0.0,2,0,5.0
O05790,2024-07-19,C1847,Clothing,1,25.75,0.05,6,0,5.0
O05791,2024-07-19,C1948,Clothing,2,47.73,0.1,4,0,4.0
O05792,2024-07-20,C1268,Books,1,21.93,0.3,3,0,4.0
O05793,2024-07-20,C0850,Sports & outdoors,2,52.71,0.15,5,0,5.0
O05794,2024-07-20,C1805,Toys,2,16.58,0.0,5,0,4.0
O05795,2024-07-20,C0638,Clothing,3,55.42,0.0,2,0,5.0
O05796,2024-07-20,C1452,Toys,1,23.16,0.0,2,0,4.0
O05797,2024-07-20,C1560,Books,1,11.07,0.15,1,0,4.0
O05798,2024-07-20,C1152,Toys,1,40.08,0.05,5,0,4.0
O05799,2024-07-20,C1745,Books,1,9.36,0.0,2,0,5.0
O05800,2024-07-20,C0570,Clothing,1,29.39,0.2,2,0,3.0
O05801,2024-07-20,C1316,Clothing,1,74.43,0.0,5,0,4.0
O05802,2024-07-20,C1894,Toys,1,43.09,0.2,3,0,4.0
O05803,2024-07-20,C1293,Books,1,9.98,0.0,3,0,4.0
O05804,2024-07-20,C1928,Home & kitchen,4,38.51,0.0,1,0,4.0
O05805,2024-07-20,C0638,Beauty,1,43.34,0.3,7,1,3.0
O05806,2024-07-20,C1854,Books,2,24.01,0.05,3,0,5.0
O05807,2024-07-20,C0374,Home & kitchen,1,29.1,0.0,2,0,5.0
O05808,2024-07-20,C0756,Electronics,1,111.17,0.0,6,0,4.0
O05809,2024-07-20,C0048,Toys,1,70.94,0.2,7,0,4.0
O05810,2024-07-20,C1689,Electronics,2,169.46,0.0,2,0,3.0
O05811,2024-07-20,C1426,Clothing,1,28.82,0.0,1,0,4.0
O05812,2024-07-20,C0577,Sports & outdoors,1,41.83,0.3,3,0,4.0
O05813,2024-07-20,C0884,Home & kitchen,1,28.57,0.0,1,0,5.0
O05814,2024-07-20,C0247,Home & kitchen,3,50.73,0.2,3,0,4.0
O05815,2024-07-20,C0926,Beauty,4,23.72,0.1,2,0,5.0
O05816,2024-07-21,C1062,Home & kitchen,1,62.51,0.1,1,0,4.0
O05817,2024-07-21,C1115,Toys,1,48.66,0.05,3,0,4.0
O05818,2024-07-21,C0198,Home & kitchen,1,35.68,0.0,10,0,4.0
O05819,2024-07-21,C1439,Books,2,10.39,0.1,7,0,3.0
O05820,2024-07-21,C0929,Clothing,4,38.9,0.3,1,0,5.0
O05821,2024-07-21,C1724,Toys,1,23.72,0.05,4,0,5.0
O05822,2024-07-21,C1931,Beauty,4,16.85,0.2,6,0,5.0
O05823,2024-07-21,C0664,Clothing,1,25.96,0.2,2,0,4.0
O05824,2024-07-21,C1861,Toys,4,44.1,0.0,6,0,4.0
O05825,2024-07-21,C1868,Beauty,4,17.5,0.0,2,0,5.0
O05826,2024-07-21,C0495,Home & kitchen,1,24.72,0.0,2,0,5.0
O05827,2024-07-21,C0680,Electronics,2,91.85,0.15,2,0,5.0
O05828,2024-07-21,C1518,Books,2,12.36,0.15,3,0,5.0
O05829,2024-07-21,C1193,Home & kitchen,2,11.04,0.15,4,0,5.0
O05830,2024-07-21,C0417,Home & kitchen,1,24.16,0.0,10,1,2.0
O05831,2024-07-21,C0415,Clothing,1,20.21,0.1,4,0,5.0
O05832,2024-07-21,C0645,Books,1,11.37,0.3,4,1,4.0
O05833,2024-07-21,C1104,Clothing,3,50.28,0.1,4,0,4.0
O05834,2024-07-21,C1804,Electronics,1,905.49,0.1,3,1,3.0
O05835,2024-07-21,C1372,Beauty,1,24.57,0.15,6,0,4.0
O05836,2024-07-21,C0867,Clothing,1,45.49,0.0,2,0,4.0
O05837,2024-07-21,C0012,Home & kitchen,2,94.06,0.0,1,0,5.0
O05838,2024-07-21,C0876,Home & kitchen,1,58.85,0.0,1,0,5.0
O05839,2024-07-21,C1322,Clothing,1,26.43,0.1,2,0,4.0
O05840,2024-07-21,C1775,Home & kitchen,2,54.48,0.1,5,0,4.0
O05841,2024-07-21,C0312,Books,2,9.5,0.0,3,0,5.0
O05842,2024-07-21,C1732,Toys,1,43.55,0.0,3,0,5.0
O05843,2024-07-22,C1921,Books,1,18.15,0.3,5,0,4.0
O05844,2024-07-22,C1385,Clothing,1,30.69,0.05,1,0,5.0
O05845,2024-07-22,C0844,Books,2,17.54,0.0,1,1,4.0
O05846,2024-07-22,C0850,Clothing,2,40.61,0.05,2,0,5.0
O05847,2024-07-22,C0446,Home & kitchen,1,27.6,0.15,2,0,5.0
O05848,2024-07-22,C1532,Books,2,12.9,0.05,3,0,4.0
O05849,2024-07-22,C1624,Toys,1,28.4,0.3,1,1,3.0
O05850,2024-07-22,C0785,Clothing,2,40.87,0.0,2,0,5.0
O05851,2024-07-22,C0198,Clothing,1,47.44,0.05,2,0,5.0
O05852,2024-07-22,C0456,Electronics,1,234.15,0.2,8,0,5.0
O05853,2024-07-22,C0740,Electronics,2,481.97,0.05,6,1,2.0
O05854,2024-07-22,C0583,Books,4,20.02,0.0,3,0,4.0
O05855,2024-07-22,C1680,Books,1,10.05,0.15,4,0,5.0
O05856,2024-07-22,C1344,Books,1,18.87,0.05,7,0,5.0
O05857,2024-07-22,C1045,Electronics,1,264.16,0.0,6,1,4.0
O05858,2024-07-22,C1691,Electronics,1,36.23,0.15,3,0,5.0
O05859,2024-07-22,C0606,Books,2,9.29,0.0,1,0,5.0
O05860,2024-07-22,C0025,Clothing,1,23.45,0.0,4,0,5.0
O05861,2024-07-22,C0152,Clothing,2,41.27,0.3,2,1,3.0
O05862,2024-07-22,C0015,Electronics,1,948.52,0.0,3,0,5.0
O05863,2024-07-22,C0120,Electronics,4,90.55,0.3,1,0,5.0
O05864,2024-07-22,C1652,Toys,1,25.29,0.2,2,0,5.0
O05865,2024-07-22,C0809,Books,1,11.95,0.05,8,0,4.0
O05866,2024-07-22,C0442,Clothing,1,41.56,0.2,10,0,4.0
O05867,2024-07-22,C1300,Home & kitchen,1,32.2,0.0,1,0,5.0
O05868,2024-07-23,C0682,Beauty,2,14.73,0.15,7,0,4.0
O05869,2024-07-23,C1393,Beauty,3,31.8,0.05,1,0,4.0
O05870,2024-07-23,C1957,Books,3,14.08,0.1,1,0,5.0
O05871,2024-07-23,C0529,Books,1,15.09,0.15,5,0,3.0
O05872,2024-07-23,C0914,Beauty,2,26.41,0.15,3,1,4.0
O05873,2024-07-23,C1354,Books,4,8.66,0.0,3,1,3.0
O05874,2024-07-23,C1414,Home & kitchen,1,105.99,0.3,2,0,5.0
O05875,2024-07-23,C0033,Clothing,2,47.65,0.2,7,0,4.0
O05876,2024-07-23,C0284,Home & kitchen,3,31.24,0.15,3,0,5.0
O05877,2024-07-23,C1368,Electronics,2,350.19,0.15,3,0,5.0
O05878,2024-07-23,C1790,Beauty,2,18.71,0.15,9,0,4.0
O05879,2024-07-23,C1049,Sports & outdoors,3,37.63,0.0,5,0,3.0
O05880,2024-07-23,C0348,Clothing,4,15.89,0.0,3,0,4.0
O05881,2024-07-23,C1771,Books,2,8.25,0.1,2,0,5.0
O05882,2024-07-23,C0316,Beauty,1,36.45,0.0,4,0,4.0
O05883,2024-07-23,C0640,Clothing,1,67.35,0.2,6,0,5.0
O05884,2024-07-23,C1962,Books,1,8.37,0.05,4,0,5.0
O05885,2024-07-23,C0647,Home & kitchen,2,56.85,0.3,3,0,4.0
O05886,2024-07-23,C0155,Clothing,1,101.7,0.2,1,1,
O05887,2024-07-23,C1501,Electronics,4,95.48,0.3,7,0,4.0
O05888,2024-07-23,C1489,Home & kitchen,1,23.66,0.0,5,0,4.0
O05889,2024-07-23,C1576,Clothing,2,32.85,0.2,10,1,1.0
O05890,2024-07-23,C0853,Sports & outdoors,1,54.76,0.15,2,0,5.0
O05891,2024-07-23,C0009,Books,4,18.7,0.2,4,0,4.0
O05892,2024-07-23,C1149,Home & kitchen,3,63.4,0.0,2,0,4.0
O05893,2024-07-23,C1357,Electronics,4,1137.41,0.0,3,1,4.0
O05894,2024-07-23,C0362,Books,2,27.86,0.2,1,0,4.0
O05895,2024-07-23,C0893,Electronics,1,103.47,0.05,4,0,4.0
O05896,2024-07-23,C0427,Beauty,4,12.0,0.3,6,0,4.0
O05897,2024-07-23,C1846,Beauty,1,16.46,0.1,1,0,5.0
O05898,2024-07-23,C1157,Beauty,2,12.75,0.0,1,0,4.0
O05899,2024-07-23,C1318,Books,4,11.8,0.05,3,0,5.0
O05900,2024-07-23,C0702,Beauty,2,22.1,0.2,2,0,5.0
O05901,2024-07-24,C1856,Clothing,2,69.15,0.0,2,0,5.0
O05902,2024-07-24,C0841,Home & kitchen,2,62.34,0.0,9,0,5.0
O05903,2024-07-24,C1364,Beauty,2,20.17,0.0,4,0,5.0
O05904,2024-07-24,C0265,Electronics,1,347.26,0.0,2,0,5.0
O05905,2024-07-24,C0163,Clothing,1,46.75,0.15,3,0,4.0
O05906,2024-07-24,C0101,Toys,2,33.98,0.1,3,0,5.0
O05907,2024-07-24,C0817,Clothing,1,11.81,0.05,4,0,3.0
O05908,2024-07-24,C0222,Toys,1,16.75,0.0,1,1,2.0
O05909,2024-07-24,C0156,Beauty,1,21.42,0.0,3,0,5.0
O05910,2024-07-24,C0804,Clothing,4,44.49,0.2,2,0,5.0
O05911,2024-07-24,C1712,Sports & outdoors,3,61.29,0.0,1,0,5.0
O05912,2024-07-24,C0987,Beauty,3,23.16,0.0,1,0,5.0
O05913,2024-07-24,C0898,Clothing,1,102.51,0.3,2,0,5.0
O05914,2024-07-24,C0675,Sports & outdoors,2,169.68,0.0,3,0,4.0
O05915,2024-07-24,C0636,Toys,2,34.84,0.0,1,0,5.0
O05916,2024-07-24,C1247,Home & kitchen,1,45.4,0.15,3,0,4.0
O05917,2024-07-24,C1525,Electronics,1,429.05,0.0,1,0,4.0
O05918,2024-07-24,C1596,Toys,2,27.45,0.15,4,0,4.0
O05919,2024-07-24,C0552,Sports & outdoors,1,22.71,0.05,2,0,4.0
O05920,2024-07-24,C1426,Home & kitchen,3,33.81,0.0,2,0,4.0
O05921,2024-07-24,C0316,Clothing,3,20.21,0.2,4,0,4.0
O05922,2024-07-24,C0440,Clothing,2,28.8,0.15,3,0,5.0
O05923,2024-07-24,C0228,Toys,2,24.84,0.1,2,0,4.0
O05924,2024-07-25,C1346,Sports & outdoors,3,49.79,0.0,4,0,4.0
O05925,2024-07-25,C1721,Toys,1,14.71,0.05,9,0,3.0
O05926,2024-07-25,C1101,Home & kitchen,4,23.21,0.2,14,1,2.0
O05927,2024-07-25,C1453,Books,2,12.05,0.0,1,1,3.0
O05928,2024-07-25,C0286,Toys,4,21.11,0.0,4,0,3.0
O05929,2024-07-25,C1347,Books,1,19.5,0.3,4,0,5.0
O05930,2024-07-25,C1291,Home & kitchen,4,78.96,0.05,1,0,4.0
O05931,2024-07-25,C1738,Beauty,1,26.3,0.0,1,0,
O05932,2024-07-25,C1172,Electronics,4,60.94,0.0,7,0,4.0
O05933,2024-07-25,C0718,Beauty,1,23.81,0.2,7,0,3.0
O05934,2024-07-25,C0054,Sports & outdoors,1,39.25,0.0,2,0,5.0
O05935,2024-07-25,C0204,Books,1,12.7,0.3,4,0,4.0
O05936,2024-07-25,C1296,Books,1,16.19,0.0,2,1,3.0
O05937,2024-07-25,C1794,Home & kitchen,2,23.12,0.05,5,0,4.0
O05938,2024-07-25,C1253,Home & kitchen,2,22.11,0.05,5,0,4.0
O05939,2024-07-25,C0649,Clothing,1,45.09,0.0,5,1,2.0
O05940,2024-07-25,C1881,Beauty,1,29.54,0.05,5,0,4.0
O05941,2024-07-25,C1227,Electronics,1,167.58,0.0,1,0,5.0
O05942,2024-07-25,C0802,Books,1,13.46,0.0,1,0,5.0
O05943,2024-07-25,C1891,Home & kitchen,3,19.79,0.15,1,0,4.0
O05944,2024-07-25,C1178,Beauty,2,14.44,0.15,3,0,4.0
O05945,2024-07-25,C0249,Home & kitchen,1,42.93,0.1,6,0,4.0
O05946,2024-07-25,C0996,Electronics,4,129.63,0.0,1,0,3.0
O05947,2024-07-25,C0966,Beauty,1,14.71,0.0,3,0,4.0
O05948,2024-07-25,C0683,Toys,1,19.19,0.2,3,0,5.0
O05949,2024-07-25,C1576,Beauty,2,17.53,0.2,5,0,4.0
O05950,2024-07-25,C0351,Clothing,2,27.74,0.05,2,0,5.0
O05951,2024-07-25,C1299,Electronics,2,123.17,0.0,4,0,5.0
O05952,2024-07-25,C0452,Toys,1,33.35,0.0,3,0,4.0
O05953,2024-07-26,C1163,Electronics,2,67.87,0.15,7,1,1.0
O05954,2024-07-26,C1790,Electronics,4,128.52,0.0,6,0,4.0
O05955,2024-07-26,C1114,Toys,4,14.59,0.05,5,0,5.0
O05956,2024-07-26,C1824,Books,1,9.91,0.1,3,0,4.0
O05957,2024-07-26,C0730,Sports & outdoors,1,29.04,0.0,1,0,4.0
O05958,2024-07-26,C1139,Home & kitchen,2,36.08,0.0,3,0,5.0
O05959,2024-07-26,C1773,Books,4,13.35,0.05,3,0,4.0
O05960,2024-07-26,C1262,Clothing,2,42.38,0.0,2,0,5.0
O05961,2024-07-26,C0640,Home & kitchen,4,35.37,0.1,2,0,4.0
O05962,2024-07-26,C0027,Books,1,19.72,0.15,3,1,
O05963,2024-07-26,C0763,Electronics,2,140.96,0.2,2,0,4.0
O05964,2024-07-26,C0146,Sports & outdoors,2,116.04,0.15,6,0,3.0
O05965,2024-07-26,C1887,Beauty,3,21.91,0.3,2,0,5.0
O05966,2024-07-26,C0725,Sports & outdoors,3,66.35,0.0,2,0,4.0
O05967,2024-07-26,C1398,Electronics,1,199.33,0.1,4,0,5.0
O05968,2024-07-26,C0620,Clothing,1,33.71,0.05,2,0,3.0
O05969,2024-07-26,C1501,Sports & outdoors,2,51.86,0.15,1,0,4.0
O05970,2024-07-26,C1709,Electronics,1,46.66,0.15,9,1,2.0
O05971,2024-07-26,C0168,Home & kitchen,1,128.91,0.2,6,0,5.0
O05972,2024-07-26,C1506,Clothing,1,43.21,0.3,1,0,5.0
O05973,2024-07-26,C1218,Electronics,1,130.14,0.3,2,0,4.0
O05974,2024-07-26,C1200,Clothing,2,28.93,0.15,3,1,4.0
O05975,2024-07-26,C1315,Sports & outdoors,3,42.04,0.0,4,1,2.0
O05976,2024-07-26,C1545,Clothing,4,23.43,0.15,5,0,4.0
O05977,2024-07-27,C1393,Home & kitchen,1,56.1,0.0,1,0,4.0
O05978,2024-07-27,C1111,Electronics,2,845.04,0.0,8,0,4.0
O05979,2024-07-27,C0924,Beauty,1,21.57,0.3,4,0,5.0
O05980,2024-07-27,C0407,Home & kitchen,1,43.6,0.0,3,1,3.0
O05981,2024-07-27,C0442,Beauty,2,29.98,0.05,4,0,5.0
O05982,2024-07-27,C0136,Toys,1,15.07,0.2,2,0,5.0
O05983,2024-07-27,C1104,Sports & outdoors,1,82.88,0.3,2,0,5.0
O05984,2024-07-27,C0643,Toys,1,40.78,0.0,2,0,5.0
O05985,2024-07-27,C0197,Toys,3,20.94,0.05,4,0,5.0
O05986,2024-07-27,C1496,Clothing,1,37.46,0.1,2,0,3.0
O05987,2024-07-27,C0794,Home & kitchen,1,24.12,0.0,7,0,5.0
O05988,2024-07-27,C1537,Beauty,2,12.14,0.1,3,0,5.0
O05989,2024-07-27,C1708,Books,2,13.34,0.05,2,0,3.0
O05990,2024-07-27,C0512,Clothing,1,75.46,0.0,2,1,2.0
O05991,2024-07-27,C1180,Beauty,3,23.63,0.0,2,0,5.0
O05992,2024-07-27,C0345,Beauty,2,28.97,0.3,7,0,4.0
O05993,2024-07-27,C1858,Clothing,1,42.93,0.05,1,0,3.0
O05994,2024-07-27,C1151,Toys,3,11.49,0.1,2,0,5.0
O05995,2024-07-28,C1513,Home & kitchen,3,13.47,0.3,1,0,5.0
O05996,2024-07-28,C0235,Clothing,1,40.5,0.0,1,0,5.0
O05997,2024-07-28,C0832,Clothing,3,42.32,0.3,3,1,2.0
O05998,2024-07-28,C0683,Clothing,1,78.07,0.0,4,0,4.0
O05999,2024-07-28,C0338,Clothing,3,46.03,0.0,1,0,4.0
O06000,2024-07-28,C0796,Beauty,1,50.03,0.0,3,0,4.0
O06001,2024-07-28,C1024,Clothing,1,46.31,0.0,1,0,3.0
O06002,2024-07-28,C1683,Books,1,11.3,0.05,1,0,5.0
O06003,2024-07-28,C0212,Home & kitchen,2,85.56,0.2,1,0,5.0
O06004,2024-07-28,C0468,Home & kitchen,1,48.77,0.05,10,0,5.0
O06005,2024-07-28,C1015,Books,2,18.77,0.1,2,0,5.0
O06006,2024-07-28,C1731,Electronics,1,78.22,0.0,1,0,5.0
O06007,2024-07-28,C0992,Toys,1,11.19,0.0,4,0,5.0
O06008,2024-07-28,C1040,Beauty,1,26.26,0.0,3,0,4.0
O06009,2024-07-28,C1985,Electronics,1,293.91,0.0,1,0,5.0
O06010,2024-07-28,C0955,Sports & outdoors,3,45.93,0.1,3,0,4.0
O06011,2024-07-28,C1186,Sports & outdoors,2,68.96,0.15,2,0,4.0
O06012,2024-07-28,C0036,Sports & outdoors,1,17.4,0.0,2,0,3.0
O06013,2024-07-28,C0258,Beauty,4,20.37,0.2,5,0,5.0
O06014,2024-07-28,C0624,Electronics,2,106.24,0.1,4,0,4.0
O06015,2024-07-28,C1195,Toys,1,26.01,0.0,6,0,4.0
O06016,2024-07-28,C0492,Sports & outdoors,1,50.57,0.2,8,0,4.0
O06017,2024-07-28,C0786,Clothing,2,27.97,0.0,2,0,5.0
O06018,2024-07-28,C0062,Clothing,2,28.85,0.3,2,0,4.0
O06019,2024-07-28,C1498,Clothing,1,19.36,0.0,7,0,5.0
O06020,2024-07-28,C1942,Beauty,1,22.93,0.0,4,0,5.0
O06021,2024-07-28,C1353,Beauty,2,23.52,0.05,5,0,4.0
O06022,2024-07-28,C1885,Sports & outdoors,3,31.12,0.3,7,0,4.0
O06023,2024-07-28,C0714,Home & kitchen,1,22.26,0.0,1,0,5.0
O06024,2024-07-28,C1494,Toys,2,26.19,0.15,1,0,4.0
O06025,2024-07-28,C1914,Toys,1,27.13,0.0,2,0,4.0
O06026,2024-07-28,C0394,Sports & outdoors,1,69.96,0.15,2,0,5.0
O06027,2024-07-28,C1453,Home & kitchen,1,54.86,0.05,3,0,5.0
O06028,2024-07-28,C0016,Toys,4,22.74,0.2,4,0,3.0
O06029,2024-07-28,C0566,Home & kitchen,1,120.95,0.2,2,0,5.0
O06030,2024-07-28,C1686,Sports & outdoors,2,56.39,0.0,7,0,5.0
O06031,2024-07-28,C1145,Sports & outdoors,1,73.62,0.2,9,0,4.0
O06032,2024-07-28,C0538,Clothing,1,15.43,0.3,1,1,4.0
O06033,2024-07-28,C1339,Home & kitchen,1,42.5,0.05,6,0,4.0
O06034,2024-07-29,C1104,Books,1,14.66,0.05,2,0,4.0
O06035,2024-07-29,C1415,Electronics,1,62.88,0.15,5,0,4.0
O06036,2024-07-29,C1604,Home & kitchen,3,16.48,0.0,5,0,4.0
O06037,2024-07-29,C1772,Books,4,16.46,0.15,7,0,4.0
O06038,2024-07-29,C0545,Home & kitchen,2,40.2,0.0,3,0,5.0
O06039,2024-07-29,C0763,Electronics,1,101.49,0.0,3,0,4.0
O06040,2024-07-29,C1334,Clothing,1,57.21,0.0,2,0,4.0
O06041,2024-07-29,C0878,Sports & outdoors,3,64.36,0.0,6,0,3.0
O06042,2024-07-29,C1467,Beauty,1,22.91,0.0,2,0,4.0
O06043,2024-07-29,C1493,Beauty,2,40.68,0.15,1,0,5.0
O06044,2024-07-29,C1520,Clothing,4,42.25,0.05,1,0,5.0
O06045,2024-07-29,C1904,Sports & outdoors,1,52.88,0.2,7,0,4.0
O06046,2024-07-29,C1002,Beauty,2,45.84,0.2,1,0,5.0
O06047,2024-07-29,C1023,Home & kitchen,4,40.9,0.0,1,0,5.0
O06048,2024-07-29,C1208,Electronics,2,379.96,0.0,1,0,5.0
O06049,2024-07-29,C1812,Sports & outdoors,4,55.99,0.15,2,0,5.0
O06050,2024-07-29,C0552,Home & kitchen,4,63.59,0.05,2,0,4.0
O06051,2024-07-29,C0153,Home & kitchen,2,62.27,0.1,1,0,5.0
O06052,2024-07-29,C1407,Beauty,1,30.99,0.05,5,0,4.0
O06053,2024-07-29,C0150,Clothing,3,31.32,0.05,2,0,5.0
O06054,2024-07-29,C1784,Clothing,2,23.19,0.0,1,0,5.0
O06055,2024-07-29,C0935,Clothing,1,43.34,0.0,1,1,5.0
O06056,2024-07-29,C0081,Clothing,1,58.79,0.0,2,0,5.0
O06057,2024-07-29,C0883,Toys,2,23.2,0.0,3,0,5.0
O06058,2024-07-29,C1257,Home & kitchen,2,27.39,0.1,2,0,4.0
O06059,2024-07-29,C1080,Clothing,2,23.33,0.2,3,0,5.0
O06060,2024-07-29,C0383,Beauty,4,33.35,0.3,2,1,3.0
O06061,2024-07-29,C1864,Home & kitchen,1,41.15,0.3,3,0,4.0
O06062,2024-07-29,C1629,Electronics,1,339.53,0.0,1,0,5.0
O06063,2024-07-29,C0143,Sports & outdoors,1,103.43,0.0,3,1,3.0
O06064,2024-07-29,C1276,Books,1,10.25,0.2,3,0,5.0
O06065,2024-07-29,C0239,Beauty,1,31.8,0.0,5,0,5.0
O06066,2024-07-29,C1456,Clothing,1,32.79,0.0,4,0,4.0
O06067,2024-07-29,C0858,Home & kitchen,1,71.57,0.0,1,0,5.0
O06068,2024-07-29,C1171,Books,3,9.98,0.0,1,0,5.0
O06069,2024-07-29,C0664,Clothing,3,36.34,0.2,2,0,5.0
O06070,2024-07-29,C0220,Toys,2,17.53,0.0,2,1,2.0
O06071,2024-07-30,C0209,Sports & outdoors,4,121.62,0.15,4,0,5.0
O06072,2024-07-30,C0286,Clothing,1,18.21,0.1,4,0,3.0
O06073,2024-07-30,C1729,Toys,1,17.48,0.3,4,0,4.0
O06074,2024-07-30,C0524,Home & kitchen,1,60.56,0.0,2,0,3.0
O06075,2024-07-30,C0788,Home & kitchen,3,30.84,0.2,2,0,4.0
O06076,2024-07-30,C0086,Clothing,4,35.47,0.0,1,0,5.0
O06077,2024-07-30,C1165,Books,1,9.89,0.15,1,0,4.0
O06078,2024-07-30,C0163,Electronics,1,17.91,0.2,2,0,4.0
O06079,2024-07-30,C0522,Electronics,2,383.22,0.1,1,0,5.0
O06080,2024-07-30,C1054,Books,1,12.25,0.3,2,0,5.0
O06081,2024-07-30,C0380,Clothing,2,109.17,0.3,1,0,5.0
O06082,2024-07-30,C1726,Books,1,7.29,0.3,5,0,4.0
O06083,2024-07-30,C1285,Toys,1,20.17,0.0,2,0,5.0
O06084,2024-07-30,C0848,Toys,1,11.76,0.15,3,0,3.0
O06085,2024-07-30,C1362,Toys,1,26.08,0.15,9,0,5.0
O06086,2024-07-30,C0696,Home & kitchen,1,36.11,0.0,3,0,4.0
O06087,2024-07-30,C0040,Toys,2,17.46,0.3,1,0,5.0
O06088,2024-07-30,C1317,Clothing,1,77.23,0.1,1,0,5.0
O06089,2024-07-30,C0896,Clothing,1,49.66,0.0,9,0,2.0
O06090,2024-07-30,C0024,Sports & outdoors,1,107.87,0.3,6,0,5.0
O06091,2024-07-30,C0925,Home & kitchen,3,23.31,0.15,3,0,5.0
O06092,2024-07-30,C1786,Clothing,4,15.68,0.2,3,0,4.0
O06093,2024-07-30,C0006,Clothing,1,40.2,0.2,1,0,5.0
O06094,2024-07-30,C0112,Clothing,2,37.54,0.0,5,0,4.0
O06095,2024-07-30,C0334,Books,2,22.89,0.15,3,0,5.0
O06096,2024-07-30,C1560,Clothing,2,41.46,0.1,5,1,
O06097,2024-07-30,C0604,Electronics,1,196.77,0.05,4,0,4.0
O06098,2024-07-30,C1436,Sports & outdoors,4,24.59,0.15,4,0,4.0
O06099,2024-07-30,C0628,Sports & outdoors,2,77.06,0.0,7,0,3.0
O06100,2024-07-30,C0830,Electronics,2,47.87,0.0,2,1,4.0
O06101,2024-07-30,C0576,Home & kitchen,2,172.58,0.0,4,0,5.0
O06102,2024-07-30,C1437,Beauty,1,10.75,0.15,10,0,3.0
O06103,2024-07-30,C0527,Toys,2,19.66,0.0,2,0,5.0
O06104,2024-07-31,C0045,Sports & outdoors,2,41.84,0.0,8,0,4.0
O06105,2024-07-31,C0097,Books,4,15.51,0.2,4,0,4.0
O06106,2024-07-31,C0765,Books,1,12.44,0.15,5,0,4.0
O06107,2024-07-31,C0602,Electronics,1,109.2,0.1,2,0,
O06108,2024-07-31,C0698,Home & kitchen,1,34.19,0.0,3,0,4.0
O06109,2024-07-31,C1064,Books,3,13.38,0.15,7,0,3.0
O06110,2024-07-31,C0636,Clothing,4,49.58,0.0,4,0,4.0
O06111,2024-07-31,C0907,Home & kitchen,1,115.4,0.15,2,0,5.0
O06112,2024-07-31,C1648,Electronics,1,293.73,0.2,2,0,5.0
O06113,2024-07-31,C1403,Electronics,1,250.96,0.05,4,0,4.0
O06114,2024-07-31,C0441,Books,1,9.29,0.0,7,0,4.0
O06115,2024-07-31,C1394,Books,4,9.7,0.1,5,0,3.0
O06116,2024-07-31,C1655,Clothing,2,80.49,0.15,1,1,5.0
O06117,2024-07-31,C0626,Sports & outdoors,1,85.35,0.05,3,0,4.0
O06118,2024-07-31,C0350,Home & kitchen,3,37.93,0.3,2,0,5.0
O06119,2024-07-31,C1308,Electronics,1,95.54,0.0,4,0,4.0
O06120,2024-07-31,C0461,Books,3,11.28,0.3,1,0,
O06121,2024-07-31,C1262,Clothing,1,60.18,0.0,3,0,4.0
O06122,2024-07-31,C0574,Sports & outdoors,3,89.47,0.05,3,1,2.0
O06123,2024-07-31,C1779,Electronics,1,565.97,0.05,2,0,4.0
O06124,2024-07-31,C1456,Clothing,3,66.43,0.0,2,0,4.0
O06125,2024-07-31,C0951,Beauty,3,17.76,0.0,5,0,4.0
O06126,2024-07-31,C0902,Books,1,9.57,0.0,2,0,4.0
O06127,2024-07-31,C0318,Books,1,17.43,0.1,11,0,2.0
O06128,2024-07-31,C1151,Clothing,4,46.74,0.15,7,0,4.0
O06129,2024-07-31,C0653,Sports & outdoors,1,49.8,0.2,2,0,5.0
O06130,2024-07-31,C0131,Beauty,1,12.41,0.0,3,0,5.0
O06131,2024-07-31,C0043,Sports & outdoors,1,121.06,0.3,1,0,4.0
O06132,2024-07-31,C0233,Clothing,2,11.86,0.0,1,1,3.0
O06133,2024-08-01,C1563,Electronics,1,90.6,0.15,1,0,5.0
O06134,2024-08-01,C0669,Toys,1,11.36,0.2,3,0,4.0
O06135,2024-08-01,C0956,Clothing,1,44.94,0.3,1,1,4.0
O06136,2024-08-01,C1641,Clothing,2,44.61,0.05,2,1,4.0
O06137,2024-08-01,C0692,Beauty,4,21.12,0.0,3,0,4.0
O06138,2024-08-01,C0346,Books,3,12.46,0.3,2,0,4.0
O06139,2024-08-01,C0369,Books,1,11.73,0.0,4,0,5.0
O06140,2024-08-01,C1079,Clothing,1,100.37,0.1,2,0,5.0
O06141,2024-08-01,C1140,Clothing,1,36.7,0.1,3,1,3.0
O06142,2024-08-01,C0455,Home & kitchen,4,71.02,0.0,4,0,4.0
O06143,2024-08-01,C0057,Beauty,2,14.71,0.2,2,1,2.0
O06144,2024-08-01,C0092,Toys,3,13.99,0.3,1,0,
O06145,2024-08-01,C0692,Sports & outdoors,2,54.17,0.1,4,0,5.0
O06146,2024-08-01,C0109,Home & kitchen,1,199.64,0.1,2,0,5.0
O06147,2024-08-01,C1550,Books,1,20.35,0.15,7,1,1.0
O06148,2024-08-01,C1982,Beauty,2,18.73,0.1,1,0,5.0
O06149,2024-08-01,C1995,Beauty,1,17.65,0.2,1,0,3.0
O06150,2024-08-01,C1451,Clothing,1,44.99,0.0,4,0,5.0
O06151,2024-08-01,C1284,Clothing,2,30.53,0.15,2,0,4.0
O06152,2024-08-02,C1112,Electronics,1,46.67,0.0,1,1,3.0
O06153,2024-08-02,C0865,Books,3,8.87,0.15,6,1,3.0
O06154,2024-08-02,C1898,Clothing,2,19.81,0.1,1,0,5.0
O06155,2024-08-02,C0123,Electronics,1,299.02,0.3,3,1,3.0
O06156,2024-08-02,C0291,Books,4,12.06,0.05,1,0,5.0
O06157,2024-08-02,C0896,Books,2,15.8,0.0,3,0,4.0
O06158,2024-08-02,C1697,Books,4,21.72,0.0,7,0,4.0
O06159,2024-08-02,C0231,Beauty,2,21.08,0.3,2,0,5.0
O06160,2024-08-02,C0012,Clothing,2,15.69,0.05,2,0,5.0
O06161,2024-08-02,C1545,Home & kitchen,1,95.88,0.0,2,0,5.0
O06162,2024-08-02,C0134,Home & kitchen,2,37.63,0.0,1,0,5.0
O06163,2024-08-02,C1682,Home & kitchen,2,45.85,0.05,3,0,4.0
O06164,2024-08-02,C1989,Beauty,3,8.79,0.1,3,0,4.0
O06165,2024-08-02,C0266,Books,3,9.88,0.05,1,0,5.0
O06166,2024-08-02,C1758,Clothing,2,36.81,0.1,3,0,5.0
O06167,2024-08-02,C1665,Electronics,1,79.02,0.2,7,0,4.0
O06168,2024-08-02,C1259,Clothing,1,36.3,0.2,1,1,3.0
O06169,2024-08-02,C1492,Clothing,1,25.59,0.15,2,1,3.0
O06170,2024-08-02,C0105,Electronics,1,183.97,0.0,7,1,3.0
O06171,2024-08-02,C0501,Clothing,1,48.28,0.3,3,1,3.0
O06172,2024-08-02,C1203,Books,3,15.32,0.2,4,0,4.0
O06173,2024-08-02,C1087,Electronics,4,26.36,0.3,2,0,5.0
O06174,2024-08-02,C0678,Home & kitchen,2,24.46,0.2,4,0,5.0
O06175,2024-08-02,C1654,Clothing,1,28.14,0.0,1,0,5.0
O06176,2024-08-03,C0072,Electronics,1,61.19,0.0,4,0,4.0
O06177,2024-08-03,C0473,Electronics,1,406.33,0.3,4,0,5.0
O06178,2024-08-03,C0646,Toys,1,20.61,0.05,2,0,4.0
O06179,2024-08-03,C0540,Books,1,7.55,0.05,2,0,5.0
O06180,2024-08-03,C1359,Clothing,4,43.62,0.15,1,0,5.0
O06181,2024-08-03,C0773,Clothing,1,83.18,0.0,3,0,4.0
O06182,2024-08-03,C1878,Beauty,4,25.59,0.0,2,0,4.0
O06183,2024-08-03,C0860,Sports & outdoors,1,46.79,0.1,4,0,5.0
O06184,2024-08-03,C1228,Clothing,1,39.54,0.0,5,0,4.0
O06185,2024-08-03,C0019,Home & kitchen,1,41.71,0.3,4,1,3.0
O06186,2024-08-03,C1442,Sports & outdoors,1,44.91,0.0,2,0,5.0
O06187,2024-08-03,C0807,Books,2,16.27,0.05,6,1,2.0
O06188,2024-08-03,C1195,Home & kitchen,1,38.17,0.15,4,0,5.0
O06189,2024-08-03,C1476,Electronics,1,175.77,0.0,6,0,5.0
O06190,2024-08-03,C1249,Toys,3,31.35,0.05,1,0,5.0
O06191,2024-08-03,C1786,Clothing,1,13.51,0.15,2,0,4.0
O06192,2024-08-03,C1676,Clothing,2,58.16,0.15,4,0,5.0
O06193,2024-08-03,C0775,Clothing,3,22.69,0.0,2,0,4.0
O06194,2024-08-03,C1981,Electronics,3,70.27,0.15,3,0,
O06195,2024-08-03,C1812,Books,4,13.9,0.2,1,0,5.0
O06196,2024-08-03,C1687,Electronics,3,138.55,0.05,1,0,5.0
O06197,2024-08-03,C1397,Electronics,3,528.05,0.1,3,0,5.0
O06198,2024-08-03,C1079,Books,1,12.81,0.2,8,0,5.0
O06199,2024-08-03,C1343,Books,2,12.71,0.3,1,0,2.0
O06200,2024-08-03,C0331,Clothing,3,38.39,0.2,2,0,5.0
O06201,2024-08-03,C0194,Home & kitchen,4,204.63,0.05,6,1,3.0
O06202,2024-08-03,C1449,Home & kitchen,4,68.7,0.0,4,0,4.0
O06203,2024-08-03,C0522,Books,2,16.61,0.15,4,0,3.0
O06204,2024-08-04,C0279,Beauty,1,34.45,0.1,3,0,5.0
O06205,2024-08-04,C1666,Beauty,1,14.17,0.1,3,0,4.0
O06206,2024-08-04,C0459,Beauty,1,24.51,0.2,5,0,2.0
O06207,2024-08-04,C0845,Clothing,1,51.62,0.3,3,0,4.0
O06208,2024-08-04,C1587,Clothing,1,39.74,0.3,3,1,4.0
O06209,2024-08-04,C1381,Home & kitchen,3,34.76,0.0,3,0,5.0
O06210,2024-08-04,C0183,Toys,3,29.6,0.1,4,0,4.0
O06211,2024-08-04,C0327,Books,1,13.87,0.3,6,0,3.0
O06212,2024-08-04,C0902,Sports & outdoors,2,147.02,0.3,3,0,5.0
O06213,2024-08-04,C1686,Electronics,2,237.5,0.15,5,0,5.0
O06214,2024-08-04,C1218,Electronics,4,73.54,0.3,3,0,5.0
O06215,2024-08-04,C0330,Electronics,4,231.74,0.1,6,0,5.0
O06216,2024-08-04,C1815,Beauty,1,28.65,0.1,1,0,5.0
O06217,2024-08-04,C1554,Electronics,3,524.31,0.0,2,0,5.0
O06218,2024-08-04,C0839,Books,4,9.58,0.15,3,0,4.0
O06219,2024-08-04,C0188,Electronics,3,402.99,0.05,8,0,4.0
O06220,2024-08-04,C0198,Beauty,4,20.23,0.0,3,0,5.0
O06221,2024-08-04,C1529,Beauty,2,34.5,0.15,4,0,4.0
O06222,2024-08-04,C1954,Beauty,4,23.1,0.05,4,0,5.0
O06223,2024-08-04,C1501,Electronics,4,355.33,0.1,4,0,4.0
O06224,2024-08-04,C1290,Beauty,2,30.24,0.0,3,0,5.0
O06225,2024-08-04,C1976,Books,2,22.97,0.1,3,0,5.0
O06226,2024-08-04,C1193,Sports & outdoors,1,18.46,0.3,4,0,3.0
O06227,2024-08-04,C0114,Clothing,1,46.5,0.0,6,0,4.0
O06228,2024-08-04,C0391,Sports & outdoors,4,22.58,0.0,2,0,5.0
O06229,2024-08-04,C0020,Clothing,4,27.93,0.2,3,0,4.0
O06230,2024-08-04,C0236,Home & kitchen,1,58.98,0.0,6,0,5.0
O06231,2024-08-04,C0929,Electronics,2,604.72,0.0,2,0,5.0
O06232,2024-08-04,C1622,Home & kitchen,2,34.69,0.1,3,0,4.0
O06233,2024-08-04,C0821,Sports & outdoors,3,80.32,0.1,5,0,5.0
O06234,2024-08-04,C1750,Home & kitchen,3,49.18,0.3,2,0,5.0
O06235,2024-08-04,C0133,Books,3,9.98,0.1,4,0,5.0
O06236,2024-08-04,C1343,Home & kitchen,1,29.82,0.1,3,0,5.0
O06237,2024-08-04,C1372,Clothing,1,33.77,0.0,1,0,3.0
O06238,2024-08-04,C0142,Sports & outdoors,1,50.67,0.0,2,0,5.0
O06239,2024-08-04,C0351,Clothing,4,36.26,0.2,1,0,3.0
O06240,2024-08-05,C0074,Clothing,3,60.92,0.1,2,0,5.0
O06241,2024-08-05,C0220,Home & kitchen,1,32.28,0.1,3,0,4.0
O06242,2024-08-05,C1676,Books,1,10.93,0.0,5,0,3.0
O06243,2024-08-05,C0189,Books,4,18.36,0.3,2,0,5.0
O06244,2024-08-05,C1657,Home & kitchen,4,83.51,0.0,4,0,4.0
O06245,2024-08-05,C1256,Toys,1,14.77,0.05,6,0,5.0
O06246,2024-08-05,C0996,Clothing,2,32.97,0.15,7,0,5.0
O06247,2024-08-05,C1947,Electronics,2,70.03,0.0,2,0,5.0
O06248,2024-08-05,C1886,Books,2,12.34,0.0,2,0,4.0
O06249,2024-08-05,C1663,Electronics,4,93.36,0.0,2,0,3.0
O06250,2024-08-05,C1412,Sports & outdoors,4,65.65,0.05,6,0,4.0
O06251,2024-08-05,C1278,Clothing,1,69.4,0.2,3,0,5.0
O06252,2024-08-05,C0855,Toys,1,20.77,0.0,2,0,
O06253,2024-08-05,C0399,Home & kitchen,1,29.53,0.0,1,0,5.0
O06254,2024-08-05,C1486,Beauty,1,17.77,0.3,4,0,5.0
O06255,2024-08-05,C0642,Books,2,27.04,0.2,2,1,4.0
O06256,2024-08-05,C0426,Sports & outdoors,2,60.01,0.2,4,0,
O06257,2024-08-05,C0467,Toys,4,13.37,0.15,1,0,5.0
O06258,2024-08-05,C0669,Electronics,1,22.91,0.2,6,0,4.0
O06259,2024-08-05,C0243,Sports & outdoors,1,56.51,0.15,5,0,5.0
O06260,2024-08-05,C1698,Beauty,2,25.32,0.15,1,0,5.0
O06261,2024-08-05,C1885,Books,1,18.03,0.0,1,0,4.0
O06262,2024-08-05,C1355,Clothing,4,54.77,0.1,3,0,4.0
O06263,2024-08-05,C0417,Clothing,2,15.23,0.2,2,1,4.0
O06264,2024-08-05,C0563,Books,2,21.79,0.3,3,0,4.0
O06265,2024-08-05,C0932,Beauty,3,58.73,0.0,1,0,5.0
O06266,2024-08-05,C0339,Clothing,3,39.5,0.1,1,0,4.0
O06267,2024-08-05,C1876,Home & kitchen,2,36.97,0.0,2,0,5.0
O06268,2024-08-05,C0667,Home & kitchen,3,21.51,0.0,2,0,3.0
O06269,2024-08-05,C0775,Beauty,1,15.19,0.2,2,0,4.0
O06270,2024-08-05,C1111,Clothing,1,22.3,0.0,1,0,4.0
O06271,2024-08-05,C1440,Clothing,1,22.73,0.2,1,0,4.0
O06272,2024-08-06,C1040,Toys,1,30.3,0.15,2,0,5.0
O06273,2024-08-06,C0677,Clothing,1,40.98,0.3,9,0,4.0
O06274,2024-08-06,C1088,Toys,4,38.23,0.3,3,0,4.0
O06275,2024-08-06,C1949,Books,1,8.79,0.0,2,0,3.0
O06276,2024-08-06,C1987,Electronics,1,472.32,0.3,8,0,3.0
O06277,2024-08-06,C1536,Books,3,14.28,0.0,1,0,5.0
O06278,2024-08-06,C0637,Clothing,3,22.26,0.3,2,0,5.0
O06279,2024-08-06,C1763,Books,1,10.52,0.1,3,0,
O06280,2024-08-06,C1344,Toys,2,10.96,0.05,1,0,4.0
O06281,2024-08-06,C1867,Sports & outdoors,4,42.41,0.15,4,0,5.0
O06282,2024-08-06,C0621,Home & kitchen,1,66.71,0.0,2,0,4.0
O06283,2024-08-06,C0285,Books,1,11.84,0.3,4,0,5.0
O06284,2024-08-06,C1271,Electronics,3,260.33,0.05,3,0,5.0
O06285,2024-08-06,C0771,Beauty,4,26.27,0.0,2,0,4.0
O06286,2024-08-06,C0256,Home & kitchen,1,79.4,0.0,2,0,5.0
O06287,2024-08-06,C0798,Toys,2,30.61,0.2,4,0,4.0
O06288,2024-08-06,C1397,Electronics,2,228.13,0.05,6,0,5.0
O06289,2024-08-06,C1674,Home & kitchen,3,54.12,0.0,1,0,4.0
O06290,2024-08-06,C0362,Sports & outdoors,4,45.79,0.05,8,0,
O06291,2024-08-06,C0093,Toys,1,15.21,0.1,2,1,5.0
O06292,2024-08-06,C0528,Toys,2,16.51,0.05,8,0,4.0
O06293,2024-08-06,C1017,Books,1,8.16,0.0,8,0,4.0
O06294,2024-08-06,C0162,Sports & outdoors,4,72.43,0.0,3,0,3.0
O06295,2024-08-06,C0859,Electronics,3,101.49,0.0,1,0,5.0
O06296,2024-08-06,C0291,Clothing,1,19.86,0.15,1,1,2.0
O06297,2024-08-06,C1784,Home & kitchen,4,39.68,0.0,3,0,4.0
O06298,2024-08-06,C1366,Books,4,17.1,0.3,2,0,5.0
O06299,2024-08-06,C1816,Home & kitchen,2,35.81,0.0,5,0,4.0
O06300,2024-08-07,C1198,Toys,1,20.54,0.2,3,0,5.0
O06301,2024-08-07,C1661,Beauty,2,18.9,0.15,1,0,4.0
O06302,2024-08-07,C0755,Home & kitchen,1,80.21,0.0,2,0,4.0
O06303,2024-08-07,C0351,Books,3,12.76,0.0,1,0,5.0
O06304,2024-08-07,C0762,Beauty,3,23.69,0.2,4,0,4.0
O06305,2024-08-07,C1804,Books,2,13.81,0.15,2,0,5.0
O06306,2024-08-07,C1195,Sports & outdoors,2,51.42,0.15,1,0,4.0
O06307,2024-08-07,C0728,Home & kitchen,4,20.47,0.2,4,0,5.0
O06308,2024-08-07,C0301,Books,1,16.83,0.0,2,0,5.0
O06309,2024-08-07,C1035,Home & kitchen,2,39.98,0.15,2,0,4.0
O06310,2024-08-07,C1297,Home & kitchen,4,17.3,0.05,2,0,5.0
O06311,2024-08-07,C0298,Home & kitchen,1,34.09,0.0,1,0,4.0
O06312,2024-08-07,C0162,Sports & outdoors,2,54.58,0.3,1,0,4.0
O06313,2024-08-07,C0606,Clothing,2,13.68,0.05,3,0,4.0
O06314,2024-08-07,C1503,Home & kitchen,2,45.21,0.15,8,0,5.0
O06315,2024-08-07,C1710,Clothing,1,60.02,0.0,4,0,5.0
O06316,2024-08-07,C1999,Toys,4,48.2,0.0,2,0,5.0
O06317,2024-08-07,C0051,Clothing,1,23.3,0.0,4,0,
O06318,2024-08-07,C0564,Beauty,2,19.48,0.3,2,0,5.0
O06319,2024-08-07,C0228,Clothing,2,30.56,0.0,4,0,4.0
O06320,2024-08-07,C0585,Sports & outdoors,1,49.92,0.0,2,0,4.0
O06321,2024-08-07,C0892,Electronics,1,823.88,0.2,2,0,5.0
O06322,2024-08-07,C0090,Books,2,21.4,0.1,4,0,4.0
O06323,2024-08-07,C0069,Electronics,1,60.45,0.0,4,0,4.0
O06324,2024-08-07,C1369,Clothing,3,22.96,0.1,7,0,4.0
O06325,2024-08-07,C1951,Toys,1,30.03,0.2,2,0,4.0
O06326,2024-08-07,C0734,Home & kitchen,4,55.62,0.1,3,0,3.0
O06327,2024-08-07,C1871,Electronics,2,530.25,0.0,11,0,4.0
O06328,2024-08-07,C1321,Sports & outdoors,4,17.2,0.0,2,0,3.0
O06329,2024-08-07,C1483,Home & kitchen,1,83.93,0.3,1,0,4.0
O06330,2024-08-08,C0555,Electronics,1,366.31,0.2,2,0,4.0
O06331,2024-08-08,C0024,Books,2,15.52,0.0,2,0,5.0
O06332,2024-08-08,C1890,Electronics,3,46.38,0.0,6,0,4.0
O06333,2024-08-08,C0669,Books,1,12.28,0.1,8,0,5.0
O06334,2024-08-08,C0617,Books,1,12.85,0.0,1,0,4.0
O06335,2024-08-08,C0809,Home & kitchen,1,180.1,0.0,6,0,5.0
O06336,2024-08-08,C1516,Electronics,1,257.12,0.0,4,0,4.0
O06337,2024-08-08,C1009,Beauty,2,14.06,0.0,1,0,5.0
O06338,2024-08-08,C0609,Clothing,3,31.38,0.3,1,0,5.0
O06339,2024-08-08,C0138,Clothing,3,47.05,0.1,13,1,2.0
O06340,2024-08-08,C0244,Electronics,1,127.27,0.0,1,0,5.0
O06341,2024-08-08,C0636,Books,2,19.03,0.0,1,0,5.0
O06342,2024-08-08,C1305,Clothing,2,52.92,0.0,5,0,4.0
O06343,2024-08-08,C1752,Electronics,2,317.7,0.1,4,0,5.0
O06344,2024-08-08,C0038,Sports & outdoors,1,68.45,0.0,2,0,5.0
O06345,2024-08-08,C0654,Home & kitchen,3,49.08,0.2,3,0,4.0
O06346,2024-08-08,C0187,Home & kitchen,2,107.36,0.0,9,0,4.0
O06347,2024-08-08,C0665,Books,3,14.87,0.3,6,0,5.0
O06348,2024-08-08,C0968,Beauty,1,14.01,0.0,2,0,3.0
O06349,2024-08-08,C0342,Beauty,2,17.83,0.15,6,0,5.0
O06350,2024-08-08,C0638,Clothing,1,44.34,0.0,1,1,4.0
O06351,2024-08-08,C0356,Electronics,1,221.95,0.0,2,0,4.0
O06352,2024-08-08,C1101,Electronics,4,35.32,0.0,4,1,3.0
O06353,2024-08-08,C1529,Beauty,3,22.48,0.0,6,0,5.0
O06354,2024-08-08,C0077,Electronics,3,2499.02,0.0,6,0,4.0
O06355,2024-08-09,C0927,Beauty,1,31.03,0.15,18,0,2.0
O06356,2024-08-09,C0110,Toys,2,24.52,0.0,2,0,5.0
O06357,2024-08-09,C0716,Books,1,9.38,0.15,1,0,4.0
O06358,2024-08-09,C0457,Home & kitchen,3,73.38,0.0,3,0,5.0
O06359,2024-08-09,C1082,Electronics,2,143.73,0.0,3,0,4.0
O06360,2024-08-09,C0801,Clothing,4,45.61,0.0,8,0,5.0
O06361,2024-08-09,C0457,Beauty,1,12.91,0.1,5,1,3.0
O06362,2024-08-09,C1125,Toys,1,33.24,0.0,2,0,4.0
O06363,2024-08-09,C1033,Beauty,2,25.95,0.15,3,0,4.0
O06364,2024-08-09,C1627,Electronics,2,478.91,0.0,3,1,3.0
O06365,2024-08-09,C1511,Clothing,1,41.87,0.2,1,0,5.0
O06366,2024-08-09,C0295,Electronics,4,225.78,0.0,5,0,4.0
O06367,2024-08-09,C1046,Beauty,2,13.34,0.05,2,0,5.0
O06368,2024-08-09,C1075,Sports & outdoors,1,49.33,0.0,4,0,4.0
O06369,2024-08-09,C1547,Electronics,1,143.98,0.0,4,0,5.0
O06370,2024-08-09,C0279,Sports & outdoors,1,36.5,0.3,2,0,5.0
O06371,2024-08-09,C0613,Electronics,1,57.23,0.0,2,0,4.0
O06372,2024-08-09,C0642,Home & kitchen,1,33.39,0.2,3,0,5.0
O06373,2024-08-09,C1824,Clothing,3,23.64,0.3,4,0,5.0
O06374,2024-08-10,C0809,Books,1,15.12,0.3,1,0,4.0
O06375,2024-08-10,C1027,Electronics,1,421.87,0.0,1,0,4.0
O06376,2024-08-10,C0634,Clothing,2,45.57,0.1,3,0,5.0
O06377,2024-08-10,C0147,Clothing,1,19.54,0.15,4,0,5.0
O06378,2024-08-10,C1708,Beauty,2,39.38,0.15,3,0,4.0
O06379,2024-08-10,C1217,Beauty,1,21.45,0.0,2,0,5.0
O06380,2024-08-10,C0511,Toys,2,12.73,0.15,3,0,5.0
O06381,2024-08-10,C0120,Sports & outdoors,1,33.04,0.0,1,0,4.0
O06382,2024-08-10,C1193,Home & kitchen,2,24.88,0.1,2,0,5.0
O06383,2024-08-10,C1017,Toys,4,35.04,0.3,3,1,5.0
O06384,2024-08-10,C1800,Home & kitchen,1,21.36,0.05,2,0,5.0
O06385,2024-08-10,C1410,Home & kitchen,3,22.79,0.15,3,0,5.0
O06386,2024-08-10,C0008,Clothing,2,49.21,0.3,4,1,2.0
O06387,2024-08-10,C0091,Books,1,13.01,0.1,3,0,5.0
O06388,2024-08-10,C0125,Clothing,1,30.22,0.2,10,0,4.0
O06389,2024-08-10,C0647,Electronics,2,247.33,0.0,9,0,4.0
O06390,2024-08-10,C1833,Clothing,3,75.9,0.3,5,0,4.0
O06391,2024-08-10,C1138,Clothing,2,65.66,0.15,8,0,4.0
O06392,2024-08-10,C1420,Toys,1,27.22,0.05,1,0,3.0
O06393,2024-08-10,C0519,Books,2,19.6,0.15,5,0,4.0
O06394,2024-08-10,C0431,Clothing,2,55.6,0.2,5,0,5.0
O06395,2024-08-10,C0391,Sports & outdoors,4,50.84,0.2,6,0,4.0
O06396,2024-08-10,C1134,Beauty,2,16.32,0.0,5,0,5.0
O06397,2024-08-10,C1177,Books,1,8.39,0.0,6,0,4.0
O06398,2024-08-10,C1930,Electronics,2,171.9,0.1,4,0,5.0
O06399,2024-08-10,C1777,Beauty,2,35.52,0.1,2,0,5.0
O06400,2024-08-10,C1033,Beauty,1,23.91,0.0,4,0,5.0
O06401,2024-08-11,C0578,Toys,2,32.95,0.05,3,1,2.0
O06402,2024-08-11,C0777,Books,4,21.48,0.1,3,0,4.0
O06403,2024-08-11,C1570,Electronics,2,163.6,0.3,5,0,4.0
O06404,2024-08-11,C1836,Clothing,2,34.95,0.1,2,0,5.0
O06405,2024-08-11,C0659,Clothing,1,51.74,0.0,1,0,5.0
O06406,2024-08-11,C1075,Home & kitchen,1,45.89,0.05,1,0,4.0
O06407,2024-08-11,C1595,Electronics,4,228.88,0.2,2,0,5.0
O06408,2024-08-11,C0914,Home & kitchen,1,71.53,0.15,3,1,2.0
O06409,2024-08-11,C1263,Clothing,3,21.39,0.0,2,0,4.0
O06410,2024-08-11,C0721,Books,2,15.62,0.0,1,0,4.0
O06411,2024-08-11,C0566,Electronics,2,143.93,0.0,5,1,3.0
O06412,2024-08-11,C1132,Clothing,3,31.27,0.1,2,1,4.0
O06413,2024-08-11,C0900,Home & kitchen,1,46.16,0.0,6,0,3.0
O06414,2024-08-11,C1764,Electronics,1,94.2,0.15,3,0,5.0
O06415,2024-08-11,C1823,Home & kitchen,1,34.03,0.0,1,0,5.0
O06416,2024-08-11,C0704,Home & kitchen,2,145.89,0.05,2,0,4.0
O06417,2024-08-11,C1100,Clothing,1,45.94,0.3,1,0,4.0
O06418,2024-08-11,C1113,Home & kitchen,2,124.49,0.0,3,0,5.0
O06419,2024-08-11,C1436,Toys,4,46.44,0.0,4,0,5.0
O06420,2024-08-11,C1147,Sports & outdoors,2,131.46,0.05,1,0,5.0
O06421,2024-08-11,C0090,Sports & outdoors,3,123.47,0.1,2,0,4.0
O06422,2024-08-11,C1543,Books,2,12.37,0.0,9,0,4.0
O06423,2024-08-11,C0412,Books,4,11.42,0.05,6,0,3.0
O06424,2024-08-11,C1764,Home & kitchen,1,23.77,0.05,6,0,5.0
O06425,2024-08-11,C0875,Clothing,1,16.34,0.0,1,1,3.0
O06426,2024-08-11,C1770,Clothing,3,35.42,0.2,10,1,3.0
O06427,2024-08-11,C1044,Electronics,2,364.99,0.0,3,0,
O06428,2024-08-11,C1088,Sports & outdoors,2,79.26,0.0,3,0,5.0
O06429,2024-08-11,C0795,Toys,2,15.38,0.05,7,0,3.0
O06430,2024-08-11,C1121,Books,1,15.11,0.15,1,0,5.0
O06431,2024-08-11,C0049,Home & kitchen,2,37.13,0.15,4,0,4.0
O06432,2024-08-11,C0172,Beauty,4,19.8,0.0,2,0,4.0
O06433,2024-08-12,C0831,Books,1,8.84,0.2,1,0,5.0
O06434,2024-08-12,C1486,Clothing,2,59.76,0.0,5,0,4.0
O06435,2024-08-12,C1201,Clothing,1,25.35,0.2,3,0,5.0
O06436,2024-08-12,C1355,Beauty,1,18.16,0.0,1,0,4.0
O06437,2024-08-12,C0711,Books,1,17.41,0.3,1,0,5.0
O06438,2024-08-12,C0249,Toys,2,30.37,0.15,2,0,4.0
O06439,2024-08-12,C0321,Books,2,17.86,0.15,8,0,4.0
O06440,2024-08-12,C1397,Books,1,13.09,0.05,2,0,4.0
O06441,2024-08-12,C0102,Books,2,10.22,0.2,4,0,5.0
O06442,2024-08-12,C1389,Home & kitchen,3,24.92,0.3,2,0,5.0
O06443,2024-08-12,C1856,Electronics,1,1057.14,0.2,5,0,3.0
O06444,2024-08-12,C0896,Clothing,3,32.65,0.15,1,0,5.0
O06445,2024-08-12,C0105,Books,4,13.84,0.2,3,0,5.0
O06446,2024-08-12,C0086,Beauty,1,14.29,0.1,10,1,4.0
O06447,2024-08-12,C0461,Electronics,1,181.19,0.15,8,0,3.0
O06448,2024-08-12,C0453,Electronics,2,666.4,0.05,3,0,3.0
O06449,2024-08-12,C0360,Home & kitchen,1,39.19,0.0,1,0,5.0
O06450,2024-08-12,C1506,Sports & outdoors,1,20.94,0.0,4,0,5.0
O06451,2024-08-12,C0022,Clothing,3,26.89,0.2,6,0,4.0
O06452,2024-08-12,C0802,Home & kitchen,1,19.2,0.0,3,0,5.0
O06453,2024-08-12,C0179,Home & kitchen,3,58.11,0.1,1,0,4.0
O06454,2024-08-12,C0622,Sports & outdoors,1,31.26,0.15,2,0,5.0
O06455,2024-08-12,C0084,Clothing,2,47.47,0.3,9,0,3.0
O06456,2024-08-12,C0315,Electronics,2,72.97,0.0,2,0,5.0
O06457,2024-08-12,C0119,Toys,1,15.8,0.1,3,0,4.0
O06458,2024-08-12,C0566,Toys,3,18.13,0.0,2,0,4.0
O06459,2024-08-12,C1879,Home & kitchen,1,39.65,0.3,4,0,4.0
O06460,2024-08-12,C1553,Toys,2,13.01,0.05,3,0,5.0
O06461,2024-08-12,C0820,Home & kitchen,2,42.39,0.0,1,0,5.0
O06462,2024-08-12,C0768,Electronics,2,354.22,0.05,3,0,4.0
O06463,2024-08-12,C1770,Home & kitchen,3,36.82,0.2,3,0,4.0
O06464,2024-08-12,C1703,Clothing,3,54.7,0.15,1,0,5.0
O06465,2024-08-13,C0612,Books,1,14.86,0.1,3,0,4.0
O06466,2024-08-13,C0313,Clothing,1,62.17,0.1,4,0,3.0
O06467,2024-08-13,C0527,Electronics,2,132.41,0.2,2,0,5.0
O06468,2024-08-13,C1241,Toys,2,14.37,0.0,1,0,5.0
O06469,2024-08-13,C1574,Sports & outdoors,1,26.78,0.3,2,0,4.0
O06470,2024-08-13,C0103,Books,3,14.91,0.0,3,0,4.0
O06471,2024-08-13,C1288,Clothing,3,50.15,0.3,4,0,
O06472,2024-08-13,C0502,Clothing,1,21.31,0.0,2,0,5.0
O06473,2024-08-13,C0352,Home & kitchen,4,41.03,0.0,2,0,3.0
O06474,2024-08-13,C1928,Home & kitchen,1,61.72,0.3,3,0,5.0
O06475,2024-08-13,C1713,Beauty,3,10.72,0.3,2,0,
O06476,2024-08-13,C1358,Books,1,12.88,0.1,1,0,5.0
O06477,2024-08-13,C0709,Home & kitchen,3,96.97,0.0,6,0,5.0
O06478,2024-08-13,C1504,Books,1,11.37,0.15,1,0,4.0
O06479,2024-08-13,C0051,Beauty,1,14.5,0.2,4,0,5.0
O06480,2024-08-13,C0750,Home & kitchen,2,33.83,0.0,2,0,4.0
O06481,2024-08-13,C0687,Sports & outdoors,1,106.62,0.3,2,0,4.0
O06482,2024-08-13,C0722,Electronics,1,120.25,0.2,2,0,
O06483,2024-08-13,C1071,Beauty,1,14.58,0.0,2,0,5.0
O06484,2024-08-13,C1361,Toys,1,17.53,0.3,2,0,4.0
O06485,2024-08-13,C1599,Toys,3,37.85,0.3,2,0,4.0
O06486,2024-08-13,C0013,Clothing,2,31.83,0.3,3,1,1.0
O06487,2024-08-13,C1264,Beauty,2,16.26,0.2,4,0,4.0
O06488,2024-08-13,C1719,Books,1,12.33,0.3,8,0,4.0
O06489,2024-08-13,C1752,Toys,1,43.45,0.3,2,0,
O06490,2024-08-13,C0984,Electronics,2,223.2,0.0,3,0,5.0
O06491,2024-08-13,C1301,Home & kitchen,1,52.95,0.1,3,0,5.0
O06492,2024-08-13,C0288,Books,3,11.72,0.0,3,1,3.0
O06493,2024-08-13,C0643,Books,1,11.93,0.2,1,0,5.0
O06494,2024-08-13,C0107,Clothing,1,18.07,0.15,5,0,4.0
O06495,2024-08-13,C0380,Sports & outdoors,2,41.43,0.0,1,0,4.0
O06496,2024-08-14,C0978,Clothing,1,47.69,0.0,4,0,5.0
O06497,2024-08-14,C1283,Clothing,1,57.36,0.0,9,0,2.0
O06498,2024-08-14,C0106,Electronics,2,20.8,0.3,2,0,4.0
O06499,2024-08-14,C1738,Books,1,11.45,0.2,1,0,3.0
O06500,2024-08-14,C0145,Clothing,2,89.44,0.05,3,1,3.0
O06501,2024-08-14,C0808,Electronics,1,392.25,0.3,3,0,5.0
O06502,2024-08-14,C1534,Clothing,2,40.48,0.0,1,0,5.0
O06503,2024-08-14,C1102,Clothing,1,12.29,0.0,3,0,5.0
O06504,2024-08-14,C0819,Beauty,1,16.21,0.2,1,0,5.0
O06505,2024-08-14,C1291,Toys,1,18.39,0.0,4,0,5.0
O06506,2024-08-14,C0826,Books,2,8.11,0.0,3,0,4.0
O06507,2024-08-14,C0890,Books,2,13.51,0.2,6,0,5.0
O06508,2024-08-14,C1065,Sports & outdoors,2,21.78,0.0,2,0,5.0
O06509,2024-08-14,C0360,Beauty,1,35.94,0.2,2,0,4.0
O06510,2024-08-14,C1140,Electronics,1,223.51,0.3,1,0,4.0
O06511,2024-08-14,C1047,Clothing,2,30.36,0.05,4,0,5.0
O06512,2024-08-14,C1243,Books,2,20.42,0.15,5,0,3.0
O06513,2024-08-14,C0200,Toys,1,36.0,0.1,5,0,5.0
O06514,2024-08-15,C0253,Sports & outdoors,1,138.84,0.3,1,0,4.0
O06515,2024-08-15,C0417,Electronics,1,270.45,0.0,3,1,3.0
O06516,2024-08-15,C1716,Beauty,1,11.87,0.05,2,1,4.0
O06517,2024-08-15,C0055,Books,4,13.03,0.15,2,0,5.0
O06518,2024-08-15,C1350,Clothing,2,21.93,0.15,4,1,
O06519,2024-08-15,C0884,Toys,2,39.09,0.1,5,0,3.0
O06520,2024-08-15,C1525,Beauty,2,21.25,0.3,6,0,4.0
O06521,2024-08-15,C1560,Books,1,12.53,0.3,2,0,5.0
O06522,2024-08-15,C0630,Electronics,3,73.69,0.0,4,0,5.0
O06523,2024-08-15,C0206,Home & kitchen,4,22.66,0.0,5,0,4.0
O06524,2024-08-15,C0892,Toys,3,14.92,0.1,5,0,3.0
O06525,2024-08-15,C0740,Sports & outdoors,1,63.92,0.0,6,0,5.0
O06526,2024-08-15,C1494,Toys,1,25.34,0.15,5,0,2.0
O06527,2024-08-15,C1566,Clothing,2,63.46,0.0,5,0,3.0
O06528,2024-08-15,C1394,Sports & outdoors,3,25.77,0.3,4,0,5.0
O06529,2024-08-15,C1823,Beauty,3,41.8,0.15,2,1,4.0
O06530,2024-08-15,C1816,Books,2,11.85,0.05,6,0,4.0
O06531,2024-08-15,C0322,Books,4,12.1,0.3,4,1,3.0
O06532,2024-08-15,C0515,Home & kitchen,3,25.9,0.0,10,0,3.0
O06533,2024-08-15,C0715,Toys,1,31.08,0.0,4,0,4.0
O06534,2024-08-15,C1474,Electronics,1,97.03,0.15,3,0,4.0
O06535,2024-08-15,C1556,Books,1,13.23,0.0,3,0,5.0
O06536,2024-08-15,C0393,Electronics,1,114.49,0.0,5,0,4.0
O06537,2024-08-15,C1340,Books,1,13.19,0.0,3,0,4.0
O06538,2024-08-15,C0969,Home & kitchen,4,31.38,0.0,5,0,4.0
O06539,2024-08-15,C1888,Clothing,2,14.28,0.3,1,0,5.0
O06540,2024-08-15,C0663,Sports & outdoors,1,229.24,0.0,6,0,4.0
O06541,2024-08-15,C1472,Home & kitchen,1,44.02,0.05,1,0,3.0
O06542,2024-08-15,C0780,Home & kitchen,4,57.7,0.0,1,0,4.0
O06543,2024-08-15,C1602,Clothing,1,72.43,0.2,5,1,3.0
O06544,2024-08-15,C0312,Home & kitchen,4,43.61,0.05,2,0,5.0
O06545,2024-08-15,C1232,Books,4,11.53,0.05,4,0,5.0
O06546,2024-08-15,C1429,Home & kitchen,4,53.63,0.05,7,0,3.0
O06547,2024-08-15,C0923,Books,4,12.01,0.0,4,1,3.0
O06548,2024-08-15,C0213,Clothing,1,44.38,0.0,7,1,2.0
O06549,2024-08-16,C1150,Home & kitchen,1,71.68,0.0,1,0,5.0
O06550,2024-08-16,C0016,Sports & outdoors,2,86.23,0.0,4,0,5.0
O06551,2024-08-16,C0650,Home & kitchen,3,112.73,0.2,9,0,4.0
O06552,2024-08-16,C0302,Home & kitchen,1,69.95,0.05,6,1,4.0
O06553,2024-08-16,C1681,Sports & outdoors,1,101.3,0.0,6,0,3.0
O06554,2024-08-16,C0519,Books,2,18.4,0.05,3,0,5.0
O06555,2024-08-16,C1258,Beauty,2,25.47,0.1,1,0,5.0
O06556,2024-08-16,C0665,Clothing,4,44.22,0.1,5,1,
O06557,2024-08-16,C1179,Beauty,3,35.12,0.0,7,0,4.0
O06558,2024-08-16,C1822,Home & kitchen,1,10.87,0.1,1,0,5.0
O06559,2024-08-16,C0603,Beauty,2,24.3,0.15,1,0,4.0
O06560,2024-08-16,C0829,Clothing,3,21.07,0.15,6,0,5.0
O06561,2024-08-16,C0854,Beauty,4,27.51,0.15,2,0,4.0
O06562,2024-08-16,C0476,Clothing,3,50.64,0.0,3,0,4.0
O06563,2024-08-16,C0736,Clothing,1,74.4,0.0,5,0,5.0
O06564,2024-08-16,C0865,Sports & outdoors,3,25.47,0.05,6,0,4.0
O06565,2024-08-16,C1197,Books,1,9.94,0.3,3,1,
O06566,2024-08-16,C1751,Electronics,1,461.15,0.3,2,0,5.0
O06567,2024-08-16,C0524,Home & kitchen,2,100.63,0.15,2,0,5.0
O06568,2024-08-16,C0498,Beauty,1,24.24,0.05,1,0,5.0
O06569,2024-08-16,C1730,Clothing,1,39.24,0.15,6,0,5.0
O06570,2024-08-17,C0189,Sports & outdoors,4,23.84,0.3,5,0,4.0
O06571,2024-08-17,C0826,Clothing,2,48.42,0.3,3,0,3.0
O06572,2024-08-17,C1715,Sports & outdoors,1,36.89,0.15,3,0,4.0
O06573,2024-08-17,C0926,Clothing,3,42.9,0.1,3,0,4.0
O06574,2024-08-17,C0098,Electronics,2,111.13,0.1,3,0,5.0
O06575,2024-08-17,C1257,Toys,3,36.5,0.1,1,1,3.0
O06576,2024-08-17,C1838,Electronics,1,422.91,0.0,6,0,4.0
O06577,2024-08-17,C1844,Clothing,1,33.63,0.0,6,1,4.0
O06578,2024-08-17,C1426,Beauty,1,39.89,0.15,3,0,4.0
O06579,2024-08-17,C0767,Sports & outdoors,2,60.37,0.2,1,0,5.0
O06580,2024-08-17,C1490,Home & kitchen,3,70.58,0.1,1,0,5.0
O06581,2024-08-17,C1639,Books,1,15.48,0.3,2,1,5.0
O06582,2024-08-17,C0605,Sports & outdoors,3,19.63,0.0,2,0,5.0
O06583,2024-08-17,C0673,Toys,1,14.87,0.3,4,1,3.0
O06584,2024-08-17,C0707,Beauty,2,26.51,0.0,3,0,3.0
O06585,2024-08-17,C1126,Clothing,4,26.5,0.2,3,0,5.0
O06586,2024-08-17,C1998,Home & kitchen,2,71.44,0.15,2,0,5.0
O06587,2024-08-17,C1108,Home & kitchen,1,17.46,0.15,5,0,5.0
O06588,2024-08-17,C1642,Sports & outdoors,3,56.04,0.2,1,0,5.0
O06589,2024-08-17,C1124,Electronics,1,75.96,0.0,3,0,4.0
O06590,2024-08-17,C0987,Clothing,4,27.9,0.2,2,0,5.0
O06591,2024-08-17,C1714,Sports & outdoors,2,52.17,0.0,2,0,5.0
O06592,2024-08-17,C1328,Clothing,1,48.75,0.0,7,0,5.0
O06593,2024-08-18,C0339,Beauty,4,16.24,0.2,2,0,5.0
O06594,2024-08-18,C1380,Electronics,1,547.85,0.05,2,0,5.0
O06595,2024-08-18,C0368,Clothing,2,30.72,0.05,1,0,3.0
O06596,2024-08-18,C0304,Clothing,1,18.1,0.0,2,1,4.0
O06597,2024-08-18,C1829,Electronics,1,138.47,0.2,5,0,5.0
O06598,2024-08-18,C0768,Beauty,1,24.59,0.2,4,0,5.0
O06599,2024-08-18,C1681,Home & kitchen,3,100.87,0.2,2,0,5.0
O06600,2024-08-18,C0904,Electronics,3,106.42,0.3,7,0,4.0
O06601,2024-08-18,C1893,Electronics,2,322.51,0.1,4,0,5.0
O06602,2024-08-18,C1893,Beauty,2,28.47,0.0,4,0,4.0
O06603,2024-08-18,C0193,Electronics,1,401.95,0.15,2,0,3.0
O06604,2024-08-18,C0431,Books,2,22.87,0.2,8,1,3.0
O06605,2024-08-18,C1860,Books,2,10.62,0.0,5,0,3.0
O06606,2024-08-18,C1883,Clothing,2,45.77,0.05,5,0,5.0
O06607,2024-08-18,C0090,Electronics,4,442.52,0.0,2,0,5.0
O06608,2024-08-18,C0805,Beauty,2,25.25,0.0,4,0,3.0
O06609,2024-08-18,C1185,Books,1,14.53,0.05,1,0,5.0
O06610,2024-08-18,C0182,Clothing,1,36.94,0.0,5,0,5.0
O06611,2024-08-18,C0413,Clothing,3,50.66,0.0,1,0,5.0
O06612,2024-08-18,C0395,Home & kitchen,1,32.73,0.3,2,0,5.0
O06613,2024-08-18,C1913,Electronics,1,223.93,0.0,1,0,5.0
O06614,2024-08-18,C1395,Clothing,1,17.02,0.2,3,0,5.0
O06615,2024-08-18,C0343,Beauty,4,36.39,0.15,1,0,4.0
O06616,2024-08-18,C0201,Clothing,2,41.8,0.0,5,1,3.0
O06617,2024-08-18,C0925,Electronics,3,255.34,0.0,1,1,3.0
O06618,2024-08-18,C0933,Electronics,1,127.39,0.0,6,0,5.0
O06619,2024-08-18,C0215,Toys,4,35.48,0.05,3,0,4.0
O06620,2024-08-18,C1888,Toys,2,33.83,0.0,3,0,5.0
O06621,2024-08-18,C1076,Home & kitchen,2,83.77,0.1,4,0,5.0
O06622,2024-08-19,C1756,Books,3,13.86,0.0,3,0,5.0
O06623,2024-08-19,C0439,Sports & outdoors,4,35.24,0.0,7,0,4.0
O06624,2024-08-19,C0963,Clothing,1,26.27,0.0,3,1,4.0
O06625,2024-08-19,C1072,Books,4,27.92,0.0,5,0,4.0
O06626,2024-08-19,C1053,Electronics,1,387.05,0.1,5,0,3.0
O06627,2024-08-19,C1837,Electronics,1,260.38,0.0,4,0,
O06628,2024-08-19,C1261,Sports & outdoors,3,50.96,0.0,1,0,4.0
O06629,2024-08-19,C1356,Clothing,1,35.45,0.0,2,0,5.0
O06630,2024-08-19,C0545,Clothing,1,46.96,0.0,1,0,4.0
O06631,2024-08-19,C1530,Electronics,1,189.59,0.0,1,0,5.0
O06632,2024-08-19,C0495,Toys,1,16.9,0.15,3,0,5.0
O06633,2024-08-19,C0055,Home & kitchen,1,28.86,0.15,1,0,5.0
O06634,2024-08-19,C0883,Sports & outdoors,1,38.54,0.0,3,0,5.0
O06635,2024-08-19,C0051,Electronics,2,160.15,0.3,1,0,5.0
O06636,2024-08-19,C0668,Clothing,3,68.07,0.15,1,0,4.0
O06637,2024-08-19,C0881,Beauty,2,15.88,0.0,4,0,3.0
O06638,2024-08-19,C0634,Electronics,1,132.78,0.0,2,0,5.0
O06639,2024-08-19,C0152,Electronics,1,81.94,0.3,1,0,5.0
O06640,2024-08-19,C1095,Beauty,3,27.58,0.15,2,0,5.0
O06641,2024-08-19,C1170,Beauty,2,37.06,0.2,4,1,4.0
O06642,2024-08-19,C1289,Home & kitchen,2,68.03,0.3,2,0,
O06643,2024-08-19,C0403,Beauty,1,20.08,0.3,6,0,5.0
O06644,2024-08-19,C0715,Home & kitchen,3,58.0,0.0,2,0,4.0
O06645,2024-08-19,C0498,Sports & outdoors,1,49.61,0.0,3,0,4.0
O06646,2024-08-19,C0238,Electronics,2,65.12,0.05,3,0,4.0
O06647,2024-08-19,C0063,Books,1,10.54,0.15,1,0,4.0
O06648,2024-08-20,C1550,Sports & outdoors,1,77.81,0.0,7,0,3.0
O06649,2024-08-20,C0847,Books,1,17.14,0.0,4,0,4.0
O06650,2024-08-20,C0468,Electronics,1,181.11,0.3,1,0,5.0
O06651,2024-08-20,C1455,Books,1,25.81,0.3,5,0,5.0
O06652,2024-08-20,C1425,Beauty,1,41.45,0.05,5,0,5.0
O06653,2024-08-20,C1419,Books,1,10.44,0.1,8,0,4.0
O06654,2024-08-20,C0647,Home & kitchen,4,42.74,0.0,6,0,4.0
O06655,2024-08-20,C0498,Clothing,1,42.28,0.05,3,0,5.0
O06656,2024-08-20,C1089,Sports & outdoors,4,131.16,0.0,1,0,5.0
O06657,2024-08-20,C0228,Sports & outdoors,3,29.78,0.0,4,0,5.0
O06658,2024-08-20,C1089,Clothing,2,68.04,0.15,3,0,5.0
O06659,2024-08-20,C0732,Sports & outdoors,4,52.56,0.0,3,0,5.0
O06660,2024-08-20,C0774,Sports & outdoors,2,86.15,0.05,7,0,5.0
O06661,2024-08-20,C1172,Books,3,14.91,0.3,1,0,4.0
O06662,2024-08-20,C0443,Books,4,11.48,0.0,1,0,4.0
O06663,2024-08-20,C1368,Books,2,21.78,0.0,6,0,5.0
O06664,2024-08-20,C1284,Home & kitchen,2,29.22,0.05,4,0,4.0
O06665,2024-08-20,C0607,Books,1,21.62,0.0,4,0,5.0
O06666,2024-08-20,C1343,Clothing,1,28.56,0.15,2,0,5.0
O06667,2024-08-20,C0212,Electronics,4,21.2,0.05,3,0,5.0
O06668,2024-08-20,C0973,Books,4,9.57,0.15,3,0,5.0
O06669,2024-08-20,C1009,Beauty,2,19.12,0.05,4,0,4.0
O06670,2024-08-20,C1736,Electronics,1,85.81,0.0,4,0,4.0
O06671,2024-08-20,C1276,Sports & outdoors,1,36.39,0.0,3,0,4.0
O06672,2024-08-20,C1511,Books,4,18.43,0.0,2,0,5.0
O06673,2024-08-20,C0624,Electronics,3,44.86,0.0,6,0,4.0
O06674,2024-08-20,C0866,Sports & outdoors,3,23.73,0.0,4,0,5.0
O06675,2024-08-21,C0883,Electronics,2,422.02,0.05,4,0,4.0
O06676,2024-08-21,C0147,Toys,1,37.04,0.0,1,0,5.0
O06677,2024-08-21,C1554,Beauty,1,16.59,0.2,3,0,4.0
O06678,2024-08-21,C0844,Clothing,4,42.76,0.0,2,0,5.0
O06679,2024-08-21,C0462,Toys,2,17.49,0.15,5,1,4.0
O06680,2024-08-21,C0283,Books,2,9.76,0.1,2,0,4.0
O06681,2024-08-21,C0603,Beauty,4,22.03,0.0,3,0,5.0
O06682,2024-08-21,C1762,Beauty,4,27.01,0.0,2,0,5.0
O06683,2024-08-21,C0703,Clothing,3,26.17,0.0,1,0,5.0
O06684,2024-08-21,C0065,Toys,1,14.11,0.0,3,0,4.0
O06685,2024-08-21,C0607,Electronics,2,60.6,0.3,8,1,3.0
O06686,2024-08-21,C0594,Beauty,2,24.53,0.05,1,0,5.0
O06687,2024-08-21,C0151,Toys,2,53.27,0.15,3,0,5.0
O06688,2024-08-21,C0116,Books,4,8.3,0.2,4,1,3.0
O06689,2024-08-21,C1850,Home & kitchen,2,80.96,0.0,2,0,2.0
O06690,2024-08-21,C0786,Toys,4,28.26,0.0,5,0,5.0
O06691,2024-08-21,C1356,Home & kitchen,2,29.26,0.2,7,0,
O06692,2024-08-21,C1789,Sports & outdoors,2,34.37,0.15,1,0,3.0
O06693,2024-08-21,C0702,Electronics,2,241.0,0.3,2,0,5.0
O06694,2024-08-21,C1739,Sports & outdoors,3,94.1,0.0,5,0,5.0
O06695,2024-08-21,C0330,Electronics,4,442.04,0.0,9,0,4.0
O06696,2024-08-21,C1146,Sports & outdoors,1,46.21,0.0,2,0,4.0
O06697,2024-08-21,C1707,Sports & outdoors,2,68.83,0.15,3,0,5.0
O06698,2024-08-21,C0816,Electronics,4,196.61,0.05,3,0,4.0
O06699,2024-08-21,C1112,Home & kitchen,3,79.71,0.2,1,0,5.0
O06700,2024-08-21,C0939,Clothing,2,50.57,0.2,3,0,5.0
O06701,2024-08-21,C1996,Beauty,4,28.71,0.2,10,0,3.0
O06702,2024-08-22,C1507,Electronics,1,92.8,0.0,3,0,4.0
O06703,2024-08-22,C1711,Home & kitchen,2,39.33,0.05,6,0,5.0
O06704,2024-08-22,C1219,Books,2,13.84,0.05,1,0,5.0
O06705,2024-08-22,C0334,Clothing,1,41.97,0.3,5,0,3.0
O06706,2024-08-22,C1961,Toys,1,23.77,0.0,2,0,3.0
O06707,2024-08-22,C1459,Electronics,1,118.86,0.0,6,0,4.0
O06708,2024-08-22,C1338,Books,1,18.16,0.0,2,0,5.0
O06709,2024-08-22,C0672,Clothing,1,14.15,0.0,2,0,4.0
O06710,2024-08-22,C1290,Home & kitchen,1,50.31,0.3,2,0,5.0
O06711,2024-08-22,C1538,Sports & outdoors,4,17.38,0.2,4,0,4.0
O06712,2024-08-22,C0090,Home & kitchen,1,38.66,0.0,3,0,4.0
O06713,2024-08-22,C0751,Clothing,3,10.04,0.05,6,0,4.0
O06714,2024-08-22,C1171,Clothing,3,31.12,0.05,3,0,4.0
O06715,2024-08-22,C0933,Electronics,1,62.44,0.2,3,1,4.0
O06716,2024-08-22,C0364,Clothing,1,32.61,0.3,4,0,4.0
O06717,2024-08-22,C0804,Books,1,13.71,0.15,2,0,4.0
O06718,2024-08-22,C1480,Home & kitchen,4,31.97,0.0,2,1,3.0
O06719,2024-08-22,C1374,Clothing,2,24.27,0.0,4,0,3.0
O06720,2024-08-22,C0541,Clothing,1,43.62,0.15,6,0,4.0
O06721,2024-08-22,C0838,Books,1,15.46,0.05,10,0,4.0
O06722,2024-08-22,C1095,Electronics,4,94.5,0.2,4,0,4.0
O06723,2024-08-22,C0032,Home & kitchen,1,38.71,0.0,1,0,5.0
O06724,2024-08-22,C1577,Clothing,1,27.84,0.2,11,0,3.0
O06725,2024-08-22,C1282,Beauty,3,29.49,0.05,1,0,4.0
O06726,2024-08-22,C1694,Electronics,1,279.21,0.0,5,0,4.0
O06727,2024-08-22,C1408,Electronics,1,251.15,0.0,1,0,5.0
O06728,2024-08-22,C0818,Beauty,2,14.7,0.2,6,1,3.0
O06729,2024-08-22,C1028,Books,1,13.39,0.0,5,0,3.0
O06730,2024-08-22,C0249,Clothing,1,66.7,0.0,2,1,3.0
O06731,2024-08-22,C0282,Beauty,2,16.84,0.15,5,0,5.0
O06732,2024-08-22,C1377,Home & kitchen,1,75.61,0.15,2,0,5.0
O06733,2024-08-22,C0391,Books,4,19.71,0.3,4,0,5.0
O06734,2024-08-22,C0351,Electronics,1,96.57,0.15,4,0,4.0
O06735,2024-08-22,C0569,Electronics,3,153.04,0.2,1,0,4.0
O06736,2024-08-22,C0637,Books,1,13.25,0.05,3,0,4.0
O06737,2024-08-23,C1793,Toys,2,24.56,0.2,5,0,4.0
O06738,2024-08-23,C0011,Electronics,1,19.55,0.05,4,0,4.0
O06739,2024-08-23,C1089,Sports & outdoors,3,100.65,0.0,3,1,3.0
O06740,2024-08-23,C1461,Electronics,1,152.24,0.2,2,0,5.0
O06741,2024-08-23,C1161,Beauty,1,22.89,0.0,3,1,3.0
O06742,2024-08-23,C0370,Beauty,2,25.29,0.0,3,0,4.0
O06743,2024-08-23,C1293,Beauty,4,17.69,0.0,3,0,4.0
O06744,2024-08-23,C0870,Home & kitchen,1,60.82,0.05,7,0,4.0
O06745,2024-08-23,C1105,Beauty,2,15.2,0.0,3,0,5.0
O06746,2024-08-23,C0763,Beauty,4,13.95,0.1,1,0,5.0
O06747,2024-08-23,C0327,Home & kitchen,2,30.84,0.1,7,0,3.0
O06748,2024-08-23,C0133,Books,1,20.18,0.1,4,0,4.0
O06749,2024-08-23,C1458,Home & kitchen,1,121.87,0.15,6,0,5.0
O06750,2024-08-23,C0982,Sports & outdoors,1,57.73,0.3,1,1,4.0
O06751,2024-08-23,C0469,Sports & outdoors,1,19.93,0.15,3,0,4.0
O06752,2024-08-23,C0460,Sports & outdoors,4,140.07,0.0,1,1,4.0
O06753,2024-08-23,C0388,Books,2,16.75,0.0,3,0,4.0
O06754,2024-08-23,C1203,Books,3,15.11,0.3,3,0,4.0
O06755,2024-08-23,C1194,Electronics,3,95.28,0.0,1,0,4.0
O06756,2024-08-23,C1107,Books,1,13.25,0.1,5,1,3.0
O06757,2024-08-23,C1601,Beauty,3,42.53,0.2,2,0,5.0
O06758,2024-08-23,C1942,Clothing,1,44.87,0.15,4,0,3.0
O06759,2024-08-23,C0633,Toys,2,17.02,0.3,1,0,4.0
O06760,2024-08-23,C1180,Sports & outdoors,4,43.86,0.2,9,0,4.0
O06761,2024-08-23,C1398,Home & kitchen,3,74.6,0.0,3,0,3.0
O06762,2024-08-23,C0449,Books,3,14.77,0.05,11,0,3.0
O06763,2024-08-23,C1157,Books,1,24.44,0.1,3,0,4.0
O06764,2024-08-23,C1170,Books,1,10.39,0.3,1,0,5.0
O06765,2024-08-23,C0940,Sports & outdoors,1,54.63,0.2,1,1,4.0
O06766,2024-08-23,C0341,Toys,2,20.81,0.15,4,0,4.0
O06767,2024-08-23,C0059,Home & kitchen,1,84.88,0.3,8,0,3.0
O06768,2024-08-23,C1014,Books,2,16.83,0.15,4,0,4.0
O06769,2024-08-23,C1595,Sports & outdoors,1,44.02,0.15,3,0,4.0
O06770,2024-08-23,C0180,Home & kitchen,1,40.25,0.1,6,0,5.0
O06771,2024-08-24,C0530,Clothing,3,46.52,0.3,2,0,4.0
O06772,2024-08-24,C0607,Sports & outdoors,1,83.24,0.0,3,0,4.0
O06773,2024-08-24,C1728,Books,1,16.18,0.3,5,0,4.0
O06774,2024-08-24,C0972,Sports & outdoors,1,51.08,0.2,3,0,5.0
O06775,2024-08-24,C0533,Clothing,4,46.35,0.3,5,0,3.0
O06776,2024-08-24,C0599,Books,4,21.89,0.2,3,0,4.0
O06777,2024-08-24,C1849,Electronics,2,639.2,0.2,3,1,4.0
O06778,2024-08-24,C1976,Clothing,1,23.14,0.0,7,1,3.0
O06779,2024-08-24,C0703,Beauty,3,22.34,0.2,11,0,3.0
O06780,2024-08-24,C0977,Books,1,11.98,0.15,11,0,
O06781,2024-08-24,C1467,Books,1,10.1,0.2,2,0,5.0
O06782,2024-08-24,C1208,Books,1,26.83,0.15,2,0,4.0
O06783,2024-08-24,C0347,Electronics,2,454.32,0.15,1,1,3.0
O06784,2024-08-24,C1321,Home & kitchen,4,57.8,0.1,2,0,4.0
O06785,2024-08-24,C1198,Toys,3,30.55,0.2,3,0,4.0
O06786,2024-08-24,C0724,Home & kitchen,1,19.38,0.05,4,0,4.0
O06787,2024-08-24,C0884,Clothing,2,28.94,0.1,5,0,5.0
O06788,2024-08-24,C1504,Electronics,1,116.76,0.1,3,0,5.0
O06789,2024-08-24,C1538,Electronics,1,194.73,0.1,10,0,4.0
O06790,2024-08-24,C1543,Books,3,13.14,0.2,5,0,5.0
O06791,2024-08-24,C0613,Home & kitchen,3,135.62,0.1,3,0,5.0
O06792,2024-08-24,C0379,Clothing,1,38.3,0.1,7,1,3.0
O06793,2024-08-24,C0716,Beauty,2,29.01,0.15,2,0,5.0
O06794,2024-08-24,C1318,Clothing,2,19.82,0.15,1,0,5.0
O06795,2024-08-24,C0556,Sports & outdoors,4,43.05,0.1,7,0,4.0
O06796,2024-08-24,C0770,Toys,1,47.68,0.05,4,0,5.0
O06797,2024-08-24,C0357,Home & kitchen,1,28.5,0.0,2,0,4.0
O06798,2024-08-25,C0918,Home & kitchen,4,22.11,0.0,1,0,5.0
O06799,2024-08-25,C0010,Sports & outdoors,2,31.23,0.0,1,0,5.0
O06800,2024-08-25,C0398,Clothing,1,59.88,0.3,1,0,5.0
O06801,2024-08-25,C1933,Clothing,2,48.46,0.2,6,0,5.0
O06802,2024-08-25,C0067,Toys,3,19.28,0.15,3,0,4.0
O06803,2024-08-25,C1316,Beauty,1,35.45,0.1,7,0,3.0
O06804,2024-08-25,C0303,Clothing,2,17.58,0.0,2,0,4.0
O06805,2024-08-25,C1982,Toys,1,56.04,0.0,3,0,4.0
O06806,2024-08-25,C1092,Electronics,2,109.15,0.15,5,0,3.0
O06807,2024-08-25,C1805,Beauty,2,18.73,0.05,5,0,5.0
O06808,2024-08-25,C0181,Home & kitchen,1,55.98,0.0,3,1,2.0
O06809,2024-08-25,C1759,Beauty,3,15.1,0.15,2,0,5.0
O06810,2024-08-25,C0298,Clothing,2,35.27,0.15,4,1,3.0
O06811,2024-08-25,C0652,Electronics,1,200.31,0.0,1,0,5.0
O06812,2024-08-25,C1449,Toys,1,22.79,0.05,2,0,5.0
O06813,2024-08-25,C0876,Home & kitchen,2,11.22,0.0,5,0,5.0
O06814,2024-08-25,C1401,Electronics,3,64.22,0.05,2,0,5.0
O06815,2024-08-25,C0273,Electronics,2,60.04,0.0,3,1,2.0
O06816,2024-08-25,C0587,Electronics,1,330.37,0.05,1,0,5.0
O06817,2024-08-25,C1694,Clothing,2,9.4,0.05,3,0,5.0
O06818,2024-08-25,C0566,Clothing,2,39.53,0.0,1,0,3.0
O06819,2024-08-25,C1752,Beauty,2,34.06,0.0,5,0,5.0
O06820,2024-08-26,C0998,Beauty,2,24.19,0.2,3,0,3.0
O06821,2024-08-26,C1339,Electronics,2,245.76,0.15,8,0,4.0
O06822,2024-08-26,C1224,Home & kitchen,1,43.96,0.0,6,0,3.0
O06823,2024-08-26,C1691,Clothing,1,99.14,0.0,2,0,5.0
O06824,2024-08-26,C1910,Home & kitchen,1,28.52,0.0,3,0,4.0
O06825,2024-08-26,C0912,Sports & outdoors,2,147.89,0.05,2,0,5.0
O06826,2024-08-26,C0356,Sports & outdoors,1,47.96,0.05,1,0,5.0
O06827,2024-08-26,C0122,Electronics,4,208.34,0.1,13,0,4.0
O06828,2024-08-26,C1443,Books,3,12.65,0.1,5,0,5.0
O06829,2024-08-26,C1045,Clothing,2,55.36,0.3,1,0,5.0
O06830,2024-08-26,C0664,Sports & outdoors,1,57.05,0.2,3,0,4.0
O06831,2024-08-26,C1224,Books,1,9.95,0.0,2,1,4.0
O06832,2024-08-26,C1742,Beauty,2,26.74,0.0,5,0,3.0
O06833,2024-08-26,C0806,Beauty,2,22.67,0.1,5,0,4.0
O06834,2024-08-26,C1921,Clothing,3,45.35,0.15,3,0,4.0
O06835,2024-08-26,C0857,Toys,2,28.39,0.15,2,0,5.0
O06836,2024-08-26,C1582,Electronics,4,1024.98,0.15,2,0,5.0
O06837,2024-08-26,C1208,Books,1,9.31,0.2,4,0,5.0
O06838,2024-08-26,C1156,Clothing,3,44.38,0.05,1,0,5.0
O06839,2024-08-26,C0545,Electronics,1,119.99,0.2,7,0,4.0
O06840,2024-08-26,C1353,Home & kitchen,4,15.04,0.05,1,0,5.0
O06841,2024-08-26,C1120,Clothing,1,61.53,0.15,9,0,3.0
O06842,2024-08-26,C0110,Clothing,1,67.77,0.2,1,0,5.0
O06843,2024-08-26,C0550,Clothing,1,16.95,0.0,6,0,5.0
O06844,2024-08-26,C0550,Home & kitchen,1,60.61,0.0,1,0,5.0
O06845,2024-08-26,C1773,Beauty,4,15.69,0.0,8,0,5.0
O06846,2024-08-27,C0932,Home & kitchen,2,81.65,0.3,3,1,1.0
O06847,2024-08-27,C1056,Clothing,1,32.5,0.0,6,0,4.0
O06848,2024-08-27,C1769,Beauty,1,14.44,0.0,2,0,4.0
O06849,2024-08-27,C1240,Beauty,4,14.58,0.3,1,0,5.0
O06850,2024-08-27,C0093,Clothing,1,13.05,0.15,4,0,4.0
O06851,2024-08-27,C1889,Home & kitchen,4,38.8,0.2,4,0,4.0
O06852,2024-08-27,C1482,Sports & outdoors,3,31.69,0.05,7,0,4.0
O06853,2024-08-27,C1786,Sports & outdoors,2,14.77,0.0,5,0,5.0
O06854,2024-08-27,C1115,Beauty,2,32.3,0.0,1,0,5.0
O06855,2024-08-27,C1832,Books,4,25.05,0.15,3,0,5.0
O06856,2024-08-27,C1449,Clothing,2,81.01,0.0,3,0,5.0
O06857,2024-08-27,C0581,Toys,1,16.08,0.2,3,0,5.0
O06858,2024-08-27,C1015,Clothing,1,26.05,0.1,3,0,4.0
O06859,2024-08-27,C1672,Electronics,2,161.85,0.1,2,0,5.0
O06860,2024-08-27,C0402,Beauty,4,16.23,0.1,2,0,4.0
O06861,2024-08-27,C0937,Electronics,1,864.55,0.1,2,0,5.0
O06862,2024-08-27,C0889,Books,1,19.0,0.3,2,0,5.0
O06863,2024-08-27,C0416,Home & kitchen,1,63.85,0.05,4,0,5.0
O06864,2024-08-27,C0242,Sports & outdoors,1,92.51,0.1,5,1,
O06865,2024-08-27,C0811,Home & kitchen,1,29.93,0.0,4,0,5.0
O06866,2024-08-27,C1575,Books,2,11.96,0.1,7,0,4.0
O06867,2024-08-27,C0802,Beauty,1,29.49,0.05,5,0,5.0
O06868,2024-08-27,C1977,Books,2,15.97,0.3,4,0,4.0
O06869,2024-08-27,C0719,Home & kitchen,4,52.57,0.3,2,0,4.0
O06870,2024-08-27,C0305,Books,3,11.71,0.0,2,0,4.0
O06871,2024-08-27,C0085,Beauty,1,16.31,0.15,4,0,4.0
O06872,2024-08-27,C0478,Books,1,7.39,0.0,3,1,4.0
O06873,2024-08-27,C1310,Books,4,18.67,0.0,3,0,5.0
O06874,2024-08-27,C1844,Clothing,2,53.97,0.05,1,0,5.0
O06875,2024-08-28,C0306,Home & kitchen,4,70.53,0.05,1,0,5.0
O06876,2024-08-28,C1661,Electronics,1,44.61,0.15,5,1,3.0
O06877,2024-08-28,C1026,Sports & outdoors,1,131.83,0.0,4,0,4.0
O06878,2024-08-28,C1219,Clothing,3,14.62,0.0,4,0,4.0
O06879,2024-08-28,C1826,Clothing,2,26.43,0.2,4,0,5.0
O06880,2024-08-28,C0266,Electronics,4,268.8,0.05,1,0,5.0
O06881,2024-08-28,C0890,Sports & outdoors,1,26.87,0.0,7,0,4.0
O06882,2024-08-28,C0046,Clothing,1,35.2,0.1,1,0,5.0
O06883,2024-08-28,C1199,Clothing,2,32.42,0.0,3,0,5.0
O06884,2024-08-28,C1359,Clothing,1,58.14,0.15,1,0,4.0
O06885,2024-08-28,C0778,Home & kitchen,1,41.65,0.0,2,1,4.0
O06886,2024-08-28,C0815,Books,3,17.85,0.0,1,0,4.0
O06887,2024-08-28,C1143,Beauty,3,27.06,0.2,3,0,5.0
O06888,2024-08-28,C0200,Toys,1,23.55,0.3,5,0,4.0
O06889,2024-08-28,C1852,Books,2,11.28,0.0,3,0,
O06890,2024-08-28,C1341,Electronics,3,271.04,0.0,6,0,4.0
O06891,2024-08-28,C1852,Toys,2,25.61,0.0,3,0,4.0
O06892,2024-08-28,C1106,Sports & outdoors,1,111.67,0.05,2,0,
O06893,2024-08-28,C0552,Electronics,1,383.35,0.15,3,0,5.0
O06894,2024-08-28,C0424,Home & kitchen,2,23.93,0.3,2,0,5.0
O06895,2024-08-28,C1188,Books,4,14.82,0.0,4,0,4.0
O06896,2024-08-28,C0682,Home & kitchen,3,39.68,0.0,6,0,5.0
O06897,2024-08-28,C1956,Books,4,8.3,0.05,2,0,5.0
O06898,2024-08-29,C0359,Electronics,3,40.99,0.05,4,0,5.0
O06899,2024-08-29,C1373,Sports & outdoors,4,34.97,0.05,3,0,3.0
O06900,2024-08-29,C0370,Books,4,29.04,0.3,1,0,5.0
O06901,2024-08-29,C1069,Beauty,2,19.02,0.1,4,0,4.0
O06902,2024-08-29,C1670,Home & kitchen,1,44.79,0.0,2,0,5.0
O06903,2024-08-29,C1645,Clothing,2,57.83,0.3,6,1,4.0
O06904,2024-08-29,C1132,Toys,1,13.09,0.0,4,0,5.0
O06905,2024-08-29,C1351,Electronics,1,185.87,0.3,6,0,3.0
O06906,2024-08-29,C0708,Home & kitchen,2,27.71,0.15,4,0,3.0
O06907,2024-08-29,C1202,Clothing,1,32.62,0.1,1,0,4.0
O06908,2024-08-29,C1055,Electronics,4,584.24,0.2,3,0,3.0
O06909,2024-08-29,C0665,Electronics,4,511.74,0.05,2,0,5.0
O06910,2024-08-29,C1130,Beauty,2,13.42,0.0,2,0,4.0
O06911,2024-08-29,C0052,Sports & outdoors,3,157.8,0.0,5,0,4.0
O06912,2024-08-29,C1650,Beauty,2,25.01,0.15,5,0,4.0
O06913,2024-08-29,C0783,Home & kitchen,3,40.98,0.0,2,0,4.0
O06914,2024-08-29,C1636,Electronics,2,316.55,0.0,4,0,5.0
O06915,2024-08-29,C1740,Clothing,4,30.5,0.05,4,0,4.0
O06916,2024-08-29,C0142,Beauty,4,24.33,0.15,4,0,4.0
O06917,2024-08-29,C1750,Books,2,15.41,0.1,4,0,5.0
O06918,2024-08-29,C0803,Home & kitchen,1,45.82,0.2,1,0,5.0
O06919,2024-08-29,C1053,Beauty,1,12.61,0.0,3,0,4.0
O06920,2024-08-29,C1907,Electronics,4,159.75,0.0,1,0,4.0
O06921,2024-08-29,C1645,Clothing,2,32.17,0.15,3,0,5.0
O06922,2024-08-29,C1341,Sports & outdoors,1,63.87,0.15,2,0,4.0
O06923,2024-08-29,C1675,Books,2,10.58,0.05,2,0,5.0
O06924,2024-08-29,C2000,Electronics,1,199.07,0.0,6,0,3.0
O06925,2024-08-29,C0205,Electronics,2,173.74,0.3,3,1,3.0
O06926,2024-08-29,C0503,Home & kitchen,2,16.68,0.3,1,0,4.0
O06927,2024-08-29,C0215,Home & kitchen,1,80.4,0.1,8,0,3.0
O06928,2024-08-30,C0010,Home & kitchen,3,22.35,0.0,2,0,4.0
O06929,2024-08-30,C1282,Books,1,9.5,0.15,6,1,2.0
O06930,2024-08-30,C1935,Toys,1,35.48,0.0,3,0,5.0
O06931,2024-08-30,C0538,Beauty,1,18.84,0.3,2,0,5.0
O06932,2024-08-30,C0930,Electronics,2,343.06,0.05,2,0,4.0
O06933,2024-08-30,C1717,Beauty,3,35.7,0.0,1,0,5.0
O06934,2024-08-30,C0176,Electronics,1,301.47,0.1,1,0,5.0
O06935,2024-08-30,C0944,Electronics,3,560.84,0.15,6,0,3.0
O06936,2024-08-30,C1672,Books,1,9.22,0.15,3,0,4.0
O06937,2024-08-30,C1289,Clothing,2,22.31,0.0,1,0,4.0
O06938,2024-08-30,C0807,Beauty,1,25.63,0.0,8,1,3.0
O06939,2024-08-30,C0222,Electronics,2,402.64,0.3,1,0,5.0
O06940,2024-08-30,C0424,Sports & outdoors,2,71.9,0.3,10,0,
O06941,2024-08-30,C0683,Books,2,12.75,0.0,4,0,5.0
O06942,2024-08-30,C0014,Electronics,1,274.76,0.15,6,0,4.0
O06943,2024-08-30,C0152,Clothing,3,81.96,0.0,2,0,5.0
O06944,2024-08-30,C1078,Electronics,1,132.54,0.2,3,1,3.0
O06945,2024-08-30,C1197,Electronics,2,239.25,0.0,2,0,5.0
O06946,2024-08-30,C1924,Electronics,1,245.91,0.0,6,1,3.0
O06947,2024-08-30,C0005,Beauty,2,25.41,0.0,1,0,5.0
O06948,2024-08-30,C0289,Books,4,14.64,0.3,2,0,5.0
O06949,2024-08-30,C1979,Home & kitchen,2,139.67,0.2,4,0,5.0
O06950,2024-08-30,C0498,Clothing,1,47.31,0.3,1,0,5.0
O06951,2024-08-30,C0784,Books,1,9.49,0.0,4,0,5.0
O06952,2024-08-30,C0695,Sports & outdoors,1,97.81,0.15,2,0,5.0
O06953,2024-08-30,C0575,Books,2,11.39,0.3,3,0,5.0
O06954,2024-08-31,C1135,Sports & outdoors,3,81.68,0.0,4,0,4.0
O06955,2024-08-31,C0778,Electronics,4,280.06,0.0,6,0,4.0
O06956,2024-08-31,C0221,Clothing,1,49.98,0.0,5,0,4.0
O06957,2024-08-31,C1402,Beauty,1,12.98,0.2,2,0,4.0
O06958,2024-08-31,C1991,Electronics,4,139.73,0.15,5,0,4.0
O06959,2024-08-31,C0228,Beauty,1,23.67,0.0,3,0,
O06960,2024-08-31,C1134,Clothing,3,47.41,0.2,4,0,5.0
O06961,2024-08-31,C0835,Home & kitchen,1,42.04,0.1,5,0,4.0
O06962,2024-08-31,C1008,Sports & outdoors,1,20.12,0.1,6,0,4.0
O06963,2024-08-31,C1427,Sports & outdoors,3,69.73,0.15,5,1,3.0
O06964,2024-08-31,C1508,Beauty,1,23.04,0.3,3,0,5.0
O06965,2024-08-31,C0303,Electronics,4,84.28,0.0,2,0,4.0
O06966,2024-08-31,C0857,Clothing,2,33.09,0.2,3,0,3.0
O06967,2024-08-31,C1476,Beauty,1,27.04,0.0,2,0,5.0
O06968,2024-08-31,C0264,Beauty,1,36.57,0.2,1,0,4.0
O06969,2024-08-31,C1918,Toys,1,15.99,0.15,3,0,5.0
O06970,2024-08-31,C1679,Home & kitchen,2,40.46,0.05,1,0,5.0
O06971,2024-08-31,C0705,Home & kitchen,1,27.05,0.3,2,0,4.0
O06972,2024-08-31,C1060,Clothing,4,30.46,0.0,3,0,5.0
O06973,2024-08-31,C1804,Books,3,17.45,0.0,7,0,4.0
O06974,2024-08-31,C1355,Electronics,1,154.37,0.2,6,0,4.0
O06975,2024-08-31,C1232,Electronics,1,466.82,0.3,1,0,5.0
O06976,2024-08-31,C1141,Toys,1,16.51,0.0,13,0,2.0
O06977,2024-08-31,C0985,Books,1,12.98,0.2,5,0,4.0
O06978,2024-08-31,C1855,Electronics,3,399.19,0.2,1,0,5.0
O06979,2024-08-31,C1059,Electronics,1,89.85,0.0,3,0,4.0
O06980,2024-08-31,C1626,Toys,4,57.33,0.3,4,0,4.0
O06981,2024-08-31,C1559,Books,4,21.32,0.0,1,0,5.0
O06982,2024-08-31,C0242,Home & kitchen,2,22.02,0.0,1,0,4.0
O06983,2024-09-01,C0483,Home & kitchen,3,15.4,0.0,3,0,4.0
O06984,2024-09-01,C1651,Home & kitchen,1,14.53,0.0,3,0,5.0
O06985,2024-09-01,C0151,Beauty,1,32.3,0.1,7,0,4.0
O06986,2024-09-01,C1654,Beauty,4,17.16,0.0,4,0,4.0
O06987,2024-09-01,C1826,Books,1,16.26,0.0,1,0,3.0
O06988,2024-09-01,C1673,Clothing,1,39.16,0.05,4,0,4.0
O06989,2024-09-01,C0778,Clothing,2,32.34,0.0,3,0,4.0
O06990,2024-09-01,C1517,Clothing,2,70.5,0.0,2,0,5.0
O06991,2024-09-01,C1953,Books,1,15.43,0.05,2,0,4.0
O06992,2024-09-01,C1964,Books,2,14.23,0.3,2,0,4.0
O06993,2024-09-01,C1923,Home & kitchen,2,32.99,0.1,2,0,5.0
O06994,2024-09-01,C0501,Toys,2,35.31,0.0,6,0,5.0
O06995,2024-09-01,C1130,Sports & outdoors,2,61.85,0.0,3,0,4.0
O06996,2024-09-01,C1018,Clothing,2,65.81,0.05,4,0,5.0
O06997,2024-09-02,C0496,Sports & outdoors,3,109.68,0.0,1,0,5.0
O06998,2024-09-02,C0190,Electronics,1,277.56,0.0,8,0,3.0
O06999,2024-09-02,C0142,Books,1,21.09,0.15,10,0,3.0
O07000,2024-09-02,C0864,Clothing,1,19.73,0.0,10,0,4.0
O07001,2024-09-02,C0423,Toys,3,19.7,0.0,3,0,5.0
O07002,2024-09-02,C0972,Electronics,4,463.89,0.0,8,0,4.0
O07003,2024-09-02,C1991,Toys,1,16.43,0.3,3,0,5.0
O07004,2024-09-02,C1714,Toys,1,35.05,0.3,2,0,5.0
O07005,2024-09-02,C1250,Home & kitchen,2,49.04,0.0,2,0,5.0
O07006,2024-09-02,C0133,Books,2,14.81,0.3,1,1,4.0
O07007,2024-09-02,C1077,Home & kitchen,1,100.75,0.0,2,0,5.0
O07008,2024-09-02,C1124,Beauty,2,25.66,0.0,1,0,5.0
O07009,2024-09-02,C1646,Beauty,4,28.33,0.1,3,0,4.0
O07010,2024-09-02,C0715,Clothing,4,54.35,0.0,1,0,4.0
O07011,2024-09-02,C0059,Sports & outdoors,1,78.09,0.1,6,0,4.0
O07012,2024-09-02,C0048,Electronics,2,790.89,0.0,5,0,4.0
O07013,2024-09-02,C0695,Electronics,1,142.12,0.3,1,0,5.0
O07014,2024-09-02,C0058,Electronics,1,46.65,0.2,3,0,5.0
O07015,2024-09-02,C0682,Home & kitchen,4,33.14,0.0,1,0,5.0
O07016,2024-09-02,C1252,Home & kitchen,1,42.24,0.2,6,0,5.0
O07017,2024-09-02,C1719,Books,2,12.99,0.0,4,0,4.0
O07018,2024-09-02,C0507,Sports & outdoors,1,335.77,0.05,6,0,4.0
O07019,2024-09-02,C1139,Books,2,14.01,0.2,1,0,4.0
O07020,2024-09-02,C0172,Electronics,4,75.3,0.1,2,0,4.0
O07021,2024-09-02,C1562,Home & kitchen,4,43.76,0.0,5,0,
O07022,2024-09-02,C0195,Clothing,1,43.55,0.0,5,1,3.0
O07023,2024-09-02,C1706,Books,2,23.34,0.3,6,1,3.0
O07024,2024-09-02,C0147,Clothing,1,33.69,0.2,7,0,4.0
O07025,2024-09-02,C0201,Home & kitchen,1,98.27,0.3,3,0,5.0
O07026,2024-09-02,C0022,Clothing,1,36.07,0.0,4,0,4.0
O07027,2024-09-02,C0323,Toys,1,54.98,0.0,4,0,5.0
O07028,2024-09-02,C1798,Clothing,4,50.97,0.2,3,0,5.0
O07029,2024-09-02,C0595,Clothing,1,56.46,0.1,4,1,
O07030,2024-09-02,C0057,Electronics,1,245.77,0.05,2,0,4.0
O07031,2024-09-02,C1029,Books,2,7.13,0.0,10,0,5.0
O07032,2024-09-02,C1032,Books,1,14.53,0.0,4,0,5.0
O07033,2024-09-02,C1919,Home & kitchen,2,35.91,0.1,2,0,4.0
O07034,2024-09-02,C1266,Books,2,28.99,0.3,10,1,2.0
O07035,2024-09-02,C1304,Beauty,1,23.54,0.05,1,0,4.0
O07036,2024-09-03,C0587,Beauty,3,53.53,0.15,10,0,4.0
O07037,2024-09-03,C1437,Home & kitchen,1,77.95,0.15,8,0,3.0
O07038,2024-09-03,C1424,Toys,1,31.48,0.2,4,1,3.0
O07039,2024-09-03,C0615,Beauty,1,12.62,0.0,3,0,5.0
O07040,2024-09-03,C1391,Home & kitchen,2,49.68,0.0,1,0,5.0
O07041,2024-09-03,C0761,Sports & outdoors,1,79.22,0.3,1,1,2.0
O07042,2024-09-03,C1018,Beauty,3,13.43,0.15,1,0,5.0
O07043,2024-09-03,C1643,Clothing,3,59.15,0.2,3,0,5.0
O07044,2024-09-03,C0843,Electronics,2,596.78,0.15,1,0,5.0
O07045,2024-09-03,C1887,Sports & outdoors,3,61.87,0.0,4,0,5.0
O07046,2024-09-03,C1349,Beauty,1,18.92,0.05,3,0,4.0
O07047,2024-09-03,C0711,Home & kitchen,3,40.94,0.05,4,0,5.0
O07048,2024-09-03,C1023,Clothing,2,22.13,0.0,1,0,
O07049,2024-09-03,C0789,Books,3,21.78,0.3,3,0,3.0
O07050,2024-09-03,C1356,Electronics,2,87.49,0.1,2,1,2.0
O07051,2024-09-03,C1845,Electronics,4,573.88,0.0,2,0,5.0
O07052,2024-09-03,C0074,Electronics,1,248.85,0.2,3,1,4.0
O07053,2024-09-03,C0861,Clothing,4,66.48,0.0,5,1,4.0
O07054,2024-09-03,C0113,Electronics,1,354.03,0.3,4,0,4.0
O07055,2024-09-03,C1205,Toys,2,8.94,0.0,1,0,5.0
O07056,2024-09-03,C1477,Home & kitchen,1,24.38,0.1,8,0,4.0
O07057,2024-09-03,C1927,Home & kitchen,4,40.04,0.0,4,1,3.0
O07058,2024-09-03,C0273,Toys,2,21.55,0.15,8,0,3.0
O07059,2024-09-03,C0725,Books,2,15.1,0.0,4,0,4.0
O07060,2024-09-03,C1440,Sports & outdoors,4,72.36,0.0,1,0,5.0
O07061,2024-09-03,C0083,Sports & outdoors,1,34.67,0.1,6,0,4.0
O07062,2024-09-03,C1351,Clothing,1,37.61,0.1,6,0,4.0
O07063,2024-09-03,C1078,Books,1,11.81,0.1,2,0,4.0
O07064,2024-09-03,C0618,Books,1,18.09,0.15,5,0,5.0
O07065,2024-09-03,C1399,Home & kitchen,2,23.8,0.05,6,1,2.0
O07066,2024-09-03,C0227,Home & kitchen,1,16.03,0.15,1,0,3.0
O07067,2024-09-03,C1266,Clothing,2,24.09,0.2,3,1,3.0
O07068,2024-09-03,C0705,Clothing,4,29.87,0.15,1,0,5.0
O07069,2024-09-03,C1298,Beauty,1,15.85,0.3,6,1,3.0
O07070,2024-09-03,C0614,Home & kitchen,1,105.47,0.2,4,0,4.0
O07071,2024-09-03,C1393,Electronics,2,45.35,0.05,5,0,4.0
O07072,2024-09-03,C0006,Sports & outdoors,1,59.92,0.05,3,0,4.0
O07073,2024-09-03,C0629,Clothing,1,24.64,0.0,3,0,3.0
O07074,2024-09-04,C1259,Home & kitchen,1,29.64,0.2,3,0,4.0
O07075,2024-09-04,C0074,Books,3,13.15,0.15,7,0,4.0
O07076,2024-09-04,C0774,Clothing,2,65.63,0.3,2,1,3.0
O07077,2024-09-04,C0331,Clothing,2,97.39,0.0,2,0,
O07078,2024-09-04,C0678,Clothing,1,54.64,0.0,10,0,4.0
O07079,2024-09-04,C1315,Electronics,4,235.27,0.05,7,0,5.0
O07080,2024-09-04,C1034,Toys,1,35.91,0.05,2,0,5.0
O07081,2024-09-04,C0571,Home & kitchen,3,115.06,0.15,1,0,5.0
O07082,2024-09-04,C1342,Beauty,4,16.22,0.0,3,0,5.0
O07083,2024-09-04,C1597,Beauty,2,23.04,0.0,4,0,3.0
O07084,2024-09-04,C1696,Sports & outdoors,2,65.39,0.05,3,0,4.0
O07085,2024-09-04,C0039,Beauty,1,11.18,0.0,3,0,5.0
O07086,2024-09-04,C1955,Books,1,18.5,0.2,7,0,5.0
O07087,2024-09-04,C0049,Sports & outdoors,3,43.37,0.1,2,0,4.0
O07088,2024-09-04,C0595,Clothing,1,18.5,0.2,2,0,3.0
O07089,2024-09-04,C1397,Books,4,16.42,0.3,1,0,5.0
O07090,2024-09-04,C1612,Electronics,1,296.68,0.05,2,0,4.0
O07091,2024-09-04,C1874,Beauty,2,17.29,0.1,1,0,3.0
O07092,2024-09-04,C0022,Books,3,12.2,0.2,7,0,5.0
O07093,2024-09-04,C0746,Sports & outdoors,2,219.19,0.2,3,0,3.0
O07094,2024-09-04,C0952,Books,1,10.72,0.0,10,0,4.0
O07095,2024-09-04,C0584,Sports & outdoors,4,31.73,0.2,2,0,5.0
O07096,2024-09-04,C1252,Home & kitchen,3,13.93,0.3,7,0,5.0
O07097,2024-09-04,C0574,Home & kitchen,1,98.48,0.05,7,0,3.0
O07098,2024-09-04,C1707,Electronics,2,248.24,0.3,6,0,5.0
O07099,2024-09-04,C1685,Clothing,1,35.98,0.1,2,0,4.0
O07100,2024-09-04,C1641,Electronics,2,129.91,0.3,4,1,4.0
O07101,2024-09-04,C0312,Books,1,16.13,0.05,1,0,4.0
O07102,2024-09-04,C1745,Clothing,4,15.75,0.1,1,0,4.0
O07103,2024-09-04,C0845,Home & kitchen,1,46.76,0.2,1,0,5.0
O07104,2024-09-04,C1125,Clothing,3,46.64,0.2,2,0,5.0
O07105,2024-09-05,C0702,Sports & outdoors,3,38.06,0.3,6,0,4.0
O07106,2024-09-05,C0616,Books,4,10.98,0.0,7,0,4.0
O07107,2024-09-05,C1482,Home & kitchen,2,31.78,0.0,5,0,5.0
O07108,2024-09-05,C1577,Home & kitchen,2,48.76,0.0,5,0,4.0
O07109,2024-09-05,C0474,Toys,4,26.94,0.0,2,0,3.0
O07110,2024-09-05,C1892,Sports & outdoors,2,61.19,0.0,5,0,5.0
O07111,2024-09-05,C1699,Clothing,1,76.67,0.0,4,1,3.0
O07112,2024-09-05,C0992,Electronics,1,161.54,0.1,5,0,4.0
O07113,2024-09-05,C1603,Toys,4,23.17,0.0,2,0,5.0
O07114,2024-09-05,C0209,Clothing,2,31.74,0.15,1,0,5.0
O07115,2024-09-05,C0135,Home & kitchen,4,13.69,0.0,1,0,4.0
O07116,2024-09-05,C0884,Toys,1,20.37,0.0,9,0,4.0
O07117,2024-09-05,C0819,Home & kitchen,4,44.43,0.3,3,1,3.0
O07118,2024-09-05,C0720,Books,4,21.51,0.15,1,0,5.0
O07119,2024-09-05,C0354,Beauty,2,26.6,0.2,12,0,4.0
O07120,2024-09-05,C1146,Home & kitchen,2,102.96,0.1,1,0,5.0
O07121,2024-09-05,C0919,Clothing,2,54.03,0.0,8,1,3.0
O07122,2024-09-05,C0912,Sports & outdoors,1,53.7,0.0,3,0,5.0
O07123,2024-09-05,C1557,Beauty,1,30.42,0.0,11,1,3.0
O07124,2024-09-05,C0943,Beauty,2,23.57,0.0,9,1,3.0
O07125,2024-09-06,C1795,Clothing,2,22.5,0.0,1,0,4.0
O07126,2024-09-06,C0815,Books,3,10.62,0.0,4,0,5.0
O07127,2024-09-06,C1379,Books,1,11.67,0.2,8,0,3.0
O07128,2024-09-06,C1216,Electronics,1,296.85,0.2,4,0,5.0
O07129,2024-09-06,C1081,Books,4,16.48,0.0,2,0,4.0
O07130,2024-09-06,C1534,Beauty,4,20.47,0.15,7,0,5.0
O07131,2024-09-06,C1415,Clothing,1,58.72,0.0,3,0,4.0
O07132,2024-09-06,C1328,Books,2,10.74,0.0,1,0,5.0
O07133,2024-09-06,C0646,Books,1,18.48,0.2,1,0,5.0
O07134,2024-09-06,C0335,Electronics,2,269.29,0.0,6,0,4.0
O07135,2024-09-06,C1442,Electronics,1,404.33,0.15,9,0,4.0
O07136,2024-09-06,C1890,Books,2,12.14,0.0,7,0,4.0
O07137,2024-09-06,C0110,Sports & outdoors,2,41.28,0.0,1,0,5.0
O07138,2024-09-06,C0480,Sports & outdoors,3,32.62,0.1,4,0,4.0
O07139,2024-09-06,C1041,Clothing,2,47.22,0.0,3,0,4.0
O07140,2024-09-06,C0023,Beauty,4,14.75,0.0,2,0,5.0
O07141,2024-09-06,C0288,Books,2,14.37,0.0,11,0,2.0
O07142,2024-09-06,C1428,Home & kitchen,1,23.05,0.1,2,0,4.0
O07143,2024-09-06,C1820,Books,4,8.11,0.15,5,0,5.0
O07144,2024-09-06,C1420,Sports & outdoors,1,105.09,0.0,4,0,5.0
O07145,2024-09-06,C0050,Toys,1,27.25,0.15,1,1,2.0
O07146,2024-09-06,C1207,Beauty,3,17.75,0.15,3,0,5.0
O07147,2024-09-06,C1302,Clothing,2,38.25,0.2,2,1,4.0
O07148,2024-09-06,C0902,Toys,3,22.64,0.0,2,0,4.0
O07149,2024-09-06,C0634,Clothing,2,37.14,0.0,3,0,5.0
O07150,2024-09-06,C1711,Sports & outdoors,1,52.52,0.0,1,0,5.0
O07151,2024-09-06,C1506,Electronics,3,228.56,0.3,5,1,3.0
O07152,2024-09-06,C1739,Clothing,4,54.38,0.0,2,0,4.0
O07153,2024-09-06,C1211,Home & kitchen,4,122.64,0.3,2,0,5.0
O07154,2024-09-06,C0805,Home & kitchen,4,30.3,0.0,4,0,5.0
O07155,2024-09-06,C0100,Clothing,1,17.49,0.2,3,1,
O07156,2024-09-06,C1219,Books,2,13.06,0.3,7,0,5.0
O07157,2024-09-07,C1111,Sports & outdoors,2,148.31,0.0,3,0,5.0
O07158,2024-09-07,C0654,Toys,1,26.59,0.0,1,0,3.0
O07159,2024-09-07,C0469,Electronics,2,55.57,0.05,3,0,4.0
O07160,2024-09-07,C1770,Sports & outdoors,4,72.43,0.05,3,0,5.0
O07161,2024-09-07,C1430,Home & kitchen,4,35.27,0.1,8,0,5.0
O07162,2024-09-07,C0089,Clothing,1,20.8,0.0,5,0,5.0
O07163,2024-09-07,C0703,Toys,2,21.92,0.0,4,0,4.0
O07164,2024-09-07,C1060,Home & kitchen,1,97.84,0.0,1,0,4.0
O07165,2024-09-07,C0174,Electronics,1,17.53,0.05,3,0,4.0
O07166,2024-09-07,C0049,Home & kitchen,2,142.03,0.0,3,0,3.0
O07167,2024-09-07,C0854,Toys,1,19.27,0.0,2,0,4.0
O07168,2024-09-07,C0630,Clothing,2,15.27,0.05,2,0,5.0
O07169,2024-09-07,C1225,Home & kitchen,4,30.29,0.2,5,1,3.0
O07170,2024-09-07,C1356,Clothing,2,33.45,0.1,2,1,3.0
O07171,2024-09-07,C0181,Books,1,10.24,0.0,4,0,5.0
O07172,2024-09-07,C1251,Electronics,3,130.32,0.0,3,0,4.0
O07173,2024-09-07,C1794,Clothing,1,42.83,0.0,2,0,5.0
O07174,2024-09-07,C1515,Toys,1,15.7,0.0,3,0,5.0
O07175,2024-09-07,C1113,Toys,1,68.58,0.15,6,0,5.0
O07176,2024-09-07,C0292,Toys,1,16.5,0.1,6,0,3.0
O07177,2024-09-07,C1405,Beauty,1,34.64,0.2,3,0,3.0
O07178,2024-09-07,C1511,Clothing,1,15.18,0.15,10,0,5.0
O07179,2024-09-07,C1218,Beauty,1,15.56,0.15,4,0,5.0
O07180,2024-09-07,C0082,Electronics,1,183.33,0.15,1,0,
O07181,2024-09-07,C0144,Books,1,9.85,0.1,1,0,4.0
O07182,2024-09-07,C0562,Toys,2,50.36,0.15,3,0,4.0
O07183,2024-09-08,C0290,Electronics,3,97.56,0.1,1,0,5.0
O07184,2024-09-08,C1668,Clothing,2,24.41,0.0,5,0,4.0
O07185,2024-09-08,C1794,Toys,1,17.37,0.1,2,0,5.0
O07186,2024-09-08,C1298,Electronics,2,186.26,0.05,4,0,5.0
O07187,2024-09-08,C0547,Home & kitchen,2,96.08,0.0,1,0,5.0
O07188,2024-09-08,C1094,Home & kitchen,2,38.23,0.2,3,0,4.0
O07189,2024-09-08,C0612,Clothing,2,14.59,0.0,2,0,5.0
O07190,2024-09-08,C1600,Sports & outdoors,2,28.52,0.0,4,1,4.0
O07191,2024-09-08,C1419,Electronics,3,229.55,0.15,2,0,5.0
O07192,2024-09-08,C0620,Toys,3,14.73,0.0,2,0,5.0
O07193,2024-09-08,C1609,Home & kitchen,2,94.86,0.0,2,1,4.0
O07194,2024-09-08,C1386,Clothing,1,40.59,0.0,1,0,5.0
O07195,2024-09-08,C1628,Electronics,1,193.23,0.05,2,1,3.0
O07196,2024-09-08,C1297,Clothing,2,40.43,0.2,8,0,4.0
O07197,2024-09-08,C1974,Electronics,2,611.33,0.05,1,0,5.0
O07198,2024-09-08,C1306,Beauty,2,32.75,0.2,3,0,5.0
O07199,2024-09-08,C1290,Home & kitchen,2,56.0,0.0,2,0,4.0
O07200,2024-09-08,C0210,Books,2,26.23,0.1,1,0,4.0
O07201,2024-09-08,C1649,Electronics,4,138.57,0.15,13,1,1.0
O07202,2024-09-08,C0613,Books,1,26.52,0.3,2,1,4.0
O07203,2024-09-08,C0719,Toys,1,72.01,0.3,3,0,4.0
O07204,2024-09-08,C0408,Toys,3,21.3,0.0,5,0,3.0
O07205,2024-09-08,C1221,Beauty,2,24.82,0.3,6,0,4.0
O07206,2024-09-08,C0708,Clothing,2,21.32,0.3,1,0,4.0
O07207,2024-09-08,C1262,Toys,4,32.24,0.05,5,0,4.0
O07208,2024-09-08,C0707,Sports & outdoors,3,44.31,0.0,3,0,4.0
O07209,2024-09-08,C1100,Sports & outdoors,1,139.51,0.1,6,0,4.0
O07210,2024-09-08,C0308,Clothing,1,44.66,0.0,5,0,4.0
O07211,2024-09-08,C0707,Electronics,1,267.12,0.1,1,0,
O07212,2024-09-08,C1118,Clothing,4,29.5,0.15,2,0,5.0
O07213,2024-09-08,C0414,Books,1,13.31,0.0,2,0,4.0
O07214,2024-09-08,C1019,Electronics,2,167.89,0.0,1,0,5.0
O07215,2024-09-08,C1259,Home & kitchen,4,81.8,0.0,2,0,5.0
O07216,2024-09-09,C0415,Electronics,2,203.01,0.15,6,0,3.0
O07217,2024-09-09,C0594,Home & kitchen,4,139.79,0.0,2,0,5.0
O07218,2024-09-09,C0978,Books,4,17.11,0.0,2,0,4.0
O07219,2024-09-09,C1447,Sports & outdoors,2,32.79,0.3,2,1,3.0
O07220,2024-09-09,C1934,Electronics,2,151.31,0.15,13,0,2.0
O07221,2024-09-09,C0864,Sports & outdoors,4,85.7,0.2,1,0,4.0
O07222,2024-09-09,C0046,Electronics,3,282.93,0.0,1,0,5.0
O07223,2024-09-09,C1178,Books,3,11.37,0.0,2,0,5.0
O07224,2024-09-09,C0675,Sports & outdoors,1,69.28,0.2,1,0,4.0
O07225,2024-09-09,C1914,Electronics,2,140.49,0.1,6,0,5.0
O07226,2024-09-09,C1272,Books,1,19.45,0.2,1,0,5.0
O07227,2024-09-09,C1388,Home & kitchen,1,62.07,0.2,1,0,4.0
O07228,2024-09-09,C1587,Clothing,1,19.89,0.15,7,1,2.0
O07229,2024-09-09,C0318,Clothing,2,48.19,0.0,16,0,2.0
O07230,2024-09-09,C0806,Home & kitchen,2,65.0,0.3,2,1,3.0
O07231,2024-09-09,C0395,Clothing,1,18.01,0.0,5,0,4.0
O07232,2024-09-09,C1403,Beauty,1,10.86,0.0,2,0,
O07233,2024-09-09,C1821,Sports & outdoors,2,100.49,0.3,4,0,4.0
O07234,2024-09-09,C1020,Clothing,1,50.52,0.0,3,1,2.0
O07235,2024-09-09,C1524,Clothing,4,42.88,0.15,2,0,5.0
O07236,2024-09-09,C0179,Toys,4,43.22,0.3,1,0,5.0
O07237,2024-09-09,C1581,Clothing,2,70.81,0.15,4,0,5.0
O07238,2024-09-09,C1885,Home & kitchen,2,44.74,0.0,8,0,4.0
O07239,2024-09-09,C1860,Clothing,3,24.04,0.0,5,0,4.0
O07240,2024-09-09,C1558,Beauty,2,16.11,0.0,4,0,5.0
O07241,2024-09-09,C0537,Home & kitchen,3,36.13,0.15,2,0,5.0
O07242,2024-09-10,C1876,Books,1,20.6,0.15,3,0,5.0
O07243,2024-09-10,C1029,Clothing,2,32.63,0.1,3,0,5.0
O07244,2024-09-10,C0376,Books,4,13.63,0.2,2,0,3.0
O07245,2024-09-10,C0572,Sports & outdoors,3,118.75,0.1,3,0,4.0
O07246,2024-09-10,C0136,Electronics,1,114.96,0.1,7,0,5.0
O07247,2024-09-10,C0442,Clothing,2,27.27,0.15,5,0,4.0
O07248,2024-09-10,C1157,Books,2,14.81,0.05,1,0,5.0
O07249,2024-09-10,C0349,Electronics,1,85.43,0.05,2,0,5.0
O07250,2024-09-10,C1291,Electronics,1,151.93,0.15,1,0,5.0
O07251,2024-09-10,C0202,Electronics,3,151.97,0.0,6,0,5.0
O07252,2024-09-10,C0929,Electronics,1,206.6,0.15,5,0,5.0
O07253,2024-09-10,C1096,Toys,2,51.22,0.3,2,0,4.0
O07254,2024-09-10,C0432,Clothing,3,58.0,0.05,3,0,4.0
O07255,2024-09-10,C0841,Books,2,13.94,0.2,6,0,3.0
O07256,2024-09-10,C0236,Home & kitchen,1,126.7,0.0,4,0,5.0
O07257,2024-09-10,C1163,Sports & outdoors,1,46.92,0.0,1,0,4.0
O07258,2024-09-10,C0003,Books,4,18.63,0.2,1,0,5.0
O07259,2024-09-10,C0390,Electronics,1,58.76,0.0,3,1,5.0
O07260,2024-09-10,C1020,Books,1,21.0,0.0,2,0,5.0
O07261,2024-09-10,C0051,Electronics,1,67.61,0.2,4,0,4.0
O07262,2024-09-10,C1587,Electronics,3,294.01,0.0,8,0,5.0
O07263,2024-09-10,C1256,Clothing,1,36.37,0.0,9,0,4.0
O07264,2024-09-10,C1477,Toys,2,23.1,0.05,7,0,3.0
O07265,2024-09-10,C1857,Sports & outdoors,1,144.08,0.0,2,0,4.0
O07266,2024-09-10,C0416,Beauty,4,40.09,0.3,2,1,4.0
O07267,2024-09-10,C1161,Books,1,9.89,0.0,2,0,4.0
O07268,2024-09-10,C0331,Clothing,3,19.54,0.3,1,1,3.0
O07269,2024-09-10,C0410,Beauty,1,16.23,0.3,6,0,4.0
O07270,2024-09-10,C1020,Home & kitchen,2,117.34,0.3,1,0,5.0
O07271,2024-09-10,C1783,Beauty,2,43.63,0.0,2,0,5.0
O07272,2024-09-11,C1230,Beauty,2,34.55,0.3,5,1,2.0
O07273,2024-09-11,C1399,Books,4,12.91,0.05,4,0,5.0
O07274,2024-09-11,C0178,Home & kitchen,1,72.83,0.0,3,1,3.0
O07275,2024-09-11,C0585,Books,3,8.81,0.05,1,0,5.0
O07276,2024-09-11,C0273,Clothing,3,42.66,0.3,3,0,4.0
O07277,2024-09-11,C1649,Beauty,3,29.25,0.0,3,0,4.0
O07278,2024-09-11,C1215,Clothing,2,38.9,0.0,3,0,5.0
O07279,2024-09-11,C1336,Electronics,1,59.27,0.0,10,0,4.0
O07280,2024-09-11,C0609,Sports & outdoors,1,28.52,0.0,4,0,4.0
O07281,2024-09-11,C1359,Sports & outdoors,2,57.62,0.0,6,0,4.0
O07282,2024-09-11,C1322,Electronics,2,343.83,0.0,7,0,5.0
O07283,2024-09-11,C0728,Toys,2,40.98,0.0,9,0,4.0
O07284,2024-09-11,C1511,Sports & outdoors,3,62.53,0.1,8,0,4.0
O07285,2024-09-11,C0318,Books,3,8.36,0.3,7,0,4.0
O07286,2024-09-11,C0314,Clothing,4,25.57,0.05,4,0,4.0
O07287,2024-09-11,C0883,Books,3,18.45,0.05,1,0,4.0
O07288,2024-09-11,C1922,Clothing,2,38.03,0.15,3,0,5.0
O07289,2024-09-11,C1644,Clothing,2,50.12,0.2,5,0,4.0
O07290,2024-09-11,C0468,Clothing,4,16.06,0.0,1,0,3.0
O07291,2024-09-11,C1739,Sports & outdoors,3,48.86,0.0,2,0,5.0
O07292,2024-09-11,C1062,Sports & outdoors,3,10.57,0.0,2,0,5.0
O07293,2024-09-11,C0195,Clothing,2,36.7,0.1,3,0,5.0
O07294,2024-09-11,C1355,Electronics,3,307.72,0.0,4,0,3.0
O07295,2024-09-11,C1431,Sports & outdoors,1,172.35,0.2,2,0,4.0
O07296,2024-09-11,C1424,Books,3,22.35,0.0,2,0,5.0
O07297,2024-09-11,C1985,Clothing,2,40.03,0.0,7,1,3.0
O07298,2024-09-11,C1379,Books,2,9.39,0.2,1,0,5.0
O07299,2024-09-11,C0368,Home & kitchen,4,76.88,0.2,4,0,5.0
O07300,2024-09-12,C0272,Home & kitchen,3,47.72,0.0,2,0,5.0
O07301,2024-09-12,C0424,Electronics,1,257.11,0.05,3,0,4.0
O07302,2024-09-12,C1301,Beauty,1,30.07,0.15,1,0,4.0
O07303,2024-09-12,C0196,Clothing,1,35.97,0.0,2,0,5.0
O07304,2024-09-12,C0002,Home & kitchen,2,65.09,0.0,3,0,4.0
O07305,2024-09-12,C1126,Clothing,1,39.07,0.15,2,0,4.0
O07306,2024-09-12,C0246,Clothing,1,34.23,0.0,7,0,5.0
O07307,2024-09-12,C1978,Toys,2,20.84,0.0,1,0,5.0
O07308,2024-09-12,C0901,Sports & outdoors,1,89.93,0.0,7,0,4.0
O07309,2024-09-12,C1851,Home & kitchen,2,54.25,0.0,2,0,4.0
O07310,2024-09-12,C1668,Toys,1,9.25,0.0,5,0,5.0
O07311,2024-09-12,C0898,Clothing,1,46.67,0.2,1,0,5.0
O07312,2024-09-12,C1303,Clothing,1,39.76,0.1,3,0,3.0
O07313,2024-09-12,C0215,Home & kitchen,4,40.08,0.0,12,0,4.0
O07314,2024-09-12,C1875,Sports & outdoors,1,65.71,0.0,1,0,3.0
O07315,2024-09-12,C1052,Books,1,20.59,0.2,1,0,
O07316,2024-09-12,C1181,Clothing,1,33.56,0.1,10,0,
O07317,2024-09-12,C0934,Electronics,4,80.37,0.15,2,0,4.0
O07318,2024-09-12,C0115,Home & kitchen,3,52.28,0.0,6,0,3.0
O07319,2024-09-12,C0207,Electronics,3,317.56,0.3,5,1,3.0
O07320,2024-09-12,C0373,Electronics,1,176.47,0.3,3,1,2.0
O07321,2024-09-12,C1191,Books,2,14.36,0.1,2,0,4.0
O07322,2024-09-12,C1148,Toys,4,12.72,0.0,4,0,4.0
O07323,2024-09-12,C1651,Sports & outdoors,1,62.59,0.1,6,1,2.0
O07324,2024-09-12,C0228,Clothing,1,64.23,0.3,2,0,
O07325,2024-09-12,C1773,Home & kitchen,2,37.66,0.0,2,0,4.0
O07326,2024-09-12,C0353,Toys,2,11.27,0.0,2,0,4.0
O07327,2024-09-12,C0620,Home & kitchen,3,52.89,0.2,3,0,5.0
O07328,2024-09-12,C0028,Electronics,1,64.69,0.15,4,0,4.0
O07329,2024-09-12,C1172,Beauty,2,42.01,0.2,2,0,5.0
O07330,2024-09-12,C0381,Electronics,3,118.6,0.05,6,0,4.0
O07331,2024-09-12,C1036,Clothing,3,14.39,0.1,3,0,4.0
O07332,2024-09-13,C0864,Clothing,1,14.04,0.2,2,0,5.0
O07333,2024-09-13,C0038,Clothing,1,26.59,0.0,5,0,5.0
O07334,2024-09-13,C0028,Electronics,3,658.53,0.2,3,0,4.0
O07335,2024-09-13,C1046,Home & kitchen,1,47.67,0.1,4,0,3.0
O07336,2024-09-13,C0166,Books,2,18.12,0.0,3,0,5.0
O07337,2024-09-13,C1302,Clothing,2,63.83,0.0,2,0,4.0
O07338,2024-09-13,C0822,Home & kitchen,4,32.17,0.15,2,0,4.0
O07339,2024-09-13,C1500,Home & kitchen,2,32.99,0.0,1,0,5.0
O07340,2024-09-13,C1778,Clothing,2,24.55,0.0,3,0,5.0
O07341,2024-09-13,C0390,Home & kitchen,3,177.19,0.15,3,0,4.0
O07342,2024-09-13,C0224,Toys,1,38.75,0.05,1,0,5.0
O07343,2024-09-13,C0137,Home & kitchen,1,43.72,0.15,3,0,5.0
O07344,2024-09-13,C0641,Clothing,1,38.1,0.0,4,0,
O07345,2024-09-13,C1504,Beauty,1,17.42,0.2,5,0,5.0
O07346,2024-09-13,C1684,Clothing,1,25.09,0.1,3,0,5.0
O07347,2024-09-13,C1702,Beauty,1,11.11,0.05,6,0,4.0
O07348,2024-09-13,C0590,Toys,2,42.94,0.0,5,0,4.0
O07349,2024-09-13,C0913,Books,2,16.35,0.2,2,0,5.0
O07350,2024-09-13,C1879,Home & kitchen,1,29.98,0.0,4,0,4.0
O07351,2024-09-13,C0868,Books,1,13.06,0.05,3,0,5.0
O07352,2024-09-13,C1735,Beauty,3,15.83,0.05,1,0,5.0
O07353,2024-09-13,C1115,Books,2,15.44,0.2,8,0,4.0
O07354,2024-09-13,C1019,Electronics,4,399.26,0.0,3,0,5.0
O07355,2024-09-13,C1021,Clothing,2,18.47,0.0,1,1,3.0
O07356,2024-09-13,C1447,Clothing,1,44.21,0.1,5,0,
O07357,2024-09-13,C1873,Clothing,1,43.46,0.15,5,0,4.0
O07358,2024-09-13,C0557,Sports & outdoors,1,128.12,0.15,1,0,4.0
O07359,2024-09-13,C0845,Books,4,18.06,0.0,4,0,4.0
O07360,2024-09-13,C0069,Clothing,1,11.94,0.0,4,0,3.0
O07361,2024-09-14,C0107,Clothing,1,51.07,0.0,2,0,4.0
O07362,2024-09-14,C0214,Home & kitchen,1,53.37,0.15,1,0,5.0
O07363,2024-09-14,C1623,Clothing,4,30.46,0.15,4,0,5.0
O07364,2024-09-14,C1781,Clothing,1,29.56,0.3,5,0,4.0
O07365,2024-09-14,C0583,Clothing,1,33.33,0.0,2,0,5.0
O07366,2024-09-14,C0784,Electronics,2,167.31,0.05,2,0,4.0
O07367,2024-09-14,C1764,Clothing,3,78.52,0.0,4,0,3.0
O07368,2024-09-14,C0160,Toys,2,28.71,0.0,1,0,4.0
O07369,2024-09-14,C1849,Clothing,1,32.93,0.05,2,1,3.0
O07370,2024-09-14,C0029,Clothing,1,36.48,0.2,1,1,2.0
O07371,2024-09-14,C0752,Beauty,1,19.35,0.0,1,0,4.0
O07372,2024-09-14,C0152,Clothing,2,14.58,0.0,4,1,4.0
O07373,2024-09-14,C1605,Home & kitchen,2,9.42,0.0,2,0,5.0
O07374,2024-09-14,C1281,Home & kitchen,2,104.31,0.0,5,0,4.0
O07375,2024-09-14,C1767,Beauty,1,30.29,0.0,2,0,5.0
O07376,2024-09-14,C0179,Toys,2,59.11,0.3,3,0,4.0
O07377,2024-09-14,C0938,Toys,1,17.53,0.05,3,0,4.0
O07378,2024-09-14,C0457,Home & kitchen,2,98.76,0.2,4,0,5.0
O07379,2024-09-14,C1373,Beauty,1,17.0,0.0,1,0,5.0
O07380,2024-09-14,C1502,Books,1,11.8,0.3,1,0,5.0
O07381,2024-09-14,C0792,Beauty,1,15.32,0.0,6,0,5.0
O07382,2024-09-14,C0804,Clothing,1,44.36,0.2,5,0,5.0
O07383,2024-09-15,C0767,Clothing,4,62.75,0.0,4,0,4.0
O07384,2024-09-15,C1082,Sports & outdoors,1,124.41,0.3,2,0,4.0
O07385,2024-09-15,C1766,Books,3,20.49,0.15,1,0,4.0
O07386,2024-09-15,C1101,Home & kitchen,3,66.19,0.0,4,0,5.0
O07387,2024-09-15,C1136,Electronics,1,208.12,0.2,4,0,5.0
O07388,2024-09-15,C0531,Electronics,3,160.64,0.2,3,0,5.0
O07389,2024-09-15,C0272,Electronics,4,91.66,0.3,5,0,4.0
O07390,2024-09-15,C0845,Beauty,1,21.11,0.3,6,0,5.0
O07391,2024-09-15,C1995,Home & kitchen,4,48.87,0.15,5,0,4.0
O07392,2024-09-15,C0069,Electronics,1,291.8,0.0,5,0,4.0
O07393,2024-09-15,C0081,Toys,3,31.16,0.3,1,0,4.0
O07394,2024-09-15,C0065,Toys,1,24.68,0.15,2,0,5.0
O07395,2024-09-15,C1262,Electronics,2,181.46,0.0,3,0,3.0
O07396,2024-09-15,C0114,Electronics,4,202.12,0.2,2,0,5.0
O07397,2024-09-15,C1157,Home & kitchen,1,55.33,0.0,8,0,4.0
O07398,2024-09-15,C0575,Clothing,3,44.89,0.2,2,0,5.0
O07399,2024-09-15,C1650,Electronics,2,317.92,0.0,2,0,4.0
O07400,2024-09-15,C0602,Books,2,12.06,0.0,7,0,4.0
O07401,2024-09-15,C0950,Sports & outdoors,2,29.47,0.0,4,0,5.0
O07402,2024-09-15,C0435,Electronics,4,66.34,0.3,2,1,3.0
O07403,2024-09-15,C0207,Books,1,11.3,0.1,5,0,4.0
O07404,2024-09-15,C1165,Toys,1,22.72,0.05,1,0,4.0
O07405,2024-09-15,C0920,Toys,1,24.21,0.0,1,0,5.0
O07406,2024-09-16,C1716,Electronics,2,239.27,0.2,2,0,5.0
O07407,2024-09-16,C1415,Beauty,4,35.9,0.0,2,0,4.0
O07408,2024-09-16,C1625,Books,1,14.49,0.3,6,0,3.0
O07409,2024-09-16,C1305,Beauty,2,18.18,0.2,2,0,5.0
O07410,2024-09-16,C1105,Books,1,20.8,0.0,8,0,5.0
O07411,2024-09-16,C1249,Clothing,4,29.9,0.0,2,0,5.0
O07412,2024-09-16,C1821,Beauty,1,37.36,0.15,2,0,4.0
O07413,2024-09-16,C1072,Electronics,3,670.43,0.2,2,0,4.0
O07414,2024-09-16,C1538,Home & kitchen,2,29.98,0.3,1,0,5.0
O07415,2024-09-16,C1648,Clothing,1,41.32,0.05,11,0,2.0
O07416,2024-09-16,C0553,Toys,2,23.17,0.2,2,0,5.0
O07417,2024-09-16,C0069,Electronics,2,59.14,0.15,5,0,4.0
O07418,2024-09-16,C0211,Home & kitchen,4,34.11,0.1,5,1,3.0
O07419,2024-09-16,C1120,Sports & outdoors,2,80.33,0.2,4,0,
O07420,2024-09-16,C0071,Books,2,23.77,0.1,2,0,4.0
O07421,2024-09-16,C0831,Toys,2,10.08,0.0,1,0,5.0
O07422,2024-09-16,C1784,Sports & outdoors,2,115.37,0.0,6,1,3.0
O07423,2024-09-16,C1953,Electronics,1,92.55,0.1,6,0,5.0
O07424,2024-09-16,C0897,Home & kitchen,1,120.95,0.0,9,0,4.0
O07425,2024-09-16,C0301,Clothing,1,23.65,0.2,4,0,4.0
O07426,2024-09-16,C1313,Toys,1,35.15,0.3,4,1,2.0
O07427,2024-09-16,C1130,Home & kitchen,2,26.31,0.3,4,0,5.0
O07428,2024-09-16,C0264,Books,1,15.14,0.15,5,0,4.0
O07429,2024-09-16,C1496,Toys,1,11.05,0.15,3,0,4.0
O07430,2024-09-16,C1386,Home & kitchen,2,40.68,0.0,6,0,5.0
O07431,2024-09-16,C0363,Home & kitchen,2,47.22,0.3,3,0,4.0
O07432,2024-09-16,C1411,Sports & outdoors,1,194.52,0.0,2,0,5.0
O07433,2024-09-16,C0208,Electronics,2,181.92,0.05,3,0,5.0
O07434,2024-09-16,C1606,Sports & outdoors,4,66.23,0.0,2,0,4.0
O07435,2024-09-16,C0417,Clothing,2,35.99,0.05,2,0,4.0
O07436,2024-09-17,C0215,Clothing,3,53.0,0.15,3,0,4.0
O07437,2024-09-17,C0742,Books,1,7.92,0.0,5,0,4.0
O07438,2024-09-17,C0735,Home & kitchen,1,34.03,0.0,2,0,5.0
O07439,2024-09-17,C1980,Books,4,18.1,0.0,8,0,4.0
O07440,2024-09-17,C0795,Home & kitchen,2,35.95,0.15,3,0,4.0
O07441,2024-09-17,C1838,Sports & outdoors,4,51.04,0.15,8,0,3.0
O07442,2024-09-17,C1472,Home & kitchen,4,48.23,0.0,1,0,5.0
O07443,2024-09-17,C0654,Home & kitchen,4,56.53,0.05,2,0,5.0
O07444,2024-09-17,C0410,Toys,2,45.93,0.15,2,0,4.0
O07445,2024-09-17,C0807,Home & kitchen,3,32.55,0.0,6,0,5.0
O07446,2024-09-17,C0604,Books,4,15.83,0.3,8,0,4.0
O07447,2024-09-17,C0733,Sports & outdoors,3,81.71,0.05,4,1,1.0
O07448,2024-09-17,C1379,Home & kitchen,2,26.24,0.15,5,0,5.0
O07449,2024-09-17,C1922,Clothing,2,28.77,0.0,1,0,5.0
O07450,2024-09-17,C1120,Home & kitchen,1,45.91,0.05,5,0,4.0
O07451,2024-09-17,C1993,Sports & outdoors,3,44.43,0.3,4,0,5.0
O07452,2024-09-17,C1370,Home & kitchen,1,27.9,0.1,4,0,4.0
O07453,2024-09-17,C1257,Electronics,1,174.65,0.3,1,0,5.0
O07454,2024-09-17,C0955,Books,2,19.27,0.0,3,0,4.0
O07455,2024-09-17,C0947,Electronics,1,198.46,0.0,1,0,5.0
O07456,2024-09-17,C1017,Sports & outdoors,2,55.79,0.0,4,0,5.0
O07457,2024-09-17,C1410,Books,1,10.28,0.0,6,0,3.0
O07458,2024-09-17,C1033,Beauty,2,17.73,0.0,4,0,5.0
O07459,2024-09-17,C1906,Books,4,6.99,0.0,1,1,3.0
O07460,2024-09-17,C0578,Books,1,13.5,0.05,2,0,3.0
O07461,2024-09-17,C0978,Electronics,3,311.24,0.1,4,0,4.0
O07462,2024-09-17,C0485,Books,1,13.55,0.1,3,0,4.0
O07463,2024-09-17,C0510,Home & kitchen,2,39.67,0.1,5,0,4.0
O07464,2024-09-17,C1165,Home & kitchen,1,89.22,0.05,11,0,3.0
O07465,2024-09-17,C1809,Books,3,19.49,0.0,9,0,4.0
O07466,2024-09-17,C1318,Electronics,2,851.94,0.0,5,0,5.0
O07467,2024-09-17,C0323,Beauty,1,20.53,0.05,7,0,5.0
O07468,2024-09-17,C0770,Toys,2,34.83,0.05,3,0,4.0
O07469,2024-09-17,C1929,Home & kitchen,3,36.09,0.0,3,0,5.0
O07470,2024-09-17,C1422,Beauty,3,29.09,0.0,12,0,2.0
O07471,2024-09-17,C1010,Books,1,13.67,0.2,2,0,5.0
O07472,2024-09-17,C0119,Sports & outdoors,4,66.06,0.3,4,0,5.0
O07473,2024-09-17,C1033,Home & kitchen,1,42.74,0.3,2,0,5.0
O07474,2024-09-17,C1383,Electronics,2,55.36,0.3,1,0,5.0
O07475,2024-09-17,C1263,Electronics,4,348.39,0.0,10,1,2.0
O07476,2024-09-18,C0326,Electronics,1,83.28,0.3,5,1,3.0
O07477,2024-09-18,C0776,Electronics,1,199.37,0.0,1,0,5.0
O07478,2024-09-18,C1568,Books,4,11.75,0.0,6,0,3.0
O07479,2024-09-18,C1137,Home & kitchen,3,45.64,0.2,3,0,5.0
O07480,2024-09-18,C0998,Home & kitchen,1,12.9,0.05,1,0,5.0
O07481,2024-09-18,C0164,Beauty,1,42.0,0.0,1,0,5.0
O07482,2024-09-18,C1898,Home & kitchen,3,22.72,0.0,4,0,5.0
O07483,2024-09-18,C1273,Toys,2,28.43,0.0,1,0,5.0
O07484,2024-09-18,C1555,Beauty,3,21.69,0.05,2,0,5.0
O07485,2024-09-18,C1243,Electronics,2,662.82,0.3,3,0,5.0
O07486,2024-09-18,C0325,Clothing,2,42.85,0.0,4,0,5.0
O07487,2024-09-18,C1874,Toys,1,35.63,0.3,3,0,4.0
O07488,2024-09-18,C0681,Beauty,1,18.58,0.15,2,0,4.0
O07489,2024-09-18,C1342,Books,4,26.56,0.0,2,0,5.0
O07490,2024-09-18,C0057,Clothing,2,32.23,0.0,4,0,3.0
O07491,2024-09-18,C0268,Electronics,1,183.85,0.2,2,0,5.0
O07492,2024-09-18,C0898,Home & kitchen,1,17.68,0.0,1,0,5.0
O07493,2024-09-18,C1138,Clothing,4,17.14,0.0,1,0,4.0
O07494,2024-09-19,C0907,Sports & outdoors,3,129.88,0.0,6,0,4.0
O07495,2024-09-19,C0942,Clothing,2,16.19,0.15,1,0,5.0
O07496,2024-09-19,C1608,Books,1,14.41,0.05,1,0,5.0
O07497,2024-09-19,C0633,Clothing,1,42.88,0.15,2,0,
O07498,2024-09-19,C1541,Electronics,1,134.39,0.05,7,0,4.0
O07499,2024-09-19,C1048,Clothing,1,64.66,0.0,4,0,4.0
O07500,2024-09-19,C0337,Home & kitchen,2,97.79,0.0,3,0,4.0
O07501,2024-09-19,C0483,Home & kitchen,3,32.96,0.0,4,0,5.0
O07502,2024-09-19,C0373,Electronics,1,41.19,0.0,9,0,4.0
O07503,2024-09-19,C0620,Clothing,1,23.37,0.05,3,0,4.0
O07504,2024-09-19,C1132,Clothing,1,103.39,0.1,2,0,5.0
O07505,2024-09-19,C0946,Beauty,1,21.02,0.0,4,0,5.0
O07506,2024-09-19,C1593,Books,2,18.74,0.0,4,0,5.0
O07507,2024-09-19,C1056,Books,1,18.87,0.0,2,0,5.0
O07508,2024-09-19,C0457,Books,1,18.74,0.1,3,0,4.0
O07509,2024-09-19,C0390,Beauty,4,7.46,0.1,3,0,4.0
O07510,2024-09-19,C1537,Electronics,4,324.98,0.2,3,0,5.0
O07511,2024-09-19,C0277,Sports & outdoors,4,154.02,0.3,3,0,5.0
O07512,2024-09-19,C0556,Books,1,17.74,0.0,2,0,5.0
O07513,2024-09-19,C1975,Toys,3,37.63,0.3,2,0,3.0
O07514,2024-09-19,C0890,Clothing,3,66.92,0.05,3,0,4.0
O07515,2024-09-19,C1143,Clothing,4,37.83,0.2,3,0,5.0
O07516,2024-09-19,C0095,Sports & outdoors,4,63.71,0.15,3,0,5.0
O07517,2024-09-19,C1974,Home & kitchen,1,63.46,0.05,3,0,4.0
O07518,2024-09-19,C0502,Sports & outdoors,1,108.91,0.3,3,1,3.0
O07519,2024-09-19,C1110,Home & kitchen,1,130.97,0.05,1,0,5.0
O07520,2024-09-19,C0115,Sports & outdoors,2,77.49,0.15,5,0,3.0
O07521,2024-09-19,C0330,Toys,1,14.7,0.0,7,0,4.0
O07522,2024-09-19,C0743,Home & kitchen,1,33.98,0.1,4,0,5.0
O07523,2024-09-19,C1535,Sports & outdoors,1,34.8,0.15,2,0,5.0
O07524,2024-09-19,C1948,Clothing,1,30.87,0.0,3,1,3.0
O07525,2024-09-19,C0330,Clothing,1,41.42,0.15,5,1,3.0
O07526,2024-09-19,C1500,Electronics,4,628.78,0.0,1,0,4.0
O07527,2024-09-19,C0258,Electronics,4,145.59,0.2,5,0,5.0
O07528,2024-09-19,C1677,Books,3,16.03,0.0,4,0,4.0
O07529,2024-09-19,C1036,Books,4,11.09,0.3,12,0,3.0
O07530,2024-09-19,C0822,Clothing,1,40.02,0.0,2,0,5.0
O07531,2024-09-19,C1550,Beauty,1,16.05,0.1,6,0,4.0
O07532,2024-09-20,C0054,Beauty,1,28.89,0.15,5,0,5.0
O07533,2024-09-20,C1273,Clothing,4,53.17,0.0,2,0,5.0
O07534,2024-09-20,C0566,Home & kitchen,2,21.42,0.05,3,0,5.0
O07535,2024-09-20,C0799,Clothing,2,24.38,0.15,4,0,4.0
O07536,2024-09-20,C1315,Clothing,2,62.59,0.05,7,0,4.0
O07537,2024-09-20,C0032,Clothing,4,34.45,0.15,1,0,4.0
O07538,2024-09-20,C0604,Books,4,13.04,0.1,2,0,5.0
O07539,2024-09-20,C1445,Beauty,1,12.83,0.0,3,0,4.0
O07540,2024-09-20,C1729,Sports & outdoors,1,19.93,0.0,2,0,3.0
O07541,2024-09-20,C1203,Toys,1,21.55,0.2,2,0,5.0
O07542,2024-09-20,C0641,Toys,1,22.8,0.0,2,0,5.0
O07543,2024-09-20,C1498,Clothing,4,20.6,0.1,5,0,4.0
O07544,2024-09-20,C1440,Clothing,2,21.48,0.1,3,1,4.0
O07545,2024-09-20,C0811,Beauty,1,16.71,0.0,6,0,4.0
O07546,2024-09-20,C1779,Books,1,15.88,0.0,2,0,5.0
O07547,2024-09-20,C1935,Electronics,2,64.32,0.3,4,1,1.0
O07548,2024-09-20,C0296,Clothing,1,37.28,0.0,3,0,3.0
O07549,2024-09-20,C0299,Books,4,11.68,0.0,1,0,4.0
O07550,2024-09-20,C0655,Clothing,4,8.08,0.1,4,0,
O07551,2024-09-20,C0859,Toys,2,10.17,0.15,2,0,4.0
O07552,2024-09-20,C0948,Electronics,1,119.75,0.15,4,0,5.0
O07553,2024-09-20,C0288,Toys,1,52.72,0.2,2,0,4.0
O07554,2024-09-20,C0811,Home & kitchen,4,41.0,0.0,6,1,3.0
O07555,2024-09-20,C0140,Beauty,2,13.03,0.0,11,0,4.0
O07556,2024-09-20,C0751,Electronics,2,153.55,0.1,4,0,4.0
O07557,2024-09-21,C0048,Sports & outdoors,2,112.57,0.0,2,0,5.0
O07558,2024-09-21,C1672,Beauty,1,15.68,0.1,6,0,3.0
O07559,2024-09-21,C1172,Toys,1,19.42,0.15,3,0,4.0
O07560,2024-09-21,C0670,Beauty,1,24.69,0.15,3,0,5.0
O07561,2024-09-21,C0782,Toys,1,44.61,0.0,2,0,3.0
O07562,2024-09-21,C0584,Home & kitchen,4,55.67,0.0,4,0,5.0
O07563,2024-09-21,C1784,Electronics,4,129.15,0.0,1,0,5.0
O07564,2024-09-21,C0916,Sports & outdoors,1,84.66,0.0,3,0,3.0
O07565,2024-09-21,C0715,Toys,2,25.24,0.15,7,1,1.0
O07566,2024-09-21,C0617,Home & kitchen,2,45.47,0.3,1,0,4.0
O07567,2024-09-21,C1921,Beauty,4,21.77,0.0,3,0,4.0
O07568,2024-09-21,C1696,Toys,1,27.13,0.3,2,0,5.0
O07569,2024-09-21,C0473,Clothing,1,38.94,0.15,4,1,5.0
O07570,2024-09-21,C1221,Electronics,2,409.55,0.1,2,0,5.0
O07571,2024-09-21,C1230,Toys,3,15.15,0.05,3,0,5.0
O07572,2024-09-21,C0286,Electronics,1,167.22,0.2,3,0,4.0
O07573,2024-09-21,C1440,Beauty,1,19.03,0.1,1,0,4.0
O07574,2024-09-21,C0291,Beauty,2,19.48,0.0,1,0,4.0
O07575,2024-09-21,C0650,Toys,1,26.31,0.1,3,0,4.0
O07576,2024-09-21,C1780,Electronics,3,215.89,0.2,1,0,5.0
O07577,2024-09-22,C1674,Home & kitchen,1,29.1,0.3,2,0,4.0
O07578,2024-09-22,C0478,Clothing,1,18.85,0.15,2,0,5.0
O07579,2024-09-22,C1762,Electronics,4,154.02,0.0,1,0,4.0
O07580,2024-09-22,C1462,Books,2,14.58,0.0,3,0,4.0
O07581,2024-09-22,C0586,Books,1,18.05,0.15,7,0,4.0
O07582,2024-09-22,C0782,Clothing,1,53.56,0.2,2,0,4.0
O07583,2024-09-22,C1368,Clothing,4,19.13,0.05,3,0,5.0
O07584,2024-09-22,C0760,Beauty,1,29.04,0.15,5,0,3.0
O07585,2024-09-22,C1296,Home & kitchen,3,35.07,0.05,3,0,4.0
O07586,2024-09-22,C0710,Toys,3,28.34,0.0,2,0,4.0
O07587,2024-09-22,C0979,Beauty,4,11.78,0.3,3,0,5.0
O07588,2024-09-22,C1340,Toys,2,62.6,0.15,2,0,4.0
O07589,2024-09-22,C0342,Beauty,1,37.58,0.0,3,0,5.0
O07590,2024-09-22,C1427,Home & kitchen,3,79.33,0.15,4,0,5.0
O07591,2024-09-22,C0989,Toys,1,20.9,0.3,5,1,3.0
O07592,2024-09-22,C1224,Clothing,2,46.93,0.0,2,0,5.0
O07593,2024-09-22,C0516,Clothing,1,27.04,0.1,3,0,4.0
O07594,2024-09-22,C0153,Sports & outdoors,1,60.02,0.15,3,0,5.0
O07595,2024-09-22,C0359,Clothing,2,36.56,0.0,6,0,4.0
O07596,2024-09-22,C0415,Home & kitchen,2,92.76,0.0,7,1,3.0
O07597,2024-09-22,C0216,Books,2,13.97,0.05,4,0,4.0
O07598,2024-09-22,C0098,Toys,4,30.86,0.2,1,0,5.0
O07599,2024-09-22,C1667,Books,1,23.92,0.1,1,0,5.0
O07600,2024-09-22,C0366,Home & kitchen,2,32.7,0.1,1,0,5.0
O07601,2024-09-22,C1054,Books,4,18.92,0.3,4,0,3.0
O07602,2024-09-22,C0466,Electronics,4,102.36,0.3,12,0,4.0
O07603,2024-09-22,C1021,Electronics,1,242.36,0.2,4,0,4.0
O07604,2024-09-22,C0367,Electronics,2,75.73,0.15,1,0,5.0
O07605,2024-09-22,C1927,Beauty,3,31.13,0.2,1,0,4.0
O07606,2024-09-22,C1108,Electronics,2,127.21,0.05,1,0,4.0
O07607,2024-09-22,C0840,Home & kitchen,4,43.56,0.05,8,0,3.0
O07608,2024-09-23,C1189,Beauty,2,15.66,0.05,5,0,4.0
O07609,2024-09-23,C0902,Clothing,2,50.94,0.3,2,0,5.0
O07610,2024-09-23,C1505,Electronics,4,372.91,0.3,3,0,4.0
O07611,2024-09-23,C0397,Clothing,1,28.08,0.2,2,0,5.0
O07612,2024-09-23,C1637,Books,2,9.14,0.0,4,0,4.0
O07613,2024-09-23,C1672,Electronics,1,93.93,0.0,3,1,2.0
O07614,2024-09-23,C0942,Books,2,11.64,0.0,6,0,4.0
O07615,2024-09-23,C0407,Beauty,3,19.38,0.2,5,0,4.0
O07616,2024-09-23,C1437,Books,1,12.54,0.2,2,0,5.0
O07617,2024-09-23,C1557,Toys,2,11.01,0.15,7,0,4.0
O07618,2024-09-23,C0548,Clothing,3,56.33,0.0,6,1,3.0
O07619,2024-09-23,C0680,Beauty,2,36.17,0.0,1,0,4.0
O07620,2024-09-23,C0954,Books,1,7.92,0.0,2,0,5.0
O07621,2024-09-23,C0391,Clothing,1,60.62,0.15,2,0,4.0
O07622,2024-09-23,C0771,Toys,2,8.51,0.0,2,0,5.0
O07623,2024-09-23,C1628,Toys,2,15.96,0.05,4,0,4.0
O07624,2024-09-23,C0683,Home & kitchen,2,61.29,0.0,4,0,5.0
O07625,2024-09-23,C1280,Electronics,3,93.57,0.2,1,1,4.0
O07626,2024-09-23,C1800,Home & kitchen,1,56.93,0.15,3,0,4.0
O07627,2024-09-23,C1936,Home & kitchen,1,54.88,0.0,2,0,5.0
O07628,2024-09-23,C1861,Home & kitchen,1,20.21,0.2,5,0,3.0
O07629,2024-09-23,C0930,Electronics,2,103.47,0.2,2,0,3.0
O07630,2024-09-23,C0438,Sports & outdoors,1,174.1,0.0,3,0,5.0
O07631,2024-09-23,C1428,Home & kitchen,4,46.05,0.2,4,0,5.0
O07632,2024-09-23,C1767,Electronics,2,340.69,0.3,8,0,3.0
O07633,2024-09-23,C0039,Sports & outdoors,1,172.84,0.2,3,0,5.0
O07634,2024-09-23,C0328,Clothing,1,30.51,0.0,3,0,5.0
O07635,2024-09-24,C1995,Sports & outdoors,4,35.51,0.15,1,0,5.0
O07636,2024-09-24,C1409,Clothing,1,72.3,0.0,2,0,5.0
O07637,2024-09-24,C1129,Beauty,4,20.4,0.0,5,0,4.0
O07638,2024-09-24,C0733,Clothing,1,54.79,0.0,4,0,4.0
O07639,2024-09-24,C0867,Clothing,4,27.3,0.2,4,1,4.0
O07640,2024-09-24,C0114,Toys,4,48.43,0.0,4,0,5.0
O07641,2024-09-24,C1299,Beauty,4,7.78,0.1,2,0,5.0
O07642,2024-09-24,C0819,Home & kitchen,1,63.77,0.0,5,0,4.0
O07643,2024-09-24,C0503,Sports & outdoors,1,36.39,0.0,8,0,4.0
O07644,2024-09-24,C1498,Home & kitchen,2,19.02,0.0,3,0,4.0
O07645,2024-09-24,C0805,Clothing,1,18.19,0.15,4,0,5.0
O07646,2024-09-24,C0522,Home & kitchen,4,59.5,0.15,2,0,5.0
O07647,2024-09-24,C1620,Toys,1,24.36,0.2,1,0,5.0
O07648,2024-09-24,C1296,Electronics,1,130.84,0.1,2,0,4.0
O07649,2024-09-24,C0988,Toys,1,34.79,0.0,1,0,5.0
O07650,2024-09-24,C1452,Clothing,1,45.45,0.1,2,0,4.0
O07651,2024-09-24,C0848,Clothing,1,18.05,0.2,2,0,4.0
O07652,2024-09-24,C1164,Beauty,4,29.5,0.0,1,0,5.0
O07653,2024-09-24,C1802,Books,1,7.95,0.15,1,0,4.0
O07654,2024-09-24,C0732,Toys,1,42.94,0.3,1,1,2.0
O07655,2024-09-24,C0200,Toys,4,12.27,0.05,1,0,4.0
O07656,2024-09-24,C0123,Electronics,3,85.05,0.05,4,0,4.0
O07657,2024-09-24,C1515,Sports & outdoors,3,62.32,0.1,3,0,4.0
O07658,2024-09-24,C0654,Books,1,14.5,0.1,5,0,5.0
O07659,2024-09-24,C0532,Beauty,2,20.99,0.0,5,1,2.0
O07660,2024-09-24,C0809,Clothing,1,50.74,0.15,5,0,5.0
O07661,2024-09-24,C1612,Clothing,1,25.72,0.0,1,1,4.0
O07662,2024-09-24,C0682,Electronics,1,124.51,0.3,4,0,5.0
O07663,2024-09-25,C0941,Home & kitchen,1,64.1,0.0,1,0,5.0
O07664,2024-09-25,C1053,Books,4,19.25,0.0,2,0,5.0
O07665,2024-09-25,C1704,Electronics,4,58.25,0.0,2,0,5.0
O07666,2024-09-25,C1644,Home & kitchen,1,43.72,0.0,2,0,4.0
O07667,2024-09-25,C0679,Electronics,1,90.41,0.0,4,1,3.0
O07668,2024-09-25,C1348,Books,1,15.86,0.0,2,0,5.0
O07669,2024-09-25,C0730,Electronics,1,139.69,0.0,8,0,4.0
O07670,2024-09-25,C0237,Home & kitchen,3,145.58,0.3,1,0,4.0
O07671,2024-09-25,C1763,Books,1,10.7,0.0,1,0,5.0
O07672,2024-09-25,C0886,Clothing,2,93.26,0.3,3,1,3.0
O07673,2024-09-25,C0584,Home & kitchen,3,46.28,0.3,3,0,4.0
O07674,2024-09-25,C1289,Toys,3,19.67,0.1,3,0,5.0
O07675,2024-09-25,C0005,Electronics,3,64.88,0.1,1,0,5.0
O07676,2024-09-25,C1498,Clothing,1,20.74,0.3,3,1,4.0
O07677,2024-09-25,C1731,Sports & outdoors,2,34.48,0.0,2,0,4.0
O07678,2024-09-25,C1406,Home & kitchen,1,37.52,0.2,3,0,5.0
O07679,2024-09-25,C0065,Clothing,1,24.59,0.05,12,0,2.0
O07680,2024-09-25,C1359,Home & kitchen,1,75.97,0.05,5,0,5.0
O07681,2024-09-26,C0341,Home & kitchen,2,54.77,0.2,3,0,5.0
O07682,2024-09-26,C1114,Clothing,4,36.12,0.05,6,0,5.0
O07683,2024-09-26,C0351,Beauty,4,21.51,0.05,2,0,5.0
O07684,2024-09-26,C0444,Sports & outdoors,4,50.48,0.3,2,0,4.0
O07685,2024-09-26,C0963,Clothing,4,52.49,0.2,1,0,4.0
O07686,2024-09-26,C1525,Books,2,18.68,0.0,2,0,4.0
O07687,2024-09-26,C0723,Books,1,11.91,0.0,8,0,3.0
O07688,2024-09-26,C1684,Sports & outdoors,1,39.07,0.05,1,0,3.0
O07689,2024-09-26,C0529,Books,1,12.55,0.0,4,0,4.0
O07690,2024-09-26,C0640,Clothing,3,29.99,0.2,1,0,4.0
O07691,2024-09-26,C1725,Books,1,11.58,0.1,2,0,4.0
O07692,2024-09-26,C1318,Clothing,1,26.08,0.2,2,0,5.0
O07693,2024-09-26,C1767,Beauty,1,26.55,0.0,4,0,4.0
O07694,2024-09-26,C1532,Books,1,10.21,0.15,4,0,5.0
O07695,2024-09-26,C1616,Sports & outdoors,1,54.88,0.3,6,0,4.0
O07696,2024-09-26,C1500,Clothing,1,30.7,0.15,4,0,4.0
O07697,2024-09-26,C1112,Home & kitchen,2,79.55,0.0,3,0,5.0
O07698,2024-09-26,C0990,Beauty,1,41.28,0.15,1,0,4.0
O07699,2024-09-26,C1807,Home & kitchen,2,50.87,0.0,2,0,5.0
O07700,2024-09-26,C1898,Clothing,4,123.37,0.15,1,0,4.0
O07701,2024-09-26,C1768,Beauty,2,15.9,0.0,1,0,5.0
O07702,2024-09-26,C0596,Clothing,4,64.48,0.0,3,0,5.0
O07703,2024-09-26,C0099,Beauty,4,38.87,0.1,3,1,2.0
O07704,2024-09-27,C1720,Beauty,1,18.38,0.0,2,0,5.0
O07705,2024-09-27,C1499,Electronics,2,186.64,0.15,3,0,4.0
O07706,2024-09-27,C1648,Clothing,3,45.49,0.15,3,1,4.0
O07707,2024-09-27,C0912,Clothing,3,42.28,0.05,1,0,5.0
O07708,2024-09-27,C1159,Clothing,4,25.77,0.3,1,0,5.0
O07709,2024-09-27,C0374,Clothing,1,31.75,0.0,5,0,4.0
O07710,2024-09-27,C1309,Clothing,1,55.76,0.15,7,0,4.0
O07711,2024-09-27,C0300,Home & kitchen,2,62.24,0.2,4,0,5.0
O07712,2024-09-27,C0890,Books,1,20.17,0.1,7,0,3.0
O07713,2024-09-27,C0060,Sports & outdoors,2,101.16,0.2,5,0,5.0
O07714,2024-09-27,C0979,Books,1,12.93,0.3,5,0,3.0
O07715,2024-09-27,C0118,Home & kitchen,3,132.14,0.15,4,0,5.0
O07716,2024-09-27,C1887,Clothing,2,26.62,0.15,5,0,3.0
O07717,2024-09-27,C1897,Toys,1,19.14,0.05,1,1,3.0
O07718,2024-09-27,C0818,Sports & outdoors,1,38.63,0.05,7,0,4.0
O07719,2024-09-27,C1885,Clothing,1,51.04,0.15,2,0,4.0
O07720,2024-09-27,C1090,Clothing,3,71.75,0.3,5,0,4.0
O07721,2024-09-27,C0915,Beauty,2,22.13,0.15,2,0,5.0
O07722,2024-09-27,C0315,Beauty,1,18.86,0.2,6,0,4.0
O07723,2024-09-27,C1596,Sports & outdoors,1,53.99,0.0,5,0,4.0
O07724,2024-09-27,C0542,Sports & outdoors,2,76.97,0.15,1,0,5.0
O07725,2024-09-27,C1314,Home & kitchen,1,40.48,0.15,6,0,4.0
O07726,2024-09-27,C1562,Electronics,1,156.77,0.05,6,1,4.0
O07727,2024-09-27,C1335,Books,3,28.22,0.15,2,0,5.0
O07728,2024-09-27,C0545,Books,1,14.63,0.3,8,1,2.0
O07729,2024-09-27,C1828,Sports & outdoors,1,65.06,0.0,7,0,5.0
O07730,2024-09-27,C0065,Sports & outdoors,4,69.79,0.0,6,0,
O07731,2024-09-27,C1449,Books,1,9.72,0.05,4,0,4.0
O07732,2024-09-27,C0154,Home & kitchen,1,59.27,0.2,1,0,5.0
O07733,2024-09-27,C1289,Clothing,2,32.85,0.05,4,0,5.0
O07734,2024-09-27,C1700,Books,3,12.26,0.2,6,0,5.0
O07735,2024-09-27,C1333,Home & kitchen,3,57.49,0.15,4,0,5.0
O07736,2024-09-27,C1309,Beauty,1,20.44,0.15,5,0,5.0
O07737,2024-09-27,C1667,Beauty,4,11.89,0.0,6,0,3.0
O07738,2024-09-27,C0909,Clothing,1,27.38,0.3,4,1,2.0
O07739,2024-09-27,C0825,Beauty,1,17.24,0.3,1,0,4.0
O07740,2024-09-27,C0697,Clothing,2,66.37,0.3,1,1,4.0
O07741,2024-09-28,C0848,Home & kitchen,2,84.96,0.3,2,0,5.0
O07742,2024-09-28,C0675,Sports & outdoors,3,46.49,0.0,3,0,5.0
O07743,2024-09-28,C1623,Books,2,15.45,0.1,4,0,4.0
O07744,2024-09-28,C0646,Clothing,1,21.19,0.05,2,0,5.0
O07745,2024-09-28,C0022,Clothing,3,22.26,0.0,1,0,5.0
O07746,2024-09-28,C1974,Clothing,1,78.06,0.15,1,0,4.0
O07747,2024-09-28,C0735,Books,2,7.01,0.2,2,0,4.0
O07748,2024-09-28,C1096,Clothing,2,43.51,0.0,3,0,5.0
O07749,2024-09-28,C0863,Clothing,1,16.51,0.1,3,0,4.0
O07750,2024-09-28,C1499,Electronics,1,139.41,0.15,3,0,5.0
O07751,2024-09-28,C1841,Books,3,9.47,0.3,5,0,5.0
O07752,2024-09-28,C0789,Beauty,1,29.13,0.2,3,0,5.0
O07753,2024-09-28,C1415,Clothing,4,47.49,0.15,4,1,5.0
O07754,2024-09-28,C1485,Toys,3,59.64,0.1,4,0,4.0
O07755,2024-09-28,C1028,Beauty,1,13.5,0.0,1,0,4.0
O07756,2024-09-28,C0835,Sports & outdoors,2,80.98,0.05,2,1,3.0
O07757,2024-09-28,C0079,Sports & outdoors,1,63.15,0.2,4,0,4.0
O07758,2024-09-28,C0790,Clothing,4,32.95,0.0,4,0,3.0
O07759,2024-09-28,C1454,Clothing,4,24.77,0.1,7,0,4.0
O07760,2024-09-28,C0632,Toys,1,16.65,0.1,4,0,3.0
O07761,2024-09-28,C1208,Toys,1,37.95,0.15,9,0,4.0
O07762,2024-09-28,C0260,Toys,4,16.94,0.05,3,0,5.0
O07763,2024-09-28,C0744,Home & kitchen,2,108.59,0.05,1,0,5.0
O07764,2024-09-28,C1608,Toys,1,36.73,0.1,10,0,4.0
O07765,2024-09-28,C1477,Home & kitchen,1,71.63,0.0,4,0,3.0
O07766,2024-09-28,C0049,Books,2,16.57,0.15,1,0,5.0
O07767,2024-09-29,C0098,Home & kitchen,4,20.0,0.0,1,0,5.0
O07768,2024-09-29,C0213,Home & kitchen,1,46.9,0.0,2,0,4.0
O07769,2024-09-29,C0196,Books,4,13.68,0.1,2,0,5.0
O07770,2024-09-29,C1103,Home & kitchen,1,10.53,0.0,3,0,4.0
O07771,2024-09-29,C0275,Books,1,24.1,0.0,9,1,3.0
O07772,2024-09-29,C0639,Toys,2,27.72,0.0,2,0,5.0
O07773,2024-09-29,C0951,Sports & outdoors,3,26.96,0.0,2,0,5.0
O07774,2024-09-29,C0697,Clothing,2,49.36,0.0,3,0,3.0
O07775,2024-09-29,C0187,Electronics,2,274.77,0.2,2,0,5.0
O07776,2024-09-29,C0002,Books,4,16.98,0.0,6,0,3.0
O07777,2024-09-29,C1870,Toys,1,15.58,0.05,4,0,5.0
O07778,2024-09-29,C0545,Beauty,3,27.01,0.0,8,0,4.0
O07779,2024-09-29,C0993,Clothing,2,61.45,0.0,3,0,4.0
O07780,2024-09-29,C0376,Sports & outdoors,3,29.31,0.15,5,0,4.0
O07781,2024-09-29,C1401,Clothing,2,32.06,0.3,3,0,4.0
O07782,2024-09-29,C1553,Home & kitchen,1,23.95,0.05,5,0,4.0
O07783,2024-09-29,C0587,Books,1,22.92,0.0,1,0,4.0
O07784,2024-09-29,C1073,Electronics,1,240.01,0.0,5,0,4.0
O07785,2024-09-29,C0842,Electronics,1,55.25,0.1,1,0,5.0
O07786,2024-09-29,C1827,Electronics,1,56.31,0.3,1,0,4.0
O07787,2024-09-29,C1768,Toys,1,12.68,0.15,2,0,4.0
O07788,2024-09-29,C0320,Beauty,1,28.47,0.0,6,0,4.0
O07789,2024-09-29,C1750,Toys,2,12.05,0.1,5,0,5.0
O07790,2024-09-29,C1229,Home & kitchen,1,36.16,0.15,6,0,4.0
O07791,2024-09-29,C1648,Toys,4,33.55,0.1,1,0,5.0
O07792,2024-09-29,C0005,Clothing,2,75.3,0.0,4,0,5.0
O07793,2024-09-29,C1176,Home & kitchen,4,13.52,0.05,3,0,5.0
O07794,2024-09-29,C0901,Clothing,1,82.43,0.15,1,0,5.0
O07795,2024-09-29,C1965,Sports & outdoors,2,72.71,0.0,3,1,3.0
O07796,2024-09-29,C0689,Toys,1,36.18,0.2,1,0,4.0
O07797,2024-09-29,C1010,Electronics,3,53.81,0.05,6,0,5.0
O07798,2024-09-30,C0681,Electronics,1,113.52,0.0,14,0,3.0
O07799,2024-09-30,C0824,Clothing,2,18.39,0.05,5,0,4.0
O07800,2024-09-30,C0425,Home & kitchen,2,52.75,0.05,6,1,3.0
O07801,2024-09-30,C0520,Electronics,1,36.63,0.0,1,0,5.0
O07802,2024-09-30,C1355,Clothing,2,24.76,0.3,2,0,5.0
O07803,2024-09-30,C0915,Clothing,1,32.86,0.15,4,0,5.0
O07804,2024-09-30,C1847,Books,3,11.33,0.2,5,0,4.0
O07805,2024-09-30,C1033,Home & kitchen,2,49.21,0.0,3,0,5.0
O07806,2024-09-30,C1198,Beauty,2,18.89,0.3,1,0,5.0
O07807,2024-09-30,C0264,Clothing,2,23.41,0.0,2,0,4.0
O07808,2024-09-30,C0238,Clothing,1,37.5,0.0,4,0,4.0
O07809,2024-09-30,C1984,Electronics,3,188.58,0.05,1,0,4.0
O07810,2024-09-30,C1258,Books,2,20.28,0.2,3,1,2.0
O07811,2024-09-30,C0540,Electronics,2,39.0,0.15,1,0,5.0
O07812,2024-09-30,C1806,Home & kitchen,1,77.35,0.3,10,0,3.0
O07813,2024-09-30,C1371,Electronics,1,171.08,0.0,2,0,4.0
O07814,2024-09-30,C1950,Electronics,2,192.45,0.0,2,1,3.0
O07815,2024-09-30,C1909,Clothing,1,73.36,0.3,3,0,4.0
O07816,2024-09-30,C1651,Clothing,1,26.71,0.0,8,0,3.0
O07817,2024-09-30,C0027,Electronics,1,233.39,0.0,10,0,4.0
O07818,2024-09-30,C0283,Beauty,4,20.66,0.0,5,0,4.0
O07819,2024-10-01,C0243,Home & kitchen,2,72.05,0.1,2,0,4.0
O07820,2024-10-01,C0550,Clothing,1,28.08,0.05,3,0,4.0
O07821,2024-10-01,C0835,Sports & outdoors,2,33.52,0.0,1,0,5.0
O07822,2024-10-01,C1565,Electronics,1,703.82,0.0,1,0,4.0
O07823,2024-10-01,C1770,Home & kitchen,2,32.53,0.2,7,0,5.0
O07824,2024-10-01,C1139,Clothing,4,17.2,0.0,7,0,2.0
O07825,2024-10-01,C0381,Home & kitchen,1,33.84,0.15,2,0,4.0
O07826,2024-10-01,C1523,Beauty,1,19.93,0.05,7,0,5.0
O07827,2024-10-01,C1428,Electronics,1,348.04,0.3,2,1,2.0
O07828,2024-10-01,C0229,Books,2,9.64,0.0,2,0,5.0
O07829,2024-10-01,C0648,Beauty,2,29.04,0.1,1,0,5.0
O07830,2024-10-01,C1218,Home & kitchen,4,22.35,0.3,2,0,4.0
O07831,2024-10-01,C0455,Beauty,1,7.07,0.3,1,0,5.0
O07832,2024-10-01,C1013,Home & kitchen,2,65.49,0.15,1,0,4.0
O07833,2024-10-01,C0222,Sports & outdoors,3,214.67,0.2,5,0,4.0
O07834,2024-10-01,C1587,Beauty,2,13.66,0.0,4,0,4.0
O07835,2024-10-01,C1893,Home & kitchen,4,87.58,0.0,6,1,2.0
O07836,2024-10-01,C0262,Beauty,1,41.68,0.3,3,0,5.0
O07837,2024-10-01,C1661,Electronics,4,585.02,0.0,1,0,5.0
O07838,2024-10-01,C0860,Home & kitchen,2,78.67,0.1,3,0,4.0
O07839,2024-10-01,C1297,Beauty,4,37.39,0.0,5,0,4.0
O07840,2024-10-01,C1524,Electronics,2,253.6,0.0,3,1,2.0
O07841,2024-10-01,C1977,Clothing,3,51.47,0.1,2,0,4.0
O07842,2024-10-01,C1838,Books,3,16.07,0.15,6,1,3.0
O07843,2024-10-01,C0953,Sports & outdoors,2,106.02,0.0,2,0,5.0
O07844,2024-10-01,C0333,Toys,1,19.8,0.3,2,0,5.0
O07845,2024-10-01,C0651,Electronics,1,85.86,0.1,5,0,4.0
O07846,2024-10-02,C0159,Books,1,9.15,0.0,8,0,4.0
O07847,2024-10-02,C0062,Sports & outdoors,3,62.49,0.3,3,0,5.0
O07848,2024-10-02,C1991,Sports & outdoors,2,83.44,0.15,2,0,4.0
O07849,2024-10-02,C1098,Clothing,4,23.52,0.3,2,0,5.0
O07850,2024-10-02,C1182,Beauty,1,22.62,0.2,2,0,5.0
O07851,2024-10-02,C1478,Home & kitchen,2,40.85,0.0,4,0,4.0
O07852,2024-10-02,C0294,Electronics,1,287.08,0.0,2,0,4.0
O07853,2024-10-02,C0953,Electronics,2,83.87,0.05,7,0,3.0
O07854,2024-10-02,C1514,Books,1,20.09,0.0,2,0,4.0
O07855,2024-10-02,C0380,Home & kitchen,1,72.55,0.2,3,0,5.0
O07856,2024-10-02,C0318,Home & kitchen,3,57.89,0.1,2,0,4.0
O07857,2024-10-02,C1595,Beauty,1,13.36,0.2,5,0,4.0
O07858,2024-10-02,C0691,Beauty,2,31.94,0.3,9,0,3.0
O07859,2024-10-02,C0742,Clothing,1,39.1,0.2,5,0,4.0
O07860,2024-10-02,C0985,Home & kitchen,4,35.15,0.3,2,0,4.0
O07861,2024-10-02,C0815,Sports & outdoors,1,53.13,0.0,3,0,5.0
O07862,2024-10-02,C1171,Sports & outdoors,4,24.28,0.3,3,0,4.0
O07863,2024-10-02,C1288,Beauty,1,20.79,0.05,3,0,5.0
O07864,2024-10-02,C0154,Toys,2,36.71,0.2,3,0,5.0
O07865,2024-10-02,C1151,Clothing,3,25.97,0.1,1,0,4.0
O07866,2024-10-02,C1845,Electronics,2,122.87,0.0,1,0,5.0
O07867,2024-10-02,C1740,Electronics,1,44.05,0.0,3,0,5.0
O07868,2024-10-02,C1581,Electronics,3,403.92,0.2,5,0,4.0
O07869,2024-10-02,C0746,Electronics,4,155.14,0.3,3,0,5.0
O07870,2024-10-02,C0098,Clothing,1,25.27,0.0,9,0,4.0
O07871,2024-10-02,C1388,Sports & outdoors,1,26.61,0.3,3,0,5.0
O07872,2024-10-02,C0649,Electronics,3,323.97,0.1,1,0,4.0
O07873,2024-10-02,C1870,Books,1,17.66,0.3,4,0,4.0
O07874,2024-10-02,C0886,Beauty,2,8.27,0.05,6,1,
O07875,2024-10-02,C1999,Electronics,1,168.32,0.0,6,0,4.0
O07876,2024-10-02,C1636,Books,2,11.08,0.3,1,0,4.0
O07877,2024-10-02,C1277,Toys,4,27.63,0.15,2,0,4.0
O07878,2024-10-02,C1066,Electronics,1,84.98,0.3,3,0,5.0
O07879,2024-10-03,C0787,Electronics,1,510.32,0.0,5,0,5.0
O07880,2024-10-03,C0547,Clothing,1,41.34,0.05,6,0,5.0
O07881,2024-10-03,C1388,Electronics,1,126.7,0.2,3,1,4.0
O07882,2024-10-03,C1380,Sports & outdoors,2,43.24,0.0,1,0,5.0
O07883,2024-10-03,C0591,Home & kitchen,4,51.23,0.0,1,1,5.0
O07884,2024-10-03,C1721,Clothing,3,41.93,0.1,1,0,5.0
O07885,2024-10-03,C1483,Clothing,1,33.91,0.0,2,0,5.0
O07886,2024-10-03,C0548,Sports & outdoors,1,131.05,0.2,1,0,5.0
O07887,2024-10-03,C0874,Home & kitchen,2,55.82,0.3,1,0,5.0
O07888,2024-10-03,C1396,Beauty,1,17.48,0.0,1,0,5.0
O07889,2024-10-03,C0924,Clothing,4,62.39,0.3,5,0,5.0
O07890,2024-10-03,C0417,Home & kitchen,2,56.68,0.2,4,0,4.0
O07891,2024-10-03,C1320,Books,1,12.75,0.15,4,0,5.0
O07892,2024-10-03,C1029,Clothing,4,27.17,0.05,2,0,5.0
O07893,2024-10-03,C0664,Beauty,2,13.79,0.15,7,1,3.0
O07894,2024-10-03,C0789,Clothing,1,34.2,0.1,2,0,
O07895,2024-10-03,C0968,Home & kitchen,3,21.81,0.0,5,0,4.0
O07896,2024-10-03,C0354,Home & kitchen,4,54.63,0.0,4,0,5.0
O07897,2024-10-03,C1573,Home & kitchen,4,38.99,0.0,8,0,4.0
O07898,2024-10-03,C1292,Home & kitchen,1,81.59,0.15,3,1,3.0
O07899,2024-10-03,C0072,Beauty,2,15.98,0.15,4,0,5.0
O07900,2024-10-03,C1848,Home & kitchen,2,74.21,0.2,3,0,
O07901,2024-10-03,C0240,Toys,1,21.65,0.3,2,0,5.0
O07902,2024-10-03,C1477,Clothing,2,35.73,0.2,3,1,
O07903,2024-10-03,C1342,Electronics,2,352.21,0.0,16,1,1.0
O07904,2024-10-03,C0877,Clothing,1,17.56,0.0,4,0,
O07905,2024-10-04,C0379,Home & kitchen,2,101.65,0.0,3,0,4.0
O07906,2024-10-04,C0405,Home & kitchen,1,27.34,0.1,1,0,4.0
O07907,2024-10-04,C1619,Sports & outdoors,2,25.68,0.3,2,0,4.0
O07908,2024-10-04,C0815,Electronics,1,101.83,0.0,1,0,5.0
O07909,2024-10-04,C1844,Electronics,2,63.12,0.0,3,0,
O07910,2024-10-04,C0184,Books,1,16.61,0.0,2,0,4.0
O07911,2024-10-04,C0437,Sports & outdoors,2,25.88,0.15,5,0,4.0
O07912,2024-10-04,C1402,Sports & outdoors,3,76.45,0.2,5,0,3.0
O07913,2024-10-04,C1355,Electronics,3,84.99,0.0,4,0,4.0
O07914,2024-10-04,C1755,Books,3,9.17,0.15,3,0,5.0
O07915,2024-10-04,C1274,Clothing,2,39.21,0.05,7,1,4.0
O07916,2024-10-04,C1169,Beauty,4,37.41,0.0,4,1,3.0
O07917,2024-10-04,C1137,Beauty,1,24.2,0.15,4,0,5.0
O07918,2024-10-04,C0620,Toys,1,15.89,0.05,2,0,4.0
O07919,2024-10-04,C0724,Home & kitchen,2,35.86,0.15,1,0,5.0
O07920,2024-10-04,C1375,Beauty,2,22.47,0.05,1,0,5.0
O07921,2024-10-04,C1136,Books,4,12.68,0.3,6,0,4.0
O07922,2024-10-04,C0497,Home & kitchen,3,34.99,0.2,2,0,
O07923,2024-10-04,C1351,Home & kitchen,1,29.59,0.0,2,0,5.0
O07924,2024-10-04,C0730,Home & kitchen,1,196.3,0.15,4,1,3.0
O07925,2024-10-04,C0665,Beauty,1,26.58,0.0,4,0,5.0
O07926,2024-10-04,C1654,Sports & outdoors,2,34.05,0.1,1,0,4.0
O07927,2024-10-05,C0963,Clothing,1,17.77,0.0,2,1,3.0
O07928,2024-10-05,C1623,Sports & outdoors,1,22.21,0.0,4,0,5.0
O07929,2024-10-05,C1876,Clothing,1,26.1,0.05,7,1,1.0
O07930,2024-10-05,C1687,Beauty,4,37.55,0.05,2,0,4.0
O07931,2024-10-05,C0892,Home & kitchen,1,22.72,0.2,1,0,4.0
O07932,2024-10-05,C0333,Electronics,1,120.88,0.0,2,1,3.0
O07933,2024-10-05,C0354,Home & kitchen,3,56.28,0.1,3,0,4.0
O07934,2024-10-05,C1707,Books,2,6.66,0.0,1,0,5.0
O07935,2024-10-05,C1030,Clothing,1,30.1,0.05,7,0,3.0
O07936,2024-10-05,C1090,Electronics,1,263.23,0.15,1,0,5.0
O07937,2024-10-05,C1788,Sports & outdoors,4,218.71,0.15,1,0,4.0
O07938,2024-10-05,C1731,Beauty,2,24.33,0.1,4,0,5.0
O07939,2024-10-05,C0552,Sports & outdoors,1,64.0,0.05,2,0,4.0
O07940,2024-10-05,C0664,Home & kitchen,3,39.64,0.0,3,0,3.0
O07941,2024-10-05,C1587,Books,1,11.9,0.0,2,0,4.0
O07942,2024-10-05,C1156,Electronics,2,85.49,0.0,9,0,4.0
O07943,2024-10-05,C0853,Clothing,3,40.29,0.2,1,0,5.0
O07944,2024-10-05,C1048,Sports & outdoors,2,43.53,0.2,2,0,4.0
O07945,2024-10-05,C0024,Beauty,2,31.52,0.0,7,0,4.0
O07946,2024-10-05,C0743,Books,2,9.06,0.0,5,0,4.0
O07947,2024-10-05,C0609,Home & kitchen,1,78.69,0.05,3,0,5.0
O07948,2024-10-05,C1420,Beauty,2,29.22,0.1,5,0,4.0
O07949,2024-10-05,C0496,Home & kitchen,1,122.47,0.1,1,0,4.0
O07950,2024-10-06,C0049,Clothing,2,49.81,0.3,8,0,3.0
O07951,2024-10-06,C1815,Toys,1,70.26,0.2,10,0,
O07952,2024-10-06,C1019,Electronics,1,216.06,0.0,11,0,4.0
O07953,2024-10-06,C0151,Books,2,11.96,0.1,2,0,5.0
O07954,2024-10-06,C0172,Sports & outdoors,1,54.83,0.1,5,0,5.0
O07955,2024-10-06,C1294,Electronics,1,91.2,0.0,3,0,4.0
O07956,2024-10-06,C1037,Books,1,13.24,0.0,3,0,4.0
O07957,2024-10-06,C0267,Electronics,1,440.25,0.15,2,0,5.0
O07958,2024-10-06,C1578,Home & kitchen,1,66.7,0.0,3,0,4.0
O07959,2024-10-06,C0815,Toys,2,22.12,0.2,6,0,4.0
O07960,2024-10-06,C1834,Clothing,1,33.76,0.05,4,0,3.0
O07961,2024-10-06,C1874,Toys,2,29.86,0.3,9,0,4.0
O07962,2024-10-06,C1899,Home & kitchen,1,23.54,0.15,4,0,5.0
O07963,2024-10-06,C0017,Beauty,1,17.75,0.0,2,0,5.0
O07964,2024-10-06,C1169,Home & kitchen,2,41.07,0.0,1,0,5.0
O07965,2024-10-06,C1524,Clothing,1,79.24,0.15,3,0,5.0
O07966,2024-10-06,C1576,Clothing,1,21.27,0.0,6,0,4.0
O07967,2024-10-06,C1479,Sports & outdoors,1,24.97,0.0,1,0,5.0
O07968,2024-10-06,C0941,Electronics,2,82.37,0.0,3,0,5.0
O07969,2024-10-06,C0253,Beauty,3,39.25,0.15,2,0,4.0
O07970,2024-10-06,C0706,Toys,2,31.68,0.2,2,0,5.0
O07971,2024-10-06,C1683,Beauty,1,15.88,0.3,4,1,4.0
O07972,2024-10-06,C0946,Sports & outdoors,4,62.4,0.15,4,0,4.0
O07973,2024-10-06,C1439,Clothing,4,112.87,0.0,4,0,5.0
O07974,2024-10-07,C1264,Sports & outdoors,3,116.42,0.1,3,0,5.0
O07975,2024-10-07,C0687,Clothing,1,50.07,0.2,7,0,3.0
O07976,2024-10-07,C1622,Clothing,3,42.64,0.1,7,0,4.0
O07977,2024-10-07,C0162,Electronics,1,186.74,0.3,1,0,4.0
O07978,2024-10-07,C0698,Clothing,2,20.56,0.05,3,0,5.0
O07979,2024-10-07,C0986,Beauty,4,43.22,0.0,3,0,4.0
O07980,2024-10-07,C0118,Clothing,1,16.79,0.0,5,0,5.0
O07981,2024-10-07,C0864,Electronics,2,85.2,0.3,7,0,4.0
O07982,2024-10-07,C1954,Clothing,2,51.86,0.05,5,0,5.0
O07983,2024-10-07,C0404,Sports & outdoors,1,39.24,0.0,4,0,5.0
O07984,2024-10-07,C0972,Electronics,1,40.55,0.15,2,0,5.0
O07985,2024-10-07,C0438,Sports & outdoors,1,70.96,0.0,2,0,5.0
O07986,2024-10-07,C1509,Clothing,1,60.99,0.05,1,0,4.0
O07987,2024-10-07,C1430,Electronics,3,208.7,0.0,5,0,3.0
O07988,2024-10-07,C0461,Home & kitchen,2,19.19,0.15,7,0,4.0
O07989,2024-10-07,C1977,Clothing,2,27.83,0.3,6,0,
O07990,2024-10-07,C0056,Beauty,1,30.52,0.2,3,0,5.0
O07991,2024-10-07,C1888,Home & kitchen,2,27.72,0.3,2,0,5.0
O07992,2024-10-07,C1690,Books,2,21.32,0.15,11,1,3.0
O07993,2024-10-07,C0291,Home & kitchen,4,108.44,0.0,2,0,5.0
O07994,2024-10-07,C1506,Sports & outdoors,2,61.33,0.0,5,0,4.0
O07995,2024-10-07,C0773,Electronics,1,229.4,0.05,6,0,4.0
O07996,2024-10-07,C0587,Home & kitchen,1,33.27,0.2,4,0,5.0
O07997,2024-10-07,C1391,Electronics,1,771.38,0.15,2,0,5.0
O07998,2024-10-07,C1147,Home & kitchen,1,27.61,0.0,7,0,4.0
O07999,2024-10-07,C0843,Electronics,2,178.3,0.3,2,0,5.0
O08000,2024-10-07,C1096,Home & kitchen,1,24.9,0.3,7,0,4.0
O08001,2024-10-07,C0207,Clothing,1,25.02,0.0,6,0,4.0
O08002,2024-10-07,C0029,Clothing,1,31.77,0.2,4,0,5.0
O08003,2024-10-07,C1154,Toys,1,9.32,0.15,4,0,4.0
O08004,2024-10-07,C1466,Electronics,2,90.34,0.2,5,0,5.0
O08005,2024-10-07,C1937,Sports & outdoors,2,46.61,0.1,2,0,
O08006,2024-10-08,C1940,Home & kitchen,4,63.02,0.0,4,0,4.0
O08007,2024-10-08,C0321,Beauty,1,12.15,0.1,2,0,5.0
O08008,2024-10-08,C1868,Toys,2,66.75,0.0,2,0,5.0
O08009,2024-10-08,C1822,Sports & outdoors,3,99.87,0.1,2,0,4.0
O08010,2024-10-08,C0809,Clothing,2,22.45,0.0,3,0,5.0
O08011,2024-10-08,C0807,Clothing,3,26.51,0.0,12,0,2.0
O08012,2024-10-08,C0015,Electronics,3,558.08,0.15,2,0,5.0
O08013,2024-10-08,C1465,Electronics,4,639.4,0.0,3,0,5.0
O08014,2024-10-08,C0097,Home & kitchen,2,30.46,0.0,1,0,5.0
O08015,2024-10-08,C0732,Electronics,1,405.09,0.0,2,0,4.0
O08016,2024-10-08,C0463,Beauty,2,17.29,0.3,3,0,3.0
O08017,2024-10-08,C1206,Toys,3,19.76,0.2,4,0,3.0
O08018,2024-10-08,C1487,Home & kitchen,2,44.05,0.0,2,0,
O08019,2024-10-08,C0189,Beauty,2,49.28,0.0,1,1,3.0
O08020,2024-10-08,C0049,Books,4,16.35,0.05,5,0,4.0
O08021,2024-10-08,C1620,Books,1,20.1,0.0,6,0,3.0
O08022,2024-10-08,C0217,Books,2,12.26,0.0,3,0,4.0
O08023,2024-10-08,C1343,Clothing,1,63.81,0.0,1,0,5.0
O08024,2024-10-08,C1374,Books,1,13.77,0.15,10,0,2.0
O08025,2024-10-08,C1795,Books,3,12.43,0.0,2,0,4.0
O08026,2024-10-08,C1925,Clothing,1,64.59,0.15,1,0,5.0
O08027,2024-10-08,C1037,Clothing,3,28.06,0.0,1,0,5.0
O08028,2024-10-08,C0986,Electronics,1,131.15,0.0,8,0,4.0
O08029,2024-10-08,C0805,Electronics,2,267.34,0.0,2,0,4.0
O08030,2024-10-08,C0754,Sports & outdoors,2,80.84,0.0,3,0,5.0
O08031,2024-10-09,C0112,Home & kitchen,1,198.57,0.2,2,0,5.0
O08032,2024-10-09,C1191,Clothing,3,66.34,0.0,1,0,5.0
O08033,2024-10-09,C1799,Sports & outdoors,1,58.04,0.1,5,0,5.0
O08034,2024-10-09,C1498,Clothing,1,44.62,0.2,5,0,5.0
O08035,2024-10-09,C0103,Beauty,1,17.28,0.0,2,0,5.0
O08036,2024-10-09,C0127,Sports & outdoors,3,86.01,0.05,7,0,5.0
O08037,2024-10-09,C1755,Sports & outdoors,4,40.99,0.0,4,0,4.0
O08038,2024-10-09,C1986,Toys,1,21.12,0.05,3,0,5.0
O08039,2024-10-09,C1515,Beauty,1,22.74,0.0,2,0,5.0
O08040,2024-10-09,C0830,Sports & outdoors,4,65.69,0.0,5,0,4.0
O08041,2024-10-09,C1172,Toys,4,28.07,0.15,1,0,4.0
O08042,2024-10-09,C0559,Home & kitchen,1,30.55,0.0,1,0,5.0
O08043,2024-10-09,C1252,Sports & outdoors,2,89.42,0.3,1,0,5.0
O08044,2024-10-09,C1449,Books,1,11.89,0.05,1,0,5.0
O08045,2024-10-09,C1101,Home & kitchen,1,73.95,0.0,1,0,5.0
O08046,2024-10-09,C1128,Books,1,15.14,0.3,1,0,5.0
O08047,2024-10-09,C1541,Electronics,2,23.0,0.3,5,0,5.0
O08048,2024-10-09,C0878,Toys,1,41.45,0.0,1,0,5.0
O08049,2024-10-09,C1933,Home & kitchen,1,32.31,0.0,1,0,5.0
O08050,2024-10-09,C1713,Toys,2,24.32,0.0,5,1,3.0
O08051,2024-10-09,C1048,Clothing,1,31.61,0.3,11,0,4.0
O08052,2024-10-09,C0951,Toys,1,48.0,0.0,1,0,4.0
O08053,2024-10-09,C0798,Beauty,1,23.54,0.1,7,0,4.0
O08054,2024-10-09,C1877,Books,1,20.9,0.3,1,0,5.0
O08055,2024-10-09,C1002,Clothing,3,19.19,0.0,3,0,5.0
O08056,2024-10-09,C1901,Clothing,2,26.75,0.15,1,0,4.0
O08057,2024-10-09,C1156,Toys,3,37.54,0.05,3,0,5.0
O08058,2024-10-09,C1992,Clothing,3,42.09,0.0,7,0,4.0
O08059,2024-10-09,C0477,Clothing,1,23.51,0.0,2,0,4.0
O08060,2024-10-09,C1785,Clothing,1,52.66,0.2,2,0,3.0
O08061,2024-10-10,C0623,Home & kitchen,1,47.67,0.3,4,1,4.0
O08062,2024-10-10,C0638,Books,4,11.23,0.0,2,0,4.0
O08063,2024-10-10,C0962,Clothing,2,46.54,0.15,2,0,5.0
O08064,2024-10-10,C0768,Clothing,2,40.59,0.05,3,0,4.0
O08065,2024-10-10,C0256,Clothing,2,21.33,0.1,7,0,3.0
O08066,2024-10-10,C1038,Electronics,3,190.08,0.15,7,0,3.0
O08067,2024-10-10,C0169,Clothing,1,28.71,0.3,4,0,5.0
O08068,2024-10-10,C0567,Electronics,1,408.01,0.3,4,1,3.0
O08069,2024-10-10,C0290,Books,1,9.36,0.15,1,0,5.0
O08070,2024-10-10,C1128,Books,2,10.32,0.2,3,0,5.0
O08071,2024-10-10,C0621,Toys,1,21.48,0.3,1,1,5.0
O08072,2024-10-10,C0835,Electronics,1,318.0,0.05,3,0,5.0
O08073,2024-10-10,C1032,Home & kitchen,4,139.87,0.0,1,0,5.0
O08074,2024-10-10,C0435,Beauty,1,26.92,0.0,3,0,5.0
O08075,2024-10-10,C1305,Toys,1,11.77,0.2,6,0,4.0
O08076,2024-10-10,C0665,Books,2,10.71,0.05,2,0,5.0
O08077,2024-10-10,C0823,Toys,1,10.54,0.0,2,0,5.0
O08078,2024-10-10,C0458,Electronics,4,322.3,0.15,1,0,4.0
O08079,2024-10-10,C1849,Beauty,3,39.69,0.0,2,0,5.0
O08080,2024-10-10,C0007,Clothing,1,42.75,0.1,1,0,5.0
O08081,2024-10-10,C0225,Toys,4,33.04,0.1,4,0,5.0
O08082,2024-10-10,C1085,Sports & outdoors,1,48.71,0.05,6,0,5.0
O08083,2024-10-10,C0386,Toys,3,49.57,0.1,1,0,4.0
O08084,2024-10-10,C1536,Books,4,18.93,0.0,5,0,4.0
O08085,2024-10-11,C0441,Home & kitchen,2,93.31,0.1,1,0,4.0
O08086,2024-10-11,C1655,Beauty,1,15.65,0.2,2,0,4.0
O08087,2024-10-11,C1239,Beauty,4,22.56,0.1,3,0,4.0
O08088,2024-10-11,C1957,Books,3,16.19,0.05,3,0,4.0
O08089,2024-10-11,C1910,Electronics,3,269.28,0.0,7,0,5.0
O08090,2024-10-11,C0508,Sports & outdoors,2,21.35,0.2,3,0,5.0
O08091,2024-10-11,C0798,Electronics,3,170.8,0.0,1,0,4.0
O08092,2024-10-11,C1534,Clothing,1,82.75,0.0,5,0,4.0
O08093,2024-10-11,C1655,Clothing,2,47.84,0.05,3,1,3.0
O08094,2024-10-11,C1736,Electronics,1,593.85,0.15,7,0,5.0
O08095,2024-10-11,C1004,Books,4,10.54,0.0,4,0,4.0
O08096,2024-10-11,C1133,Electronics,4,66.8,0.15,3,0,5.0
O08097,2024-10-11,C0927,Clothing,2,27.33,0.0,3,0,4.0
O08098,2024-10-11,C0483,Home & kitchen,3,58.94,0.15,1,0,5.0
O08099,2024-10-11,C0095,Home & kitchen,4,29.85,0.3,6,1,2.0
O08100,2024-10-11,C0018,Electronics,2,170.82,0.0,1,0,4.0
O08101,2024-10-11,C1368,Beauty,1,19.75,0.15,2,1,3.0
O08102,2024-10-11,C0588,Toys,4,12.32,0.0,2,0,5.0
O08103,2024-10-11,C0177,Beauty,2,16.64,0.0,5,0,4.0
O08104,2024-10-11,C0584,Electronics,1,133.42,0.3,4,0,5.0
O08105,2024-10-11,C1291,Electronics,3,162.55,0.05,5,0,5.0
O08106,2024-10-11,C1405,Books,1,12.19,0.2,9,0,3.0
O08107,2024-10-11,C0977,Electronics,4,89.21,0.0,4,0,3.0
O08108,2024-10-11,C0647,Electronics,1,204.79,0.3,5,0,5.0
O08109,2024-10-11,C0455,Beauty,2,27.53,0.15,1,0,5.0
O08110,2024-10-11,C0280,Books,1,21.54,0.05,3,0,4.0
O08111,2024-10-11,C0629,Books,4,14.54,0.05,3,0,4.0
O08112,2024-10-11,C0513,Electronics,4,204.29,0.1,3,0,5.0
O08113,2024-10-11,C1156,Beauty,4,34.11,0.0,3,0,5.0
O08114,2024-10-12,C0690,Books,1,18.89,0.0,4,0,5.0
O08115,2024-10-12,C1894,Sports & outdoors,3,42.16,0.05,5,0,4.0
O08116,2024-10-12,C0182,Clothing,2,33.15,0.0,2,0,5.0
O08117,2024-10-12,C1432,Clothing,1,34.64,0.3,8,1,3.0
O08118,2024-10-12,C0494,Clothing,4,44.44,0.15,12,0,4.0
O08119,2024-10-12,C0885,Beauty,2,26.11,0.0,1,0,5.0
O08120,2024-10-12,C1387,Electronics,2,168.41,0.1,4,0,4.0
O08121,2024-10-12,C1003,Clothing,1,20.21,0.0,1,0,5.0
O08122,2024-10-12,C0009,Electronics,3,126.86,0.2,1,0,5.0
O08123,2024-10-12,C0385,Toys,1,27.12,0.0,1,0,5.0
O08124,2024-10-12,C0300,Toys,1,27.76,0.1,5,0,5.0
O08125,2024-10-12,C0550,Home & kitchen,1,25.73,0.2,2,0,4.0
O08126,2024-10-12,C1954,Beauty,1,22.04,0.0,2,0,4.0
O08127,2024-10-12,C0324,Sports & outdoors,1,43.8,0.0,3,0,4.0
O08128,2024-10-12,C0069,Books,1,12.15,0.0,1,0,5.0
O08129,2024-10-12,C1697,Toys,3,17.49,0.0,2,0,5.0
O08130,2024-10-12,C0803,Toys,1,18.05,0.3,2,0,5.0
O08131,2024-10-12,C0108,Sports & outdoors,1,91.75,0.2,3,0,4.0
O08132,2024-10-12,C0165,Home & kitchen,3,39.64,0.0,2,0,5.0
O08133,2024-10-12,C1148,Electronics,2,135.59,0.2,7,0,4.0
O08134,2024-10-13,C1759,Electronics,1,167.47,0.15,2,0,3.0
O08135,2024-10-13,C0403,Sports & outdoors,3,113.95,0.15,5,0,5.0
O08136,2024-10-13,C0518,Electronics,1,382.93,0.2,3,0,3.0
O08137,2024-10-13,C0152,Beauty,3,7.84,0.0,1,0,5.0
O08138,2024-10-13,C0286,Clothing,3,32.05,0.05,1,0,5.0
O08139,2024-10-13,C1901,Books,1,9.66,0.1,5,0,4.0
O08140,2024-10-13,C0920,Home & kitchen,2,78.04,0.2,5,0,3.0
O08141,2024-10-13,C0210,Beauty,1,18.33,0.3,3,0,5.0
O08142,2024-10-13,C0092,Sports & outdoors,1,60.84,0.2,6,0,4.0
O08143,2024-10-13,C1400,Electronics,1,406.73,0.2,6,0,4.0
O08144,2024-10-13,C1937,Electronics,1,117.12,0.1,2,0,5.0
O08145,2024-10-13,C1743,Home & kitchen,1,25.74,0.0,8,0,
O08146,2024-10-13,C0749,Sports & outdoors,2,47.1,0.05,2,0,5.0
O08147,2024-10-13,C0381,Sports & outdoors,2,27.76,0.15,1,0,4.0
O08148,2024-10-13,C0073,Beauty,1,13.24,0.3,2,1,3.0
O08149,2024-10-13,C1978,Clothing,1,15.08,0.1,2,1,3.0
O08150,2024-10-13,C0223,Home & kitchen,1,221.85,0.1,5,0,4.0
O08151,2024-10-13,C0265,Beauty,2,9.9,0.15,1,0,5.0
O08152,2024-10-13,C1744,Toys,1,13.26,0.1,4,0,4.0
O08153,2024-10-13,C0913,Sports & outdoors,1,89.98,0.0,8,0,3.0
O08154,2024-10-13,C1893,Electronics,1,245.02,0.2,8,0,5.0
O08155,2024-10-13,C1430,Books,1,20.61,0.15,3,0,5.0
O08156,2024-10-13,C1950,Toys,1,34.58,0.3,4,0,4.0
O08157,2024-10-13,C0886,Home & kitchen,1,36.44,0.0,1,0,5.0
O08158,2024-10-13,C0854,Home & kitchen,1,122.53,0.15,6,0,4.0
O08159,2024-10-13,C1384,Sports & outdoors,2,62.13,0.0,6,0,4.0
O08160,2024-10-13,C0676,Clothing,3,54.3,0.0,4,0,5.0
O08161,2024-10-13,C1829,Toys,3,19.15,0.05,5,0,5.0
O08162,2024-10-13,C0357,Home & kitchen,3,31.88,0.2,4,0,5.0
O08163,2024-10-13,C0518,Beauty,1,11.05,0.15,3,0,4.0
O08164,2024-10-13,C1125,Clothing,1,22.23,0.1,1,0,5.0
O08165,2024-10-13,C1267,Beauty,1,14.47,0.15,4,0,5.0
O08166,2024-10-13,C1749,Beauty,3,21.74,0.3,3,0,5.0
O08167,2024-10-13,C1774,Toys,4,21.48,0.0,1,0,5.0
O08168,2024-10-13,C0839,Electronics,1,406.19,0.15,3,0,4.0
O08169,2024-10-13,C1426,Clothing,3,46.3,0.0,3,0,4.0
O08170,2024-10-13,C1513,Beauty,1,21.05,0.0,2,0,5.0
O08171,2024-10-13,C1023,Beauty,1,31.97,0.2,6,0,4.0
O08172,2024-10-13,C0935,Toys,4,29.32,0.1,7,0,3.0
O08173,2024-10-13,C1351,Clothing,1,68.66,0.1,5,0,5.0
O08174,2024-10-13,C0666,Electronics,1,110.86,0.15,2,0,
O08175,2024-10-14,C1648,Home & kitchen,2,53.55,0.1,4,0,
O08176,2024-10-14,C0632,Beauty,1,20.99,0.3,1,1,3.0
O08177,2024-10-14,C0416,Beauty,2,18.02,0.2,3,0,4.0
O08178,2024-10-14,C1019,Clothing,1,94.93,0.0,1,0,5.0
O08179,2024-10-14,C1169,Clothing,1,34.57,0.2,9,0,4.0
O08180,2024-10-14,C1177,Electronics,2,78.92,0.0,15,0,3.0
O08181,2024-10-14,C1286,Clothing,2,49.03,0.15,5,0,4.0
O08182,2024-10-14,C0493,Toys,1,17.44,0.15,3,0,5.0
O08183,2024-10-14,C1950,Beauty,4,8.99,0.05,2,0,4.0
O08184,2024-10-14,C1192,Toys,1,6.51,0.15,3,0,5.0
O08185,2024-10-14,C1285,Clothing,2,32.16,0.3,1,0,4.0
O08186,2024-10-14,C1066,Books,1,22.17,0.1,1,0,5.0
O08187,2024-10-14,C0676,Home & kitchen,1,25.76,0.0,8,0,3.0
O08188,2024-10-14,C1239,Clothing,3,40.78,0.05,10,0,3.0
O08189,2024-10-14,C0750,Electronics,1,153.47,0.2,9,1,3.0
O08190,2024-10-14,C0496,Books,1,7.64,0.0,3,0,4.0
O08191,2024-10-14,C0730,Clothing,1,17.52,0.2,7,0,4.0
O08192,2024-10-14,C1841,Sports & outdoors,1,101.85,0.0,1,0,5.0
O08193,2024-10-14,C1454,Home & kitchen,1,43.59,0.0,7,0,4.0
O08194,2024-10-14,C1652,Sports & outdoors,2,42.82,0.0,1,0,5.0
O08195,2024-10-14,C1485,Sports & outdoors,4,42.8,0.2,1,0,4.0
O08196,2024-10-14,C0590,Sports & outdoors,2,28.88,0.0,1,0,5.0
O08197,2024-10-14,C1630,Sports & outdoors,2,76.85,0.0,3,0,5.0
O08198,2024-10-14,C1490,Electronics,1,503.58,0.1,3,0,5.0
O08199,2024-10-14,C1430,Clothing,3,46.34,0.15,4,0,4.0
O08200,2024-10-14,C1854,Beauty,4,25.72,0.05,1,0,4.0
O08201,2024-10-14,C1810,Electronics,2,386.77,0.0,1,0,4.0
O08202,2024-10-14,C0059,Home & kitchen,4,106.07,0.1,1,0,5.0
O08203,2024-10-14,C0393,Toys,1,21.94,0.0,6,0,4.0
O08204,2024-10-14,C1462,Books,1,18.33,0.3,1,0,5.0
O08205,2024-10-14,C0267,Books,1,17.43,0.0,4,0,3.0
O08206,2024-10-14,C0590,Toys,1,32.06,0.15,2,0,5.0
O08207,2024-10-14,C0935,Toys,4,17.37,0.0,1,0,4.0
O08208,2024-10-14,C0747,Electronics,2,230.37,0.05,1,0,5.0
O08209,2024-10-14,C0358,Clothing,3,23.13,0.05,2,0,5.0
O08210,2024-10-15,C1592,Books,1,9.93,0.1,4,0,3.0
O08211,2024-10-15,C0160,Toys,3,48.96,0.0,2,0,5.0
O08212,2024-10-15,C1725,Toys,1,62.85,0.3,2,0,5.0
O08213,2024-10-15,C0195,Sports & outdoors,1,21.5,0.0,4,0,5.0
O08214,2024-10-15,C0804,Sports & outdoors,4,71.42,0.0,1,0,5.0
O08215,2024-10-15,C1835,Beauty,1,15.16,0.1,1,0,5.0
O08216,2024-10-15,C0962,Books,1,14.74,0.15,5,0,5.0
O08217,2024-10-15,C1391,Electronics,4,149.66,0.0,2,0,5.0
O08218,2024-10-15,C1655,Books,1,16.93,0.0,4,0,4.0
O08219,2024-10-15,C1730,Toys,1,64.75,0.0,5,0,4.0
O08220,2024-10-15,C0137,Sports & outdoors,1,73.22,0.15,6,0,4.0
O08221,2024-10-15,C0307,Sports & outdoors,2,68.26,0.05,6,0,4.0
O08222,2024-10-15,C0936,Home & kitchen,2,64.6,0.1,2,0,5.0
O08223,2024-10-15,C0922,Clothing,1,27.49,0.3,4,0,4.0
O08224,2024-10-15,C1551,Books,1,12.17,0.05,5,0,4.0
O08225,2024-10-15,C1742,Home & kitchen,4,39.75,0.05,1,0,4.0
O08226,2024-10-15,C0230,Electronics,4,240.41,0.3,4,1,3.0
O08227,2024-10-15,C0721,Home & kitchen,1,61.15,0.0,4,0,3.0
O08228,2024-10-15,C0683,Home & kitchen,2,49.42,0.0,1,0,4.0
O08229,2024-10-15,C1535,Books,3,21.27,0.0,12,0,4.0
O08230,2024-10-15,C0839,Clothing,2,60.02,0.05,3,0,5.0
O08231,2024-10-15,C1680,Home & kitchen,1,39.39,0.05,3,0,5.0
O08232,2024-10-15,C1614,Clothing,1,49.61,0.0,1,0,5.0
O08233,2024-10-15,C1744,Toys,4,31.99,0.1,4,0,5.0
O08234,2024-10-15,C1656,Home & kitchen,2,107.35,0.05,7,0,4.0
O08235,2024-10-15,C1168,Toys,2,20.32,0.2,3,0,4.0
O08236,2024-10-15,C1117,Electronics,1,126.08,0.0,1,0,5.0
O08237,2024-10-15,C1245,Clothing,3,63.93,0.15,10,0,3.0
O08238,2024-10-15,C0042,Home & kitchen,2,91.34,0.0,7,0,3.0
O08239,2024-10-16,C0656,Toys,1,17.49,0.15,6,0,5.0
O08240,2024-10-16,C0907,Home & kitchen,1,72.05,0.0,4,0,4.0
O08241,2024-10-16,C1454,Books,3,21.49,0.15,2,0,4.0
O08242,2024-10-16,C0161,Electronics,3,259.68,0.05,7,1,2.0
O08243,2024-10-16,C1673,Clothing,4,24.61,0.0,5,0,4.0
O08244,2024-10-16,C0194,Clothing,2,54.4,0.2,2,0,5.0
O08245,2024-10-16,C1933,Sports & outdoors,2,36.76,0.15,2,1,2.0
O08246,2024-10-16,C0833,Electronics,1,561.41,0.15,2,0,5.0
O08247,2024-10-16,C0676,Books,2,17.37,0.2,4,0,4.0
O08248,2024-10-16,C0371,Home & kitchen,3,23.71,0.15,1,0,4.0
O08249,2024-10-16,C1516,Clothing,1,28.18,0.0,7,1,2.0
O08250,2024-10-16,C0672,Clothing,1,42.13,0.05,3,0,5.0
O08251,2024-10-16,C0014,Home & kitchen,2,89.94,0.1,6,0,5.0
O08252,2024-10-16,C1344,Home & kitchen,3,123.44,0.1,1,0,5.0
O08253,2024-10-16,C1545,Beauty,4,28.29,0.0,5,1,3.0
O08254,2024-10-16,C0249,Home & kitchen,1,30.85,0.3,3,0,4.0
O08255,2024-10-16,C1551,Toys,2,30.4,0.15,2,0,5.0
O08256,2024-10-16,C0665,Toys,1,70.45,0.2,3,0,5.0
O08257,2024-10-16,C1324,Books,2,12.74,0.15,5,0,4.0
O08258,2024-10-16,C0842,Books,4,10.82,0.2,12,0,3.0
O08259,2024-10-16,C0506,Clothing,2,24.24,0.0,2,0,5.0
O08260,2024-10-16,C0623,Clothing,2,89.75,0.1,2,0,5.0
O08261,2024-10-16,C1708,Home & kitchen,1,76.66,0.0,3,0,5.0
O08262,2024-10-16,C1313,Home & kitchen,2,15.1,0.0,3,0,4.0
O08263,2024-10-16,C0398,Home & kitchen,4,65.63,0.0,8,0,3.0
O08264,2024-10-16,C0574,Books,1,13.52,0.3,1,0,5.0
O08265,2024-10-16,C0518,Books,2,14.43,0.0,4,0,5.0
O08266,2024-10-16,C0638,Beauty,1,36.94,0.15,2,1,3.0
O08267,2024-10-16,C0790,Books,1,25.17,0.05,3,0,5.0
O08268,2024-10-16,C1761,Toys,2,32.82,0.3,2,0,5.0
O08269,2024-10-16,C1862,Electronics,2,176.96,0.05,4,0,
O08270,2024-10-17,C0769,Electronics,2,83.76,0.05,2,0,4.0
O08271,2024-10-17,C0075,Sports & outdoors,1,72.59,0.15,1,0,4.0
O08272,2024-10-17,C1786,Clothing,1,38.33,0.15,3,1,
O08273,2024-10-17,C0979,Clothing,4,26.42,0.1,3,0,5.0
O08274,2024-10-17,C1918,Books,2,26.3,0.3,3,0,5.0
O08275,2024-10-17,C0250,Electronics,2,117.93,0.0,6,0,5.0
O08276,2024-10-17,C0772,Electronics,3,294.63,0.0,5,0,4.0
O08277,2024-10-17,C0217,Toys,1,55.34,0.0,5,1,2.0
O08278,2024-10-17,C0717,Toys,3,52.89,0.0,8,0,4.0
O08279,2024-10-17,C1378,Home & kitchen,4,59.5,0.0,1,0,5.0
O08280,2024-10-17,C0163,Clothing,1,65.46,0.0,2,0,4.0
O08281,2024-10-17,C1167,Toys,1,50.89,0.05,7,0,3.0
O08282,2024-10-17,C0648,Home & kitchen,2,50.55,0.1,5,0,4.0
O08283,2024-10-17,C1614,Home & kitchen,1,87.55,0.15,1,0,5.0
O08284,2024-10-17,C0312,Toys,4,34.9,0.2,3,0,4.0
O08285,2024-10-17,C0643,Toys,1,22.22,0.05,3,0,5.0
O08286,2024-10-17,C0554,Electronics,1,372.42,0.15,3,0,4.0
O08287,2024-10-17,C0077,Books,1,6.85,0.1,3,0,4.0
O08288,2024-10-17,C1080,Sports & outdoors,1,178.5,0.15,1,0,4.0
O08289,2024-10-17,C1262,Home & kitchen,2,10.58,0.05,4,0,4.0
O08290,2024-10-17,C1559,Clothing,1,22.54,0.0,2,0,4.0
O08291,2024-10-17,C0128,Clothing,2,57.56,0.0,3,0,4.0
O08292,2024-10-17,C0386,Electronics,1,158.91,0.0,1,0,5.0
O08293,2024-10-17,C0725,Sports & outdoors,2,102.37,0.1,1,0,4.0
O08294,2024-10-17,C0362,Toys,1,37.11,0.0,1,0,5.0
O08295,2024-10-17,C0638,Clothing,3,24.73,0.0,14,0,
O08296,2024-10-17,C1388,Electronics,1,321.59,0.1,1,0,4.0
O08297,2024-10-17,C1547,Books,2,18.85,0.05,7,0,2.0
O08298,2024-10-17,C0995,Home & kitchen,2,25.24,0.1,9,0,3.0
O08299,2024-10-17,C1206,Books,2,17.09,0.15,2,0,5.0
O08300,2024-10-17,C1309,Home & kitchen,2,30.88,0.0,4,0,4.0
O08301,2024-10-18,C1296,Sports & outdoors,1,69.28,0.1,1,0,5.0
O08302,2024-10-18,C1655,Sports & outdoors,1,25.51,0.05,4,0,4.0
O08303,2024-10-18,C0503,Sports & outdoors,1,34.74,0.1,1,0,5.0
O08304,2024-10-18,C1203,Clothing,1,29.96,0.0,2,0,4.0
O08305,2024-10-18,C1795,Clothing,3,25.89,0.05,1,0,5.0
O08306,2024-10-18,C1223,Beauty,1,45.98,0.3,7,0,3.0
O08307,2024-10-18,C1234,Home & kitchen,2,68.34,0.05,4,0,3.0
O08308,2024-10-18,C0541,Electronics,2,303.67,0.15,6,0,
O08309,2024-10-18,C1863,Sports & outdoors,2,43.93,0.2,2,0,5.0
O08310,2024-10-18,C0031,Clothing,2,25.73,0.0,4,0,5.0
O08311,2024-10-18,C0628,Toys,1,20.51,0.1,2,0,4.0
O08312,2024-10-18,C1596,Sports & outdoors,1,39.95,0.3,2,0,3.0
O08313,2024-10-18,C0723,Sports & outdoors,1,61.24,0.1,3,0,4.0
O08314,2024-10-18,C0428,Toys,2,21.81,0.15,6,0,5.0
O08315,2024-10-18,C0263,Books,2,18.84,0.3,1,0,5.0
O08316,2024-10-18,C1982,Home & kitchen,1,36.49,0.0,1,0,5.0
O08317,2024-10-18,C1620,Electronics,1,394.82,0.0,1,0,3.0
O08318,2024-10-18,C1800,Home & kitchen,2,17.32,0.3,7,0,4.0
O08319,2024-10-18,C0451,Books,2,20.39,0.1,4,0,4.0
O08320,2024-10-18,C1187,Home & kitchen,1,45.76,0.3,4,0,5.0
O08321,2024-10-18,C0704,Toys,1,38.12,0.0,2,0,5.0
O08322,2024-10-18,C1883,Toys,2,18.86,0.1,8,0,4.0
O08323,2024-10-18,C0304,Clothing,1,63.24,0.3,8,0,5.0
O08324,2024-10-18,C0635,Electronics,2,100.77,0.05,1,0,4.0
O08325,2024-10-18,C0139,Books,1,20.09,0.2,1,0,4.0
O08326,2024-10-18,C0046,Clothing,2,77.11,0.0,1,1,4.0
O08327,2024-10-18,C1862,Home & kitchen,4,104.37,0.3,3,0,4.0
O08328,2024-10-18,C1567,Clothing,2,13.11,0.1,7,0,
O08329,2024-10-18,C1990,Clothing,4,14.21,0.3,1,0,5.0
O08330,2024-10-18,C1272,Toys,2,17.41,0.3,3,1,4.0
O08331,2024-10-18,C1308,Home & kitchen,2,44.6,0.0,8,0,5.0
O08332,2024-10-18,C0671,Electronics,1,199.18,0.15,1,0,4.0
O08333,2024-10-18,C0577,Sports & outdoors,2,62.74,0.2,3,1,3.0
O08334,2024-10-18,C1684,Clothing,4,21.01,0.0,6,0,5.0
O08335,2024-10-19,C1237,Sports & outdoors,2,86.28,0.0,2,0,5.0
O08336,2024-10-19,C0813,Clothing,3,67.87,0.3,3,1,5.0
O08337,2024-10-19,C1605,Sports & outdoors,1,145.7,0.3,7,0,4.0
O08338,2024-10-19,C1452,Books,2,13.64,0.0,8,0,4.0
O08339,2024-10-19,C0782,Beauty,2,32.87,0.0,4,0,4.0
O08340,2024-10-19,C1704,Beauty,2,20.94,0.0,2,0,
O08341,2024-10-19,C1214,Sports & outdoors,2,59.32,0.0,5,0,4.0
O08342,2024-10-19,C1008,Home & kitchen,4,55.8,0.0,3,0,5.0
O08343,2024-10-19,C0338,Sports & outdoors,3,58.59,0.2,2,0,4.0
O08344,2024-10-19,C1191,Electronics,1,281.72,0.15,6,0,3.0
O08345,2024-10-19,C1486,Sports & outdoors,1,105.75,0.1,8,1,3.0
O08346,2024-10-19,C0581,Clothing,2,26.66,0.1,1,0,4.0
O08347,2024-10-19,C0780,Home & kitchen,3,14.59,0.1,2,0,5.0
O08348,2024-10-19,C0281,Beauty,1,13.46,0.15,5,0,5.0
O08349,2024-10-19,C0544,Sports & outdoors,1,34.06,0.1,2,0,3.0
O08350,2024-10-19,C0946,Books,1,14.36,0.2,3,0,5.0
O08351,2024-10-19,C1448,Home & kitchen,1,53.05,0.0,3,0,5.0
O08352,2024-10-19,C1918,Electronics,4,887.45,0.0,1,0,5.0
O08353,2024-10-19,C1943,Home & kitchen,4,25.96,0.0,4,0,4.0
O08354,2024-10-19,C0324,Home & kitchen,4,50.87,0.05,3,0,5.0
O08355,2024-10-19,C1937,Beauty,1,32.75,0.0,5,0,4.0
O08356,2024-10-19,C0784,Books,1,17.69,0.15,3,0,4.0
O08357,2024-10-19,C0166,Beauty,3,25.39,0.15,6,1,2.0
O08358,2024-10-19,C0039,Books,2,9.99,0.0,2,0,5.0
O08359,2024-10-19,C0611,Sports & outdoors,2,25.61,0.3,1,0,5.0
O08360,2024-10-19,C1063,Books,1,13.02,0.2,4,0,5.0
O08361,2024-10-19,C1659,Beauty,1,12.29,0.3,4,1,3.0
O08362,2024-10-19,C0023,Home & kitchen,1,71.3,0.3,5,0,
O08363,2024-10-19,C1294,Electronics,1,116.34,0.15,1,0,5.0
O08364,2024-10-20,C0550,Home & kitchen,1,46.81,0.15,2,1,2.0
O08365,2024-10-20,C1675,Electronics,1,190.69,0.0,4,1,3.0
O08366,2024-10-20,C1359,Clothing,1,32.89,0.3,6,1,2.0
O08367,2024-10-20,C1144,Beauty,2,9.24,0.0,1,0,5.0
O08368,2024-10-20,C0620,Home & kitchen,1,35.08,0.0,5,0,4.0
O08369,2024-10-20,C1305,Clothing,2,73.85,0.0,1,0,5.0
O08370,2024-10-20,C1074,Toys,2,26.99,0.3,3,0,5.0
O08371,2024-10-20,C0410,Clothing,1,17.4,0.15,6,1,3.0
O08372,2024-10-20,C0568,Clothing,1,52.78,0.0,5,0,5.0
O08373,2024-10-20,C1915,Home & kitchen,1,48.2,0.0,6,0,4.0
O08374,2024-10-20,C1123,Home & kitchen,1,85.11,0.0,5,0,4.0
O08375,2024-10-20,C0136,Toys,2,36.15,0.05,3,0,5.0
O08376,2024-10-20,C1639,Sports & outdoors,1,41.2,0.05,2,0,4.0
O08377,2024-10-20,C0146,Electronics,4,93.35,0.2,9,0,
O08378,2024-10-20,C1902,Clothing,3,41.18,0.0,8,0,3.0
O08379,2024-10-20,C1235,Home & kitchen,1,41.87,0.05,5,0,3.0
O08380,2024-10-20,C0690,Home & kitchen,1,30.06,0.1,3,0,5.0
O08381,2024-10-20,C0825,Home & kitchen,4,31.72,0.15,5,1,4.0
O08382,2024-10-20,C1446,Clothing,2,40.13,0.3,9,0,4.0
O08383,2024-10-20,C0171,Electronics,2,31.31,0.1,2,0,5.0
O08384,2024-10-20,C0287,Books,1,16.26,0.0,6,0,4.0
O08385,2024-10-20,C0657,Electronics,1,231.38,0.0,2,0,5.0
O08386,2024-10-20,C0215,Home & kitchen,1,83.97,0.15,3,0,4.0
O08387,2024-10-20,C0135,Electronics,1,558.61,0.3,7,0,4.0
O08388,2024-10-20,C1500,Home & kitchen,2,45.68,0.0,3,0,4.0
O08389,2024-10-20,C0187,Clothing,4,38.23,0.15,2,0,5.0
O08390,2024-10-20,C0809,Clothing,1,27.93,0.0,3,0,5.0
O08391,2024-10-20,C1952,Clothing,1,44.93,0.0,3,1,3.0
O08392,2024-10-20,C1271,Electronics,2,263.15,0.2,4,0,4.0
O08393,2024-10-20,C0971,Home & kitchen,4,48.47,0.2,2,0,5.0
O08394,2024-10-20,C0081,Clothing,1,27.49,0.1,3,0,4.0
O08395,2024-10-20,C0216,Books,2,12.42,0.1,2,0,4.0
O08396,2024-10-20,C0234,Sports & outdoors,4,82.59,0.0,2,0,4.0
O08397,2024-10-20,C1880,Beauty,1,13.05,0.05,3,0,4.0
O08398,2024-10-21,C1240,Books,4,10.73,0.05,2,0,5.0
O08399,2024-10-21,C1808,Books,1,10.81,0.3,2,0,5.0
O08400,2024-10-21,C0605,Home & kitchen,2,45.59,0.2,1,0,5.0
O08401,2024-10-21,C0353,Clothing,1,52.66,0.0,3,0,4.0
O08402,2024-10-21,C0075,Books,2,18.64,0.15,1,0,3.0
O08403,2024-10-21,C0169,Home & kitchen,3,41.53,0.0,2,0,2.0
O08404,2024-10-21,C1766,Toys,3,54.13,0.0,2,0,4.0
O08405,2024-10-21,C1063,Toys,3,39.37,0.2,1,0,5.0
O08406,2024-10-21,C0099,Clothing,1,46.37,0.3,4,0,4.0
O08407,2024-10-21,C0340,Electronics,2,235.33,0.15,3,1,2.0
O08408,2024-10-21,C0237,Sports & outdoors,2,49.74,0.2,3,0,5.0
O08409,2024-10-21,C0151,Books,1,14.59,0.0,1,0,4.0
O08410,2024-10-21,C1483,Toys,3,16.37,0.15,4,0,5.0
O08411,2024-10-21,C0456,Books,1,17.76,0.0,6,0,5.0
O08412,2024-10-21,C1529,Electronics,2,54.19,0.15,3,0,5.0
O08413,2024-10-21,C0332,Electronics,3,178.97,0.3,2,1,3.0
O08414,2024-10-21,C0615,Beauty,4,23.37,0.3,3,0,5.0
O08415,2024-10-21,C0586,Books,1,19.99,0.05,6,0,4.0
O08416,2024-10-21,C0626,Electronics,4,553.03,0.2,5,0,4.0
O08417,2024-10-21,C1987,Electronics,1,512.81,0.0,1,0,5.0
O08418,2024-10-21,C0778,Beauty,1,66.91,0.0,1,0,5.0
O08419,2024-10-21,C0518,Sports & outdoors,1,52.03,0.0,7,0,4.0
O08420,2024-10-21,C0297,Home & kitchen,1,35.64,0.0,1,0,4.0
O08421,2024-10-21,C0561,Clothing,4,45.75,0.0,6,0,3.0
O08422,2024-10-21,C1352,Books,3,15.71,0.0,5,0,4.0
O08423,2024-10-22,C0029,Beauty,1,14.74,0.0,2,0,4.0
O08424,2024-10-22,C0331,Electronics,1,58.78,0.15,18,0,3.0
O08425,2024-10-22,C0951,Home & kitchen,1,30.39,0.0,2,0,4.0
O08426,2024-10-22,C0251,Books,2,10.75,0.15,1,0,5.0
O08427,2024-10-22,C0894,Beauty,1,24.75,0.0,2,1,3.0
O08428,2024-10-22,C1122,Books,1,13.0,0.05,6,0,5.0
O08429,2024-10-22,C0448,Books,2,17.22,0.0,5,1,3.0
O08430,2024-10-22,C1686,Sports & outdoors,1,65.28,0.0,5,0,3.0
O08431,2024-10-22,C0679,Beauty,3,25.87,0.3,3,0,5.0
O08432,2024-10-22,C0255,Sports & outdoors,3,114.18,0.0,9,0,5.0
O08433,2024-10-22,C0893,Home & kitchen,1,34.99,0.0,8,0,4.0
O08434,2024-10-22,C0920,Clothing,2,24.71,0.15,2,0,5.0
O08435,2024-10-22,C1023,Clothing,1,39.29,0.0,1,0,5.0
O08436,2024-10-22,C1937,Beauty,3,41.58,0.1,3,0,4.0
O08437,2024-10-22,C1223,Clothing,2,25.25,0.2,1,0,4.0
O08438,2024-10-22,C0740,Toys,1,25.93,0.0,2,0,
O08439,2024-10-22,C0510,Books,3,22.61,0.0,6,1,3.0
O08440,2024-10-22,C1587,Sports & outdoors,1,77.3,0.1,2,0,4.0
O08441,2024-10-22,C0508,Sports & outdoors,2,145.58,0.05,2,0,4.0
O08442,2024-10-22,C1387,Electronics,2,46.54,0.05,2,1,3.0
O08443,2024-10-22,C0425,Clothing,1,25.66,0.0,1,0,5.0
O08444,2024-10-22,C0738,Toys,3,15.82,0.0,1,0,5.0
O08445,2024-10-22,C0618,Sports & outdoors,2,46.88,0.2,4,0,3.0
O08446,2024-10-22,C0133,Electronics,1,82.35,0.0,4,0,4.0
O08447,2024-10-22,C0606,Books,4,9.39,0.0,3,0,5.0
O08448,2024-10-22,C0328,Beauty,1,19.08,0.0,2,0,4.0
O08449,2024-10-22,C1116,Clothing,2,86.08,0.2,1,0,5.0
O08450,2024-10-22,C0103,Home & kitchen,4,43.46,0.2,5,0,4.0
O08451,2024-10-22,C0022,Sports & outdoors,1,32.95,0.05,3,0,5.0
O08452,2024-10-22,C0350,Books,3,21.39,0.15,4,0,4.0
O08453,2024-10-22,C1308,Toys,2,10.88,0.15,1,0,5.0
O08454,2024-10-22,C1497,Electronics,4,63.37,0.0,1,0,5.0
O08455,2024-10-22,C0501,Electronics,4,719.26,0.1,2,0,4.0
O08456,2024-10-22,C1139,Electronics,2,346.66,0.0,4,0,4.0
O08457,2024-10-22,C0500,Home & kitchen,2,53.84,0.1,5,0,4.0
O08458,2024-10-23,C1191,Home & kitchen,1,25.98,0.1,2,0,5.0
O08459,2024-10-23,C1756,Home & kitchen,1,52.71,0.0,1,0,
O08460,2024-10-23,C1720,Beauty,2,25.9,0.0,5,0,5.0
O08461,2024-10-23,C0593,Beauty,3,18.63,0.3,1,0,5.0
O08462,2024-10-23,C1896,Books,2,20.37,0.3,5,0,4.0
O08463,2024-10-23,C0170,Clothing,4,39.6,0.2,1,0,4.0
O08464,2024-10-23,C0275,Books,1,16.41,0.0,9,1,4.0
O08465,2024-10-23,C0412,Electronics,2,250.2,0.15,4,0,4.0
O08466,2024-10-23,C1407,Toys,3,32.6,0.2,4,0,5.0
O08467,2024-10-23,C0919,Toys,2,19.44,0.2,3,0,5.0
O08468,2024-10-23,C1887,Toys,2,8.0,0.0,2,0,4.0
O08469,2024-10-23,C0687,Toys,1,43.61,0.1,7,0,3.0
O08470,2024-10-23,C0390,Toys,1,51.93,0.05,2,0,5.0
O08471,2024-10-23,C0295,Books,1,20.46,0.0,3,0,5.0
O08472,2024-10-23,C1880,Books,1,12.53,0.0,5,0,3.0
O08473,2024-10-23,C1248,Toys,2,14.2,0.15,2,0,5.0
O08474,2024-10-23,C1228,Toys,3,48.24,0.0,6,0,4.0
O08475,2024-10-23,C1436,Electronics,1,136.28,0.0,1,0,5.0
O08476,2024-10-23,C1784,Home & kitchen,1,76.03,0.3,6,0,4.0
O08477,2024-10-23,C0001,Home & kitchen,4,40.87,0.15,3,0,5.0
O08478,2024-10-23,C0623,Electronics,1,363.81,0.1,3,0,4.0
O08479,2024-10-23,C1184,Clothing,1,63.11,0.15,1,0,5.0
O08480,2024-10-23,C1667,Books,1,14.42,0.0,3,0,5.0
O08481,2024-10-23,C1873,Books,3,12.84,0.15,3,0,4.0
O08482,2024-10-23,C0503,Electronics,1,188.3,0.05,8,0,5.0
O08483,2024-10-23,C0813,Electronics,1,79.01,0.15,6,0,3.0
O08484,2024-10-23,C0651,Clothing,2,26.13,0.2,2,0,5.0
O08485,2024-10-23,C1402,Toys,3,38.94,0.0,8,0,4.0
O08486,2024-10-23,C0204,Electronics,2,59.24,0.3,5,1,3.0
O08487,2024-10-23,C0663,Electronics,3,742.81,0.05,1,0,5.0
O08488,2024-10-23,C0544,Electronics,1,291.72,0.0,5,0,5.0
O08489,2024-10-23,C1561,Toys,1,13.58,0.0,3,0,5.0
O08490,2024-10-23,C1541,Electronics,2,140.46,0.0,4,0,4.0
O08491,2024-10-24,C1533,Electronics,1,52.45,0.3,1,1,3.0
O08492,2024-10-24,C0998,Clothing,1,38.99,0.3,5,0,3.0
O08493,2024-10-24,C1217,Sports & outdoors,1,35.83,0.3,8,0,3.0
O08494,2024-10-24,C0629,Home & kitchen,2,50.33,0.15,4,0,
O08495,2024-10-24,C1601,Beauty,2,27.56,0.1,9,1,3.0
O08496,2024-10-24,C0020,Beauty,1,26.2,0.1,3,0,5.0
O08497,2024-10-24,C1229,Sports & outdoors,4,37.98,0.15,1,0,4.0
O08498,2024-10-24,C1995,Books,1,11.46,0.15,1,0,4.0
O08499,2024-10-24,C1510,Clothing,1,18.47,0.0,2,0,4.0
O08500,2024-10-24,C1396,Sports & outdoors,4,44.95,0.15,1,0,3.0
O08501,2024-10-24,C0782,Home & kitchen,2,60.3,0.1,2,0,5.0
O08502,2024-10-24,C1017,Beauty,2,10.95,0.15,2,0,5.0
O08503,2024-10-24,C0111,Electronics,1,318.72,0.0,6,0,3.0
O08504,2024-10-24,C0221,Books,2,10.41,0.1,2,0,5.0
O08505,2024-10-24,C1182,Beauty,1,31.31,0.1,1,0,4.0
O08506,2024-10-24,C1354,Beauty,1,15.66,0.1,2,0,5.0
O08507,2024-10-24,C1118,Toys,2,32.74,0.0,2,0,4.0
O08508,2024-10-24,C0260,Sports & outdoors,3,71.5,0.15,1,0,5.0
O08509,2024-10-24,C1314,Home & kitchen,2,99.07,0.3,1,1,3.0
O08510,2024-10-24,C0414,Books,4,16.78,0.1,8,0,3.0
O08511,2024-10-25,C0981,Clothing,1,69.25,0.1,6,1,3.0
O08512,2024-10-25,C0584,Electronics,2,189.4,0.3,5,0,3.0
O08513,2024-10-25,C0110,Beauty,3,18.82,0.15,7,0,5.0
O08514,2024-10-25,C0545,Clothing,4,54.16,0.0,2,0,5.0
O08515,2024-10-25,C1978,Toys,2,37.25,0.0,2,0,4.0
O08516,2024-10-25,C1659,Clothing,4,20.37,0.0,2,0,4.0
O08517,2024-10-25,C0418,Beauty,1,19.55,0.1,3,0,4.0
O08518,2024-10-25,C0098,Home & kitchen,1,39.84,0.0,5,0,5.0
O08519,2024-10-25,C0400,Home & kitchen,2,52.75,0.0,2,0,5.0
O08520,2024-10-25,C1016,Clothing,1,22.63,0.1,3,0,4.0
O08521,2024-10-25,C0935,Home & kitchen,2,81.97,0.3,5,0,4.0
O08522,2024-10-25,C1183,Clothing,2,53.37,0.0,4,0,3.0
O08523,2024-10-25,C0129,Sports & outdoors,1,36.94,0.0,3,0,5.0
O08524,2024-10-25,C0058,Electronics,2,564.58,0.1,5,0,5.0
O08525,2024-10-25,C1709,Electronics,3,223.88,0.0,4,0,4.0
O08526,2024-10-25,C1130,Books,1,16.08,0.0,1,0,4.0
O08527,2024-10-25,C1240,Clothing,4,57.7,0.1,3,0,5.0
O08528,2024-10-25,C1880,Home & kitchen,3,50.58,0.1,6,0,4.0
O08529,2024-10-25,C1199,Sports & outdoors,1,39.67,0.2,10,0,4.0
O08530,2024-10-25,C0822,Toys,3,12.04,0.0,1,0,5.0
O08531,2024-10-25,C0865,Books,1,16.26,0.0,6,0,4.0
O08532,2024-10-25,C1407,Clothing,2,36.49,0.15,1,0,5.0
O08533,2024-10-25,C0821,Clothing,2,39.86,0.0,2,0,5.0
O08534,2024-10-25,C0982,Clothing,2,33.43,0.0,4,0,4.0
O08535,2024-10-25,C0513,Electronics,4,241.28,0.0,1,0,5.0
O08536,2024-10-25,C0372,Beauty,4,8.24,0.2,4,0,4.0
O08537,2024-10-26,C1024,Books,1,9.96,0.05,11,0,3.0
O08538,2024-10-26,C1569,Books,3,9.17,0.0,3,0,5.0
O08539,2024-10-26,C0404,Home & kitchen,1,47.18,0.2,8,0,4.0
O08540,2024-10-26,C1639,Clothing,1,42.34,0.3,4,1,2.0
O08541,2024-10-26,C1104,Clothing,4,72.9,0.15,2,0,5.0
O08542,2024-10-26,C0514,Toys,1,32.28,0.1,3,1,3.0
O08543,2024-10-26,C0186,Beauty,1,11.37,0.0,3,0,5.0
O08544,2024-10-26,C1503,Beauty,4,23.6,0.15,2,0,5.0
O08545,2024-10-26,C0375,Sports & outdoors,1,68.4,0.0,1,0,5.0
O08546,2024-10-26,C1730,Books,1,15.02,0.2,1,0,5.0
O08547,2024-10-26,C1410,Sports & outdoors,2,68.62,0.1,3,0,5.0
O08548,2024-10-26,C0501,Electronics,1,203.5,0.0,8,1,2.0
O08549,2024-10-26,C0913,Books,1,7.29,0.2,8,0,5.0
O08550,2024-10-26,C1380,Beauty,4,27.35,0.0,2,0,5.0
O08551,2024-10-26,C1657,Electronics,2,204.65,0.15,5,0,5.0
O08552,2024-10-26,C0422,Toys,1,28.94,0.0,4,0,3.0
O08553,2024-10-26,C0318,Books,4,18.29,0.3,2,0,5.0
O08554,2024-10-26,C1286,Books,4,8.65,0.3,6,0,3.0
O08555,2024-10-26,C0761,Books,1,9.24,0.05,4,0,4.0
O08556,2024-10-26,C0730,Clothing,3,31.38,0.2,1,1,3.0
O08557,2024-10-26,C0612,Books,2,11.15,0.3,3,0,4.0
O08558,2024-10-26,C0824,Electronics,2,87.04,0.1,4,1,3.0
O08559,2024-10-26,C1475,Sports & outdoors,3,43.88,0.3,3,0,4.0
O08560,2024-10-26,C0058,Books,1,20.3,0.1,3,0,4.0
O08561,2024-10-26,C1017,Clothing,2,45.45,0.15,4,0,
O08562,2024-10-26,C1258,Clothing,3,39.82,0.3,6,0,4.0
O08563,2024-10-26,C0088,Beauty,1,30.31,0.3,3,0,4.0
O08564,2024-10-26,C0067,Clothing,3,35.88,0.05,2,0,5.0
O08565,2024-10-26,C0184,Beauty,4,30.65,0.0,3,0,5.0
O08566,2024-10-26,C0157,Electronics,2,75.29,0.05,3,0,5.0
O08567,2024-10-27,C0152,Toys,1,43.1,0.1,2,0,4.0
O08568,2024-10-27,C0050,Books,1,22.96,0.0,3,0,5.0
O08569,2024-10-27,C0046,Electronics,1,304.15,0.15,5,0,5.0
O08570,2024-10-27,C1077,Electronics,1,62.66,0.2,7,0,4.0
O08571,2024-10-27,C0889,Toys,4,42.11,0.1,2,0,5.0
O08572,2024-10-27,C0050,Electronics,2,817.83,0.05,2,0,5.0
O08573,2024-10-27,C0293,Books,1,16.74,0.05,5,0,4.0
O08574,2024-10-27,C0367,Books,2,11.23,0.2,3,0,4.0
O08575,2024-10-27,C0488,Electronics,1,125.4,0.0,5,1,3.0
O08576,2024-10-27,C0321,Home & kitchen,2,82.15,0.0,1,0,4.0
O08577,2024-10-27,C0758,Clothing,2,31.52,0.0,1,0,5.0
O08578,2024-10-27,C0614,Clothing,2,10.82,0.0,3,0,4.0
O08579,2024-10-27,C0049,Clothing,4,43.49,0.1,1,0,5.0
O08580,2024-10-27,C0384,Sports & outdoors,1,63.6,0.0,4,0,5.0
O08581,2024-10-27,C0189,Home & kitchen,1,37.0,0.0,4,0,5.0
O08582,2024-10-27,C0236,Beauty,1,32.74,0.2,2,0,5.0
O08583,2024-10-27,C0162,Home & kitchen,1,7.03,0.0,2,0,4.0
O08584,2024-10-27,C0572,Clothing,2,34.95,0.15,2,0,4.0
O08585,2024-10-27,C1717,Home & kitchen,1,38.25,0.0,4,0,4.0
O08586,2024-10-27,C1893,Home & kitchen,1,43.82,0.1,2,0,5.0
O08587,2024-10-27,C0287,Sports & outdoors,2,127.79,0.15,2,0,5.0
O08588,2024-10-27,C1385,Electronics,2,258.29,0.2,3,0,4.0
O08589,2024-10-27,C0749,Books,1,19.09,0.1,4,0,5.0
O08590,2024-10-27,C1665,Home & kitchen,2,132.84,0.05,3,0,4.0
O08591,2024-10-28,C0563,Sports & outdoors,3,28.28,0.05,1,0,5.0
O08592,2024-10-28,C0008,Beauty,1,13.92,0.0,8,0,4.0
O08593,2024-10-28,C1860,Toys,1,16.37,0.2,4,0,4.0
O08594,2024-10-28,C0704,Clothing,1,28.85,0.0,1,0,5.0
O08595,2024-10-28,C0167,Books,1,11.46,0.2,6,1,3.0
O08596,2024-10-28,C1326,Beauty,1,33.93,0.3,1,0,4.0
O08597,2024-10-28,C0913,Home & kitchen,1,28.75,0.1,2,0,5.0
O08598,2024-10-28,C1747,Beauty,1,20.11,0.15,1,0,4.0
O08599,2024-10-28,C1537,Books,2,5.32,0.0,1,0,5.0
O08600,2024-10-28,C0169,Sports & outdoors,1,94.9,0.0,7,0,4.0
O08601,2024-10-28,C0441,Clothing,2,19.34,0.15,1,0,5.0
O08602,2024-10-28,C1253,Home & kitchen,1,15.98,0.2,2,0,5.0
O08603,2024-10-28,C0930,Clothing,4,19.5,0.3,2,1,4.0
O08604,2024-10-28,C1299,Home & kitchen,1,87.4,0.1,1,0,5.0
O08605,2024-10-28,C1515,Home & kitchen,4,62.28,0.1,1,0,4.0
O08606,2024-10-28,C1093,Beauty,1,31.2,0.2,2,0,4.0
O08607,2024-10-28,C1477,Books,1,12.87,0.05,2,0,5.0
O08608,2024-10-28,C0948,Beauty,1,20.45,0.05,2,0,5.0
O08609,2024-10-28,C1877,Clothing,1,21.71,0.15,2,0,5.0
O08610,2024-10-28,C1673,Beauty,4,15.67,0.15,1,0,5.0
O08611,2024-10-28,C1486,Books,1,22.96,0.2,3,0,5.0
O08612,2024-10-28,C0830,Clothing,3,17.55,0.15,3,0,4.0
O08613,2024-10-28,C0246,Clothing,1,8.21,0.05,3,1,3.0
O08614,2024-10-28,C1732,Electronics,2,17.18,0.05,1,0,3.0
O08615,2024-10-28,C1559,Electronics,3,130.89,0.3,1,0,5.0
O08616,2024-10-28,C0824,Clothing,1,89.32,0.1,3,0,4.0
O08617,2024-10-28,C1259,Sports & outdoors,2,61.65,0.3,1,0,4.0
O08618,2024-10-28,C0922,Home & kitchen,2,26.06,0.0,7,0,5.0
O08619,2024-10-28,C0804,Clothing,1,73.79,0.0,4,0,3.0
O08620,2024-10-28,C1278,Clothing,2,25.35,0.0,10,1,3.0
O08621,2024-10-28,C1668,Beauty,1,23.43,0.05,3,0,4.0
O08622,2024-10-28,C0120,Home & kitchen,2,31.58,0.15,6,0,5.0
O08623,2024-10-28,C0487,Beauty,1,6.42,0.1,2,0,4.0
O08624,2024-10-28,C0192,Beauty,1,14.84,0.1,2,0,4.0
O08625,2024-10-28,C0018,Sports & outdoors,4,38.91,0.2,8,1,3.0
O08626,2024-10-28,C1119,Clothing,1,10.29,0.0,2,0,4.0
O08627,2024-10-28,C1279,Beauty,1,8.66,0.1,4,1,2.0
O08628,2024-10-29,C0611,Clothing,1,18.84,0.1,1,0,4.0
O08629,2024-10-29,C0414,Books,1,28.61,0.0,3,0,5.0
O08630,2024-10-29,C1208,Home & kitchen,2,49.09,0.05,3,0,5.0
O08631,2024-10-29,C0368,Sports & outdoors,1,183.15,0.0,2,0,4.0
O08632,2024-10-29,C0597,Toys,1,24.34,0.0,1,0,4.0
O08633,2024-10-29,C0605,Electronics,2,314.23,0.2,6,0,5.0
O08634,2024-10-29,C0813,Books,2,13.88,0.3,2,1,4.0
O08635,2024-10-29,C1192,Clothing,1,21.74,0.2,2,0,4.0
O08636,2024-10-29,C1331,Toys,4,45.06,0.15,1,0,4.0
O08637,2024-10-29,C1326,Books,1,16.17,0.05,3,0,5.0
O08638,2024-10-29,C0390,Sports & outdoors,3,69.51,0.15,3,0,5.0
O08639,2024-10-29,C0945,Home & kitchen,2,146.02,0.0,5,0,4.0
O08640,2024-10-29,C0464,Beauty,3,16.35,0.0,5,0,5.0
O08641,2024-10-29,C0406,Clothing,3,46.54,0.0,4,1,4.0
O08642,2024-10-29,C1574,Toys,1,38.12,0.0,9,0,3.0
O08643,2024-10-29,C1185,Clothing,1,35.43,0.0,2,1,2.0
O08644,2024-10-29,C0634,Books,4,11.43,0.05,4,0,5.0
O08645,2024-10-29,C0033,Clothing,3,26.79,0.1,2,0,4.0
O08646,2024-10-29,C0709,Clothing,3,31.12,0.05,5,1,2.0
O08647,2024-10-29,C1180,Electronics,2,909.16,0.0,3,0,3.0
O08648,2024-10-29,C0354,Home & kitchen,1,64.25,0.05,3,0,5.0
O08649,2024-10-29,C1375,Electronics,1,222.14,0.0,2,0,5.0
O08650,2024-10-29,C1963,Books,3,19.23,0.0,1,0,5.0
O08651,2024-10-29,C0014,Clothing,2,37.6,0.1,1,0,5.0
O08652,2024-10-29,C1572,Clothing,1,53.96,0.05,5,0,4.0
O08653,2024-10-29,C1157,Sports & outdoors,1,67.48,0.05,2,0,4.0
O08654,2024-10-29,C1988,Sports & outdoors,1,135.9,0.15,3,0,4.0
O08655,2024-10-29,C0719,Books,2,21.41,0.0,4,0,5.0
O08656,2024-10-29,C1410,Clothing,1,67.21,0.3,2,0,4.0
O08657,2024-10-29,C1585,Electronics,1,201.22,0.05,8,0,4.0
O08658,2024-10-29,C0774,Toys,1,20.2,0.05,9,0,4.0
O08659,2024-10-29,C0201,Clothing,2,34.68,0.3,6,0,4.0
O08660,2024-10-29,C0849,Clothing,1,27.05,0.2,7,0,5.0
O08661,2024-10-29,C1874,Electronics,2,169.65,0.3,5,0,4.0
O08662,2024-10-29,C1399,Toys,1,27.3,0.05,2,0,4.0
O08663,2024-10-29,C1339,Home & kitchen,1,45.23,0.2,1,0,4.0
O08664,2024-10-29,C1542,Electronics,1,98.33,0.05,5,0,5.0
O08665,2024-10-29,C1894,Clothing,1,66.76,0.0,4,0,
O08666,2024-10-29,C0092,Books,1,15.11,0.0,4,0,4.0
O08667,2024-10-29,C0021,Electronics,2,28.7,0.05,3,0,5.0
O08668,2024-10-30,C1670,Toys,4,9.81,0.1,6,1,3.0
O08669,2024-10-30,C1083,Clothing,1,21.18,0.3,1,0,5.0
O08670,2024-10-30,C1935,Sports & outdoors,1,312.63,0.1,6,0,5.0
O08671,2024-10-30,C0080,Clothing,2,72.85,0.0,10,0,4.0
O08672,2024-10-30,C0464,Electronics,1,426.69,0.0,3,0,5.0
O08673,2024-10-30,C0584,Home & kitchen,1,14.76,0.0,1,0,5.0
O08674,2024-10-30,C0980,Clothing,1,17.76,0.3,9,1,3.0
O08675,2024-10-30,C0743,Electronics,2,139.19,0.0,4,0,5.0
O08676,2024-10-30,C1995,Sports & outdoors,4,152.06,0.0,3,0,
O08677,2024-10-30,C1377,Books,2,29.63,0.05,2,0,5.0
O08678,2024-10-30,C0112,Clothing,3,40.95,0.0,11,0,3.0
O08679,2024-10-30,C1006,Home & kitchen,1,60.37,0.0,3,0,5.0
O08680,2024-10-30,C1690,Home & kitchen,3,19.5,0.0,3,0,5.0
O08681,2024-10-30,C0758,Home & kitchen,2,43.19,0.3,6,0,4.0
O08682,2024-10-30,C0071,Electronics,2,233.58,0.2,1,0,5.0
O08683,2024-10-30,C1642,Books,3,13.92,0.3,5,1,3.0
O08684,2024-10-30,C1089,Beauty,1,16.95,0.1,2,0,5.0
O08685,2024-10-30,C1087,Home & kitchen,3,24.1,0.0,1,0,5.0
O08686,2024-10-30,C1058,Books,3,15.05,0.0,6,0,3.0
O08687,2024-10-30,C1752,Beauty,3,19.57,0.0,5,0,4.0
O08688,2024-10-30,C1269,Home & kitchen,4,51.25,0.05,5,0,5.0
O08689,2024-10-30,C1160,Books,4,9.61,0.3,3,0,5.0
O08690,2024-10-30,C0794,Clothing,1,28.25,0.0,1,1,3.0
O08691,2024-10-30,C1294,Home & kitchen,4,55.37,0.3,3,0,
O08692,2024-10-30,C1595,Clothing,2,24.09,0.0,3,0,5.0
O08693,2024-10-30,C1704,Sports & outdoors,3,25.34,0.3,1,1,3.0
O08694,2024-10-30,C0247,Books,3,10.28,0.2,4,0,5.0
O08695,2024-10-30,C0963,Electronics,2,221.63,0.3,4,0,4.0
O08696,2024-10-31,C1898,Electronics,4,136.41,0.2,3,0,4.0
O08697,2024-10-31,C0126,Books,4,17.87,0.1,3,0,3.0
O08698,2024-10-31,C1393,Sports & outdoors,2,95.4,0.0,1,0,5.0
O08699,2024-10-31,C1485,Electronics,1,112.11,0.1,1,0,5.0
O08700,2024-10-31,C1222,Home & kitchen,2,21.04,0.15,5,0,5.0
O08701,2024-10-31,C0057,Electronics,1,470.64,0.15,3,0,5.0
O08702,2024-10-31,C1984,Beauty,3,19.17,0.2,3,0,
O08703,2024-10-31,C0089,Home & kitchen,2,42.5,0.2,10,1,2.0
O08704,2024-10-31,C0862,Beauty,1,18.03,0.0,1,0,
O08705,2024-10-31,C1423,Clothing,2,37.97,0.1,3,0,4.0
O08706,2024-10-31,C0189,Home & kitchen,2,24.38,0.0,2,0,4.0
O08707,2024-10-31,C0453,Toys,2,7.03,0.0,7,0,5.0
O08708,2024-10-31,C1287,Home & kitchen,1,54.72,0.05,3,0,4.0
O08709,2024-10-31,C1257,Toys,3,74.71,0.1,2,0,4.0
O08710,2024-10-31,C0043,Toys,2,60.73,0.0,2,0,5.0
O08711,2024-10-31,C0956,Sports & outdoors,1,21.9,0.2,2,0,5.0
O08712,2024-10-31,C0718,Electronics,3,34.81,0.0,5,1,4.0
O08713,2024-10-31,C0840,Books,1,14.91,0.3,3,0,5.0
O08714,2024-10-31,C1961,Books,1,14.29,0.05,2,1,
O08715,2024-10-31,C0892,Sports & outdoors,3,14.88,0.3,2,0,5.0
O08716,2024-10-31,C0624,Electronics,1,81.31,0.0,3,0,4.0
O08717,2024-10-31,C0315,Sports & outdoors,3,28.52,0.1,8,0,4.0
O08718,2024-10-31,C1074,Electronics,3,192.14,0.3,5,0,5.0
O08719,2024-10-31,C1758,Clothing,2,40.83,0.05,1,0,5.0
O08720,2024-10-31,C1758,Clothing,4,50.29,0.1,2,1,4.0
O08721,2024-10-31,C0032,Clothing,1,36.49,0.3,2,0,5.0
O08722,2024-10-31,C0373,Home & kitchen,1,26.04,0.15,2,0,5.0
O08723,2024-10-31,C1268,Clothing,1,38.02,0.0,4,0,3.0
O08724,2024-10-31,C0941,Books,3,21.62,0.3,4,1,3.0
O08725,2024-10-31,C1948,Books,4,15.83,0.0,2,0,4.0
O08726,2024-10-31,C0685,Clothing,2,25.9,0.0,3,0,5.0
O08727,2024-10-31,C1458,Home & kitchen,1,46.8,0.2,1,0,4.0
O08728,2024-10-31,C1329,Electronics,1,81.58,0.2,3,0,5.0
O08729,2024-10-31,C1211,Home & kitchen,2,111.09,0.3,3,0,4.0
O08730,2024-10-31,C0990,Home & kitchen,2,28.44,0.0,1,1,4.0
O08731,2024-10-31,C0176,Home & kitchen,2,22.49,0.0,2,0,4.0
O08732,2024-10-31,C1641,Electronics,4,137.11,0.0,2,0,3.0
O08733,2024-10-31,C1309,Clothing,4,24.93,0.2,1,0,5.0
O08734,2024-10-31,C0200,Electronics,2,299.15,0.15,1,0,4.0
O08735,2024-11-01,C1746,Books,2,7.97,0.2,3,0,4.0
O08736,2024-11-01,C1979,Toys,1,4.18,0.1,4,0,3.0
O08737,2024-11-01,C1279,Beauty,1,17.54,0.05,5,0,5.0
O08738,2024-11-01,C0808,Home & kitchen,4,115.23,0.0,3,0,3.0
O08739,2024-11-01,C1325,Toys,4,27.45,0.05,4,0,3.0
O08740,2024-11-01,C0204,Clothing,2,20.36,0.15,2,0,5.0
O08741,2024-11-01,C0120,Sports & outdoors,3,27.28,0.0,4,0,5.0
O08742,2024-11-01,C0613,Home & kitchen,2,50.75,0.0,1,0,5.0
O08743,2024-11-01,C0170,Beauty,1,28.39,0.3,1,0,5.0
O08744,2024-11-01,C1507,Books,1,10.96,0.0,7,0,3.0
O08745,2024-11-01,C1379,Clothing,3,32.97,0.0,4,1,3.0
O08746,2024-11-01,C1479,Home & kitchen,2,16.25,0.0,6,0,4.0
O08747,2024-11-01,C0693,Books,2,16.82,0.05,2,0,3.0
O08748,2024-11-01,C1295,Clothing,4,20.95,0.2,8,1,3.0
O08749,2024-11-01,C0326,Toys,2,18.38,0.0,6,0,4.0
O08750,2024-11-01,C1305,Beauty,1,22.18,0.2,6,0,3.0
O08751,2024-11-01,C0781,Electronics,3,119.77,0.3,3,0,4.0
O08752,2024-11-01,C1127,Books,1,11.66,0.0,3,0,4.0
O08753,2024-11-01,C0230,Beauty,1,10.21,0.3,6,0,4.0
O08754,2024-11-01,C1128,Beauty,1,10.16,0.1,4,0,5.0
O08755,2024-11-01,C0602,Toys,3,24.29,0.05,4,0,4.0
O08756,2024-11-01,C0119,Clothing,4,45.41,0.0,4,0,5.0
O08757,2024-11-01,C1449,Home & kitchen,1,19.11,0.3,5,1,3.0
O08758,2024-11-01,C1367,Sports & outdoors,2,24.86,0.3,1,0,4.0
O08759,2024-11-01,C0861,Electronics,2,294.52,0.15,3,1,4.0
O08760,2024-11-01,C0014,Electronics,2,187.51,0.3,3,1,4.0
O08761,2024-11-01,C0356,Books,1,26.54,0.05,5,0,5.0
O08762,2024-11-01,C0721,Clothing,2,16.27,0.3,1,1,3.0
O08763,2024-11-02,C1640,Home & kitchen,2,74.62,0.0,3,0,5.0
O08764,2024-11-02,C0877,Clothing,1,54.38,0.0,2,0,5.0
O08765,2024-11-02,C0006,Home & kitchen,4,143.17,0.0,11,0,3.0
O08766,2024-11-02,C0806,Home & kitchen,4,17.62,0.1,3,0,5.0
O08767,2024-11-02,C0732,Home & kitchen,1,101.35,0.0,1,0,5.0
O08768,2024-11-02,C0554,Sports & outdoors,4,31.91,0.0,3,0,5.0
O08769,2024-11-02,C1586,Beauty,1,45.91,0.2,5,0,5.0
O08770,2024-11-02,C1768,Toys,2,49.76,0.05,2,0,5.0
O08771,2024-11-02,C1180,Clothing,1,43.85,0.0,2,0,5.0
O08772,2024-11-02,C0386,Electronics,4,224.27,0.0,1,0,5.0
O08773,2024-11-02,C0465,Toys,4,20.25,0.0,1,0,5.0
O08774,2024-11-02,C0241,Home & kitchen,1,38.03,0.0,4,0,4.0
O08775,2024-11-02,C0123,Sports & outdoors,2,51.21,0.1,2,0,4.0
O08776,2024-11-02,C0919,Beauty,1,41.77,0.05,6,0,
O08777,2024-11-02,C0185,Books,2,10.73,0.3,7,1,3.0
O08778,2024-11-02,C0685,Clothing,1,69.53,0.3,3,0,5.0
O08779,2024-11-02,C1523,Books,1,14.02,0.0,4,0,5.0
O08780,2024-11-02,C1923,Clothing,2,41.9,0.0,8,0,4.0
O08781,2024-11-02,C1053,Beauty,4,17.11,0.0,1,0,5.0
O08782,2024-11-02,C0708,Home & kitchen,2,84.38,0.1,2,0,5.0
O08783,2024-11-02,C0746,Sports & outdoors,1,22.87,0.3,5,0,4.0
O08784,2024-11-02,C0609,Clothing,2,35.55,0.0,1,0,5.0
O08785,2024-11-02,C0271,Electronics,3,54.84,0.2,6,0,3.0
O08786,2024-11-02,C1327,Books,2,24.63,0.2,5,0,5.0
O08787,2024-11-02,C1813,Toys,1,40.89,0.0,6,0,4.0
O08788,2024-11-02,C0387,Beauty,1,30.26,0.3,1,0,4.0
O08789,2024-11-02,C0168,Sports & outdoors,3,73.85,0.3,2,1,3.0
O08790,2024-11-02,C1239,Home & kitchen,3,174.36,0.05,1,0,5.0
O08791,2024-11-02,C0793,Beauty,3,17.85,0.0,2,0,5.0
O08792,2024-11-02,C0173,Clothing,3,57.97,0.15,3,0,4.0
O08793,2024-11-02,C1417,Home & kitchen,4,11.46,0.0,4,0,5.0
O08794,2024-11-02,C0101,Home & kitchen,1,34.35,0.1,3,1,4.0
O08795,2024-11-02,C0860,Electronics,1,513.54,0.0,7,0,5.0
O08796,2024-11-03,C1997,Toys,1,14.93,0.3,1,0,5.0
O08797,2024-11-03,C0046,Books,2,7.08,0.05,2,0,5.0
O08798,2024-11-03,C1549,Toys,2,17.34,0.0,6,0,5.0
O08799,2024-11-03,C0649,Clothing,1,42.85,0.05,3,0,3.0
O08800,2024-11-03,C0820,Electronics,4,330.08,0.2,3,0,4.0
O08801,2024-11-03,C1799,Books,4,9.46,0.15,2,0,5.0
O08802,2024-11-03,C0926,Electronics,2,140.8,0.1,1,0,5.0
O08803,2024-11-03,C1671,Beauty,3,32.66,0.05,3,0,3.0
O08804,2024-11-03,C0291,Clothing,1,20.87,0.0,1,0,5.0
O08805,2024-11-03,C0133,Electronics,1,75.04,0.0,9,0,2.0
O08806,2024-11-03,C1768,Books,3,9.85,0.2,2,0,5.0
O08807,2024-11-03,C0187,Home & kitchen,1,212.6,0.05,2,0,4.0
O08808,2024-11-03,C1453,Electronics,1,129.75,0.3,3,0,4.0
O08809,2024-11-03,C1080,Electronics,1,350.93,0.15,7,1,4.0
O08810,2024-11-03,C1244,Beauty,4,45.83,0.0,1,0,5.0
O08811,2024-11-03,C1360,Sports & outdoors,1,149.06,0.2,7,0,5.0
O08812,2024-11-03,C0156,Sports & outdoors,2,40.67,0.2,2,0,4.0
O08813,2024-11-03,C1982,Toys,1,21.11,0.2,3,0,4.0
O08814,2024-11-03,C1231,Beauty,3,19.34,0.2,5,0,4.0
O08815,2024-11-03,C1964,Sports & outdoors,1,106.62,0.3,1,0,5.0
O08816,2024-11-03,C1082,Electronics,2,235.8,0.0,4,0,4.0
O08817,2024-11-03,C0909,Clothing,4,24.01,0.0,6,0,5.0
O08818,2024-11-03,C0719,Clothing,3,20.8,0.2,8,0,3.0
O08819,2024-11-03,C0415,Beauty,2,17.54,0.0,5,0,4.0
O08820,2024-11-03,C0948,Home & kitchen,2,34.36,0.15,4,0,4.0
O08821,2024-11-03,C1691,Books,2,12.98,0.1,3,0,5.0
O08822,2024-11-03,C1121,Beauty,4,33.52,0.2,4,0,4.0
O08823,2024-11-03,C1202,Electronics,1,550.32,0.0,4,0,5.0
O08824,2024-11-03,C1522,Beauty,1,29.39,0.1,5,1,1.0
O08825,2024-11-03,C1660,Books,2,16.5,0.0,3,0,5.0
O08826,2024-11-03,C1666,Home & kitchen,2,19.28,0.0,3,0,5.0
O08827,2024-11-03,C0139,Electronics,1,222.64,0.15,2,0,5.0
O08828,2024-11-03,C0050,Beauty,3,14.93,0.15,9,0,3.0
O08829,2024-11-03,C0333,Books,2,17.17,0.0,3,0,4.0
O08830,2024-11-03,C0706,Beauty,2,27.12,0.05,4,0,4.0
O08831,2024-11-03,C1402,Sports & outdoors,1,155.26,0.1,5,0,5.0
O08832,2024-11-04,C1374,Clothing,4,38.48,0.0,5,0,4.0
O08833,2024-11-04,C1339,Books,3,9.99,0.3,1,0,4.0
O08834,2024-11-04,C1746,Books,1,11.77,0.15,1,0,4.0
O08835,2024-11-04,C1092,Electronics,3,1691.23,0.0,2,0,4.0
O08836,2024-11-04,C1287,Home & kitchen,1,63.46,0.0,4,0,4.0
O08837,2024-11-04,C1542,Sports & outdoors,3,52.36,0.0,6,0,5.0
O08838,2024-11-04,C0455,Toys,1,19.25,0.05,2,0,5.0
O08839,2024-11-04,C0923,Clothing,3,46.84,0.1,1,0,5.0
O08840,2024-11-04,C0178,Home & kitchen,1,87.02,0.0,2,0,
O08841,2024-11-04,C1466,Books,1,16.34,0.0,5,0,5.0
O08842,2024-11-04,C0107,Electronics,2,345.93,0.15,2,0,5.0
O08843,2024-11-04,C0652,Clothing,3,20.45,0.05,6,0,4.0
O08844,2024-11-04,C1776,Beauty,4,19.09,0.05,6,0,5.0
O08845,2024-11-04,C1204,Electronics,1,245.44,0.2,8,0,4.0
O08846,2024-11-04,C1627,Sports & outdoors,3,15.61,0.05,3,0,3.0
O08847,2024-11-04,C1243,Clothing,3,43.25,0.0,4,0,4.0
O08848,2024-11-04,C0222,Home & kitchen,4,56.56,0.3,2,0,5.0
O08849,2024-11-04,C0893,Electronics,1,234.05,0.0,4,1,3.0
O08850,2024-11-04,C0660,Clothing,3,79.67,0.1,5,0,4.0
O08851,2024-11-04,C0636,Beauty,2,26.24,0.0,10,0,5.0
O08852,2024-11-04,C1401,Clothing,2,47.16,0.05,2,0,5.0
O08853,2024-11-04,C1313,Clothing,3,23.02,0.2,1,0,5.0
O08854,2024-11-04,C1016,Toys,1,40.81,0.3,9,1,2.0
O08855,2024-11-04,C0949,Clothing,2,36.32,0.1,5,0,4.0
O08856,2024-11-04,C1817,Clothing,3,20.73,0.1,4,0,5.0
O08857,2024-11-04,C1751,Home & kitchen,3,68.92,0.3,6,0,4.0
O08858,2024-11-04,C0423,Books,1,21.65,0.0,2,0,5.0
O08859,2024-11-04,C1779,Electronics,1,55.75,0.1,2,0,
O08860,2024-11-04,C1143,Home & kitchen,1,136.53,0.05,9,1,2.0
O08861,2024-11-04,C0230,Clothing,2,76.67,0.0,3,0,5.0
O08862,2024-11-05,C0122,Clothing,4,40.57,0.0,3,0,5.0
O08863,2024-11-05,C0573,Electronics,2,131.42,0.0,7,0,4.0
O08864,2024-11-05,C1106,Clothing,4,35.44,0.0,4,1,3.0
O08865,2024-11-05,C1566,Electronics,1,249.66,0.0,5,0,4.0
O08866,2024-11-05,C0395,Beauty,4,14.33,0.3,3,1,4.0
O08867,2024-11-05,C1188,Sports & outdoors,1,71.21,0.0,6,0,5.0
O08868,2024-11-05,C1157,Clothing,2,21.55,0.0,4,0,5.0
O08869,2024-11-05,C1741,Sports & outdoors,2,49.83,0.2,7,0,4.0
O08870,2024-11-05,C1679,Electronics,1,137.79,0.3,1,0,5.0
O08871,2024-11-05,C1225,Electronics,3,79.13,0.2,2,0,5.0
O08872,2024-11-05,C0061,Electronics,2,94.06,0.0,4,0,5.0
O08873,2024-11-05,C0649,Clothing,2,76.7,0.0,5,0,5.0
O08874,2024-11-05,C0782,Sports & outdoors,2,60.53,0.0,8,0,4.0
O08875,2024-11-05,C1011,Home & kitchen,1,38.17,0.05,6,0,3.0
O08876,2024-11-05,C0396,Beauty,1,19.27,0.05,6,0,3.0
O08877,2024-11-05,C0321,Electronics,2,197.5,0.0,3,0,4.0
O08878,2024-11-05,C1944,Toys,4,20.7,0.0,7,0,3.0
O08879,2024-11-05,C1520,Clothing,1,32.4,0.1,4,0,5.0
O08880,2024-11-05,C0669,Clothing,1,104.79,0.05,6,0,4.0
O08881,2024-11-05,C0648,Toys,1,11.66,0.15,5,0,4.0
O08882,2024-11-05,C0449,Books,2,16.87,0.0,6,0,4.0
O08883,2024-11-05,C0775,Electronics,1,52.91,0.3,2,0,4.0
O08884,2024-11-05,C0294,Clothing,1,17.51,0.15,2,0,5.0
O08885,2024-11-05,C1959,Toys,2,21.25,0.3,3,0,4.0
O08886,2024-11-06,C1553,Books,2,9.92,0.0,3,0,3.0
O08887,2024-11-06,C0330,Electronics,1,921.19,0.05,2,0,5.0
O08888,2024-11-06,C1592,Clothing,3,20.28,0.0,4,0,4.0
O08889,2024-11-06,C1077,Home & kitchen,2,19.93,0.05,2,0,4.0
O08890,2024-11-06,C1918,Beauty,2,26.15,0.05,4,0,4.0
O08891,2024-11-06,C0732,Clothing,2,63.76,0.15,3,0,4.0
O08892,2024-11-06,C1700,Toys,1,14.3,0.0,5,1,3.0
O08893,2024-11-06,C1794,Books,3,12.93,0.2,7,0,2.0
O08894,2024-11-06,C1674,Home & kitchen,3,19.86,0.1,2,0,4.0
O08895,2024-11-06,C1778,Beauty,1,23.1,0.2,1,0,4.0
O08896,2024-11-06,C1169,Home & kitchen,1,31.19,0.0,8,0,3.0
O08897,2024-11-06,C1238,Electronics,2,106.17,0.3,2,0,5.0
O08898,2024-11-06,C0859,Home & kitchen,2,23.93,0.3,7,1,2.0
O08899,2024-11-06,C0052,Books,3,10.83,0.0,3,0,5.0
O08900,2024-11-06,C1252,Toys,1,29.13,0.1,4,1,3.0
O08901,2024-11-06,C1454,Books,4,19.59,0.1,2,0,5.0
O08902,2024-11-06,C0296,Toys,4,23.97,0.3,5,0,5.0
O08903,2024-11-06,C0133,Books,4,17.98,0.0,4,0,4.0
O08904,2024-11-06,C0250,Home & kitchen,1,57.58,0.05,5,0,5.0
O08905,2024-11-06,C1274,Sports & outdoors,2,44.26,0.15,4,0,4.0
O08906,2024-11-06,C0833,Clothing,3,51.55,0.0,3,1,3.0
O08907,2024-11-06,C0569,Home & kitchen,3,7.16,0.3,2,0,5.0
O08908,2024-11-06,C0310,Clothing,1,37.93,0.0,1,0,5.0
O08909,2024-11-06,C1432,Electronics,1,243.1,0.0,3,0,4.0
O08910,2024-11-06,C1521,Clothing,2,32.15,0.1,8,0,4.0
O08911,2024-11-06,C0552,Electronics,2,753.39,0.2,4,0,4.0
O08912,2024-11-06,C1023,Toys,2,11.89,0.15,4,0,5.0
O08913,2024-11-06,C0339,Sports & outdoors,1,72.08,0.0,5,0,4.0
O08914,2024-11-06,C0481,Sports & outdoors,2,36.86,0.1,3,0,5.0
O08915,2024-11-06,C0459,Clothing,1,45.51,0.0,4,1,3.0
O08916,2024-11-06,C1181,Beauty,1,19.72,0.2,2,0,4.0
O08917,2024-11-06,C1378,Clothing,1,21.49,0.2,1,0,5.0
O08918,2024-11-06,C1268,Home & kitchen,2,17.57,0.0,3,0,5.0
O08919,2024-11-06,C1853,Books,1,8.66,0.05,3,0,5.0
O08920,2024-11-06,C1380,Beauty,2,11.24,0.15,3,0,4.0
O08921,2024-11-06,C1727,Books,2,8.81,0.2,7,0,4.0
O08922,2024-11-06,C1570,Electronics,4,106.55,0.0,3,0,3.0
O08923,2024-11-06,C1158,Sports & outdoors,1,41.05,0.05,3,0,4.0
O08924,2024-11-07,C0072,Books,4,11.19,0.0,1,0,4.0
O08925,2024-11-07,C0754,Books,3,13.02,0.2,1,0,5.0
O08926,2024-11-07,C1763,Clothing,2,65.66,0.0,3,0,3.0
O08927,2024-11-07,C0163,Clothing,2,19.63,0.0,3,1,3.0
O08928,2024-11-07,C1854,Beauty,2,10.09,0.3,2,0,5.0
O08929,2024-11-07,C1181,Clothing,1,20.09,0.2,2,0,5.0
O08930,2024-11-07,C0150,Books,3,16.97,0.0,1,0,
O08931,2024-11-07,C1855,Beauty,1,16.02,0.0,3,0,5.0
O08932,2024-11-07,C0914,Home & kitchen,1,75.01,0.0,1,0,5.0
O08933,2024-11-07,C0836,Home & kitchen,2,76.75,0.05,5,0,5.0
O08934,2024-11-07,C1191,Books,1,13.57,0.0,3,0,5.0
O08935,2024-11-07,C1457,Books,3,8.53,0.0,1,0,4.0
O08936,2024-11-07,C0526,Sports & outdoors,2,85.15,0.1,3,0,4.0
O08937,2024-11-07,C0781,Toys,2,11.17,0.0,2,0,5.0
O08938,2024-11-07,C1333,Books,2,23.36,0.05,1,0,5.0
O08939,2024-11-07,C1340,Toys,3,23.07,0.0,2,0,5.0
O08940,2024-11-07,C0309,Home & kitchen,4,72.19,0.3,1,0,3.0
O08941,2024-11-07,C1891,Home & kitchen,4,66.74,0.3,1,0,5.0
O08942,2024-11-07,C1679,Beauty,1,27.32,0.0,2,0,5.0
O08943,2024-11-07,C0468,Toys,2,15.2,0.05,1,0,5.0
O08944,2024-11-07,C1073,Beauty,3,14.31,0.15,5,0,5.0
O08945,2024-11-07,C0078,Clothing,1,32.76,0.1,3,0,5.0
O08946,2024-11-07,C1508,Home & kitchen,2,31.66,0.0,2,0,5.0
O08947,2024-11-07,C0968,Books,4,12.82,0.0,1,0,4.0
O08948,2024-11-07,C1909,Toys,2,36.68,0.1,2,0,5.0
O08949,2024-11-07,C1668,Electronics,3,381.02,0.05,3,0,5.0
O08950,2024-11-07,C1399,Sports & outdoors,2,25.51,0.15,13,0,4.0
O08951,2024-11-07,C1074,Clothing,2,55.97,0.0,6,0,3.0
O08952,2024-11-07,C0972,Sports & outdoors,3,12.29,0.1,1,0,4.0
O08953,2024-11-07,C1836,Beauty,2,22.1,0.2,1,0,4.0
O08954,2024-11-08,C0284,Beauty,1,19.07,0.0,1,0,5.0
O08955,2024-11-08,C1641,Sports & outdoors,4,53.66,0.05,6,0,4.0
O08956,2024-11-08,C1848,Home & kitchen,2,28.94,0.15,1,0,3.0
O08957,2024-11-08,C1292,Clothing,1,22.5,0.1,2,0,4.0
O08958,2024-11-08,C0614,Beauty,2,22.93,0.1,5,0,5.0
O08959,2024-11-08,C1124,Clothing,4,33.72,0.0,2,1,3.0
O08960,2024-11-08,C1152,Beauty,1,11.94,0.0,1,0,5.0
O08961,2024-11-08,C1692,Beauty,2,41.07,0.0,1,0,5.0
O08962,2024-11-08,C1771,Toys,2,16.76,0.3,2,0,4.0
O08963,2024-11-08,C0618,Clothing,3,19.25,0.0,8,0,3.0
O08964,2024-11-08,C1626,Beauty,1,31.85,0.0,5,0,4.0
O08965,2024-11-08,C1151,Books,3,26.21,0.3,2,0,4.0
O08966,2024-11-08,C1102,Clothing,1,59.67,0.3,2,1,5.0
O08967,2024-11-08,C1543,Clothing,4,43.13,0.2,3,0,5.0
O08968,2024-11-08,C0635,Books,4,15.92,0.0,1,0,5.0
O08969,2024-11-08,C0429,Toys,1,15.13,0.15,4,0,4.0
O08970,2024-11-08,C1507,Clothing,1,30.17,0.15,3,0,4.0
O08971,2024-11-08,C1157,Clothing,4,51.23,0.1,3,0,5.0
O08972,2024-11-08,C0846,Clothing,2,51.63,0.2,3,0,4.0
O08973,2024-11-08,C1370,Clothing,1,51.28,0.0,4,0,5.0
O08974,2024-11-08,C1682,Electronics,2,103.64,0.05,6,0,4.0
O08975,2024-11-08,C1267,Books,3,27.72,0.0,4,0,4.0
O08976,2024-11-08,C1928,Clothing,1,43.64,0.0,4,0,4.0
O08977,2024-11-08,C0940,Home & kitchen,1,36.69,0.2,3,0,5.0
O08978,2024-11-08,C0464,Books,3,10.16,0.2,6,0,4.0
O08979,2024-11-08,C0388,Books,1,13.04,0.05,1,0,4.0
O08980,2024-11-08,C1833,Clothing,1,28.88,0.05,8,1,2.0
O08981,2024-11-08,C0632,Sports & outdoors,2,26.4,0.15,3,0,4.0
O08982,2024-11-08,C1206,Books,3,11.93,0.15,1,0,5.0
O08983,2024-11-08,C0978,Beauty,1,35.2,0.0,4,0,3.0
O08984,2024-11-08,C0841,Electronics,4,253.88,0.1,5,0,5.0
O08985,2024-11-09,C0169,Home & kitchen,1,58.64,0.1,13,1,1.0
O08986,2024-11-09,C1820,Home & kitchen,1,44.98,0.0,1,0,5.0
O08987,2024-11-09,C1828,Electronics,1,171.93,0.1,3,0,5.0
O08988,2024-11-09,C1077,Electronics,1,191.53,0.1,2,0,4.0
O08989,2024-11-09,C0914,Home & kitchen,1,55.7,0.0,1,0,4.0
O08990,2024-11-09,C0243,Home & kitchen,1,54.02,0.0,2,0,3.0
O08991,2024-11-09,C1343,Beauty,2,16.15,0.15,1,0,5.0
O08992,2024-11-09,C0546,Clothing,1,13.11,0.0,1,1,4.0
O08993,2024-11-09,C1770,Beauty,1,24.11,0.0,12,0,3.0
O08994,2024-11-09,C0773,Sports & outdoors,2,127.33,0.3,6,1,3.0
O08995,2024-11-09,C1955,Clothing,3,27.6,0.2,2,0,5.0
O08996,2024-11-09,C1306,Electronics,1,187.29,0.05,5,0,5.0
O08997,2024-11-09,C0769,Clothing,2,40.96,0.15,2,0,4.0
O08998,2024-11-09,C1059,Electronics,4,276.29,0.1,2,0,5.0
O08999,2024-11-09,C0557,Sports & outdoors,2,33.79,0.05,1,0,5.0
O09000,2024-11-09,C0670,Beauty,2,13.66,0.0,2,0,3.0
O09001,2024-11-09,C0506,Beauty,1,17.94,0.2,5,1,3.0
O09002,2024-11-09,C0909,Home & kitchen,4,116.91,0.15,3,0,4.0
O09003,2024-11-09,C0792,Home & kitchen,2,91.45,0.2,1,0,
O09004,2024-11-09,C1735,Clothing,3,14.56,0.1,4,0,5.0
O09005,2024-11-09,C1983,Home & kitchen,2,43.47,0.0,8,0,4.0
O09006,2024-11-09,C0593,Beauty,1,14.88,0.15,4,0,
O09007,2024-11-09,C1371,Toys,2,72.67,0.15,2,0,5.0
O09008,2024-11-09,C1300,Sports & outdoors,1,19.56,0.0,3,0,5.0
O09009,2024-11-09,C0968,Books,1,13.43,0.3,10,1,2.0
O09010,2024-11-09,C0184,Home & kitchen,3,13.61,0.1,4,0,5.0
O09011,2024-11-09,C0631,Electronics,1,146.99,0.0,2,0,5.0
O09012,2024-11-10,C0560,Sports & outdoors,2,67.63,0.0,2,0,5.0
O09013,2024-11-10,C1718,Clothing,1,28.72,0.0,3,0,3.0
O09014,2024-11-10,C1806,Electronics,1,387.31,0.0,4,0,3.0
O09015,2024-11-10,C0600,Sports & outdoors,2,204.55,0.15,2,0,3.0
O09016,2024-11-10,C1415,Sports & outdoors,2,58.52,0.1,4,0,5.0
O09017,2024-11-10,C0159,Books,2,20.75,0.15,5,0,4.0
O09018,2024-11-10,C1293,Books,2,11.9,0.0,1,1,4.0
O09019,2024-11-10,C1569,Clothing,4,34.32,0.3,2,0,3.0
O09020,2024-11-10,C1520,Clothing,2,29.61,0.1,4,0,4.0
O09021,2024-11-10,C0388,Sports & outdoors,4,54.05,0.05,5,1,2.0
O09022,2024-11-10,C0063,Home & kitchen,2,15.14,0.1,3,0,4.0
O09023,2024-11-10,C0621,Home & kitchen,4,52.97,0.0,6,0,5.0
O09024,2024-11-10,C1757,Electronics,2,353.84,0.0,3,0,
O09025,2024-11-10,C0838,Beauty,1,34.08,0.1,6,0,4.0
O09026,2024-11-10,C1146,Clothing,2,12.59,0.3,4,1,4.0
O09027,2024-11-10,C0809,Electronics,2,96.6,0.0,2,0,5.0
O09028,2024-11-10,C0655,Home & kitchen,2,18.83,0.0,5,0,5.0
O09029,2024-11-10,C1671,Home & kitchen,4,50.32,0.0,1,0,4.0
O09030,2024-11-10,C1021,Electronics,2,220.78,0.15,4,0,4.0
O09031,2024-11-10,C1997,Home & kitchen,4,71.35,0.3,6,0,4.0
O09032,2024-11-10,C1732,Electronics,4,322.21,0.05,6,0,4.0
O09033,2024-11-10,C1777,Beauty,4,37.49,0.0,5,1,2.0
O09034,2024-11-10,C1887,Home & kitchen,4,21.88,0.2,5,0,4.0
O09035,2024-11-10,C0522,Sports & outdoors,3,51.17,0.0,2,0,4.0
O09036,2024-11-10,C0852,Beauty,2,20.76,0.2,1,0,5.0
O09037,2024-11-10,C1733,Electronics,1,58.66,0.0,2,0,4.0
O09038,2024-11-10,C0845,Clothing,1,19.26,0.05,3,0,5.0
O09039,2024-11-10,C0112,Sports & outdoors,2,49.16,0.0,7,0,4.0
O09040,2024-11-11,C0074,Toys,4,9.33,0.15,3,0,5.0
O09041,2024-11-11,C1624,Beauty,4,13.2,0.2,1,0,4.0
O09042,2024-11-11,C1366,Home & kitchen,2,112.24,0.2,5,0,
O09043,2024-11-11,C0146,Beauty,2,30.07,0.05,1,0,5.0
O09044,2024-11-11,C0744,Clothing,3,40.16,0.0,1,0,5.0
O09045,2024-11-11,C0992,Electronics,2,365.15,0.3,1,0,5.0
O09046,2024-11-11,C1550,Books,4,12.42,0.1,1,0,5.0
O09047,2024-11-11,C0998,Electronics,1,158.68,0.1,2,0,5.0
O09048,2024-11-11,C0487,Books,1,13.96,0.2,4,0,4.0
O09049,2024-11-11,C1183,Electronics,1,378.47,0.0,1,0,4.0
O09050,2024-11-11,C1777,Home & kitchen,3,15.42,0.0,4,0,4.0
O09051,2024-11-11,C0614,Home & kitchen,1,18.02,0.05,2,0,5.0
O09052,2024-11-11,C0479,Books,1,11.79,0.05,2,0,4.0
O09053,2024-11-11,C1471,Sports & outdoors,3,36.37,0.0,6,0,5.0
O09054,2024-11-11,C1677,Electronics,3,243.79,0.1,4,0,5.0
O09055,2024-11-11,C0515,Sports & outdoors,3,65.46,0.0,4,0,5.0
O09056,2024-11-11,C1567,Home & kitchen,2,45.91,0.0,3,0,5.0
O09057,2024-11-11,C1886,Beauty,2,16.08,0.0,3,0,5.0
O09058,2024-11-11,C1957,Clothing,3,25.72,0.2,7,0,5.0
O09059,2024-11-11,C1439,Home & kitchen,2,73.04,0.2,3,0,4.0
O09060,2024-11-11,C1918,Electronics,1,59.67,0.0,1,0,5.0
O09061,2024-11-11,C0571,Toys,3,25.26,0.0,1,0,5.0
O09062,2024-11-11,C1907,Home & kitchen,1,29.91,0.0,2,0,3.0
O09063,2024-11-11,C0847,Electronics,1,124.66,0.15,6,0,3.0
O09064,2024-11-11,C1032,Home & kitchen,1,84.43,0.15,1,0,4.0
O09065,2024-11-11,C1675,Toys,3,16.57,0.05,6,0,4.0
O09066,2024-11-11,C0532,Sports & outdoors,2,63.31,0.0,2,0,3.0
O09067,2024-11-11,C0058,Clothing,2,26.69,0.3,3,1,4.0
O09068,2024-11-11,C0287,Electronics,1,182.96,0.0,2,0,4.0
O09069,2024-11-11,C1682,Toys,1,19.89,0.0,12,0,2.0
O09070,2024-11-11,C1721,Sports & outdoors,2,102.73,0.3,1,0,4.0
O09071,2024-11-12,C1682,Books,2,10.82,0.3,5,0,5.0
O09072,2024-11-12,C1210,Clothing,1,29.84,0.1,7,0,4.0
O09073,2024-11-12,C1159,Home & kitchen,1,55.96,0.0,2,1,4.0
O09074,2024-11-12,C1450,Electronics,2,170.36,0.0,3,0,5.0
O09075,2024-11-12,C0847,Home & kitchen,2,51.88,0.0,4,0,4.0
O09076,2024-11-12,C0713,Electronics,1,200.42,0.05,2,0,4.0
O09077,2024-11-12,C1658,Beauty,1,62.39,0.05,2,0,3.0
O09078,2024-11-12,C1560,Toys,4,21.15,0.1,3,0,4.0
O09079,2024-11-12,C0839,Books,2,13.04,0.15,5,0,5.0
O09080,2024-11-12,C1025,Electronics,2,194.96,0.1,5,0,4.0
O09081,2024-11-12,C0646,Electronics,1,176.6,0.0,3,0,4.0
O09082,2024-11-12,C1279,Beauty,2,58.01,0.15,4,0,5.0
O09083,2024-11-12,C1339,Books,1,16.23,0.15,2,0,4.0
O09084,2024-11-12,C1712,Clothing,1,38.68,0.0,1,0,4.0
O09085,2024-11-12,C0009,Home & kitchen,2,27.69,0.2,2,0,4.0
O09086,2024-11-12,C1351,Clothing,1,17.35,0.3,5,0,3.0
O09087,2024-11-12,C1456,Electronics,3,124.69,0.1,2,0,5.0
O09088,2024-11-12,C0002,Beauty,1,14.87,0.0,1,0,4.0
O09089,2024-11-12,C1609,Sports & outdoors,2,40.49,0.1,3,0,3.0
O09090,2024-11-12,C0068,Home & kitchen,4,55.19,0.05,1,0,5.0
O09091,2024-11-12,C0120,Electronics,4,97.95,0.1,2,0,5.0
O09092,2024-11-12,C0032,Clothing,4,32.41,0.05,7,0,5.0
O09093,2024-11-12,C1167,Sports & outdoors,2,63.3,0.0,10,0,5.0
O09094,2024-11-12,C1189,Books,3,20.29,0.15,7,0,3.0
O09095,2024-11-12,C1246,Toys,1,53.87,0.15,2,0,4.0
O09096,2024-11-12,C0551,Books,1,14.55,0.05,4,0,5.0
O09097,2024-11-12,C0173,Sports & outdoors,4,60.75,0.05,2,0,5.0
O09098,2024-11-12,C0076,Clothing,2,20.26,0.0,4,0,4.0
O09099,2024-11-12,C0206,Sports & outdoors,2,100.28,0.05,13,0,4.0
O09100,2024-11-12,C0949,Toys,4,26.17,0.15,4,0,5.0
O09101,2024-11-12,C0357,Beauty,3,26.47,0.3,1,1,4.0
O09102,2024-11-13,C1016,Books,4,18.12,0.2,5,0,5.0
O09103,2024-11-13,C0720,Electronics,4,206.98,0.05,1,0,5.0
O09104,2024-11-13,C1954,Home & kitchen,3,24.12,0.0,3,0,5.0
O09105,2024-11-13,C0974,Clothing,3,116.47,0.05,3,1,3.0
O09106,2024-11-13,C0385,Toys,1,16.58,0.3,1,0,5.0
O09107,2024-11-13,C0980,Electronics,2,238.18,0.15,2,0,5.0
O09108,2024-11-13,C0748,Books,1,9.04,0.0,3,1,3.0
O09109,2024-11-13,C0257,Books,1,8.79,0.2,2,0,5.0
O09110,2024-11-13,C0402,Home & kitchen,1,85.25,0.05,1,0,4.0
O09111,2024-11-13,C0316,Home & kitchen,2,46.32,0.0,7,0,5.0
O09112,2024-11-13,C1832,Clothing,3,68.24,0.3,7,1,1.0
O09113,2024-11-13,C1108,Toys,1,20.38,0.0,1,0,5.0
O09114,2024-11-13,C1902,Sports & outdoors,1,133.31,0.3,3,1,3.0
O09115,2024-11-13,C1944,Toys,1,20.27,0.2,7,0,3.0
O09116,2024-11-13,C0090,Beauty,4,21.38,0.1,2,1,3.0
O09117,2024-11-13,C0088,Electronics,3,56.46,0.15,4,0,3.0
O09118,2024-11-13,C0682,Books,1,15.93,0.0,2,0,5.0
O09119,2024-11-13,C1077,Home & kitchen,1,53.58,0.0,1,0,5.0
O09120,2024-11-13,C0829,Toys,1,10.22,0.0,1,0,5.0
O09121,2024-11-14,C0521,Clothing,2,52.93,0.1,4,0,3.0
O09122,2024-11-14,C1813,Toys,4,19.14,0.0,2,0,4.0
O09123,2024-11-14,C0491,Clothing,2,46.14,0.15,2,0,4.0
O09124,2024-11-14,C0239,Home & kitchen,3,33.49,0.0,5,0,3.0
O09125,2024-11-14,C1611,Home & kitchen,3,49.16,0.2,1,0,5.0
O09126,2024-11-14,C1611,Books,2,14.18,0.3,1,0,4.0
O09127,2024-11-14,C0783,Sports & outdoors,1,60.59,0.0,5,0,
O09128,2024-11-14,C1427,Clothing,1,54.99,0.1,7,0,5.0
O09129,2024-11-14,C0083,Clothing,1,42.27,0.0,2,0,5.0
O09130,2024-11-14,C0474,Home & kitchen,4,66.55,0.05,7,1,2.0
O09131,2024-11-14,C1855,Sports & outdoors,1,35.79,0.15,7,0,4.0
O09132,2024-11-14,C1046,Sports & outdoors,3,90.68,0.0,1,0,4.0
O09133,2024-11-14,C0324,Clothing,2,43.44,0.3,6,0,4.0
O09134,2024-11-14,C1337,Electronics,1,150.98,0.1,2,0,5.0
O09135,2024-11-14,C1972,Books,4,16.07,0.0,6,1,2.0
O09136,2024-11-14,C0142,Home & kitchen,2,33.36,0.0,7,0,3.0
O09137,2024-11-14,C1349,Books,4,13.72,0.0,6,1,
O09138,2024-11-14,C0873,Books,1,16.24,0.05,5,0,4.0
O09139,2024-11-14,C1632,Beauty,2,20.72,0.0,12,0,4.0
O09140,2024-11-14,C0889,Electronics,4,146.34,0.1,2,0,5.0
O09141,2024-11-14,C0562,Books,2,9.56,0.1,6,0,4.0
O09142,2024-11-14,C0404,Clothing,1,50.66,0.0,6,0,4.0
O09143,2024-11-14,C0006,Toys,1,18.88,0.0,5,0,4.0
O09144,2024-11-14,C1809,Sports & outdoors,1,31.57,0.1,4,0,5.0
O09145,2024-11-14,C1027,Clothing,1,46.45,0.05,3,0,4.0
O09146,2024-11-14,C0182,Books,2,11.1,0.0,1,1,4.0
O09147,2024-11-14,C0614,Clothing,3,57.67,0.15,1,0,4.0
O09148,2024-11-14,C0361,Sports & outdoors,2,50.85,0.0,3,0,5.0
O09149,2024-11-14,C0707,Electronics,1,38.97,0.0,3,0,4.0
O09150,2024-11-15,C1265,Books,3,11.84,0.3,1,0,5.0
O09151,2024-11-15,C1074,Clothing,2,83.12,0.05,8,0,5.0
O09152,2024-11-15,C1627,Books,1,11.55,0.2,3,0,5.0
O09153,2024-11-15,C1838,Home & kitchen,3,8.36,0.0,13,0,3.0
O09154,2024-11-15,C0106,Clothing,2,60.57,0.05,3,0,5.0
O09155,2024-11-15,C1076,Sports & outdoors,2,27.49,0.0,4,0,5.0
O09156,2024-11-15,C1373,Electronics,1,370.01,0.3,3,1,4.0
O09157,2024-11-15,C1177,Toys,1,26.5,0.1,3,0,5.0
O09158,2024-11-15,C0534,Electronics,1,45.04,0.1,2,0,4.0
O09159,2024-11-15,C0516,Home & kitchen,2,84.63,0.0,4,0,4.0
O09160,2024-11-15,C0112,Sports & outdoors,4,41.4,0.3,2,0,5.0
O09161,2024-11-15,C1267,Sports & outdoors,1,65.35,0.0,2,0,3.0
O09162,2024-11-15,C1499,Clothing,2,21.48,0.0,3,0,5.0
O09163,2024-11-15,C0619,Sports & outdoors,1,101.5,0.0,3,0,4.0
O09164,2024-11-15,C1798,Toys,1,34.11,0.3,4,1,3.0
O09165,2024-11-15,C0528,Toys,2,28.51,0.05,9,1,3.0
O09166,2024-11-15,C1059,Books,1,12.34,0.3,4,0,5.0
O09167,2024-11-15,C0523,Clothing,2,37.15,0.15,2,0,5.0
O09168,2024-11-15,C1429,Home & kitchen,2,87.23,0.05,7,0,5.0
O09169,2024-11-15,C1522,Beauty,1,23.78,0.15,1,0,5.0
O09170,2024-11-15,C0621,Beauty,2,21.97,0.2,2,0,5.0
O09171,2024-11-15,C0677,Sports & outdoors,2,67.34,0.1,3,0,4.0
O09172,2024-11-15,C0321,Sports & outdoors,1,72.67,0.2,2,0,4.0
O09173,2024-11-15,C0086,Electronics,1,756.54,0.0,4,0,5.0
O09174,2024-11-15,C1471,Clothing,1,20.13,0.15,2,0,4.0
O09175,2024-11-15,C1193,Home & kitchen,2,50.91,0.1,9,0,5.0
O09176,2024-11-15,C0794,Home & kitchen,3,33.74,0.0,10,0,4.0
O09177,2024-11-15,C0716,Electronics,1,363.45,0.3,4,0,4.0
O09178,2024-11-15,C0823,Books,4,12.54,0.0,3,0,3.0
O09179,2024-11-15,C0467,Beauty,1,19.66,0.05,2,1,3.0
O09180,2024-11-15,C0398,Clothing,3,35.27,0.2,1,0,4.0
O09181,2024-11-15,C1299,Home & kitchen,1,50.58,0.05,4,0,5.0
O09182,2024-11-15,C0345,Books,1,11.25,0.0,2,0,5.0
O09183,2024-11-15,C0587,Home & kitchen,2,70.38,0.05,4,0,4.0
O09184,2024-11-15,C1290,Clothing,2,21.51,0.2,5,0,5.0
O09185,2024-11-15,C1654,Toys,2,21.92,0.2,4,0,5.0
O09186,2024-11-15,C1235,Clothing,2,39.38,0.2,4,0,5.0
O09187,2024-11-15,C1078,Sports & outdoors,2,54.15,0.2,5,0,4.0
O09188,2024-11-15,C1368,Sports & outdoors,2,31.07,0.15,2,0,5.0
O09189,2024-11-15,C1676,Sports & outdoors,3,34.35,0.0,1,0,4.0
O09190,2024-11-15,C1018,Home & kitchen,2,104.14,0.1,2,0,5.0
O09191,2024-11-15,C0170,Sports & outdoors,2,33.46,0.05,1,0,5.0
O09192,2024-11-15,C1465,Clothing,1,28.28,0.0,3,0,5.0
O09193,2024-11-15,C1066,Clothing,1,30.11,0.0,9,0,4.0
O09194,2024-11-15,C0838,Electronics,3,175.7,0.0,4,0,4.0
O09195,2024-11-15,C0601,Beauty,2,26.04,0.05,1,0,5.0
O09196,2024-11-15,C0096,Toys,2,12.22,0.05,4,0,5.0
O09197,2024-11-15,C1319,Beauty,2,62.85,0.0,15,1,
O09198,2024-11-15,C1920,Books,1,15.38,0.0,2,0,4.0
O09199,2024-11-15,C1122,Sports & outdoors,2,24.54,0.0,1,0,5.0
O09200,2024-11-15,C1404,Books,4,17.76,0.2,3,0,5.0
O09201,2024-11-15,C0959,Clothing,1,50.5,0.0,2,0,5.0
O09202,2024-11-16,C1784,Clothing,1,10.83,0.1,3,0,4.0
O09203,2024-11-16,C1125,Toys,1,12.66,0.1,5,0,4.0
O09204,2024-11-16,C0730,Sports & outdoors,2,65.1,0.0,4,0,4.0
O09205,2024-11-16,C0474,Home & kitchen,2,68.42,0.0,1,0,4.0
O09206,2024-11-16,C1173,Clothing,2,53.18,0.2,1,0,5.0
O09207,2024-11-16,C0988,Clothing,4,43.33,0.0,9,0,3.0
O09208,2024-11-16,C0127,Clothing,2,25.78,0.0,3,0,5.0
O09209,2024-11-16,C0490,Books,2,29.86,0.2,1,0,4.0
O09210,2024-11-16,C0398,Toys,1,44.63,0.0,7,0,5.0
O09211,2024-11-16,C0316,Electronics,1,131.77,0.0,5,0,5.0
O09212,2024-11-16,C0933,Clothing,1,111.55,0.15,6,0,5.0
O09213,2024-11-16,C1798,Books,1,19.78,0.0,6,0,5.0
O09214,2024-11-16,C1770,Home & kitchen,1,32.15,0.1,7,0,5.0
O09215,2024-11-16,C1696,Sports & outdoors,2,23.63,0.1,4,0,
O09216,2024-11-16,C0490,Beauty,2,19.95,0.0,4,0,5.0
O09217,2024-11-16,C0670,Beauty,2,54.77,0.0,3,0,4.0
O09218,2024-11-16,C1989,Toys,4,31.2,0.3,4,0,4.0
O09219,2024-11-16,C1894,Toys,2,20.02,0.0,4,0,5.0
O09220,2024-11-16,C0887,Electronics,1,107.34,0.1,2,0,5.0
O09221,2024-11-16,C1308,Sports & outdoors,3,40.67,0.1,6,0,4.0
O09222,2024-11-16,C0130,Home & kitchen,1,21.32,0.2,5,0,5.0
O09223,2024-11-16,C1145,Clothing,2,28.88,0.0,7,0,4.0
O09224,2024-11-16,C0520,Electronics,3,935.18,0.0,2,0,5.0
O09225,2024-11-16,C0330,Books,1,14.05,0.2,2,0,4.0
O09226,2024-11-16,C0857,Electronics,2,109.58,0.15,6,0,4.0
O09227,2024-11-16,C0625,Home & kitchen,1,67.44,0.0,4,0,5.0
O09228,2024-11-16,C0181,Clothing,1,102.06,0.0,1,0,4.0
O09229,2024-11-16,C0586,Electronics,1,445.55,0.2,5,1,3.0
O09230,2024-11-16,C1595,Electronics,2,1414.78,0.0,2,0,4.0
O09231,2024-11-16,C0705,Clothing,2,21.85,0.0,1,0,4.0
O09232,2024-11-16,C0270,Clothing,4,56.07,0.0,3,0,5.0
O09233,2024-11-16,C0088,Toys,2,28.59,0.0,4,0,5.0
O09234,2024-11-16,C1076,Beauty,3,47.48,0.05,3,0,5.0
O09235,2024-11-16,C1624,Toys,1,53.54,0.0,6,0,4.0
O09236,2024-11-16,C0396,Clothing,1,55.91,0.3,8,0,4.0
O09237,2024-11-16,C0318,Toys,2,20.05,0.15,3,0,4.0
O09238,2024-11-16,C0149,Clothing,4,72.84,0.0,5,0,3.0
O09239,2024-11-16,C0119,Sports & outdoors,3,73.39,0.2,1,0,5.0
O09240,2024-11-16,C1581,Home & kitchen,1,42.19,0.0,4,0,5.0
O09241,2024-11-16,C1144,Electronics,1,279.07,0.2,1,0,5.0
O09242,2024-11-16,C1731,Toys,1,14.03,0.05,2,0,4.0
O09243,2024-11-16,C1211,Books,2,20.08,0.2,2,0,4.0
O09244,2024-11-16,C0257,Home & kitchen,4,70.04,0.2,5,0,5.0
O09245,2024-11-16,C1812,Electronics,1,179.3,0.15,1,1,3.0
O09246,2024-11-16,C0580,Electronics,2,238.52,0.0,2,0,5.0
O09247,2024-11-16,C1709,Beauty,4,27.78,0.0,3,0,5.0
O09248,2024-11-16,C0684,Electronics,3,602.3,0.2,4,0,5.0
O09249,2024-11-16,C0885,Home & kitchen,2,32.06,0.0,2,0,4.0
O09250,2024-11-16,C1276,Electronics,1,680.09,0.2,1,1,4.0
O09251,2024-11-16,C0792,Home & kitchen,1,63.87,0.3,3,0,5.0
O09252,2024-11-16,C0819,Clothing,2,34.17,0.0,4,0,5.0
O09253,2024-11-16,C1271,Books,1,16.01,0.0,2,0,5.0
O09254,2024-11-16,C1832,Home & kitchen,2,191.68,0.0,2,0,4.0
O09255,2024-11-16,C0881,Clothing,4,22.68,0.1,2,0,4.0
O09256,2024-11-16,C1637,Home & kitchen,4,48.94,0.0,3,0,5.0
O09257,2024-11-16,C0551,Toys,4,31.04,0.0,6,0,4.0
O09258,2024-11-16,C0815,Electronics,1,388.23,0.15,2,1,3.0
O09259,2024-11-16,C1231,Clothing,1,7.4,0.15,3,0,5.0
O09260,2024-11-16,C0498,Beauty,1,47.62,0.0,3,0,4.0
O09261,2024-11-16,C0231,Clothing,4,25.63,0.3,3,1,2.0
O09262,2024-11-16,C0238,Toys,2,14.49,0.3,1,0,5.0
O09263,2024-11-16,C1032,Sports & outdoors,1,28.02,0.0,1,0,5.0
O09264,2024-11-17,C0594,Clothing,2,25.0,0.0,4,1,3.0
O09265,2024-11-17,C0122,Clothing,2,83.69,0.3,3,1,3.0
O09266,2024-11-17,C0745,Electronics,2,309.22,0.0,1,0,4.0
O09267,2024-11-17,C0614,Home & kitchen,1,14.49,0.05,1,0,5.0
O09268,2024-11-17,C0740,Clothing,2,120.18,0.2,1,0,5.0
O09269,2024-11-17,C0797,Electronics,1,110.32,0.2,3,0,4.0
O09270,2024-11-17,C1702,Books,2,12.06,0.2,5,0,5.0
O09271,2024-11-17,C0525,Clothing,2,18.88,0.0,3,0,4.0
O09272,2024-11-17,C1003,Clothing,4,96.49,0.0,2,0,4.0
O09273,2024-11-17,C0660,Electronics,1,247.69,0.0,1,0,5.0
O09274,2024-11-17,C0656,Beauty,3,30.26,0.3,3,0,5.0
O09275,2024-11-17,C0281,Toys,1,30.69,0.2,5,0,4.0
O09276,2024-11-17,C0102,Sports & outdoors,3,134.16,0.0,4,0,5.0
O09277,2024-11-17,C1116,Clothing,2,89.21,0.2,2,0,4.0
O09278,2024-11-17,C0962,Clothing,1,26.46,0.05,4,0,5.0
O09279,2024-11-17,C1814,Clothing,2,24.6,0.1,1,0,3.0
O09280,2024-11-17,C1666,Books,1,15.22,0.3,2,0,5.0
O09281,2024-11-17,C0671,Home & kitchen,3,86.19,0.15,4,0,5.0
O09282,2024-11-17,C0812,Sports & outdoors,1,182.5,0.15,2,0,5.0
O09283,2024-11-17,C1774,Clothing,2,38.12,0.0,1,0,5.0
O09284,2024-11-17,C1900,Home & kitchen,1,77.58,0.0,1,0,5.0
O09285,2024-11-17,C1068,Books,1,15.68,0.0,8,0,5.0
O09286,2024-11-17,C1221,Clothing,1,9.78,0.1,9,1,1.0
O09287,2024-11-17,C0752,Books,2,14.61,0.0,2,0,4.0
O09288,2024-11-17,C1784,Electronics,2,140.18,0.0,3,0,5.0
O09289,2024-11-17,C1802,Electronics,2,186.87,0.0,5,0,4.0
O09290,2024-11-17,C1115,Beauty,4,17.53,0.05,1,0,5.0
O09291,2024-11-17,C0271,Toys,2,14.97,0.0,4,0,5.0
O09292,2024-11-17,C0245,Electronics,2,37.02,0.2,3,0,4.0
O09293,2024-11-17,C1912,Home & kitchen,1,21.57,0.05,5,0,4.0
O09294,2024-11-17,C0411,Beauty,1,27.2,0.1,5,0,4.0
O09295,2024-11-17,C0515,Electronics,1,99.64,0.0,2,0,5.0
O09296,2024-11-17,C0308,Beauty,3,11.74,0.15,3,0,4.0
O09297,2024-11-17,C0117,Electronics,2,131.06,0.1,4,0,4.0
O09298,2024-11-17,C1522,Clothing,1,44.89,0.2,3,0,5.0
O09299,2024-11-17,C1035,Electronics,1,179.86,0.0,2,0,4.0
O09300,2024-11-17,C1297,Clothing,1,52.25,0.0,2,0,5.0
O09301,2024-11-17,C1027,Home & kitchen,2,44.45,0.05,7,0,
O09302,2024-11-17,C0472,Clothing,1,35.99,0.3,4,0,5.0
O09303,2024-11-17,C1228,Books,4,12.99,0.0,6,1,3.0
O09304,2024-11-17,C1074,Electronics,2,241.05,0.3,2,1,3.0
O09305,2024-11-17,C0780,Sports & outdoors,1,20.28,0.1,3,0,5.0
O09306,2024-11-17,C0760,Books,2,12.42,0.0,9,0,4.0
O09307,2024-11-17,C0311,Toys,3,35.57,0.0,1,0,5.0
O09308,2024-11-17,C1687,Beauty,1,14.72,0.2,3,0,4.0
O09309,2024-11-17,C0013,Toys,1,10.65,0.0,11,0,3.0
O09310,2024-11-17,C0806,Sports & outdoors,1,39.26,0.1,1,0,4.0
O09311,2024-11-17,C0672,Beauty,1,21.07,0.1,1,0,5.0
O09312,2024-11-17,C1952,Home & kitchen,2,11.33,0.0,10,0,4.0
O09313,2024-11-17,C0924,Toys,2,17.13,0.2,6,0,3.0
O09314,2024-11-17,C0808,Sports & outdoors,1,18.28,0.15,7,0,4.0
O09315,2024-11-17,C1570,Electronics,1,269.39,0.15,1,0,5.0
O09316,2024-11-17,C1770,Toys,3,20.75,0.05,2,0,4.0
O09317,2024-11-17,C1125,Home & kitchen,1,31.11,0.0,6,0,4.0
O09318,2024-11-17,C1062,Electronics,1,662.45,0.3,5,0,4.0
O09319,2024-11-17,C1637,Clothing,2,12.92,0.0,3,1,3.0
O09320,2024-11-17,C1709,Beauty,1,23.56,0.0,8,0,
O09321,2024-11-17,C1172,Electronics,1,366.1,0.1,2,0,5.0
O09322,2024-11-17,C1913,Beauty,1,21.02,0.05,4,0,5.0
O09323,2024-11-17,C1871,Electronics,2,147.65,0.05,3,0,5.0
O09324,2024-11-17,C1005,Home & kitchen,2,46.1,0.0,7,0,5.0
O09325,2024-11-18,C0060,Clothing,1,47.02,0.3,1,1,2.0
O09326,2024-11-18,C1143,Books,1,18.76,0.05,8,0,4.0
O09327,2024-11-18,C0440,Books,1,11.07,0.05,1,0,5.0
O09328,2024-11-18,C0353,Beauty,3,24.86,0.0,2,0,5.0
O09329,2024-11-18,C0168,Clothing,1,30.37,0.0,4,0,3.0
O09330,2024-11-18,C1255,Home & kitchen,2,108.99,0.0,5,0,4.0
O09331,2024-11-18,C1242,Electronics,2,1990.21,0.1,5,0,4.0
O09332,2024-11-18,C0509,Beauty,3,14.05,0.1,4,0,3.0
O09333,2024-11-18,C0164,Toys,1,15.67,0.0,11,0,4.0
O09334,2024-11-18,C0009,Books,4,23.21,0.15,4,0,5.0
O09335,2024-11-18,C1403,Clothing,1,32.75,0.3,6,0,4.0
O09336,2024-11-18,C0903,Electronics,3,117.99,0.0,2,0,5.0
O09337,2024-11-18,C1348,Clothing,2,20.68,0.05,1,0,4.0
O09338,2024-11-18,C0216,Beauty,4,20.47,0.15,3,1,4.0
O09339,2024-11-18,C0884,Clothing,2,38.67,0.3,4,0,5.0
O09340,2024-11-18,C1097,Sports & outdoors,2,49.88,0.2,6,0,4.0
O09341,2024-11-18,C0052,Electronics,2,233.72,0.2,9,0,5.0
O09342,2024-11-18,C1320,Home & kitchen,2,58.84,0.1,3,1,3.0
O09343,2024-11-18,C0446,Clothing,1,113.44,0.0,1,0,5.0
O09344,2024-11-18,C1449,Toys,1,18.49,0.0,3,0,5.0
O09345,2024-11-18,C0876,Books,1,10.16,0.0,4,0,5.0
O09346,2024-11-18,C0604,Books,1,13.63,0.3,1,0,4.0
O09347,2024-11-18,C0260,Electronics,1,381.14,0.0,11,0,3.0
O09348,2024-11-18,C0708,Clothing,4,26.52,0.1,1,0,4.0
O09349,2024-11-18,C0035,Beauty,2,19.35,0.2,3,0,4.0
O09350,2024-11-18,C1711,Electronics,1,347.63,0.15,4,0,3.0
O09351,2024-11-18,C1227,Toys,4,32.13,0.0,6,0,4.0
O09352,2024-11-18,C0257,Books,1,16.57,0.15,5,0,4.0
O09353,2024-11-18,C1140,Electronics,1,110.13,0.05,4,0,5.0
O09354,2024-11-18,C1450,Clothing,1,21.92,0.05,4,0,5.0
O09355,2024-11-18,C0698,Home & kitchen,1,28.06,0.0,4,0,5.0
O09356,2024-11-18,C0494,Toys,1,9.35,0.15,9,0,4.0
O09357,2024-11-18,C0842,Clothing,2,40.5,0.0,2,0,4.0
O09358,2024-11-18,C0330,Clothing,3,33.29,0.15,2,0,4.0
O09359,2024-11-18,C1170,Clothing,3,19.98,0.0,5,0,4.0
O09360,2024-11-18,C0232,Home & kitchen,1,13.54,0.3,2,0,5.0
O09361,2024-11-18,C0340,Books,1,11.7,0.1,1,0,5.0
O09362,2024-11-18,C0468,Electronics,1,246.83,0.0,8,0,4.0
O09363,2024-11-18,C1790,Toys,1,38.56,0.05,4,0,4.0
O09364,2024-11-18,C0665,Books,1,17.09,0.15,6,0,5.0
O09365,2024-11-18,C1883,Sports & outdoors,2,46.37,0.0,3,0,4.0
O09366,2024-11-18,C1813,Beauty,1,48.95,0.1,3,0,5.0
O09367,2024-11-18,C1146,Electronics,3,331.83,0.05,1,0,5.0
O09368,2024-11-18,C0629,Home & kitchen,2,61.86,0.0,1,0,4.0
O09369,2024-11-18,C0710,Sports & outdoors,4,41.84,0.05,5,0,4.0
O09370,2024-11-18,C0606,Clothing,3,28.15,0.1,6,0,4.0
O09371,2024-11-18,C0260,Books,2,6.92,0.15,1,0,4.0
O09372,2024-11-18,C1360,Clothing,4,30.63,0.05,4,0,4.0
O09373,2024-11-18,C1455,Beauty,1,11.53,0.2,6,0,5.0
O09374,2024-11-18,C1532,Clothing,3,45.93,0.0,3,0,5.0
O09375,2024-11-18,C1892,Home & kitchen,2,203.67,0.15,4,0,5.0
O09376,2024-11-18,C1450,Electronics,4,142.13,0.15,5,0,5.0
O09377,2024-11-18,C1344,Beauty,1,19.86,0.1,3,0,5.0
O09378,2024-11-19,C0127,Electronics,1,99.33,0.0,3,0,5.0
O09379,2024-11-19,C0526,Clothing,1,32.84,0.2,3,1,4.0
O09380,2024-11-19,C0148,Beauty,2,15.5,0.0,1,0,5.0
O09381,2024-11-19,C0222,Books,1,20.67,0.0,7,0,5.0
O09382,2024-11-19,C1088,Books,1,20.33,0.0,4,0,5.0
O09383,2024-11-19,C1281,Toys,4,20.1,0.15,3,0,3.0
O09384,2024-11-19,C1751,Home & kitchen,4,50.37,0.05,3,0,5.0
O09385,2024-11-19,C0382,Toys,1,46.22,0.05,1,1,4.0
O09386,2024-11-19,C0519,Home & kitchen,4,142.49,0.0,7,0,3.0
O09387,2024-11-19,C1606,Beauty,1,30.29,0.15,1,0,3.0
O09388,2024-11-19,C1801,Electronics,2,124.79,0.05,4,0,5.0
O09389,2024-11-19,C1097,Books,2,13.62,0.3,1,0,5.0
O09390,2024-11-19,C0307,Clothing,1,36.93,0.15,3,0,4.0
O09391,2024-11-19,C1207,Beauty,1,43.87,0.1,5,0,3.0
O09392,2024-11-19,C0542,Clothing,3,41.48,0.0,5,0,4.0
O09393,2024-11-19,C1688,Sports & outdoors,2,36.12,0.05,4,0,4.0
O09394,2024-11-19,C0653,Electronics,2,550.86,0.1,2,0,5.0
O09395,2024-11-19,C0688,Electronics,1,118.0,0.15,5,0,5.0
O09396,2024-11-19,C0652,Books,2,19.09,0.3,7,0,3.0
O09397,2024-11-19,C1593,Toys,2,21.77,0.0,3,0,4.0
O09398,2024-11-19,C1274,Home & kitchen,1,20.49,0.2,1,1,4.0
O09399,2024-11-19,C1217,Clothing,1,78.32,0.1,3,1,3.0
O09400,2024-11-19,C0691,Toys,2,19.46,0.1,4,0,5.0
O09401,2024-11-19,C1010,Clothing,3,83.94,0.05,1,0,5.0
O09402,2024-11-19,C0405,Sports & outdoors,1,34.13,0.15,5,0,4.0
O09403,2024-11-19,C0428,Home & kitchen,2,21.54,0.2,2,0,5.0
O09404,2024-11-19,C1346,Clothing,2,30.9,0.0,3,0,4.0
O09405,2024-11-19,C0136,Home & kitchen,4,16.6,0.15,3,0,5.0
O09406,2024-11-19,C1132,Clothing,1,61.07,0.15,6,1,1.0
O09407,2024-11-19,C1998,Clothing,1,67.77,0.0,2,0,3.0
O09408,2024-11-19,C0543,Clothing,3,22.33,0.0,2,0,4.0
O09409,2024-11-19,C1986,Electronics,1,328.72,0.05,7,0,3.0
O09410,2024-11-19,C0894,Home & kitchen,4,55.29,0.0,2,0,5.0
O09411,2024-11-19,C0726,Beauty,2,29.5,0.2,3,0,5.0
O09412,2024-11-19,C0742,Toys,2,74.34,0.3,4,0,4.0
O09413,2024-11-19,C1442,Toys,2,11.29,0.05,10,0,4.0
O09414,2024-11-19,C0969,Home & kitchen,1,112.89,0.0,2,0,5.0
O09415,2024-11-19,C1330,Books,2,10.69,0.3,4,0,4.0
O09416,2024-11-19,C0082,Home & kitchen,1,22.18,0.0,1,0,4.0
O09417,2024-11-19,C1999,Books,3,12.25,0.0,2,0,4.0
O09418,2024-11-19,C0484,Electronics,3,257.3,0.05,2,0,
O09419,2024-11-19,C0769,Toys,3,18.79,0.1,5,0,4.0
O09420,2024-11-19,C0506,Home & kitchen,2,32.55,0.2,2,0,5.0
O09421,2024-11-19,C1099,Home & kitchen,2,60.03,0.3,1,1,3.0
O09422,2024-11-19,C1449,Sports & outdoors,4,31.03,0.2,1,0,5.0
O09423,2024-11-19,C0505,Books,2,14.3,0.0,2,0,5.0
O09424,2024-11-19,C1711,Toys,1,24.94,0.05,3,0,5.0
O09425,2024-11-19,C0556,Clothing,4,26.87,0.1,3,0,5.0
O09426,2024-11-19,C1820,Toys,1,33.7,0.3,7,0,
O09427,2024-11-19,C0757,Sports & outdoors,1,84.92,0.05,3,0,5.0
O09428,2024-11-19,C0982,Electronics,2,83.23,0.05,4,0,5.0
O09429,2024-11-19,C1969,Toys,1,49.11,0.1,4,0,5.0
O09430,2024-11-19,C0766,Books,3,6.93,0.15,4,0,5.0
O09431,2024-11-19,C0970,Books,4,15.39,0.0,5,0,4.0
O09432,2024-11-19,C0233,Books,2,18.54,0.0,3,0,4.0
O09433,2024-11-19,C0541,Books,3,20.0,0.2,5,0,3.0
O09434,2024-11-19,C1980,Beauty,3,24.31,0.0,3,0,5.0
O09435,2024-11-19,C1930,Electronics,1,76.77,0.0,7,0,3.0
O09436,2024-11-19,C0452,Clothing,1,39.53,0.0,1,0,5.0
O09437,2024-11-20,C0376,Beauty,2,20.82,0.2,5,0,5.0
O09438,2024-11-20,C1261,Clothing,1,38.44,0.0,5,0,4.0
O09439,2024-11-20,C0567,Home & kitchen,4,46.21,0.0,14,0,3.0
O09440,2024-11-20,C0978,Books,1,15.38,0.1,1,0,5.0
O09441,2024-11-20,C0996,Beauty,1,35.42,0.0,3,0,5.0
O09442,2024-11-20,C1652,Electronics,1,613.28,0.15,1,0,5.0
O09443,2024-11-20,C1156,Clothing,4,25.27,0.0,7,0,2.0
O09444,2024-11-20,C0689,Toys,1,21.98,0.0,4,0,4.0
O09445,2024-11-20,C0911,Electronics,2,226.03,0.2,2,0,5.0
O09446,2024-11-20,C0308,Sports & outdoors,1,59.61,0.0,5,0,2.0
O09447,2024-11-20,C1668,Electronics,1,217.66,0.3,2,1,4.0
O09448,2024-11-20,C1366,Home & kitchen,1,25.24,0.15,4,0,4.0
O09449,2024-11-20,C0362,Home & kitchen,4,86.32,0.2,1,0,4.0
O09450,2024-11-20,C1560,Beauty,1,25.78,0.15,3,0,
O09451,2024-11-20,C0149,Sports & outdoors,2,72.74,0.0,3,0,4.0
O09452,2024-11-20,C0245,Clothing,1,33.8,0.0,2,0,5.0
O09453,2024-11-20,C0004,Electronics,1,275.05,0.2,6,0,3.0
O09454,2024-11-20,C0373,Home & kitchen,1,55.17,0.0,1,0,5.0
O09455,2024-11-20,C1167,Electronics,1,307.38,0.3,2,0,
O09456,2024-11-20,C0423,Electronics,1,539.06,0.2,1,0,4.0
O09457,2024-11-20,C0167,Sports & outdoors,2,54.44,0.0,3,0,3.0
O09458,2024-11-20,C0085,Beauty,1,19.97,0.2,2,1,3.0
O09459,2024-11-20,C1082,Beauty,1,16.93,0.05,6,0,5.0
O09460,2024-11-20,C1947,Beauty,1,29.71,0.1,2,0,4.0
O09461,2024-11-20,C0302,Electronics,1,176.38,0.3,1,0,5.0
O09462,2024-11-20,C1831,Clothing,4,31.1,0.05,4,0,4.0
O09463,2024-11-20,C1884,Books,1,24.21,0.0,4,0,3.0
O09464,2024-11-20,C1666,Sports & outdoors,1,83.64,0.0,5,0,5.0
O09465,2024-11-20,C1540,Beauty,2,35.22,0.3,3,0,4.0
O09466,2024-11-20,C0130,Home & kitchen,4,16.67,0.0,3,0,4.0
O09467,2024-11-20,C0233,Electronics,1,102.35,0.3,3,0,4.0
O09468,2024-11-20,C1135,Books,2,12.23,0.3,2,1,3.0
O09469,2024-11-20,C0153,Clothing,1,40.75,0.0,2,0,5.0
O09470,2024-11-20,C0564,Clothing,2,52.57,0.05,1,0,5.0
O09471,2024-11-20,C1606,Toys,2,16.37,0.05,5,0,4.0
O09472,2024-11-20,C0185,Home & kitchen,2,24.09,0.3,4,0,5.0
O09473,2024-11-20,C0929,Clothing,4,33.17,0.0,5,0,5.0
O09474,2024-11-20,C0470,Books,1,19.83,0.15,3,0,4.0
O09475,2024-11-20,C0103,Beauty,2,56.15,0.1,2,0,5.0
O09476,2024-11-20,C0924,Sports & outdoors,3,18.12,0.05,2,0,4.0
O09477,2024-11-20,C0594,Home & kitchen,1,29.09,0.1,2,0,4.0
O09478,2024-11-20,C0842,Clothing,1,37.64,0.1,4,1,3.0
O09479,2024-11-20,C1913,Electronics,2,116.54,0.05,4,0,4.0
O09480,2024-11-20,C1432,Clothing,1,155.84,0.05,9,0,4.0
O09481,2024-11-20,C0085,Home & kitchen,4,22.78,0.2,6,0,3.0
O09482,2024-11-20,C0207,Books,2,9.62,0.15,5,0,5.0
O09483,2024-11-20,C0832,Clothing,3,81.86,0.2,8,1,3.0
O09484,2024-11-20,C1547,Clothing,1,12.55,0.0,3,0,3.0
O09485,2024-11-20,C1489,Beauty,4,25.56,0.0,3,0,5.0
O09486,2024-11-20,C1390,Clothing,1,43.54,0.0,3,0,4.0
O09487,2024-11-20,C1717,Beauty,2,15.95,0.0,10,0,3.0
O09488,2024-11-20,C1184,Books,2,17.71,0.0,5,0,5.0
O09489,2024-11-20,C0268,Beauty,2,22.81,0.0,4,0,4.0
O09490,2024-11-20,C1920,Sports & outdoors,1,37.26,0.05,9,0,
O09491,2024-11-20,C0800,Sports & outdoors,3,28.46,0.3,7,0,5.0
O09492,2024-11-20,C0150,Toys,1,18.97,0.3,2,0,5.0
O09493,2024-11-20,C1101,Electronics,4,215.95,0.05,2,0,
O09494,2024-11-20,C0955,Beauty,1,13.06,0.2,2,0,4.0
O09495,2024-11-20,C0713,Beauty,1,16.4,0.2,6,0,4.0
O09496,2024-11-20,C1672,Clothing,2,33.28,0.0,2,0,4.0
O09497,2024-11-21,C0276,Toys,1,24.51,0.3,3,1,4.0
O09498,2024-11-21,C0474,Books,3,12.03,0.2,3,0,5.0
O09499,2024-11-21,C1278,Clothing,4,26.42,0.1,2,1,4.0
O09500,2024-11-21,C0274,Electronics,1,308.77,0.3,3,1,3.0
O09501,2024-11-21,C0954,Books,1,10.43,0.0,3,1,3.0
O09502,2024-11-21,C1998,Toys,3,29.67,0.3,4,0,5.0
O09503,2024-11-21,C1963,Books,2,18.51,0.1,2,0,5.0
O09504,2024-11-21,C0899,Beauty,2,10.51,0.1,1,1,3.0
O09505,2024-11-21,C0694,Toys,1,23.27,0.0,3,1,3.0
O09506,2024-11-21,C0174,Toys,1,23.96,0.0,6,0,4.0
O09507,2024-11-21,C1797,Clothing,1,46.93,0.1,4,0,4.0
O09508,2024-11-21,C1989,Electronics,2,460.51,0.2,3,1,
O09509,2024-11-21,C1907,Home & kitchen,1,24.72,0.1,6,0,5.0
O09510,2024-11-21,C0068,Clothing,4,41.14,0.3,2,0,4.0
O09511,2024-11-21,C1917,Toys,2,19.59,0.0,2,0,4.0
O09512,2024-11-21,C1738,Home & kitchen,4,68.46,0.2,1,0,4.0
O09513,2024-11-21,C0358,Sports & outdoors,1,41.49,0.0,1,0,4.0
O09514,2024-11-21,C1111,Beauty,2,27.44,0.2,5,0,5.0
O09515,2024-11-21,C1338,Sports & outdoors,3,31.67,0.15,5,0,4.0
O09516,2024-11-21,C0436,Toys,3,30.41,0.0,3,0,3.0
O09517,2024-11-21,C0204,Toys,2,51.03,0.0,11,0,3.0
O09518,2024-11-21,C1734,Home & kitchen,4,85.69,0.2,1,0,5.0
O09519,2024-11-21,C0160,Toys,4,34.19,0.0,10,0,2.0
O09520,2024-11-21,C1472,Home & kitchen,2,73.12,0.2,5,0,4.0
O09521,2024-11-21,C1436,Beauty,1,12.59,0.05,3,0,5.0
O09522,2024-11-21,C0298,Toys,1,25.49,0.1,1,0,5.0
O09523,2024-11-21,C0860,Clothing,2,70.75,0.05,3,0,4.0
O09524,2024-11-21,C0699,Beauty,2,43.59,0.05,9,1,2.0
O09525,2024-11-21,C1513,Electronics,2,360.52,0.05,2,0,5.0
O09526,2024-11-21,C1800,Clothing,3,31.52,0.3,2,1,2.0
O09527,2024-11-21,C0141,Toys,1,57.31,0.2,2,0,4.0
O09528,2024-11-21,C0993,Beauty,1,30.31,0.15,5,0,4.0
O09529,2024-11-21,C0316,Books,4,19.89,0.0,3,0,5.0
O09530,2024-11-21,C0501,Sports & outdoors,2,82.05,0.1,3,0,4.0
O09531,2024-11-21,C1173,Sports & outdoors,1,41.3,0.0,1,0,5.0
O09532,2024-11-21,C1306,Toys,1,60.53,0.1,3,0,5.0
O09533,2024-11-21,C0686,Home & kitchen,3,32.51,0.0,1,0,5.0
O09534,2024-11-21,C0615,Electronics,2,196.05,0.15,5,0,4.0
O09535,2024-11-21,C0792,Clothing,1,26.03,0.05,4,0,5.0
O09536,2024-11-21,C1065,Clothing,4,16.62,0.05,2,1,3.0
O09537,2024-11-21,C1135,Home & kitchen,1,45.92,0.15,6,0,4.0
O09538,2024-11-21,C0886,Clothing,1,105.3,0.1,2,0,4.0
O09539,2024-11-21,C0068,Beauty,4,19.98,0.05,3,0,4.0
O09540,2024-11-21,C0281,Books,2,16.27,0.0,3,0,5.0
O09541,2024-11-21,C0210,Clothing,3,50.52,0.2,2,0,5.0
O09542,2024-11-21,C1663,Beauty,3,26.0,0.0,12,1,2.0
O09543,2024-11-21,C1943,Electronics,4,158.06,0.0,2,0,5.0
O09544,2024-11-21,C0779,Books,1,29.25,0.0,2,0,4.0
O09545,2024-11-21,C1655,Beauty,1,10.19,0.05,3,0,4.0
O09546,2024-11-21,C1716,Clothing,1,15.77,0.3,3,0,4.0
O09547,2024-11-21,C1436,Home & kitchen,1,19.88,0.05,1,0,4.0
O09548,2024-11-21,C0860,Clothing,4,11.03,0.2,1,0,5.0
O09549,2024-11-21,C0421,Books,1,15.58,0.0,2,0,5.0
O09550,2024-11-21,C1852,Books,2,14.36,0.0,3,0,4.0
O09551,2024-11-21,C0810,Toys,3,35.72,0.0,1,0,5.0
O09552,2024-11-21,C0842,Clothing,4,40.16,0.3,2,0,5.0
O09553,2024-11-21,C0902,Books,2,23.59,0.0,5,0,4.0
O09554,2024-11-21,C0838,Home & kitchen,1,52.84,0.0,1,0,5.0
O09555,2024-11-21,C1496,Books,1,20.0,0.0,9,0,3.0
O09556,2024-11-21,C1148,Books,3,17.63,0.15,2,0,4.0
O09557,2024-11-21,C0847,Clothing,2,23.76,0.05,3,0,5.0
O09558,2024-11-21,C1837,Electronics,1,67.06,0.0,3,0,4.0
O09559,2024-11-21,C1253,Books,4,13.8,0.05,1,0,3.0
O09560,2024-11-21,C0441,Beauty,2,19.41,0.0,2,0,5.0
O09561,2024-11-21,C1253,Books,1,8.67,0.0,1,0,5.0
O09562,2024-11-21,C1867,Electronics,1,184.39,0.2,6,1,3.0
O09563,2024-11-21,C1750,Clothing,1,9.71,0.0,8,0,5.0
O09564,2024-11-21,C0959,Home & kitchen,1,54.27,0.15,2,0,4.0
O09565,2024-11-21,C1968,Home & kitchen,1,22.86,0.1,1,0,5.0
O09566,2024-11-21,C1549,Home & kitchen,3,30.19,0.0,6,0,5.0
O09567,2024-11-21,C0240,Electronics,4,441.74,0.1,1,0,4.0
O09568,2024-11-21,C1613,Home & kitchen,2,48.2,0.2,3,0,5.0
O09569,2024-11-21,C1921,Books,4,12.95,0.0,2,0,
O09570,2024-11-22,C0642,Home & kitchen,3,36.68,0.0,1,0,5.0
O09571,2024-11-22,C1330,Home & kitchen,1,40.08,0.0,6,0,5.0
O09572,2024-11-22,C0192,Books,1,13.94,0.05,3,0,4.0
O09573,2024-11-22,C0952,Electronics,2,195.15,0.3,2,0,4.0
O09574,2024-11-22,C1094,Home & kitchen,1,61.01,0.05,2,0,5.0
O09575,2024-11-22,C0250,Toys,4,50.33,0.0,4,0,3.0
O09576,2024-11-22,C0439,Home & kitchen,2,39.43,0.15,5,0,5.0
O09577,2024-11-22,C1904,Toys,4,23.02,0.05,2,0,5.0
O09578,2024-11-22,C1207,Books,2,8.59,0.05,8,0,4.0
O09579,2024-11-22,C0824,Electronics,2,473.16,0.0,5,0,4.0
O09580,2024-11-22,C1610,Books,1,9.48,0.3,3,0,5.0
O09581,2024-11-22,C0978,Beauty,2,21.08,0.3,5,0,5.0
O09582,2024-11-22,C0026,Books,3,6.44,0.0,2,0,5.0
O09583,2024-11-22,C0472,Clothing,1,44.2,0.1,1,0,5.0
O09584,2024-11-22,C1391,Beauty,4,13.98,0.15,2,0,4.0
O09585,2024-11-22,C0682,Beauty,1,22.38,0.0,2,0,5.0
O09586,2024-11-22,C1888,Beauty,3,20.51,0.3,7,1,2.0
O09587,2024-11-22,C1553,Beauty,1,16.67,0.15,4,0,5.0
O09588,2024-11-22,C0537,Books,3,14.21,0.15,1,0,5.0
O09589,2024-11-22,C0611,Clothing,2,33.36,0.05,6,0,5.0
O09590,2024-11-22,C0867,Books,2,10.58,0.1,4,0,5.0
O09591,2024-11-22,C0185,Electronics,2,120.34,0.0,4,0,5.0
O09592,2024-11-22,C0239,Clothing,1,40.57,0.0,3,0,5.0
O09593,2024-11-22,C0852,Sports & outdoors,4,50.58,0.05,2,0,5.0
O09594,2024-11-22,C0635,Books,1,21.45,0.05,4,0,4.0
O09595,2024-11-22,C1427,Electronics,4,103.16,0.0,2,0,5.0
O09596,2024-11-22,C1725,Toys,1,55.06,0.3,3,0,5.0
O09597,2024-11-22,C0046,Sports & outdoors,4,60.15,0.2,3,0,4.0
O09598,2024-11-22,C1519,Sports & outdoors,1,150.4,0.0,1,0,4.0
O09599,2024-11-22,C1996,Electronics,3,265.13,0.05,8,1,4.0
O09600,2024-11-22,C0112,Beauty,1,83.88,0.0,5,0,5.0
O09601,2024-11-22,C0988,Home & kitchen,1,13.43,0.3,1,0,5.0
O09602,2024-11-22,C1353,Beauty,1,12.66,0.0,8,1,3.0
O09603,2024-11-22,C0622,Sports & outdoors,2,115.39,0.0,2,0,5.0
O09604,2024-11-22,C0002,Electronics,3,97.74,0.2,1,0,5.0
O09605,2024-11-22,C0545,Sports & outdoors,2,47.98,0.0,1,0,4.0
O09606,2024-11-22,C1806,Sports & outdoors,1,89.9,0.3,2,0,5.0
O09607,2024-11-22,C0134,Electronics,1,95.87,0.15,3,0,5.0
O09608,2024-11-22,C0613,Sports & outdoors,2,63.64,0.3,3,0,5.0
O09609,2024-11-22,C1429,Clothing,2,55.55,0.2,1,1,3.0
O09610,2024-11-22,C0791,Electronics,2,298.72,0.2,1,0,4.0
O09611,2024-11-22,C1063,Clothing,1,12.91,0.15,1,0,5.0
O09612,2024-11-22,C0257,Electronics,2,528.05,0.1,1,1,2.0
O09613,2024-11-22,C0678,Home & kitchen,4,43.2,0.05,1,0,5.0
O09614,2024-11-22,C0383,Sports & outdoors,1,20.59,0.2,2,0,4.0
O09615,2024-11-22,C1710,Sports & outdoors,4,51.05,0.0,6,0,5.0
O09616,2024-11-22,C0384,Books,1,24.01,0.3,5,0,3.0
O09617,2024-11-22,C1075,Beauty,1,23.04,0.0,2,0,4.0
O09618,2024-11-22,C1237,Clothing,2,39.25,0.1,4,0,5.0
O09619,2024-11-22,C0135,Sports & outdoors,4,143.11,0.0,4,0,5.0
O09620,2024-11-22,C1035,Home & kitchen,1,58.23,0.0,5,0,3.0
O09621,2024-11-22,C0742,Electronics,1,175.51,0.0,1,0,5.0
O09622,2024-11-22,C1918,Clothing,2,43.12,0.1,3,0,5.0
O09623,2024-11-22,C1405,Electronics,3,395.8,0.0,2,0,3.0
O09624,2024-11-22,C1620,Electronics,1,469.32,0.15,4,0,5.0
O09625,2024-11-22,C0216,Sports & outdoors,3,105.34,0.0,3,0,5.0
O09626,2024-11-22,C0961,Books,1,5.44,0.3,2,0,5.0
O09627,2024-11-22,C1523,Books,3,14.61,0.3,2,0,4.0
O09628,2024-11-22,C0918,Books,2,21.11,0.1,1,0,4.0
O09629,2024-11-22,C1999,Home & kitchen,1,73.27,0.0,1,0,
O09630,2024-11-22,C1514,Sports & outdoors,2,113.87,0.0,1,0,
O09631,2024-11-23,C0791,Books,3,9.65,0.3,1,0,4.0
O09632,2024-11-23,C0937,Clothing,2,29.62,0.2,1,0,5.0
O09633,2024-11-23,C1900,Home & kitchen,2,67.0,0.15,1,0,4.0
O09634,2024-11-23,C0142,Books,1,11.17,0.2,3,0,4.0
O09635,2024-11-23,C1460,Sports & outdoors,2,47.85,0.2,3,0,5.0
O09636,2024-11-23,C0948,Home & kitchen,3,28.69,0.0,3,0,5.0
O09637,2024-11-23,C1210,Beauty,1,15.52,0.1,1,1,4.0
O09638,2024-11-23,C1731,Books,1,9.65,0.3,5,0,5.0
O09639,2024-11-23,C0411,Books,1,17.51,0.3,4,0,5.0
O09640,2024-11-23,C0854,Books,3,8.25,0.15,3,0,5.0
O09641,2024-11-23,C1333,Books,3,10.71,0.2,7,0,5.0
O09642,2024-11-23,C1885,Electronics,4,263.53,0.0,2,0,5.0
O09643,2024-11-23,C1894,Electronics,1,325.07,0.3,5,0,4.0
O09644,2024-11-23,C0957,Clothing,3,56.82,0.2,5,1,3.0
O09645,2024-11-23,C1691,Home & kitchen,1,71.07,0.1,1,0,5.0
O09646,2024-11-23,C0051,Toys,3,26.25,0.0,3,0,5.0
O09647,2024-11-23,C1302,Home & kitchen,4,53.35,0.15,1,1,2.0
O09648,2024-11-23,C0058,Electronics,1,107.68,0.0,5,0,4.0
O09649,2024-11-23,C1976,Books,3,15.76,0.0,5,0,3.0
O09650,2024-11-23,C0510,Electronics,3,65.03,0.1,8,0,
O09651,2024-11-23,C1670,Sports & outdoors,4,48.77,0.15,3,0,4.0
O09652,2024-11-23,C0136,Electronics,3,192.54,0.0,4,0,4.0
O09653,2024-11-23,C0419,Beauty,1,15.62,0.0,10,0,3.0
O09654,2024-11-23,C1453,Sports & outdoors,2,105.13,0.3,2,1,4.0
O09655,2024-11-23,C0824,Electronics,2,49.73,0.15,6,0,5.0
O09656,2024-11-23,C0904,Toys,2,35.0,0.1,4,0,5.0
O09657,2024-11-23,C1087,Toys,1,32.28,0.15,5,0,5.0
O09658,2024-11-23,C1106,Clothing,1,29.73,0.05,2,0,5.0
O09659,2024-11-23,C1336,Books,4,13.54,0.0,7,0,5.0
O09660,2024-11-23,C1762,Electronics,2,193.43,0.0,8,0,3.0
O09661,2024-11-23,C0774,Home & kitchen,4,138.72,0.0,2,0,5.0
O09662,2024-11-23,C0614,Clothing,1,30.45,0.15,2,0,4.0
O09663,2024-11-23,C0587,Home & kitchen,1,67.57,0.15,1,1,3.0
O09664,2024-11-23,C0323,Electronics,2,131.58,0.15,4,0,4.0
O09665,2024-11-23,C1245,Clothing,4,40.25,0.1,6,1,3.0
O09666,2024-11-23,C1056,Electronics,3,109.38,0.05,1,0,5.0
O09667,2024-11-23,C1503,Beauty,4,13.26,0.2,7,0,4.0
O09668,2024-11-23,C0945,Books,2,15.22,0.3,3,0,4.0
O09669,2024-11-23,C0630,Beauty,4,47.43,0.15,2,0,5.0
O09670,2024-11-23,C1906,Books,2,12.42,0.3,5,1,4.0
O09671,2024-11-23,C1611,Beauty,4,24.85,0.0,3,0,5.0
O09672,2024-11-23,C0580,Home & kitchen,1,59.43,0.1,1,1,4.0
O09673,2024-11-23,C0610,Electronics,1,32.97,0.0,3,0,4.0
O09674,2024-11-23,C0863,Clothing,4,56.94,0.0,8,0,5.0
O09675,2024-11-23,C0009,Toys,3,27.95,0.0,9,0,3.0
O09676,2024-11-23,C0507,Sports & outdoors,1,108.93,0.15,4,0,5.0
O09677,2024-11-23,C0853,Electronics,2,155.06,0.3,1,0,5.0
O09678,2024-11-23,C1433,Books,1,22.55,0.0,4,0,5.0
O09679,2024-11-23,C1654,Toys,2,9.4,0.2,2,0,4.0
O09680,2024-11-23,C1969,Beauty,2,17.66,0.3,6,0,4.0
O09681,2024-11-23,C0251,Beauty,4,36.31,0.15,7,0,5.0
O09682,2024-11-23,C1298,Sports & outdoors,1,41.13,0.15,2,0,3.0
O09683,2024-11-23,C0165,Home & kitchen,4,47.69,0.15,5,0,3.0
O09684,2024-11-23,C1920,Home & kitchen,3,65.41,0.0,10,1,2.0
O09685,2024-11-23,C0901,Electronics,1,1416.63,0.0,2,0,5.0
O09686,2024-11-23,C0862,Clothing,2,30.67,0.3,5,0,4.0
O09687,2024-11-23,C0972,Sports & outdoors,3,59.46,0.15,1,0,4.0
O09688,2024-11-23,C0599,Books,1,13.13,0.05,2,0,5.0
O09689,2024-11-23,C0526,Home & kitchen,3,11.16,0.0,2,0,5.0
O09690,2024-11-23,C0422,Sports & outdoors,2,159.91,0.05,1,0,4.0
O09691,2024-11-23,C1481,Electronics,2,155.83,0.0,4,0,5.0
O09692,2024-11-23,C1762,Beauty,4,30.44,0.0,7,0,4.0
O09693,2024-11-23,C0034,Clothing,2,44.86,0.05,2,0,4.0
O09694,2024-11-23,C0642,Clothing,1,51.42,0.0,2,0,4.0
O09695,2024-11-23,C1879,Electronics,2,445.2,0.3,3,0,4.0
O09696,2024-11-23,C0547,Beauty,1,32.31,0.05,3,0,5.0
O09697,2024-11-23,C1631,Electronics,1,242.04,0.15,4,0,4.0
O09698,2024-11-23,C1997,Clothing,1,79.07,0.0,5,0,5.0
O09699,2024-11-23,C0448,Toys,4,24.85,0.0,3,0,4.0
O09700,2024-11-23,C1536,Home & kitchen,1,30.57,0.15,2,0,5.0
O09701,2024-11-24,C0332,Books,1,15.62,0.2,1,0,5.0
O09702,2024-11-24,C0827,Beauty,3,16.69,0.1,4,0,5.0
O09703,2024-11-24,C1066,Toys,2,21.28,0.05,2,0,4.0
O09704,2024-11-24,C0202,Sports & outdoors,1,81.45,0.0,4,0,3.0
O09705,2024-11-24,C0628,Sports & outdoors,1,90.71,0.15,2,0,5.0
O09706,2024-11-24,C0139,Toys,1,7.69,0.2,2,0,3.0
O09707,2024-11-24,C1760,Sports & outdoors,1,36.03,0.15,4,0,5.0
O09708,2024-11-24,C1698,Sports & outdoors,1,32.91,0.05,2,0,4.0
O09709,2024-11-24,C1996,Clothing,2,45.89,0.3,1,0,5.0
O09710,2024-11-24,C1557,Clothing,1,19.93,0.3,4,0,4.0
O09711,2024-11-24,C0001,Toys,1,9.06,0.15,6,0,4.0
O09712,2024-11-24,C0106,Books,1,16.92,0.1,1,0,5.0
O09713,2024-11-24,C0681,Electronics,3,545.1,0.05,1,1,4.0
O09714,2024-11-24,C0992,Toys,1,34.99,0.05,4,1,3.0
O09715,2024-11-24,C1145,Books,1,22.23,0.15,2,0,4.0
O09716,2024-11-24,C1593,Clothing,4,17.05,0.1,2,0,
O09717,2024-11-24,C0111,Clothing,3,14.18,0.1,3,0,4.0
O09718,2024-11-24,C0507,Electronics,1,174.35,0.1,3,0,5.0
O09719,2024-11-24,C0274,Home & kitchen,4,32.7,0.15,1,0,5.0
O09720,2024-11-24,C1265,Home & kitchen,2,44.77,0.3,6,0,4.0
O09721,2024-11-24,C0521,Books,4,15.88,0.3,2,0,4.0
O09722,2024-11-24,C0605,Books,2,19.33,0.0,2,0,5.0
O09723,2024-11-24,C1588,Sports & outdoors,4,66.2,0.0,5,0,4.0
O09724,2024-11-24,C1728,Clothing,3,22.26,0.2,3,0,5.0
O09725,2024-11-24,C0231,Sports & outdoors,3,230.37,0.15,4,0,5.0
O09726,2024-11-24,C0317,Sports & outdoors,1,101.04,0.0,4,0,5.0
O09727,2024-11-24,C1672,Clothing,4,31.81,0.2,7,0,4.0
O09728,2024-11-24,C1723,Toys,3,25.37,0.0,2,0,4.0
O09729,2024-11-24,C0966,Clothing,1,51.2,0.0,6,0,5.0
O09730,2024-11-24,C0845,Books,2,14.17,0.05,1,0,5.0
O09731,2024-11-24,C0546,Toys,1,20.87,0.3,2,1,4.0
O09732,2024-11-24,C0554,Clothing,1,37.72,0.15,1,0,5.0
O09733,2024-11-24,C1210,Electronics,3,72.1,0.0,6,0,3.0
O09734,2024-11-24,C1222,Clothing,1,27.95,0.0,1,0,5.0
O09735,2024-11-24,C1592,Clothing,1,34.49,0.0,4,0,4.0
O09736,2024-11-24,C0908,Beauty,2,26.11,0.1,4,0,3.0
O09737,2024-11-24,C1198,Home & kitchen,1,19.48,0.0,2,0,4.0
O09738,2024-11-24,C1092,Books,1,13.47,0.2,10,0,4.0
O09739,2024-11-24,C1494,Home & kitchen,4,44.2,0.0,2,0,5.0
O09740,2024-11-24,C1764,Books,2,13.79,0.2,2,0,5.0
O09741,2024-11-24,C1419,Books,1,11.38,0.05,6,0,5.0
O09742,2024-11-24,C0348,Books,4,13.24,0.2,2,0,4.0
O09743,2024-11-24,C1375,Electronics,4,125.39,0.0,3,0,5.0
O09744,2024-11-24,C1625,Electronics,4,246.2,0.05,4,0,4.0
O09745,2024-11-24,C0661,Clothing,1,39.11,0.0,3,0,4.0
O09746,2024-11-24,C1183,Clothing,3,26.98,0.2,3,0,5.0
O09747,2024-11-24,C1139,Electronics,2,569.58,0.05,7,0,4.0
O09748,2024-11-24,C0406,Electronics,1,365.97,0.2,3,0,5.0
O09749,2024-11-24,C1868,Home & kitchen,1,128.05,0.2,4,0,4.0
O09750,2024-11-24,C0720,Clothing,4,67.89,0.05,8,0,4.0
O09751,2024-11-24,C1165,Home & kitchen,1,60.75,0.0,2,0,4.0
O09752,2024-11-24,C0625,Clothing,3,15.01,0.15,1,0,5.0
O09753,2024-11-24,C0156,Clothing,1,20.72,0.2,4,0,5.0
O09754,2024-11-24,C0398,Home & kitchen,2,74.19,0.0,3,0,4.0
O09755,2024-11-24,C0460,Electronics,3,183.72,0.3,3,0,4.0
O09756,2024-11-25,C0516,Books,2,18.04,0.0,9,0,4.0
O09757,2024-11-25,C0227,Beauty,3,35.24,0.0,3,0,5.0
O09758,2024-11-25,C0943,Clothing,4,22.88,0.05,1,0,5.0
O09759,2024-11-25,C1903,Home & kitchen,3,56.55,0.2,3,0,5.0
O09760,2024-11-25,C1934,Sports & outdoors,3,48.72,0.0,3,0,5.0
O09761,2024-11-25,C1279,Sports & outdoors,4,276.35,0.0,5,0,5.0
O09762,2024-11-25,C1170,Beauty,1,29.75,0.0,4,0,4.0
O09763,2024-11-25,C1735,Sports & outdoors,1,111.04,0.0,6,0,3.0
O09764,2024-11-25,C0600,Sports & outdoors,4,99.14,0.2,1,0,4.0
O09765,2024-11-25,C0141,Electronics,2,314.91,0.3,1,1,3.0
O09766,2024-11-25,C0811,Home & kitchen,4,82.79,0.0,6,0,5.0
O09767,2024-11-25,C1448,Electronics,2,191.26,0.3,6,0,3.0
O09768,2024-11-25,C1299,Electronics,1,335.29,0.2,4,0,5.0
O09769,2024-11-25,C0008,Home & kitchen,2,74.34,0.0,3,0,4.0
O09770,2024-11-25,C1786,Books,1,17.82,0.1,4,0,4.0
O09771,2024-11-25,C1601,Books,1,11.99,0.1,1,0,5.0
O09772,2024-11-25,C1932,Clothing,3,24.59,0.0,3,0,4.0
O09773,2024-11-25,C0887,Home & kitchen,1,27.65,0.0,2,0,5.0
O09774,2024-11-25,C1215,Clothing,1,31.06,0.2,8,1,3.0
O09775,2024-11-25,C0216,Beauty,2,19.7,0.0,2,0,5.0
O09776,2024-11-25,C0056,Home & kitchen,4,75.76,0.0,1,0,4.0
O09777,2024-11-25,C0760,Home & kitchen,2,107.55,0.3,3,0,4.0
O09778,2024-11-25,C1584,Sports & outdoors,2,66.97,0.0,1,0,4.0
O09779,2024-11-25,C0233,Beauty,3,46.51,0.3,9,0,5.0
O09780,2024-11-25,C1538,Sports & outdoors,4,83.5,0.05,1,0,4.0
O09781,2024-11-25,C1743,Clothing,4,8.72,0.1,2,0,5.0
O09782,2024-11-25,C1839,Clothing,1,25.63,0.3,3,0,5.0
O09783,2024-11-25,C0647,Electronics,1,61.42,0.0,3,0,4.0
O09784,2024-11-25,C0921,Beauty,1,24.11,0.1,3,0,5.0
O09785,2024-11-25,C1737,Toys,4,39.57,0.2,6,0,4.0
O09786,2024-11-25,C1223,Electronics,1,589.63,0.15,1,0,5.0
O09787,2024-11-25,C1055,Home & kitchen,2,60.24,0.2,3,0,4.0
O09788,2024-11-25,C1993,Electronics,1,247.72,0.0,2,0,4.0
O09789,2024-11-25,C1563,Beauty,2,11.76,0.15,4,0,5.0
O09790,2024-11-25,C0510,Home & kitchen,1,38.57,0.15,7,0,3.0
O09791,2024-11-25,C0832,Clothing,1,13.71,0.0,12,0,3.0
O09792,2024-11-25,C1514,Sports & outdoors,1,46.34,0.0,1,0,5.0
O09793,2024-11-25,C0649,Electronics,2,797.47,0.1,3,0,4.0
O09794,2024-11-25,C0998,Beauty,3,22.25,0.0,6,0,
O09795,2024-11-25,C0305,Home & kitchen,1,35.24,0.2,3,0,4.0
O09796,2024-11-25,C1017,Sports & outdoors,1,47.54,0.0,8,0,3.0
O09797,2024-11-25,C0899,Sports & outdoors,2,51.92,0.3,4,0,4.0
O09798,2024-11-25,C0821,Toys,2,27.69,0.1,7,0,3.0
O09799,2024-11-25,C0800,Clothing,1,33.19,0.1,6,0,3.0
O09800,2024-11-25,C1494,Electronics,3,51.82,0.0,1,0,5.0
O09801,2024-11-25,C1666,Books,3,13.7,0.15,3,0,5.0
O09802,2024-11-25,C0601,Electronics,3,114.84,0.0,2,1,3.0
O09803,2024-11-25,C1482,Electronics,2,153.75,0.05,2,0,5.0
O09804,2024-11-25,C0101,Books,1,15.98,0.2,2,0,5.0
O09805,2024-11-25,C0402,Home & kitchen,3,44.74,0.0,3,0,5.0
O09806,2024-11-25,C0202,Toys,1,20.82,0.0,2,0,5.0
O09807,2024-11-25,C1628,Electronics,1,112.83,0.05,4,0,5.0
O09808,2024-11-25,C0217,Beauty,2,19.25,0.1,1,0,5.0
O09809,2024-11-25,C1527,Home & kitchen,1,324.92,0.2,2,0,4.0
O09810,2024-11-25,C0333,Clothing,1,35.69,0.15,3,0,3.0
O09811,2024-11-25,C1757,Electronics,2,371.2,0.0,2,0,5.0
O09812,2024-11-25,C1721,Sports & outdoors,1,37.92,0.15,4,0,4.0
O09813,2024-11-25,C1857,Sports & outdoors,1,71.89,0.1,1,0,4.0
O09814,2024-11-26,C0702,Sports & outdoors,2,137.54,0.15,2,0,4.0
O09815,2024-11-26,C0450,Sports & outdoors,2,32.95,0.3,3,0,5.0
O09816,2024-11-26,C0425,Home & kitchen,1,31.49,0.0,1,0,5.0
O09817,2024-11-26,C0782,Electronics,1,871.5,0.2,2,1,2.0
O09818,2024-11-26,C0309,Sports & outdoors,1,16.93,0.0,1,0,5.0
O09819,2024-11-26,C1640,Clothing,4,33.3,0.3,5,0,4.0
O09820,2024-11-26,C0868,Toys,1,14.87,0.05,3,0,5.0
O09821,2024-11-26,C0867,Toys,2,39.99,0.3,4,0,4.0
O09822,2024-11-26,C1069,Home & kitchen,1,76.09,0.2,6,0,4.0
O09823,2024-11-26,C0719,Electronics,3,55.66,0.3,6,1,3.0
O09824,2024-11-26,C0790,Clothing,1,12.89,0.0,5,0,5.0
O09825,2024-11-26,C0770,Electronics,2,96.59,0.0,1,1,4.0
O09826,2024-11-26,C0380,Home & kitchen,3,25.03,0.15,2,0,4.0
O09827,2024-11-26,C1687,Books,3,14.36,0.0,4,0,4.0
O09828,2024-11-26,C0081,Electronics,2,127.45,0.05,3,0,4.0
O09829,2024-11-26,C1323,Home & kitchen,3,24.07,0.0,1,0,5.0
O09830,2024-11-26,C1856,Electronics,1,242.17,0.15,2,0,5.0
O09831,2024-11-26,C0773,Clothing,2,69.55,0.2,1,0,4.0
O09832,2024-11-26,C1899,Beauty,2,18.57,0.2,2,0,4.0
O09833,2024-11-26,C0278,Sports & outdoors,1,33.33,0.15,5,0,4.0
O09834,2024-11-26,C1696,Home & kitchen,1,42.28,0.1,2,0,5.0
O09835,2024-11-26,C0804,Beauty,2,30.34,0.2,1,0,5.0
O09836,2024-11-26,C0682,Electronics,2,96.74,0.0,3,0,4.0
O09837,2024-11-26,C0468,Toys,1,49.75,0.15,3,0,3.0
O09838,2024-11-26,C0848,Clothing,2,45.17,0.1,5,0,4.0
O09839,2024-11-26,C1772,Sports & outdoors,2,34.67,0.3,3,0,4.0
O09840,2024-11-26,C0436,Clothing,3,28.22,0.05,6,0,5.0
O09841,2024-11-26,C0772,Sports & outdoors,1,52.94,0.3,3,0,5.0
O09842,2024-11-26,C0620,Toys,2,8.91,0.15,1,0,5.0
O09843,2024-11-26,C0572,Books,1,16.7,0.15,3,0,3.0
O09844,2024-11-26,C1166,Home & kitchen,1,64.83,0.3,2,0,3.0
O09845,2024-11-26,C1022,Clothing,3,27.76,0.3,4,0,5.0
O09846,2024-11-26,C1071,Sports & outdoors,1,20.15,0.0,8,0,4.0
O09847,2024-11-26,C1203,Books,1,12.59,0.2,3,0,5.0
O09848,2024-11-26,C0398,Home & kitchen,2,68.98,0.05,7,0,3.0
O09849,2024-11-26,C0357,Sports & outdoors,2,76.86,0.3,1,0,5.0
O09850,2024-11-26,C1197,Sports & outdoors,1,53.89,0.0,6,0,4.0
O09851,2024-11-26,C1284,Clothing,2,21.06,0.2,1,0,4.0
O09852,2024-11-26,C0357,Books,1,12.62,0.05,5,0,5.0
O09853,2024-11-26,C1106,Beauty,2,30.59,0.3,6,0,4.0
O09854,2024-11-26,C1076,Toys,4,26.15,0.0,2,0,4.0
O09855,2024-11-26,C1101,Home & kitchen,1,79.67,0.0,2,0,5.0
O09856,2024-11-26,C1037,Home & kitchen,1,32.31,0.0,5,0,4.0
O09857,2024-11-26,C0836,Clothing,1,26.05,0.0,2,0,4.0
O09858,2024-11-26,C1457,Electronics,2,663.66,0.0,1,0,5.0
O09859,2024-11-26,C0485,Electronics,2,74.63,0.0,5,0,4.0
O09860,2024-11-26,C1958,Clothing,2,55.54,0.3,3,0,4.0
O09861,2024-11-26,C1324,Clothing,2,23.15,0.05,5,0,4.0
O09862,2024-11-26,C0005,Electronics,3,878.12,0.1,1,0,4.0
O09863,2024-11-26,C0312,Home & kitchen,1,18.73,0.0,2,0,4.0
O09864,2024-11-26,C0128,Home & kitchen,1,34.64,0.05,2,0,5.0
O09865,2024-11-26,C0831,Home & kitchen,1,33.72,0.3,6,0,5.0
O09866,2024-11-26,C1443,Books,2,13.56,0.15,10,0,3.0
O09867,2024-11-26,C1744,Clothing,1,87.71,0.0,6,0,5.0
O09868,2024-11-26,C1914,Clothing,1,69.47,0.2,2,0,5.0
O09869,2024-11-26,C0028,Books,4,8.57,0.15,1,0,4.0
O09870,2024-11-26,C0795,Electronics,1,211.39,0.0,3,0,
O09871,2024-11-26,C0685,Books,1,13.11,0.15,2,1,3.0
O09872,2024-11-26,C0219,Electronics,2,160.17,0.1,2,0,5.0
O09873,2024-11-26,C1846,Electronics,1,238.21,0.1,1,0,5.0
O09874,2024-11-27,C0687,Home & kitchen,4,22.66,0.2,2,0,5.0
O09875,2024-11-27,C1986,Sports & outdoors,1,80.34,0.0,9,0,3.0
O09876,2024-11-27,C1883,Sports & outdoors,4,124.26,0.0,4,0,4.0
O09877,2024-11-27,C1758,Books,1,22.52,0.0,1,0,5.0
O09878,2024-11-27,C1832,Books,3,15.96,0.05,3,0,
O09879,2024-11-27,C0886,Books,1,7.61,0.0,5,0,4.0
O09880,2024-11-27,C1549,Clothing,1,13.32,0.1,4,0,4.0
O09881,2024-11-27,C0823,Electronics,4,91.66,0.15,5,0,5.0
O09882,2024-11-27,C0128,Books,1,7.07,0.0,1,0,4.0
O09883,2024-11-27,C0746,Clothing,4,37.87,0.1,1,0,5.0
O09884,2024-11-27,C1991,Home & kitchen,3,27.01,0.15,2,0,4.0
O09885,2024-11-27,C1988,Home & kitchen,2,30.92,0.2,4,0,5.0
O09886,2024-11-27,C1348,Sports & outdoors,1,29.82,0.3,3,1,2.0
O09887,2024-11-27,C0363,Books,3,10.74,0.05,2,1,4.0
O09888,2024-11-27,C0796,Books,1,19.34,0.1,6,0,4.0
O09889,2024-11-27,C1584,Electronics,2,30.16,0.05,3,1,3.0
O09890,2024-11-27,C0136,Home & kitchen,4,80.07,0.15,4,0,
O09891,2024-11-27,C1376,Home & kitchen,1,27.37,0.15,6,0,4.0
O09892,2024-11-27,C1388,Beauty,1,16.45,0.0,3,0,
O09893,2024-11-27,C1444,Sports & outdoors,2,49.68,0.15,6,0,3.0
O09894,2024-11-27,C1908,Books,2,12.63,0.0,3,0,3.0
O09895,2024-11-27,C0713,Beauty,4,22.55,0.0,5,0,4.0
O09896,2024-11-27,C1778,Electronics,3,74.27,0.1,6,0,4.0
O09897,2024-11-27,C1793,Books,2,14.75,0.2,2,0,5.0
O09898,2024-11-27,C0611,Clothing,2,42.75,0.3,3,0,5.0
O09899,2024-11-27,C1142,Toys,2,65.19,0.0,7,0,4.0
O09900,2024-11-27,C1963,Books,2,15.44,0.0,4,0,5.0
O09901,2024-11-27,C0875,Home & kitchen,1,41.98,0.0,2,0,5.0
O09902,2024-11-27,C0357,Toys,2,31.46,0.2,2,1,2.0
O09903,2024-11-27,C0036,Clothing,1,59.82,0.1,2,0,4.0
O09904,2024-11-27,C0419,Books,1,14.5,0.0,1,0,4.0
O09905,2024-11-27,C0434,Electronics,3,251.11,0.1,1,0,5.0
O09906,2024-11-27,C1700,Clothing,1,59.48,0.3,2,0,5.0
O09907,2024-11-27,C0253,Electronics,1,62.15,0.0,5,0,4.0
O09908,2024-11-27,C0778,Beauty,3,29.58,0.0,3,0,4.0
O09909,2024-11-27,C0146,Clothing,2,44.27,0.1,3,1,3.0
O09910,2024-11-27,C1661,Books,2,11.8,0.2,1,0,5.0
O09911,2024-11-27,C1740,Clothing,1,39.69,0.05,1,0,4.0
O09912,2024-11-27,C1012,Home & kitchen,2,49.03,0.0,4,1,3.0
O09913,2024-11-27,C1722,Beauty,1,51.01,0.1,1,0,5.0
O09914,2024-11-27,C1003,Electronics,1,149.41,0.1,5,0,4.0
O09915,2024-11-27,C0310,Books,1,22.29,0.15,6,0,4.0
O09916,2024-11-27,C1308,Toys,2,16.95,0.0,1,0,5.0
O09917,2024-11-27,C1179,Clothing,1,23.91,0.1,4,1,3.0
O09918,2024-11-27,C1483,Home & kitchen,1,56.15,0.15,2,0,5.0
O09919,2024-11-27,C1819,Home & kitchen,1,29.66,0.0,5,0,4.0
O09920,2024-11-27,C1046,Toys,3,28.81,0.0,4,0,4.0
O09921,2024-11-27,C1646,Books,2,21.62,0.0,1,0,5.0
O09922,2024-11-27,C0830,Beauty,1,26.32,0.2,6,0,3.0
O09923,2024-11-27,C0731,Sports & outdoors,1,85.77,0.15,5,0,4.0
O09924,2024-11-27,C0177,Home & kitchen,4,33.64,0.0,3,0,5.0
O09925,2024-11-28,C1988,Beauty,2,24.89,0.0,3,0,5.0
O09926,2024-11-28,C0462,Electronics,4,723.85,0.05,3,0,5.0
O09927,2024-11-28,C0833,Beauty,1,12.5,0.0,2,0,5.0
O09928,2024-11-28,C0295,Clothing,1,35.62,0.0,1,0,5.0
O09929,2024-11-28,C1920,Books,2,9.0,0.3,3,1,3.0
O09930,2024-11-28,C1456,Toys,1,17.74,0.0,1,0,5.0
O09931,2024-11-28,C0178,Home & kitchen,1,21.86,0.0,2,0,4.0
O09932,2024-11-28,C0990,Home & kitchen,4,36.31,0.2,5,0,4.0
O09933,2024-11-28,C1737,Home & kitchen,2,86.77,0.2,7,0,5.0
O09934,2024-11-28,C1799,Home & kitchen,2,73.85,0.0,1,0,5.0
O09935,2024-11-28,C0882,Home & kitchen,1,72.74,0.0,3,0,4.0
O09936,2024-11-28,C0745,Clothing,1,24.92,0.3,1,1,3.0
O09937,2024-11-28,C0278,Books,1,15.63,0.2,5,0,5.0
O09938,2024-11-28,C1410,Home & kitchen,3,76.04,0.3,5,1,3.0
O09939,2024-11-28,C0209,Books,1,17.82,0.0,5,0,4.0
O09940,2024-11-28,C0288,Books,1,20.25,0.15,2,0,5.0
O09941,2024-11-28,C1607,Beauty,1,13.37,0.1,1,0,4.0
O09942,2024-11-28,C1976,Sports & outdoors,2,80.81,0.0,2,0,5.0
O09943,2024-11-28,C1671,Toys,3,28.72,0.05,11,1,2.0
O09944,2024-11-28,C0821,Beauty,1,27.94,0.3,8,0,4.0
O09945,2024-11-28,C0642,Electronics,1,267.73,0.0,3,1,3.0
O09946,2024-11-28,C1007,Electronics,3,50.12,0.0,1,0,4.0
O09947,2024-11-28,C1168,Electronics,1,50.39,0.0,10,0,4.0
O09948,2024-11-28,C1985,Electronics,4,1247.79,0.15,3,0,4.0
O09949,2024-11-28,C1593,Clothing,4,45.15,0.0,1,0,5.0
O09950,2024-11-28,C0772,Books,2,10.44,0.0,2,0,5.0
O09951,2024-11-28,C0511,Clothing,4,38.56,0.1,1,0,5.0
O09952,2024-11-28,C1293,Books,2,8.23,0.1,1,0,5.0
O09953,2024-11-28,C0421,Beauty,3,31.4,0.15,5,0,4.0
O09954,2024-11-28,C1571,Home & kitchen,2,26.5,0.1,2,0,5.0
O09955,2024-11-28,C1204,Toys,3,17.68,0.0,1,0,5.0
O09956,2024-11-28,C0889,Toys,4,57.41,0.3,1,0,5.0
O09957,2024-11-28,C0829,Beauty,2,14.86,0.0,4,0,4.0
O09958,2024-11-28,C1652,Home & kitchen,1,71.79,0.2,3,0,5.0
O09959,2024-11-28,C1197,Home & kitchen,3,46.81,0.0,3,0,4.0
O09960,2024-11-28,C0999,Home & kitchen,2,70.62,0.0,1,0,5.0
O09961,2024-11-28,C0138,Books,1,11.81,0.0,5,0,5.0
O09962,2024-11-28,C0130,Sports & outdoors,3,43.59,0.2,5,0,5.0
O09963,2024-11-28,C0720,Books,3,19.81,0.1,5,0,5.0
O09964,2024-11-28,C0482,Clothing,4,30.96,0.0,4,1,4.0
O09965,2024-11-28,C0639,Beauty,1,12.75,0.05,2,0,4.0
O09966,2024-11-28,C1626,Home & kitchen,2,22.39,0.05,2,1,
O09967,2024-11-28,C1102,Electronics,3,202.52,0.3,6,1,3.0
O09968,2024-11-28,C1837,Clothing,2,46.23,0.2,3,0,4.0
O09969,2024-11-28,C1874,Books,1,10.37,0.2,4,0,4.0
O09970,2024-11-28,C0350,Toys,1,26.42,0.1,2,0,5.0
O09971,2024-11-28,C1876,Sports & outdoors,1,121.24,0.0,3,0,5.0
O09972,2024-11-28,C1895,Clothing,1,35.68,0.0,9,0,5.0
O09973,2024-11-28,C0004,Books,2,18.29,0.05,3,0,3.0
O09974,2024-11-28,C0966,Electronics,4,60.01,0.0,5,0,3.0
O09975,2024-11-28,C1003,Books,4,21.76,0.0,1,0,5.0
O09976,2024-11-28,C0337,Home & kitchen,1,25.68,0.0,3,0,4.0
O09977,2024-11-28,C1954,Toys,4,20.18,0.0,3,0,4.0
O09978,2024-11-28,C0074,Home & kitchen,2,48.89,0.2,4,0,5.0
O09979,2024-11-28,C1883,Electronics,2,414.75,0.0,1,0,4.0
O09980,2024-11-28,C0263,Sports & outdoors,4,12.33,0.15,6,0,3.0
O09981,2024-11-28,C1865,Electronics,1,136.32,0.0,3,0,
O09982,2024-11-28,C0372,Sports & outdoors,4,94.52,0.0,4,0,5.0
O09983,2024-11-28,C0097,Electronics,1,404.68,0.15,9,0,4.0
O09984,2024-11-28,C1394,Electronics,1,168.09,0.0,1,0,3.0
O09985,2024-11-28,C0681,Clothing,1,33.1,0.1,3,0,5.0
O09986,2024-11-28,C0412,Books,2,14.01,0.0,2,0,5.0
O09987,2024-11-28,C0387,Electronics,2,152.5,0.1,9,0,
O09988,2024-11-28,C0348,Books,1,12.91,0.2,5,0,5.0
O09989,2024-11-28,C1509,Beauty,2,25.54,0.2,2,0,5.0
O09990,2024-11-28,C0156,Sports & outdoors,2,196.86,0.05,2,0,5.0
O09991,2024-11-28,C1598,Electronics,1,439.68,0.1,2,1,
O09992,2024-11-28,C1000,Sports & outdoors,2,35.63,0.05,6,0,4.0
O09993,2024-11-28,C0977,Toys,1,27.46,0.0,2,0,4.0
O09994,2024-11-28,C0092,Books,3,11.84,0.0,5,0,5.0
O09995,2024-11-28,C1851,Clothing,4,49.01,0.15,4,0,4.0
O09996,2024-11-28,C1752,Sports & outdoors,4,113.23,0.0,3,0,4.0
O09997,2024-11-29,C0287,Toys,3,14.44,0.2,1,0,4.0
O09998,2024-11-29,C0773,Home & kitchen,3,68.57,0.2,5,0,4.0
O09999,2024-11-29,C0404,Electronics,1,90.31,0.0,5,0,4.0
O10000,2024-11-29,C1297,Books,3,8.71,0.15,2,0,4.0
O10001,2024-11-29,C1939,Home & kitchen,1,80.41,0.0,9,0,5.0
O10002,2024-11-29,C1303,Electronics,1,465.57,0.3,7,0,4.0
O10003,2024-11-29,C1320,Clothing,4,13.35,0.0,4,0,5.0
O10004,2024-11-29,C1002,Clothing,1,33.54,0.05,4,1,3.0
O10005,2024-11-29,C1979,Sports & outdoors,3,48.85,0.0,4,0,3.0
O10006,2024-11-29,C1279,Beauty,1,9.82,0.0,6,0,5.0
O10007,2024-11-29,C0763,Electronics,2,46.14,0.0,5,0,4.0
O10008,2024-11-29,C1671,Books,1,16.07,0.0,11,0,4.0
O10009,2024-11-29,C1858,Beauty,4,32.98,0.0,1,1,3.0
O10010,2024-11-29,C1195,Toys,2,27.75,0.3,2,0,4.0
O10011,2024-11-29,C0626,Beauty,2,28.78,0.0,4,0,3.0
O10012,2024-11-29,C1493,Books,2,19.26,0.0,3,0,4.0
O10013,2024-11-29,C0202,Clothing,1,129.04,0.0,3,0,5.0
O10014,2024-11-29,C0584,Books,1,13.11,0.1,5,0,3.0
O10015,2024-11-29,C1702,Sports & outdoors,1,199.69,0.0,7,0,4.0
O10016,2024-11-29,C1087,Toys,1,29.23,0.0,1,1,4.0
O10017,2024-11-29,C1162,Electronics,1,113.59,0.3,5,0,4.0
O10018,2024-11-29,C1911,Electronics,2,43.49,0.0,5,0,4.0
O10019,2024-11-29,C0248,Home & kitchen,2,82.53,0.05,4,0,4.0
O10020,2024-11-29,C0362,Toys,1,60.29,0.3,2,0,5.0
O10021,2024-11-29,C0387,Home & kitchen,1,51.47,0.15,2,0,5.0
O10022,2024-11-29,C0059,Beauty,3,23.18,0.0,2,0,5.0
O10023,2024-11-29,C1114,Beauty,1,11.68,0.0,9,0,3.0
O10024,2024-11-29,C1988,Beauty,1,52.77,0.1,3,1,3.0
O10025,2024-11-29,C0668,Toys,2,22.08,0.0,2,0,4.0
O10026,2024-11-29,C0974,Sports & outdoors,2,80.31,0.0,5,0,
O10027,2024-11-29,C0012,Beauty,1,13.2,0.0,3,0,3.0
O10028,2024-11-29,C0308,Clothing,2,31.14,0.3,7,0,3.0
O10029,2024-11-29,C1135,Beauty,1,29.26,0.0,2,0,5.0
O10030,2024-11-29,C0484,Home & kitchen,1,76.4,0.2,3,0,5.0
O10031,2024-11-29,C1016,Beauty,3,13.19,0.2,2,0,5.0
O10032,2024-11-29,C0924,Electronics,3,759.71,0.0,3,0,5.0
O10033,2024-11-29,C1614,Books,1,21.39,0.15,4,1,2.0
O10034,2024-11-29,C0641,Books,1,16.21,0.3,1,0,4.0
O10035,2024-11-29,C0885,Electronics,3,267.2,0.2,8,0,5.0
O10036,2024-11-29,C1785,Home & kitchen,4,52.47,0.0,4,0,5.0
O10037,2024-11-29,C0615,Clothing,3,74.54,0.05,1,0,4.0
O10038,2024-11-29,C1687,Beauty,1,16.88,0.05,1,0,3.0
O10039,2024-11-29,C0230,Clothing,2,43.24,0.3,4,0,
O10040,2024-11-29,C0838,Beauty,2,16.13,0.3,2,1,2.0
O10041,2024-11-29,C0285,Home & kitchen,3,75.31,0.0,4,0,4.0
O10042,2024-11-29,C0354,Home & kitchen,4,67.42,0.0,5,0,5.0
O10043,2024-11-29,C1985,Home & kitchen,1,73.26,0.0,4,0,4.0
O10044,2024-11-29,C0858,Toys,1,17.89,0.3,5,1,3.0
O10045,2024-11-29,C0123,Home & kitchen,3,53.47,0.0,1,0,4.0
O10046,2024-11-29,C1924,Toys,1,15.56,0.05,2,0,5.0
O10047,2024-11-29,C0400,Toys,2,64.09,0.1,8,0,4.0
O10048,2024-11-29,C1953,Electronics,2,202.19,0.2,1,1,4.0
O10049,2024-11-29,C1719,Home & kitchen,1,55.7,0.2,6,0,5.0
O10050,2024-11-29,C0538,Home & kitchen,1,83.62,0.0,7,0,4.0
O10051,2024-11-29,C0452,Home & kitchen,4,65.67,0.0,2,0,5.0
O10052,2024-11-29,C1939,Books,3,10.83,0.1,7,0,5.0
O10053,2024-11-29,C0625,Home & kitchen,2,29.93,0.1,3,0,3.0
O10054,2024-11-30,C0636,Electronics,3,149.5,0.1,5,0,4.0
O10055,2024-11-30,C0986,Electronics,1,172.8,0.15,2,0,
O10056,2024-11-30,C1206,Books,1,10.37,0.0,3,0,5.0
O10057,2024-11-30,C0612,Electronics,4,744.11,0.05,1,0,5.0
O10058,2024-11-30,C0098,Clothing,1,22.25,0.0,3,0,5.0
O10059,2024-11-30,C0313,Books,1,17.63,0.0,1,0,5.0
O10060,2024-11-30,C1290,Clothing,4,29.74,0.1,4,0,3.0
O10061,2024-11-30,C1223,Clothing,1,35.23,0.0,1,0,5.0
O10062,2024-11-30,C0353,Clothing,1,20.51,0.2,2,0,4.0
O10063,2024-11-30,C0650,Clothing,2,58.0,0.0,4,0,5.0
O10064,2024-11-30,C0025,Electronics,1,89.66,0.3,4,0,4.0
O10065,2024-11-30,C1761,Beauty,1,19.28,0.0,5,0,5.0
O10066,2024-11-30,C1565,Home & kitchen,1,67.75,0.0,4,0,3.0
O10067,2024-11-30,C1809,Electronics,4,406.09,0.1,2,0,5.0
O10068,2024-11-30,C1627,Toys,2,23.08,0.15,8,0,5.0
O10069,2024-11-30,C1704,Home & kitchen,1,84.24,0.0,3,0,4.0
O10070,2024-11-30,C0798,Clothing,1,79.42,0.2,1,0,
O10071,2024-11-30,C0564,Electronics,1,392.76,0.0,1,0,5.0
O10072,2024-11-30,C0531,Electronics,4,119.0,0.05,2,0,4.0
O10073,2024-11-30,C1981,Home & kitchen,2,41.86,0.0,2,0,5.0
O10074,2024-11-30,C0821,Home & kitchen,1,45.88,0.0,3,0,3.0
O10075,2024-11-30,C0264,Home & kitchen,1,107.48,0.0,2,0,4.0
O10076,2024-11-30,C1355,Sports & outdoors,1,70.2,0.05,1,0,4.0
O10077,2024-11-30,C0286,Clothing,2,33.8,0.15,2,0,5.0
O10078,2024-11-30,C0723,Sports & outdoors,2,44.26,0.15,1,0,5.0
O10079,2024-11-30,C1318,Electronics,4,115.1,0.0,1,1,4.0
O10080,2024-11-30,C0052,Clothing,2,14.26,0.0,6,0,5.0
O10081,2024-11-30,C0503,Electronics,1,55.98,0.15,3,0,4.0
O10082,2024-11-30,C0836,Toys,1,37.46,0.0,3,0,5.0
O10083,2024-11-30,C0993,Sports & outdoors,4,66.91,0.3,3,0,5.0
O10084,2024-11-30,C0255,Books,2,16.82,0.1,4,0,4.0
O10085,2024-11-30,C0669,Beauty,2,17.75,0.0,3,0,4.0
O10086,2024-11-30,C1173,Electronics,3,116.71,0.0,1,0,5.0
O10087,2024-11-30,C1023,Clothing,4,38.18,0.0,3,0,5.0
O10088,2024-11-30,C0147,Toys,4,31.39,0.0,2,0,4.0
O10089,2024-11-30,C1832,Toys,2,13.13,0.1,5,0,5.0
O10090,2024-11-30,C1975,Sports & outdoors,3,111.48,0.0,5,0,
O10091,2024-11-30,C0529,Home & kitchen,1,17.01,0.1,9,0,3.0
O10092,2024-11-30,C0752,Books,4,8.71,0.0,2,0,5.0
O10093,2024-11-30,C0867,Electronics,1,202.84,0.05,2,1,3.0
O10094,2024-11-30,C1651,Books,2,12.84,0.0,3,0,4.0
O10095,2024-11-30,C0956,Beauty,2,32.2,0.0,2,0,
O10096,2024-11-30,C0914,Books,2,14.67,0.0,2,0,5.0
O10097,2024-11-30,C1185,Clothing,1,36.75,0.0,3,0,4.0
O10098,2024-11-30,C1630,Beauty,2,26.88,0.0,3,0,5.0
O10099,2024-11-30,C1953,Toys,2,47.02,0.3,4,0,5.0
O10100,2024-11-30,C0899,Electronics,1,279.37,0.1,3,0,5.0
O10101,2024-11-30,C1561,Clothing,1,20.34,0.05,5,0,4.0
O10102,2024-11-30,C0701,Electronics,3,148.7,0.0,5,0,5.0
O10103,2024-11-30,C0846,Beauty,1,13.68,0.2,6,0,5.0
O10104,2024-11-30,C0707,Books,1,13.92,0.3,7,0,4.0
O10105,2024-11-30,C0635,Home & kitchen,4,16.43,0.0,5,0,4.0
O10106,2024-11-30,C1688,Sports & outdoors,1,50.42,0.2,4,0,5.0
O10107,2024-11-30,C0647,Clothing,2,24.04,0.15,2,1,
O10108,2024-11-30,C1053,Home & kitchen,4,39.35,0.2,3,0,5.0
O10109,2024-11-30,C1307,Books,3,10.71,0.0,2,0,4.0
O10110,2024-11-30,C1897,Home & kitchen,2,18.69,0.2,5,0,5.0
O10111,2024-11-30,C1041,Books,1,13.95,0.05,2,0,5.0
O10112,2024-11-30,C0352,Electronics,4,207.45,0.0,5,1,2.0
O10113,2024-11-30,C1613,Home & kitchen,1,65.07,0.2,2,0,4.0
O10114,2024-11-30,C0469,Beauty,4,28.89,0.1,2,0,5.0
O10115,2024-12-01,C1885,Toys,2,32.88,0.2,2,0,5.0
O10116,2024-12-01,C0137,Clothing,1,39.89,0.15,1,0,5.0
O10117,2024-12-01,C0943,Electronics,4,94.65,0.1,1,1,4.0
O10118,2024-12-01,C0409,Home & kitchen,1,113.96,0.05,4,0,2.0
O10119,2024-12-01,C0254,Clothing,3,27.36,0.2,5,0,4.0
O10120,2024-12-01,C0809,Clothing,2,39.9,0.15,5,0,4.0
O10121,2024-12-01,C1701,Home & kitchen,3,39.42,0.0,3,0,4.0
O10122,2024-12-01,C1612,Clothing,1,53.39,0.0,4,0,4.0
O10123,2024-12-01,C1683,Toys,2,53.5,0.1,1,0,4.0
O10124,2024-12-01,C0670,Books,1,18.05,0.15,4,0,4.0
O10125,2024-12-01,C0619,Books,3,16.76,0.15,3,0,5.0
O10126,2024-12-01,C0274,Toys,4,67.11,0.1,1,0,5.0
O10127,2024-12-01,C1826,Home & kitchen,1,101.73,0.1,2,0,4.0
O10128,2024-12-01,C0631,Books,1,18.27,0.0,3,0,4.0
O10129,2024-12-01,C1935,Clothing,3,72.18,0.1,2,0,4.0
O10130,2024-12-01,C0686,Clothing,3,28.28,0.0,7,0,4.0
O10131,2024-12-01,C0933,Clothing,1,37.06,0.0,2,1,2.0
O10132,2024-12-01,C1812,Beauty,1,20.36,0.0,2,0,5.0
O10133,2024-12-01,C1644,Sports & outdoors,1,65.81,0.3,7,0,
O10134,2024-12-01,C0261,Home & kitchen,1,42.73,0.05,3,0,5.0
O10135,2024-12-01,C1455,Electronics,1,264.12,0.3,2,1,3.0
O10136,2024-12-01,C1819,Home & kitchen,3,60.29,0.0,8,1,3.0
O10137,2024-12-01,C0656,Electronics,1,44.44,0.3,3,0,4.0
O10138,2024-12-01,C1014,Toys,2,8.68,0.0,4,0,5.0
O10139,2024-12-01,C0421,Books,1,15.25,0.1,1,0,5.0
O10140,2024-12-01,C0974,Home & kitchen,3,88.91,0.05,1,0,5.0
O10141,2024-12-01,C1698,Clothing,1,27.22,0.3,2,0,5.0
O10142,2024-12-01,C0164,Electronics,1,359.52,0.2,2,0,4.0
O10143,2024-12-01,C0335,Home & kitchen,1,62.19,0.05,1,0,5.0
O10144,2024-12-01,C0265,Beauty,2,16.15,0.0,2,0,5.0
O10145,2024-12-01,C0188,Home & kitchen,1,60.17,0.0,3,0,5.0
O10146,2024-12-01,C1471,Sports & outdoors,3,108.03,0.15,3,0,5.0
O10147,2024-12-01,C0393,Beauty,2,15.75,0.1,3,0,3.0
O10148,2024-12-01,C1763,Sports & outdoors,2,46.87,0.3,2,0,5.0
O10149,2024-12-01,C1650,Toys,1,19.07,0.2,2,0,5.0
O10150,2024-12-01,C1949,Home & kitchen,2,68.53,0.2,4,0,4.0
O10151,2024-12-01,C0015,Sports & outdoors,1,22.87,0.3,1,0,4.0
O10152,2024-12-01,C1100,Beauty,4,24.9,0.3,1,0,5.0
O10153,2024-12-01,C0040,Clothing,1,26.29,0.2,3,0,4.0
O10154,2024-12-01,C0225,Home & kitchen,4,51.48,0.05,8,0,
O10155,2024-12-01,C0929,Electronics,3,74.24,0.0,1,0,4.0
O10156,2024-12-01,C1512,Beauty,1,19.8,0.0,2,0,4.0
O10157,2024-12-01,C0525,Toys,2,21.84,0.0,3,0,5.0
O10158,2024-12-01,C1193,Clothing,1,15.31,0.0,3,0,4.0
O10159,2024-12-01,C1320,Electronics,2,55.18,0.0,3,0,5.0
O10160,2024-12-01,C0724,Beauty,2,11.15,0.05,6,0,3.0
O10161,2024-12-01,C1959,Electronics,1,456.88,0.05,10,0,5.0
O10162,2024-12-01,C0477,Home & kitchen,2,44.45,0.2,6,1,3.0
O10163,2024-12-01,C0127,Home & kitchen,1,15.72,0.0,2,0,3.0
O10164,2024-12-01,C0817,Home & kitchen,3,43.37,0.2,2,0,5.0
O10165,2024-12-02,C1942,Home & kitchen,3,61.27,0.0,1,0,5.0
O10166,2024-12-02,C0091,Clothing,2,44.77,0.0,3,0,5.0
O10167,2024-12-02,C0429,Clothing,1,33.98,0.05,2,0,4.0
O10168,2024-12-02,C0787,Sports & outdoors,1,38.44,0.2,5,0,4.0
O10169,2024-12-02,C1495,Sports & outdoors,1,46.71,0.0,8,0,5.0
O10170,2024-12-02,C1617,Beauty,1,14.77,0.0,4,0,5.0
O10171,2024-12-02,C0675,Home & kitchen,1,63.03,0.3,1,0,5.0
O10172,2024-12-02,C0144,Home & kitchen,1,57.69,0.0,1,1,3.0
O10173,2024-12-02,C0823,Toys,2,26.33,0.15,3,1,3.0
O10174,2024-12-02,C0168,Toys,1,8.75,0.0,1,0,5.0
O10175,2024-12-02,C0039,Books,4,12.58,0.0,2,0,4.0
O10176,2024-12-02,C1306,Clothing,2,49.97,0.0,2,0,5.0
O10177,2024-12-02,C0410,Books,4,17.8,0.0,5,0,4.0
O10178,2024-12-02,C0635,Clothing,4,15.09,0.2,3,0,5.0
O10179,2024-12-02,C1920,Electronics,1,219.42,0.2,8,0,5.0
O10180,2024-12-02,C0677,Books,4,14.85,0.0,2,0,5.0
O10181,2024-12-02,C1156,Books,3,20.0,0.0,4,0,5.0
O10182,2024-12-02,C0854,Books,3,25.1,0.0,9,0,4.0
O10183,2024-12-02,C1012,Home & kitchen,1,39.05,0.15,2,0,5.0
O10184,2024-12-02,C1418,Toys,1,21.16,0.0,8,0,5.0
O10185,2024-12-02,C0342,Electronics,2,100.53,0.3,3,0,4.0
O10186,2024-12-02,C0961,Clothing,2,36.47,0.05,2,0,5.0
O10187,2024-12-02,C0269,Toys,2,23.99,0.15,3,0,4.0
O10188,2024-12-02,C1434,Electronics,2,188.48,0.2,9,0,4.0
O10189,2024-12-02,C0823,Home & kitchen,1,17.17,0.1,3,0,5.0
O10190,2024-12-02,C0183,Clothing,4,24.26,0.15,3,0,4.0
O10191,2024-12-02,C0459,Books,1,10.33,0.2,3,0,5.0
O10192,2024-12-02,C1490,Books,2,15.53,0.0,3,0,5.0
O10193,2024-12-02,C0714,Sports & outdoors,2,13.98,0.0,2,0,5.0
O10194,2024-12-02,C1646,Toys,2,24.16,0.05,4,0,5.0
O10195,2024-12-02,C0472,Beauty,1,19.56,0.2,6,0,5.0
O10196,2024-12-02,C1271,Toys,1,22.86,0.15,4,0,2.0
O10197,2024-12-02,C0266,Clothing,2,34.67,0.0,1,0,4.0
O10198,2024-12-02,C0927,Home & kitchen,4,49.5,0.0,5,0,5.0
O10199,2024-12-02,C1516,Beauty,1,33.66,0.3,4,0,4.0
O10200,2024-12-02,C0593,Clothing,3,61.08,0.05,5,1,2.0
O10201,2024-12-02,C0258,Sports & outdoors,3,15.91,0.15,4,0,4.0
O10202,2024-12-02,C1759,Home & kitchen,4,51.29,0.05,2,0,5.0
O10203,2024-12-02,C0818,Clothing,4,17.19,0.0,4,0,5.0
O10204,2024-12-02,C1538,Books,1,8.07,0.0,1,0,5.0
O10205,2024-12-02,C1252,Sports & outdoors,3,84.89,0.0,2,0,5.0
O10206,2024-12-02,C1212,Clothing,1,42.47,0.0,4,0,5.0
O10207,2024-12-02,C0707,Toys,1,18.37,0.0,5,0,3.0
O10208,2024-12-02,C0999,Books,2,16.68,0.15,1,0,5.0
O10209,2024-12-02,C1229,Books,2,15.71,0.0,3,0,5.0
O10210,2024-12-02,C1108,Beauty,3,10.56,0.0,5,0,4.0
O10211,2024-12-02,C1255,Clothing,4,16.5,0.3,5,1,2.0
O10212,2024-12-02,C0725,Electronics,4,167.18,0.3,1,0,5.0
O10213,2024-12-02,C0823,Toys,2,21.32,0.15,7,0,3.0
O10214,2024-12-02,C0234,Electronics,2,315.05,0.15,3,0,3.0
O10215,2024-12-02,C1817,Electronics,2,205.81,0.2,7,1,3.0
O10216,2024-12-02,C1400,Beauty,1,13.36,0.3,6,1,3.0
O10217,2024-12-02,C0251,Beauty,3,23.84,0.1,3,0,4.0
O10218,2024-12-02,C0007,Sports & outdoors,3,93.97,0.0,6,0,4.0
O10219,2024-12-02,C1687,Electronics,2,293.42,0.1,6,0,4.0
O10220,2024-12-02,C1763,Home & kitchen,2,59.84,0.1,4,0,4.0
O10221,2024-12-02,C0375,Electronics,2,1199.89,0.0,7,0,4.0
O10222,2024-12-02,C0694,Home & kitchen,2,60.18,0.1,3,0,4.0
O10223,2024-12-02,C0454,Clothing,1,22.29,0.3,4,1,3.0
O10224,2024-12-02,C0844,Clothing,3,42.14,0.2,2,0,5.0
O10225,2024-12-02,C1037,Books,2,17.19,0.15,2,0,4.0
O10226,2024-12-03,C1831,Sports & outdoors,3,60.18,0.2,3,0,5.0
O10227,2024-12-03,C1736,Clothing,1,30.63,0.1,3,1,4.0
O10228,2024-12-03,C1851,Sports & outdoors,1,102.28,0.0,4,0,5.0
O10229,2024-12-03,C0139,Home & kitchen,2,98.68,0.0,2,0,5.0
O10230,2024-12-03,C1047,Electronics,3,173.19,0.05,4,0,4.0
O10231,2024-12-03,C0275,Clothing,1,19.66,0.1,9,0,4.0
O10232,2024-12-03,C1157,Books,3,11.52,0.0,3,0,5.0
O10233,2024-12-03,C0244,Clothing,1,35.63,0.0,4,0,5.0
O10234,2024-12-03,C1490,Books,2,15.43,0.1,4,0,4.0
O10235,2024-12-03,C0960,Books,2,14.39,0.15,1,0,3.0
O10236,2024-12-03,C1898,Books,2,18.97,0.05,3,0,4.0
O10237,2024-12-03,C0545,Sports & outdoors,2,40.19,0.2,3,1,3.0
O10238,2024-12-03,C1058,Electronics,4,191.75,0.2,2,0,5.0
O10239,2024-12-03,C1463,Books,4,15.79,0.1,6,0,4.0
O10240,2024-12-03,C0825,Clothing,1,20.65,0.05,1,0,5.0
O10241,2024-12-03,C1571,Clothing,2,39.4,0.15,1,1,4.0
O10242,2024-12-03,C1138,Electronics,4,347.14,0.0,4,0,5.0
O10243,2024-12-03,C1322,Home & kitchen,2,29.83,0.3,2,0,5.0
O10244,2024-12-03,C1783,Books,3,22.1,0.15,3,0,4.0
O10245,2024-12-03,C0401,Clothing,1,29.46,0.0,3,0,4.0
O10246,2024-12-03,C0977,Home & kitchen,3,30.46,0.05,3,0,5.0
O10247,2024-12-03,C1098,Toys,1,20.86,0.3,1,0,5.0
O10248,2024-12-03,C0290,Books,2,9.04,0.15,6,0,4.0
O10249,2024-12-03,C1592,Electronics,2,312.46,0.0,2,0,5.0
O10250,2024-12-03,C0649,Clothing,4,39.28,0.2,3,0,5.0
O10251,2024-12-03,C0140,Books,2,15.56,0.0,4,0,5.0
O10252,2024-12-03,C0293,Books,2,18.14,0.2,2,0,5.0
O10253,2024-12-03,C1501,Home & kitchen,1,95.03,0.0,5,0,4.0
O10254,2024-12-03,C0818,Sports & outdoors,3,137.31,0.15,3,0,5.0
O10255,2024-12-03,C0879,Beauty,1,18.63,0.1,1,0,4.0
O10256,2024-12-03,C1806,Books,2,14.79,0.0,5,1,3.0
O10257,2024-12-03,C0765,Beauty,1,30.33,0.0,2,1,2.0
O10258,2024-12-03,C1839,Sports & outdoors,1,58.28,0.0,16,1,1.0
O10259,2024-12-03,C1124,Books,1,15.07,0.0,3,0,4.0
O10260,2024-12-03,C1050,Home & kitchen,1,67.19,0.15,2,0,5.0
O10261,2024-12-03,C1625,Books,4,11.69,0.05,1,0,5.0
O10262,2024-12-03,C1029,Electronics,2,98.03,0.15,2,0,5.0
O10263,2024-12-03,C1355,Home & kitchen,1,161.75,0.15,3,0,4.0
O10264,2024-12-03,C0882,Sports & outdoors,2,41.67,0.0,4,0,3.0
O10265,2024-12-03,C1258,Toys,2,34.64,0.0,1,1,3.0
O10266,2024-12-03,C1741,Sports & outdoors,4,62.68,0.1,7,0,4.0
O10267,2024-12-03,C0575,Sports & outdoors,4,21.1,0.3,4,1,4.0
O10268,2024-12-03,C1268,Sports & outdoors,3,64.77,0.0,6,0,3.0
O10269,2024-12-03,C0246,Home & kitchen,3,166.39,0.0,2,0,4.0
O10270,2024-12-03,C1550,Clothing,1,21.18,0.1,3,0,5.0
O10271,2024-12-03,C1373,Sports & outdoors,1,81.34,0.1,3,0,4.0
O10272,2024-12-03,C0651,Home & kitchen,1,18.24,0.0,5,0,4.0
O10273,2024-12-03,C1225,Electronics,3,301.11,0.0,1,0,5.0
O10274,2024-12-03,C0174,Clothing,3,45.66,0.0,5,0,3.0
O10275,2024-12-03,C0054,Beauty,2,21.67,0.0,9,0,4.0
O10276,2024-12-03,C0902,Home & kitchen,2,49.47,0.0,2,1,4.0
O10277,2024-12-03,C0950,Books,1,18.68,0.0,10,1,1.0
O10278,2024-12-03,C0280,Clothing,1,24.45,0.0,4,0,4.0
O10279,2024-12-03,C0925,Clothing,1,38.83,0.05,10,0,5.0
O10280,2024-12-03,C1588,Sports & outdoors,2,25.97,0.05,6,0,4.0
O10281,2024-12-03,C1323,Books,4,16.81,0.0,8,0,4.0
O10282,2024-12-03,C1149,Clothing,3,33.98,0.0,10,0,4.0
O10283,2024-12-03,C1791,Books,1,21.05,0.1,2,0,5.0
O10284,2024-12-03,C1759,Toys,1,28.01,0.0,4,1,4.0
O10285,2024-12-03,C0473,Clothing,1,32.79,0.15,4,0,5.0
O10286,2024-12-03,C1841,Sports & outdoors,1,71.91,0.05,3,0,3.0
O10287,2024-12-03,C0405,Sports & outdoors,3,25.88,0.0,4,0,5.0
O10288,2024-12-03,C1421,Books,1,22.65,0.15,6,0,4.0
O10289,2024-12-04,C1925,Beauty,2,28.99,0.3,6,0,4.0
O10290,2024-12-04,C1462,Electronics,1,56.3,0.0,3,0,4.0
O10291,2024-12-04,C0650,Toys,1,20.26,0.1,12,0,3.0
O10292,2024-12-04,C0218,Home & kitchen,3,65.13,0.0,1,0,4.0
O10293,2024-12-04,C1118,Beauty,2,41.44,0.15,12,1,1.0
O10294,2024-12-04,C1217,Books,1,9.84,0.1,1,0,4.0
O10295,2024-12-04,C0162,Clothing,3,28.48,0.3,3,0,5.0
O10296,2024-12-04,C0248,Sports & outdoors,4,88.03,0.2,3,0,5.0
O10297,2024-12-04,C1402,Home & kitchen,3,54.51,0.15,5,0,5.0
O10298,2024-12-04,C1158,Home & kitchen,4,39.12,0.0,3,0,4.0
O10299,2024-12-04,C1810,Sports & outdoors,1,60.68,0.2,1,0,5.0
O10300,2024-12-04,C0227,Home & kitchen,3,71.16,0.1,1,0,5.0
O10301,2024-12-04,C0810,Books,2,11.13,0.0,2,0,4.0
O10302,2024-12-04,C1616,Toys,2,50.85,0.05,3,0,4.0
O10303,2024-12-04,C1861,Electronics,1,411.21,0.2,1,0,4.0
O10304,2024-12-04,C1134,Books,3,36.95,0.0,1,0,4.0
O10305,2024-12-04,C0764,Electronics,2,195.02,0.05,2,0,4.0
O10306,2024-12-04,C1952,Beauty,1,11.68,0.0,1,0,5.0
O10307,2024-12-04,C1116,Clothing,2,37.32,0.0,1,0,5.0
O10308,2024-12-04,C1389,Home & kitchen,1,104.3,0.15,4,0,4.0
O10309,2024-12-04,C1992,Beauty,2,14.93,0.0,3,0,4.0
O10310,2024-12-04,C1491,Electronics,2,31.35,0.05,4,1,4.0
O10311,2024-12-04,C1808,Home & kitchen,1,92.81,0.05,3,0,5.0
O10312,2024-12-04,C0175,Electronics,2,1479.0,0.0,5,0,3.0
O10313,2024-12-04,C1994,Home & kitchen,3,62.15,0.1,2,0,4.0
O10314,2024-12-04,C0282,Clothing,3,38.28,0.3,6,1,2.0
O10315,2024-12-04,C1797,Books,2,21.07,0.15,5,0,5.0
O10316,2024-12-04,C0275,Toys,1,26.34,0.0,9,1,4.0
O10317,2024-12-04,C1929,Books,2,19.06,0.0,3,0,4.0
O10318,2024-12-04,C1673,Sports & outdoors,1,54.78,0.2,5,0,5.0
O10319,2024-12-04,C1082,Electronics,1,95.86,0.2,2,0,5.0
O10320,2024-12-04,C0350,Sports & outdoors,3,98.2,0.0,3,0,5.0
O10321,2024-12-04,C1325,Clothing,1,16.51,0.1,3,0,5.0
O10322,2024-12-04,C1211,Home & kitchen,2,38.65,0.05,1,0,5.0
O10323,2024-12-04,C1388,Home & kitchen,2,28.94,0.05,2,0,3.0
O10324,2024-12-04,C1433,Toys,3,48.44,0.0,6,0,3.0
O10325,2024-12-04,C1753,Books,1,9.38,0.15,2,0,5.0
O10326,2024-12-04,C0726,Toys,1,52.15,0.15,5,0,4.0
O10327,2024-12-04,C0946,Home & kitchen,4,11.98,0.15,3,0,4.0
O10328,2024-12-04,C1746,Clothing,2,15.74,0.1,5,1,4.0
O10329,2024-12-04,C0521,Toys,2,64.56,0.2,8,0,3.0
O10330,2024-12-04,C1082,Books,1,26.4,0.1,5,0,5.0
O10331,2024-12-04,C1935,Home & kitchen,1,46.08,0.05,2,0,4.0
O10332,2024-12-04,C1764,Toys,1,19.47,0.0,2,0,4.0
O10333,2024-12-04,C1441,Beauty,2,34.5,0.2,4,0,4.0
O10334,2024-12-04,C1931,Beauty,2,10.77,0.05,3,0,3.0
O10335,2024-12-04,C1567,Clothing,3,62.32,0.1,1,0,5.0
O10336,2024-12-04,C0720,Books,2,14.75,0.05,7,0,4.0
O10337,2024-12-04,C0903,Clothing,3,69.17,0.3,4,1,3.0
O10338,2024-12-04,C1435,Clothing,3,89.93,0.15,1,1,3.0
O10339,2024-12-04,C1097,Clothing,2,30.08,0.0,3,0,5.0
O10340,2024-12-04,C0549,Toys,1,19.27,0.0,2,0,5.0
O10341,2024-12-04,C0017,Toys,1,26.48,0.15,7,0,3.0
O10342,2024-12-04,C1104,Electronics,1,112.56,0.3,7,0,5.0
O10343,2024-12-04,C1049,Books,1,13.65,0.0,7,1,2.0
O10344,2024-12-04,C0998,Electronics,3,205.87,0.0,3,0,5.0
O10345,2024-12-04,C0221,Books,3,9.61,0.0,3,0,4.0
O10346,2024-12-04,C0611,Sports & outdoors,4,162.0,0.2,7,0,5.0
O10347,2024-12-04,C0454,Home & kitchen,2,83.76,0.0,1,0,5.0
O10348,2024-12-04,C1913,Toys,4,12.12,0.05,5,0,4.0
O10349,2024-12-04,C0346,Toys,1,40.7,0.1,3,0,5.0
O10350,2024-12-05,C0702,Clothing,1,97.35,0.1,4,1,3.0
O10351,2024-12-05,C1319,Sports & outdoors,3,44.64,0.15,5,0,5.0
O10352,2024-12-05,C1346,Electronics,3,112.01,0.15,2,0,4.0
O10353,2024-12-05,C0599,Home & kitchen,2,68.46,0.1,4,0,4.0
O10354,2024-12-05,C1703,Sports & outdoors,3,35.73,0.0,3,0,4.0
O10355,2024-12-05,C1990,Books,2,13.93,0.0,3,0,4.0
O10356,2024-12-05,C1679,Electronics,2,266.07,0.3,2,0,5.0
O10357,2024-12-05,C0448,Clothing,2,16.25,0.0,5,0,5.0
O10358,2024-12-05,C0164,Sports & outdoors,1,45.69,0.0,2,0,5.0
O10359,2024-12-05,C0136,Clothing,3,37.76,0.05,5,0,5.0
O10360,2024-12-05,C1991,Books,1,11.83,0.0,3,0,5.0
O10361,2024-12-05,C1227,Clothing,1,80.41,0.1,3,0,4.0
O10362,2024-12-05,C0044,Electronics,1,208.21,0.15,1,0,4.0
O10363,2024-12-05,C1354,Toys,1,19.28,0.1,4,0,5.0
O10364,2024-12-05,C1403,Toys,1,12.63,0.3,5,0,4.0
O10365,2024-12-05,C1865,Clothing,3,49.96,0.05,1,0,4.0
O10366,2024-12-05,C0922,Clothing,1,60.92,0.0,4,0,4.0
O10367,2024-12-05,C1952,Electronics,1,136.86,0.2,1,0,4.0
O10368,2024-12-05,C0693,Beauty,1,11.38,0.15,2,0,
O10369,2024-12-05,C0346,Home & kitchen,1,149.09,0.3,1,0,5.0
O10370,2024-12-05,C1313,Beauty,3,23.58,0.2,4,0,5.0
O10371,2024-12-05,C1276,Books,4,15.85,0.0,5,0,4.0
O10372,2024-12-05,C1791,Home & kitchen,3,62.01,0.2,1,0,5.0
O10373,2024-12-05,C0894,Books,1,13.05,0.0,3,0,5.0
O10374,2024-12-05,C0504,Electronics,3,93.99,0.2,1,0,4.0
O10375,2024-12-05,C0542,Books,2,10.2,0.2,1,0,5.0
O10376,2024-12-05,C0107,Home & kitchen,1,35.17,0.3,3,0,5.0
O10377,2024-12-05,C1577,Home & kitchen,3,83.1,0.3,3,0,5.0
O10378,2024-12-05,C0529,Beauty,2,20.73,0.2,4,0,4.0
O10379,2024-12-05,C1826,Beauty,3,41.42,0.3,1,0,5.0
O10380,2024-12-05,C1363,Electronics,1,210.79,0.2,3,0,4.0
O10381,2024-12-05,C1636,Books,1,17.46,0.0,2,0,4.0
O10382,2024-12-05,C1567,Electronics,1,184.46,0.15,7,1,3.0
O10383,2024-12-05,C1340,Clothing,2,29.98,0.0,3,0,
O10384,2024-12-05,C0139,Sports & outdoors,1,77.6,0.05,2,0,4.0
O10385,2024-12-05,C1254,Home & kitchen,1,30.67,0.2,3,0,3.0
O10386,2024-12-05,C0414,Sports & outdoors,2,111.51,0.05,1,0,5.0
O10387,2024-12-05,C0017,Toys,3,38.9,0.1,1,0,4.0
O10388,2024-12-05,C0078,Clothing,3,25.2,0.15,3,0,5.0
O10389,2024-12-05,C0133,Home & kitchen,2,79.77,0.3,5,1,4.0
O10390,2024-12-05,C1817,Toys,1,30.31,0.0,2,0,4.0
O10391,2024-12-05,C1496,Books,2,25.64,0.0,5,0,4.0
O10392,2024-12-05,C1688,Home & kitchen,4,24.91,0.2,3,0,5.0
O10393,2024-12-05,C1933,Toys,4,53.63,0.05,4,0,4.0
O10394,2024-12-05,C1846,Beauty,2,33.1,0.2,1,0,5.0
O10395,2024-12-06,C0284,Home & kitchen,4,37.43,0.0,3,0,4.0
O10396,2024-12-06,C1579,Toys,3,13.33,0.15,4,0,
O10397,2024-12-06,C1344,Books,1,9.5,0.1,5,0,3.0
O10398,2024-12-06,C0560,Beauty,1,25.49,0.3,2,0,4.0
O10399,2024-12-06,C1623,Beauty,2,37.79,0.3,4,0,3.0
O10400,2024-12-06,C0525,Sports & outdoors,2,71.37,0.3,8,0,3.0
O10401,2024-12-06,C0336,Home & kitchen,2,25.03,0.1,3,0,4.0
O10402,2024-12-06,C1221,Home & kitchen,3,107.25,0.05,2,1,3.0
O10403,2024-12-06,C0609,Books,1,6.28,0.0,2,0,4.0
O10404,2024-12-06,C1692,Clothing,3,40.1,0.0,5,0,5.0
O10405,2024-12-06,C0015,Home & kitchen,3,40.68,0.05,4,0,4.0
O10406,2024-12-06,C0957,Books,4,14.67,0.0,1,0,4.0
O10407,2024-12-06,C1029,Clothing,1,16.8,0.0,1,1,4.0
O10408,2024-12-06,C1197,Home & kitchen,4,51.9,0.0,1,0,4.0
O10409,2024-12-06,C1504,Sports & outdoors,1,42.11,0.05,3,0,5.0
O10410,2024-12-06,C1786,Home & kitchen,2,94.56,0.1,3,0,5.0
O10411,2024-12-06,C0294,Clothing,2,38.09,0.15,2,0,
O10412,2024-12-06,C0021,Electronics,4,188.34,0.05,4,0,4.0
O10413,2024-12-06,C1023,Toys,4,17.58,0.15,3,0,4.0
O10414,2024-12-06,C1604,Clothing,2,47.46,0.05,9,0,3.0
O10415,2024-12-06,C0883,Electronics,3,129.23,0.2,5,0,4.0
O10416,2024-12-06,C0067,Home & kitchen,1,13.96,0.0,2,0,5.0
O10417,2024-12-06,C0319,Home & kitchen,2,48.67,0.1,3,1,3.0
O10418,2024-12-06,C1659,Books,1,14.13,0.0,2,0,5.0
O10419,2024-12-06,C0941,Home & kitchen,2,42.47,0.2,9,0,3.0
O10420,2024-12-06,C0874,Electronics,3,141.78,0.0,5,0,5.0
O10421,2024-12-06,C1450,Home & kitchen,4,63.75,0.15,4,0,5.0
O10422,2024-12-06,C0925,Beauty,2,57.99,0.15,2,0,3.0
O10423,2024-12-06,C0958,Clothing,2,15.14,0.15,2,0,4.0
O10424,2024-12-06,C0877,Sports & outdoors,2,102.05,0.0,2,0,4.0
O10425,2024-12-06,C1868,Clothing,4,35.01,0.15,5,1,3.0
O10426,2024-12-06,C1359,Beauty,3,20.81,0.2,3,0,5.0
O10427,2024-12-06,C0365,Clothing,1,27.17,0.0,4,0,5.0
O10428,2024-12-06,C0659,Electronics,1,720.05,0.05,2,1,2.0
O10429,2024-12-06,C1717,Beauty,2,16.77,0.15,1,0,5.0
O10430,2024-12-06,C1913,Books,4,25.28,0.05,4,1,2.0
O10431,2024-12-06,C1401,Beauty,1,22.22,0.0,2,0,5.0
O10432,2024-12-06,C0237,Electronics,1,310.39,0.0,2,0,4.0
O10433,2024-12-06,C1455,Home & kitchen,4,71.07,0.3,2,0,5.0
O10434,2024-12-06,C0580,Sports & outdoors,2,39.69,0.2,4,0,5.0
O10435,2024-12-06,C0201,Books,2,13.04,0.0,4,0,4.0
O10436,2024-12-06,C1267,Books,1,8.48,0.3,1,0,5.0
O10437,2024-12-06,C0884,Beauty,2,23.46,0.15,8,0,4.0
O10438,2024-12-06,C1409,Sports & outdoors,2,22.03,0.0,1,1,2.0
O10439,2024-12-06,C1098,Home & kitchen,2,69.36,0.0,4,0,4.0
O10440,2024-12-06,C1717,Toys,1,16.79,0.0,12,0,4.0
O10441,2024-12-06,C0292,Books,3,7.73,0.15,1,0,4.0
O10442,2024-12-06,C0123,Toys,3,23.06,0.0,1,0,5.0
O10443,2024-12-06,C0225,Toys,2,15.55,0.0,4,0,4.0
O10444,2024-12-06,C1835,Clothing,1,27.84,0.1,2,0,4.0
O10445,2024-12-06,C0973,Beauty,1,29.56,0.1,4,0,4.0
O10446,2024-12-06,C1498,Clothing,4,59.15,0.0,4,0,5.0
O10447,2024-12-06,C1983,Beauty,4,17.29,0.1,5,0,5.0
O10448,2024-12-06,C0118,Beauty,2,28.37,0.2,3,0,4.0
O10449,2024-12-06,C1051,Home & kitchen,2,42.95,0.2,7,0,5.0
O10450,2024-12-06,C1622,Books,1,10.37,0.15,7,0,4.0
O10451,2024-12-06,C1056,Home & kitchen,1,41.61,0.15,1,0,5.0
O10452,2024-12-06,C1985,Beauty,4,43.37,0.3,6,1,2.0
O10453,2024-12-06,C1464,Clothing,4,26.51,0.2,5,0,4.0
O10454,2024-12-06,C0076,Home & kitchen,1,96.55,0.2,3,0,5.0
O10455,2024-12-06,C1880,Toys,3,21.24,0.1,2,0,4.0
O10456,2024-12-06,C1222,Toys,2,44.29,0.0,1,0,4.0
O10457,2024-12-06,C0091,Clothing,2,57.11,0.0,1,0,5.0
O10458,2024-12-07,C0853,Clothing,1,43.85,0.0,2,0,4.0
O10459,2024-12-07,C0571,Clothing,3,54.02,0.15,5,0,3.0
O10460,2024-12-07,C0971,Home & kitchen,3,132.42,0.2,3,1,2.0
O10461,2024-12-07,C1856,Home & kitchen,2,56.01,0.0,1,0,5.0
O10462,2024-12-07,C0206,Beauty,3,16.3,0.0,5,0,4.0
O10463,2024-12-07,C0632,Clothing,1,39.42,0.0,2,0,5.0
O10464,2024-12-07,C0299,Electronics,2,259.57,0.0,2,0,4.0
O10465,2024-12-07,C0478,Clothing,2,56.45,0.1,6,0,5.0
O10466,2024-12-07,C0766,Clothing,4,22.18,0.0,1,0,5.0
O10467,2024-12-07,C1267,Electronics,4,224.85,0.0,2,0,4.0
O10468,2024-12-07,C0200,Clothing,1,41.71,0.1,6,0,4.0
O10469,2024-12-07,C0753,Home & kitchen,1,39.78,0.3,3,0,5.0
O10470,2024-12-07,C1032,Clothing,1,39.35,0.05,7,0,3.0
O10471,2024-12-07,C1660,Beauty,4,22.31,0.15,2,0,5.0
O10472,2024-12-07,C0842,Electronics,2,170.87,0.0,4,0,3.0
O10473,2024-12-07,C0935,Clothing,1,87.98,0.15,3,0,5.0
O10474,2024-12-07,C0898,Electronics,2,143.1,0.2,8,0,3.0
O10475,2024-12-07,C0545,Home & kitchen,2,22.82,0.05,1,0,4.0
O10476,2024-12-07,C1397,Beauty,3,27.26,0.0,3,0,5.0
O10477,2024-12-07,C0242,Beauty,1,24.56,0.1,2,0,4.0
O10478,2024-12-07,C0480,Electronics,4,87.31,0.0,3,0,5.0
O10479,2024-12-07,C0502,Toys,1,12.98,0.1,3,0,4.0
O10480,2024-12-07,C0500,Clothing,1,40.38,0.0,4,0,5.0
O10481,2024-12-07,C0981,Books,2,14.35,0.15,1,0,4.0
O10482,2024-12-07,C1802,Toys,2,24.98,0.0,2,0,5.0
O10483,2024-12-07,C0646,Toys,3,12.18,0.1,1,0,4.0
O10484,2024-12-07,C0709,Clothing,1,14.41,0.0,4,0,4.0
O10485,2024-12-07,C1060,Electronics,1,122.94,0.0,1,0,4.0
O10486,2024-12-07,C0328,Electronics,1,155.64,0.0,2,0,4.0
O10487,2024-12-07,C0606,Beauty,3,24.75,0.0,5,0,
O10488,2024-12-07,C0043,Home & kitchen,4,59.42,0.0,2,0,3.0
O10489,2024-12-07,C0213,Toys,1,35.06,0.0,7,0,4.0
O10490,2024-12-07,C0197,Books,3,11.6,0.3,5,0,5.0
O10491,2024-12-07,C1309,Sports & outdoors,1,54.42,0.2,3,0,4.0
O10492,2024-12-07,C0599,Beauty,2,28.17,0.0,3,0,4.0
O10493,2024-12-07,C0488,Clothing,1,19.55,0.0,2,0,5.0
O10494,2024-12-07,C1520,Electronics,3,150.36,0.0,8,0,5.0
O10495,2024-12-07,C1833,Electronics,1,521.28,0.0,8,0,4.0
O10496,2024-12-07,C0925,Electronics,1,290.96,0.0,7,0,4.0
O10497,2024-12-07,C0920,Books,1,13.46,0.05,3,0,3.0
O10498,2024-12-07,C0539,Sports & outdoors,2,49.95,0.0,5,0,5.0
O10499,2024-12-07,C0352,Clothing,1,11.85,0.0,6,0,5.0
O10500,2024-12-07,C1338,Electronics,1,62.78,0.2,9,0,4.0
O10501,2024-12-07,C0519,Home & kitchen,4,27.52,0.0,2,0,5.0
O10502,2024-12-07,C1139,Electronics,2,68.17,0.3,3,0,
O10503,2024-12-07,C1776,Toys,2,30.38,0.15,2,0,4.0
O10504,2024-12-07,C1524,Home & kitchen,2,63.29,0.0,1,0,4.0
O10505,2024-12-07,C0456,Clothing,1,66.68,0.3,3,0,5.0
O10506,2024-12-07,C1496,Electronics,2,537.67,0.2,8,1,2.0
O10507,2024-12-07,C0820,Clothing,1,15.01,0.05,1,0,4.0
O10508,2024-12-07,C1358,Home & kitchen,4,43.26,0.05,13,0,4.0
O10509,2024-12-07,C1991,Home & kitchen,2,11.62,0.0,1,0,5.0
O10510,2024-12-07,C1618,Electronics,2,442.85,0.0,1,0,5.0
O10511,2024-12-07,C0972,Beauty,3,18.77,0.3,7,0,4.0
O10512,2024-12-07,C1107,Sports & outdoors,3,223.73,0.15,5,1,2.0
O10513,2024-12-07,C0138,Home & kitchen,2,45.85,0.15,1,0,4.0
O10514,2024-12-07,C0751,Toys,1,18.52,0.0,5,0,4.0
O10515,2024-12-07,C0394,Toys,2,16.79,0.0,1,0,5.0
O10516,2024-12-07,C0418,Home & kitchen,1,16.15,0.15,2,0,4.0
O10517,2024-12-07,C0988,Beauty,2,18.38,0.15,6,0,5.0
O10518,2024-12-07,C1958,Home & kitchen,1,91.25,0.3,6,0,5.0
O10519,2024-12-07,C0627,Beauty,1,17.42,0.2,2,0,5.0
O10520,2024-12-07,C1316,Books,1,10.91,0.05,2,0,5.0
O10521,2024-12-07,C1460,Toys,4,21.09,0.2,1,0,3.0
O10522,2024-12-08,C0309,Electronics,2,77.23,0.15,7,0,5.0
O10523,2024-12-08,C0638,Clothing,1,30.2,0.3,5,0,5.0
O10524,2024-12-08,C1028,Beauty,3,9.37,0.0,2,0,4.0
O10525,2024-12-08,C1187,Toys,3,15.59,0.3,5,0,4.0
O10526,2024-12-08,C0364,Sports & outdoors,1,41.36,0.05,3,0,5.0
O10527,2024-12-08,C0036,Toys,1,44.42,0.1,2,0,4.0
O10528,2024-12-08,C1475,Books,3,10.46,0.3,2,0,
O10529,2024-12-08,C0249,Home & kitchen,1,39.57,0.0,1,0,5.0
O10530,2024-12-08,C1230,Books,2,14.0,0.2,2,0,5.0
O10531,2024-12-08,C0096,Electronics,3,71.12,0.1,6,0,5.0
O10532,2024-12-08,C1426,Electronics,1,249.61,0.15,16,0,3.0
O10533,2024-12-08,C0708,Home & kitchen,1,51.4,0.0,2,0,5.0
O10534,2024-12-08,C0266,Clothing,4,32.62,0.3,7,1,3.0
O10535,2024-12-08,C1666,Books,3,17.32,0.1,5,0,4.0
O10536,2024-12-08,C1366,Electronics,1,570.6,0.15,1,0,5.0
O10537,2024-12-08,C1195,Clothing,1,16.54,0.0,3,0,5.0
O10538,2024-12-08,C1737,Home & kitchen,1,45.0,0.2,5,0,4.0
O10539,2024-12-08,C0531,Clothing,1,36.53,0.2,6,0,4.0
O10540,2024-12-08,C1668,Electronics,1,118.32,0.05,2,0,
O10541,2024-12-08,C1899,Clothing,4,43.53,0.0,3,0,4.0
O10542,2024-12-08,C0540,Clothing,3,29.07,0.0,11,0,4.0
O10543,2024-12-08,C1915,Sports & outdoors,2,43.69,0.1,2,0,4.0
O10544,2024-12-08,C0408,Electronics,1,37.14,0.0,1,0,4.0
O10545,2024-12-08,C0298,Books,4,12.82,0.05,8,0,3.0
O10546,2024-12-08,C1922,Electronics,2,95.05,0.0,10,0,4.0
O10547,2024-12-08,C1754,Clothing,1,17.73,0.15,4,0,5.0
O10548,2024-12-08,C0438,Home & kitchen,1,27.26,0.15,6,0,4.0
O10549,2024-12-08,C1687,Electronics,3,64.5,0.0,3,1,3.0
O10550,2024-12-08,C1903,Home & kitchen,1,41.91,0.1,6,0,4.0
O10551,2024-12-08,C1566,Home & kitchen,2,55.99,0.0,1,0,5.0
O10552,2024-12-08,C0101,Electronics,1,31.28,0.15,1,0,5.0
O10553,2024-12-08,C1486,Sports & outdoors,2,40.19,0.2,6,0,3.0
O10554,2024-12-08,C1968,Clothing,1,40.08,0.05,4,0,5.0
O10555,2024-12-08,C1584,Sports & outdoors,1,42.81,0.2,6,0,4.0
O10556,2024-12-08,C1823,Home & kitchen,2,27.32,0.0,2,0,4.0
O10557,2024-12-08,C1004,Electronics,1,221.29,0.0,2,0,4.0
O10558,2024-12-08,C1043,Electronics,1,376.95,0.0,6,0,4.0
O10559,2024-12-08,C1853,Beauty,2,25.17,0.0,3,0,5.0
O10560,2024-12-08,C0871,Toys,4,30.3,0.1,11,0,4.0
O10561,2024-12-08,C1065,Beauty,2,39.31,0.0,1,0,4.0
O10562,2024-12-08,C1439,Electronics,1,85.83,0.0,4,0,5.0
O10563,2024-12-08,C0037,Toys,4,20.1,0.0,6,0,4.0
O10564,2024-12-08,C1318,Books,4,13.61,0.0,2,0,5.0
O10565,2024-12-08,C1240,Home & kitchen,2,26.27,0.15,3,0,5.0
O10566,2024-12-08,C0501,Beauty,2,25.83,0.05,1,0,5.0
O10567,2024-12-08,C0913,Clothing,1,76.22,0.2,6,0,4.0
O10568,2024-12-08,C0149,Sports & outdoors,4,75.35,0.15,1,0,4.0
O10569,2024-12-08,C0203,Home & kitchen,1,39.51,0.2,1,0,5.0
O10570,2024-12-08,C1611,Home & kitchen,2,35.74,0.15,3,0,4.0
O10571,2024-12-08,C1995,Sports & outdoors,4,72.5,0.15,5,0,4.0
O10572,2024-12-08,C0043,Sports & outdoors,2,90.8,0.0,2,1,4.0
O10573,2024-12-08,C1417,Electronics,1,251.05,0.05,1,0,5.0
O10574,2024-12-08,C0233,Clothing,1,32.91,0.0,5,0,5.0
O10575,2024-12-08,C0555,Beauty,1,25.97,0.3,3,1,4.0
O10576,2024-12-08,C0310,Beauty,1,20.3,0.2,3,0,5.0
O10577,2024-12-08,C0182,Sports & outdoors,1,62.02,0.0,3,0,5.0
O10578,2024-12-08,C1626,Beauty,1,49.22,0.0,4,0,3.0
O10579,2024-12-08,C0281,Electronics,2,174.25,0.15,4,0,4.0
O10580,2024-12-08,C1253,Sports & outdoors,4,24.4,0.0,1,0,5.0
O10581,2024-12-08,C1148,Clothing,1,29.34,0.0,4,0,5.0
O10582,2024-12-08,C0091,Toys,3,17.46,0.0,5,0,4.0
O10583,2024-12-08,C0899,Home & kitchen,4,46.54,0.0,5,0,4.0
O10584,2024-12-09,C0367,Clothing,1,57.94,0.2,1,0,5.0
O10585,2024-12-09,C1112,Beauty,1,15.83,0.05,4,0,5.0
O10586,2024-12-09,C0189,Beauty,3,30.2,0.0,1,0,5.0
O10587,2024-12-09,C1347,Books,1,10.83,0.15,1,0,5.0
O10588,2024-12-09,C0869,Beauty,3,16.43,0.0,2,0,
O10589,2024-12-09,C1633,Electronics,3,41.76,0.3,2,0,4.0
O10590,2024-12-09,C1430,Sports & outdoors,2,40.17,0.05,4,0,4.0
O10591,2024-12-09,C0405,Toys,4,49.86,0.0,4,0,4.0
O10592,2024-12-09,C1069,Beauty,2,28.21,0.0,8,0,3.0
O10593,2024-12-09,C1817,Home & kitchen,1,50.25,0.05,6,0,2.0
O10594,2024-12-09,C0064,Books,1,14.14,0.1,2,0,4.0
O10595,2024-12-09,C1177,Clothing,4,52.98,0.2,3,1,3.0
O10596,2024-12-09,C1119,Sports & outdoors,1,27.8,0.1,4,0,4.0
O10597,2024-12-09,C0083,Books,3,11.21,0.3,1,0,5.0
O10598,2024-12-09,C0305,Electronics,2,67.96,0.3,2,0,5.0
O10599,2024-12-09,C1243,Home & kitchen,3,41.85,0.15,5,0,4.0
O10600,2024-12-09,C1302,Sports & outdoors,1,53.99,0.2,3,0,4.0
O10601,2024-12-09,C1481,Home & kitchen,1,31.5,0.15,4,1,3.0
O10602,2024-12-09,C0302,Electronics,3,152.06,0.0,3,0,5.0
O10603,2024-12-09,C1871,Electronics,1,238.7,0.0,3,1,4.0
O10604,2024-12-09,C0884,Home & kitchen,3,55.46,0.0,19,0,2.0
O10605,2024-12-09,C1601,Home & kitchen,3,78.18,0.0,2,0,5.0
O10606,2024-12-09,C0634,Home & kitchen,2,42.92,0.2,1,0,5.0
O10607,2024-12-09,C1630,Beauty,4,19.88,0.0,5,0,5.0
O10608,2024-12-09,C0349,Sports & outdoors,4,133.19,0.0,4,0,4.0
O10609,2024-12-09,C0204,Home & kitchen,2,98.46,0.0,2,0,
O10610,2024-12-09,C1212,Home & kitchen,1,28.86,0.05,1,0,5.0
O10611,2024-12-09,C1402,Toys,2,51.03,0.0,2,0,4.0
O10612,2024-12-09,C0302,Clothing,1,27.96,0.1,5,0,4.0
O10613,2024-12-09,C0909,Electronics,2,47.56,0.1,9,0,4.0
O10614,2024-12-09,C0854,Home & kitchen,4,24.42,0.15,4,0,5.0
O10615,2024-12-09,C0700,Toys,1,15.53,0.2,3,0,5.0
O10616,2024-12-09,C1485,Home & kitchen,4,24.82,0.1,7,0,5.0
O10617,2024-12-09,C1188,Electronics,2,69.94,0.1,1,0,4.0
O10618,2024-12-09,C0333,Electronics,3,79.24,0.3,2,0,5.0
O10619,2024-12-09,C0119,Books,1,11.1,0.3,7,0,3.0
O10620,2024-12-09,C1025,Books,3,24.31,0.2,4,0,4.0
O10621,2024-12-09,C1238,Clothing,1,25.57,0.0,3,0,3.0
O10622,2024-12-09,C1625,Toys,3,17.81,0.1,4,1,4.0
O10623,2024-12-09,C0261,Home & kitchen,1,18.84,0.0,3,0,4.0
O10624,2024-12-09,C1894,Clothing,2,21.84,0.0,1,0,4.0
O10625,2024-12-09,C0661,Books,1,11.44,0.2,1,0,5.0
O10626,2024-12-09,C0411,Clothing,1,76.7,0.05,4,0,5.0
O10627,2024-12-09,C0993,Books,1,10.17,0.0,3,0,
O10628,2024-12-09,C1203,Electronics,4,238.13,0.0,2,1,3.0
O10629,2024-12-09,C0349,Clothing,1,54.5,0.05,2,0,4.0
O10630,2024-12-09,C0525,Clothing,1,18.22,0.0,6,0,
O10631,2024-12-09,C1974,Sports & outdoors,1,27.46,0.0,3,0,5.0
O10632,2024-12-09,C0261,Books,3,22.97,0.0,2,0,5.0
O10633,2024-12-09,C1635,Books,3,20.52,0.0,1,0,4.0
O10634,2024-12-09,C1981,Beauty,1,35.29,0.0,1,1,3.0
O10635,2024-12-09,C0513,Electronics,1,496.76,0.3,8,1,2.0
O10636,2024-12-09,C1059,Clothing,1,17.58,0.0,1,0,3.0
O10637,2024-12-09,C1502,Electronics,3,134.07,0.3,1,1,3.0
O10638,2024-12-09,C1765,Books,2,15.34,0.0,2,1,3.0
O10639,2024-12-09,C0970,Home & kitchen,2,9.96,0.0,3,0,4.0
O10640,2024-12-09,C1821,Clothing,2,13.76,0.0,1,1,4.0
O10641,2024-12-09,C0070,Clothing,1,61.57,0.0,2,0,5.0
O10642,2024-12-09,C1735,Electronics,1,716.3,0.0,4,0,5.0
O10643,2024-12-09,C0839,Electronics,3,377.56,0.05,4,0,4.0
O10644,2024-12-09,C0756,Toys,1,28.11,0.3,3,1,4.0
O10645,2024-12-09,C1409,Toys,1,16.47,0.2,15,0,
O10646,2024-12-09,C1889,Beauty,1,19.15,0.05,2,0,5.0
O10647,2024-12-09,C0082,Electronics,2,138.67,0.0,7,0,4.0
O10648,2024-12-09,C0038,Books,1,19.67,0.0,2,0,4.0
O10649,2024-12-09,C1320,Clothing,3,26.58,0.0,6,0,4.0
O10650,2024-12-10,C0299,Sports & outdoors,1,93.18,0.0,2,0,4.0
O10651,2024-12-10,C1362,Electronics,3,93.1,0.15,1,0,4.0
O10652,2024-12-10,C0635,Home & kitchen,4,22.07,0.1,1,0,5.0
O10653,2024-12-10,C0333,Beauty,2,34.77,0.3,1,0,4.0
O10654,2024-12-10,C1886,Clothing,3,50.85,0.0,4,0,4.0
O10655,2024-12-10,C1250,Toys,2,25.74,0.0,1,0,4.0
O10656,2024-12-10,C1508,Books,2,9.53,0.0,3,0,5.0
O10657,2024-12-10,C1375,Electronics,1,57.33,0.2,2,0,4.0
O10658,2024-12-10,C1724,Beauty,3,26.2,0.2,6,0,4.0
O10659,2024-12-10,C1035,Toys,3,13.9,0.0,3,0,4.0
O10660,2024-12-10,C1428,Clothing,1,14.94,0.3,3,0,4.0
O10661,2024-12-10,C0472,Electronics,2,179.2,0.2,3,0,4.0
O10662,2024-12-10,C1083,Sports & outdoors,1,56.91,0.0,1,0,5.0
O10663,2024-12-10,C0692,Sports & outdoors,3,65.56,0.0,1,0,5.0
O10664,2024-12-10,C1038,Books,1,19.25,0.0,2,0,5.0
O10665,2024-12-10,C0260,Beauty,4,21.22,0.05,2,0,4.0
O10666,2024-12-10,C0979,Home & kitchen,4,37.05,0.05,11,1,2.0
O10667,2024-12-10,C0699,Clothing,4,18.07,0.0,2,0,5.0
O10668,2024-12-10,C0835,Sports & outdoors,2,49.59,0.0,2,0,4.0
O10669,2024-12-10,C0927,Home & kitchen,1,52.73,0.05,1,0,4.0
O10670,2024-12-10,C0057,Clothing,4,35.15,0.2,3,0,5.0
O10671,2024-12-10,C0923,Books,4,14.05,0.0,5,1,3.0
O10672,2024-12-10,C1068,Toys,2,56.07,0.2,2,0,4.0
O10673,2024-12-10,C0308,Clothing,2,44.13,0.0,1,0,5.0
O10674,2024-12-10,C0538,Beauty,1,15.3,0.2,2,0,5.0
O10675,2024-12-10,C1444,Clothing,1,33.75,0.2,9,0,
O10676,2024-12-10,C1547,Electronics,1,75.1,0.05,1,0,5.0
O10677,2024-12-10,C1673,Books,4,10.0,0.05,1,0,5.0
O10678,2024-12-10,C1462,Clothing,2,73.16,0.2,9,0,5.0
O10679,2024-12-10,C1092,Sports & outdoors,4,95.45,0.2,5,0,5.0
O10680,2024-12-10,C0421,Books,3,16.01,0.0,2,0,4.0
O10681,2024-12-10,C1022,Clothing,1,38.55,0.05,1,0,5.0
O10682,2024-12-10,C1307,Electronics,4,222.18,0.3,6,1,2.0
O10683,2024-12-10,C1629,Electronics,1,609.68,0.0,1,0,4.0
O10684,2024-12-10,C1620,Home & kitchen,2,22.31,0.15,5,0,4.0
O10685,2024-12-10,C1289,Clothing,2,65.46,0.0,6,0,4.0
O10686,2024-12-10,C1762,Home & kitchen,4,51.46,0.2,2,0,3.0
O10687,2024-12-10,C0986,Sports & outdoors,1,61.79,0.0,5,0,5.0
O10688,2024-12-10,C0551,Toys,3,81.91,0.0,4,0,5.0
O10689,2024-12-10,C0546,Electronics,3,318.15,0.2,3,0,3.0
O10690,2024-12-10,C1451,Electronics,2,368.35,0.05,1,0,4.0
O10691,2024-12-10,C1301,Books,3,11.41,0.3,2,0,5.0
O10692,2024-12-10,C0280,Toys,3,33.49,0.15,5,0,5.0
O10693,2024-12-10,C1485,Home & kitchen,1,32.66,0.0,1,0,4.0
O10694,2024-12-10,C0107,Toys,4,21.44,0.1,1,0,5.0
O10695,2024-12-10,C0312,Electronics,1,154.64,0.2,3,0,4.0
O10696,2024-12-10,C1867,Sports & outdoors,2,47.96,0.0,3,0,5.0
O10697,2024-12-10,C0160,Electronics,2,96.24,0.15,1,0,5.0
O10698,2024-12-10,C1930,Sports & outdoors,3,62.97,0.2,3,0,5.0
O10699,2024-12-10,C0339,Home & kitchen,2,30.49,0.0,1,1,4.0
O10700,2024-12-10,C1974,Beauty,1,19.49,0.1,3,0,3.0
O10701,2024-12-10,C1241,Electronics,2,189.91,0.1,4,1,3.0
O10702,2024-12-10,C1343,Home & kitchen,4,77.12,0.0,3,0,4.0
O10703,2024-12-10,C1874,Clothing,2,57.74,0.15,2,0,4.0
O10704,2024-12-10,C1828,Electronics,1,485.33,0.2,6,0,5.0
O10705,2024-12-10,C0758,Home & kitchen,2,23.54,0.0,3,0,4.0
O10706,2024-12-10,C0449,Clothing,2,33.31,0.2,4,0,5.0
O10707,2024-12-10,C0172,Beauty,4,12.88,0.2,4,0,3.0
O10708,2024-12-10,C0244,Electronics,3,71.45,0.0,2,0,5.0
O10709,2024-12-10,C1016,Clothing,4,18.25,0.0,2,0,5.0
O10710,2024-12-10,C1188,Beauty,2,15.9,0.15,8,0,4.0
O10711,2024-12-10,C0382,Toys,1,71.04,0.1,2,0,5.0
O10712,2024-12-10,C0393,Electronics,2,183.05,0.15,4,0,4.0
O10713,2024-12-10,C1185,Beauty,1,12.32,0.0,5,0,4.0
O10714,2024-12-10,C1872,Electronics,4,529.0,0.3,9,1,3.0
O10715,2024-12-10,C1940,Books,2,9.37,0.05,4,0,5.0
O10716,2024-12-10,C1274,Sports & outdoors,4,58.49,0.0,6,0,4.0
O10717,2024-12-10,C1909,Clothing,1,23.66,0.0,2,0,5.0
O10718,2024-12-10,C0674,Sports & outdoors,1,131.84,0.05,5,0,4.0
O10719,2024-12-10,C0604,Electronics,2,52.97,0.2,1,0,5.0
O10720,2024-12-10,C0252,Clothing,2,57.57,0.1,4,0,5.0
O10721,2024-12-11,C0752,Toys,1,14.23,0.15,5,0,3.0
O10722,2024-12-11,C1606,Electronics,1,174.23,0.2,4,0,
O10723,2024-12-11,C0008,Toys,2,12.68,0.3,3,0,4.0
O10724,2024-12-11,C0652,Sports & outdoors,2,35.0,0.0,7,0,3.0
O10725,2024-12-11,C1670,Toys,2,16.94,0.2,8,0,5.0
O10726,2024-12-11,C0132,Home & kitchen,1,41.88,0.15,2,0,4.0
O10727,2024-12-11,C0487,Sports & outdoors,1,65.93,0.2,2,0,5.0
O10728,2024-12-11,C1365,Beauty,4,39.38,0.2,2,0,5.0
O10729,2024-12-11,C0855,Toys,1,28.98,0.2,3,1,2.0
O10730,2024-12-11,C1562,Books,1,11.81,0.0,8,0,4.0
O10731,2024-12-11,C1078,Clothing,3,17.99,0.05,4,1,3.0
O10732,2024-12-11,C1614,Electronics,1,75.21,0.05,2,0,4.0
O10733,2024-12-11,C0088,Home & kitchen,4,88.01,0.0,5,0,3.0
O10734,2024-12-11,C1802,Beauty,2,29.42,0.1,8,0,3.0
O10735,2024-12-11,C1540,Electronics,4,62.57,0.0,5,0,3.0
O10736,2024-12-11,C0523,Sports & outdoors,2,87.6,0.1,6,0,5.0
O10737,2024-12-11,C1657,Sports & outdoors,1,115.56,0.0,3,0,5.0
O10738,2024-12-11,C0892,Sports & outdoors,2,50.42,0.0,4,0,5.0
O10739,2024-12-11,C1367,Clothing,1,36.37,0.3,3,0,5.0
O10740,2024-12-11,C0420,Books,1,14.76,0.15,8,0,4.0
O10741,2024-12-11,C1711,Home & kitchen,4,22.41,0.2,5,0,5.0
O10742,2024-12-11,C1135,Toys,1,26.56,0.05,2,0,5.0
O10743,2024-12-11,C1523,Toys,1,13.69,0.05,4,0,4.0
O10744,2024-12-11,C1710,Home & kitchen,1,18.86,0.15,2,0,4.0
O10745,2024-12-11,C1984,Sports & outdoors,1,24.93,0.3,5,1,3.0
O10746,2024-12-11,C0494,Home & kitchen,1,35.75,0.0,6,0,4.0
O10747,2024-12-11,C0370,Electronics,1,188.97,0.0,3,0,4.0
O10748,2024-12-11,C0585,Beauty,1,42.87,0.1,5,1,3.0
O10749,2024-12-11,C1642,Home & kitchen,4,20.82,0.2,3,0,4.0
O10750,2024-12-11,C1740,Beauty,1,15.06,0.0,2,0,4.0
O10751,2024-12-11,C0053,Toys,2,42.41,0.2,7,0,5.0
O10752,2024-12-11,C0611,Sports & outdoors,2,238.03,0.1,7,0,4.0
O10753,2024-12-11,C1893,Electronics,2,366.16,0.15,7,0,4.0
O10754,2024-12-11,C0456,Books,2,15.32,0.2,8,0,4.0
O10755,2024-12-11,C1958,Clothing,1,57.21,0.1,9,0,4.0
O10756,2024-12-11,C1031,Clothing,3,23.32,0.15,2,0,
O10757,2024-12-11,C0958,Books,3,11.82,0.05,1,0,4.0
O10758,2024-12-11,C0415,Toys,1,27.22,0.05,1,0,5.0
O10759,2024-12-11,C1998,Home & kitchen,2,51.75,0.2,2,0,5.0
O10760,2024-12-11,C0390,Home & kitchen,1,48.73,0.0,5,0,4.0
O10761,2024-12-11,C1916,Electronics,2,29.65,0.1,5,0,4.0
O10762,2024-12-11,C1815,Beauty,1,30.99,0.0,3,0,5.0
O10763,2024-12-11,C1822,Clothing,1,36.41,0.3,6,0,4.0
O10764,2024-12-11,C0251,Home & kitchen,2,44.11,0.1,1,0,5.0
O10765,2024-12-11,C1925,Sports & outdoors,1,37.86,0.1,3,0,4.0
O10766,2024-12-11,C1468,Clothing,4,53.38,0.2,5,0,4.0
O10767,2024-12-11,C0802,Home & kitchen,1,29.92,0.0,7,0,5.0
O10768,2024-12-11,C0353,Books,2,19.45,0.15,6,0,4.0
O10769,2024-12-11,C0968,Sports & outdoors,1,61.63,0.0,3,0,
O10770,2024-12-11,C1383,Books,2,15.23,0.2,1,1,4.0
O10771,2024-12-11,C1244,Beauty,4,19.79,0.0,2,0,5.0
O10772,2024-12-11,C0417,Toys,1,37.61,0.0,1,0,
O10773,2024-12-11,C0721,Toys,2,24.05,0.0,4,0,5.0
O10774,2024-12-11,C0526,Clothing,4,65.12,0.3,3,1,4.0
O10775,2024-12-12,C0098,Books,1,11.55,0.1,3,0,5.0
O10776,2024-12-12,C1666,Electronics,2,152.65,0.1,2,0,5.0
O10777,2024-12-12,C1251,Clothing,1,15.27,0.0,1,0,3.0
O10778,2024-12-12,C0389,Beauty,2,14.33,0.0,4,0,4.0
O10779,2024-12-12,C0815,Clothing,3,32.38,0.05,4,0,4.0
O10780,2024-12-12,C0874,Toys,2,41.04,0.0,1,0,5.0
O10781,2024-12-12,C0439,Home & kitchen,3,89.74,0.2,2,0,4.0
O10782,2024-12-12,C1717,Home & kitchen,3,170.24,0.0,6,0,5.0
O10783,2024-12-12,C0913,Clothing,3,45.23,0.0,4,1,3.0
O10784,2024-12-12,C0044,Clothing,1,26.98,0.15,5,0,4.0
O10785,2024-12-12,C1160,Beauty,1,13.65,0.0,2,0,5.0
O10786,2024-12-12,C0407,Books,1,9.87,0.0,2,0,5.0
O10787,2024-12-12,C1609,Electronics,4,122.25,0.0,1,0,4.0
O10788,2024-12-12,C1976,Toys,2,30.89,0.0,2,0,5.0
O10789,2024-12-12,C1655,Sports & outdoors,2,36.78,0.05,3,0,5.0
O10790,2024-12-12,C0217,Clothing,2,20.57,0.05,1,0,4.0
O10791,2024-12-12,C0664,Home & kitchen,1,69.98,0.3,5,0,4.0
O10792,2024-12-12,C0539,Clothing,1,26.56,0.0,1,0,5.0
O10793,2024-12-12,C1062,Home & kitchen,2,29.39,0.2,1,0,5.0
O10794,2024-12-12,C1627,Home & kitchen,3,70.19,0.0,6,0,4.0
O10795,2024-12-12,C0688,Home & kitchen,3,33.46,0.2,16,0,3.0
O10796,2024-12-12,C1352,Home & kitchen,2,26.2,0.1,1,0,5.0
O10797,2024-12-12,C1515,Electronics,1,102.01,0.0,5,0,5.0
O10798,2024-12-12,C0420,Toys,2,24.38,0.3,4,0,4.0
O10799,2024-12-12,C0149,Books,4,14.92,0.0,3,0,5.0
O10800,2024-12-12,C0307,Sports & outdoors,1,63.72,0.0,2,0,4.0
O10801,2024-12-12,C0359,Clothing,1,67.16,0.15,6,0,4.0
O10802,2024-12-12,C0579,Home & kitchen,2,28.58,0.2,1,0,4.0
O10803,2024-12-12,C0598,Sports & outdoors,4,61.55,0.1,10,0,3.0
O10804,2024-12-12,C1016,Electronics,1,232.69,0.05,4,0,5.0
O10805,2024-12-12,C1770,Electronics,4,167.65,0.0,2,0,5.0
O10806,2024-12-12,C0229,Electronics,4,150.54,0.1,2,0,5.0
O10807,2024-12-12,C1494,Toys,4,22.46,0.0,4,0,4.0
O10808,2024-12-12,C0040,Sports & outdoors,1,48.99,0.05,6,0,4.0
O10809,2024-12-12,C0348,Electronics,4,223.4,0.0,1,0,5.0
O10810,2024-12-12,C1072,Toys,4,50.61,0.0,1,0,4.0
O10811,2024-12-12,C1467,Beauty,1,14.41,0.0,7,0,5.0
O10812,2024-12-12,C1619,Beauty,1,26.62,0.0,8,0,4.0
O10813,2024-12-12,C0519,Electronics,3,91.7,0.3,6,0,3.0
O10814,2024-12-12,C1095,Clothing,4,16.09,0.05,10,0,4.0
O10815,2024-12-12,C1681,Beauty,1,28.14,0.3,4,0,4.0
O10816,2024-12-12,C0787,Electronics,2,403.08,0.2,9,0,3.0
O10817,2024-12-12,C1684,Toys,2,11.96,0.15,3,1,2.0
O10818,2024-12-12,C0095,Books,3,14.28,0.1,2,0,4.0
O10819,2024-12-12,C1728,Electronics,1,110.29,0.0,2,0,5.0
O10820,2024-12-12,C0073,Clothing,4,63.04,0.0,4,0,5.0
O10821,2024-12-12,C1389,Books,2,17.31,0.1,3,0,4.0
O10822,2024-12-12,C1741,Beauty,4,31.68,0.2,3,0,4.0
O10823,2024-12-12,C0216,Electronics,1,426.1,0.1,9,0,4.0
O10824,2024-12-12,C0849,Clothing,1,34.21,0.2,5,0,2.0
O10825,2024-12-12,C1933,Clothing,2,40.24,0.15,4,1,2.0
O10826,2024-12-12,C1886,Electronics,1,133.87,0.2,1,0,5.0
O10827,2024-12-12,C0801,Electronics,1,71.68,0.2,6,0,4.0
O10828,2024-12-12,C1355,Sports & outdoors,2,81.59,0.0,1,0,5.0
O10829,2024-12-12,C0966,Electronics,1,10.77,0.0,3,0,5.0
O10830,2024-12-12,C0802,Books,4,12.4,0.3,1,0,4.0
O10831,2024-12-12,C0090,Clothing,2,46.57,0.05,1,0,5.0
O10832,2024-12-12,C0083,Home & kitchen,2,51.74,0.3,2,0,
O10833,2024-12-12,C1411,Home & kitchen,2,19.09,0.3,4,0,3.0
O10834,2024-12-12,C0416,Books,2,22.15,0.0,4,0,5.0
O10835,2024-12-12,C0735,Beauty,1,22.11,0.0,3,0,5.0
O10836,2024-12-12,C0484,Home & kitchen,2,164.75,0.2,1,0,5.0
O10837,2024-12-12,C1269,Home & kitchen,4,74.02,0.0,2,0,4.0
O10838,2024-12-12,C1427,Home & kitchen,3,31.96,0.2,4,0,5.0
O10839,2024-12-12,C0079,Electronics,4,102.91,0.3,5,0,4.0
O10840,2024-12-12,C1820,Sports & outdoors,1,41.9,0.0,3,0,4.0
O10841,2024-12-12,C1416,Home & kitchen,2,61.68,0.05,8,0,4.0
O10842,2024-12-12,C0281,Beauty,1,27.32,0.1,1,0,4.0
O10843,2024-12-13,C1179,Home & kitchen,4,71.58,0.05,5,0,4.0
O10844,2024-12-13,C0035,Sports & outdoors,1,51.1,0.15,4,0,4.0
O10845,2024-12-13,C1434,Clothing,2,24.62,0.05,4,0,5.0
O10846,2024-12-13,C1119,Electronics,1,296.78,0.0,3,0,5.0
O10847,2024-12-13,C0766,Home & kitchen,3,98.52,0.05,3,0,5.0
O10848,2024-12-13,C0699,Home & kitchen,4,44.26,0.0,2,0,5.0
O10849,2024-12-13,C1152,Home & kitchen,1,50.79,0.05,5,0,5.0
O10850,2024-12-13,C1617,Clothing,2,94.93,0.2,4,0,5.0
O10851,2024-12-13,C0683,Toys,2,46.31,0.05,2,0,4.0
O10852,2024-12-13,C1654,Clothing,1,49.53,0.0,5,1,3.0
O10853,2024-12-13,C0084,Home & kitchen,1,60.88,0.0,3,0,3.0
O10854,2024-12-13,C1054,Clothing,2,19.49,0.0,7,0,4.0
O10855,2024-12-13,C0947,Clothing,1,32.5,0.3,1,0,4.0
O10856,2024-12-13,C1150,Sports & outdoors,1,40.02,0.0,4,0,5.0
O10857,2024-12-13,C0022,Beauty,1,17.57,0.0,3,0,4.0
O10858,2024-12-13,C1238,Books,1,10.36,0.05,3,0,5.0
O10859,2024-12-13,C1958,Toys,4,12.31,0.15,5,0,4.0
O10860,2024-12-13,C1248,Electronics,2,132.89,0.15,7,1,2.0
O10861,2024-12-13,C1989,Beauty,3,17.58,0.0,7,0,4.0
O10862,2024-12-13,C1818,Sports & outdoors,1,37.09,0.1,6,0,4.0
O10863,2024-12-13,C1455,Electronics,4,309.26,0.15,5,0,5.0
O10864,2024-12-13,C1619,Sports & outdoors,1,33.58,0.0,3,0,5.0
O10865,2024-12-13,C1864,Clothing,2,32.59,0.0,7,0,4.0
O10866,2024-12-13,C1575,Clothing,1,42.84,0.05,3,0,5.0
O10867,2024-12-13,C0446,Toys,3,36.69,0.05,4,0,4.0
O10868,2024-12-13,C1314,Beauty,3,21.86,0.2,1,1,2.0
O10869,2024-12-13,C0045,Electronics,4,77.54,0.0,6,0,4.0
O10870,2024-12-13,C0467,Clothing,4,9.32,0.0,3,0,4.0
O10871,2024-12-13,C1552,Clothing,2,46.75,0.15,2,0,4.0
O10872,2024-12-13,C1531,Sports & outdoors,4,42.46,0.0,7,0,5.0
O10873,2024-12-13,C0853,Electronics,1,201.98,0.0,4,0,4.0
O10874,2024-12-13,C1357,Beauty,4,22.16,0.15,3,0,4.0
O10875,2024-12-13,C0601,Electronics,1,209.36,0.0,6,0,5.0
O10876,2024-12-13,C0614,Home & kitchen,1,57.96,0.15,6,0,5.0
O10877,2024-12-13,C1788,Home & kitchen,4,29.62,0.3,6,0,5.0
O10878,2024-12-13,C0747,Sports & outdoors,1,56.81,0.15,11,0,3.0
O10879,2024-12-13,C1805,Clothing,2,33.91,0.3,1,0,5.0
O10880,2024-12-13,C0798,Beauty,4,25.02,0.2,5,0,4.0
O10881,2024-12-13,C1020,Toys,1,15.43,0.3,7,0,5.0
O10882,2024-12-13,C0142,Clothing,3,12.05,0.0,2,1,3.0
O10883,2024-12-13,C0567,Clothing,4,21.29,0.0,5,0,4.0
O10884,2024-12-13,C0965,Electronics,2,279.17,0.2,5,0,4.0
O10885,2024-12-13,C0167,Books,2,10.47,0.15,3,0,4.0
O10886,2024-12-13,C1048,Beauty,1,18.45,0.0,3,0,4.0
O10887,2024-12-13,C0018,Sports & outdoors,1,61.23,0.15,2,0,5.0
O10888,2024-12-13,C1292,Clothing,1,47.68,0.2,5,0,5.0
O10889,2024-12-13,C0656,Home & kitchen,1,42.32,0.0,3,0,4.0
O10890,2024-12-13,C0712,Home & kitchen,3,71.15,0.05,6,0,5.0
O10891,2024-12-13,C1740,Clothing,3,31.94,0.0,4,0,5.0
O10892,2024-12-13,C1320,Home & kitchen,1,17.33,0.0,1,0,5.0
O10893,2024-12-13,C0635,Electronics,2,465.4,0.3,8,0,4.0
O10894,2024-12-14,C1743,Toys,1,16.79,0.0,2,0,5.0
O10895,2024-12-14,C1724,Clothing,3,49.11,0.1,2,0,4.0
O10896,2024-12-14,C0105,Sports & outdoors,1,68.27,0.0,1,0,3.0
O10897,2024-12-14,C1317,Home & kitchen,4,49.73,0.0,4,0,4.0
O10898,2024-12-14,C1484,Toys,2,55.07,0.2,3,0,4.0
O10899,2024-12-14,C1449,Beauty,4,11.64,0.15,1,0,4.0
O10900,2024-12-14,C1960,Beauty,1,45.26,0.0,2,0,4.0
O10901,2024-12-14,C0042,Clothing,2,55.49,0.0,5,0,4.0
O10902,2024-12-14,C1405,Books,3,11.07,0.1,2,0,4.0
O10903,2024-12-14,C0431,Home & kitchen,1,44.32,0.0,1,0,5.0
O10904,2024-12-14,C1653,Sports & outdoors,1,43.5,0.15,1,0,5.0
O10905,2024-12-14,C1109,Books,1,21.91,0.0,1,0,5.0
O10906,2024-12-14,C0372,Toys,4,32.83,0.2,8,0,3.0
O10907,2024-12-14,C1512,Electronics,1,459.56,0.05,3,0,4.0
O10908,2024-12-14,C0071,Sports & outdoors,2,53.84,0.0,4,0,4.0
O10909,2024-12-14,C0565,Toys,1,21.45,0.1,2,0,5.0
O10910,2024-12-14,C0501,Clothing,1,96.32,0.0,1,0,5.0
O10911,2024-12-14,C0083,Electronics,3,224.63,0.3,1,0,5.0
O10912,2024-12-14,C0124,Clothing,1,42.22,0.05,2,0,5.0
O10913,2024-12-14,C0768,Home & kitchen,2,45.73,0.1,2,1,3.0
O10914,2024-12-14,C0259,Electronics,1,33.32,0.1,2,0,5.0
O10915,2024-12-14,C0214,Home & kitchen,1,52.74,0.0,2,0,5.0
O10916,2024-12-14,C0032,Clothing,3,18.29,0.0,6,0,5.0
O10917,2024-12-14,C1256,Electronics,4,122.21,0.0,6,0,4.0
O10918,2024-12-14,C1455,Beauty,4,27.28,0.0,2,0,3.0
O10919,2024-12-14,C1767,Home & kitchen,4,51.77,0.0,1,0,5.0
O10920,2024-12-14,C1704,Books,2,11.57,0.3,1,1,2.0
O10921,2024-12-14,C0398,Home & kitchen,2,38.27,0.05,1,0,5.0
O10922,2024-12-14,C1829,Beauty,2,39.38,0.2,3,0,5.0
O10923,2024-12-14,C1080,Home & kitchen,4,53.52,0.15,7,0,3.0
O10924,2024-12-14,C1346,Electronics,4,158.76,0.0,2,1,3.0
O10925,2024-12-14,C0985,Beauty,4,42.62,0.1,4,0,5.0
O10926,2024-12-14,C1969,Electronics,1,191.46,0.05,5,0,4.0
O10927,2024-12-14,C0554,Clothing,1,21.51,0.05,1,0,5.0
O10928,2024-12-14,C1315,Clothing,4,58.8,0.0,5,1,4.0
O10929,2024-12-14,C1459,Home & kitchen,4,84.7,0.2,3,0,5.0
O10930,2024-12-14,C1795,Clothing,2,41.07,0.2,3,0,5.0
O10931,2024-12-14,C1394,Electronics,2,70.85,0.0,2,0,5.0
O10932,2024-12-14,C1001,Toys,1,37.72,0.15,2,0,5.0
O10933,2024-12-14,C0096,Sports & outdoors,3,43.69,0.3,5,0,4.0
O10934,2024-12-14,C1687,Books,2,23.23,0.2,2,0,5.0
O10935,2024-12-14,C0330,Home & kitchen,1,16.44,0.15,4,0,4.0
O10936,2024-12-14,C0596,Home & kitchen,2,155.11,0.0,5,0,4.0
O10937,2024-12-14,C1489,Sports & outdoors,1,28.05,0.0,1,0,5.0
O10938,2024-12-14,C1391,Beauty,1,14.39,0.05,3,0,5.0
O10939,2024-12-14,C1555,Clothing,1,49.18,0.0,1,0,5.0
O10940,2024-12-14,C1741,Toys,1,22.02,0.0,1,0,5.0
O10941,2024-12-14,C1433,Books,4,14.73,0.3,6,0,4.0
O10942,2024-12-14,C1621,Sports & outdoors,1,108.23,0.0,1,0,5.0
O10943,2024-12-14,C1099,Sports & outdoors,4,144.98,0.0,7,0,4.0
O10944,2024-12-14,C1737,Beauty,2,23.89,0.05,4,1,2.0
O10945,2024-12-14,C1139,Sports & outdoors,3,33.57,0.0,2,0,4.0
O10946,2024-12-14,C0698,Electronics,1,61.6,0.05,1,0,5.0
O10947,2024-12-14,C0534,Clothing,4,45.2,0.2,3,0,5.0
O10948,2024-12-14,C1309,Beauty,2,35.09,0.3,2,0,4.0
O10949,2024-12-14,C0694,Electronics,1,116.09,0.15,6,0,4.0
O10950,2024-12-14,C1340,Home & kitchen,1,21.4,0.0,3,0,3.0
O10951,2024-12-14,C0668,Electronics,3,161.66,0.0,3,0,5.0
O10952,2024-12-14,C0735,Books,3,17.82,0.1,4,0,5.0
O10953,2024-12-14,C1068,Home & kitchen,1,51.54,0.1,1,0,4.0
O10954,2024-12-14,C1518,Books,1,10.69,0.0,1,0,5.0
O10955,2024-12-14,C1651,Home & kitchen,1,76.05,0.0,3,0,5.0
O10956,2024-12-14,C1573,Beauty,2,29.73,0.1,1,0,5.0
O10957,2024-12-14,C0169,Home & kitchen,2,43.56,0.0,2,0,3.0
O10958,2024-12-14,C0201,Toys,2,59.88,0.3,6,1,3.0
O10959,2024-12-14,C0127,Home & kitchen,4,46.74,0.3,7,0,5.0
O10960,2024-12-14,C0839,Electronics,2,391.72,0.05,1,0,5.0
O10961,2024-12-14,C0108,Toys,1,21.16,0.2,4,0,5.0
O10962,2024-12-14,C1722,Toys,1,36.88,0.3,4,0,4.0
O10963,2024-12-14,C1347,Beauty,1,8.94,0.0,3,0,3.0
O10964,2024-12-15,C0276,Books,2,14.22,0.2,1,0,4.0
O10965,2024-12-15,C0057,Clothing,1,15.34,0.15,6,0,
O10966,2024-12-15,C0520,Home & kitchen,2,29.36,0.0,1,0,5.0
O10967,2024-12-15,C1390,Toys,1,11.08,0.2,8,0,3.0
O10968,2024-12-15,C1100,Electronics,1,97.95,0.2,2,0,5.0
O10969,2024-12-15,C0256,Home & kitchen,3,31.72,0.0,2,0,5.0
O10970,2024-12-15,C0567,Beauty,1,33.81,0.0,1,0,4.0
O10971,2024-12-15,C0345,Sports & outdoors,1,52.32,0.3,4,1,3.0
O10972,2024-12-15,C1311,Electronics,1,45.59,0.0,4,0,4.0
O10973,2024-12-15,C0123,Sports & outdoors,1,101.48,0.0,1,0,5.0
O10974,2024-12-15,C0011,Clothing,1,16.86,0.0,3,0,4.0
O10975,2024-12-15,C1361,Clothing,3,68.91,0.0,1,1,3.0
O10976,2024-12-15,C0488,Electronics,2,106.46,0.1,7,0,4.0
O10977,2024-12-15,C1493,Home & kitchen,4,27.74,0.3,5,0,5.0
O10978,2024-12-15,C1609,Toys,1,15.88,0.0,5,1,2.0
O10979,2024-12-15,C0452,Beauty,1,19.76,0.1,1,0,4.0
O10980,2024-12-15,C1973,Sports & outdoors,1,140.88,0.05,5,0,4.0
O10981,2024-12-15,C0959,Electronics,4,198.02,0.1,2,1,3.0
O10982,2024-12-15,C1573,Sports & outdoors,2,36.17,0.0,2,0,3.0
O10983,2024-12-15,C0803,Clothing,2,27.36,0.3,3,0,4.0
O10984,2024-12-15,C0922,Clothing,2,25.33,0.0,3,0,4.0
O10985,2024-12-15,C0771,Toys,2,13.74,0.0,4,0,4.0
O10986,2024-12-15,C1869,Sports & outdoors,3,35.48,0.0,7,1,2.0
O10987,2024-12-15,C0365,Clothing,1,16.55,0.15,3,0,4.0
O10988,2024-12-15,C0479,Books,4,21.57,0.05,1,0,5.0
O10989,2024-12-15,C0979,Electronics,2,212.24,0.0,3,0,4.0
O10990,2024-12-15,C0405,Beauty,1,28.72,0.1,6,0,4.0
O10991,2024-12-15,C1331,Home & kitchen,3,54.6,0.3,2,0,4.0
O10992,2024-12-15,C1655,Books,2,21.24,0.3,1,0,5.0
O10993,2024-12-15,C1330,Beauty,3,37.34,0.0,7,0,4.0
O10994,2024-12-15,C1696,Toys,3,45.13,0.05,5,0,5.0
O10995,2024-12-15,C0524,Books,1,17.7,0.1,4,0,4.0
O10996,2024-12-15,C0598,Home & kitchen,2,39.21,0.0,2,0,4.0
O10997,2024-12-15,C0223,Books,1,9.81,0.0,10,0,4.0
O10998,2024-12-15,C1727,Books,1,12.29,0.0,4,0,4.0
O10999,2024-12-15,C1562,Clothing,3,18.98,0.0,2,1,3.0
O11000,2024-12-15,C1163,Home & kitchen,1,32.16,0.1,2,0,5.0
O11001,2024-12-15,C1923,Electronics,1,167.05,0.0,6,0,4.0
O11002,2024-12-15,C0810,Electronics,3,273.11,0.05,12,0,3.0
O11003,2024-12-15,C1887,Home & kitchen,1,40.74,0.0,1,0,5.0
O11004,2024-12-15,C1569,Sports & outdoors,1,70.5,0.1,2,0,5.0
O11005,2024-12-15,C0277,Electronics,3,136.01,0.0,8,0,4.0
O11006,2024-12-15,C0135,Clothing,1,62.85,0.3,3,0,5.0
O11007,2024-12-15,C0263,Clothing,3,48.35,0.1,2,0,5.0
O11008,2024-12-15,C0546,Toys,3,55.77,0.3,5,0,4.0
O11009,2024-12-15,C0931,Beauty,1,23.43,0.05,4,0,5.0
O11010,2024-12-15,C0483,Electronics,3,229.61,0.0,1,0,5.0
O11011,2024-12-15,C0653,Home & kitchen,4,199.57,0.1,3,0,4.0
O11012,2024-12-15,C1678,Toys,2,29.74,0.0,1,0,5.0
O11013,2024-12-15,C0069,Clothing,1,44.28,0.2,5,1,3.0
O11014,2024-12-15,C1341,Sports & outdoors,1,54.74,0.2,6,0,3.0
O11015,2024-12-15,C1497,Beauty,1,37.44,0.1,4,0,4.0
O11016,2024-12-15,C1669,Toys,1,13.25,0.1,3,0,4.0
O11017,2024-12-15,C0197,Sports & outdoors,2,43.91,0.1,4,1,3.0
O11018,2024-12-15,C0726,Clothing,1,30.45,0.3,2,0,4.0
O11019,2024-12-15,C1559,Toys,1,15.94,0.0,5,0,5.0
O11020,2024-12-15,C1943,Electronics,1,175.53,0.1,2,0,5.0
O11021,2024-12-15,C0987,Toys,2,21.5,0.2,1,0,5.0
O11022,2024-12-15,C1605,Sports & outdoors,2,45.6,0.0,2,0,4.0
O11023,2024-12-15,C0631,Sports & outdoors,4,35.31,0.05,1,0,4.0
O11024,2024-12-15,C0459,Home & kitchen,4,19.35,0.0,2,0,5.0
O11025,2024-12-15,C0114,Sports & outdoors,2,37.82,0.0,3,0,
O11026,2024-12-15,C1534,Clothing,1,30.89,0.0,7,0,4.0
O11027,2024-12-15,C1854,Home & kitchen,2,78.04,0.1,2,0,5.0
O11028,2024-12-15,C0496,Clothing,1,41.75,0.0,11,0,3.0
O11029,2024-12-15,C1872,Electronics,2,1766.66,0.3,1,0,5.0
O11030,2024-12-16,C1251,Books,4,20.02,0.1,2,1,3.0
O11031,2024-12-16,C1107,Home & kitchen,3,36.59,0.0,6,0,5.0
O11032,2024-12-16,C0127,Electronics,1,123.28,0.1,5,0,4.0
O11033,2024-12-16,C1624,Beauty,1,10.71,0.3,6,1,4.0
O11034,2024-12-16,C1175,Clothing,3,29.08,0.0,10,0,5.0
O11035,2024-12-16,C1203,Clothing,1,26.04,0.0,1,0,5.0
O11036,2024-12-16,C1815,Home & kitchen,1,50.79,0.3,4,0,4.0
O11037,2024-12-16,C1177,Books,1,25.06,0.3,1,1,3.0
O11038,2024-12-16,C1030,Beauty,1,14.78,0.1,6,0,4.0
O11039,2024-12-16,C1252,Clothing,4,36.15,0.0,2,0,5.0
O11040,2024-12-16,C0551,Sports & outdoors,4,61.82,0.15,3,0,
O11041,2024-12-16,C1077,Home & kitchen,1,30.7,0.05,5,0,5.0
O11042,2024-12-16,C1368,Beauty,3,25.31,0.3,1,1,2.0
O11043,2024-12-16,C0862,Electronics,2,271.86,0.15,5,1,4.0
O11044,2024-12-16,C0721,Books,2,12.6,0.0,2,0,4.0
O11045,2024-12-16,C0421,Beauty,2,21.88,0.3,1,0,4.0
O11046,2024-12-16,C1478,Books,4,15.4,0.0,1,0,4.0
O11047,2024-12-16,C0503,Home & kitchen,1,38.41,0.2,3,0,4.0
O11048,2024-12-16,C0124,Sports & outdoors,1,53.47,0.0,6,0,5.0
O11049,2024-12-16,C0705,Beauty,4,10.08,0.05,4,0,4.0
O11050,2024-12-16,C1611,Sports & outdoors,1,107.12,0.1,3,0,3.0
O11051,2024-12-16,C1574,Toys,4,21.7,0.05,1,0,5.0
O11052,2024-12-16,C1496,Clothing,2,22.16,0.2,3,1,4.0
O11053,2024-12-16,C0376,Books,1,15.7,0.15,2,0,4.0
O11054,2024-12-16,C0122,Electronics,1,100.27,0.1,3,0,5.0
O11055,2024-12-16,C0792,Clothing,2,25.45,0.0,1,0,5.0
O11056,2024-12-16,C0313,Clothing,1,11.82,0.2,1,0,5.0
O11057,2024-12-16,C0015,Clothing,4,47.83,0.0,5,1,3.0
O11058,2024-12-16,C1313,Beauty,2,18.6,0.2,2,0,4.0
O11059,2024-12-16,C0143,Books,2,18.51,0.0,2,0,5.0
O11060,2024-12-16,C0610,Clothing,1,52.72,0.2,2,0,4.0
O11061,2024-12-16,C0458,Home & kitchen,1,33.2,0.2,2,0,5.0
O11062,2024-12-16,C1646,Beauty,1,30.64,0.3,5,0,5.0
O11063,2024-12-16,C1952,Clothing,1,41.73,0.15,5,0,4.0
O11064,2024-12-16,C0221,Home & kitchen,2,21.66,0.15,4,0,4.0
O11065,2024-12-16,C0737,Sports & outdoors,2,26.14,0.05,2,0,5.0
O11066,2024-12-16,C1214,Beauty,2,18.55,0.15,2,0,4.0
O11067,2024-12-16,C0633,Home & kitchen,1,18.56,0.3,3,0,5.0
O11068,2024-12-16,C0156,Home & kitchen,1,32.44,0.1,4,0,
O11069,2024-12-16,C1862,Electronics,4,93.44,0.3,1,0,4.0
O11070,2024-12-16,C0798,Toys,1,25.56,0.3,1,0,5.0
O11071,2024-12-16,C0965,Home & kitchen,4,31.71,0.2,2,1,5.0
O11072,2024-12-16,C1546,Clothing,4,17.97,0.05,1,0,5.0
O11073,2024-12-16,C0690,Beauty,3,13.22,0.05,2,0,4.0
O11074,2024-12-16,C0300,Beauty,2,33.99,0.3,5,0,4.0
O11075,2024-12-16,C0394,Home & kitchen,1,25.16,0.05,9,0,3.0
O11076,2024-12-16,C1030,Beauty,2,26.21,0.2,1,0,4.0
O11077,2024-12-16,C1135,Sports & outdoors,1,94.47,0.0,3,0,
O11078,2024-12-16,C0887,Electronics,2,331.58,0.2,3,0,4.0
O11079,2024-12-16,C1049,Toys,3,31.65,0.0,7,0,5.0
O11080,2024-12-16,C1096,Electronics,3,198.66,0.05,1,1,4.0
O11081,2024-12-16,C0058,Clothing,1,87.96,0.0,3,0,5.0
O11082,2024-12-16,C1833,Clothing,1,31.45,0.15,4,0,4.0
O11083,2024-12-16,C1843,Sports & outdoors,2,41.88,0.3,1,0,4.0
O11084,2024-12-16,C0222,Clothing,4,8.45,0.0,4,0,5.0
O11085,2024-12-16,C1818,Sports & outdoors,1,30.75,0.0,5,0,3.0
O11086,2024-12-16,C1717,Electronics,1,61.73,0.0,4,0,4.0
O11087,2024-12-16,C0612,Sports & outdoors,3,20.93,0.05,1,0,5.0
O11088,2024-12-16,C1151,Beauty,1,24.87,0.3,5,1,3.0
O11089,2024-12-16,C1654,Beauty,4,38.74,0.05,7,0,4.0
O11090,2024-12-16,C1483,Electronics,2,619.75,0.0,2,0,5.0
O11091,2024-12-17,C1021,Home & kitchen,3,46.37,0.3,1,0,5.0
O11092,2024-12-17,C1995,Home & kitchen,1,57.22,0.2,1,0,5.0
O11093,2024-12-17,C0990,Clothing,3,24.06,0.0,6,1,2.0
O11094,2024-12-17,C1453,Home & kitchen,4,54.99,0.0,3,0,5.0
O11095,2024-12-17,C0739,Toys,2,36.62,0.0,4,0,4.0
O11096,2024-12-17,C1618,Home & kitchen,1,15.65,0.3,2,0,
O11097,2024-12-17,C1907,Home & kitchen,1,290.68,0.05,3,0,4.0
O11098,2024-12-17,C1021,Electronics,4,323.53,0.2,2,0,4.0
O11099,2024-12-17,C0226,Books,1,23.43,0.15,11,0,4.0
O11100,2024-12-17,C1670,Clothing,2,82.72,0.0,2,1,4.0
O11101,2024-12-17,C1295,Electronics,1,161.7,0.0,3,0,4.0
O11102,2024-12-17,C1135,Clothing,1,24.25,0.3,3,1,4.0
O11103,2024-12-17,C0448,Books,4,15.16,0.0,6,0,4.0
O11104,2024-12-17,C1256,Electronics,2,251.74,0.0,3,0,5.0
O11105,2024-12-17,C0703,Home & kitchen,1,69.41,0.0,1,0,4.0
O11106,2024-12-17,C1354,Books,3,7.08,0.1,3,1,4.0
O11107,2024-12-17,C1484,Toys,1,48.36,0.0,10,0,4.0
O11108,2024-12-17,C1708,Electronics,1,212.51,0.3,6,1,
O11109,2024-12-17,C1796,Electronics,1,549.83,0.05,6,0,4.0
O11110,2024-12-17,C0266,Sports & outdoors,1,46.8,0.3,3,0,4.0
O11111,2024-12-17,C0605,Electronics,4,227.43,0.05,5,0,4.0
O11112,2024-12-17,C0965,Electronics,1,169.13,0.05,1,0,4.0
O11113,2024-12-17,C0519,Clothing,1,39.7,0.15,4,0,4.0
O11114,2024-12-17,C1363,Clothing,4,40.81,0.2,4,0,3.0
O11115,2024-12-17,C0252,Clothing,2,31.15,0.0,3,0,5.0
O11116,2024-12-17,C1638,Home & kitchen,2,12.54,0.1,6,0,5.0
O11117,2024-12-17,C1780,Electronics,1,139.99,0.0,7,1,4.0
O11118,2024-12-17,C0631,Books,2,17.94,0.0,5,0,4.0
O11119,2024-12-17,C0285,Electronics,4,461.32,0.3,4,0,4.0
O11120,2024-12-17,C0413,Electronics,3,838.6,0.3,4,0,5.0
O11121,2024-12-17,C0882,Home & kitchen,4,35.29,0.0,3,0,3.0
O11122,2024-12-17,C1175,Beauty,3,15.66,0.0,1,0,5.0
O11123,2024-12-17,C0050,Clothing,2,48.0,0.0,3,1,4.0
O11124,2024-12-17,C0335,Beauty,4,24.45,0.0,4,0,3.0
O11125,2024-12-17,C0776,Books,2,18.09,0.1,7,0,4.0
O11126,2024-12-17,C0325,Beauty,2,35.05,0.2,3,0,5.0
O11127,2024-12-17,C0919,Sports & outdoors,4,44.97,0.0,1,0,4.0
O11128,2024-12-17,C0014,Books,1,21.64,0.15,5,0,4.0
O11129,2024-12-17,C0600,Beauty,3,18.95,0.05,2,0,5.0
O11130,2024-12-17,C0323,Home & kitchen,1,19.93,0.0,2,0,5.0
O11131,2024-12-17,C1615,Books,1,24.99,0.0,10,0,3.0
O11132,2024-12-17,C1139,Books,3,12.42,0.3,7,0,4.0
O11133,2024-12-17,C0826,Books,2,14.15,0.0,5,0,4.0
O11134,2024-12-17,C1313,Electronics,1,194.97,0.0,6,0,4.0
O11135,2024-12-17,C1763,Beauty,1,30.91,0.15,3,0,4.0
O11136,2024-12-17,C1673,Clothing,1,23.13,0.0,1,0,3.0
O11137,2024-12-17,C1567,Beauty,2,15.15,0.0,5,0,4.0
O11138,2024-12-17,C0231,Beauty,2,17.17,0.0,3,0,5.0
O11139,2024-12-17,C1282,Electronics,1,734.91,0.0,2,0,5.0
O11140,2024-12-17,C0451,Clothing,2,98.41,0.0,2,0,
O11141,2024-12-17,C0440,Electronics,2,172.5,0.0,4,0,4.0
O11142,2024-12-17,C0892,Electronics,1,81.07,0.05,3,0,4.0
O11143,2024-12-17,C0456,Beauty,1,20.11,0.0,1,0,
O11144,2024-12-17,C0022,Clothing,4,46.67,0.3,6,1,2.0
O11145,2024-12-18,C1358,Toys,2,12.19,0.05,5,0,5.0
O11146,2024-12-18,C0329,Clothing,1,37.79,0.05,2,0,4.0
O11147,2024-12-18,C0052,Home & kitchen,1,72.44,0.2,3,0,3.0
O11148,2024-12-18,C1522,Beauty,1,34.64,0.2,1,0,5.0
O11149,2024-12-18,C0798,Books,1,16.8,0.2,5,0,5.0
O11150,2024-12-18,C0506,Electronics,1,165.48,0.3,5,0,4.0
O11151,2024-12-18,C1359,Home & kitchen,4,24.45,0.0,1,0,
O11152,2024-12-18,C1175,Books,2,17.87,0.0,3,0,5.0
O11153,2024-12-18,C1703,Electronics,2,34.44,0.15,5,1,4.0
O11154,2024-12-18,C1717,Home & kitchen,2,38.45,0.1,2,0,4.0
O11155,2024-12-18,C1215,Books,4,11.94,0.15,2,0,4.0
O11156,2024-12-18,C0783,Beauty,1,13.8,0.0,2,0,5.0
O11157,2024-12-18,C1269,Home & kitchen,2,54.64,0.05,2,0,4.0
O11158,2024-12-18,C0993,Electronics,1,203.53,0.2,1,0,5.0
O11159,2024-12-18,C1536,Toys,4,33.23,0.15,2,0,5.0
O11160,2024-12-18,C1542,Clothing,1,30.51,0.2,5,1,2.0
O11161,2024-12-18,C1042,Electronics,2,964.99,0.2,4,0,3.0
O11162,2024-12-18,C1404,Clothing,1,20.29,0.0,3,0,5.0
O11163,2024-12-18,C0698,Beauty,2,16.29,0.15,2,0,5.0
O11164,2024-12-18,C0369,Toys,1,27.64,0.0,2,0,5.0
O11165,2024-12-18,C0182,Beauty,2,18.97,0.05,4,0,5.0
O11166,2024-12-18,C1645,Beauty,4,29.9,0.15,2,0,5.0
O11167,2024-12-18,C1087,Books,1,12.57,0.2,6,0,4.0
O11168,2024-12-18,C0572,Clothing,1,31.45,0.1,4,0,4.0
O11169,2024-12-18,C0162,Electronics,1,508.72,0.3,6,0,3.0
O11170,2024-12-18,C1640,Electronics,1,168.61,0.0,4,0,4.0
O11171,2024-12-18,C0738,Clothing,2,83.86,0.0,5,0,4.0
O11172,2024-12-18,C1471,Electronics,3,52.06,0.3,1,0,5.0
O11173,2024-12-18,C0469,Toys,1,34.59,0.0,3,0,4.0
O11174,2024-12-18,C0457,Books,1,14.36,0.1,2,0,5.0
O11175,2024-12-18,C0274,Clothing,2,26.46,0.2,4,0,4.0
O11176,2024-12-18,C1864,Electronics,1,352.88,0.0,5,0,5.0
O11177,2024-12-18,C0900,Home & kitchen,2,25.84,0.3,3,0,3.0
O11178,2024-12-18,C0245,Books,1,16.17,0.1,3,0,5.0
O11179,2024-12-18,C1067,Books,4,12.23,0.0,3,0,4.0
O11180,2024-12-18,C1833,Electronics,1,334.86,0.3,2,0,4.0
O11181,2024-12-18,C1412,Toys,2,26.5,0.05,3,1,4.0
O11182,2024-12-18,C0045,Home & kitchen,4,26.18,0.3,5,1,3.0
O11183,2024-12-18,C0273,Toys,2,29.23,0.05,1,0,5.0
O11184,2024-12-18,C0617,Home & kitchen,2,82.46,0.1,3,0,4.0
O11185,2024-12-18,C0151,Sports & outdoors,2,85.5,0.3,3,0,5.0
O11186,2024-12-18,C1940,Clothing,1,27.58,0.3,6,0,4.0
O11187,2024-12-18,C1447,Books,1,12.51,0.3,1,1,2.0
O11188,2024-12-18,C1983,Clothing,2,67.34,0.0,2,1,3.0
O11189,2024-12-18,C1031,Electronics,3,205.75,0.0,5,1,3.0
O11190,2024-12-18,C0029,Toys,1,59.83,0.0,3,0,5.0
O11191,2024-12-18,C1766,Beauty,1,32.49,0.3,2,0,5.0
O11192,2024-12-18,C0190,Home & kitchen,1,33.41,0.1,10,0,3.0
O11193,2024-12-18,C0990,Home & kitchen,2,57.31,0.15,11,0,3.0
O11194,2024-12-18,C0834,Books,4,17.12,0.0,2,0,5.0
O11195,2024-12-18,C0621,Sports & outdoors,3,28.18,0.15,5,0,5.0
O11196,2024-12-18,C0667,Clothing,1,26.81,0.15,4,0,4.0
O11197,2024-12-18,C0290,Books,4,12.82,0.0,4,0,4.0
O11198,2024-12-18,C0392,Toys,2,26.14,0.15,3,0,5.0
O11199,2024-12-18,C0244,Beauty,1,20.92,0.3,7,0,3.0
O11200,2024-12-18,C0324,Home & kitchen,1,62.17,0.2,1,0,5.0
O11201,2024-12-18,C1876,Toys,2,47.07,0.2,4,0,5.0
O11202,2024-12-18,C0264,Electronics,1,51.69,0.0,3,0,5.0
O11203,2024-12-18,C0390,Home & kitchen,1,48.76,0.05,5,0,5.0
O11204,2024-12-18,C1831,Clothing,4,77.77,0.0,9,0,5.0
O11205,2024-12-18,C0098,Clothing,1,12.79,0.1,9,1,2.0
O11206,2024-12-18,C1042,Clothing,1,19.45,0.15,1,0,5.0
O11207,2024-12-18,C0830,Sports & outdoors,2,117.57,0.05,4,0,5.0
O11208,2024-12-18,C0560,Clothing,1,34.73,0.3,3,1,2.0
O11209,2024-12-19,C0084,Home & kitchen,1,43.94,0.3,2,1,3.0
O11210,2024-12-19,C1289,Home & kitchen,2,135.07,0.05,2,0,3.0
O11211,2024-12-19,C0293,Electronics,2,340.39,0.2,1,0,4.0
O11212,2024-12-19,C1662,Home & kitchen,3,41.44,0.2,1,0,4.0
O11213,2024-12-19,C0318,Clothing,1,43.62,0.0,6,1,4.0
O11214,2024-12-19,C0869,Home & kitchen,4,120.92,0.0,6,0,5.0
O11215,2024-12-19,C1257,Books,3,14.1,0.0,2,0,5.0
O11216,2024-12-19,C0408,Home & kitchen,1,117.91,0.3,7,0,
O11217,2024-12-19,C0115,Electronics,3,236.64,0.2,2,0,5.0
O11218,2024-12-19,C0651,Beauty,4,28.17,0.05,5,0,5.0
O11219,2024-12-19,C0459,Books,4,8.27,0.15,3,0,4.0
O11220,2024-12-19,C1087,Clothing,1,117.08,0.1,8,0,4.0
O11221,2024-12-19,C1245,Clothing,3,90.98,0.0,5,0,4.0
O11222,2024-12-19,C0352,Clothing,2,42.05,0.3,3,1,2.0
O11223,2024-12-19,C1253,Books,1,10.0,0.0,2,0,5.0
O11224,2024-12-19,C1690,Electronics,4,158.95,0.2,4,0,5.0
O11225,2024-12-19,C1970,Home & kitchen,3,51.27,0.0,3,0,4.0
O11226,2024-12-19,C0706,Home & kitchen,1,42.24,0.3,4,1,3.0
O11227,2024-12-19,C0885,Clothing,1,44.82,0.2,3,0,4.0
O11228,2024-12-19,C1562,Clothing,1,16.3,0.3,1,0,
O11229,2024-12-19,C0812,Toys,1,6.86,0.15,6,0,4.0
O11230,2024-12-19,C1394,Electronics,4,116.72,0.0,2,0,5.0
O11231,2024-12-19,C1995,Clothing,2,74.86,0.1,2,0,5.0
O11232,2024-12-19,C0229,Electronics,2,369.51,0.1,3,0,4.0
O11233,2024-12-19,C0124,Books,1,14.17,0.1,2,1,3.0
O11234,2024-12-19,C1501,Home & kitchen,1,34.07,0.0,2,0,
O11235,2024-12-19,C0119,Beauty,1,21.54,0.0,2,0,5.0
O11236,2024-12-19,C0869,Home & kitchen,1,74.33,0.05,4,0,4.0
O11237,2024-12-19,C1247,Beauty,1,20.69,0.15,5,0,5.0
O11238,2024-12-19,C1445,Electronics,2,526.9,0.1,4,0,5.0
O11239,2024-12-19,C0272,Books,1,13.77,0.15,4,0,4.0
O11240,2024-12-19,C0887,Home & kitchen,1,54.52,0.3,3,0,5.0
O11241,2024-12-19,C0679,Home & kitchen,1,78.28,0.0,3,0,4.0
O11242,2024-12-19,C1061,Toys,3,21.49,0.0,4,0,5.0
O11243,2024-12-19,C0718,Electronics,1,88.61,0.0,2,1,3.0
O11244,2024-12-19,C1487,Toys,4,14.5,0.1,4,0,4.0
O11245,2024-12-19,C0232,Clothing,2,34.34,0.2,2,0,
O11246,2024-12-19,C0090,Toys,2,18.17,0.0,1,0,5.0
O11247,2024-12-19,C1559,Books,3,15.09,0.2,5,0,4.0
O11248,2024-12-19,C1105,Toys,1,51.16,0.3,4,0,4.0
O11249,2024-12-19,C0785,Home & kitchen,1,46.71,0.05,1,0,5.0
O11250,2024-12-19,C1845,Electronics,2,129.91,0.0,8,0,3.0
O11251,2024-12-19,C0524,Toys,1,24.94,0.3,1,0,5.0
O11252,2024-12-19,C1411,Sports & outdoors,2,25.17,0.05,7,0,4.0
O11253,2024-12-19,C1482,Toys,1,51.57,0.0,4,0,4.0
O11254,2024-12-19,C0273,Toys,4,36.79,0.3,9,1,2.0
O11255,2024-12-19,C1864,Clothing,1,44.49,0.2,3,0,4.0
O11256,2024-12-19,C0231,Beauty,2,17.31,0.1,3,0,4.0
O11257,2024-12-19,C1136,Electronics,1,123.08,0.3,3,0,3.0
O11258,2024-12-19,C0598,Home & kitchen,3,61.76,0.0,3,0,5.0
O11259,2024-12-19,C0462,Home & kitchen,1,47.33,0.05,2,0,5.0
O11260,2024-12-19,C1840,Electronics,3,80.16,0.0,4,0,4.0
O11261,2024-12-19,C1762,Electronics,4,212.85,0.0,9,0,3.0
O11262,2024-12-19,C1443,Books,4,19.23,0.0,2,0,4.0
O11263,2024-12-19,C1902,Beauty,4,22.6,0.0,2,0,5.0
O11264,2024-12-19,C0860,Clothing,2,20.34,0.1,1,0,4.0
O11265,2024-12-19,C0410,Beauty,1,35.6,0.3,1,0,4.0
O11266,2024-12-19,C0467,Beauty,1,20.52,0.0,2,0,5.0
O11267,2024-12-19,C0684,Electronics,2,308.67,0.2,6,0,4.0
O11268,2024-12-19,C1419,Home & kitchen,2,26.12,0.2,1,0,5.0
O11269,2024-12-19,C1197,Electronics,1,45.47,0.2,6,0,4.0
O11270,2024-12-19,C1409,Books,2,23.03,0.15,6,0,4.0
O11271,2024-12-19,C0445,Books,4,12.7,0.0,2,1,4.0
O11272,2024-12-19,C1911,Toys,3,38.46,0.05,1,0,4.0
O11273,2024-12-19,C0062,Beauty,2,16.09,0.15,1,0,4.0
O11274,2024-12-19,C0333,Home & kitchen,1,108.69,0.1,1,0,4.0
O11275,2024-12-19,C1813,Beauty,1,14.92,0.2,4,0,
O11276,2024-12-19,C0582,Sports & outdoors,2,44.48,0.0,5,0,4.0
O11277,2024-12-19,C1830,Home & kitchen,1,49.78,0.1,5,0,4.0
O11278,2024-12-19,C0379,Books,4,10.06,0.1,2,0,4.0
O11279,2024-12-19,C0022,Sports & outdoors,2,30.17,0.05,9,0,4.0
O11280,2024-12-20,C0800,Home & kitchen,1,54.33,0.0,2,0,4.0
O11281,2024-12-20,C1195,Books,1,15.03,0.0,2,0,5.0
O11282,2024-12-20,C0545,Clothing,1,31.69,0.0,6,0,2.0
O11283,2024-12-20,C1550,Books,3,19.33,0.0,9,0,5.0
O11284,2024-12-20,C1992,Beauty,1,32.25,0.3,1,0,4.0
O11285,2024-12-20,C1545,Home & kitchen,4,62.33,0.0,4,0,4.0
O11286,2024-12-20,C0958,Sports & outdoors,1,68.65,0.0,1,0,4.0
O11287,2024-12-20,C1705,Toys,1,33.73,0.0,1,0,4.0
O11288,2024-12-20,C0640,Sports & outdoors,1,160.71,0.0,2,0,4.0
O11289,2024-12-20,C0544,Electronics,3,60.89,0.0,8,0,4.0
O11290,2024-12-20,C0976,Books,3,15.78,0.05,6,0,3.0
O11291,2024-12-20,C0786,Clothing,3,37.3,0.05,3,0,5.0
O11292,2024-12-20,C1891,Electronics,1,292.94,0.05,3,0,4.0
O11293,2024-12-20,C1158,Books,1,10.3,0.0,5,0,4.0
O11294,2024-12-20,C1296,Beauty,1,13.87,0.0,7,1,4.0
O11295,2024-12-20,C1580,Toys,1,25.43,0.15,4,0,5.0
O11296,2024-12-20,C1306,Books,3,9.5,0.15,2,1,3.0
O11297,2024-12-20,C0025,Beauty,4,16.5,0.3,2,0,
O11298,2024-12-20,C1104,Beauty,2,29.75,0.3,5,0,5.0
O11299,2024-12-20,C0957,Toys,3,12.97,0.05,3,0,4.0
O11300,2024-12-20,C1275,Toys,2,32.12,0.2,3,0,5.0
O11301,2024-12-20,C1065,Toys,4,12.03,0.05,2,0,4.0
O11302,2024-12-20,C0069,Books,2,18.83,0.0,3,0,4.0
O11303,2024-12-20,C0319,Electronics,2,138.98,0.2,3,0,5.0
O11304,2024-12-20,C1690,Sports & outdoors,2,28.14,0.3,2,0,5.0
O11305,2024-12-20,C0695,Books,2,20.65,0.15,4,0,4.0
O11306,2024-12-20,C0917,Electronics,2,253.9,0.05,7,0,3.0
O11307,2024-12-20,C0208,Home & kitchen,2,40.35,0.3,4,0,4.0
O11308,2024-12-20,C1150,Toys,4,14.39,0.05,10,0,5.0
O11309,2024-12-20,C1570,Beauty,1,48.8,0.0,7,0,4.0
O11310,2024-12-20,C0969,Home & kitchen,1,45.51,0.05,5,0,4.0
O11311,2024-12-20,C1136,Clothing,1,73.05,0.3,3,0,4.0
O11312,2024-12-20,C0571,Clothing,1,27.92,0.15,2,0,5.0
O11313,2024-12-20,C0763,Home & kitchen,1,42.57,0.0,6,0,4.0
O11314,2024-12-20,C1697,Beauty,4,15.94,0.0,3,0,5.0
O11315,2024-12-20,C0871,Sports & outdoors,3,28.4,0.05,1,0,
O11316,2024-12-20,C1167,Sports & outdoors,3,47.27,0.0,6,0,3.0
O11317,2024-12-20,C0397,Electronics,1,74.77,0.2,3,0,4.0
O11318,2024-12-20,C0449,Clothing,2,49.66,0.05,4,0,5.0
O11319,2024-12-20,C1318,Sports & outdoors,3,76.19,0.3,4,0,4.0
O11320,2024-12-20,C0519,Home & kitchen,2,33.16,0.0,9,0,3.0
O11321,2024-12-20,C0133,Home & kitchen,1,44.35,0.0,1,0,5.0
O11322,2024-12-20,C0174,Books,2,10.43,0.15,1,0,5.0
O11323,2024-12-20,C1486,Electronics,2,275.54,0.3,3,0,4.0
O11324,2024-12-20,C1601,Toys,1,34.98,0.1,2,0,4.0
O11325,2024-12-20,C1182,Clothing,3,48.45,0.1,8,0,2.0
O11326,2024-12-20,C0035,Toys,4,27.77,0.3,7,0,3.0
O11327,2024-12-20,C1331,Books,2,11.91,0.1,5,0,5.0
O11328,2024-12-20,C0197,Books,4,9.37,0.2,6,1,4.0
O11329,2024-12-20,C0943,Home & kitchen,3,18.59,0.05,3,0,5.0
O11330,2024-12-20,C0011,Beauty,3,26.96,0.0,3,0,4.0
O11331,2024-12-21,C0445,Electronics,2,167.52,0.1,6,0,4.0
O11332,2024-12-21,C1663,Beauty,1,21.59,0.2,2,0,4.0
O11333,2024-12-21,C1766,Clothing,2,37.57,0.0,3,0,
O11334,2024-12-21,C0695,Home & kitchen,3,19.12,0.2,1,0,4.0
O11335,2024-12-21,C1019,Sports & outdoors,4,40.25,0.15,3,0,4.0
O11336,2024-12-21,C0430,Home & kitchen,1,15.49,0.3,2,0,4.0
O11337,2024-12-21,C1755,Books,1,23.13,0.05,1,0,5.0
O11338,2024-12-21,C1627,Toys,1,21.46,0.3,2,0,5.0
O11339,2024-12-21,C0535,Beauty,2,11.46,0.0,2,1,4.0
O11340,2024-12-21,C0441,Beauty,1,31.44,0.1,3,0,5.0
O11341,2024-12-21,C0656,Electronics,3,73.82,0.1,4,0,5.0
O11342,2024-12-21,C0616,Books,2,13.55,0.05,4,0,5.0
O11343,2024-12-21,C1275,Clothing,1,38.64,0.0,9,0,4.0
O11344,2024-12-21,C1807,Sports & outdoors,1,203.2,0.0,5,0,3.0
O11345,2024-12-21,C0300,Clothing,1,21.59,0.3,3,1,3.0
O11346,2024-12-21,C0792,Home & kitchen,3,35.73,0.0,3,0,5.0
O11347,2024-12-21,C1427,Electronics,1,241.53,0.2,2,0,5.0
O11348,2024-12-21,C1389,Books,2,7.68,0.15,5,0,4.0
O11349,2024-12-21,C1288,Home & kitchen,1,19.39,0.0,1,0,5.0
O11350,2024-12-21,C0362,Books,3,14.1,0.1,2,0,5.0
O11351,2024-12-21,C0552,Books,1,10.13,0.0,2,0,5.0
O11352,2024-12-21,C0450,Sports & outdoors,1,72.06,0.1,1,0,4.0
O11353,2024-12-21,C0885,Sports & outdoors,4,136.21,0.15,3,0,3.0
O11354,2024-12-21,C0029,Sports & outdoors,1,31.12,0.05,4,0,4.0
O11355,2024-12-21,C0714,Toys,2,41.65,0.3,3,0,5.0
O11356,2024-12-21,C0518,Beauty,4,18.3,0.0,3,0,5.0
O11357,2024-12-21,C0389,Electronics,1,252.21,0.15,1,0,5.0
O11358,2024-12-21,C1869,Sports & outdoors,1,61.92,0.0,7,0,5.0
O11359,2024-12-21,C0046,Clothing,1,17.04,0.1,1,0,5.0
O11360,2024-12-21,C0793,Beauty,2,16.27,0.15,4,0,3.0
O11361,2024-12-21,C1011,Clothing,1,25.71,0.2,1,0,5.0
O11362,2024-12-21,C1405,Electronics,1,510.83,0.15,3,1,1.0
O11363,2024-12-21,C1746,Electronics,3,348.83,0.05,3,0,5.0
O11364,2024-12-21,C1663,Books,1,23.16,0.0,4,0,4.0
O11365,2024-12-21,C0363,Toys,4,30.32,0.2,3,0,5.0
O11366,2024-12-21,C0951,Home & kitchen,3,25.12,0.0,5,1,3.0
O11367,2024-12-21,C1454,Sports & outdoors,3,153.51,0.2,7,1,3.0
O11368,2024-12-21,C1180,Sports & outdoors,4,71.51,0.05,3,0,4.0
O11369,2024-12-21,C1377,Home & kitchen,1,117.79,0.0,1,0,5.0
O11370,2024-12-21,C1301,Clothing,2,27.87,0.0,2,0,5.0
O11371,2024-12-21,C1925,Beauty,1,23.43,0.2,7,1,2.0
O11372,2024-12-21,C0185,Books,4,16.74,0.05,2,0,5.0
O11373,2024-12-21,C1484,Books,1,13.48,0.2,5,0,4.0
O11374,2024-12-21,C1818,Sports & outdoors,1,22.5,0.15,5,0,4.0
O11375,2024-12-21,C0125,Clothing,1,48.29,0.0,5,0,4.0
O11376,2024-12-21,C1881,Beauty,1,18.1,0.0,4,0,4.0
O11377,2024-12-21,C1596,Books,1,20.14,0.15,2,0,5.0
O11378,2024-12-21,C0857,Home & kitchen,1,75.3,0.0,2,0,5.0
O11379,2024-12-21,C1806,Electronics,1,238.96,0.15,2,0,5.0
O11380,2024-12-21,C0529,Books,1,12.17,0.05,3,0,5.0
O11381,2024-12-21,C0503,Books,4,13.44,0.2,1,1,4.0
O11382,2024-12-21,C0512,Home & kitchen,2,68.84,0.0,6,0,4.0
O11383,2024-12-21,C0516,Clothing,1,29.55,0.05,2,0,4.0
O11384,2024-12-21,C0764,Clothing,3,57.3,0.3,5,0,2.0
O11385,2024-12-21,C1696,Electronics,3,289.16,0.15,3,0,5.0
O11386,2024-12-21,C1033,Clothing,1,23.52,0.0,6,1,4.0
O11387,2024-12-21,C0051,Home & kitchen,3,42.47,0.0,2,0,4.0
O11388,2024-12-21,C1873,Sports & outdoors,1,42.35,0.15,4,0,4.0
O11389,2024-12-21,C0006,Electronics,2,53.16,0.0,2,0,5.0
O11390,2024-12-21,C1264,Clothing,2,20.82,0.15,2,0,5.0
O11391,2024-12-21,C0038,Beauty,4,27.59,0.1,2,0,4.0
O11392,2024-12-21,C0082,Toys,2,23.77,0.0,3,0,5.0
O11393,2024-12-21,C0638,Toys,1,92.6,0.0,1,0,5.0
O11394,2024-12-21,C0825,Clothing,3,36.27,0.0,3,0,5.0
O11395,2024-12-22,C1997,Books,3,13.91,0.0,2,0,5.0
O11396,2024-12-22,C0172,Electronics,1,60.4,0.0,4,0,5.0
O11397,2024-12-22,C0220,Books,1,14.37,0.1,4,0,5.0
O11398,2024-12-22,C0699,Sports & outdoors,2,29.69,0.0,2,0,5.0
O11399,2024-12-22,C0421,Sports & outdoors,3,30.45,0.05,2,0,5.0
O11400,2024-12-22,C0767,Electronics,1,411.42,0.1,3,0,5.0
O11401,2024-12-22,C1362,Sports & outdoors,4,16.57,0.15,1,0,5.0
O11402,2024-12-22,C0120,Beauty,2,15.39,0.0,2,0,5.0
O11403,2024-12-22,C1148,Home & kitchen,4,41.66,0.3,3,0,4.0
O11404,2024-12-22,C0089,Home & kitchen,3,128.74,0.0,7,0,5.0
O11405,2024-12-22,C0669,Clothing,4,40.73,0.0,1,1,3.0
O11406,2024-12-22,C0978,Electronics,1,94.9,0.0,5,0,5.0
O11407,2024-12-22,C1528,Electronics,2,137.62,0.0,8,0,4.0
O11408,2024-12-22,C1486,Books,2,14.51,0.0,7,0,4.0
O11409,2024-12-22,C1997,Clothing,1,28.4,0.05,6,0,5.0
O11410,2024-12-22,C0867,Clothing,4,51.65,0.2,9,0,3.0
O11411,2024-12-22,C0290,Electronics,1,99.57,0.1,1,0,5.0
O11412,2024-12-22,C0922,Books,1,15.78,0.0,3,0,4.0
O11413,2024-12-22,C1361,Beauty,3,20.14,0.0,2,0,5.0
O11414,2024-12-22,C0722,Books,1,13.3,0.15,5,0,4.0
O11415,2024-12-22,C1144,Electronics,1,335.85,0.0,1,0,3.0
O11416,2024-12-22,C0039,Clothing,2,20.13,0.0,5,0,5.0
O11417,2024-12-22,C0737,Clothing,4,21.98,0.05,2,0,5.0
O11418,2024-12-22,C1760,Clothing,2,28.79,0.0,4,0,4.0
O11419,2024-12-22,C0308,Clothing,2,18.82,0.15,4,0,5.0
O11420,2024-12-22,C1933,Clothing,2,19.37,0.1,4,0,4.0
O11421,2024-12-22,C0270,Electronics,4,340.9,0.0,5,0,4.0
O11422,2024-12-22,C0470,Clothing,3,31.1,0.0,2,0,4.0
O11423,2024-12-22,C1951,Clothing,2,44.73,0.0,3,1,2.0
O11424,2024-12-22,C0378,Electronics,2,159.95,0.0,1,0,5.0
O11425,2024-12-22,C1602,Home & kitchen,1,38.78,0.0,1,0,5.0
O11426,2024-12-22,C1301,Clothing,2,31.2,0.0,2,0,4.0
O11427,2024-12-22,C0439,Books,4,9.1,0.1,8,0,5.0
O11428,2024-12-22,C1224,Clothing,1,25.79,0.15,3,0,4.0
O11429,2024-12-22,C0724,Books,3,26.15,0.1,2,0,5.0
O11430,2024-12-22,C1657,Sports & outdoors,3,63.02,0.05,2,0,5.0
O11431,2024-12-22,C1488,Books,2,16.88,0.15,1,0,3.0
O11432,2024-12-22,C0577,Electronics,1,153.55,0.2,1,1,3.0
O11433,2024-12-22,C0136,Beauty,4,20.42,0.0,2,0,5.0
O11434,2024-12-22,C1049,Electronics,2,55.97,0.3,4,1,3.0
O11435,2024-12-22,C1576,Electronics,2,120.13,0.05,3,0,
O11436,2024-12-22,C1575,Clothing,2,12.34,0.15,4,0,4.0
O11437,2024-12-22,C1528,Electronics,3,120.72,0.15,4,1,4.0
O11438,2024-12-22,C0022,Toys,1,22.18,0.0,5,0,4.0
O11439,2024-12-22,C0337,Books,1,10.71,0.2,4,0,5.0
O11440,2024-12-22,C0196,Beauty,3,20.22,0.0,4,0,4.0
O11441,2024-12-22,C1459,Clothing,1,34.57,0.05,1,0,4.0
O11442,2024-12-22,C1308,Clothing,3,13.75,0.3,6,0,4.0
O11443,2024-12-22,C1068,Home & kitchen,3,68.01,0.0,2,0,5.0
O11444,2024-12-22,C1561,Electronics,1,285.97,0.05,2,0,4.0
O11445,2024-12-22,C1819,Clothing,2,35.31,0.05,2,0,5.0
O11446,2024-12-22,C0996,Toys,1,19.75,0.15,3,0,4.0
O11447,2024-12-22,C0503,Clothing,2,43.79,0.15,6,1,3.0
O11448,2024-12-22,C0930,Clothing,1,55.94,0.1,1,0,5.0
O11449,2024-12-22,C1755,Clothing,1,20.86,0.0,2,0,4.0
O11450,2024-12-22,C1467,Clothing,3,44.6,0.0,5,0,4.0
O11451,2024-12-22,C0872,Toys,3,42.99,0.1,5,0,3.0
O11452,2024-12-22,C0340,Sports & outdoors,3,44.4,0.05,10,0,4.0
O11453,2024-12-22,C0498,Beauty,1,16.11,0.3,9,0,3.0
O11454,2024-12-22,C0371,Beauty,3,21.69,0.2,1,0,4.0
O11455,2024-12-22,C0275,Beauty,1,29.18,0.3,8,0,2.0
O11456,2024-12-22,C0147,Home & kitchen,1,40.79,0.0,1,0,4.0
O11457,2024-12-22,C1095,Clothing,2,36.84,0.0,7,0,5.0
O11458,2024-12-22,C1576,Clothing,2,32.01,0.1,3,0,5.0
O11459,2024-12-22,C1336,Electronics,2,83.02,0.3,1,0,4.0
O11460,2024-12-22,C1362,Clothing,1,26.51,0.0,1,1,3.0
O11461,2024-12-22,C0741,Clothing,1,39.32,0.0,4,0,4.0
O11462,2024-12-22,C0602,Clothing,4,28.74,0.0,3,0,4.0
O11463,2024-12-22,C1468,Electronics,4,172.13,0.0,3,1,2.0
O11464,2024-12-22,C1558,Home & kitchen,3,26.38,0.0,1,0,5.0
O11465,2024-12-22,C0232,Sports & outdoors,1,13.85,0.2,3,0,4.0
O11466,2024-12-23,C2000,Toys,4,44.85,0.2,1,0,4.0
O11467,2024-12-23,C0093,Clothing,2,24.45,0.0,3,0,4.0
O11468,2024-12-23,C0052,Home & kitchen,3,65.5,0.0,2,0,3.0
O11469,2024-12-23,C0554,Home & kitchen,1,29.54,0.0,1,0,5.0
O11470,2024-12-23,C0438,Clothing,1,42.4,0.3,2,0,5.0
O11471,2024-12-23,C0036,Toys,1,18.96,0.0,2,0,5.0
O11472,2024-12-23,C0172,Home & kitchen,2,108.64,0.3,3,0,4.0
O11473,2024-12-23,C0259,Electronics,3,251.94,0.15,6,0,5.0
O11474,2024-12-23,C0959,Beauty,2,26.85,0.1,1,0,5.0
O11475,2024-12-23,C1774,Home & kitchen,1,54.04,0.0,4,0,5.0
O11476,2024-12-23,C1366,Books,2,20.78,0.05,4,0,4.0
O11477,2024-12-23,C0118,Electronics,4,86.91,0.15,5,0,4.0
O11478,2024-12-23,C1866,Toys,1,25.29,0.0,2,0,4.0
O11479,2024-12-23,C1421,Clothing,2,17.19,0.1,4,0,5.0
O11480,2024-12-23,C1611,Sports & outdoors,2,59.14,0.05,2,0,4.0
O11481,2024-12-23,C1358,Home & kitchen,1,36.13,0.15,2,0,4.0
O11482,2024-12-23,C1424,Clothing,1,49.32,0.1,6,1,3.0
O11483,2024-12-23,C1853,Books,2,20.91,0.2,2,0,4.0
O11484,2024-12-23,C0237,Books,1,8.88,0.2,1,0,5.0
O11485,2024-12-23,C1225,Home & kitchen,2,54.32,0.1,5,0,4.0
O11486,2024-12-23,C0881,Books,1,11.99,0.0,5,0,4.0
O11487,2024-12-23,C1728,Books,1,9.42,0.0,2,0,5.0
O11488,2024-12-23,C0788,Toys,2,33.33,0.0,4,0,4.0
O11489,2024-12-23,C0645,Electronics,1,75.94,0.0,3,0,4.0
O11490,2024-12-23,C1184,Sports & outdoors,4,96.08,0.2,3,0,5.0
O11491,2024-12-23,C0563,Home & kitchen,1,6.13,0.0,6,0,5.0
O11492,2024-12-23,C1018,Sports & outdoors,1,100.2,0.15,1,0,5.0
O11493,2024-12-23,C1626,Beauty,3,12.0,0.0,9,0,4.0
O11494,2024-12-23,C0238,Books,3,20.54,0.0,8,0,4.0
O11495,2024-12-23,C0324,Clothing,4,33.27,0.2,1,0,5.0
O11496,2024-12-23,C1401,Electronics,4,109.45,0.05,5,0,4.0
O11497,2024-12-23,C0405,Electronics,1,59.7,0.0,2,0,
O11498,2024-12-23,C0284,Beauty,3,25.37,0.1,3,0,4.0
O11499,2024-12-23,C0688,Toys,3,22.47,0.05,2,0,5.0
O11500,2024-12-23,C0851,Clothing,1,30.81,0.0,7,0,3.0
O11501,2024-12-23,C0046,Home & kitchen,2,24.36,0.1,14,0,5.0
O11502,2024-12-23,C0665,Toys,4,31.99,0.0,1,0,4.0
O11503,2024-12-23,C0567,Sports & outdoors,1,108.23,0.3,1,0,4.0
O11504,2024-12-23,C0686,Home & kitchen,2,85.25,0.0,6,0,4.0
O11505,2024-12-23,C0424,Clothing,2,27.52,0.0,1,0,5.0
O11506,2024-12-23,C1485,Clothing,4,20.32,0.05,4,0,5.0
O11507,2024-12-23,C1668,Home & kitchen,1,57.81,0.0,8,1,3.0
O11508,2024-12-23,C0710,Home & kitchen,4,87.45,0.0,4,0,3.0
O11509,2024-12-23,C0059,Home & kitchen,3,37.22,0.1,1,0,5.0
O11510,2024-12-23,C1805,Home & kitchen,4,15.69,0.0,4,0,5.0
O11511,2024-12-23,C1290,Beauty,2,14.89,0.05,4,0,4.0
O11512,2024-12-23,C1779,Beauty,3,19.18,0.2,5,0,3.0
O11513,2024-12-23,C1782,Clothing,2,23.2,0.15,2,0,5.0
O11514,2024-12-23,C0277,Electronics,2,81.95,0.0,3,0,4.0
O11515,2024-12-23,C1158,Clothing,1,56.84,0.2,4,1,2.0
O11516,2024-12-23,C1577,Clothing,1,19.65,0.0,1,0,5.0
O11517,2024-12-23,C1544,Sports & outdoors,4,68.24,0.05,2,0,5.0
O11518,2024-12-23,C1388,Electronics,1,397.18,0.0,9,0,4.0
O11519,2024-12-23,C0737,Home & kitchen,1,46.77,0.0,2,0,4.0
O11520,2024-12-23,C0628,Home & kitchen,1,40.93,0.3,2,0,5.0
O11521,2024-12-23,C0091,Books,1,11.8,0.2,9,0,4.0
O11522,2024-12-23,C0641,Beauty,1,17.35,0.0,2,0,5.0
O11523,2024-12-23,C0083,Electronics,3,655.08,0.0,2,0,4.0
O11524,2024-12-23,C1361,Clothing,1,41.39,0.2,2,0,3.0
O11525,2024-12-23,C1242,Books,4,13.77,0.0,1,0,5.0
O11526,2024-12-23,C0755,Home & kitchen,4,43.92,0.3,3,0,5.0
O11527,2024-12-23,C0119,Sports & outdoors,4,29.58,0.15,5,1,3.0
O11528,2024-12-23,C0876,Electronics,4,464.04,0.15,3,1,3.0
O11529,2024-12-23,C0631,Home & kitchen,2,60.27,0.1,1,0,4.0
O11530,2024-12-23,C1018,Sports & outdoors,2,22.3,0.1,2,0,5.0
O11531,2024-12-23,C0084,Beauty,2,29.36,0.0,1,0,
O11532,2024-12-23,C0331,Beauty,2,9.09,0.3,3,0,5.0
O11533,2024-12-23,C0212,Clothing,2,64.48,0.0,2,0,5.0
O11534,2024-12-23,C0379,Beauty,2,57.62,0.15,2,0,5.0
O11535,2024-12-23,C0229,Books,3,8.52,0.0,5,0,4.0
O11536,2024-12-23,C0332,Sports & outdoors,2,235.69,0.3,1,1,3.0
O11537,2024-12-24,C1171,Home & kitchen,2,31.95,0.3,2,0,5.0
O11538,2024-12-24,C0744,Clothing,3,30.35,0.2,1,0,5.0
O11539,2024-12-24,C0704,Books,2,6.5,0.0,7,0,5.0
O11540,2024-12-24,C1351,Electronics,1,124.6,0.0,1,0,5.0
O11541,2024-12-24,C0313,Sports & outdoors,4,143.54,0.0,3,0,5.0
O11542,2024-12-24,C0950,Clothing,2,49.66,0.0,5,0,5.0
O11543,2024-12-24,C1453,Home & kitchen,1,49.73,0.05,2,0,5.0
O11544,2024-12-24,C1647,Sports & outdoors,3,84.64,0.1,2,0,4.0
O11545,2024-12-24,C0898,Beauty,2,26.94,0.05,6,0,5.0
O11546,2024-12-24,C1226,Sports & outdoors,1,83.31,0.2,2,0,5.0
O11547,2024-12-24,C1883,Toys,1,69.12,0.3,8,1,2.0
O11548,2024-12-24,C0989,Books,4,13.57,0.15,4,0,5.0
O11549,2024-12-24,C0067,Toys,2,29.92,0.1,2,0,5.0
O11550,2024-12-24,C1125,Clothing,1,82.93,0.3,4,0,5.0
O11551,2024-12-24,C1642,Clothing,1,41.35,0.3,1,0,4.0
O11552,2024-12-24,C0591,Electronics,2,152.88,0.1,2,0,5.0
O11553,2024-12-24,C0051,Clothing,4,34.92,0.0,2,0,5.0
O11554,2024-12-24,C0728,Electronics,1,192.41,0.1,1,0,4.0
O11555,2024-12-24,C1495,Clothing,4,109.51,0.1,6,0,4.0
O11556,2024-12-24,C1190,Clothing,2,11.7,0.1,2,0,5.0
O11557,2024-12-24,C0153,Books,1,21.5,0.05,6,0,4.0
O11558,2024-12-24,C1910,Sports & outdoors,3,54.1,0.0,4,0,5.0
O11559,2024-12-24,C0126,Beauty,1,20.78,0.0,3,0,5.0
O11560,2024-12-24,C0615,Home & kitchen,2,122.71,0.2,4,0,5.0
O11561,2024-12-24,C1868,Electronics,3,330.37,0.15,2,1,4.0
O11562,2024-12-24,C1402,Home & kitchen,2,74.09,0.0,1,0,3.0
O11563,2024-12-24,C1327,Sports & outdoors,4,102.74,0.0,3,0,4.0
O11564,2024-12-24,C0876,Beauty,1,20.31,0.1,3,0,5.0
O11565,2024-12-24,C0786,Clothing,1,9.51,0.0,2,1,3.0
O11566,2024-12-24,C0887,Electronics,1,435.72,0.0,1,0,5.0
O11567,2024-12-24,C1972,Toys,2,16.15,0.15,2,0,4.0
O11568,2024-12-24,C1073,Clothing,2,40.47,0.0,3,0,5.0
O11569,2024-12-24,C1630,Home & kitchen,2,41.77,0.15,1,0,5.0
O11570,2024-12-24,C0441,Books,4,15.07,0.0,5,0,5.0
O11571,2024-12-24,C1754,Electronics,3,154.93,0.05,4,0,5.0
O11572,2024-12-24,C0367,Home & kitchen,4,43.06,0.1,1,0,5.0
O11573,2024-12-24,C0657,Toys,4,16.13,0.0,5,0,3.0
O11574,2024-12-24,C0649,Toys,1,17.05,0.1,1,0,5.0
O11575,2024-12-24,C1998,Clothing,3,19.26,0.0,3,1,3.0
O11576,2024-12-24,C1831,Home & kitchen,2,19.78,0.15,3,0,4.0
O11577,2024-12-24,C1781,Electronics,1,635.98,0.0,5,0,4.0
O11578,2024-12-24,C1537,Clothing,1,22.77,0.15,6,0,3.0
O11579,2024-12-24,C0374,Clothing,2,29.55,0.0,3,0,3.0
O11580,2024-12-24,C0668,Clothing,1,38.47,0.0,3,0,4.0
O11581,2024-12-24,C1135,Home & kitchen,3,57.46,0.3,1,0,5.0
O11582,2024-12-24,C0193,Beauty,1,20.57,0.3,1,0,5.0
O11583,2024-12-24,C0950,Electronics,2,235.18,0.0,3,0,4.0
O11584,2024-12-24,C1971,Electronics,2,116.27,0.0,2,0,5.0
O11585,2024-12-24,C0540,Beauty,1,17.39,0.1,4,0,5.0
O11586,2024-12-24,C1462,Clothing,1,44.8,0.0,4,0,4.0
O11587,2024-12-24,C1548,Home & kitchen,2,20.26,0.05,1,0,4.0
O11588,2024-12-24,C0509,Electronics,1,129.59,0.1,7,0,4.0
O11589,2024-12-24,C1613,Home & kitchen,1,67.93,0.0,4,0,5.0
O11590,2024-12-24,C0008,Sports & outdoors,4,115.3,0.15,2,0,5.0
O11591,2024-12-24,C1337,Toys,2,27.9,0.3,1,0,4.0
O11592,2024-12-24,C0045,Books,4,15.2,0.3,1,0,5.0
O11593,2024-12-24,C0504,Sports & outdoors,3,27.38,0.1,3,0,5.0
O11594,2024-12-24,C1542,Books,1,13.44,0.1,2,0,4.0
O11595,2024-12-24,C1456,Home & kitchen,4,115.94,0.1,2,0,4.0
O11596,2024-12-24,C1287,Books,1,15.63,0.15,4,0,5.0
O11597,2024-12-24,C1906,Toys,4,21.58,0.0,3,0,4.0
O11598,2024-12-24,C1633,Books,1,18.02,0.0,10,0,3.0
O11599,2024-12-25,C0191,Toys,3,21.19,0.0,3,0,
O11600,2024-12-25,C0500,Home & kitchen,3,17.25,0.0,4,0,5.0
O11601,2024-12-25,C0277,Electronics,1,157.38,0.15,2,0,5.0
O11602,2024-12-25,C0769,Home & kitchen,2,279.14,0.1,6,0,4.0
O11603,2024-12-25,C1902,Toys,1,26.7,0.05,1,0,5.0
O11604,2024-12-25,C0183,Books,1,18.75,0.3,3,1,2.0
O11605,2024-12-25,C0375,Beauty,4,31.27,0.15,1,0,3.0
O11606,2024-12-25,C1160,Toys,3,36.91,0.3,2,0,4.0
O11607,2024-12-25,C1121,Sports & outdoors,1,104.12,0.0,3,0,5.0
O11608,2024-12-25,C0147,Books,2,13.57,0.0,2,0,5.0
O11609,2024-12-25,C0451,Home & kitchen,4,39.14,0.1,3,0,4.0
O11610,2024-12-25,C0035,Electronics,1,269.82,0.0,6,0,5.0
O11611,2024-12-25,C1849,Beauty,3,11.98,0.2,4,0,4.0
O11612,2024-12-25,C1072,Home & kitchen,2,47.42,0.15,1,0,5.0
O11613,2024-12-25,C1009,Sports & outdoors,2,30.98,0.05,3,0,4.0
O11614,2024-12-25,C0216,Sports & outdoors,1,155.93,0.0,1,0,4.0
O11615,2024-12-25,C1765,Clothing,3,86.35,0.15,1,0,4.0
O11616,2024-12-25,C1157,Sports & outdoors,3,15.39,0.0,4,0,4.0
O11617,2024-12-25,C1638,Sports & outdoors,1,50.22,0.05,3,0,5.0
O11618,2024-12-25,C0172,Clothing,1,55.25,0.0,3,0,4.0
O11619,2024-12-25,C1279,Beauty,4,22.11,0.1,1,0,5.0
O11620,2024-12-25,C1878,Clothing,2,51.76,0.0,3,0,4.0
O11621,2024-12-25,C1464,Home & kitchen,4,66.11,0.3,8,0,4.0
O11622,2024-12-25,C0152,Books,3,9.89,0.15,7,0,5.0
O11623,2024-12-25,C0896,Home & kitchen,2,23.99,0.05,6,0,5.0
O11624,2024-12-25,C1091,Electronics,2,113.7,0.0,6,0,3.0
O11625,2024-12-25,C0057,Books,4,13.78,0.0,2,0,
O11626,2024-12-25,C1898,Electronics,2,432.29,0.1,9,0,3.0
O11627,2024-12-25,C0994,Beauty,2,17.89,0.2,3,1,4.0
O11628,2024-12-25,C0553,Beauty,1,13.55,0.05,1,0,5.0
O11629,2024-12-25,C0445,Beauty,3,20.8,0.0,12,0,4.0
O11630,2024-12-25,C1278,Home & kitchen,1,22.94,0.2,3,0,4.0
O11631,2024-12-25,C0151,Sports & outdoors,1,18.97,0.0,3,0,5.0
O11632,2024-12-25,C0523,Electronics,2,89.67,0.0,3,0,
O11633,2024-12-25,C1631,Beauty,2,37.59,0.3,5,0,4.0
O11634,2024-12-25,C0175,Toys,4,16.71,0.0,3,0,4.0
O11635,2024-12-25,C1500,Clothing,2,68.95,0.15,3,0,5.0
O11636,2024-12-25,C1058,Books,2,12.82,0.0,1,0,4.0
O11637,2024-12-25,C0224,Clothing,2,81.71,0.05,5,0,4.0
O11638,2024-12-25,C0144,Home & kitchen,3,70.84,0.2,4,1,3.0
O11639,2024-12-25,C0149,Home & kitchen,1,69.86,0.0,6,0,
O11640,2024-12-25,C1525,Home & kitchen,1,28.35,0.1,5,0,4.0
O11641,2024-12-25,C0357,Electronics,4,465.78,0.15,4,0,5.0
O11642,2024-12-25,C0504,Toys,2,22.41,0.3,1,0,5.0
O11643,2024-12-25,C0371,Electronics,1,121.02,0.3,3,0,4.0
O11644,2024-12-25,C0413,Clothing,1,14.97,0.3,6,0,4.0
O11645,2024-12-25,C0379,Toys,3,8.76,0.0,5,0,5.0
O11646,2024-12-25,C0707,Sports & outdoors,2,97.07,0.15,1,0,5.0
O11647,2024-12-25,C0938,Toys,1,17.43,0.3,3,0,5.0
O11648,2024-12-25,C0699,Beauty,3,22.66,0.3,5,1,3.0
O11649,2024-12-25,C1868,Home & kitchen,2,43.92,0.3,3,0,5.0
O11650,2024-12-25,C0003,Electronics,1,285.16,0.0,2,0,4.0
O11651,2024-12-25,C1798,Beauty,1,32.39,0.1,7,0,4.0
O11652,2024-12-25,C1061,Home & kitchen,3,14.47,0.2,5,0,3.0
O11653,2024-12-25,C0443,Home & kitchen,3,23.8,0.0,2,0,3.0
O11654,2024-12-25,C0887,Clothing,4,25.58,0.2,1,0,5.0
O11655,2024-12-25,C1746,Books,2,15.78,0.0,3,0,5.0
O11656,2024-12-25,C1702,Home & kitchen,1,65.12,0.0,10,0,3.0
O11657,2024-12-25,C0885,Beauty,1,21.93,0.1,9,0,4.0
O11658,2024-12-25,C1397,Beauty,2,41.67,0.3,7,0,4.0
O11659,2024-12-25,C1897,Clothing,3,65.02,0.05,2,0,5.0
O11660,2024-12-25,C0563,Electronics,1,256.75,0.0,6,1,3.0
O11661,2024-12-25,C0513,Clothing,4,43.18,0.0,4,1,3.0
O11662,2024-12-25,C0887,Toys,1,13.26,0.0,2,0,4.0
O11663,2024-12-25,C1231,Electronics,2,88.5,0.0,2,0,3.0
O11664,2024-12-25,C1613,Books,3,12.44,0.1,1,0,4.0
O11665,2024-12-25,C0122,Sports & outdoors,2,94.79,0.0,1,0,3.0
O11666,2024-12-25,C0650,Toys,1,9.74,0.15,10,0,4.0
O11667,2024-12-25,C1481,Toys,3,59.14,0.3,2,1,5.0
O11668,2024-12-26,C0479,Home & kitchen,1,67.25,0.3,3,0,5.0
O11669,2024-12-26,C1455,Electronics,1,125.8,0.2,1,0,4.0
O11670,2024-12-26,C0352,Toys,4,34.46,0.0,3,0,4.0
O11671,2024-12-26,C0658,Sports & outdoors,1,160.38,0.05,3,0,
O11672,2024-12-26,C1059,Electronics,3,110.77,0.1,6,0,4.0
O11673,2024-12-26,C1310,Sports & outdoors,1,129.27,0.1,5,0,4.0
O11674,2024-12-26,C1438,Sports & outdoors,3,112.92,0.3,5,1,2.0
O11675,2024-12-26,C1127,Clothing,4,20.69,0.0,1,0,
O11676,2024-12-26,C1263,Home & kitchen,2,102.01,0.05,2,0,4.0
O11677,2024-12-26,C1317,Home & kitchen,2,22.0,0.0,1,0,5.0
O11678,2024-12-26,C1234,Home & kitchen,1,19.08,0.3,2,0,4.0
O11679,2024-12-26,C1653,Toys,4,30.37,0.2,1,0,5.0
O11680,2024-12-26,C1233,Toys,2,24.25,0.1,4,0,5.0
O11681,2024-12-26,C1455,Toys,2,17.33,0.2,6,0,5.0
O11682,2024-12-26,C1636,Home & kitchen,2,60.47,0.0,6,1,3.0
O11683,2024-12-26,C0743,Clothing,1,37.99,0.3,10,1,3.0
O11684,2024-12-26,C1131,Clothing,2,37.14,0.3,3,0,5.0
O11685,2024-12-26,C1901,Sports & outdoors,2,55.66,0.0,7,0,4.0
O11686,2024-12-26,C0560,Home & kitchen,2,14.59,0.05,1,0,4.0
O11687,2024-12-26,C1664,Clothing,3,25.32,0.0,2,0,5.0
O11688,2024-12-26,C0787,Sports & outdoors,3,30.47,0.1,6,0,4.0
O11689,2024-12-26,C1786,Electronics,3,580.28,0.1,3,0,5.0
O11690,2024-12-26,C1017,Books,3,10.57,0.3,4,0,4.0
O11691,2024-12-26,C1051,Electronics,2,88.1,0.05,2,0,5.0
O11692,2024-12-26,C0551,Books,1,15.22,0.0,2,0,5.0
O11693,2024-12-26,C0831,Electronics,2,183.14,0.0,3,0,5.0
O11694,2024-12-26,C1135,Books,2,14.2,0.3,3,1,3.0
O11695,2024-12-26,C1331,Electronics,1,228.2,0.2,2,0,3.0
O11696,2024-12-26,C1728,Books,2,9.03,0.0,4,0,5.0
O11697,2024-12-26,C1395,Toys,3,13.27,0.15,4,0,4.0
O11698,2024-12-26,C0849,Home & kitchen,2,64.28,0.0,7,0,4.0
O11699,2024-12-26,C1103,Clothing,2,22.87,0.0,5,0,2.0
O11700,2024-12-26,C0167,Beauty,1,17.83,0.1,8,0,4.0
O11701,2024-12-26,C1100,Home & kitchen,1,37.68,0.1,2,0,5.0
O11702,2024-12-26,C1726,Home & kitchen,4,41.75,0.0,3,0,4.0
O11703,2024-12-26,C1166,Clothing,2,23.29,0.0,5,0,5.0
O11704,2024-12-26,C1005,Clothing,2,14.16,0.05,6,0,5.0
O11705,2024-12-26,C0453,Home & kitchen,2,38.13,0.2,3,0,3.0
O11706,2024-12-26,C0391,Electronics,2,807.97,0.1,2,1,3.0
O11707,2024-12-26,C0875,Electronics,1,796.27,0.1,6,0,5.0
O11708,2024-12-26,C0909,Electronics,1,129.79,0.15,7,0,4.0
O11709,2024-12-26,C0648,Electronics,1,158.75,0.0,3,0,4.0
O11710,2024-12-26,C1589,Electronics,1,113.37,0.3,5,0,4.0
O11711,2024-12-26,C0059,Electronics,2,377.37,0.1,1,0,4.0
O11712,2024-12-26,C0803,Home & kitchen,1,16.98,0.3,8,0,5.0
O11713,2024-12-26,C0624,Home & kitchen,1,48.23,0.05,1,0,4.0
O11714,2024-12-26,C1713,Sports & outdoors,2,21.36,0.0,3,0,5.0
O11715,2024-12-26,C0569,Books,2,8.81,0.1,2,0,5.0
O11716,2024-12-26,C1547,Beauty,1,26.38,0.15,1,0,5.0
O11717,2024-12-26,C0614,Toys,1,50.7,0.15,3,0,5.0
O11718,2024-12-26,C1291,Electronics,2,423.04,0.0,4,0,5.0
O11719,2024-12-26,C0849,Clothing,4,19.09,0.3,5,1,
O11720,2024-12-26,C1416,Books,4,14.78,0.0,1,0,
O11721,2024-12-26,C0061,Electronics,1,90.16,0.0,3,0,4.0
O11722,2024-12-26,C0531,Clothing,3,82.07,0.0,4,0,4.0
O11723,2024-12-26,C0502,Clothing,1,16.31,0.0,5,1,
O11724,2024-12-26,C1054,Home & kitchen,1,25.65,0.05,1,0,4.0
O11725,2024-12-26,C1332,Clothing,4,37.26,0.2,5,1,5.0
O11726,2024-12-26,C0900,Toys,1,46.8,0.2,3,0,3.0
O11727,2024-12-26,C0993,Toys,1,21.05,0.3,5,1,3.0
O11728,2024-12-26,C0321,Books,4,8.02,0.0,2,0,5.0
O11729,2024-12-26,C1151,Beauty,3,17.7,0.15,3,0,4.0
O11730,2024-12-26,C0138,Clothing,1,38.63,0.0,6,0,4.0
O11731,2024-12-26,C1779,Home & kitchen,2,109.16,0.05,1,1,4.0
O11732,2024-12-26,C0512,Beauty,4,15.83,0.15,2,0,4.0
O11733,2024-12-26,C0833,Books,1,21.04,0.2,2,0,5.0
O11734,2024-12-26,C1229,Home & kitchen,3,30.32,0.0,4,0,5.0
O11735,2024-12-26,C1369,Toys,2,35.6,0.15,1,0,5.0
O11736,2024-12-26,C0399,Books,4,17.57,0.3,1,0,5.0
O11737,2024-12-26,C1637,Electronics,3,277.42,0.15,3,0,4.0
O11738,2024-12-26,C1468,Clothing,4,52.89,0.1,1,0,5.0
O11739,2024-12-27,C1933,Home & kitchen,2,162.8,0.0,4,0,5.0
O11740,2024-12-27,C0214,Electronics,2,68.43,0.2,2,0,3.0
O11741,2024-12-27,C1058,Sports & outdoors,2,22.28,0.0,6,0,5.0
O11742,2024-12-27,C1776,Toys,1,11.31,0.0,3,0,5.0
O11743,2024-12-27,C0136,Sports & outdoors,2,173.23,0.0,1,1,4.0
O11744,2024-12-27,C0489,Home & kitchen,1,73.77,0.0,3,0,5.0
O11745,2024-12-27,C1411,Clothing,2,21.86,0.0,1,0,5.0
O11746,2024-12-27,C0075,Sports & outdoors,1,127.98,0.0,2,0,5.0
O11747,2024-12-27,C1998,Books,1,20.18,0.0,2,0,4.0
O11748,2024-12-27,C1648,Electronics,3,122.32,0.05,11,1,3.0
O11749,2024-12-27,C1915,Home & kitchen,2,63.3,0.05,1,0,5.0
O11750,2024-12-27,C1815,Home & kitchen,1,20.72,0.3,3,0,4.0
O11751,2024-12-27,C1440,Electronics,1,42.26,0.05,5,0,4.0
O11752,2024-12-27,C1632,Home & kitchen,4,34.48,0.0,5,0,3.0
O11753,2024-12-27,C0074,Toys,1,16.08,0.0,4,0,4.0
O11754,2024-12-27,C0195,Clothing,3,41.35,0.0,3,0,4.0
O11755,2024-12-27,C1032,Beauty,3,12.41,0.1,3,0,4.0
O11756,2024-12-27,C0452,Books,4,15.31,0.1,2,0,4.0
O11757,2024-12-27,C1669,Clothing,1,35.26,0.3,2,1,3.0
O11758,2024-12-27,C1189,Toys,1,39.5,0.0,3,0,4.0
O11759,2024-12-27,C1979,Clothing,4,30.31,0.0,6,0,4.0
O11760,2024-12-27,C1492,Beauty,3,23.57,0.05,2,0,4.0
O11761,2024-12-27,C0810,Clothing,1,46.86,0.05,3,0,5.0
O11762,2024-12-27,C1791,Electronics,1,72.12,0.0,3,0,
O11763,2024-12-27,C0425,Electronics,1,164.9,0.15,7,0,5.0
O11764,2024-12-27,C0930,Home & kitchen,3,62.41,0.0,3,0,4.0
O11765,2024-12-27,C1385,Clothing,2,34.92,0.1,3,0,4.0
O11766,2024-12-27,C1547,Clothing,2,29.57,0.0,2,0,5.0
O11767,2024-12-27,C0206,Toys,1,26.59,0.0,5,0,5.0
O11768,2024-12-27,C0613,Sports & outdoors,1,63.04,0.0,11,0,3.0
O11769,2024-12-27,C1828,Toys,3,49.46,0.2,3,0,4.0
O11770,2024-12-27,C1805,Home & kitchen,1,22.92,0.0,2,0,4.0
O11771,2024-12-27,C0333,Clothing,1,51.35,0.2,7,0,4.0
O11772,2024-12-27,C0553,Electronics,1,193.87,0.1,6,1,2.0
O11773,2024-12-27,C0861,Beauty,4,36.52,0.0,3,0,4.0
O11774,2024-12-27,C1708,Books,1,11.6,0.15,2,0,5.0
O11775,2024-12-27,C0981,Home & kitchen,1,16.45,0.15,2,0,5.0
O11776,2024-12-27,C0650,Clothing,3,98.63,0.0,6,0,5.0
O11777,2024-12-27,C1644,Toys,2,36.6,0.0,6,0,5.0
O11778,2024-12-27,C1861,Clothing,1,44.26,0.3,4,1,3.0
O11779,2024-12-27,C1029,Clothing,1,16.23,0.15,2,0,5.0
O11780,2024-12-27,C0618,Clothing,2,38.9,0.2,3,0,4.0
O11781,2024-12-27,C0829,Home & kitchen,2,58.98,0.1,4,0,5.0
O11782,2024-12-27,C1177,Books,3,14.52,0.0,1,0,4.0
O11783,2024-12-27,C1743,Sports & outdoors,1,37.86,0.1,5,0,5.0
O11784,2024-12-27,C0281,Clothing,1,67.95,0.05,1,0,5.0
O11785,2024-12-27,C1607,Clothing,1,30.84,0.0,5,0,4.0
O11786,2024-12-27,C0608,Clothing,1,27.19,0.0,3,0,3.0
O11787,2024-12-27,C0021,Books,1,10.96,0.3,3,0,5.0
O11788,2024-12-27,C1070,Clothing,2,20.41,0.0,4,0,5.0
O11789,2024-12-27,C0053,Home & kitchen,1,21.96,0.1,4,0,4.0
O11790,2024-12-27,C1801,Home & kitchen,4,58.79,0.0,4,0,5.0
O11791,2024-12-27,C1173,Toys,1,16.8,0.05,3,0,3.0
O11792,2024-12-27,C0727,Home & kitchen,2,129.38,0.05,4,0,5.0
O11793,2024-12-27,C1294,Beauty,1,45.12,0.15,6,0,4.0
O11794,2024-12-27,C1956,Home & kitchen,2,44.16,0.05,2,0,5.0
O11795,2024-12-27,C0337,Electronics,3,295.77,0.1,1,0,5.0
O11796,2024-12-27,C1995,Toys,1,36.18,0.05,4,0,5.0
O11797,2024-12-27,C1146,Books,1,10.54,0.3,5,0,4.0
O11798,2024-12-27,C1388,Books,2,15.76,0.3,2,0,4.0
O11799,2024-12-27,C0705,Electronics,2,291.38,0.0,3,0,4.0
O11800,2024-12-27,C0528,Electronics,1,232.89,0.15,8,0,4.0
O11801,2024-12-27,C1076,Clothing,3,24.61,0.05,4,0,5.0
O11802,2024-12-27,C0999,Sports & outdoors,4,49.08,0.0,7,0,5.0
O11803,2024-12-27,C1599,Home & kitchen,1,14.75,0.0,3,0,5.0
O11804,2024-12-27,C0605,Electronics,1,98.84,0.0,2,0,4.0
O11805,2024-12-27,C0518,Sports & outdoors,2,100.51,0.15,3,1,4.0
O11806,2024-12-28,C1140,Books,1,13.92,0.0,11,0,3.0
O11807,2024-12-28,C0844,Home & kitchen,2,25.49,0.3,2,1,3.0
O11808,2024-12-28,C0070,Sports & outdoors,1,243.9,0.05,4,0,3.0
O11809,2024-12-28,C1302,Sports & outdoors,4,28.26,0.0,4,0,5.0
O11810,2024-12-28,C1652,Electronics,1,70.53,0.1,4,0,4.0
O11811,2024-12-28,C1041,Home & kitchen,1,70.05,0.3,3,0,4.0
O11812,2024-12-28,C1641,Sports & outdoors,1,17.98,0.0,1,0,5.0
O11813,2024-12-28,C1193,Home & kitchen,2,42.39,0.15,1,0,4.0
O11814,2024-12-28,C1643,Beauty,2,19.9,0.15,2,0,5.0
O11815,2024-12-28,C1102,Clothing,3,42.51,0.05,1,0,4.0
O11816,2024-12-28,C0712,Toys,2,14.27,0.3,2,0,5.0
O11817,2024-12-28,C1576,Sports & outdoors,2,349.43,0.3,4,1,3.0
O11818,2024-12-28,C1620,Electronics,1,268.8,0.15,3,0,4.0
O11819,2024-12-28,C0892,Beauty,2,33.98,0.15,4,0,4.0
O11820,2024-12-28,C1153,Clothing,4,70.23,0.3,3,0,5.0
O11821,2024-12-28,C0452,Sports & outdoors,2,101.72,0.3,1,0,5.0
O11822,2024-12-28,C1746,Toys,1,18.95,0.0,1,0,5.0
O11823,2024-12-28,C0748,Toys,2,10.25,0.2,3,0,4.0
O11824,2024-12-28,C1940,Clothing,1,38.15,0.15,5,0,5.0
O11825,2024-12-28,C1705,Books,1,11.87,0.1,3,0,5.0
O11826,2024-12-28,C0505,Clothing,1,100.27,0.0,10,0,4.0
O11827,2024-12-28,C1420,Home & kitchen,3,30.93,0.15,1,0,3.0
O11828,2024-12-28,C0768,Clothing,2,74.74,0.3,1,1,5.0
O11829,2024-12-28,C1092,Books,4,10.64,0.2,3,0,5.0
O11830,2024-12-28,C0644,Clothing,4,26.16,0.0,4,1,2.0
O11831,2024-12-28,C0935,Electronics,3,198.06,0.0,3,0,4.0
O11832,2024-12-28,C0452,Electronics,2,204.96,0.2,2,0,5.0
O11833,2024-12-28,C1334,Clothing,4,52.41,0.0,3,0,5.0
O11834,2024-12-28,C1471,Toys,4,16.86,0.0,1,0,4.0
O11835,2024-12-28,C0500,Beauty,3,18.21,0.0,3,0,5.0
O11836,2024-12-28,C1808,Clothing,3,31.68,0.0,3,0,5.0
O11837,2024-12-28,C1609,Electronics,1,112.48,0.15,3,0,4.0
O11838,2024-12-28,C0510,Clothing,4,85.31,0.0,2,0,5.0
O11839,2024-12-28,C0783,Toys,4,35.28,0.0,2,0,5.0
O11840,2024-12-28,C1903,Electronics,1,47.94,0.1,3,0,4.0
O11841,2024-12-28,C1792,Electronics,1,160.79,0.0,8,1,3.0
O11842,2024-12-28,C1796,Clothing,3,36.12,0.0,2,0,5.0
O11843,2024-12-28,C0055,Books,2,13.08,0.2,1,0,5.0
O11844,2024-12-28,C0903,Electronics,2,265.09,0.15,5,0,5.0
O11845,2024-12-28,C0757,Toys,1,91.31,0.1,9,0,4.0
O11846,2024-12-28,C1416,Clothing,2,46.71,0.0,3,0,4.0
O11847,2024-12-28,C1188,Toys,3,25.27,0.15,5,0,4.0
O11848,2024-12-28,C1437,Clothing,1,52.37,0.15,3,0,4.0
O11849,2024-12-28,C1296,Beauty,1,10.84,0.1,6,0,3.0
O11850,2024-12-28,C1736,Toys,4,20.66,0.3,3,0,3.0
O11851,2024-12-28,C0413,Home & kitchen,4,31.75,0.15,6,0,5.0
O11852,2024-12-28,C1611,Clothing,2,24.99,0.1,7,0,5.0
O11853,2024-12-28,C0600,Clothing,3,27.28,0.0,8,0,4.0
O11854,2024-12-28,C0538,Beauty,1,28.47,0.1,2,0,4.0
O11855,2024-12-28,C0998,Clothing,3,15.71,0.0,7,0,5.0
O11856,2024-12-28,C1648,Books,4,21.87,0.05,2,1,3.0
O11857,2024-12-28,C1920,Beauty,1,21.09,0.1,1,0,5.0
O11858,2024-12-28,C0082,Clothing,1,24.3,0.1,3,0,4.0
O11859,2024-12-28,C1625,Home & kitchen,3,66.27,0.05,1,0,4.0
O11860,2024-12-28,C0468,Home & kitchen,1,16.95,0.0,2,0,5.0
O11861,2024-12-28,C0473,Home & kitchen,2,105.6,0.2,2,0,5.0
O11862,2024-12-28,C1128,Electronics,1,406.83,0.0,2,0,4.0
O11863,2024-12-28,C0091,Beauty,2,26.69,0.15,6,0,4.0
O11864,2024-12-28,C0551,Books,3,9.46,0.0,8,0,4.0
O11865,2024-12-28,C0733,Electronics,2,132.81,0.0,3,0,4.0
O11866,2024-12-28,C1639,Clothing,2,32.34,0.2,2,0,4.0
O11867,2024-12-28,C1588,Electronics,1,61.47,0.15,1,0,5.0
O11868,2024-12-28,C1029,Clothing,2,13.95,0.0,4,0,4.0
O11869,2024-12-28,C1091,Books,3,15.41,0.3,4,0,4.0
O11870,2024-12-28,C0953,Clothing,1,117.49,0.05,3,0,4.0
O11871,2024-12-28,C0014,Books,1,22.31,0.05,3,0,5.0
O11872,2024-12-28,C0732,Electronics,2,134.03,0.2,5,0,
O11873,2024-12-28,C1333,Beauty,1,32.69,0.0,2,0,4.0
O11874,2024-12-28,C0299,Clothing,1,17.8,0.0,1,0,5.0
O11875,2024-12-28,C1815,Books,4,17.11,0.0,3,0,4.0
O11876,2024-12-28,C1610,Beauty,1,42.79,0.0,6,0,5.0
O11877,2024-12-28,C0242,Clothing,2,24.0,0.0,1,1,4.0
O11878,2024-12-28,C1542,Toys,4,60.21,0.0,3,0,4.0
O11879,2024-12-28,C1169,Electronics,1,154.36,0.2,5,0,5.0
O11880,2024-12-28,C0926,Home & kitchen,2,56.29,0.0,5,0,5.0
O11881,2024-12-29,C1660,Books,2,9.54,0.3,6,0,3.0
O11882,2024-12-29,C0968,Books,1,15.0,0.0,3,0,4.0
O11883,2024-12-29,C1947,Clothing,3,41.57,0.0,4,0,4.0
O11884,2024-12-29,C0080,Clothing,4,26.02,0.2,3,0,4.0
O11885,2024-12-29,C1345,Sports & outdoors,1,115.85,0.1,1,0,5.0
O11886,2024-12-29,C0167,Beauty,3,26.34,0.1,2,0,5.0
O11887,2024-12-29,C1884,Home & kitchen,1,29.5,0.0,1,0,5.0
O11888,2024-12-29,C1350,Electronics,4,124.09,0.0,5,0,4.0
O11889,2024-12-29,C1224,Books,1,10.2,0.0,5,0,4.0
O11890,2024-12-29,C0968,Electronics,3,240.02,0.1,1,1,4.0
O11891,2024-12-29,C1462,Home & kitchen,1,58.0,0.0,5,0,4.0
O11892,2024-12-29,C0922,Clothing,4,21.02,0.0,3,0,5.0
O11893,2024-12-29,C0733,Home & kitchen,3,54.09,0.1,2,0,4.0
O11894,2024-12-29,C0970,Electronics,1,344.07,0.15,3,0,4.0
O11895,2024-12-29,C0766,Sports & outdoors,1,54.94,0.05,2,0,4.0
O11896,2024-12-29,C1336,Books,2,16.33,0.0,1,0,4.0
O11897,2024-12-29,C1123,Toys,2,20.06,0.0,1,0,5.0
O11898,2024-12-29,C1740,Clothing,4,38.13,0.0,1,0,5.0
O11899,2024-12-29,C1060,Sports & outdoors,1,117.51,0.3,1,0,5.0
O11900,2024-12-29,C1372,Toys,2,44.1,0.1,3,0,4.0
O11901,2024-12-29,C1526,Beauty,2,37.4,0.0,3,0,5.0
O11902,2024-12-29,C1613,Clothing,2,50.33,0.2,2,0,5.0
O11903,2024-12-29,C1721,Toys,1,39.68,0.0,3,1,3.0
O11904,2024-12-29,C0663,Beauty,1,19.95,0.0,1,0,5.0
O11905,2024-12-29,C0809,Toys,3,22.07,0.1,7,0,4.0
O11906,2024-12-29,C0728,Books,2,9.49,0.0,4,0,5.0
O11907,2024-12-29,C1782,Clothing,2,57.33,0.15,4,1,4.0
O11908,2024-12-29,C1737,Sports & outdoors,1,57.55,0.3,4,0,5.0
O11909,2024-12-29,C0965,Sports & outdoors,1,69.96,0.2,6,0,5.0
O11910,2024-12-29,C1885,Home & kitchen,4,16.45,0.1,2,0,4.0
O11911,2024-12-29,C1572,Beauty,3,17.1,0.3,2,0,5.0
O11912,2024-12-29,C1266,Sports & outdoors,2,45.45,0.3,4,0,5.0
O11913,2024-12-29,C1377,Sports & outdoors,2,36.0,0.2,1,0,
O11914,2024-12-29,C0751,Books,4,9.28,0.3,5,0,5.0
O11915,2024-12-29,C1778,Clothing,4,38.02,0.3,6,0,5.0
O11916,2024-12-29,C1059,Sports & outdoors,4,25.92,0.15,5,0,4.0
O11917,2024-12-29,C1350,Clothing,2,17.61,0.0,2,0,4.0
O11918,2024-12-29,C0288,Clothing,1,54.64,0.0,2,0,3.0
O11919,2024-12-29,C0537,Home & kitchen,1,93.57,0.0,2,0,4.0
O11920,2024-12-29,C0071,Home & kitchen,3,81.31,0.0,3,0,5.0
O11921,2024-12-29,C0461,Electronics,3,281.24,0.3,9,0,3.0
O11922,2024-12-29,C0289,Clothing,1,37.39,0.3,6,1,3.0
O11923,2024-12-29,C1326,Books,2,14.06,0.0,3,0,4.0
O11924,2024-12-29,C0466,Home & kitchen,2,41.58,0.15,4,0,4.0
O11925,2024-12-29,C1167,Books,1,9.43,0.3,6,0,5.0
O11926,2024-12-29,C0183,Sports & outdoors,1,92.95,0.2,3,0,3.0
O11927,2024-12-29,C0034,Books,4,14.46,0.2,7,0,3.0
O11928,2024-12-29,C1282,Toys,3,56.0,0.0,2,0,4.0
O11929,2024-12-29,C0442,Electronics,1,127.16,0.1,2,0,5.0
O11930,2024-12-29,C0328,Clothing,2,27.13,0.05,12,1,1.0
O11931,2024-12-29,C1626,Electronics,1,98.53,0.0,8,0,4.0
O11932,2024-12-29,C0669,Home & kitchen,4,47.52,0.3,8,1,4.0
O11933,2024-12-29,C1390,Home & kitchen,3,26.5,0.15,8,0,
O11934,2024-12-29,C1213,Home & kitchen,1,14.99,0.0,4,0,4.0
O11935,2024-12-29,C1844,Clothing,4,25.27,0.15,6,0,4.0
O11936,2024-12-29,C1623,Home & kitchen,2,98.87,0.05,1,0,
O11937,2024-12-29,C1814,Home & kitchen,2,22.75,0.0,2,0,5.0
O11938,2024-12-29,C1966,Toys,2,22.77,0.15,2,0,3.0
O11939,2024-12-29,C1918,Home & kitchen,1,56.72,0.0,1,0,5.0
O11940,2024-12-30,C0827,Electronics,2,45.82,0.05,4,0,4.0
O11941,2024-12-30,C0621,Clothing,4,19.16,0.2,3,0,5.0
O11942,2024-12-30,C0675,Clothing,4,16.67,0.15,7,1,2.0
O11943,2024-12-30,C1172,Clothing,4,29.98,0.3,2,0,4.0
O11944,2024-12-30,C0719,Beauty,2,23.8,0.0,6,0,4.0
O11945,2024-12-30,C0921,Sports & outdoors,4,44.78,0.2,4,0,4.0
O11946,2024-12-30,C1034,Beauty,1,19.03,0.0,4,0,5.0
O11947,2024-12-30,C1114,Sports & outdoors,1,126.94,0.1,4,0,5.0
O11948,2024-12-30,C0290,Clothing,2,18.76,0.05,2,0,
O11949,2024-12-30,C0588,Toys,1,12.13,0.0,6,0,5.0
O11950,2024-12-30,C1056,Toys,4,15.05,0.0,1,0,4.0
O11951,2024-12-30,C0786,Electronics,2,295.86,0.0,1,0,5.0
O11952,2024-12-30,C1159,Clothing,4,37.13,0.2,5,0,5.0
O11953,2024-12-30,C0466,Home & kitchen,1,26.02,0.05,1,0,5.0
O11954,2024-12-30,C0956,Toys,2,30.64,0.1,10,0,3.0
O11955,2024-12-30,C1509,Beauty,2,25.12,0.0,1,0,5.0
O11956,2024-12-30,C1102,Home & kitchen,2,28.86,0.0,2,1,2.0
O11957,2024-12-30,C0408,Beauty,1,31.74,0.0,3,0,5.0
O11958,2024-12-30,C1341,Clothing,4,22.35,0.0,5,0,4.0
O11959,2024-12-30,C1636,Books,4,10.18,0.3,1,1,3.0
O11960,2024-12-30,C0248,Clothing,2,19.64,0.0,3,0,4.0
O11961,2024-12-30,C0544,Books,4,16.55,0.0,1,0,5.0
O11962,2024-12-30,C1235,Home & kitchen,1,7.57,0.15,3,0,4.0
O11963,2024-12-30,C0405,Toys,2,17.69,0.0,3,0,4.0
O11964,2024-12-30,C0205,Clothing,1,19.49,0.1,3,0,5.0
O11965,2024-12-30,C0544,Electronics,4,499.09,0.0,2,0,4.0
O11966,2024-12-30,C0181,Electronics,3,117.4,0.05,3,0,4.0
O11967,2024-12-30,C1211,Home & kitchen,4,23.69,0.1,2,0,
O11968,2024-12-30,C1724,Clothing,2,50.61,0.3,3,0,4.0
O11969,2024-12-31,C1855,Electronics,4,87.25,0.1,6,0,4.0
O11970,2024-12-31,C1841,Sports & outdoors,1,59.19,0.3,5,0,4.0
O11971,2024-12-31,C1812,Home & kitchen,1,63.33,0.15,2,0,5.0
O11972,2024-12-31,C1251,Clothing,2,20.95,0.2,5,1,4.0
O11973,2024-12-31,C1264,Beauty,3,23.84,0.0,12,1,1.0
O11974,2024-12-31,C0937,Clothing,1,28.17,0.15,3,0,4.0
O11975,2024-12-31,C0198,Electronics,1,657.38,0.0,1,0,5.0
O11976,2024-12-31,C0310,Toys,1,30.52,0.2,2,1,4.0
O11977,2024-12-31,C1467,Clothing,2,53.04,0.0,3,0,
O11978,2024-12-31,C0009,Clothing,4,49.56,0.3,4,1,2.0
O11979,2024-12-31,C1269,Electronics,2,33.53,0.0,3,0,5.0
O11980,2024-12-31,C1644,Beauty,3,34.65,0.2,5,0,5.0
O11981,2024-12-31,C1863,Sports & outdoors,2,41.92,0.15,5,0,5.0
O11982,2024-12-31,C1732,Books,2,14.49,0.0,2,0,5.0
O11983,2024-12-31,C1098,Sports & outdoors,2,32.29,0.05,2,0,5.0
O11984,2024-12-31,C1892,Home & kitchen,4,30.97,0.0,1,0,5.0
O11985,2024-12-31,C0307,Clothing,4,117.05,0.3,1,0,5.0
O11986,2024-12-31,C1934,Home & kitchen,1,10.57,0.2,4,0,4.0
O11987,2024-12-31,C0378,Beauty,4,42.98,0.3,9,0,
O11988,2024-12-31,C1819,Books,2,12.66,0.1,2,0,4.0
O11989,2024-12-31,C1941,Clothing,1,27.87,0.3,2,0,5.0
O11990,2024-12-31,C0609,Beauty,1,14.09,0.3,6,0,4.0
O11991,2024-12-31,C1806,Beauty,4,30.35,0.0,1,0,5.0
O11992,2024-12-31,C1412,Sports & outdoors,1,42.39,0.0,4,0,4.0
O11993,2024-12-31,C1683,Toys,2,47.65,0.0,5,0,4.0
O11994,2024-12-31,C1121,Beauty,1,40.97,0.1,4,0,5.0
O11995,2024-12-31,C0342,Home & kitchen,4,63.86,0.05,2,0,4.0
O11996,2024-12-31,C1301,Books,3,6.73,0.1,4,0,5.0
O11997,2024-12-31,C1770,Beauty,3,19.85,0.3,2,0,5.0
O11998,2024-12-31,C0986,Clothing,1,32.86,0.3,4,0,5.0
O11999,2024-12-31,C0655,Books,4,7.62,0.1,7,0,4.0
O12000,2024-12-31,C1881,Books,1,10.22,0.1,4,0,5.0
