customer_id,region,age,plan,monthly_fee_usd,contract,tenure_months,avg_weekly_hours,devices,support_tickets_90d,payment_method,auto_renew,churned
S00001,Europe,28,Basic,8.99,Annual,27,11.1,2,0,Mobile wallet,1,0
S00002,North America,25,Standard,14.99,Monthly,8,14.2,2,0,Bank transfer,0,0
S00003,North America,25,Basic,8.99,Monthly,12,4.9,1,0,Card,0,0
S00004,Latin America,16,Standard,10.49,Monthly,1,5.4,3,0,Mobile wallet,0,0
S00005,Latin America,41,Standard,10.49,Annual,42,7.3,1,1,Card,1,0
S00006,North America,41,Standard,14.99,Annual,8,3.2,1,1,Bank transfer,1,0
S00007,North America,52,Standard,14.99,Annual,11,6.6,1,0,Card,1,0
S00008,Asia-Pacific,40,Basic,6.29,Annual,3,3.3,4,1,Mobile wallet,0,0
S00009,Asia-Pacific,28,Standard,10.49,Monthly,31,1.3,3,2,PayPal,0,0
S00010,Europe,27,Standard,14.99,Monthly,5,11.0,2,1,PayPal,1,1
S00011,Europe,26,Standard,14.99,Annual,11,1.5,4,3,Mobile wallet,1,0
S00012,Asia-Pacific,47,Standard,10.49,Monthly,15,2.4,1,1,Mobile wallet,1,1
S00013,Europe,16,Standard,14.99,Monthly,15,3.6,4,1,PayPal,0,0
S00014,Middle East,48,Premium,22.99,Monthly,15,4.6,2,1,PayPal,1,1
S00015,Europe,44,Standard,14.99,Annual,14,4.4,2,0,PayPal,1,0
S00016,North America,36,Standard,14.99,Annual,8,4.6,2,1,Card,1,0
S00017,North America,53,Basic,8.99,Monthly,8,7.4,2,1,Card,0,0
S00018,North America,56,Basic,8.99,Monthly,12,,4,2,Card,0,1
S00019,Africa,33,Standard,10.49,Monthly,23,10.4,2,0,Card,0,0
S00020,Asia-Pacific,38,Standard,10.49,Monthly,22,2.7,1,3,Card,1,0
S00021,North America,30,Standard,14.99,Monthly,12,4.9,4,1,Card,0,0
S00022,North America,16,Basic,8.99,Monthly,10,9.0,4,0,Bank transfer,1,0
S00023,Latin America,34,Basic,6.29,Annual,10,3.8,4,1,Card,1,0
S00024,Europe,32,Basic,8.99,Monthly,6,2.2,3,1,PayPal,1,0
S00025,North America,25,Standard,14.99,Monthly,15,9.7,3,2,Mobile wallet,1,1
S00026,Europe,21,Basic,8.99,Monthly,2,8.3,1,2,Card,1,0
S00027,North America,21,Standard,14.99,Monthly,4,1.8,2,0,Card,0,0
S00028,North America,46,Basic,8.99,Monthly,32,6.1,4,1,Card,0,0
S00029,North America,16,Basic,8.99,Annual,12,0.5,2,3,Card,1,0
S00030,North America,42,Standard,14.99,Monthly,39,2.7,1,1,PayPal,1,1
S00031,Asia-Pacific,33,Basic,6.29,Monthly,5,4.8,3,0,PayPal,1,0
S00032,Europe,42,Basic,8.99,Annual,38,5.5,4,2,Mobile wallet,1,0
S00033,North America,49,Standard,14.99,Annual,72,2.9,1,2,Card,0,0
S00034,Europe,26,Standard,14.99,Monthly,41,7.1,2,0,Mobile wallet,0,0
S00035,Asia-Pacific,34,Basic,6.29,Monthly,33,3.9,1,1,PayPal,0,0
S00036,North America,29,Standard,14.99,Monthly,7,12.8,3,0,Mobile wallet,0,0
S00037,North America,16,Premium,22.99,Monthly,27,7.8,3,0,Card,1,0
S00038,Asia-Pacific,41,Basic,6.29,Monthly,30,4.2,2,0,PayPal,0,0
S00039,North America,22,Basic,8.99,Monthly,23,19.1,2,2,Card,1,0
S00040,Latin America,63,Standard,10.49,Monthly,25,1.8,2,2,Card,0,0
S00041,Europe,27,Standard,14.99,Monthly,5,4.0,3,1,PayPal,0,0
S00042,Middle East,41,Standard,14.99,Annual,43,3.0,3,0,PayPal,1,0
S00043,North America,37,Basic,8.99,Monthly,47,1.7,4,0,Bank transfer,1,0
S00044,North America,20,Basic,8.99,Monthly,6,5.6,3,1,Bank transfer,1,0
S00045,North America,41,Standard,14.99,Annual,11,6.5,1,2,Card,1,0
S00046,Middle East,16,Basic,8.99,Monthly,1,5.2,4,3,Card,0,1
S00047,Asia-Pacific,30,Standard,10.49,Monthly,44,7.1,1,2,Bank transfer,1,0
S00048,Asia-Pacific,16,Standard,10.49,Monthly,32,6.0,3,0,Bank transfer,1,0
S00049,Europe,31,Basic,8.99,Monthly,8,6.6,2,1,Mobile wallet,1,0
S00050,North America,34,Premium,22.99,Annual,14,4.3,4,1,Mobile wallet,0,1
S00051,North America,22,Basic,8.99,Monthly,19,17.3,4,2,Card,0,0
S00052,Latin America,35,Standard,10.49,Monthly,9,3.2,4,0,Card,1,0
S00053,Europe,22,Premium,22.99,Monthly,9,3.4,2,1,Card,1,0
S00054,Middle East,39,Premium,22.99,Annual,10,3.6,4,0,Mobile wallet,0,0
S00055,North America,25,Basic,8.99,Monthly,2,,1,2,Bank transfer,0,1
S00056,Latin America,33,Basic,6.29,Annual,42,12.4,2,1,PayPal,1,0
S00057,North America,30,Basic,8.99,Monthly,30,4.2,2,1,Card,1,0
S00058,Middle East,59,Basic,8.99,Monthly,13,0.9,3,1,Card,1,0
S00059,North America,16,Standard,14.99,Monthly,8,2.5,4,1,PayPal,0,0
S00060,North America,34,Basic,8.99,Monthly,4,1.2,1,2,Card,0,0
S00061,Europe,36,Basic,8.99,Annual,29,3.0,1,1,Mobile wallet,1,0
S00062,Europe,16,Standard,14.99,Annual,7,3.7,1,1,Card,1,0
S00063,North America,39,Basic,8.99,Monthly,17,12.0,1,2,Card,1,1
S00064,Asia-Pacific,44,Basic,6.29,Monthly,51,5.4,4,1,Card,1,0
S00065,Africa,16,Basic,6.29,Annual,9,6.3,1,0,Card,1,0
S00066,North America,59,Basic,8.99,Annual,14,14.9,2,0,PayPal,1,0
S00067,North America,28,Basic,8.99,Annual,41,4.7,4,0,PayPal,1,0
S00068,Asia-Pacific,29,Premium,16.09,Annual,10,3.4,3,2,Bank transfer,1,0
S00069,North America,37,Standard,14.99,Monthly,20,4.7,1,1,Card,1,1
S00070,Asia-Pacific,37,Basic,6.29,Monthly,10,9.3,4,0,Card,1,0
S00071,Asia-Pacific,43,Premium,16.09,Annual,3,8.0,1,2,Mobile wallet,1,0
S00072,Africa,19,Standard,10.49,Annual,29,11.7,2,1,Mobile wallet,1,0
S00073,Europe,45,Standard,14.99,Monthly,6,3.4,2,0,Card,0,0
S00074,Europe,31,Standard,14.99,Monthly,14,3.0,4,1,Card,1,1
S00075,North America,32,Basic,8.99,Monthly,43,10.6,4,1,Card,1,0
S00076,North America,40,Standard,14.99,Annual,14,14.0,3,2,PayPal,1,0
S00077,North America,29,Standard,14.99,Annual,8,9.1,2,0,PayPal,0,0
S00078,Europe,37,Standard,14.99,Annual,10,4.9,1,3,Card,1,0
S00079,North America,39,Basic,8.99,Monthly,48,2.3,1,0,PayPal,0,0
S00080,Asia-Pacific,17,Standard,10.49,Monthly,15,2.5,1,0,Card,0,0
S00081,Middle East,32,Premium,22.99,Monthly,16,7.9,1,1,Mobile wallet,0,0
S00082,North America,51,Standard,14.99,Monthly,11,6.9,3,0,Card,1,0
S00083,Asia-Pacific,62,Standard,10.49,Monthly,24,4.2,1,1,Card,1,0
S00084,Africa,44,Standard,10.49,Annual,15,7.2,1,0,Card,0,0
S00085,North America,35,Standard,14.99,Monthly,16,7.5,1,0,PayPal,0,1
S00086,Africa,44,Standard,10.49,Monthly,12,1.6,2,1,Card,0,0
S00087,Asia-Pacific,35,Basic,6.29,Monthly,8,5.9,3,1,Card,0,0
S00088,Asia-Pacific,42,Standard,10.49,Monthly,1,1.0,2,1,Card,1,1
S00089,North America,46,Premium,22.99,Annual,28,,3,0,Card,1,0
S00090,Asia-Pacific,17,Standard,10.49,Annual,13,6.6,1,0,Bank transfer,1,0
S00091,Latin America,44,Premium,16.09,Monthly,7,3.3,2,0,Mobile wallet,0,1
S00092,Africa,30,Basic,6.29,Annual,2,2.6,2,2,Mobile wallet,1,0
S00093,Europe,33,Standard,14.99,Monthly,1,,1,2,Mobile wallet,1,0
S00094,North America,16,Basic,8.99,Monthly,8,9.3,1,0,Card,0,1
S00095,Asia-Pacific,28,Basic,6.29,Annual,22,9.4,1,2,Card,0,0
S00096,Europe,33,Basic,8.99,Monthly,11,9.4,1,1,Mobile wallet,0,1
S00097,Africa,41,Basic,6.29,Monthly,28,4.4,4,3,PayPal,1,0
S00098,Europe,16,Basic,8.99,Monthly,15,10.7,3,1,Mobile wallet,0,0
S00099,Asia-Pacific,29,Premium,16.09,Annual,13,,3,2,Card,1,0
S00100,Europe,25,Standard,14.99,Monthly,6,6.1,1,1,Bank transfer,0,0
S00101,North America,23,Standard,14.99,Monthly,18,3.6,3,0,Bank transfer,0,0
S00102,Asia-Pacific,26,Basic,6.29,Monthly,3,3.0,1,1,PayPal,0,1
S00103,Europe,29,Premium,22.99,Annual,16,4.1,2,2,Bank transfer,1,0
S00104,Europe,27,Standard,14.99,Annual,5,8.4,1,1,Card,1,0
S00105,Europe,17,Basic,8.99,Monthly,15,6.1,2,0,Mobile wallet,1,0
S00106,North America,54,Standard,14.99,Monthly,23,1.6,2,1,Card,0,1
S00107,North America,29,Standard,14.99,Monthly,14,5.3,2,1,Mobile wallet,1,0
S00108,Europe,30,Standard,14.99,Monthly,8,6.5,2,0,Card,1,0
S00109,Europe,22,Standard,14.99,Monthly,38,5.8,3,2,Card,1,0
S00110,Europe,24,Premium,22.99,Monthly,31,1.1,1,0,Mobile wallet,0,1
S00111,North America,44,Standard,14.99,Monthly,62,7.8,4,0,Bank transfer,0,0
S00112,Asia-Pacific,55,Premium,16.09,Annual,13,4.1,1,1,Card,0,0
S00113,Europe,56,Standard,14.99,Monthly,8,8.9,1,1,PayPal,1,1
S00114,Europe,29,Basic,8.99,Monthly,27,14.2,3,1,Card,1,0
S00115,Asia-Pacific,42,Basic,6.29,Annual,13,1.0,2,3,Bank transfer,1,0
S00116,Middle East,42,Standard,14.99,Monthly,9,2.6,3,0,Card,1,0
S00117,Asia-Pacific,45,Standard,10.49,Annual,16,6.1,1,1,Card,1,0
S00118,Asia-Pacific,24,Standard,10.49,Annual,10,1.4,1,2,Mobile wallet,1,1
S00119,Asia-Pacific,42,Basic,6.29,Monthly,19,4.3,4,1,Mobile wallet,1,0
S00120,North America,37,Basic,8.99,Annual,4,8.2,3,1,Card,1,1
S00121,Asia-Pacific,16,Standard,10.49,Monthly,5,9.0,1,0,PayPal,0,0
S00122,North America,50,Standard,14.99,Annual,42,1.8,1,2,PayPal,1,0
S00123,Asia-Pacific,22,Basic,6.29,Monthly,14,6.9,2,0,Card,0,0
S00124,North America,33,Basic,8.99,Annual,29,9.3,4,0,Bank transfer,1,0
S00125,Latin America,45,Basic,6.29,Annual,6,15.5,1,0,Card,1,0
S00126,Europe,25,Premium,22.99,Monthly,35,5.3,4,0,PayPal,1,0
S00127,Africa,16,Standard,10.49,Monthly,7,8.1,2,1,PayPal,1,0
S00128,Latin America,53,Standard,10.49,Monthly,11,2.9,1,0,Card,0,1
S00129,Africa,29,Premium,16.09,Monthly,11,4.7,1,1,Bank transfer,1,0
S00130,Asia-Pacific,45,Basic,6.29,Monthly,16,10.7,4,0,Bank transfer,1,0
S00131,Europe,16,Standard,14.99,Annual,38,3.2,1,2,PayPal,1,1
S00132,North America,36,Standard,14.99,Monthly,53,3.0,2,1,Mobile wallet,1,0
S00133,Africa,39,Premium,16.09,Monthly,4,14.0,4,2,PayPal,1,0
S00134,North America,52,Basic,8.99,Monthly,18,8.9,4,0,Bank transfer,0,0
S00135,Middle East,37,Basic,8.99,Monthly,1,5.8,2,1,Card,0,1
S00136,North America,33,Standard,14.99,Annual,40,3.6,2,0,PayPal,1,0
S00137,Asia-Pacific,51,Standard,10.49,Annual,23,4.6,1,0,Card,1,0
S00138,Europe,23,Basic,8.99,Monthly,9,5.8,3,1,Card,1,0
S00139,Asia-Pacific,32,Basic,6.29,Monthly,31,5.5,2,2,Mobile wallet,1,0
S00140,North America,43,Basic,8.99,Monthly,24,5.7,1,0,Card,1,0
S00141,Europe,29,Standard,14.99,Monthly,21,5.8,2,1,Mobile wallet,1,0
S00142,Asia-Pacific,44,Basic,6.29,Monthly,4,2.0,3,1,Mobile wallet,0,0
S00143,Latin America,27,Basic,6.29,Monthly,13,3.2,3,0,Mobile wallet,1,0
S00144,Asia-Pacific,40,Premium,16.09,Annual,47,2.7,1,3,Card,1,0
S00145,Asia-Pacific,59,Standard,10.49,Monthly,45,5.2,2,0,Mobile wallet,0,0
S00146,North America,47,Basic,8.99,Monthly,8,6.1,2,0,Card,0,0
S00147,Europe,36,Premium,22.99,Annual,22,3.5,3,0,PayPal,1,0
S00148,Asia-Pacific,49,Premium,16.09,Annual,29,9.5,2,2,Card,1,0
S00149,Europe,43,Basic,8.99,Annual,13,3.9,2,0,Mobile wallet,1,0
S00150,Latin America,31,Basic,6.29,Monthly,22,2.5,2,1,PayPal,1,1
S00151,Latin America,35,Basic,6.29,Monthly,7,7.5,2,0,Card,0,0
S00152,North America,31,Basic,8.99,Annual,21,11.9,2,0,Card,1,0
S00153,Europe,35,Standard,14.99,Monthly,3,12.9,2,2,PayPal,1,0
S00154,North America,16,Basic,8.99,Monthly,37,4.9,2,1,Mobile wallet,1,0
S00155,Asia-Pacific,41,Standard,10.49,Monthly,9,9.5,1,0,PayPal,1,0
S00156,Africa,17,Premium,16.09,Monthly,13,6.4,2,1,Card,1,0
S00157,North America,24,Standard,14.99,Annual,3,5.6,2,0,Card,1,0
S00158,Europe,37,Premium,22.99,Monthly,27,3.9,1,0,PayPal,1,0
S00159,Europe,23,Basic,8.99,Monthly,20,6.0,1,2,Card,1,0
S00160,Europe,29,Premium,22.99,Annual,12,4.8,2,0,Card,0,0
S00161,Europe,35,Standard,14.99,Monthly,4,6.3,4,0,Card,1,1
S00162,Europe,23,Standard,14.99,Annual,17,2.4,2,3,Card,1,0
S00163,Latin America,21,Standard,10.49,Monthly,21,6.0,2,0,PayPal,0,0
S00164,Europe,16,Premium,22.99,Monthly,3,4.0,3,0,Card,0,0
S00165,Europe,31,Basic,8.99,Monthly,15,3.8,2,0,Card,1,0
S00166,North America,35,Standard,14.99,Monthly,23,2.2,4,2,Bank transfer,1,0
S00167,Europe,41,Basic,8.99,Monthly,10,6.4,1,0,PayPal,0,0
S00168,Europe,33,Basic,8.99,Monthly,11,4.1,3,1,Mobile wallet,1,1
S00169,Africa,34,Standard,10.49,Monthly,10,5.4,1,1,Mobile wallet,1,0
S00170,Asia-Pacific,32,Standard,10.49,Monthly,30,10.2,2,3,Card,1,0
S00171,North America,19,Premium,22.99,Monthly,18,2.4,2,2,PayPal,1,0
S00172,Africa,35,Standard,10.49,Annual,12,3.7,2,0,Bank transfer,1,0
S00173,Latin America,16,Basic,6.29,Monthly,20,1.4,3,1,Mobile wallet,1,0
S00174,Latin America,30,Standard,10.49,Monthly,10,15.6,2,1,Mobile wallet,1,0
S00175,Asia-Pacific,30,Basic,6.29,Annual,40,1.5,3,2,Card,0,0
S00176,North America,47,Basic,8.99,Monthly,17,7.0,1,0,Mobile wallet,0,0
S00177,Europe,35,Basic,8.99,Monthly,23,1.1,1,1,Card,1,0
S00178,North America,28,Basic,8.99,Annual,10,4.3,1,0,PayPal,1,0
S00179,Asia-Pacific,32,Standard,10.49,Annual,6,5.2,2,2,Bank transfer,0,0
S00180,Latin America,32,Basic,6.29,Annual,10,12.7,2,0,Card,1,0
S00181,North America,32,Basic,8.99,Monthly,12,5.4,3,2,Bank transfer,0,0
S00182,Europe,44,Standard,14.99,Annual,19,6.7,2,1,Mobile wallet,1,1
S00183,North America,16,Basic,8.99,Monthly,8,7.0,2,0,Mobile wallet,0,0
S00184,Europe,55,Basic,8.99,Annual,22,5.2,1,2,Card,1,0
S00185,North America,27,Basic,8.99,Monthly,23,,2,2,Bank transfer,1,0
S00186,North America,39,Premium,22.99,Annual,39,8.8,1,2,PayPal,1,0
S00187,Asia-Pacific,36,Premium,16.09,Annual,9,5.4,3,2,PayPal,0,0
S00188,Africa,22,Standard,10.49,Annual,12,4.9,3,3,Card,1,0
S00189,Latin America,65,Standard,10.49,Annual,19,3.1,2,0,Mobile wallet,1,0
S00190,Asia-Pacific,47,Premium,16.09,Monthly,10,4.4,1,2,Mobile wallet,0,0
S00191,Europe,49,Premium,22.99,Annual,12,3.6,1,2,Mobile wallet,1,0
S00192,North America,20,Standard,14.99,Monthly,17,6.9,3,2,Card,1,0
S00193,Latin America,41,Premium,16.09,Monthly,15,7.5,3,2,Card,0,0
S00194,Asia-Pacific,63,Basic,6.29,Annual,8,2.0,4,2,PayPal,1,0
S00195,Asia-Pacific,28,Basic,6.29,Monthly,6,7.1,2,0,Card,1,0
S00196,North America,42,Premium,22.99,Annual,8,4.0,3,1,Card,1,0
S00197,Europe,27,Standard,14.99,Annual,32,1.9,3,3,Card,1,0
S00198,Europe,23,Standard,14.99,Monthly,10,6.0,2,1,PayPal,0,0
S00199,Europe,16,Basic,8.99,Monthly,17,1.6,3,1,Card,1,0
S00200,Asia-Pacific,48,Standard,10.49,Annual,18,15.7,3,0,Card,1,0
S00201,Asia-Pacific,50,Basic,6.29,Monthly,9,8.3,2,0,Card,0,0
S00202,Europe,37,Premium,22.99,Monthly,36,4.2,4,0,Card,1,0
S00203,Asia-Pacific,37,Standard,10.49,Monthly,26,6.0,3,0,Mobile wallet,1,1
S00204,North America,26,Basic,8.99,Annual,11,6.4,1,0,Card,1,0
S00205,Africa,37,Basic,6.29,Monthly,13,0.9,3,1,Card,1,1
S00206,Europe,33,Standard,14.99,Monthly,17,6.0,1,1,Card,1,1
S00207,North America,35,Basic,8.99,Annual,25,7.3,2,0,Bank transfer,1,0
S00208,North America,36,Basic,8.99,Annual,10,2.4,4,3,PayPal,0,1
S00209,Europe,25,Basic,8.99,Monthly,18,1.9,1,1,Mobile wallet,1,0
S00210,Europe,23,Premium,22.99,Monthly,7,2.7,1,0,Card,1,0
S00211,Asia-Pacific,35,Premium,16.09,Monthly,48,6.8,1,1,PayPal,0,0
S00212,Europe,45,Basic,8.99,Monthly,7,2.2,1,1,Mobile wallet,1,1
S00213,Europe,21,Premium,22.99,Monthly,40,6.7,3,0,Card,1,0
S00214,Asia-Pacific,20,Basic,6.29,Annual,11,6.2,3,0,Card,1,0
S00215,North America,32,Standard,14.99,Monthly,15,4.5,1,0,Card,1,0
S00216,North America,22,Standard,14.99,Monthly,8,8.3,1,2,Card,1,1
S00217,Latin America,49,Standard,10.49,Annual,7,4.8,2,0,Card,1,0
S00218,Europe,42,Standard,14.99,Annual,53,9.6,1,0,Bank transfer,1,0
S00219,Africa,38,Basic,6.29,Monthly,16,4.9,3,2,PayPal,0,0
S00220,Middle East,40,Basic,8.99,Annual,8,13.7,2,1,Mobile wallet,1,0
S00221,Asia-Pacific,39,Basic,6.29,Monthly,7,2.2,3,1,Card,1,1
S00222,North America,42,Standard,14.99,Monthly,7,3.7,3,0,Card,1,0
S00223,Europe,34,Premium,22.99,Monthly,16,4.2,2,1,Mobile wallet,0,0
S00224,Latin America,16,Premium,16.09,Annual,7,2.3,2,1,PayPal,1,0
S00225,North America,58,Basic,8.99,Monthly,37,2.4,1,2,Mobile wallet,1,0
S00226,Middle East,45,Standard,14.99,Monthly,69,,3,1,Card,0,0
S00227,North America,36,Basic,8.99,Annual,15,0.9,4,2,Card,1,0
S00228,Africa,24,Premium,16.09,Monthly,8,6.3,1,0,Card,1,0
S00229,Europe,29,Basic,8.99,Annual,57,5.1,1,0,PayPal,0,0
S00230,Europe,31,Standard,14.99,Annual,3,16.2,1,3,Card,1,1
S00231,Europe,27,Standard,14.99,Annual,17,7.3,1,1,Card,1,0
S00232,North America,18,Standard,14.99,Annual,5,1.8,1,2,Card,0,1
S00233,Asia-Pacific,35,Standard,10.49,Monthly,5,10.5,4,0,Card,0,0
S00234,Asia-Pacific,45,Basic,6.29,Annual,11,3.8,2,1,Mobile wallet,0,0
S00235,Africa,47,Standard,10.49,Monthly,6,6.4,2,1,Bank transfer,1,0
S00236,Europe,47,Basic,8.99,Monthly,2,2.7,2,1,Card,1,0
S00237,Middle East,33,Standard,14.99,Monthly,11,11.1,1,0,Mobile wallet,1,0
S00238,North America,23,Standard,14.99,Annual,12,2.9,1,5,PayPal,1,1
S00239,Middle East,29,Basic,8.99,Monthly,12,2.0,2,0,Bank transfer,1,0
S00240,Africa,60,Basic,6.29,Monthly,16,6.0,1,0,Mobile wallet,0,0
S00241,Europe,31,Premium,22.99,Monthly,23,3.1,1,0,Card,1,0
S00242,Africa,39,Premium,16.09,Annual,14,5.8,1,1,Card,1,0
S00243,North America,39,Premium,22.99,Monthly,17,7.5,3,2,Bank transfer,0,0
S00244,Europe,49,Standard,14.99,Annual,2,4.1,1,3,PayPal,1,0
S00245,North America,40,Standard,14.99,Monthly,20,7.8,2,1,Bank transfer,1,0
S00246,Africa,38,Standard,10.49,Monthly,13,8.7,2,0,Card,1,0
S00247,North America,31,Basic,8.99,Annual,33,7.1,2,0,Card,0,1
S00248,North America,40,Standard,14.99,Annual,12,1.3,4,0,Mobile wallet,1,0
S00249,North America,34,Basic,8.99,Monthly,7,6.9,2,1,Mobile wallet,1,1
S00250,Asia-Pacific,18,Standard,10.49,Monthly,33,1.6,1,1,PayPal,0,0
S00251,Asia-Pacific,45,Standard,10.49,Monthly,14,6.6,1,1,Bank transfer,1,0
S00252,Europe,46,Standard,14.99,Annual,8,9.7,2,1,Card,0,0
S00253,North America,34,Premium,22.99,Monthly,36,5.5,3,1,Card,0,0
S00254,Africa,67,Standard,10.49,Monthly,20,1.4,2,3,Mobile wallet,1,1
S00255,Africa,34,Premium,16.09,Monthly,6,17.0,4,2,Card,1,0
S00256,North America,33,Standard,14.99,Annual,21,6.6,3,0,Bank transfer,0,0
S00257,North America,22,Standard,14.99,Monthly,19,7.3,1,0,Card,1,0
S00258,Asia-Pacific,48,Basic,6.29,Monthly,10,5.2,2,0,Bank transfer,1,0
S00259,Europe,19,Standard,14.99,Monthly,9,3.9,2,0,PayPal,1,1
S00260,North America,16,Basic,8.99,Monthly,21,1.8,1,0,PayPal,1,0
S00261,Asia-Pacific,34,Standard,10.49,Annual,6,1.9,1,0,Card,1,0
S00262,Africa,31,Premium,16.09,Annual,6,,2,2,Mobile wallet,1,0
S00263,North America,37,Standard,14.99,Annual,16,5.1,4,0,Card,1,0
S00264,Asia-Pacific,33,Basic,6.29,Annual,8,8.4,3,2,PayPal,1,0
S00265,Latin America,40,Basic,6.29,Monthly,14,1.6,2,1,PayPal,1,0
S00266,Asia-Pacific,28,Premium,16.09,Monthly,5,8.0,1,0,Card,1,0
S00267,Europe,47,Premium,22.99,Annual,15,1.7,1,1,Mobile wallet,1,0
S00268,Asia-Pacific,45,Basic,6.29,Monthly,4,9.2,1,1,Mobile wallet,1,0
S00269,North America,48,Basic,8.99,Monthly,23,7.1,3,0,Mobile wallet,1,0
S00270,Latin America,32,Standard,10.49,Annual,7,3.1,2,0,Bank transfer,1,0
S00271,North America,18,Basic,8.99,Annual,23,7.4,4,0,Bank transfer,0,0
S00272,North America,53,Standard,14.99,Annual,16,6.8,3,0,Card,1,0
S00273,North America,41,Basic,8.99,Monthly,62,4.5,1,3,Card,1,0
S00274,Latin America,38,Standard,10.49,Monthly,3,5.4,3,1,PayPal,1,1
S00275,Asia-Pacific,41,Premium,16.09,Annual,9,5.2,1,0,Card,1,0
S00276,North America,46,Basic,8.99,Annual,14,7.5,1,0,Card,1,0
S00277,Africa,16,Basic,6.29,Monthly,5,4.5,2,0,Card,0,1
S00278,Asia-Pacific,16,Standard,10.49,Monthly,15,2.9,4,3,Card,0,1
S00279,North America,35,Standard,14.99,Monthly,2,6.2,2,0,Card,1,0
S00280,Europe,46,Basic,8.99,Annual,4,8.1,3,1,Bank transfer,1,0
S00281,Europe,17,Standard,14.99,Monthly,31,6.7,1,1,Card,0,0
S00282,North America,29,Standard,14.99,Monthly,17,4.1,2,2,Card,0,1
S00283,Asia-Pacific,20,Standard,10.49,Annual,60,3.4,1,0,Card,1,0
S00284,Asia-Pacific,27,Basic,6.29,Monthly,38,6.2,2,0,PayPal,1,0
S00285,Latin America,16,Standard,10.49,Monthly,3,10.3,1,2,PayPal,0,0
S00286,Europe,23,Standard,14.99,Monthly,25,1.9,2,1,Bank transfer,0,0
S00287,Middle East,35,Standard,14.99,Annual,36,10.6,2,0,PayPal,1,0
S00288,Asia-Pacific,35,Standard,10.49,Monthly,6,10.6,1,0,Card,1,1
S00289,North America,25,Premium,22.99,Monthly,19,1.3,2,1,Mobile wallet,1,1
S00290,North America,30,Basic,8.99,Annual,6,7.1,4,1,Card,1,1
S00291,Europe,37,Standard,14.99,Monthly,8,3.4,1,0,PayPal,1,0
S00292,Europe,28,Basic,8.99,Monthly,12,1.3,1,2,Mobile wallet,1,0
S00293,North America,32,Standard,14.99,Monthly,2,6.5,3,2,Bank transfer,1,0
S00294,Europe,39,Basic,8.99,Annual,27,7.3,2,1,PayPal,1,0
S00295,Middle East,28,Basic,8.99,Monthly,33,6.4,3,0,Card,0,1
S00296,Asia-Pacific,43,Premium,16.09,Monthly,59,1.7,2,1,Card,1,0
S00297,Asia-Pacific,16,Basic,6.29,Monthly,15,11.2,4,2,Card,0,0
S00298,North America,21,Basic,8.99,Monthly,3,8.1,1,1,Bank transfer,0,1
S00299,North America,23,Basic,8.99,Monthly,22,1.8,1,2,PayPal,0,0
S00300,Europe,63,Standard,14.99,Annual,3,4.2,2,0,Card,1,0
S00301,Europe,34,Basic,8.99,Annual,13,0.8,3,1,Card,1,1
S00302,Asia-Pacific,46,Basic,6.29,Annual,30,3.3,1,0,Bank transfer,1,0
S00303,Middle East,33,Premium,22.99,Monthly,3,6.4,4,0,Card,0,0
S00304,Europe,35,Standard,14.99,Annual,38,11.6,1,2,Bank transfer,0,0
S00305,North America,42,Standard,14.99,Monthly,14,1.8,4,1,Card,0,1
S00306,Asia-Pacific,28,Premium,16.09,Annual,25,7.3,1,2,PayPal,1,0
S00307,North America,26,Basic,8.99,Monthly,9,3.7,1,0,PayPal,0,0
S00308,North America,27,Standard,14.99,Monthly,16,3.3,1,0,Card,1,0
S00309,Latin America,37,Basic,6.29,Monthly,6,7.3,1,1,Mobile wallet,0,0
S00310,Middle East,38,Basic,8.99,Monthly,5,12.1,3,2,Card,1,0
S00311,North America,24,Basic,8.99,Annual,19,3.5,3,1,Bank transfer,0,0
S00312,North America,32,Basic,8.99,Monthly,19,1.7,1,3,Mobile wallet,0,1
S00313,Africa,47,Standard,10.49,Annual,18,2.5,1,2,Bank transfer,0,0
S00314,Asia-Pacific,45,Basic,6.29,Monthly,35,1.0,4,1,Card,0,0
S00315,Latin America,38,Standard,10.49,Annual,11,2.0,2,1,PayPal,1,0
S00316,Latin America,44,Standard,10.49,Monthly,34,5.4,1,0,Card,0,0
S00317,North America,35,Standard,14.99,Monthly,27,8.3,3,1,Card,0,0
S00318,Asia-Pacific,26,Standard,10.49,Annual,11,6.5,2,0,Mobile wallet,1,0
S00319,Latin America,19,Premium,16.09,Monthly,17,3.8,4,0,Card,1,0
S00320,Asia-Pacific,40,Standard,10.49,Monthly,28,8.2,1,0,Card,1,0
S00321,Asia-Pacific,46,Standard,10.49,Annual,12,3.9,2,1,Bank transfer,1,0
S00322,Europe,47,Basic,8.99,Annual,10,6.2,1,0,Card,1,0
S00323,Europe,19,Basic,8.99,Monthly,32,1.8,1,2,Card,1,0
S00324,Asia-Pacific,41,Basic,6.29,Annual,27,15.8,2,3,PayPal,1,0
S00325,North America,24,Standard,14.99,Monthly,14,3.5,1,1,Mobile wallet,0,0
S00326,Asia-Pacific,40,Basic,6.29,Monthly,13,4.4,2,3,Card,0,0
S00327,Europe,55,Basic,8.99,Monthly,9,7.0,2,0,PayPal,1,0
S00328,North America,53,Basic,8.99,Monthly,47,5.4,1,0,Mobile wallet,1,0
S00329,Europe,42,Standard,14.99,Monthly,13,8.0,2,1,PayPal,0,0
S00330,Europe,44,Premium,22.99,Annual,4,5.7,3,0,Card,1,0
S00331,North America,27,Basic,8.99,Annual,15,3.5,1,0,PayPal,1,0
S00332,Asia-Pacific,40,Basic,6.29,Monthly,9,4.7,1,0,Card,0,0
S00333,Europe,20,Basic,8.99,Monthly,4,4.4,2,1,Mobile wallet,1,0
S00334,Middle East,48,Basic,8.99,Annual,4,3.6,2,1,Card,1,0
S00335,North America,37,Standard,14.99,Annual,14,7.5,3,2,Card,0,0
S00336,Europe,57,Standard,14.99,Annual,35,3.5,2,0,Card,1,0
S00337,North America,43,Premium,22.99,Annual,6,3.9,1,1,Card,1,0
S00338,Africa,45,Basic,6.29,Monthly,38,7.0,1,2,Card,1,0
S00339,Asia-Pacific,35,Basic,6.29,Monthly,44,3.5,1,0,Mobile wallet,1,0
S00340,Latin America,46,Basic,6.29,Monthly,30,11.6,2,0,Mobile wallet,1,0
S00341,Europe,39,Standard,14.99,Annual,6,9.3,3,1,Mobile wallet,0,0
S00342,Latin America,35,Premium,16.09,Monthly,8,7.2,1,0,Card,1,0
S00343,North America,41,Basic,8.99,Monthly,11,2.3,2,3,PayPal,1,0
S00344,North America,47,Standard,14.99,Monthly,24,4.1,1,1,Bank transfer,0,0
S00345,North America,35,Basic,8.99,Annual,6,,2,1,PayPal,1,0
S00346,North America,32,Basic,8.99,Monthly,8,8.8,1,2,Card,1,0
S00347,Europe,38,Standard,14.99,Monthly,11,4.1,1,0,Card,1,0
S00348,North America,45,Premium,22.99,Monthly,12,7.1,1,1,PayPal,1,0
S00349,Asia-Pacific,39,Standard,10.49,Annual,58,,1,4,Bank transfer,1,0
S00350,Latin America,47,Basic,6.29,Annual,1,9.2,2,2,Card,0,1
S00351,Europe,32,Standard,14.99,Monthly,14,3.9,3,1,Mobile wallet,1,0
S00352,Asia-Pacific,25,Standard,10.49,Monthly,17,21.7,1,1,Card,0,0
S00353,Europe,43,Standard,14.99,Monthly,26,4.9,1,0,Bank transfer,0,0
S00354,Europe,44,Standard,14.99,Annual,27,5.6,2,0,Card,1,0
S00355,North America,26,Basic,8.99,Monthly,9,3.9,1,2,PayPal,1,1
S00356,Middle East,24,Basic,8.99,Annual,7,1.4,1,2,Card,1,0
S00357,North America,37,Basic,8.99,Monthly,9,7.8,2,0,Card,1,0
S00358,Europe,20,Basic,8.99,Monthly,11,8.5,3,0,Card,0,0
S00359,North America,30,Standard,14.99,Annual,12,4.3,1,1,Bank transfer,1,1
S00360,North America,36,Basic,8.99,Monthly,11,6.8,3,0,Card,1,0
S00361,Asia-Pacific,34,Basic,6.29,Annual,6,10.0,3,3,Card,0,0
S00362,Middle East,43,Basic,8.99,Annual,19,3.6,2,1,Bank transfer,1,0
S00363,North America,17,Premium,22.99,Monthly,32,6.9,4,2,Card,0,0
S00364,Latin America,36,Basic,6.29,Monthly,7,5.2,4,2,PayPal,0,0
S00365,Middle East,29,Standard,14.99,Monthly,3,6.9,1,0,Card,1,0
S00366,Europe,44,Basic,8.99,Annual,15,18.6,2,1,Bank transfer,1,0
S00367,North America,16,Premium,22.99,Monthly,21,1.7,4,0,Mobile wallet,0,1
S00368,Europe,16,Standard,14.99,Monthly,8,4.7,1,0,Mobile wallet,0,0
S00369,Europe,31,Standard,14.99,Annual,30,2.3,3,0,Bank transfer,1,0
S00370,Europe,37,Premium,22.99,Annual,11,7.8,3,0,PayPal,1,0
S00371,Europe,33,Standard,14.99,Monthly,20,1.3,2,1,Card,0,0
S00372,Europe,33,Basic,8.99,Annual,2,2.2,1,2,PayPal,1,0
S00373,North America,57,Premium,22.99,Monthly,32,1.0,3,1,Mobile wallet,1,0
S00374,Asia-Pacific,27,Standard,10.49,Annual,29,7.7,4,0,Card,1,0
S00375,Europe,28,Standard,14.99,Monthly,6,4.8,2,0,Card,1,0
S00376,North America,27,Standard,14.99,Monthly,12,1.9,1,1,Card,1,1
S00377,North America,35,Standard,14.99,Annual,14,11.3,2,1,Card,1,0
S00378,Europe,37,Basic,8.99,Monthly,36,3.6,4,1,PayPal,1,0
S00379,Europe,59,Basic,8.99,Monthly,38,3.8,2,0,PayPal,1,1
S00380,Middle East,53,Standard,14.99,Monthly,17,3.0,2,0,Card,1,1
S00381,Latin America,32,Basic,6.29,Annual,35,1.8,4,1,PayPal,1,0
S00382,Europe,52,Basic,8.99,Annual,61,2.7,1,5,Bank transfer,1,0
S00383,Asia-Pacific,18,Premium,16.09,Monthly,10,,2,0,Card,1,0
S00384,Europe,38,Standard,14.99,Annual,32,7.6,1,1,Card,0,0
S00385,Europe,30,Standard,14.99,Monthly,3,,1,3,Card,1,0
S00386,North America,16,Standard,14.99,Annual,2,1.8,1,2,PayPal,1,0
S00387,Africa,56,Standard,10.49,Monthly,3,7.4,2,0,Card,0,0
S00388,North America,45,Standard,14.99,Monthly,21,3.8,1,0,Card,0,1
S00389,North America,53,Premium,22.99,Annual,16,5.8,1,0,Card,1,0
S00390,Latin America,27,Premium,16.09,Monthly,17,7.5,1,1,Mobile wallet,1,1
S00391,Europe,41,Premium,22.99,Monthly,17,2.8,1,0,Bank transfer,0,1
S00392,Asia-Pacific,19,Premium,16.09,Monthly,16,2.1,3,0,Card,1,0
S00393,North America,32,Premium,22.99,Monthly,29,3.6,2,1,Card,0,1
S00394,Latin America,55,Basic,6.29,Annual,10,3.7,3,0,PayPal,0,1
S00395,North America,36,Basic,8.99,Monthly,20,2.7,2,1,Card,0,1
S00396,Europe,31,Basic,8.99,Annual,6,9.0,3,1,PayPal,1,0
S00397,North America,43,Basic,8.99,Annual,9,14.3,1,0,Mobile wallet,1,0
S00398,North America,42,Premium,22.99,Annual,23,6.5,2,0,Mobile wallet,1,0
S00399,North America,52,Basic,8.99,Monthly,2,15.7,1,3,Bank transfer,1,0
S00400,North America,43,Basic,8.99,Annual,16,6.9,2,1,Mobile wallet,0,0
S00401,Europe,38,Standard,14.99,Monthly,13,13.5,2,0,Mobile wallet,1,0
S00402,Europe,32,Basic,8.99,Annual,4,4.2,3,0,Bank transfer,1,0
S00403,Europe,24,Standard,14.99,Monthly,44,,1,5,Card,1,0
S00404,Europe,21,Basic,8.99,Annual,27,0.8,4,0,Card,1,0
S00405,Asia-Pacific,21,Premium,16.09,Monthly,27,3.8,4,2,Card,0,0
S00406,North America,32,Basic,8.99,Annual,8,4.9,1,2,PayPal,1,0
S00407,Latin America,27,Standard,10.49,Monthly,35,9.2,2,0,PayPal,1,0
S00408,North America,29,Premium,22.99,Monthly,14,2.0,1,3,Card,0,0
S00409,Europe,48,Standard,14.99,Monthly,26,7.7,1,2,PayPal,0,1
S00410,Asia-Pacific,27,Standard,10.49,Monthly,28,5.6,3,1,Mobile wallet,1,0
S00411,Middle East,38,Premium,22.99,Annual,36,7.6,2,2,Card,1,0
S00412,North America,26,Basic,8.99,Annual,21,6.2,1,0,Card,0,0
S00413,Africa,40,Basic,6.29,Annual,29,11.2,2,0,Card,1,0
S00414,North America,27,Premium,22.99,Monthly,11,1.1,3,1,Mobile wallet,0,0
S00415,Asia-Pacific,45,Basic,6.29,Monthly,5,11.3,2,1,Card,1,0
S00416,Europe,28,Basic,8.99,Monthly,22,7.6,4,0,Bank transfer,0,0
S00417,North America,57,Standard,14.99,Annual,14,6.7,2,1,Card,1,0
S00418,Europe,42,Standard,14.99,Monthly,25,3.2,1,0,Bank transfer,1,0
S00419,North America,32,Basic,8.99,Monthly,3,6.0,1,0,Card,0,1
S00420,Europe,19,Basic,8.99,Monthly,20,6.6,3,0,Card,1,1
S00421,Europe,50,Basic,8.99,Annual,13,9.0,1,2,Bank transfer,0,0
S00422,Europe,36,Premium,22.99,Annual,22,5.3,1,2,Card,1,0
S00423,Europe,16,Standard,14.99,Monthly,27,4.5,1,0,Mobile wallet,0,0
S00424,Europe,16,Standard,14.99,Annual,5,2.2,1,2,Bank transfer,1,0
S00425,North America,26,Basic,8.99,Annual,17,7.3,2,1,PayPal,0,0
S00426,Europe,21,Basic,8.99,Monthly,41,3.0,1,0,Card,0,1
S00427,North America,36,Basic,8.99,Monthly,10,7.0,3,0,PayPal,1,1
S00428,North America,39,Basic,8.99,Monthly,2,2.0,1,2,PayPal,0,1
S00429,Middle East,33,Standard,14.99,Annual,22,5.5,1,2,Mobile wallet,1,0
S00430,Africa,29,Standard,10.49,Monthly,6,1.5,1,2,PayPal,0,1
S00431,North America,37,Basic,8.99,Annual,31,12.2,1,0,Card,0,0
S00432,North America,38,Standard,14.99,Annual,8,9.7,1,1,Card,1,0
S00433,Middle East,32,Basic,8.99,Monthly,9,2.4,1,2,Card,0,0
S00434,North America,52,Standard,14.99,Monthly,71,,3,0,Mobile wallet,1,0
S00435,North America,42,Basic,8.99,Monthly,17,4.5,2,2,Mobile wallet,1,1
S00436,Middle East,16,Basic,8.99,Monthly,10,9.0,1,3,Card,1,1
S00437,Latin America,24,Premium,16.09,Monthly,10,1.3,4,1,Card,1,0
S00438,North America,52,Basic,8.99,Monthly,21,4.9,1,0,Bank transfer,0,1
S00439,Europe,16,Premium,22.99,Monthly,12,6.7,2,0,Card,1,0
S00440,Europe,41,Standard,14.99,Monthly,32,3.9,3,0,Card,1,0
S00441,Europe,40,Premium,22.99,Annual,2,12.2,1,0,PayPal,1,0
S00442,North America,16,Standard,14.99,Annual,16,1.0,4,3,Bank transfer,1,0
S00443,Europe,49,Basic,8.99,Monthly,6,7.3,1,1,PayPal,0,0
S00444,Africa,35,Premium,16.09,Annual,11,8.1,3,2,Bank transfer,1,1
S00445,North America,53,Premium,22.99,Annual,12,6.3,1,0,Card,0,0
S00446,North America,39,Basic,8.99,Annual,40,9.8,4,1,Card,1,0
S00447,Middle East,36,Standard,14.99,Monthly,25,2.6,3,0,Card,0,1
S00448,Africa,50,Basic,6.29,Monthly,17,7.5,1,2,Card,1,0
S00449,Asia-Pacific,36,Standard,10.49,Annual,14,3.7,1,0,Mobile wallet,0,0
S00450,Asia-Pacific,27,Premium,16.09,Annual,17,9.9,4,1,Card,0,0
S00451,Europe,34,Basic,8.99,Monthly,31,2.7,3,1,Card,1,0
S00452,Europe,44,Standard,14.99,Monthly,4,2.1,2,1,Mobile wallet,1,1
S00453,Middle East,36,Basic,8.99,Annual,11,1.3,2,1,Card,1,0
S00454,Middle East,31,Basic,8.99,Annual,4,4.9,3,0,Card,1,0
S00455,North America,19,Basic,8.99,Annual,20,14.4,1,0,Bank transfer,1,0
S00456,Asia-Pacific,71,Basic,6.29,Annual,5,,1,1,Mobile wallet,1,0
S00457,Asia-Pacific,41,Premium,16.09,Annual,44,4.8,1,0,Card,1,0
S00458,North America,16,Standard,14.99,Monthly,14,5.5,1,1,Mobile wallet,1,0
S00459,Europe,21,Basic,8.99,Annual,6,1.6,2,1,Card,1,0
S00460,Africa,17,Standard,10.49,Monthly,21,11.6,2,1,Card,1,0
S00461,North America,41,Basic,8.99,Monthly,3,2.4,1,2,Card,0,1
S00462,Asia-Pacific,48,Basic,6.29,Monthly,44,12.4,2,0,Card,1,0
S00463,North America,43,Standard,14.99,Annual,18,5.5,2,0,Card,1,0
S00464,Latin America,28,Basic,6.29,Annual,19,3.9,1,2,Mobile wallet,1,0
S00465,Asia-Pacific,44,Standard,10.49,Monthly,12,1.0,1,2,PayPal,0,1
S00466,North America,42,Standard,14.99,Monthly,8,0.4,1,2,Card,0,1
S00467,North America,25,Standard,14.99,Monthly,25,2.2,1,1,Mobile wallet,1,1
S00468,North America,28,Basic,8.99,Monthly,8,12.6,2,2,PayPal,0,0
S00469,Asia-Pacific,39,Basic,6.29,Monthly,31,3.7,1,1,Card,1,0
S00470,Latin America,45,Basic,6.29,Annual,2,8.8,3,2,Mobile wallet,1,0
S00471,North America,42,Premium,22.99,Annual,19,10.3,2,0,Bank transfer,1,0
S00472,Europe,32,Basic,8.99,Annual,1,3.2,1,0,PayPal,1,0
S00473,Europe,42,Premium,22.99,Monthly,15,6.6,1,0,Card,0,1
S00474,Africa,52,Basic,6.29,Monthly,9,4.2,1,0,PayPal,0,1
S00475,Europe,39,Basic,8.99,Monthly,23,20.0,1,0,Bank transfer,1,0
S00476,North America,33,Basic,8.99,Monthly,7,5.0,3,0,Mobile wallet,0,0
S00477,Europe,16,Standard,14.99,Monthly,33,4.6,1,1,Card,1,0
S00478,Africa,29,Basic,6.29,Monthly,39,7.6,3,2,PayPal,0,1
S00479,North America,39,Standard,14.99,Annual,15,3.9,2,0,PayPal,1,0
S00480,Asia-Pacific,50,Premium,16.09,Annual,3,7.0,1,1,Card,1,0
S00481,North America,39,Standard,14.99,Monthly,36,2.2,1,2,Bank transfer,1,1
S00482,Asia-Pacific,29,Premium,16.09,Monthly,12,7.0,2,0,PayPal,1,0
S00483,Africa,38,Premium,16.09,Annual,4,8.3,1,1,Bank transfer,0,0
S00484,Asia-Pacific,28,Premium,16.09,Monthly,3,3.4,4,0,Mobile wallet,1,0
S00485,Europe,19,Standard,14.99,Monthly,19,5.7,2,0,Mobile wallet,0,0
S00486,Africa,30,Basic,6.29,Monthly,6,6.6,2,1,Mobile wallet,1,0
S00487,Africa,32,Standard,10.49,Monthly,24,4.7,4,1,Card,1,0
S00488,Latin America,18,Basic,6.29,Monthly,32,5.3,2,0,Mobile wallet,1,0
S00489,Middle East,45,Standard,14.99,Monthly,2,1.8,1,1,Mobile wallet,1,0
S00490,Europe,31,Premium,22.99,Monthly,17,1.9,3,5,Card,0,0
S00491,Middle East,44,Standard,14.99,Annual,17,3.7,3,0,Mobile wallet,1,0
S00492,North America,29,Standard,14.99,Monthly,21,4.1,2,0,Card,1,0
S00493,Asia-Pacific,33,Basic,6.29,Monthly,18,7.2,1,0,Card,0,0
S00494,North America,36,Standard,14.99,Annual,4,1.5,1,1,Card,0,1
S00495,Europe,32,Basic,8.99,Annual,24,5.9,1,1,Card,0,0
S00496,North America,27,Standard,14.99,Monthly,13,12.5,2,0,Card,0,0
S00497,Latin America,23,Basic,6.29,Annual,11,5.1,1,2,Card,1,0
S00498,Europe,25,Standard,14.99,Monthly,11,9.4,1,2,Card,1,0
S00499,Asia-Pacific,53,Standard,10.49,Annual,41,3.9,2,1,PayPal,0,0
S00500,Europe,21,Basic,8.99,Monthly,3,3.9,2,0,Mobile wallet,1,0
S00501,Latin America,29,Premium,16.09,Annual,5,7.1,1,0,PayPal,0,0
S00502,North America,16,Basic,8.99,Monthly,28,2.1,1,3,Mobile wallet,0,0
S00503,Asia-Pacific,19,Standard,10.49,Annual,16,4.5,3,1,Card,1,0
S00504,Asia-Pacific,50,Premium,16.09,Annual,3,11.2,3,2,PayPal,0,0
S00505,North America,21,Basic,8.99,Annual,17,9.1,1,0,Bank transfer,1,0
S00506,Asia-Pacific,23,Standard,10.49,Monthly,2,15.9,1,0,Card,0,0
S00507,Europe,36,Standard,14.99,Monthly,13,5.1,2,0,Card,1,0
S00508,Europe,32,Standard,14.99,Annual,41,6.3,2,0,Card,0,0
S00509,Asia-Pacific,35,Standard,10.49,Annual,13,3.4,4,0,Card,1,1
S00510,North America,41,Standard,14.99,Monthly,3,3.8,1,0,PayPal,0,0
S00511,Europe,21,Standard,14.99,Monthly,15,9.0,1,2,PayPal,0,0
S00512,North America,39,Premium,22.99,Annual,25,4.4,4,1,Card,1,1
S00513,Asia-Pacific,19,Basic,6.29,Monthly,12,3.3,1,3,Card,0,1
S00514,Asia-Pacific,47,Standard,10.49,Monthly,34,8.4,2,0,Card,1,0
S00515,North America,22,Basic,8.99,Annual,12,6.4,1,0,PayPal,1,0
S00516,North America,26,Standard,14.99,Monthly,5,7.6,1,2,Card,0,1
S00517,North America,44,Basic,8.99,Monthly,16,12.0,3,0,Card,0,0
S00518,Europe,36,Basic,8.99,Monthly,7,9.6,2,0,PayPal,0,0
S00519,Latin America,61,Basic,6.29,Monthly,4,5.6,4,0,Bank transfer,0,1
S00520,North America,34,Basic,8.99,Monthly,29,4.8,4,1,PayPal,1,0
S00521,Asia-Pacific,30,Basic,6.29,Monthly,30,0.8,1,1,Card,1,0
S00522,North America,23,Basic,8.99,Monthly,10,11.7,2,2,Card,0,0
S00523,North America,19,Standard,14.99,Annual,6,1.5,1,2,Mobile wallet,1,0
S00524,Latin America,16,Basic,6.29,Monthly,11,1.9,3,1,Card,0,0
S00525,Latin America,30,Standard,10.49,Annual,22,20.2,1,2,Card,1,0
S00526,Europe,16,Basic,8.99,Monthly,24,4.5,1,2,Mobile wallet,1,1
S00527,Asia-Pacific,37,Basic,6.29,Annual,4,5.5,2,0,Card,0,0
S00528,Asia-Pacific,24,Standard,10.49,Monthly,8,10.2,2,4,Card,1,0
S00529,Africa,26,Basic,6.29,Monthly,11,21.3,3,4,PayPal,1,0
S00530,Asia-Pacific,16,Standard,10.49,Monthly,40,9.1,2,0,Card,1,0
S00531,Europe,46,Premium,22.99,Monthly,22,,1,0,PayPal,0,1
S00532,Asia-Pacific,46,Standard,10.49,Annual,9,3.3,2,0,Card,1,0
S00533,Asia-Pacific,29,Basic,6.29,Annual,13,6.3,3,1,Bank transfer,1,0
S00534,North America,29,Standard,14.99,Monthly,9,5.6,2,0,Bank transfer,1,1
S00535,Europe,52,Basic,8.99,Annual,37,20.1,2,1,Card,1,0
S00536,North America,16,Premium,22.99,Annual,13,12.3,1,1,Card,0,0
S00537,Asia-Pacific,20,Premium,16.09,Monthly,8,12.8,1,0,Bank transfer,1,0
S00538,North America,36,Basic,8.99,Annual,14,2.4,1,2,PayPal,1,0
S00539,North America,42,Standard,14.99,Annual,29,3.0,1,1,Card,1,0
S00540,North America,56,Basic,8.99,Annual,4,1.4,2,1,PayPal,1,0
S00541,Europe,32,Basic,8.99,Monthly,16,10.0,1,0,Mobile wallet,1,0
S00542,North America,49,Basic,8.99,Monthly,61,9.4,1,1,Card,1,0
S00543,North America,41,Standard,14.99,Monthly,19,0.6,4,1,Card,0,0
S00544,Latin America,55,Standard,10.49,Monthly,37,5.4,4,0,Card,1,0
S00545,Latin America,54,Basic,6.29,Annual,40,4.0,3,1,Card,1,0
S00546,Latin America,44,Premium,16.09,Monthly,3,5.0,2,3,PayPal,0,1
S00547,North America,34,Standard,14.99,Monthly,6,7.7,1,1,Card,1,0
S00548,North America,31,Standard,14.99,Monthly,23,7.3,1,1,Card,1,0
S00549,Asia-Pacific,18,Basic,6.29,Annual,16,4.2,2,0,Card,1,0
S00550,Europe,24,Standard,14.99,Annual,2,4.8,2,2,Bank transfer,1,0
S00551,Asia-Pacific,21,Basic,6.29,Monthly,9,3.6,4,0,Card,1,0
S00552,Europe,33,Basic,8.99,Annual,9,12.8,2,0,PayPal,1,0
S00553,North America,19,Premium,22.99,Monthly,9,5.5,2,0,Card,1,0
S00554,Asia-Pacific,34,Basic,6.29,Annual,39,1.8,1,5,PayPal,1,0
S00555,Europe,52,Standard,14.99,Annual,33,6.6,3,0,Card,0,0
S00556,Europe,24,Basic,8.99,Monthly,1,5.5,1,1,Card,1,1
S00557,North America,60,Standard,14.99,Monthly,3,3.2,1,1,Card,0,0
S00558,Europe,40,Standard,14.99,Monthly,28,0.8,1,1,Card,1,0
S00559,Africa,60,Standard,10.49,Monthly,6,7.3,2,0,PayPal,0,1
S00560,Africa,40,Basic,6.29,Annual,12,9.8,3,1,Card,1,0
S00561,Asia-Pacific,16,Basic,6.29,Monthly,15,5.8,2,0,PayPal,1,0
S00562,Asia-Pacific,39,Standard,10.49,Monthly,13,5.9,3,1,Card,0,0
S00563,Europe,59,Basic,8.99,Monthly,9,3.7,4,0,Bank transfer,0,0
S00564,North America,54,Basic,8.99,Monthly,46,3.6,3,3,Mobile wallet,0,0
S00565,Asia-Pacific,32,Premium,16.09,Monthly,29,4.0,4,4,Card,0,0
S00566,Europe,42,Standard,14.99,Monthly,32,,2,0,Card,0,0
S00567,Middle East,25,Standard,14.99,Annual,2,4.6,2,2,Mobile wallet,0,0
S00568,Asia-Pacific,30,Premium,16.09,Monthly,24,4.3,2,0,Card,1,1
S00569,North America,21,Standard,14.99,Monthly,57,4.6,1,2,Mobile wallet,1,0
S00570,Asia-Pacific,21,Standard,10.49,Annual,9,7.9,2,0,Card,1,0
S00571,North America,33,Premium,22.99,Monthly,16,9.6,4,1,Card,0,1
S00572,North America,41,Premium,22.99,Monthly,17,,2,2,Mobile wallet,0,0
S00573,North America,45,Basic,8.99,Annual,3,6.2,1,1,Card,1,0
S00574,North America,25,Standard,14.99,Annual,43,16.9,3,2,Card,1,0
S00575,Europe,35,Basic,8.99,Monthly,15,2.7,4,2,Mobile wallet,0,1
S00576,Europe,33,Premium,22.99,Annual,2,3.1,3,0,Mobile wallet,1,0
S00577,Asia-Pacific,49,Basic,6.29,Annual,2,3.4,2,2,Mobile wallet,1,1
S00578,Europe,16,Basic,8.99,Annual,12,14.0,4,0,Card,1,0
S00579,North America,22,Basic,8.99,Annual,52,6.7,1,1,Card,1,0
S00580,Europe,49,Premium,22.99,Monthly,26,5.0,1,1,Bank transfer,0,1
S00581,North America,35,Basic,8.99,Monthly,43,4.0,4,1,PayPal,1,0
S00582,Asia-Pacific,32,Standard,10.49,Annual,17,9.3,1,0,Mobile wallet,1,0
S00583,North America,25,Basic,8.99,Annual,28,3.0,2,2,PayPal,1,0
S00584,Asia-Pacific,27,Basic,6.29,Monthly,28,,2,0,PayPal,1,1
S00585,North America,42,Basic,8.99,Annual,27,10.5,1,2,Card,1,0
S00586,North America,16,Basic,8.99,Monthly,20,4.9,3,0,Card,0,0
S00587,North America,29,Premium,22.99,Annual,6,6.8,2,0,PayPal,1,0
S00588,Africa,32,Basic,6.29,Monthly,30,6.8,3,1,PayPal,1,0
S00589,Asia-Pacific,43,Basic,6.29,Annual,11,3.5,2,0,Card,1,0
S00590,Europe,25,Standard,14.99,Monthly,72,3.3,2,2,Card,1,0
S00591,Latin America,33,Standard,10.49,Monthly,26,5.2,4,1,Card,1,0
S00592,Africa,18,Basic,6.29,Annual,15,4.7,3,0,Mobile wallet,1,0
S00593,Asia-Pacific,36,Basic,6.29,Monthly,36,6.2,4,1,Card,0,0
S00594,North America,16,Basic,8.99,Annual,43,3.6,3,2,Card,1,0
S00595,Latin America,50,Standard,10.49,Monthly,7,0.5,2,1,Mobile wallet,1,1
S00596,Africa,38,Basic,6.29,Monthly,30,8.7,3,0,Card,1,0
S00597,Asia-Pacific,16,Standard,10.49,Monthly,5,7.5,1,0,Card,1,0
S00598,Africa,59,Standard,10.49,Annual,16,3.5,2,0,Mobile wallet,1,0
S00599,Asia-Pacific,30,Basic,6.29,Annual,18,1.8,3,2,Mobile wallet,1,0
S00600,North America,31,Premium,22.99,Annual,11,7.0,2,0,Card,1,0
S00601,North America,25,Standard,14.99,Monthly,7,11.8,2,1,Card,0,0
S00602,North America,32,Premium,22.99,Monthly,36,5.1,1,0,Card,0,0
S00603,North America,23,Premium,22.99,Annual,7,6.0,2,0,Card,1,0
S00604,Europe,50,Premium,22.99,Monthly,36,,1,0,Card,0,0
S00605,Latin America,16,Basic,6.29,Annual,20,3.7,4,1,Card,1,0
S00606,Europe,30,Standard,14.99,Monthly,24,15.1,4,1,Mobile wallet,1,0
S00607,Middle East,42,Premium,22.99,Monthly,4,12.1,2,1,Card,1,0
S00608,Asia-Pacific,31,Standard,10.49,Annual,24,5.5,2,1,Card,1,0
S00609,Asia-Pacific,23,Standard,10.49,Annual,38,4.7,1,1,Card,0,0
S00610,Latin America,36,Standard,10.49,Annual,2,4.9,1,0,Card,1,0
S00611,Africa,50,Premium,16.09,Monthly,36,,1,1,Card,0,1
S00612,North America,16,Standard,14.99,Annual,4,1.6,3,1,Card,1,0
S00613,North America,60,Standard,14.99,Monthly,16,6.8,2,1,PayPal,1,0
S00614,Latin America,20,Standard,10.49,Annual,18,6.9,1,4,Card,1,0
S00615,Africa,22,Premium,16.09,Monthly,39,9.9,1,1,Bank transfer,0,0
S00616,North America,34,Standard,14.99,Annual,9,1.0,4,3,Mobile wallet,1,0
S00617,North America,42,Premium,22.99,Annual,5,18.0,2,1,Bank transfer,0,0
S00618,North America,41,Basic,8.99,Annual,37,1.5,1,0,PayPal,1,0
S00619,Europe,32,Basic,8.99,Monthly,6,11.4,2,0,Card,1,0
S00620,North America,53,Standard,14.99,Monthly,22,2.6,2,1,Card,1,1
S00621,Asia-Pacific,63,Basic,6.29,Annual,3,5.4,2,1,PayPal,0,0
S00622,Asia-Pacific,35,Basic,6.29,Monthly,8,9.3,1,0,PayPal,0,0
S00623,Europe,51,Premium,22.99,Annual,5,,2,2,Card,1,0
S00624,Asia-Pacific,16,Standard,10.49,Monthly,9,1.7,1,4,Card,0,0
S00625,Latin America,31,Basic,6.29,Annual,2,1.9,4,0,Card,1,0
S00626,Europe,34,Basic,8.99,Annual,19,1.3,3,1,Card,1,0
S00627,Africa,27,Premium,16.09,Annual,43,4.9,3,1,Card,1,0
S00628,North America,55,Standard,14.99,Monthly,12,2.9,3,1,Bank transfer,0,0
S00629,Latin America,52,Standard,10.49,Annual,11,3.7,3,1,Mobile wallet,1,0
S00630,Middle East,28,Basic,8.99,Annual,46,10.6,1,1,Card,1,1
S00631,Asia-Pacific,48,Standard,10.49,Monthly,6,4.7,2,0,Card,1,0
S00632,Asia-Pacific,21,Basic,6.29,Monthly,18,4.4,4,0,Mobile wallet,1,0
S00633,Asia-Pacific,38,Basic,6.29,Monthly,17,7.8,2,1,Bank transfer,1,0
S00634,Middle East,16,Premium,22.99,Monthly,14,6.5,1,2,Mobile wallet,0,1
S00635,Asia-Pacific,39,Basic,6.29,Annual,1,3.4,1,1,Card,1,0
S00636,Latin America,31,Basic,6.29,Monthly,48,3.0,1,0,Card,1,0
S00637,Asia-Pacific,21,Basic,6.29,Annual,2,1.3,3,3,Card,1,1
S00638,Africa,45,Premium,16.09,Monthly,7,3.1,1,1,Bank transfer,0,1
S00639,Europe,55,Premium,22.99,Monthly,8,10.1,1,1,Mobile wallet,0,0
S00640,North America,27,Basic,8.99,Monthly,12,1.3,1,2,Card,1,0
S00641,Europe,47,Basic,8.99,Monthly,46,2.6,2,3,Card,1,0
S00642,Europe,35,Premium,22.99,Monthly,14,1.2,3,1,Mobile wallet,1,1
S00643,North America,47,Basic,8.99,Monthly,18,10.0,3,3,Card,0,0
S00644,Latin America,43,Standard,10.49,Monthly,8,,2,1,PayPal,1,0
S00645,Asia-Pacific,39,Basic,6.29,Monthly,12,3.8,2,1,Card,1,0
S00646,Latin America,29,Standard,10.49,Annual,6,5.6,1,1,Bank transfer,1,0
S00647,North America,18,Basic,8.99,Annual,3,9.4,1,1,Card,1,0
S00648,Europe,38,Basic,8.99,Monthly,10,5.3,1,1,PayPal,1,0
S00649,Latin America,39,Basic,6.29,Monthly,7,4.3,1,0,PayPal,0,0
S00650,Asia-Pacific,40,Basic,6.29,Monthly,8,8.7,4,0,Card,1,0
S00651,Africa,47,Standard,10.49,Monthly,20,0.4,3,0,PayPal,1,0
S00652,Europe,49,Basic,8.99,Monthly,11,11.3,1,1,Card,1,0
S00653,Middle East,29,Standard,14.99,Annual,2,1.8,1,1,Card,1,0
S00654,Latin America,38,Basic,6.29,Annual,24,6.9,1,2,Bank transfer,0,1
S00655,North America,34,Standard,14.99,Monthly,18,8.6,4,1,PayPal,1,0
S00656,Africa,42,Standard,10.49,Annual,33,7.1,1,1,Card,0,0
S00657,Africa,34,Standard,10.49,Monthly,9,4.3,4,0,Card,0,1
S00658,Europe,30,Basic,8.99,Annual,12,3.4,1,1,Card,1,0
S00659,North America,60,Standard,14.99,Monthly,15,7.6,2,1,Card,0,0
S00660,Europe,33,Standard,14.99,Monthly,14,2.9,3,1,Mobile wallet,1,0
S00661,Africa,46,Basic,6.29,Monthly,7,3.5,1,1,Card,1,1
S00662,Asia-Pacific,37,Premium,16.09,Annual,4,2.7,2,2,PayPal,1,0
S00663,Middle East,39,Basic,8.99,Monthly,22,8.5,1,0,Mobile wallet,1,0
S00664,Latin America,47,Standard,10.49,Monthly,55,6.5,2,1,Bank transfer,1,0
S00665,North America,53,Basic,8.99,Monthly,21,2.7,4,1,Card,1,1
S00666,Europe,19,Premium,22.99,Monthly,3,0.9,2,1,Mobile wallet,1,1
S00667,Europe,31,Basic,8.99,Monthly,18,2.7,1,2,Mobile wallet,1,0
S00668,North America,34,Premium,22.99,Monthly,7,7.3,1,2,Card,1,1
S00669,North America,35,Basic,8.99,Monthly,12,5.0,2,0,Card,1,0
S00670,North America,38,Basic,8.99,Monthly,10,6.8,1,0,Card,1,0
S00671,Latin America,38,Premium,16.09,Monthly,5,7.5,1,1,Card,1,0
S00672,Europe,42,Standard,14.99,Annual,9,11.8,1,0,Card,1,0
S00673,North America,39,Premium,22.99,Monthly,17,9.5,1,2,Bank transfer,0,1
S00674,Africa,49,Basic,6.29,Monthly,19,3.6,1,1,Mobile wallet,0,1
S00675,North America,27,Standard,14.99,Annual,12,2.0,2,1,Card,1,0
S00676,Europe,16,Premium,22.99,Monthly,2,9.8,4,2,PayPal,0,0
S00677,Asia-Pacific,52,Premium,16.09,Monthly,15,12.8,4,2,Card,0,0
S00678,North America,32,Premium,22.99,Monthly,9,2.0,3,1,Card,1,1
S00679,Latin America,16,Standard,10.49,Annual,6,5.2,1,1,PayPal,1,0
S00680,Middle East,29,Basic,8.99,Annual,7,10.4,3,0,Card,1,0
S00681,Latin America,27,Basic,6.29,Monthly,17,4.8,2,2,Mobile wallet,1,1
S00682,Europe,48,Premium,22.99,Annual,16,7.8,4,0,Card,1,0
S00683,Latin America,29,Basic,6.29,Monthly,2,12.6,1,0,Bank transfer,1,0
S00684,Middle East,36,Basic,8.99,Monthly,16,9.6,1,0,Card,0,0
S00685,Latin America,39,Premium,16.09,Monthly,10,10.0,2,1,Card,1,0
S00686,North America,25,Basic,8.99,Monthly,17,6.5,2,1,Bank transfer,1,0
S00687,Middle East,31,Basic,8.99,Monthly,4,15.7,1,0,PayPal,1,0
S00688,Africa,28,Premium,16.09,Monthly,14,4.4,1,2,Mobile wallet,0,1
S00689,Europe,34,Premium,22.99,Monthly,48,9.0,3,0,Card,0,1
S00690,Asia-Pacific,29,Premium,16.09,Monthly,23,2.3,1,1,PayPal,1,0
S00691,Africa,37,Standard,10.49,Monthly,12,6.3,2,2,Card,1,0
S00692,North America,49,Standard,14.99,Monthly,2,6.5,3,0,Card,1,0
S00693,Asia-Pacific,38,Premium,16.09,Monthly,2,4.8,3,1,Mobile wallet,0,1
S00694,North America,24,Standard,14.99,Monthly,50,,1,0,Card,0,0
S00695,Asia-Pacific,50,Standard,10.49,Annual,11,10.6,4,0,PayPal,1,0
S00696,Europe,19,Premium,22.99,Monthly,51,12.6,1,2,PayPal,1,0
S00697,Asia-Pacific,60,Standard,10.49,Monthly,24,2.7,1,2,PayPal,0,0
S00698,Asia-Pacific,31,Standard,10.49,Annual,17,2.3,4,2,Bank transfer,0,0
S00699,North America,46,Basic,8.99,Monthly,9,2.0,4,2,Card,1,1
S00700,North America,47,Basic,8.99,Monthly,13,7.0,2,2,Bank transfer,0,1
S00701,Europe,18,Basic,8.99,Monthly,35,9.1,2,2,Card,1,0
S00702,Asia-Pacific,44,Premium,16.09,Monthly,16,2.6,1,0,Card,0,1
S00703,Asia-Pacific,30,Basic,6.29,Annual,5,9.2,3,0,Mobile wallet,0,0
S00704,North America,40,Premium,22.99,Annual,11,7.1,2,1,Card,1,0
S00705,Latin America,45,Standard,10.49,Monthly,25,4.1,3,2,Bank transfer,0,0
S00706,Asia-Pacific,27,Basic,6.29,Monthly,10,5.8,4,4,Bank transfer,1,1
S00707,Europe,19,Basic,8.99,Annual,38,10.6,3,0,Card,1,0
S00708,Europe,31,Basic,8.99,Annual,7,5.2,4,0,Card,1,0
S00709,Asia-Pacific,39,Standard,10.49,Monthly,7,6.2,2,0,PayPal,1,0
S00710,Europe,23,Basic,8.99,Monthly,27,1.2,1,1,Card,1,0
S00711,Europe,29,Premium,22.99,Annual,32,1.9,2,2,Bank transfer,1,0
S00712,North America,39,Standard,14.99,Annual,2,8.0,1,0,Mobile wallet,1,0
S00713,Latin America,35,Basic,6.29,Annual,27,6.0,2,1,PayPal,1,0
S00714,Asia-Pacific,36,Standard,10.49,Monthly,7,2.3,1,2,Card,1,0
S00715,Europe,49,Basic,8.99,Monthly,3,5.5,2,0,Card,0,0
S00716,Europe,18,Basic,8.99,Monthly,10,3.8,1,0,Card,1,0
S00717,Africa,36,Basic,6.29,Monthly,25,3.3,1,1,Card,1,0
S00718,Latin America,43,Standard,10.49,Monthly,17,1.9,3,0,Card,1,0
S00719,North America,41,Premium,22.99,Annual,17,9.6,3,0,PayPal,1,0
S00720,Asia-Pacific,24,Standard,10.49,Annual,5,5.9,2,0,Card,1,0
S00721,North America,30,Standard,14.99,Annual,12,4.1,2,4,Card,0,0
S00722,Europe,32,Basic,8.99,Monthly,36,1.8,1,0,Card,0,0
S00723,North America,34,Premium,22.99,Monthly,10,7.7,3,0,PayPal,0,1
S00724,Middle East,41,Standard,14.99,Monthly,27,8.4,1,0,PayPal,0,0
S00725,North America,39,Standard,14.99,Monthly,23,7.0,3,0,Card,1,0
S00726,Africa,41,Standard,10.49,Monthly,12,8.6,1,0,Card,0,0
S00727,Europe,28,Basic,8.99,Monthly,15,4.4,3,0,Card,1,1
S00728,Europe,34,Standard,14.99,Monthly,10,2.1,1,1,PayPal,1,0
S00729,Asia-Pacific,45,Premium,16.09,Monthly,21,3.1,3,1,Bank transfer,1,0
S00730,Asia-Pacific,43,Basic,6.29,Annual,12,4.3,3,0,Mobile wallet,0,0
S00731,Middle East,46,Basic,8.99,Annual,26,4.9,4,0,Card,1,0
S00732,Europe,18,Standard,14.99,Monthly,8,13.5,4,2,Card,1,0
S00733,Africa,22,Standard,10.49,Annual,14,3.7,1,2,Card,1,0
S00734,Europe,16,Basic,8.99,Annual,27,2.2,2,0,Card,1,0
S00735,North America,22,Standard,14.99,Monthly,43,8.7,4,4,Card,1,0
S00736,Europe,49,Basic,8.99,Monthly,24,6.7,1,0,Mobile wallet,1,0
S00737,Latin America,16,Standard,10.49,Monthly,55,23.0,1,1,Bank transfer,1,0
S00738,Africa,36,Basic,6.29,Monthly,12,6.6,4,1,PayPal,0,0
S00739,Latin America,29,Basic,6.29,Monthly,1,12.1,1,1,Card,1,0
S00740,Europe,38,Premium,22.99,Annual,13,3.3,1,1,Bank transfer,1,0
S00741,Africa,33,Basic,6.29,Annual,31,10.3,2,0,Bank transfer,1,0
S00742,Asia-Pacific,27,Basic,6.29,Annual,18,6.7,1,0,PayPal,1,0
S00743,North America,34,Standard,14.99,Monthly,1,6.3,2,2,Card,1,1
S00744,North America,41,Standard,14.99,Monthly,6,2.0,1,3,Card,1,0
S00745,Europe,63,Standard,14.99,Monthly,7,2.5,3,1,Card,0,0
S00746,Africa,16,Basic,6.29,Monthly,16,3.2,1,1,Mobile wallet,1,0
S00747,North America,16,Premium,22.99,Monthly,14,9.3,1,1,Card,0,0
S00748,Latin America,16,Basic,6.29,Annual,31,5.5,1,0,Card,1,0
S00749,Africa,36,Standard,10.49,Monthly,6,4.4,4,0,PayPal,0,1
S00750,Africa,31,Premium,16.09,Monthly,45,2.3,4,4,Card,1,1
S00751,Asia-Pacific,29,Standard,10.49,Monthly,1,6.4,2,1,Mobile wallet,1,1
S00752,Europe,39,Standard,14.99,Monthly,10,6.1,1,0,Card,0,0
S00753,North America,51,Standard,14.99,Annual,4,5.0,2,0,Card,1,0
S00754,North America,18,Basic,8.99,Annual,3,,3,0,Card,0,0
S00755,North America,42,Premium,22.99,Annual,25,13.6,3,1,Card,1,0
S00756,Asia-Pacific,50,Standard,10.49,Annual,13,6.2,3,1,Mobile wallet,1,0
S00757,Latin America,31,Basic,6.29,Annual,13,11.5,2,0,Mobile wallet,1,0
S00758,Europe,28,Premium,22.99,Annual,32,17.2,1,0,Mobile wallet,0,0
S00759,Europe,16,Standard,14.99,Monthly,5,3.8,3,0,Card,1,0
S00760,Europe,30,Basic,8.99,Monthly,6,4.8,2,1,Card,0,0
S00761,Asia-Pacific,19,Premium,16.09,Annual,18,3.4,1,2,Card,1,0
S00762,Europe,28,Standard,14.99,Monthly,10,7.6,1,1,Bank transfer,1,0
S00763,Europe,43,Basic,8.99,Monthly,14,5.9,4,1,Card,0,0
S00764,Europe,23,Basic,8.99,Annual,33,2.9,4,1,Bank transfer,1,0
S00765,North America,37,Premium,22.99,Monthly,1,,2,1,Card,0,0
S00766,Africa,48,Standard,10.49,Monthly,6,9.6,1,0,Card,1,0
S00767,North America,45,Basic,8.99,Monthly,16,4.1,3,1,Mobile wallet,1,1
S00768,North America,29,Standard,14.99,Monthly,22,,2,1,PayPal,1,0
S00769,Asia-Pacific,32,Basic,6.29,Monthly,7,5.9,1,0,Card,1,1
S00770,North America,31,Premium,22.99,Monthly,1,6.2,3,2,PayPal,0,0
S00771,Europe,58,Basic,8.99,Monthly,4,13.2,1,1,Bank transfer,0,1
S00772,Asia-Pacific,46,Basic,6.29,Annual,7,11.4,3,0,Card,1,0
S00773,North America,46,Basic,8.99,Annual,2,3.6,2,0,Card,0,0
S00774,North America,39,Basic,8.99,Monthly,6,3.5,1,1,Bank transfer,1,0
S00775,Asia-Pacific,35,Basic,6.29,Annual,3,5.6,4,3,Mobile wallet,1,0
S00776,Latin America,20,Standard,10.49,Monthly,57,4.2,1,2,Card,0,0
S00777,Asia-Pacific,16,Basic,6.29,Monthly,25,7.5,4,0,PayPal,0,0
S00778,Europe,27,Standard,14.99,Annual,9,12.3,1,1,PayPal,1,0
S00779,North America,19,Standard,14.99,Annual,1,2.9,2,1,PayPal,1,0
S00780,North America,39,Premium,22.99,Annual,1,11.0,1,1,Bank transfer,1,0
S00781,North America,37,Premium,22.99,Annual,15,14.5,2,2,Mobile wallet,0,0
S00782,Africa,32,Basic,6.29,Monthly,10,15.0,1,0,Card,0,0
S00783,Europe,32,Basic,8.99,Annual,27,11.1,1,2,Card,1,0
S00784,Asia-Pacific,30,Standard,10.49,Monthly,4,5.8,2,2,Card,1,0
S00785,Middle East,48,Standard,14.99,Annual,18,2.5,3,2,Card,1,0
S00786,North America,26,Premium,22.99,Annual,21,8.2,2,1,Card,1,0
S00787,Asia-Pacific,58,Basic,6.29,Monthly,31,5.4,2,1,Mobile wallet,1,0
S00788,North America,19,Basic,8.99,Monthly,33,4.1,2,1,PayPal,1,0
S00789,Latin America,42,Standard,10.49,Monthly,13,6.0,1,1,Bank transfer,1,0
S00790,North America,22,Basic,8.99,Monthly,10,7.0,3,1,Card,1,0
S00791,Asia-Pacific,39,Standard,10.49,Monthly,6,2.6,1,0,Card,0,0
S00792,North America,24,Premium,22.99,Monthly,7,1.3,1,1,Card,0,1
S00793,Middle East,38,Standard,14.99,Monthly,8,2.6,2,3,Card,0,0
S00794,North America,23,Basic,8.99,Monthly,4,8.8,1,2,Card,1,1
S00795,North America,62,Basic,8.99,Monthly,13,2.8,1,1,Card,0,1
S00796,North America,34,Standard,14.99,Monthly,37,12.9,1,0,Card,0,0
S00797,Asia-Pacific,36,Standard,10.49,Monthly,9,11.4,2,2,Card,1,1
S00798,North America,44,Standard,14.99,Monthly,5,20.7,4,0,PayPal,1,0
S00799,Latin America,27,Standard,10.49,Monthly,15,5.6,2,1,Mobile wallet,0,0
S00800,Asia-Pacific,46,Basic,6.29,Monthly,21,5.0,1,0,PayPal,0,0
S00801,Europe,38,Standard,14.99,Monthly,7,0.3,4,2,Card,1,1
S00802,North America,40,Standard,14.99,Annual,10,1.1,3,1,PayPal,1,1
S00803,Europe,35,Basic,8.99,Monthly,34,3.1,2,1,Card,0,0
S00804,Asia-Pacific,44,Premium,16.09,Monthly,5,2.0,4,2,Card,0,1
S00805,Latin America,27,Standard,10.49,Annual,26,13.6,2,0,PayPal,1,0
S00806,North America,16,Standard,14.99,Monthly,6,9.7,1,1,Mobile wallet,1,0
S00807,Latin America,75,Premium,16.09,Monthly,12,6.9,1,0,Bank transfer,0,0
S00808,Middle East,27,Premium,22.99,Monthly,12,4.4,2,2,Card,0,0
S00809,Asia-Pacific,32,Premium,16.09,Monthly,26,2.2,2,0,Mobile wallet,0,0
S00810,Europe,41,Standard,14.99,Monthly,16,4.7,3,2,Mobile wallet,1,0
S00811,Europe,44,Standard,14.99,Monthly,8,3.9,3,1,Card,1,1
S00812,North America,57,Premium,22.99,Monthly,38,5.9,3,2,Mobile wallet,1,0
S00813,Asia-Pacific,16,Standard,10.49,Monthly,10,7.8,2,1,Mobile wallet,0,0
S00814,Latin America,37,Basic,6.29,Annual,8,5.4,2,0,Card,1,0
S00815,Asia-Pacific,36,Standard,10.49,Monthly,4,7.4,2,0,Card,0,1
S00816,North America,49,Basic,8.99,Annual,9,5.9,2,0,Card,1,0
S00817,Asia-Pacific,36,Basic,6.29,Monthly,13,6.6,2,1,Card,1,1
S00818,North America,33,Basic,8.99,Monthly,15,6.6,1,0,Mobile wallet,1,0
S00819,North America,38,Premium,22.99,Monthly,21,11.6,4,1,Card,1,0
S00820,Latin America,28,Standard,10.49,Monthly,13,10.8,3,1,Bank transfer,0,0
S00821,Latin America,44,Standard,10.49,Annual,37,4.3,2,2,PayPal,0,0
S00822,Latin America,22,Standard,10.49,Monthly,3,4.9,1,0,Mobile wallet,0,0
S00823,Asia-Pacific,16,Basic,6.29,Monthly,15,7.4,3,0,PayPal,1,0
S00824,Latin America,33,Premium,16.09,Monthly,15,7.0,3,2,Mobile wallet,1,0
S00825,North America,50,Standard,14.99,Annual,26,4.9,2,1,PayPal,0,0
S00826,Europe,43,Basic,8.99,Monthly,16,3.8,1,0,Card,1,0
S00827,Europe,41,Basic,8.99,Annual,30,4.8,3,1,Bank transfer,1,0
S00828,North America,30,Basic,8.99,Monthly,33,4.5,1,0,Card,0,0
S00829,Africa,39,Basic,6.29,Monthly,29,7.0,2,0,Card,0,0
S00830,Latin America,29,Basic,6.29,Monthly,39,,4,1,Card,1,0
S00831,Latin America,44,Standard,10.49,Monthly,26,,2,0,Card,0,0
S00832,Europe,40,Basic,8.99,Monthly,19,5.0,1,1,Mobile wallet,0,0
S00833,North America,31,Standard,14.99,Monthly,15,5.5,2,0,Card,0,0
S00834,Asia-Pacific,40,Premium,16.09,Annual,13,15.6,3,3,Card,0,0
S00835,Asia-Pacific,38,Standard,10.49,Monthly,14,8.2,3,1,Mobile wallet,1,0
S00836,North America,38,Basic,8.99,Annual,1,7.0,4,0,Mobile wallet,1,0
S00837,Asia-Pacific,38,Premium,16.09,Monthly,42,9.9,1,3,Card,1,1
S00838,North America,38,Standard,14.99,Annual,15,3.6,2,2,Card,1,0
S00839,North America,25,Basic,8.99,Monthly,39,4.8,4,2,PayPal,1,0
S00840,Asia-Pacific,23,Premium,16.09,Monthly,17,6.1,2,0,Mobile wallet,0,0
S00841,Africa,34,Basic,6.29,Monthly,5,9.6,4,1,Card,1,0
S00842,Asia-Pacific,16,Premium,16.09,Annual,34,4.8,1,1,Card,1,0
S00843,Asia-Pacific,55,Premium,16.09,Monthly,11,3.7,2,2,Card,0,1
S00844,Asia-Pacific,30,Basic,6.29,Monthly,24,8.1,1,0,Card,1,1
S00845,Asia-Pacific,44,Basic,6.29,Monthly,44,13.9,4,1,Card,1,0
S00846,Europe,42,Premium,22.99,Annual,8,8.3,2,1,Card,1,0
S00847,Latin America,36,Premium,16.09,Annual,69,14.1,2,2,Mobile wallet,1,0
S00848,Africa,31,Basic,6.29,Monthly,6,8.5,4,1,Mobile wallet,0,0
S00849,North America,16,Basic,8.99,Monthly,47,4.4,2,0,Card,1,0
S00850,Asia-Pacific,30,Premium,16.09,Annual,13,,1,2,Card,0,0
S00851,North America,31,Premium,22.99,Monthly,6,4.5,2,0,Card,0,1
S00852,Europe,16,Basic,8.99,Annual,18,10.4,1,1,PayPal,1,0
S00853,Middle East,40,Premium,22.99,Annual,24,10.8,1,1,Card,1,0
S00854,Latin America,31,Standard,10.49,Monthly,34,6.6,1,0,Card,1,0
S00855,North America,29,Standard,14.99,Annual,40,4.8,4,1,PayPal,1,0
S00856,Middle East,41,Standard,14.99,Monthly,23,,2,2,Card,0,0
S00857,Europe,37,Standard,14.99,Monthly,9,4.6,1,0,PayPal,0,0
S00858,North America,38,Standard,14.99,Monthly,4,,1,0,Card,0,1
S00859,North America,45,Basic,8.99,Monthly,10,3.5,4,0,PayPal,0,0
S00860,Asia-Pacific,28,Premium,16.09,Annual,17,2.9,1,0,Bank transfer,1,0
S00861,Europe,25,Standard,14.99,Monthly,14,,1,0,PayPal,0,1
S00862,Latin America,17,Premium,16.09,Monthly,28,0.6,2,0,Card,1,1
S00863,Latin America,26,Premium,16.09,Monthly,48,7.4,1,2,PayPal,0,0
S00864,North America,16,Basic,8.99,Annual,7,3.7,1,0,PayPal,1,0
S00865,North America,42,Standard,14.99,Monthly,13,7.0,4,0,Card,0,0
S00866,Europe,41,Basic,8.99,Monthly,18,7.0,1,3,Card,1,0
S00867,Latin America,20,Basic,6.29,Annual,23,,3,2,Card,0,0
S00868,Asia-Pacific,39,Standard,10.49,Monthly,8,3.0,1,0,Card,1,0
S00869,Europe,29,Standard,14.99,Annual,10,2.6,4,1,Card,1,0
S00870,Europe,64,Premium,22.99,Monthly,11,3.1,1,2,Mobile wallet,1,0
S00871,Europe,52,Basic,8.99,Monthly,14,4.0,2,0,Card,1,0
S00872,North America,16,Standard,14.99,Monthly,69,4.4,1,1,PayPal,0,0
S00873,Africa,40,Standard,10.49,Monthly,12,0.9,2,2,Card,0,0
S00874,Europe,22,Standard,14.99,Annual,8,6.4,3,0,PayPal,1,0
S00875,North America,31,Basic,8.99,Monthly,22,10.2,1,1,Card,1,0
S00876,Asia-Pacific,30,Basic,6.29,Annual,8,5.3,4,0,Card,1,0
S00877,North America,30,Standard,14.99,Annual,9,5.1,3,2,Card,1,0
S00878,Europe,43,Standard,14.99,Monthly,4,3.3,2,0,PayPal,1,0
S00879,North America,47,Basic,8.99,Monthly,22,9.1,3,1,Card,1,0
S00880,Africa,40,Standard,10.49,Monthly,5,6.7,1,0,Card,0,0
S00881,Europe,31,Standard,14.99,Monthly,9,6.2,3,1,Card,1,0
S00882,Africa,45,Standard,10.49,Annual,4,6.1,2,0,PayPal,1,0
S00883,Europe,32,Standard,14.99,Monthly,3,0.7,3,1,Card,0,0
S00884,North America,35,Basic,8.99,Monthly,9,3.5,1,1,Card,1,0
S00885,North America,36,Standard,14.99,Annual,60,4.9,1,0,PayPal,1,0
S00886,Europe,45,Premium,22.99,Annual,2,,2,0,Card,1,0
S00887,Europe,16,Premium,22.99,Monthly,11,3.4,1,0,Card,1,0
S00888,Asia-Pacific,38,Premium,16.09,Annual,14,2.2,3,1,Card,1,0
S00889,North America,16,Basic,8.99,Monthly,34,2.0,4,2,Card,1,0
S00890,North America,29,Basic,8.99,Monthly,33,5.2,2,0,Mobile wallet,0,0
S00891,Latin America,39,Basic,6.29,Monthly,19,2.7,1,1,PayPal,1,0
S00892,Asia-Pacific,43,Basic,6.29,Monthly,11,,3,0,Card,1,0
S00893,Asia-Pacific,27,Standard,10.49,Annual,19,7.9,3,0,Card,1,0
S00894,Latin America,37,Premium,16.09,Monthly,5,9.0,3,0,Card,1,1
S00895,Europe,51,Standard,14.99,Monthly,15,2.6,2,0,Card,1,1
S00896,Asia-Pacific,26,Standard,10.49,Monthly,14,2.8,2,3,PayPal,1,1
S00897,Europe,50,Basic,8.99,Monthly,26,4.2,3,1,Mobile wallet,0,0
S00898,North America,59,Basic,8.99,Annual,10,5.2,1,0,Bank transfer,1,0
S00899,North America,49,Premium,22.99,Monthly,13,12.3,1,0,PayPal,1,0
S00900,North America,44,Basic,8.99,Annual,12,4.9,1,1,Card,1,0
S00901,North America,47,Standard,14.99,Monthly,13,10.0,1,1,Bank transfer,1,0
S00902,North America,30,Premium,22.99,Monthly,8,2.0,2,2,PayPal,1,0
S00903,Africa,42,Standard,10.49,Monthly,20,9.3,1,4,Card,1,1
S00904,Latin America,46,Standard,10.49,Annual,1,7.0,2,1,Card,1,0
S00905,Europe,62,Basic,8.99,Annual,9,6.9,1,1,Card,1,0
S00906,Europe,21,Basic,8.99,Monthly,31,8.5,2,1,Card,1,0
S00907,Asia-Pacific,34,Basic,6.29,Monthly,7,1.9,1,2,Card,0,1
S00908,Asia-Pacific,31,Standard,10.49,Monthly,3,5.8,2,0,Card,1,0
S00909,Africa,40,Standard,10.49,Monthly,3,5.7,2,0,PayPal,1,0
S00910,North America,33,Premium,22.99,Annual,26,2.9,2,1,Card,0,0
S00911,North America,66,Basic,8.99,Monthly,44,1.1,1,1,Bank transfer,1,0
S00912,Asia-Pacific,35,Premium,16.09,Monthly,23,,1,1,Mobile wallet,1,0
S00913,North America,49,Standard,14.99,Monthly,8,6.0,1,0,PayPal,1,1
S00914,Europe,55,Basic,8.99,Monthly,19,2.7,3,0,Card,0,0
S00915,North America,24,Basic,8.99,Monthly,1,15.2,1,0,PayPal,0,0
S00916,North America,40,Basic,8.99,Monthly,44,10.9,4,0,Mobile wallet,0,0
S00917,North America,31,Standard,14.99,Monthly,4,18.9,1,1,Card,0,0
S00918,North America,36,Standard,14.99,Monthly,13,6.0,2,1,Card,0,0
S00919,Europe,41,Basic,8.99,Monthly,20,3.8,1,1,Card,0,1
S00920,North America,34,Premium,22.99,Annual,18,4.0,2,1,Mobile wallet,1,0
S00921,North America,41,Standard,14.99,Annual,13,2.4,2,3,Card,1,0
S00922,Africa,36,Basic,6.29,Monthly,16,7.7,1,2,Bank transfer,1,1
S00923,Latin America,29,Basic,6.29,Annual,1,6.5,3,2,PayPal,1,0
S00924,North America,54,Standard,14.99,Monthly,40,3.8,2,1,PayPal,1,0
S00925,Europe,28,Premium,22.99,Monthly,27,4.5,4,0,Bank transfer,0,0
S00926,North America,35,Standard,14.99,Monthly,13,4.4,3,0,Card,1,0
S00927,Europe,30,Premium,22.99,Annual,5,5.2,2,0,Card,1,0
S00928,Latin America,46,Standard,10.49,Annual,27,7.1,2,1,Mobile wallet,1,0
S00929,Latin America,51,Standard,10.49,Monthly,31,8.9,3,0,PayPal,1,0
S00930,Europe,40,Basic,8.99,Annual,1,9.2,2,1,Card,1,0
S00931,North America,26,Standard,14.99,Annual,25,2.5,1,3,Card,0,0
S00932,Latin America,46,Premium,16.09,Monthly,3,9.1,1,1,Card,0,0
S00933,Middle East,42,Standard,14.99,Annual,19,7.1,1,0,PayPal,1,0
S00934,Asia-Pacific,42,Standard,10.49,Annual,7,5.3,1,1,Card,1,0
S00935,North America,33,Premium,22.99,Monthly,3,3.3,3,0,Card,1,1
S00936,North America,38,Standard,14.99,Annual,15,4.5,3,0,Mobile wallet,1,0
S00937,Europe,30,Standard,14.99,Monthly,24,,1,1,Card,0,1
S00938,Europe,45,Standard,14.99,Monthly,4,4.1,3,1,Mobile wallet,1,1
S00939,North America,33,Standard,14.99,Monthly,1,5.2,3,2,Card,1,0
S00940,Asia-Pacific,47,Standard,10.49,Monthly,9,9.9,2,0,Card,0,0
S00941,Middle East,42,Premium,22.99,Annual,3,5.2,1,0,Mobile wallet,1,0
S00942,Europe,49,Basic,8.99,Annual,7,4.6,4,1,Card,1,0
S00943,Latin America,42,Basic,6.29,Annual,2,9.2,1,0,Card,1,1
S00944,Africa,43,Premium,16.09,Monthly,10,5.4,2,1,Card,1,0
S00945,Europe,16,Standard,14.99,Annual,1,,2,1,Card,1,0
S00946,Middle East,19,Standard,14.99,Monthly,10,12.7,1,1,Card,0,1
S00947,Asia-Pacific,45,Basic,6.29,Annual,13,2.8,1,1,PayPal,1,0
S00948,Asia-Pacific,42,Basic,6.29,Annual,9,14.8,1,1,Bank transfer,0,0
S00949,Europe,32,Standard,14.99,Monthly,38,3.0,2,1,Card,1,0
S00950,Latin America,16,Basic,6.29,Monthly,1,3.6,1,0,Mobile wallet,1,1
S00951,Africa,25,Premium,16.09,Monthly,14,5.2,2,1,Card,1,0
S00952,Middle East,52,Premium,22.99,Monthly,10,7.8,1,1,Card,0,1
S00953,Africa,32,Basic,6.29,Monthly,18,2.1,1,1,Mobile wallet,0,1
S00954,Asia-Pacific,19,Premium,16.09,Monthly,11,5.8,2,2,Card,1,0
S00955,Africa,39,Basic,6.29,Monthly,3,3.1,4,1,Card,1,0
S00956,Latin America,35,Premium,16.09,Monthly,6,8.8,1,1,Mobile wallet,1,0
S00957,Europe,22,Basic,8.99,Annual,10,4.4,1,4,Card,1,0
S00958,Asia-Pacific,27,Standard,10.49,Monthly,11,1.0,1,0,Card,1,0
S00959,Asia-Pacific,40,Basic,6.29,Annual,8,2.7,4,1,Mobile wallet,1,0
S00960,Asia-Pacific,34,Basic,6.29,Monthly,4,5.0,2,1,Card,0,0
S00961,Europe,41,Standard,14.99,Monthly,22,3.1,1,2,Card,1,0
S00962,Latin America,39,Premium,16.09,Monthly,37,2.6,3,3,Card,1,0
S00963,Africa,36,Premium,16.09,Monthly,1,6.3,1,0,Card,1,0
S00964,Europe,18,Basic,8.99,Annual,5,3.8,3,1,Card,0,1
S00965,Africa,39,Basic,6.29,Monthly,34,11.7,1,0,PayPal,1,0
S00966,Asia-Pacific,37,Basic,6.29,Monthly,43,5.2,2,0,Bank transfer,1,0
S00967,Europe,33,Basic,8.99,Monthly,7,2.8,2,1,Card,0,1
S00968,Africa,30,Basic,6.29,Annual,23,6.9,3,0,Bank transfer,1,0
S00969,North America,44,Standard,14.99,Monthly,16,7.7,1,0,Card,0,0
S00970,Europe,31,Standard,14.99,Monthly,27,13.4,4,2,PayPal,1,0
S00971,Asia-Pacific,33,Basic,6.29,Monthly,22,4.8,2,0,Card,1,1
S00972,Europe,16,Premium,22.99,Monthly,7,9.5,2,0,Card,1,0
S00973,North America,16,Basic,8.99,Monthly,21,0.5,2,2,Bank transfer,1,0
S00974,Europe,39,Standard,14.99,Annual,15,9.3,4,0,Mobile wallet,1,0
S00975,North America,46,Standard,14.99,Monthly,19,8.3,3,0,PayPal,0,0
S00976,Europe,26,Basic,8.99,Annual,11,5.3,2,0,Bank transfer,1,0
S00977,North America,16,Basic,8.99,Annual,2,2.7,2,1,PayPal,1,0
S00978,North America,44,Premium,22.99,Monthly,35,7.8,3,1,Card,1,0
S00979,Africa,16,Basic,6.29,Annual,6,4.7,1,0,Mobile wallet,1,0
S00980,Europe,16,Premium,22.99,Monthly,29,0.2,1,2,Card,1,0
S00981,Europe,46,Standard,14.99,Monthly,9,5.1,2,2,Mobile wallet,0,1
S00982,Asia-Pacific,40,Basic,6.29,Monthly,5,5.1,1,2,Card,1,0
S00983,Latin America,48,Basic,6.29,Monthly,3,3.8,3,1,Card,1,1
S00984,Asia-Pacific,43,Basic,6.29,Monthly,6,,3,0,Card,0,0
S00985,Europe,18,Basic,8.99,Annual,13,8.1,1,2,PayPal,0,0
S00986,North America,39,Premium,22.99,Monthly,37,8.8,1,0,Bank transfer,1,0
S00987,Europe,16,Standard,14.99,Annual,9,2.3,1,4,PayPal,1,0
S00988,Asia-Pacific,27,Standard,10.49,Monthly,6,8.4,2,2,Card,1,1
S00989,Asia-Pacific,18,Premium,16.09,Monthly,12,8.2,2,0,PayPal,1,0
S00990,Asia-Pacific,30,Basic,6.29,Monthly,3,3.8,1,2,PayPal,1,1
S00991,North America,33,Basic,8.99,Monthly,18,8.1,1,2,Bank transfer,1,1
S00992,North America,23,Premium,22.99,Monthly,14,5.6,1,1,Card,0,1
S00993,Asia-Pacific,23,Premium,16.09,Annual,17,9.9,3,0,Card,1,0
S00994,Europe,30,Basic,8.99,Annual,4,4.4,3,0,Card,1,0
S00995,Europe,30,Basic,8.99,Monthly,41,2.9,1,1,Card,0,1
S00996,North America,31,Standard,14.99,Annual,8,6.0,1,1,Card,1,0
S00997,Asia-Pacific,30,Premium,16.09,Annual,20,4.4,1,1,Bank transfer,1,0
S00998,Asia-Pacific,31,Standard,10.49,Annual,10,8.0,3,0,Card,1,0
S00999,Latin America,22,Premium,16.09,Monthly,23,2.8,2,0,Card,1,0
S01000,Europe,48,Basic,8.99,Monthly,28,1.2,2,5,Mobile wallet,1,1
S01001,Asia-Pacific,57,Standard,10.49,Monthly,13,7.7,1,2,Card,1,0
S01002,North America,31,Standard,14.99,Monthly,23,1.3,2,0,Card,0,1
S01003,Europe,35,Premium,22.99,Monthly,9,5.0,1,2,Card,1,1
S01004,North America,55,Basic,8.99,Monthly,16,3.6,1,1,Card,0,0
S01005,North America,29,Premium,22.99,Monthly,23,5.4,1,0,Card,0,1
S01006,North America,38,Standard,14.99,Monthly,6,1.7,2,1,PayPal,0,0
S01007,Europe,26,Basic,8.99,Monthly,9,1.9,2,2,Card,0,1
S01008,Europe,27,Basic,8.99,Monthly,44,,1,2,Card,1,0
S01009,North America,41,Standard,14.99,Monthly,13,11.9,2,2,Card,1,0
S01010,Latin America,53,Premium,16.09,Monthly,26,8.9,1,1,Card,1,0
S01011,Asia-Pacific,41,Standard,10.49,Monthly,5,2.9,1,0,PayPal,1,1
S01012,Asia-Pacific,24,Basic,6.29,Annual,18,7.3,1,0,Card,1,0
S01013,North America,34,Basic,8.99,Monthly,36,14.4,2,0,Mobile wallet,0,0
S01014,North America,46,Premium,22.99,Annual,40,7.8,1,2,Card,1,0
S01015,Asia-Pacific,29,Basic,6.29,Annual,14,4.8,2,0,Card,1,0
S01016,Africa,16,Standard,10.49,Monthly,13,7.2,3,1,Card,0,0
S01017,Asia-Pacific,18,Standard,10.49,Annual,61,5.6,1,0,Card,1,0
S01018,North America,26,Basic,8.99,Annual,10,3.0,3,1,Card,1,0
S01019,Asia-Pacific,16,Premium,16.09,Monthly,66,4.3,4,0,Card,0,0
S01020,Asia-Pacific,35,Basic,6.29,Annual,17,3.3,1,0,Card,0,0
S01021,Asia-Pacific,52,Basic,6.29,Monthly,5,9.7,1,0,Bank transfer,1,0
S01022,Asia-Pacific,21,Basic,6.29,Monthly,12,7.5,2,2,Card,1,0
S01023,Asia-Pacific,56,Basic,6.29,Annual,21,11.0,3,1,Bank transfer,0,0
S01024,Europe,16,Basic,8.99,Monthly,2,3.1,3,1,Card,0,0
S01025,Asia-Pacific,16,Basic,6.29,Monthly,22,3.4,1,0,Mobile wallet,0,0
S01026,Africa,36,Premium,16.09,Monthly,33,5.8,2,0,PayPal,0,0
S01027,Latin America,51,Premium,16.09,Annual,21,12.0,2,0,Card,1,0
S01028,Asia-Pacific,27,Basic,6.29,Monthly,22,6.2,2,0,Mobile wallet,1,0
S01029,North America,59,Premium,22.99,Annual,26,9.9,2,0,Mobile wallet,0,0
S01030,Asia-Pacific,40,Premium,16.09,Monthly,22,16.1,1,0,Card,0,0
S01031,Latin America,36,Standard,10.49,Monthly,6,1.2,2,0,Card,0,0
S01032,Europe,26,Standard,14.99,Monthly,2,7.2,1,1,Card,1,0
S01033,Middle East,35,Premium,22.99,Annual,22,4.9,2,2,Card,1,0
S01034,Europe,16,Standard,14.99,Monthly,7,13.4,2,2,Mobile wallet,0,0
S01035,Asia-Pacific,20,Premium,16.09,Annual,15,14.0,4,0,Card,1,0
S01036,Asia-Pacific,26,Basic,6.29,Monthly,25,4.2,4,1,Card,1,0
S01037,North America,37,Standard,14.99,Monthly,27,3.0,4,0,PayPal,1,0
S01038,Asia-Pacific,17,Basic,6.29,Monthly,19,3.2,1,2,PayPal,1,0
S01039,Asia-Pacific,27,Basic,6.29,Monthly,13,6.4,1,0,Card,0,0
S01040,North America,48,Basic,8.99,Monthly,15,9.4,1,1,Card,0,0
S01041,North America,25,Basic,8.99,Annual,5,7.1,1,1,Card,1,0
S01042,Europe,16,Standard,14.99,Annual,7,13.8,1,2,Bank transfer,1,0
S01043,Europe,17,Standard,14.99,Monthly,9,8.0,2,0,Card,0,0
S01044,North America,35,Basic,8.99,Monthly,3,6.6,1,2,Card,0,1
S01045,Asia-Pacific,18,Standard,10.49,Monthly,23,,3,0,Card,1,0
S01046,North America,21,Basic,8.99,Annual,16,0.9,1,0,PayPal,0,0
S01047,Africa,34,Standard,10.49,Monthly,3,9.2,1,2,PayPal,1,0
S01048,Europe,41,Standard,14.99,Monthly,8,12.0,1,2,PayPal,1,1
S01049,North America,31,Standard,14.99,Monthly,15,2.2,1,1,PayPal,1,1
S01050,Asia-Pacific,23,Basic,6.29,Monthly,8,7.2,4,1,Card,1,0
S01051,North America,19,Premium,22.99,Monthly,13,5.6,2,3,Card,1,0
S01052,Europe,34,Basic,8.99,Monthly,25,2.7,3,1,PayPal,1,0
S01053,Europe,39,Basic,8.99,Monthly,2,6.9,1,0,Card,0,0
S01054,North America,19,Basic,8.99,Monthly,2,0.9,4,1,Mobile wallet,0,0
S01055,Europe,38,Basic,8.99,Annual,11,1.5,1,1,PayPal,1,0
S01056,Asia-Pacific,40,Standard,10.49,Annual,20,8.6,3,0,Card,1,0
S01057,Europe,58,Basic,8.99,Monthly,8,8.9,1,1,PayPal,0,1
S01058,Europe,42,Basic,8.99,Annual,6,2.7,2,0,PayPal,1,0
S01059,Middle East,32,Premium,22.99,Annual,3,7.5,1,1,Card,1,0
S01060,Africa,42,Basic,6.29,Annual,16,6.8,2,0,Card,1,0
S01061,Europe,33,Standard,14.99,Annual,22,13.3,2,1,Card,1,0
S01062,Europe,48,Standard,14.99,Annual,30,14.8,1,0,Card,1,0
S01063,Middle East,37,Premium,22.99,Monthly,11,2.7,1,0,Mobile wallet,1,1
S01064,Europe,46,Premium,22.99,Annual,23,16.2,1,1,Card,0,0
S01065,North America,30,Standard,14.99,Monthly,16,8.9,1,2,Card,1,1
S01066,North America,39,Basic,8.99,Monthly,25,2.6,2,3,Bank transfer,1,1
S01067,Europe,46,Standard,14.99,Monthly,57,3.2,1,0,Mobile wallet,0,0
S01068,North America,23,Basic,8.99,Annual,48,2.9,2,0,Mobile wallet,1,0
S01069,North America,52,Standard,14.99,Annual,52,1.1,3,1,Card,1,0
S01070,Europe,21,Standard,14.99,Monthly,22,4.9,1,0,Mobile wallet,0,0
S01071,North America,44,Basic,8.99,Monthly,10,,1,1,Card,1,1
S01072,Europe,35,Basic,8.99,Annual,54,2.7,2,1,Bank transfer,1,0
S01073,Europe,48,Basic,8.99,Annual,36,8.4,1,2,Card,0,0
S01074,Europe,23,Premium,22.99,Monthly,23,4.2,3,1,Card,1,0
S01075,North America,32,Standard,14.99,Monthly,3,4.7,2,0,Bank transfer,0,0
S01076,North America,31,Basic,8.99,Monthly,7,2.4,3,4,PayPal,1,1
S01077,Asia-Pacific,34,Standard,10.49,Monthly,2,11.5,1,0,PayPal,0,0
S01078,North America,28,Basic,8.99,Annual,67,4.7,2,2,Bank transfer,1,0
S01079,North America,17,Standard,14.99,Monthly,14,6.8,2,1,Card,0,1
S01080,Europe,40,Basic,8.99,Monthly,18,2.5,2,2,Card,0,0
S01081,Middle East,31,Standard,14.99,Monthly,12,3.8,4,0,Mobile wallet,0,0
S01082,Asia-Pacific,46,Basic,6.29,Monthly,17,3.6,1,0,Bank transfer,1,0
S01083,North America,23,Basic,8.99,Monthly,48,13.6,1,0,Bank transfer,1,0
S01084,Asia-Pacific,34,Basic,6.29,Annual,9,,3,2,PayPal,0,0
S01085,Latin America,37,Standard,10.49,Annual,10,,2,3,Card,1,0
S01086,Asia-Pacific,54,Premium,16.09,Annual,39,9.6,2,0,PayPal,1,0
S01087,Latin America,30,Standard,10.49,Monthly,15,1.0,3,3,Card,0,1
S01088,Asia-Pacific,19,Basic,6.29,Annual,6,12.8,2,1,Mobile wallet,1,0
S01089,Asia-Pacific,41,Basic,6.29,Monthly,40,3.0,2,0,PayPal,0,0
S01090,Europe,28,Basic,8.99,Monthly,13,2.7,2,1,Card,1,0
S01091,Europe,16,Basic,8.99,Monthly,3,3.5,1,1,Bank transfer,0,0
S01092,North America,31,Standard,14.99,Annual,45,1.4,1,1,Card,1,0
S01093,North America,17,Basic,8.99,Monthly,6,7.7,1,0,Card,0,0
S01094,Asia-Pacific,41,Basic,6.29,Monthly,9,4.9,1,0,PayPal,0,1
S01095,Africa,41,Standard,10.49,Monthly,10,6.1,2,0,PayPal,1,0
S01096,Europe,45,Standard,14.99,Monthly,22,12.4,2,1,Mobile wallet,0,0
S01097,Europe,18,Premium,22.99,Monthly,28,0.7,2,3,Mobile wallet,0,1
S01098,North America,51,Standard,14.99,Annual,27,6.3,2,0,Card,1,0
S01099,Asia-Pacific,43,Premium,16.09,Annual,33,4.1,2,1,Mobile wallet,1,0
S01100,Europe,33,Basic,8.99,Monthly,26,6.9,2,0,Card,0,0
S01101,North America,30,Standard,14.99,Monthly,3,8.4,2,0,PayPal,0,1
S01102,North America,36,Basic,8.99,Monthly,7,11.5,4,1,PayPal,1,0
S01103,North America,38,Standard,14.99,Monthly,7,5.9,4,0,Card,1,0
S01104,Asia-Pacific,16,Standard,10.49,Annual,26,6.1,1,1,Card,1,0
S01105,Latin America,31,Premium,16.09,Monthly,5,8.7,1,0,PayPal,0,0
S01106,Asia-Pacific,44,Standard,10.49,Annual,12,5.8,1,1,Bank transfer,0,0
S01107,Middle East,52,Standard,14.99,Monthly,18,6.6,1,0,PayPal,1,0
S01108,Europe,39,Basic,8.99,Monthly,1,3.7,4,1,PayPal,1,0
S01109,Latin America,53,Standard,10.49,Monthly,21,20.0,2,2,Card,1,0
S01110,Asia-Pacific,31,Standard,10.49,Annual,18,2.3,1,0,Mobile wallet,1,0
S01111,Africa,29,Basic,6.29,Monthly,24,1.2,3,1,Card,1,0
S01112,Asia-Pacific,52,Standard,10.49,Annual,10,2.3,3,0,Card,0,0
S01113,Europe,44,Basic,8.99,Monthly,4,3.2,1,1,Mobile wallet,0,1
S01114,Latin America,33,Basic,6.29,Annual,8,18.1,1,2,Mobile wallet,1,0
S01115,Asia-Pacific,59,Premium,16.09,Monthly,21,4.2,1,0,Card,1,0
S01116,Latin America,50,Standard,10.49,Annual,18,10.1,3,1,Card,0,0
S01117,North America,16,Standard,14.99,Monthly,5,4.2,1,1,Mobile wallet,0,0
S01118,Latin America,16,Standard,10.49,Monthly,50,8.3,3,2,PayPal,0,0
S01119,Europe,21,Standard,14.99,Monthly,17,4.7,4,1,Mobile wallet,0,0
S01120,Europe,47,Basic,8.99,Annual,20,13.8,2,0,Card,1,0
S01121,Asia-Pacific,29,Basic,6.29,Annual,25,1.7,3,0,Card,1,0
S01122,Africa,19,Premium,16.09,Annual,14,11.7,2,1,Card,1,0
S01123,North America,27,Standard,14.99,Annual,17,3.1,4,0,Card,1,0
S01124,Latin America,22,Standard,10.49,Annual,35,,3,3,Card,1,0
S01125,North America,44,Standard,14.99,Monthly,17,6.9,1,1,Mobile wallet,0,0
S01126,North America,29,Premium,22.99,Monthly,4,3.6,3,1,Card,0,1
S01127,Europe,29,Basic,8.99,Monthly,29,1.6,3,2,Mobile wallet,0,1
S01128,Latin America,60,Basic,6.29,Monthly,8,4.8,1,0,Card,0,1
S01129,Asia-Pacific,46,Standard,10.49,Annual,10,4.9,1,1,PayPal,1,0
S01130,Latin America,56,Premium,16.09,Monthly,46,1.5,1,3,Card,1,0
S01131,Middle East,30,Basic,8.99,Monthly,3,7.8,1,1,PayPal,1,0
S01132,Middle East,22,Standard,14.99,Monthly,35,7.0,3,3,Card,1,0
S01133,Latin America,16,Basic,6.29,Annual,14,3.5,1,0,Card,0,0
S01134,Europe,50,Standard,14.99,Annual,18,6.7,1,1,Card,0,0
S01135,North America,34,Standard,14.99,Annual,7,12.6,2,0,Card,1,0
S01136,Europe,57,Standard,14.99,Annual,12,9.7,1,1,Mobile wallet,1,0
S01137,Europe,25,Premium,22.99,Monthly,5,7.5,2,1,PayPal,0,1
S01138,North America,27,Standard,14.99,Monthly,1,2.3,2,3,PayPal,1,1
S01139,Europe,37,Standard,14.99,Monthly,1,0.6,4,2,Bank transfer,0,0
S01140,Africa,52,Premium,16.09,Monthly,50,4.0,2,2,Card,1,0
S01141,Europe,16,Standard,14.99,Monthly,36,6.8,2,0,PayPal,0,0
S01142,Asia-Pacific,36,Basic,6.29,Annual,24,8.9,3,0,Bank transfer,1,0
S01143,North America,25,Standard,14.99,Monthly,68,16.0,1,0,Card,0,0
S01144,North America,22,Standard,14.99,Monthly,4,6.3,1,2,Card,0,0
S01145,Africa,55,Basic,6.29,Annual,68,3.1,2,0,Card,1,0
S01146,North America,64,Standard,14.99,Monthly,13,1.6,3,5,Card,1,0
S01147,North America,16,Basic,8.99,Monthly,1,8.4,2,1,Card,0,0
S01148,Africa,34,Basic,6.29,Monthly,25,4.4,2,1,Mobile wallet,1,0
S01149,Africa,19,Premium,16.09,Monthly,59,10.3,3,1,PayPal,0,0
S01150,Latin America,31,Basic,6.29,Monthly,19,8.3,3,0,PayPal,1,0
S01151,Asia-Pacific,24,Standard,10.49,Monthly,19,4.7,3,1,PayPal,0,0
S01152,Middle East,38,Basic,8.99,Monthly,17,18.0,2,1,PayPal,1,0
S01153,Europe,37,Premium,22.99,Monthly,2,11.3,1,2,Bank transfer,0,1
S01154,North America,37,Basic,8.99,Monthly,3,6.1,4,1,Card,0,0
S01155,North America,31,Basic,8.99,Annual,12,4.8,3,1,PayPal,1,0
S01156,Europe,26,Premium,22.99,Monthly,19,4.3,4,1,PayPal,1,0
S01157,North America,34,Premium,22.99,Monthly,13,6.8,1,1,Card,1,0
S01158,Europe,32,Basic,8.99,Monthly,22,1.9,3,0,Mobile wallet,1,0
S01159,Middle East,16,Basic,8.99,Annual,22,2.9,4,1,Bank transfer,1,0
S01160,North America,55,Standard,14.99,Annual,3,4.1,1,0,PayPal,0,0
S01161,Europe,27,Standard,14.99,Monthly,15,11.0,2,0,Bank transfer,1,0
S01162,Asia-Pacific,22,Standard,10.49,Annual,5,,1,0,Card,1,0
S01163,Asia-Pacific,46,Basic,6.29,Annual,5,9.9,3,1,Card,1,0
S01164,North America,46,Basic,8.99,Annual,3,2.1,1,2,Mobile wallet,1,1
S01165,Asia-Pacific,51,Standard,10.49,Monthly,15,2.9,2,4,Card,1,0
S01166,North America,44,Standard,14.99,Monthly,21,8.7,1,0,Card,0,0
S01167,North America,42,Standard,14.99,Monthly,27,6.6,1,0,Bank transfer,0,0
S01168,North America,16,Basic,8.99,Annual,24,9.6,3,0,Bank transfer,1,0
S01169,North America,17,Premium,22.99,Monthly,17,,4,3,PayPal,1,0
S01170,North America,48,Basic,8.99,Monthly,22,1.1,2,0,Card,1,0
S01171,Europe,30,Premium,22.99,Monthly,20,2.6,1,1,PayPal,1,0
S01172,Europe,39,Basic,8.99,Monthly,50,3.9,3,2,Card,1,0
S01173,North America,43,Basic,8.99,Monthly,13,2.0,2,0,Mobile wallet,0,0
S01174,Asia-Pacific,61,Premium,16.09,Monthly,29,6.6,2,2,Card,1,0
S01175,North America,52,Basic,8.99,Monthly,3,4.8,4,0,PayPal,1,0
S01176,Europe,56,Basic,8.99,Annual,20,3.6,4,2,Card,1,0
S01177,North America,27,Basic,8.99,Annual,5,2.2,2,1,PayPal,0,1
S01178,North America,27,Basic,8.99,Monthly,3,,1,1,Bank transfer,1,0
S01179,North America,43,Premium,22.99,Annual,10,1.9,2,3,Mobile wallet,1,0
S01180,Europe,16,Basic,8.99,Monthly,8,10.2,1,0,PayPal,0,0
S01181,Europe,38,Standard,14.99,Monthly,11,9.0,1,1,Mobile wallet,1,0
S01182,Europe,34,Basic,8.99,Annual,22,5.3,2,0,PayPal,1,0
S01183,North America,31,Standard,14.99,Monthly,1,8.9,3,1,Mobile wallet,1,0
S01184,Asia-Pacific,17,Basic,6.29,Monthly,28,10.0,1,1,Card,0,0
S01185,Europe,39,Premium,22.99,Annual,2,4.2,1,0,PayPal,1,0
S01186,Asia-Pacific,45,Standard,10.49,Annual,12,2.6,2,3,PayPal,1,0
S01187,Asia-Pacific,50,Basic,6.29,Annual,32,5.2,1,0,PayPal,1,0
S01188,Latin America,48,Basic,6.29,Annual,18,7.4,1,0,Card,1,0
S01189,North America,46,Basic,8.99,Monthly,21,3.5,3,0,Mobile wallet,1,0
S01190,North America,22,Premium,22.99,Annual,51,8.5,4,0,Card,1,0
S01191,Middle East,19,Standard,14.99,Monthly,17,7.5,2,0,Card,0,0
S01192,Europe,43,Basic,8.99,Monthly,4,3.3,3,0,Card,0,0
S01193,Europe,16,Basic,8.99,Annual,51,7.9,1,1,PayPal,1,0
S01194,Asia-Pacific,30,Premium,16.09,Monthly,6,3.6,2,2,PayPal,1,0
S01195,Asia-Pacific,20,Standard,10.49,Annual,10,6.6,1,0,Card,1,0
S01196,North America,36,Basic,8.99,Monthly,23,2.0,1,0,Card,1,0
S01197,Europe,39,Standard,14.99,Monthly,31,9.9,1,2,Mobile wallet,1,0
S01198,Europe,36,Basic,8.99,Annual,5,3.1,1,1,Card,1,0
S01199,Latin America,53,Basic,6.29,Monthly,14,1.5,1,1,Card,0,0
S01200,North America,34,Basic,8.99,Monthly,2,8.2,1,0,Card,1,1
S01201,Africa,34,Standard,10.49,Annual,9,,3,1,PayPal,1,0
S01202,North America,27,Standard,14.99,Monthly,7,3.2,3,0,Mobile wallet,0,0
S01203,North America,21,Basic,8.99,Monthly,12,14.2,4,0,Bank transfer,1,0
S01204,Asia-Pacific,39,Standard,10.49,Annual,34,2.8,2,0,Card,1,0
S01205,North America,36,Premium,22.99,Monthly,8,2.6,3,2,Card,0,1
S01206,Europe,33,Basic,8.99,Monthly,6,6.6,4,0,Mobile wallet,0,0
S01207,Europe,38,Standard,14.99,Monthly,14,1.2,2,1,Mobile wallet,0,1
S01208,North America,57,Premium,22.99,Monthly,5,4.0,1,3,PayPal,1,0
S01209,Europe,54,Standard,14.99,Monthly,16,3.7,3,1,Card,0,0
S01210,Europe,22,Basic,8.99,Monthly,18,1.6,1,0,Card,1,0
S01211,Asia-Pacific,31,Premium,16.09,Annual,16,8.7,2,1,Bank transfer,1,0
S01212,Europe,33,Basic,8.99,Monthly,32,6.7,3,1,Mobile wallet,1,1
S01213,Africa,52,Standard,10.49,Monthly,15,8.6,4,1,PayPal,1,0
S01214,Asia-Pacific,46,Premium,16.09,Annual,29,5.5,1,0,PayPal,1,0
S01215,Europe,31,Premium,22.99,Monthly,7,7.4,2,0,Bank transfer,0,0
S01216,North America,41,Basic,8.99,Monthly,15,5.6,1,0,PayPal,1,0
S01217,North America,31,Standard,14.99,Monthly,10,2.8,1,1,Mobile wallet,0,1
S01218,Latin America,27,Basic,6.29,Monthly,6,2.9,3,0,Card,1,0
S01219,Europe,39,Basic,8.99,Monthly,28,11.5,1,2,Mobile wallet,1,0
S01220,Europe,36,Basic,8.99,Annual,7,1.6,1,0,Mobile wallet,1,0
S01221,Asia-Pacific,16,Basic,6.29,Annual,3,4.1,1,0,Card,1,0
S01222,Europe,46,Premium,22.99,Annual,5,3.2,3,2,Bank transfer,0,0
S01223,Africa,32,Standard,10.49,Monthly,17,4.9,1,0,Mobile wallet,1,0
S01224,Asia-Pacific,16,Premium,16.09,Annual,13,4.6,2,0,Card,1,0
S01225,Asia-Pacific,35,Standard,10.49,Monthly,17,1.9,1,2,Bank transfer,1,0
S01226,Europe,33,Basic,8.99,Annual,4,7.3,2,1,Bank transfer,0,0
S01227,Europe,27,Premium,22.99,Monthly,8,3.9,2,0,Card,0,0
S01228,Europe,39,Basic,8.99,Annual,25,1.0,4,0,Card,1,0
S01229,North America,23,Basic,8.99,Monthly,6,5.7,1,0,Mobile wallet,1,0
S01230,Europe,17,Standard,14.99,Monthly,22,2.3,1,1,Card,0,0
S01231,North America,52,Standard,14.99,Monthly,46,1.5,3,0,PayPal,0,1
S01232,Asia-Pacific,45,Premium,16.09,Annual,31,9.0,3,1,Mobile wallet,1,0
S01233,Europe,47,Basic,8.99,Monthly,31,2.3,1,2,PayPal,1,0
S01234,Africa,39,Standard,10.49,Monthly,10,5.9,1,0,Bank transfer,1,0
S01235,Europe,38,Standard,14.99,Monthly,9,9.5,2,1,Card,1,0
S01236,North America,16,Basic,8.99,Monthly,65,5.0,2,1,PayPal,0,0
S01237,Europe,23,Standard,14.99,Annual,5,7.0,3,1,PayPal,1,0
S01238,Africa,16,Premium,16.09,Monthly,2,9.4,1,0,Mobile wallet,1,1
S01239,North America,26,Premium,22.99,Annual,7,7.2,2,0,PayPal,1,0
S01240,North America,40,Basic,8.99,Monthly,7,2.1,1,1,Card,1,0
S01241,North America,26,Standard,14.99,Monthly,26,6.6,3,1,Card,0,0
S01242,North America,35,Basic,8.99,Monthly,18,6.9,2,0,Mobile wallet,0,0
S01243,North America,24,Standard,14.99,Annual,12,6.2,1,1,Mobile wallet,1,0
S01244,North America,33,Standard,14.99,Monthly,30,3.1,3,0,Mobile wallet,1,0
S01245,Asia-Pacific,40,Basic,6.29,Monthly,16,6.2,1,0,Bank transfer,1,0
S01246,Africa,52,Standard,10.49,Monthly,13,2.2,4,2,Card,1,0
S01247,Africa,32,Basic,6.29,Monthly,7,6.1,3,0,Mobile wallet,0,0
S01248,North America,31,Basic,8.99,Monthly,15,15.1,3,1,Mobile wallet,1,0
S01249,Asia-Pacific,31,Basic,6.29,Annual,8,1.6,1,2,Card,0,0
S01250,Europe,56,Premium,22.99,Monthly,24,15.8,1,1,Card,0,1
S01251,Europe,49,Standard,14.99,Monthly,15,5.6,2,1,Mobile wallet,0,0
S01252,Latin America,24,Premium,16.09,Monthly,25,6.4,2,0,Bank transfer,0,1
S01253,Asia-Pacific,32,Basic,6.29,Monthly,14,4.4,2,0,Bank transfer,0,0
S01254,Latin America,37,Basic,6.29,Monthly,27,5.0,4,0,PayPal,1,0
S01255,North America,36,Basic,8.99,Annual,16,7.6,3,1,Card,1,0
S01256,Europe,40,Basic,8.99,Monthly,38,6.2,4,0,Card,0,0
S01257,Europe,32,Basic,8.99,Monthly,22,5.2,3,0,Mobile wallet,1,0
S01258,Asia-Pacific,33,Standard,10.49,Monthly,5,7.6,3,0,Card,1,0
S01259,Europe,35,Standard,14.99,Annual,4,5.0,2,2,Bank transfer,1,0
S01260,Latin America,20,Premium,16.09,Annual,13,2.7,2,2,Card,0,1
S01261,Asia-Pacific,39,Basic,6.29,Monthly,29,1.7,3,2,Card,1,0
S01262,Asia-Pacific,46,Standard,10.49,Monthly,24,9.9,1,4,PayPal,1,0
S01263,North America,16,Standard,14.99,Annual,4,,2,2,Card,0,0
S01264,Europe,23,Standard,14.99,Monthly,14,1.9,2,1,Card,1,0
S01265,Europe,16,Premium,22.99,Monthly,37,6.3,1,0,Card,1,0
S01266,Asia-Pacific,35,Standard,10.49,Annual,31,5.9,2,0,Bank transfer,1,0
S01267,Asia-Pacific,19,Basic,6.29,Monthly,40,6.2,3,0,Bank transfer,0,0
S01268,North America,53,Premium,22.99,Monthly,27,6.1,3,0,Card,0,0
S01269,Asia-Pacific,19,Standard,10.49,Annual,2,13.0,1,0,Card,1,0
S01270,Asia-Pacific,16,Premium,16.09,Monthly,3,2.2,2,4,Card,1,1
S01271,North America,42,Premium,22.99,Annual,5,7.6,1,0,Card,1,0
S01272,North America,17,Standard,14.99,Annual,4,4.0,3,0,Card,1,0
S01273,North America,38,Basic,8.99,Annual,16,4.4,2,1,Card,1,0
S01274,Europe,33,Basic,8.99,Monthly,13,11.4,1,1,Bank transfer,1,0
S01275,Europe,18,Basic,8.99,Monthly,42,,4,1,Card,0,0
S01276,Europe,35,Standard,14.99,Annual,4,5.8,2,2,Card,1,0
S01277,Latin America,50,Basic,6.29,Annual,13,7.5,1,2,PayPal,1,0
S01278,Europe,42,Basic,8.99,Monthly,9,4.1,2,0,PayPal,1,0
S01279,Middle East,30,Standard,14.99,Monthly,11,10.4,3,0,Card,0,0
S01280,Africa,33,Basic,6.29,Monthly,12,5.1,1,2,Card,1,0
S01281,Europe,26,Standard,14.99,Monthly,9,1.4,3,0,Card,0,0
S01282,Europe,30,Standard,14.99,Monthly,42,9.2,4,0,Card,1,0
S01283,Europe,21,Standard,14.99,Monthly,37,2.4,3,0,Bank transfer,1,0
S01284,Asia-Pacific,16,Standard,10.49,Annual,2,11.9,1,1,PayPal,1,1
S01285,North America,39,Standard,14.99,Monthly,16,2.2,2,2,Card,1,0
S01286,North America,56,Standard,14.99,Monthly,1,0.8,1,2,Card,0,1
S01287,Latin America,23,Basic,6.29,Monthly,20,7.8,2,2,Mobile wallet,0,1
S01288,Middle East,43,Premium,22.99,Monthly,14,8.2,2,0,PayPal,1,0
S01289,North America,28,Premium,22.99,Annual,10,2.1,1,2,PayPal,1,1
S01290,North America,25,Premium,22.99,Annual,15,9.4,4,1,Bank transfer,1,0
S01291,Africa,16,Basic,6.29,Monthly,24,2.8,2,2,Bank transfer,0,0
S01292,Europe,32,Premium,22.99,Monthly,12,7.1,3,1,Card,0,1
S01293,North America,36,Standard,14.99,Monthly,12,9.7,2,1,Card,1,0
S01294,Latin America,43,Basic,6.29,Monthly,11,3.3,1,0,PayPal,1,0
S01295,Asia-Pacific,41,Standard,10.49,Annual,8,11.2,1,0,PayPal,1,0
S01296,Asia-Pacific,16,Premium,16.09,Monthly,13,9.5,3,2,Card,1,0
S01297,North America,40,Basic,8.99,Monthly,4,3.1,2,0,Card,0,0
S01298,Asia-Pacific,33,Standard,10.49,Monthly,19,0.4,2,1,Card,0,1
S01299,North America,33,Basic,8.99,Monthly,12,11.4,3,0,PayPal,0,0
S01300,Asia-Pacific,37,Basic,6.29,Annual,10,9.3,1,2,Card,1,0
S01301,Latin America,27,Premium,16.09,Annual,32,2.0,1,3,Card,1,0
S01302,Europe,45,Basic,8.99,Monthly,34,4.7,3,0,Card,1,0
S01303,Africa,29,Standard,10.49,Annual,19,4.6,2,0,Mobile wallet,1,0
S01304,Asia-Pacific,27,Basic,6.29,Annual,12,9.4,3,0,Card,1,0
S01305,Asia-Pacific,47,Basic,6.29,Monthly,11,12.1,2,0,Bank transfer,1,0
S01306,Europe,29,Basic,8.99,Monthly,3,5.9,2,0,Card,1,0
S01307,North America,46,Premium,22.99,Monthly,18,4.6,1,2,Card,1,1
S01308,North America,39,Basic,8.99,Monthly,18,4.0,2,1,Mobile wallet,1,1
S01309,Europe,61,Basic,8.99,Monthly,10,5.9,3,1,Card,1,0
S01310,North America,31,Standard,14.99,Annual,2,12.2,4,0,Card,1,0
S01311,Asia-Pacific,35,Basic,6.29,Monthly,25,3.5,2,0,Bank transfer,0,0
S01312,North America,25,Basic,8.99,Monthly,11,3.1,2,1,Bank transfer,0,0
S01313,Latin America,26,Standard,10.49,Annual,33,10.4,4,1,PayPal,1,0
S01314,Latin America,17,Standard,10.49,Annual,28,6.4,1,0,Mobile wallet,1,0
S01315,Middle East,31,Standard,14.99,Monthly,46,3.7,3,1,Card,1,0
S01316,North America,50,Standard,14.99,Monthly,66,5.5,2,1,Card,1,0
S01317,North America,23,Standard,14.99,Annual,15,2.7,1,2,Card,1,0
S01318,Europe,36,Basic,8.99,Monthly,24,5.4,1,0,Card,0,0
S01319,North America,21,Basic,8.99,Monthly,27,2.2,3,2,Bank transfer,1,1
S01320,Europe,39,Basic,8.99,Monthly,25,6.0,2,2,Card,0,0
S01321,Europe,38,Standard,14.99,Monthly,1,8.6,1,2,Bank transfer,1,0
S01322,North America,41,Basic,8.99,Monthly,5,6.5,3,0,Mobile wallet,1,0
S01323,North America,36,Basic,8.99,Annual,20,6.3,2,0,Bank transfer,1,0
S01324,Latin America,39,Standard,10.49,Monthly,8,4.4,3,0,Bank transfer,1,1
S01325,Africa,35,Standard,10.49,Monthly,42,12.2,1,0,Card,1,0
S01326,Asia-Pacific,16,Basic,6.29,Monthly,8,4.5,2,0,Mobile wallet,0,0
S01327,Africa,40,Basic,6.29,Annual,15,1.3,1,1,Bank transfer,1,0
S01328,Latin America,45,Standard,10.49,Annual,19,4.5,4,0,Mobile wallet,1,0
S01329,Europe,20,Standard,14.99,Monthly,13,5.4,1,0,Card,0,0
S01330,Asia-Pacific,23,Basic,6.29,Monthly,8,1.8,3,4,Card,1,1
S01331,Asia-Pacific,21,Standard,10.49,Monthly,5,10.0,2,0,Mobile wallet,0,0
S01332,North America,44,Standard,14.99,Annual,2,2.9,1,5,Mobile wallet,0,1
S01333,Europe,49,Standard,14.99,Annual,28,5.8,1,1,Card,1,0
S01334,Africa,48,Basic,6.29,Monthly,15,8.0,2,1,Card,1,0
S01335,Middle East,45,Standard,14.99,Monthly,10,4.5,3,2,Card,0,0
S01336,North America,50,Basic,8.99,Monthly,4,8.8,2,0,PayPal,0,0
S01337,Asia-Pacific,37,Premium,16.09,Monthly,4,3.8,1,1,Card,0,1
S01338,North America,43,Basic,8.99,Monthly,7,2.8,1,2,Mobile wallet,0,0
S01339,Europe,21,Basic,8.99,Monthly,17,2.4,1,1,Card,0,0
S01340,North America,35,Standard,14.99,Annual,65,5.0,1,0,Card,1,0
S01341,Asia-Pacific,36,Premium,16.09,Monthly,2,3.3,1,0,PayPal,1,0
S01342,Asia-Pacific,31,Standard,10.49,Annual,72,4.3,4,0,PayPal,1,0
S01343,Asia-Pacific,30,Basic,6.29,Annual,33,11.4,2,1,Card,1,0
S01344,Africa,43,Standard,10.49,Monthly,10,2.8,1,3,Mobile wallet,0,1
S01345,Asia-Pacific,32,Basic,6.29,Annual,72,10.4,4,1,Card,0,0
S01346,North America,24,Standard,14.99,Monthly,8,3.3,1,1,PayPal,1,0
S01347,Africa,21,Standard,10.49,Monthly,22,3.3,1,2,PayPal,0,1
S01348,Asia-Pacific,30,Standard,10.49,Annual,10,8.1,1,1,Mobile wallet,1,0
S01349,Asia-Pacific,38,Premium,16.09,Annual,46,1.3,4,1,Card,1,0
S01350,North America,16,Basic,8.99,Monthly,9,6.0,4,2,Card,1,0
S01351,Middle East,25,Standard,14.99,Monthly,8,1.7,3,1,Mobile wallet,0,1
S01352,Latin America,37,Standard,10.49,Annual,27,12.3,1,1,Card,1,0
S01353,North America,26,Standard,14.99,Monthly,47,5.3,1,1,Bank transfer,0,0
S01354,Europe,28,Standard,14.99,Monthly,4,2.8,1,0,PayPal,0,1
S01355,Europe,39,Basic,8.99,Annual,16,3.9,4,0,Card,1,0
S01356,Asia-Pacific,23,Premium,16.09,Monthly,12,23.0,2,0,PayPal,1,0
S01357,Latin America,29,Basic,6.29,Monthly,26,6.0,1,0,Card,0,0
S01358,Europe,39,Standard,14.99,Annual,22,10.5,2,0,PayPal,1,0
S01359,Latin America,52,Premium,16.09,Monthly,31,4.5,3,2,PayPal,1,0
S01360,North America,52,Basic,8.99,Monthly,21,1.3,1,1,Card,0,0
S01361,Europe,32,Standard,14.99,Monthly,12,6.0,1,1,PayPal,0,1
S01362,Europe,32,Basic,8.99,Monthly,4,6.8,1,1,Card,1,0
S01363,Latin America,23,Standard,10.49,Monthly,13,4.6,3,1,Bank transfer,1,0
S01364,Asia-Pacific,22,Premium,16.09,Monthly,24,6.4,1,1,Card,1,0
S01365,North America,49,Basic,8.99,Monthly,19,5.5,1,0,Mobile wallet,1,0
S01366,Europe,27,Premium,22.99,Monthly,15,5.4,2,0,Card,1,0
S01367,North America,40,Basic,8.99,Annual,36,10.6,4,0,PayPal,1,0
S01368,North America,33,Basic,8.99,Monthly,28,2.0,1,0,PayPal,1,0
S01369,North America,45,Standard,14.99,Monthly,18,4.3,3,0,PayPal,1,0
S01370,North America,23,Basic,8.99,Annual,5,7.1,1,1,Bank transfer,1,0
S01371,Europe,20,Basic,8.99,Annual,13,3.8,3,1,Mobile wallet,0,0
S01372,North America,38,Standard,14.99,Monthly,20,2.7,2,2,Card,1,1
S01373,Europe,25,Premium,22.99,Monthly,28,3.9,1,0,Card,1,0
S01374,North America,24,Basic,8.99,Annual,8,12.9,1,0,Bank transfer,1,0
S01375,Europe,33,Basic,8.99,Annual,21,5.0,1,0,Card,1,0
S01376,Middle East,48,Standard,14.99,Annual,24,3.1,1,0,Card,1,0
S01377,Asia-Pacific,40,Basic,6.29,Annual,4,6.7,1,0,Card,1,0
S01378,Latin America,42,Basic,6.29,Monthly,21,3.3,3,1,Card,1,0
S01379,Europe,23,Standard,14.99,Annual,6,12.1,2,0,Card,1,0
S01380,Europe,61,Standard,14.99,Monthly,23,1.6,4,1,Mobile wallet,0,1
S01381,North America,42,Standard,14.99,Annual,4,8.7,2,0,Card,1,0
S01382,North America,36,Premium,22.99,Monthly,22,6.2,1,0,Card,1,0
S01383,Europe,16,Basic,8.99,Annual,6,4.7,3,0,Mobile wallet,1,0
S01384,Asia-Pacific,18,Basic,6.29,Annual,13,9.9,2,0,Card,1,0
S01385,Europe,28,Standard,14.99,Annual,7,5.5,3,0,Bank transfer,1,1
S01386,Middle East,37,Premium,22.99,Monthly,33,3.7,1,3,Card,0,1
S01387,Asia-Pacific,52,Premium,16.09,Annual,13,9.4,1,0,Card,1,0
S01388,Europe,38,Premium,22.99,Annual,13,2.6,1,0,Bank transfer,1,0
S01389,North America,32,Standard,14.99,Annual,13,,1,1,Card,0,0
S01390,North America,25,Premium,22.99,Annual,8,5.1,1,1,PayPal,1,0
S01391,Asia-Pacific,25,Premium,16.09,Monthly,8,2.6,2,2,PayPal,1,0
S01392,Latin America,30,Basic,6.29,Monthly,44,14.5,2,0,Card,0,0
S01393,North America,43,Standard,14.99,Annual,17,10.0,1,2,PayPal,1,0
S01394,Asia-Pacific,49,Premium,16.09,Monthly,26,4.6,2,0,Mobile wallet,1,0
S01395,North America,28,Standard,14.99,Annual,18,4.0,2,0,Card,1,0
S01396,North America,16,Standard,14.99,Annual,1,12.4,1,0,Mobile wallet,1,0
S01397,North America,16,Basic,8.99,Monthly,20,10.3,1,1,Mobile wallet,1,0
S01398,North America,17,Basic,8.99,Annual,2,5.6,1,0,Mobile wallet,1,0
S01399,Europe,21,Standard,14.99,Monthly,20,3.5,4,0,Mobile wallet,0,0
S01400,Africa,37,Basic,6.29,Monthly,24,2.3,1,0,Card,0,0
S01401,North America,30,Standard,14.99,Annual,18,13.7,1,0,Card,1,0
S01402,Europe,29,Basic,8.99,Monthly,8,5.9,1,0,Card,0,1
S01403,Asia-Pacific,42,Basic,6.29,Monthly,22,5.9,3,0,Card,1,0
S01404,Middle East,47,Basic,8.99,Monthly,35,6.5,2,0,Card,1,0
S01405,North America,31,Basic,8.99,Monthly,7,2.0,2,1,Card,1,1
S01406,Europe,38,Basic,8.99,Annual,43,,1,0,PayPal,1,0
S01407,Africa,30,Standard,10.49,Monthly,2,5.4,1,1,PayPal,1,1
S01408,Africa,39,Standard,10.49,Monthly,6,13.4,1,2,Mobile wallet,0,0
S01409,North America,40,Basic,8.99,Monthly,6,10.3,1,1,Card,0,1
S01410,Africa,16,Premium,16.09,Monthly,18,6.2,2,0,Card,0,1
S01411,Latin America,46,Standard,10.49,Monthly,14,6.8,1,0,Card,0,1
S01412,North America,54,Basic,8.99,Annual,7,7.0,1,0,Card,1,0
S01413,Latin America,56,Basic,6.29,Annual,5,2.8,4,3,Card,1,0
S01414,Latin America,24,Standard,10.49,Annual,47,4.6,2,1,Bank transfer,1,0
S01415,Latin America,16,Basic,6.29,Annual,22,5.8,1,0,PayPal,1,0
S01416,Latin America,50,Basic,6.29,Monthly,3,4.3,2,2,Mobile wallet,1,1
S01417,Europe,40,Standard,14.99,Annual,31,2.4,1,2,Card,0,0
S01418,Europe,26,Basic,8.99,Monthly,6,15.8,2,0,Card,0,0
S01419,Latin America,22,Standard,10.49,Annual,5,2.2,2,1,Card,1,1
S01420,Asia-Pacific,32,Basic,6.29,Monthly,48,1.0,3,2,Card,1,0
S01421,North America,26,Basic,8.99,Annual,15,4.9,4,1,PayPal,0,0
S01422,Asia-Pacific,35,Basic,6.29,Annual,21,5.3,1,2,Mobile wallet,1,0
S01423,Europe,24,Basic,8.99,Monthly,9,6.1,1,0,Bank transfer,0,0
S01424,North America,47,Basic,8.99,Monthly,49,3.6,1,1,Card,1,0
S01425,Middle East,41,Premium,22.99,Annual,22,6.4,2,0,Card,1,0
S01426,Asia-Pacific,40,Basic,6.29,Annual,26,,2,0,Mobile wallet,1,0
S01427,Europe,47,Standard,14.99,Monthly,13,3.2,1,2,PayPal,0,1
S01428,Asia-Pacific,50,Basic,6.29,Annual,7,3.8,1,2,PayPal,1,0
S01429,Europe,35,Standard,14.99,Annual,2,3.3,1,1,Mobile wallet,1,0
S01430,Latin America,29,Standard,10.49,Monthly,22,2.2,4,2,PayPal,0,0
S01431,Africa,31,Basic,6.29,Monthly,5,1.6,1,1,Card,0,0
S01432,North America,18,Standard,14.99,Monthly,7,4.5,1,2,Card,0,0
S01433,Asia-Pacific,32,Premium,16.09,Annual,3,4.8,3,1,Mobile wallet,1,1
S01434,Africa,26,Basic,6.29,Annual,28,11.6,2,0,Card,1,0
S01435,North America,40,Standard,14.99,Annual,6,3.2,3,0,Mobile wallet,1,0
S01436,Europe,23,Basic,8.99,Monthly,13,2.9,3,2,Card,1,0
S01437,Europe,19,Premium,22.99,Monthly,8,5.9,2,1,Card,1,1
S01438,North America,18,Basic,8.99,Monthly,3,10.1,1,0,Bank transfer,0,0
S01439,North America,16,Basic,8.99,Monthly,12,17.4,1,2,PayPal,0,1
S01440,North America,34,Standard,14.99,Monthly,20,7.8,1,1,Mobile wallet,1,0
S01441,Asia-Pacific,26,Basic,6.29,Monthly,7,,2,0,Card,1,0
S01442,Europe,38,Standard,14.99,Monthly,11,16.0,2,0,Card,0,0
S01443,North America,16,Basic,8.99,Monthly,20,5.2,3,0,Mobile wallet,1,0
S01444,North America,30,Standard,14.99,Annual,8,4.4,4,1,Card,1,0
S01445,Africa,28,Standard,10.49,Monthly,4,4.1,2,0,Card,1,0
S01446,North America,44,Standard,14.99,Monthly,35,4.8,3,0,Mobile wallet,0,0
S01447,Europe,47,Standard,14.99,Monthly,29,2.5,3,4,Card,1,1
S01448,North America,40,Premium,22.99,Annual,19,1.1,4,2,Card,1,0
S01449,Europe,35,Standard,14.99,Annual,13,15.9,2,2,Card,1,0
S01450,Africa,29,Standard,10.49,Monthly,2,4.2,2,0,Card,1,0
S01451,Europe,16,Basic,8.99,Annual,6,2.2,2,1,Mobile wallet,1,0
S01452,Asia-Pacific,25,Premium,16.09,Monthly,19,1.3,1,1,Mobile wallet,1,0
S01453,North America,54,Standard,14.99,Monthly,14,2.4,3,2,PayPal,1,0
S01454,Africa,32,Standard,10.49,Monthly,3,1.2,2,1,Bank transfer,1,1
S01455,North America,16,Basic,8.99,Annual,61,2.3,2,1,Card,1,0
S01456,Europe,28,Basic,8.99,Monthly,27,12.2,2,0,PayPal,1,0
S01457,Europe,37,Standard,14.99,Monthly,16,2.2,2,4,PayPal,0,1
S01458,Europe,44,Premium,22.99,Monthly,10,10.4,1,0,PayPal,1,1
S01459,Europe,34,Basic,8.99,Annual,29,5.8,1,0,Mobile wallet,1,0
S01460,North America,58,Basic,8.99,Annual,51,5.6,4,1,Card,1,0
S01461,Africa,40,Premium,16.09,Monthly,30,13.5,2,1,Mobile wallet,0,0
S01462,North America,60,Basic,8.99,Monthly,7,10.4,1,2,PayPal,1,0
S01463,Europe,51,Premium,22.99,Monthly,31,4.3,1,0,Card,1,0
S01464,North America,16,Standard,14.99,Annual,17,18.6,1,0,Card,1,0
S01465,Asia-Pacific,28,Premium,16.09,Monthly,25,2.2,2,0,Card,1,0
S01466,Europe,43,Standard,14.99,Monthly,6,5.2,1,1,PayPal,0,0
S01467,Asia-Pacific,48,Basic,6.29,Annual,48,8.2,3,0,PayPal,1,0
S01468,Europe,18,Basic,8.99,Monthly,14,3.3,4,0,Mobile wallet,1,0
S01469,North America,31,Standard,14.99,Monthly,22,1.3,2,2,PayPal,1,0
S01470,Africa,43,Basic,6.29,Monthly,30,5.5,3,0,PayPal,0,0
S01471,Asia-Pacific,17,Standard,10.49,Monthly,19,11.6,1,1,Bank transfer,0,0
S01472,Africa,43,Basic,6.29,Monthly,5,6.6,2,0,Card,1,0
S01473,Asia-Pacific,16,Premium,16.09,Monthly,25,2.1,1,0,Card,0,1
S01474,Europe,45,Standard,14.99,Monthly,17,3.9,2,1,Card,1,0
S01475,Asia-Pacific,47,Basic,6.29,Annual,15,7.4,1,2,Mobile wallet,1,0
S01476,Latin America,37,Basic,6.29,Monthly,11,2.6,1,0,Mobile wallet,1,0
S01477,Europe,22,Standard,14.99,Monthly,23,1.5,2,1,Card,0,1
S01478,Latin America,16,Premium,16.09,Monthly,6,11.8,1,1,Card,1,0
S01479,Europe,25,Standard,14.99,Monthly,24,5.3,1,1,Card,0,0
S01480,North America,52,Standard,14.99,Annual,37,2.8,1,1,Card,0,0
S01481,Europe,23,Premium,22.99,Monthly,3,2.8,1,3,PayPal,1,0
S01482,Europe,29,Basic,8.99,Monthly,51,4.7,1,0,Mobile wallet,1,0
S01483,Africa,25,Standard,10.49,Monthly,42,3.2,1,1,PayPal,1,0
S01484,North America,38,Standard,14.99,Monthly,11,17.9,2,2,Mobile wallet,1,0
S01485,Asia-Pacific,16,Premium,16.09,Annual,7,3.6,4,0,Card,1,0
S01486,Asia-Pacific,44,Basic,6.29,Monthly,10,6.2,1,1,Mobile wallet,0,0
S01487,Europe,60,Basic,8.99,Monthly,3,6.6,2,1,PayPal,1,0
S01488,Asia-Pacific,38,Basic,6.29,Monthly,20,0.8,2,0,Card,1,0
S01489,Europe,16,Standard,14.99,Annual,11,6.2,1,2,Card,1,0
S01490,Europe,28,Premium,22.99,Annual,28,3.3,3,0,Card,0,0
S01491,Europe,40,Basic,8.99,Monthly,11,7.5,4,1,Card,0,0
S01492,Europe,45,Standard,14.99,Monthly,18,7.4,1,0,Bank transfer,1,0
S01493,Asia-Pacific,35,Standard,10.49,Annual,16,3.0,2,3,Mobile wallet,1,0
S01494,North America,40,Standard,14.99,Monthly,41,10.1,1,0,Card,0,0
S01495,Asia-Pacific,27,Basic,6.29,Monthly,6,11.8,1,1,Mobile wallet,1,0
S01496,Asia-Pacific,30,Standard,10.49,Monthly,12,9.3,1,0,PayPal,1,0
S01497,North America,35,Standard,14.99,Monthly,14,2.0,1,2,Card,1,0
S01498,North America,18,Basic,8.99,Monthly,10,10.1,2,1,Mobile wallet,1,0
S01499,Latin America,41,Standard,10.49,Annual,9,,1,0,Mobile wallet,1,0
S01500,Europe,38,Basic,8.99,Monthly,17,7.5,1,1,PayPal,0,0
S01501,North America,32,Standard,14.99,Monthly,13,10.1,2,0,Bank transfer,0,0
S01502,Africa,22,Premium,16.09,Annual,11,2.5,2,2,PayPal,1,0
S01503,North America,30,Standard,14.99,Monthly,8,5.5,1,0,Card,1,0
S01504,Latin America,33,Standard,10.49,Monthly,37,9.3,1,1,Bank transfer,1,0
S01505,Asia-Pacific,31,Basic,6.29,Monthly,20,2.5,4,3,Card,1,1
S01506,North America,35,Basic,8.99,Monthly,6,13.3,1,0,PayPal,1,0
S01507,Europe,30,Premium,22.99,Monthly,14,5.6,3,0,PayPal,0,0
S01508,Middle East,27,Standard,14.99,Annual,17,1.8,2,1,Card,1,0
S01509,Middle East,35,Basic,8.99,Annual,13,7.1,1,1,Card,1,0
S01510,Europe,33,Standard,14.99,Annual,20,2.6,3,6,Card,1,1
S01511,Middle East,42,Premium,22.99,Annual,6,4.6,4,0,Card,1,0
S01512,Europe,29,Basic,8.99,Monthly,6,4.1,1,1,Mobile wallet,1,0
S01513,Asia-Pacific,23,Standard,10.49,Monthly,5,5.0,1,0,PayPal,0,1
S01514,North America,41,Basic,8.99,Monthly,6,14.3,3,0,Mobile wallet,1,0
S01515,North America,16,Standard,14.99,Monthly,17,4.4,2,1,Bank transfer,1,0
S01516,Asia-Pacific,41,Basic,6.29,Annual,9,11.8,3,0,PayPal,0,1
S01517,Latin America,25,Premium,16.09,Annual,4,4.9,1,1,Card,1,0
S01518,North America,37,Standard,14.99,Monthly,13,6.1,2,0,Mobile wallet,0,1
S01519,Asia-Pacific,16,Basic,6.29,Annual,14,5.1,1,1,PayPal,1,0
S01520,Asia-Pacific,39,Basic,6.29,Annual,8,11.3,2,1,Mobile wallet,1,0
S01521,Latin America,45,Premium,16.09,Annual,1,6.0,1,0,Card,0,0
S01522,Europe,36,Standard,14.99,Annual,16,1.8,3,0,Card,0,0
S01523,Latin America,27,Standard,10.49,Monthly,20,5.6,2,3,Card,0,1
S01524,Europe,31,Standard,14.99,Monthly,3,0.5,1,0,Mobile wallet,1,0
S01525,Europe,40,Standard,14.99,Monthly,35,14.6,1,0,PayPal,1,0
S01526,North America,39,Premium,22.99,Annual,35,3.2,1,0,Mobile wallet,1,0
S01527,North America,35,Basic,8.99,Monthly,10,13.4,1,0,Card,1,0
S01528,North America,26,Premium,22.99,Annual,46,3.2,2,0,PayPal,1,0
S01529,Europe,41,Basic,8.99,Annual,19,5.2,2,1,Bank transfer,1,0
S01530,Latin America,31,Standard,10.49,Annual,16,4.0,1,0,PayPal,1,0
S01531,Europe,21,Basic,8.99,Monthly,9,5.1,3,1,Card,1,1
S01532,Latin America,40,Premium,16.09,Monthly,29,1.4,4,3,PayPal,0,1
S01533,Asia-Pacific,16,Standard,10.49,Monthly,31,6.5,4,1,Card,0,0
S01534,Asia-Pacific,39,Premium,16.09,Monthly,7,0.4,1,1,PayPal,0,0
S01535,Asia-Pacific,41,Basic,6.29,Annual,26,2.7,4,1,Card,1,0
S01536,Europe,44,Basic,8.99,Annual,29,1.9,3,3,Bank transfer,1,0
S01537,North America,56,Standard,14.99,Monthly,7,,1,1,PayPal,1,1
S01538,North America,54,Standard,14.99,Annual,58,10.1,1,3,Mobile wallet,1,0
S01539,North America,32,Standard,14.99,Monthly,7,3.4,3,1,PayPal,0,0
S01540,Latin America,27,Premium,16.09,Annual,5,9.8,2,0,Card,1,0
S01541,Europe,29,Basic,8.99,Annual,19,4.6,2,2,Card,1,0
S01542,Asia-Pacific,26,Basic,6.29,Monthly,37,20.8,1,0,PayPal,1,0
S01543,North America,32,Basic,8.99,Annual,17,6.1,2,0,Card,1,0
S01544,Europe,34,Basic,8.99,Monthly,13,,2,1,Card,0,1
S01545,North America,43,Premium,22.99,Monthly,2,4.7,4,0,Mobile wallet,1,0
S01546,Europe,16,Premium,22.99,Monthly,42,2.4,3,2,Card,0,1
S01547,Europe,21,Standard,14.99,Monthly,15,4.7,1,2,PayPal,1,0
S01548,Asia-Pacific,26,Basic,6.29,Annual,19,,4,1,PayPal,1,0
S01549,Middle East,27,Basic,8.99,Annual,10,3.0,1,0,PayPal,1,0
S01550,Asia-Pacific,26,Basic,6.29,Monthly,32,8.9,1,1,Card,1,0
S01551,Middle East,52,Standard,14.99,Monthly,5,4.3,2,2,PayPal,1,0
S01552,Asia-Pacific,49,Standard,10.49,Monthly,28,1.6,1,3,Mobile wallet,0,1
S01553,North America,45,Basic,8.99,Annual,2,8.2,3,0,Card,1,0
S01554,Asia-Pacific,33,Standard,10.49,Annual,14,4.1,3,1,Card,0,0
S01555,Africa,23,Standard,10.49,Annual,16,1.3,1,3,Card,1,0
S01556,North America,46,Basic,8.99,Monthly,1,6.6,1,2,PayPal,1,1
S01557,Europe,39,Premium,22.99,Monthly,25,3.7,2,1,PayPal,1,1
S01558,Latin America,21,Basic,6.29,Monthly,23,11.3,2,0,PayPal,0,0
S01559,Africa,36,Premium,16.09,Monthly,5,2.1,1,0,PayPal,1,1
S01560,Asia-Pacific,31,Standard,10.49,Monthly,7,2.7,1,2,Card,1,1
S01561,North America,27,Standard,14.99,Monthly,8,9.0,2,0,Card,1,0
S01562,Middle East,44,Basic,8.99,Monthly,45,10.6,2,0,PayPal,1,0
S01563,Europe,38,Basic,8.99,Monthly,6,0.7,1,2,PayPal,1,0
S01564,North America,42,Basic,8.99,Annual,15,0.7,2,2,Card,1,0
S01565,Latin America,41,Standard,10.49,Monthly,3,15.7,1,1,Card,1,0
S01566,Europe,34,Basic,8.99,Annual,4,7.3,1,2,Card,1,0
S01567,North America,23,Standard,14.99,Monthly,6,11.1,2,2,Card,0,0
S01568,Europe,42,Premium,22.99,Monthly,42,6.9,1,1,PayPal,1,0
S01569,North America,44,Standard,14.99,Annual,9,0.7,2,0,Card,1,0
S01570,North America,36,Standard,14.99,Monthly,2,6.8,1,1,Bank transfer,1,1
S01571,Asia-Pacific,28,Standard,10.49,Monthly,48,7.0,4,1,Mobile wallet,0,0
S01572,Asia-Pacific,41,Standard,10.49,Annual,11,11.7,1,0,Card,1,0
S01573,Europe,32,Standard,14.99,Annual,28,6.3,2,1,Mobile wallet,1,0
S01574,Europe,26,Basic,8.99,Monthly,4,6.5,1,1,Bank transfer,0,0
S01575,Africa,38,Basic,6.29,Annual,59,7.5,1,1,Card,1,0
S01576,Europe,44,Standard,14.99,Annual,4,1.7,1,2,Card,0,1
S01577,Asia-Pacific,30,Basic,6.29,Annual,17,4.7,1,0,Card,1,1
S01578,North America,34,Standard,14.99,Annual,30,11.7,1,2,Mobile wallet,1,0
S01579,Middle East,16,Basic,8.99,Annual,14,4.2,4,0,PayPal,1,0
S01580,North America,49,Standard,14.99,Monthly,9,7.6,2,1,Card,0,0
S01581,Africa,39,Premium,16.09,Annual,19,4.9,4,1,Card,1,0
S01582,Latin America,22,Standard,10.49,Monthly,5,2.8,3,1,PayPal,0,1
S01583,Africa,40,Standard,10.49,Annual,5,4.4,1,0,Card,1,0
S01584,Asia-Pacific,41,Basic,6.29,Annual,24,9.7,2,0,PayPal,1,0
S01585,Africa,30,Premium,16.09,Monthly,2,4.1,1,3,Mobile wallet,1,0
S01586,Latin America,43,Standard,10.49,Monthly,40,10.1,2,0,Card,1,0
S01587,Africa,50,Basic,6.29,Monthly,2,7.6,1,0,Card,1,0
S01588,North America,27,Standard,14.99,Monthly,11,5.3,2,0,Mobile wallet,0,0
S01589,North America,51,Basic,8.99,Monthly,32,10.2,2,1,Card,0,0
S01590,North America,33,Basic,8.99,Monthly,4,0.2,3,0,PayPal,1,0
S01591,North America,16,Basic,8.99,Monthly,13,6.4,3,1,Card,1,0
S01592,Asia-Pacific,28,Premium,16.09,Annual,13,6.1,3,0,PayPal,1,0
S01593,Asia-Pacific,54,Basic,6.29,Annual,10,7.9,3,1,Bank transfer,1,0
S01594,Latin America,25,Basic,6.29,Monthly,26,3.4,3,0,Card,0,0
S01595,Latin America,43,Basic,6.29,Monthly,56,6.1,1,0,PayPal,0,0
S01596,North America,25,Basic,8.99,Annual,30,5.0,1,2,Mobile wallet,1,0
S01597,Africa,40,Basic,6.29,Monthly,10,2.1,1,1,Mobile wallet,0,0
S01598,Europe,38,Basic,8.99,Monthly,54,2.8,3,2,Mobile wallet,1,0
S01599,Africa,16,Standard,10.49,Monthly,8,10.2,4,0,Card,0,1
S01600,Latin America,30,Basic,6.29,Monthly,10,6.2,1,1,Card,1,0
S01601,Europe,36,Premium,22.99,Monthly,3,3.5,1,0,PayPal,1,1
S01602,Middle East,36,Basic,8.99,Monthly,3,2.8,1,1,Mobile wallet,0,0
S01603,Middle East,31,Premium,22.99,Monthly,25,3.6,2,0,Card,0,0
S01604,North America,54,Standard,14.99,Annual,21,6.8,2,1,Card,1,0
S01605,Latin America,40,Standard,10.49,Annual,19,6.2,4,0,Mobile wallet,1,0
S01606,Latin America,38,Basic,6.29,Annual,40,,1,1,Card,1,0
S01607,Europe,37,Standard,14.99,Annual,4,2.6,2,0,PayPal,1,0
S01608,Europe,31,Basic,8.99,Annual,6,2.0,1,1,Card,1,0
S01609,North America,25,Standard,14.99,Monthly,8,7.8,2,1,Card,1,0
S01610,Latin America,27,Standard,10.49,Annual,7,15.3,2,2,Card,0,0
S01611,North America,35,Basic,8.99,Monthly,21,5.8,2,0,Mobile wallet,0,0
S01612,North America,20,Basic,8.99,Monthly,9,7.3,2,1,Mobile wallet,1,1
S01613,Latin America,59,Standard,10.49,Monthly,27,7.0,3,0,PayPal,0,0
S01614,Europe,37,Basic,8.99,Annual,14,5.0,2,0,Mobile wallet,1,0
S01615,North America,32,Basic,8.99,Monthly,35,5.6,3,0,Mobile wallet,0,0
S01616,North America,40,Basic,8.99,Monthly,23,4.1,1,0,Card,1,1
S01617,Europe,42,Basic,8.99,Monthly,20,5.3,1,1,Bank transfer,0,0
S01618,Asia-Pacific,45,Standard,10.49,Monthly,12,1.3,1,3,Card,0,1
S01619,Asia-Pacific,20,Standard,10.49,Annual,32,1.7,4,3,Mobile wallet,0,0
S01620,North America,47,Basic,8.99,Monthly,11,4.4,1,1,Card,0,0
S01621,Europe,35,Standard,14.99,Monthly,28,10.6,1,0,Mobile wallet,0,0
S01622,Africa,20,Basic,6.29,Annual,20,1.9,3,1,Card,0,0
S01623,Europe,19,Basic,8.99,Monthly,32,7.7,1,0,Bank transfer,0,0
S01624,North America,53,Standard,14.99,Monthly,17,6.1,2,3,Card,1,1
S01625,Europe,40,Premium,22.99,Monthly,34,6.0,2,0,PayPal,0,0
S01626,Asia-Pacific,36,Basic,6.29,Monthly,49,5.8,1,0,Card,1,0
S01627,Africa,58,Standard,10.49,Monthly,2,2.8,1,2,Card,1,1
S01628,Africa,53,Basic,6.29,Monthly,17,,1,0,PayPal,1,0
S01629,Asia-Pacific,18,Basic,6.29,Annual,11,,4,1,PayPal,1,0
S01630,Europe,51,Standard,14.99,Annual,22,2.2,1,2,Card,1,0
S01631,Europe,26,Premium,22.99,Monthly,10,10.9,4,1,Mobile wallet,1,0
S01632,Asia-Pacific,46,Standard,10.49,Monthly,25,11.8,1,1,Card,1,0
S01633,Asia-Pacific,36,Standard,10.49,Annual,39,4.8,4,1,PayPal,1,0
S01634,Asia-Pacific,55,Basic,6.29,Monthly,19,6.8,1,0,Bank transfer,1,0
S01635,Middle East,31,Standard,14.99,Monthly,45,19.0,2,0,Card,0,0
S01636,Europe,36,Standard,14.99,Annual,37,2.8,2,0,Card,1,0
S01637,Europe,24,Standard,14.99,Monthly,14,3.1,2,2,PayPal,0,0
S01638,Latin America,47,Basic,6.29,Monthly,8,,2,0,Card,0,0
S01639,North America,40,Standard,14.99,Monthly,10,3.5,4,0,Card,0,0
S01640,Africa,27,Basic,6.29,Monthly,12,6.1,3,0,Card,1,0
S01641,Europe,41,Premium,22.99,Annual,9,2.0,1,0,PayPal,0,1
S01642,Asia-Pacific,29,Basic,6.29,Annual,1,3.1,3,1,Card,1,0
S01643,Latin America,34,Premium,16.09,Monthly,8,3.4,3,0,Card,1,0
S01644,Africa,26,Premium,16.09,Monthly,33,1.5,4,1,Card,1,1
S01645,Asia-Pacific,37,Standard,10.49,Monthly,8,1.8,2,4,Card,1,1
S01646,Europe,65,Basic,8.99,Monthly,1,8.5,2,0,Card,0,0
S01647,Europe,45,Standard,14.99,Annual,23,8.9,2,0,Bank transfer,0,0
S01648,Europe,19,Premium,22.99,Monthly,6,3.0,2,3,Card,1,0
S01649,North America,45,Basic,8.99,Annual,26,,4,0,Card,1,0
S01650,Asia-Pacific,30,Standard,10.49,Monthly,17,,1,1,Mobile wallet,0,0
S01651,Europe,16,Basic,8.99,Monthly,9,5.5,2,0,Card,1,0
S01652,Asia-Pacific,48,Basic,6.29,Monthly,64,5.9,1,1,Card,0,0
S01653,North America,30,Basic,8.99,Monthly,10,7.7,1,0,PayPal,1,0
S01654,Asia-Pacific,29,Premium,16.09,Monthly,9,3.3,2,1,Mobile wallet,0,1
S01655,Asia-Pacific,50,Basic,6.29,Monthly,9,10.7,3,1,Card,0,0
S01656,Asia-Pacific,16,Standard,10.49,Annual,8,10.7,1,0,Card,1,0
S01657,Africa,40,Basic,6.29,Monthly,28,3.8,3,0,PayPal,1,0
S01658,Europe,20,Standard,14.99,Monthly,6,7.1,3,2,Bank transfer,1,1
S01659,North America,49,Standard,14.99,Monthly,10,12.6,1,0,PayPal,1,0
S01660,North America,38,Basic,8.99,Monthly,7,6.4,1,1,Card,0,1
S01661,North America,25,Basic,8.99,Monthly,7,5.1,1,0,Card,1,0
S01662,North America,30,Premium,22.99,Monthly,1,1.8,3,0,Card,0,1
S01663,Latin America,16,Basic,6.29,Monthly,24,3.2,4,0,Card,0,0
S01664,Asia-Pacific,26,Standard,10.49,Annual,1,7.0,1,2,Card,1,0
S01665,Asia-Pacific,16,Basic,6.29,Monthly,12,11.2,1,0,Card,1,0
S01666,Africa,37,Standard,10.49,Monthly,3,6.4,4,1,Card,1,0
S01667,Africa,38,Basic,6.29,Monthly,22,11.5,4,2,PayPal,1,0
S01668,Latin America,31,Standard,10.49,Monthly,13,11.4,4,2,Card,1,0
S01669,North America,48,Standard,14.99,Monthly,26,8.4,1,0,Mobile wallet,1,0
S01670,Middle East,26,Standard,14.99,Annual,13,5.6,3,2,Card,1,0
S01671,Europe,16,Standard,14.99,Annual,31,2.2,4,1,PayPal,1,0
S01672,Europe,31,Standard,14.99,Monthly,8,10.1,3,0,PayPal,1,0
S01673,Latin America,16,Standard,10.49,Monthly,15,3.3,1,1,Mobile wallet,0,0
S01674,Asia-Pacific,33,Standard,10.49,Annual,15,5.9,1,1,Mobile wallet,1,0
S01675,Middle East,29,Standard,14.99,Monthly,12,5.6,1,0,Mobile wallet,0,0
S01676,Africa,34,Premium,16.09,Monthly,8,4.2,1,1,PayPal,1,0
S01677,Middle East,16,Basic,8.99,Annual,9,10.4,1,0,Card,1,0
S01678,Europe,38,Standard,14.99,Monthly,42,8.9,2,0,Card,1,1
S01679,Europe,41,Standard,14.99,Monthly,3,6.7,2,0,Bank transfer,1,0
S01680,Asia-Pacific,45,Premium,16.09,Monthly,5,5.3,2,0,PayPal,1,0
S01681,Asia-Pacific,62,Premium,16.09,Monthly,3,4.3,3,1,Card,1,0
S01682,North America,26,Standard,14.99,Monthly,27,3.7,2,0,Bank transfer,1,0
S01683,Asia-Pacific,56,Basic,6.29,Monthly,16,5.3,1,2,Mobile wallet,0,0
S01684,North America,39,Basic,8.99,Annual,41,6.5,2,1,Card,1,0
S01685,North America,44,Basic,8.99,Annual,63,10.7,4,1,Card,1,0
S01686,Asia-Pacific,35,Premium,16.09,Monthly,67,4.1,2,0,PayPal,1,0
S01687,Asia-Pacific,16,Standard,10.49,Monthly,16,8.2,1,2,Card,1,1
S01688,North America,46,Basic,8.99,Monthly,72,7.1,2,0,Card,0,0
S01689,Europe,53,Premium,22.99,Monthly,7,2.0,1,1,Card,0,1
S01690,North America,26,Standard,14.99,Monthly,7,7.8,1,2,Card,1,1
S01691,Middle East,23,Standard,14.99,Annual,40,7.2,1,0,PayPal,1,0
S01692,Africa,39,Basic,6.29,Monthly,7,1.5,1,0,Bank transfer,0,1
S01693,North America,16,Basic,8.99,Monthly,23,2.2,1,2,Card,1,0
S01694,North America,30,Standard,14.99,Monthly,14,9.1,2,0,PayPal,0,0
S01695,Latin America,43,Premium,16.09,Monthly,8,14.6,2,1,PayPal,0,1
S01696,Asia-Pacific,47,Standard,10.49,Monthly,27,3.4,1,0,Mobile wallet,1,1
S01697,North America,32,Basic,8.99,Monthly,9,14.3,3,2,Mobile wallet,1,0
S01698,Latin America,42,Basic,6.29,Monthly,35,3.5,1,2,Card,1,0
S01699,Europe,44,Basic,8.99,Monthly,22,5.4,2,1,Card,0,0
S01700,North America,16,Standard,14.99,Monthly,14,9.5,4,1,Mobile wallet,1,0
S01701,Asia-Pacific,28,Premium,16.09,Monthly,12,4.1,1,1,Card,0,1
S01702,Asia-Pacific,46,Standard,10.49,Monthly,32,8.2,3,0,Card,0,0
S01703,Middle East,34,Basic,8.99,Monthly,6,3.3,3,2,Bank transfer,1,0
S01704,North America,42,Basic,8.99,Monthly,10,5.1,1,0,Card,1,1
S01705,Africa,32,Standard,10.49,Annual,14,5.5,2,1,Mobile wallet,1,0
S01706,North America,27,Basic,8.99,Annual,15,2.4,2,2,Card,1,0
S01707,North America,40,Standard,14.99,Monthly,33,2.5,1,1,Card,0,0
S01708,Europe,24,Basic,8.99,Monthly,3,8.5,1,2,Card,1,0
S01709,Asia-Pacific,31,Standard,10.49,Annual,11,8.9,4,2,Card,0,0
S01710,Asia-Pacific,25,Basic,6.29,Annual,21,4.7,3,1,Card,1,0
S01711,Asia-Pacific,40,Basic,6.29,Monthly,21,0.5,2,0,Card,1,0
S01712,North America,35,Basic,8.99,Annual,6,11.8,3,0,Card,1,0
S01713,North America,59,Standard,14.99,Annual,5,10.3,1,0,Mobile wallet,1,0
S01714,North America,32,Standard,14.99,Monthly,72,2.4,2,0,PayPal,1,0
S01715,Europe,32,Standard,14.99,Annual,36,2.3,2,1,Mobile wallet,0,0
S01716,Europe,53,Premium,22.99,Monthly,5,3.6,1,1,Card,1,1
S01717,Europe,33,Premium,22.99,Monthly,18,1.1,1,0,Card,1,1
S01718,North America,33,Standard,14.99,Annual,22,2.1,2,0,Bank transfer,1,0
S01719,Africa,27,Basic,6.29,Annual,10,5.6,1,0,Card,1,0
S01720,Europe,60,Basic,8.99,Monthly,41,0.6,2,0,Mobile wallet,0,0
S01721,Europe,19,Basic,8.99,Monthly,30,0.7,4,1,PayPal,0,0
S01722,Europe,40,Basic,8.99,Monthly,16,3.8,1,1,Mobile wallet,1,0
S01723,North America,45,Standard,14.99,Monthly,9,12.2,2,1,PayPal,0,1
S01724,Europe,16,Standard,14.99,Monthly,9,2.1,1,1,Card,0,1
S01725,Asia-Pacific,31,Premium,16.09,Monthly,3,6.0,2,1,Card,1,0
S01726,Europe,16,Standard,14.99,Monthly,12,4.9,1,0,Card,0,0
S01727,Europe,59,Standard,14.99,Annual,11,5.2,2,1,PayPal,1,0
S01728,Europe,35,Basic,8.99,Monthly,25,5.1,1,1,Bank transfer,0,1
S01729,North America,26,Premium,22.99,Annual,10,7.2,1,2,Card,1,1
S01730,Europe,37,Basic,8.99,Monthly,2,0.5,1,1,Mobile wallet,1,1
S01731,Latin America,49,Basic,6.29,Annual,5,14.2,1,5,Card,1,1
S01732,Asia-Pacific,27,Standard,10.49,Annual,31,2.9,1,2,Card,1,0
S01733,Asia-Pacific,45,Standard,10.49,Monthly,35,5.4,2,0,Card,1,0
S01734,North America,16,Standard,14.99,Monthly,22,5.6,3,0,Card,0,0
S01735,Africa,38,Premium,16.09,Monthly,30,6.6,3,1,Card,0,0
S01736,Europe,47,Basic,8.99,Monthly,17,9.6,3,0,Mobile wallet,1,0
S01737,Middle East,32,Basic,8.99,Annual,14,4.4,3,0,Card,1,0
S01738,Asia-Pacific,36,Basic,6.29,Monthly,5,3.1,1,2,PayPal,1,1
S01739,Latin America,33,Basic,6.29,Monthly,20,1.4,3,2,PayPal,0,0
S01740,Europe,18,Standard,14.99,Annual,5,1.7,3,2,Card,1,0
S01741,Africa,16,Basic,6.29,Monthly,2,2.5,1,4,Card,1,1
S01742,Latin America,30,Standard,10.49,Monthly,16,4.8,2,0,PayPal,0,0
S01743,North America,37,Basic,8.99,Annual,14,10.4,1,0,Card,1,0
S01744,Africa,31,Basic,6.29,Monthly,47,10.6,1,1,Card,0,0
S01745,Europe,37,Premium,22.99,Monthly,4,21.8,1,3,Card,1,0
S01746,North America,39,Premium,22.99,Monthly,24,2.1,3,0,PayPal,1,0
S01747,Latin America,38,Standard,10.49,Monthly,34,6.5,1,1,Card,1,0
S01748,Asia-Pacific,37,Premium,16.09,Monthly,4,6.3,1,2,PayPal,1,1
S01749,Europe,16,Basic,8.99,Annual,31,6.7,1,0,Card,0,0
S01750,Europe,21,Standard,14.99,Monthly,3,2.0,3,2,Mobile wallet,1,0
S01751,Asia-Pacific,51,Basic,6.29,Monthly,42,4.6,4,0,Bank transfer,0,0
S01752,Asia-Pacific,42,Basic,6.29,Monthly,23,3.8,1,2,Card,0,0
S01753,Europe,31,Standard,14.99,Annual,18,7.8,2,2,Card,1,0
S01754,Africa,38,Standard,10.49,Monthly,18,2.0,2,2,PayPal,0,0
S01755,Europe,40,Standard,14.99,Annual,16,2.5,2,0,Mobile wallet,1,0
S01756,North America,41,Premium,22.99,Monthly,15,12.6,4,1,Bank transfer,0,0
S01757,Latin America,21,Premium,16.09,Annual,4,,1,1,Mobile wallet,1,0
S01758,North America,16,Basic,8.99,Monthly,11,6.1,2,1,PayPal,1,1
S01759,Asia-Pacific,24,Basic,6.29,Monthly,4,9.5,2,0,Bank transfer,1,0
S01760,North America,38,Standard,14.99,Monthly,4,1.4,3,1,Mobile wallet,0,0
S01761,Asia-Pacific,40,Basic,6.29,Monthly,15,11.8,2,1,Card,0,0
S01762,North America,51,Standard,14.99,Annual,35,5.4,3,0,Mobile wallet,1,0
S01763,Africa,51,Standard,10.49,Monthly,13,9.5,1,0,Mobile wallet,0,0
S01764,Asia-Pacific,47,Standard,10.49,Annual,23,8.4,2,1,Card,1,0
S01765,North America,41,Basic,8.99,Monthly,14,13.2,1,0,Card,1,0
S01766,North America,16,Basic,8.99,Monthly,7,1.2,3,2,Mobile wallet,0,0
S01767,Asia-Pacific,26,Standard,10.49,Monthly,12,8.3,2,0,Card,0,0
S01768,Europe,28,Premium,22.99,Annual,12,5.3,1,0,Card,1,0
S01769,North America,41,Standard,14.99,Annual,10,0.2,3,1,Card,1,1
S01770,North America,32,Basic,8.99,Monthly,1,3.1,1,3,Card,1,0
S01771,North America,63,Basic,8.99,Annual,21,7.5,2,0,Card,1,0
S01772,Europe,53,Standard,14.99,Monthly,17,2.5,1,2,Card,0,1
S01773,Asia-Pacific,49,Basic,6.29,Annual,17,4.7,4,1,PayPal,1,0
S01774,Europe,27,Basic,8.99,Monthly,8,12.4,1,0,Card,0,0
S01775,North America,33,Standard,14.99,Monthly,28,4.8,1,1,Card,1,0
S01776,Europe,16,Premium,22.99,Monthly,14,5.6,1,1,Card,1,0
S01777,North America,16,Basic,8.99,Monthly,15,8.0,2,0,Mobile wallet,0,0
S01778,Africa,30,Standard,10.49,Monthly,13,9.1,3,1,Mobile wallet,0,0
S01779,Asia-Pacific,56,Basic,6.29,Monthly,35,8.6,2,0,Mobile wallet,1,0
S01780,North America,41,Standard,14.99,Monthly,21,5.4,3,1,Card,1,0
S01781,Latin America,57,Standard,10.49,Annual,35,1.0,3,0,Card,0,0
S01782,North America,41,Basic,8.99,Annual,36,1.9,4,0,PayPal,1,0
S01783,Europe,31,Basic,8.99,Annual,6,7.5,3,1,Mobile wallet,1,0
S01784,North America,44,Premium,22.99,Annual,6,5.8,3,1,Card,1,0
S01785,Latin America,34,Premium,16.09,Monthly,5,3.2,1,1,Card,1,1
S01786,Latin America,21,Basic,6.29,Monthly,30,7.4,3,0,PayPal,0,0
S01787,Europe,28,Standard,14.99,Annual,1,1.0,2,2,PayPal,1,0
S01788,North America,52,Basic,8.99,Annual,35,3.8,3,0,Card,1,0
S01789,Asia-Pacific,44,Premium,16.09,Monthly,8,3.7,1,1,Card,0,0
S01790,Asia-Pacific,25,Basic,6.29,Monthly,21,18.7,2,0,Card,1,1
S01791,Africa,40,Standard,10.49,Monthly,70,1.1,2,3,PayPal,0,0
S01792,Europe,46,Premium,22.99,Monthly,7,7.8,3,0,Card,1,1
S01793,Asia-Pacific,29,Premium,16.09,Monthly,5,2.2,1,2,Card,1,0
S01794,Africa,22,Basic,6.29,Annual,30,8.5,3,0,Card,1,0
S01795,North America,44,Standard,14.99,Annual,39,8.2,2,0,PayPal,0,0
S01796,Latin America,55,Basic,6.29,Annual,57,1.8,1,3,Mobile wallet,1,0
S01797,Europe,25,Basic,8.99,Monthly,3,9.1,4,0,Mobile wallet,0,0
S01798,Latin America,33,Basic,6.29,Monthly,4,13.9,2,1,Card,0,1
S01799,Latin America,19,Standard,10.49,Annual,2,,4,1,PayPal,0,0
S01800,Europe,49,Standard,14.99,Monthly,4,13.0,3,1,PayPal,0,0
S01801,Asia-Pacific,25,Basic,6.29,Annual,14,,1,0,Bank transfer,1,0
S01802,North America,34,Basic,8.99,Monthly,7,9.6,2,1,PayPal,1,0
S01803,Europe,50,Standard,14.99,Monthly,41,8.6,1,1,Mobile wallet,1,0
S01804,North America,30,Standard,14.99,Monthly,1,3.6,3,0,Card,0,1
S01805,Europe,22,Standard,14.99,Monthly,3,2.3,2,0,Bank transfer,1,0
S01806,Africa,16,Basic,6.29,Annual,11,6.3,2,0,Bank transfer,1,0
S01807,Latin America,39,Basic,6.29,Annual,3,13.6,3,2,PayPal,1,0
S01808,Europe,26,Basic,8.99,Annual,64,18.1,3,0,Mobile wallet,1,0
S01809,Europe,37,Premium,22.99,Monthly,44,1.7,1,2,Card,0,1
S01810,Asia-Pacific,32,Standard,10.49,Annual,22,8.5,1,0,Card,0,0
S01811,Middle East,54,Basic,8.99,Monthly,7,10.2,3,0,Card,0,0
S01812,Middle East,44,Basic,8.99,Monthly,3,0.5,4,1,Bank transfer,0,1
S01813,Europe,40,Standard,14.99,Annual,7,3.7,3,1,Card,1,0
S01814,Latin America,50,Basic,6.29,Monthly,11,3.1,2,2,PayPal,0,0
S01815,Europe,16,Basic,8.99,Monthly,18,3.3,4,0,PayPal,0,0
S01816,Europe,29,Basic,8.99,Annual,2,7.7,3,1,Card,0,0
S01817,North America,37,Basic,8.99,Monthly,28,3.3,1,1,Bank transfer,1,0
S01818,Europe,48,Basic,8.99,Monthly,13,3.4,2,0,PayPal,0,1
S01819,North America,45,Basic,8.99,Monthly,20,6.7,1,0,PayPal,0,0
S01820,Asia-Pacific,37,Standard,10.49,Monthly,25,1.3,3,3,Card,0,0
S01821,Europe,37,Premium,22.99,Monthly,3,8.9,2,1,PayPal,1,0
S01822,Europe,57,Basic,8.99,Monthly,46,1.6,1,2,Card,1,0
S01823,Europe,33,Basic,8.99,Annual,15,8.9,1,1,Card,0,0
S01824,North America,50,Premium,22.99,Monthly,29,5.9,2,0,Mobile wallet,1,0
S01825,Europe,52,Basic,8.99,Monthly,29,4.1,3,2,Card,0,0
S01826,Latin America,40,Standard,10.49,Monthly,15,,2,1,Card,1,0
S01827,Latin America,22,Basic,6.29,Monthly,39,16.9,1,1,Card,0,0
S01828,Africa,32,Standard,10.49,Monthly,13,2.4,3,1,Mobile wallet,0,0
S01829,Latin America,60,Premium,16.09,Annual,7,0.8,3,2,Card,1,0
S01830,Latin America,45,Basic,6.29,Annual,52,2.5,2,2,PayPal,1,0
S01831,North America,43,Standard,14.99,Monthly,28,5.1,1,0,Card,1,0
S01832,Asia-Pacific,22,Premium,16.09,Monthly,18,7.8,3,0,PayPal,1,0
S01833,Latin America,18,Standard,10.49,Annual,21,6.2,1,2,Card,1,0
S01834,North America,24,Standard,14.99,Monthly,14,4.7,3,1,Card,1,0
S01835,North America,49,Standard,14.99,Monthly,3,3.1,1,0,Card,1,0
S01836,Latin America,39,Standard,10.49,Monthly,15,8.0,2,0,Card,1,0
S01837,North America,52,Standard,14.99,Monthly,41,16.2,3,1,PayPal,0,0
S01838,North America,35,Basic,8.99,Monthly,16,2.3,4,3,Mobile wallet,1,0
S01839,Europe,43,Premium,22.99,Monthly,4,5.3,1,2,PayPal,0,0
S01840,Europe,45,Standard,14.99,Monthly,3,3.0,2,1,Card,1,0
S01841,Latin America,39,Basic,6.29,Annual,15,0.8,1,0,Bank transfer,0,0
S01842,Latin America,16,Basic,6.29,Monthly,15,11.3,1,1,Card,0,0
S01843,Europe,47,Standard,14.99,Monthly,31,6.9,2,0,Card,0,0
S01844,Asia-Pacific,36,Basic,6.29,Annual,3,4.0,2,0,Card,1,0
S01845,Middle East,28,Premium,22.99,Annual,18,10.7,3,3,PayPal,1,0
S01846,Latin America,17,Premium,16.09,Monthly,18,1.1,1,1,Card,1,1
S01847,Latin America,29,Basic,6.29,Monthly,2,8.4,2,2,Mobile wallet,0,1
S01848,Europe,31,Basic,8.99,Monthly,32,16.2,2,0,Card,0,0
S01849,Africa,38,Standard,10.49,Monthly,20,16.7,1,0,Card,0,0
S01850,Asia-Pacific,24,Premium,16.09,Monthly,35,2.6,1,1,PayPal,1,0
S01851,Middle East,36,Basic,8.99,Monthly,20,3.0,3,1,Card,1,0
S01852,Asia-Pacific,47,Basic,6.29,Annual,27,15.2,1,0,Card,1,0
S01853,Europe,43,Basic,8.99,Monthly,54,10.6,2,0,Card,0,0
S01854,Europe,53,Standard,14.99,Monthly,16,0.7,2,0,Bank transfer,1,0
S01855,North America,42,Standard,14.99,Monthly,42,9.9,1,0,Card,1,0
S01856,North America,42,Standard,14.99,Annual,56,8.0,1,1,Bank transfer,1,0
S01857,North America,48,Basic,8.99,Monthly,17,6.9,1,0,Mobile wallet,0,0
S01858,Europe,28,Standard,14.99,Monthly,21,4.2,1,3,PayPal,0,1
S01859,Europe,18,Basic,8.99,Annual,18,3.7,3,0,Card,1,0
S01860,North America,43,Standard,14.99,Monthly,16,6.0,2,1,Card,0,0
S01861,North America,17,Premium,22.99,Monthly,25,4.9,1,2,Card,0,0
S01862,Europe,54,Standard,14.99,Annual,14,7.1,1,1,Card,1,0
S01863,North America,36,Premium,22.99,Monthly,12,4.0,3,0,PayPal,0,1
S01864,North America,40,Standard,14.99,Annual,9,2.3,1,0,Card,1,0
S01865,North America,40,Basic,8.99,Monthly,28,17.5,1,1,Card,1,0
S01866,Africa,29,Standard,10.49,Annual,12,2.8,2,0,Card,1,0
S01867,Asia-Pacific,28,Basic,6.29,Annual,15,3.1,3,3,Mobile wallet,1,0
S01868,North America,20,Standard,14.99,Monthly,10,6.6,2,0,Mobile wallet,0,0
S01869,Asia-Pacific,44,Basic,6.29,Annual,44,3.7,1,0,Mobile wallet,1,0
S01870,North America,33,Standard,14.99,Monthly,11,5.2,1,1,Mobile wallet,1,1
S01871,Middle East,19,Basic,8.99,Monthly,24,5.1,1,0,PayPal,0,0
S01872,North America,22,Premium,22.99,Annual,7,4.6,1,1,Card,1,0
S01873,Europe,39,Premium,22.99,Monthly,10,13.0,4,1,Card,0,0
S01874,North America,68,Basic,8.99,Monthly,10,10.7,3,1,PayPal,1,0
S01875,Asia-Pacific,50,Basic,6.29,Monthly,28,9.8,1,0,Card,1,0
S01876,Asia-Pacific,46,Standard,10.49,Annual,50,1.4,4,1,PayPal,1,0
S01877,Europe,43,Standard,14.99,Monthly,1,6.7,1,2,Card,1,0
S01878,North America,32,Standard,14.99,Annual,17,8.6,2,2,Bank transfer,1,0
S01879,Europe,32,Basic,8.99,Annual,28,5.3,1,0,Card,1,0
S01880,North America,24,Premium,22.99,Monthly,7,8.7,1,1,Card,0,0
S01881,North America,57,Standard,14.99,Annual,13,1.0,2,0,Card,1,0
S01882,North America,36,Premium,22.99,Annual,14,5.8,1,2,Card,1,0
S01883,Europe,45,Standard,14.99,Annual,20,5.1,2,1,Bank transfer,1,0
S01884,Europe,38,Premium,22.99,Monthly,71,6.0,4,1,Mobile wallet,0,0
S01885,Middle East,34,Standard,14.99,Monthly,14,7.6,1,1,Mobile wallet,1,0
S01886,Africa,44,Standard,10.49,Annual,23,8.6,1,0,Card,0,0
S01887,Asia-Pacific,43,Basic,6.29,Monthly,5,6.2,1,3,Card,1,0
S01888,Africa,30,Standard,10.49,Monthly,31,6.6,3,0,Mobile wallet,1,0
S01889,North America,50,Standard,14.99,Monthly,18,5.4,1,0,PayPal,1,0
S01890,North America,38,Basic,8.99,Annual,21,6.0,4,1,Card,1,0
S01891,Europe,38,Basic,8.99,Annual,3,16.3,1,1,Card,0,0
S01892,Asia-Pacific,33,Basic,6.29,Annual,3,7.2,1,1,Mobile wallet,1,0
S01893,Latin America,16,Premium,16.09,Monthly,11,4.1,4,2,PayPal,0,1
S01894,Middle East,48,Premium,22.99,Monthly,9,5.7,2,1,Card,1,1
S01895,North America,16,Basic,8.99,Annual,22,2.5,3,1,Card,1,0
S01896,Europe,37,Standard,14.99,Monthly,18,3.0,1,0,Card,1,1
S01897,Latin America,22,Premium,16.09,Annual,10,7.6,1,1,Card,1,0
S01898,Asia-Pacific,32,Basic,6.29,Monthly,3,5.8,2,0,Card,1,0
S01899,Asia-Pacific,17,Standard,10.49,Annual,11,14.3,2,1,Mobile wallet,1,0
S01900,Europe,36,Standard,14.99,Monthly,22,4.2,3,0,Bank transfer,1,0
S01901,Middle East,39,Premium,22.99,Monthly,42,3.1,1,1,Mobile wallet,1,0
S01902,Europe,43,Basic,8.99,Monthly,2,6.3,3,0,Bank transfer,0,1
S01903,Europe,16,Basic,8.99,Monthly,30,4.4,1,0,Mobile wallet,1,0
S01904,North America,49,Basic,8.99,Monthly,12,2.3,2,1,Card,0,0
S01905,Europe,43,Premium,22.99,Monthly,15,0.9,2,3,Card,0,1
S01906,North America,30,Basic,8.99,Annual,11,2.8,1,0,Card,1,0
S01907,Asia-Pacific,46,Premium,16.09,Annual,18,8.4,1,3,Card,1,0
S01908,North America,32,Basic,8.99,Monthly,31,5.2,2,1,Mobile wallet,1,0
S01909,Europe,37,Basic,8.99,Annual,34,9.7,1,1,Card,1,0
S01910,Latin America,16,Basic,6.29,Annual,7,8.7,1,3,Mobile wallet,0,0
S01911,Asia-Pacific,25,Standard,10.49,Monthly,2,3.6,3,1,Card,1,1
S01912,Latin America,52,Standard,10.49,Annual,26,5.6,1,0,PayPal,1,0
S01913,North America,39,Premium,22.99,Annual,2,2.5,4,1,Card,1,0
S01914,Asia-Pacific,45,Basic,6.29,Annual,18,3.8,4,2,Card,0,0
S01915,Asia-Pacific,24,Premium,16.09,Monthly,14,2.8,1,2,Mobile wallet,1,0
S01916,Europe,45,Basic,8.99,Monthly,26,9.0,1,0,Card,0,1
S01917,Middle East,29,Basic,8.99,Annual,7,6.3,1,0,Mobile wallet,1,0
S01918,Europe,20,Premium,22.99,Monthly,8,10.9,1,1,Card,1,0
S01919,Latin America,16,Basic,6.29,Monthly,4,5.4,1,0,Card,0,0
S01920,Europe,36,Basic,8.99,Monthly,15,5.2,3,2,Card,1,0
S01921,Europe,52,Standard,14.99,Monthly,17,6.0,1,3,Mobile wallet,0,1
S01922,Europe,21,Basic,8.99,Monthly,4,7.0,3,2,Card,0,0
S01923,North America,32,Premium,22.99,Monthly,15,3.3,1,0,Mobile wallet,1,0
S01924,Latin America,52,Basic,6.29,Annual,1,2.2,2,0,Card,1,0
S01925,North America,32,Standard,14.99,Monthly,6,7.7,1,0,Card,0,0
S01926,Asia-Pacific,47,Premium,16.09,Annual,9,6.8,3,1,Card,1,0
S01927,Asia-Pacific,25,Basic,6.29,Monthly,17,4.1,1,1,Card,1,0
S01928,Asia-Pacific,22,Basic,6.29,Monthly,31,1.0,1,1,Bank transfer,0,0
S01929,Asia-Pacific,28,Standard,10.49,Monthly,46,1.0,1,1,Card,0,1
S01930,North America,43,Basic,8.99,Monthly,8,6.6,3,0,Bank transfer,1,0
S01931,Europe,36,Standard,14.99,Annual,10,3.5,2,1,Card,1,0
S01932,Latin America,16,Basic,6.29,Annual,1,2.3,1,1,PayPal,1,0
S01933,Europe,26,Basic,8.99,Annual,20,1.4,2,0,PayPal,1,0
S01934,Europe,43,Standard,14.99,Monthly,28,2.0,4,4,Bank transfer,1,1
S01935,Europe,34,Premium,22.99,Annual,16,7.2,1,1,PayPal,1,0
S01936,Africa,35,Standard,10.49,Monthly,29,13.5,4,2,Card,1,0
S01937,North America,36,Basic,8.99,Monthly,25,1.8,2,2,PayPal,1,0
S01938,Asia-Pacific,44,Standard,10.49,Monthly,1,3.3,2,1,Card,0,1
S01939,North America,16,Basic,8.99,Annual,11,7.8,1,1,Bank transfer,0,0
S01940,Europe,25,Basic,8.99,Annual,25,1.1,1,1,Card,0,1
S01941,Europe,41,Basic,8.99,Monthly,15,5.0,3,0,Mobile wallet,1,1
S01942,North America,16,Standard,14.99,Monthly,1,2.1,3,1,Card,0,1
S01943,Europe,33,Basic,8.99,Monthly,9,5.4,2,0,Card,0,0
S01944,North America,47,Basic,8.99,Annual,12,,1,2,PayPal,1,1
S01945,North America,28,Standard,14.99,Annual,12,7.3,1,0,Card,1,0
S01946,Europe,32,Standard,14.99,Monthly,15,1.8,1,2,Card,1,0
S01947,North America,32,Basic,8.99,Monthly,13,20.2,3,2,Bank transfer,0,0
S01948,Asia-Pacific,22,Basic,6.29,Annual,4,4.8,2,0,Card,1,0
S01949,Europe,50,Premium,22.99,Monthly,19,7.2,3,3,Bank transfer,1,0
S01950,Europe,34,Basic,8.99,Monthly,23,4.4,2,1,Mobile wallet,1,0
S01951,Latin America,48,Basic,6.29,Monthly,8,8.8,2,1,Card,0,1
S01952,North America,28,Standard,14.99,Monthly,12,5.0,3,0,Card,0,0
S01953,Asia-Pacific,41,Premium,16.09,Monthly,10,5.3,2,2,PayPal,0,0
S01954,Europe,43,Premium,22.99,Monthly,7,3.9,1,1,Bank transfer,0,1
S01955,North America,33,Standard,14.99,Annual,24,4.1,1,2,Card,1,0
S01956,North America,45,Premium,22.99,Monthly,18,3.9,1,1,Card,0,0
S01957,North America,42,Premium,22.99,Monthly,5,2.5,2,2,Card,1,0
S01958,Asia-Pacific,16,Basic,6.29,Monthly,1,3.8,3,1,Card,1,0
S01959,North America,16,Standard,14.99,Annual,18,4.2,2,0,Card,1,0
S01960,North America,42,Premium,22.99,Monthly,10,3.7,2,2,Card,0,1
S01961,Asia-Pacific,41,Premium,16.09,Monthly,7,9.5,1,3,Mobile wallet,0,0
S01962,Europe,40,Standard,14.99,Monthly,34,6.5,4,0,Mobile wallet,0,0
S01963,Europe,16,Standard,14.99,Monthly,25,10.9,1,1,Mobile wallet,1,0
S01964,Europe,16,Premium,22.99,Annual,34,2.6,1,1,Card,1,0
S01965,North America,36,Basic,8.99,Monthly,32,5.6,1,0,Mobile wallet,0,1
S01966,North America,30,Standard,14.99,Annual,21,5.5,3,0,Card,1,0
S01967,Europe,36,Premium,22.99,Annual,33,3.6,3,1,Bank transfer,1,0
S01968,Africa,55,Premium,16.09,Annual,4,4.0,3,0,Card,1,0
S01969,Europe,36,Standard,14.99,Annual,31,7.6,1,2,Mobile wallet,1,0
S01970,North America,31,Basic,8.99,Annual,16,1.9,1,2,PayPal,1,0
S01971,Europe,39,Standard,14.99,Monthly,7,28.6,1,0,Card,0,0
S01972,North America,35,Standard,14.99,Monthly,1,2.9,1,2,Card,1,1
S01973,North America,30,Basic,8.99,Monthly,13,3.9,3,0,PayPal,0,1
S01974,North America,39,Premium,22.99,Monthly,7,5.3,3,2,Card,1,0
S01975,Europe,20,Standard,14.99,Monthly,5,1.1,1,1,Card,0,1
S01976,Latin America,48,Basic,6.29,Annual,39,4.6,4,1,Card,1,0
S01977,Asia-Pacific,22,Standard,10.49,Monthly,56,1.8,2,0,Card,1,0
S01978,Europe,28,Basic,8.99,Monthly,7,1.9,4,2,Card,1,0
S01979,Asia-Pacific,36,Premium,16.09,Monthly,10,21.8,2,2,Card,1,0
S01980,North America,19,Standard,14.99,Annual,19,8.7,1,0,Mobile wallet,1,0
S01981,Latin America,42,Standard,10.49,Annual,15,12.9,2,1,Card,0,0
S01982,Europe,57,Standard,14.99,Annual,7,2.1,1,0,Card,1,0
S01983,North America,47,Standard,14.99,Annual,28,5.1,2,1,Card,1,0
S01984,Asia-Pacific,31,Standard,10.49,Annual,26,10.7,2,0,PayPal,1,0
S01985,Latin America,16,Standard,10.49,Monthly,14,2.5,2,2,PayPal,0,1
S01986,North America,16,Standard,14.99,Monthly,21,9.5,1,0,PayPal,0,0
S01987,North America,29,Basic,8.99,Annual,13,5.0,4,1,PayPal,1,0
S01988,North America,56,Basic,8.99,Annual,35,8.5,3,1,PayPal,1,0
S01989,Europe,56,Basic,8.99,Annual,6,5.4,1,0,Card,1,0
S01990,Europe,28,Premium,22.99,Annual,29,7.0,2,0,Bank transfer,1,0
S01991,Latin America,36,Basic,6.29,Monthly,34,4.1,1,0,Card,1,0
S01992,Africa,42,Standard,10.49,Monthly,20,19.7,1,0,Card,1,0
S01993,Europe,34,Basic,8.99,Annual,14,,3,0,Mobile wallet,1,0
S01994,Europe,28,Premium,22.99,Annual,10,7.8,2,1,Mobile wallet,1,0
S01995,Europe,50,Basic,8.99,Annual,10,13.9,1,0,Card,1,0
S01996,North America,16,Standard,14.99,Annual,4,6.5,2,1,Card,1,0
S01997,Europe,40,Standard,14.99,Annual,16,2.3,1,2,Mobile wallet,1,0
S01998,Asia-Pacific,33,Standard,10.49,Monthly,6,1.9,3,2,Card,0,1
S01999,Europe,31,Basic,8.99,Monthly,12,5.7,1,0,Card,0,0
S02000,Africa,55,Premium,16.09,Monthly,35,3.9,2,3,Bank transfer,0,0
S02001,Europe,40,Standard,14.99,Monthly,1,5.2,1,2,Card,0,1
S02002,Latin America,46,Standard,10.49,Annual,49,5.7,4,0,PayPal,1,0
S02003,North America,31,Standard,14.99,Monthly,71,2.6,4,1,Mobile wallet,0,1
S02004,Europe,16,Standard,14.99,Annual,2,2.9,2,1,Card,1,0
S02005,Asia-Pacific,20,Standard,10.49,Monthly,18,5.5,2,0,Card,0,0
S02006,Europe,19,Basic,8.99,Annual,18,5.0,1,0,Card,1,1
S02007,Asia-Pacific,21,Basic,6.29,Monthly,13,6.1,3,1,Bank transfer,0,0
S02008,Europe,23,Standard,14.99,Monthly,4,4.1,1,0,Card,0,0
S02009,North America,21,Standard,14.99,Monthly,6,6.9,1,2,PayPal,0,0
S02010,Asia-Pacific,38,Premium,16.09,Monthly,19,4.0,1,0,Card,0,1
S02011,Asia-Pacific,25,Standard,10.49,Annual,17,2.3,1,0,Mobile wallet,1,0
S02012,North America,35,Premium,22.99,Monthly,2,2.2,3,1,PayPal,0,0
S02013,Africa,17,Standard,10.49,Monthly,5,2.8,1,0,Card,0,0
S02014,North America,28,Basic,8.99,Annual,22,18.4,1,0,Mobile wallet,1,0
S02015,Middle East,40,Standard,14.99,Monthly,12,4.7,1,1,Card,0,0
S02016,North America,16,Basic,8.99,Monthly,21,1.7,1,2,Mobile wallet,1,0
S02017,Africa,52,Standard,10.49,Annual,12,2.0,3,2,Mobile wallet,1,0
S02018,Latin America,49,Standard,10.49,Monthly,6,5.8,3,0,Bank transfer,0,1
S02019,Europe,41,Basic,8.99,Annual,31,3.6,1,0,Card,1,0
S02020,North America,33,Basic,8.99,Monthly,18,2.8,1,1,Card,1,0
S02021,Europe,30,Basic,8.99,Monthly,5,2.5,2,0,PayPal,1,0
S02022,North America,38,Premium,22.99,Annual,10,3.1,1,0,Card,1,0
S02023,Africa,19,Standard,10.49,Monthly,1,6.1,1,0,Card,1,0
S02024,Asia-Pacific,53,Basic,6.29,Monthly,31,7.0,1,0,Card,1,0
S02025,Asia-Pacific,50,Standard,10.49,Annual,19,10.0,2,1,Bank transfer,0,0
S02026,Asia-Pacific,34,Standard,10.49,Monthly,39,10.2,1,1,Card,1,0
S02027,North America,44,Standard,14.99,Monthly,13,3.3,3,1,Card,1,0
S02028,Middle East,24,Premium,22.99,Monthly,11,5.2,2,0,Card,0,0
S02029,Asia-Pacific,39,Premium,16.09,Annual,25,10.1,2,0,Mobile wallet,1,1
S02030,Latin America,52,Basic,6.29,Annual,44,14.2,1,2,Card,1,0
S02031,Asia-Pacific,31,Basic,6.29,Annual,54,12.5,2,1,Bank transfer,1,0
S02032,Middle East,35,Basic,8.99,Monthly,11,7.4,1,0,Mobile wallet,0,0
S02033,Europe,18,Standard,14.99,Monthly,18,6.3,3,0,Bank transfer,0,0
S02034,Latin America,27,Premium,16.09,Annual,37,1.1,1,0,Card,1,0
S02035,Latin America,30,Premium,16.09,Annual,22,10.3,3,2,Card,1,0
S02036,Europe,46,Standard,14.99,Annual,13,4.4,1,1,Card,1,1
S02037,Europe,41,Basic,8.99,Monthly,30,8.9,1,0,Card,1,0
S02038,Asia-Pacific,34,Basic,6.29,Monthly,66,4.9,2,0,Mobile wallet,0,0
S02039,Asia-Pacific,31,Basic,6.29,Monthly,2,4.5,2,0,Card,0,1
S02040,North America,44,Premium,22.99,Monthly,5,11.0,2,0,PayPal,0,0
S02041,Asia-Pacific,52,Standard,10.49,Annual,19,,2,0,Card,1,0
S02042,North America,16,Basic,8.99,Monthly,13,9.0,2,1,Card,0,0
S02043,Asia-Pacific,33,Standard,10.49,Monthly,23,3.4,3,0,Card,1,0
S02044,Latin America,43,Premium,16.09,Monthly,20,2.3,4,1,Card,0,1
S02045,Asia-Pacific,51,Standard,10.49,Monthly,37,1.7,3,0,Bank transfer,0,0
S02046,Africa,29,Standard,10.49,Monthly,1,3.9,1,0,Bank transfer,0,0
S02047,Europe,31,Premium,22.99,Monthly,13,,2,0,PayPal,1,0
S02048,Europe,34,Premium,22.99,Monthly,6,6.1,2,0,Mobile wallet,0,0
S02049,Asia-Pacific,33,Basic,6.29,Monthly,27,1.5,1,3,Mobile wallet,0,1
S02050,North America,40,Standard,14.99,Monthly,11,13.3,2,1,Card,1,0
S02051,Middle East,16,Basic,8.99,Monthly,20,6.9,4,1,Card,1,0
S02052,Europe,57,Basic,8.99,Annual,12,10.8,1,2,Card,1,0
S02053,Europe,56,Standard,14.99,Monthly,16,1.2,1,3,Card,1,0
S02054,Europe,39,Premium,22.99,Monthly,4,1.6,1,4,Card,1,0
S02055,Europe,32,Basic,8.99,Annual,18,11.2,2,0,PayPal,1,0
S02056,Europe,35,Premium,22.99,Monthly,24,4.8,2,1,Card,1,0
S02057,North America,72,Standard,14.99,Monthly,17,5.3,1,2,Mobile wallet,0,1
S02058,Europe,16,Standard,14.99,Monthly,19,1.8,1,1,Card,1,0
S02059,Europe,25,Basic,8.99,Annual,7,4.8,4,0,Card,1,0
S02060,North America,41,Standard,14.99,Monthly,24,1.7,1,2,Card,1,1
S02061,Latin America,34,Standard,10.49,Monthly,57,7.5,2,1,Card,0,0
S02062,Latin America,23,Basic,6.29,Monthly,29,5.9,2,0,Card,1,0
S02063,North America,36,Standard,14.99,Monthly,14,2.1,1,2,Card,1,1
S02064,Europe,38,Premium,22.99,Monthly,39,7.7,4,1,Card,0,1
S02065,Asia-Pacific,51,Basic,6.29,Annual,39,5.3,3,4,Card,1,0
S02066,North America,31,Basic,8.99,Monthly,27,6.6,1,1,Card,0,1
S02067,Europe,16,Standard,14.99,Annual,22,3.9,1,1,Mobile wallet,1,0
S02068,North America,16,Standard,14.99,Monthly,7,7.4,1,0,Card,1,0
S02069,Latin America,33,Standard,10.49,Monthly,12,5.7,2,0,PayPal,1,0
S02070,Europe,50,Standard,14.99,Monthly,16,14.0,2,0,Card,1,0
S02071,North America,40,Premium,22.99,Monthly,18,6.6,3,1,PayPal,0,0
S02072,Africa,36,Basic,6.29,Annual,23,8.1,3,0,Card,1,0
S02073,Asia-Pacific,34,Basic,6.29,Annual,20,3.6,1,1,Mobile wallet,1,0
S02074,Asia-Pacific,22,Basic,6.29,Annual,21,2.9,1,1,PayPal,1,0
S02075,North America,31,Standard,14.99,Monthly,6,,3,1,Card,0,0
S02076,Africa,16,Standard,10.49,Monthly,54,,1,2,Card,1,0
S02077,Europe,52,Standard,14.99,Monthly,4,11.2,1,1,Card,1,0
S02078,North America,30,Basic,8.99,Monthly,5,6.3,2,0,Card,1,0
S02079,North America,33,Basic,8.99,Annual,5,2.5,1,2,PayPal,1,0
S02080,Europe,32,Standard,14.99,Annual,5,4.6,1,0,Card,0,1
S02081,Europe,38,Standard,14.99,Monthly,17,8.2,1,1,Card,1,0
S02082,Asia-Pacific,65,Basic,6.29,Monthly,15,2.0,1,0,Mobile wallet,1,1
S02083,Asia-Pacific,39,Basic,6.29,Annual,6,1.0,3,0,Card,1,0
S02084,Middle East,42,Premium,22.99,Annual,14,13.8,1,0,Mobile wallet,1,0
S02085,North America,18,Standard,14.99,Annual,6,,2,1,PayPal,1,0
S02086,Europe,20,Premium,22.99,Monthly,26,12.1,2,0,Card,1,0
S02087,North America,34,Standard,14.99,Monthly,29,11.6,2,0,Card,1,0
S02088,Latin America,31,Standard,10.49,Annual,26,4.1,1,1,Card,1,0
S02089,Asia-Pacific,25,Premium,16.09,Monthly,3,0.9,1,2,Card,0,1
S02090,North America,41,Basic,8.99,Monthly,57,7.5,1,2,Card,1,0
S02091,Europe,42,Standard,14.99,Monthly,4,4.2,2,0,Card,1,0
S02092,North America,49,Premium,22.99,Monthly,34,7.1,3,2,Mobile wallet,0,0
S02093,North America,29,Basic,8.99,Annual,48,1.2,2,0,PayPal,1,0
S02094,Asia-Pacific,38,Basic,6.29,Monthly,5,9.3,4,1,PayPal,1,0
S02095,Europe,30,Basic,8.99,Annual,11,9.3,1,1,PayPal,1,0
S02096,North America,37,Basic,8.99,Monthly,43,14.9,2,0,Card,0,0
S02097,Africa,44,Basic,6.29,Monthly,24,12.8,2,0,Card,1,0
S02098,North America,24,Standard,14.99,Monthly,35,3.2,1,2,PayPal,1,0
S02099,North America,37,Basic,8.99,Monthly,39,,2,2,PayPal,0,0
S02100,Europe,38,Basic,8.99,Monthly,5,9.1,1,0,Mobile wallet,0,0
S02101,Europe,25,Standard,14.99,Monthly,20,4.3,1,1,Mobile wallet,1,0
S02102,Africa,40,Standard,10.49,Annual,24,6.8,3,0,Mobile wallet,1,0
S02103,Middle East,39,Basic,8.99,Monthly,12,3.4,1,1,PayPal,0,1
S02104,Africa,45,Premium,16.09,Annual,4,2.7,1,0,Mobile wallet,0,0
S02105,North America,33,Standard,14.99,Monthly,22,13.3,3,2,Card,0,0
S02106,North America,45,Basic,8.99,Monthly,20,12.8,1,1,Card,0,0
S02107,Asia-Pacific,34,Standard,10.49,Monthly,26,1.1,1,3,PayPal,1,0
S02108,Middle East,28,Basic,8.99,Annual,4,1.7,1,0,Card,1,0
S02109,Europe,23,Basic,8.99,Annual,2,,4,1,Bank transfer,1,1
S02110,Asia-Pacific,16,Basic,6.29,Annual,26,10.8,4,1,PayPal,0,0
S02111,North America,52,Basic,8.99,Annual,17,3.7,1,1,Card,1,0
S02112,Europe,16,Premium,22.99,Monthly,13,3.2,1,0,PayPal,1,0
S02113,Africa,41,Basic,6.29,Monthly,4,14.2,3,0,PayPal,1,0
S02114,Europe,48,Premium,22.99,Annual,9,5.9,1,0,Mobile wallet,1,0
S02115,Asia-Pacific,46,Basic,6.29,Monthly,6,,4,2,Bank transfer,1,0
S02116,Europe,43,Premium,22.99,Annual,2,2.8,1,3,Bank transfer,0,0
S02117,Europe,22,Basic,8.99,Monthly,8,6.5,3,0,Mobile wallet,1,0
S02118,North America,46,Basic,8.99,Monthly,14,7.9,1,2,Mobile wallet,0,0
S02119,North America,16,Basic,8.99,Monthly,3,3.4,4,1,Bank transfer,1,1
S02120,North America,16,Standard,14.99,Monthly,3,6.3,1,2,PayPal,0,0
S02121,Asia-Pacific,42,Basic,6.29,Monthly,13,4.8,2,2,Card,0,1
S02122,Middle East,24,Standard,14.99,Monthly,32,2.6,1,1,Card,0,1
S02123,North America,36,Basic,8.99,Monthly,18,10.3,2,0,Card,0,0
S02124,Europe,31,Standard,14.99,Monthly,40,11.6,1,0,Card,1,0
S02125,Europe,34,Standard,14.99,Annual,12,3.5,3,0,Mobile wallet,1,0
S02126,Asia-Pacific,19,Basic,6.29,Monthly,1,7.2,2,1,Mobile wallet,1,0
S02127,Asia-Pacific,45,Standard,10.49,Monthly,23,3.5,1,2,Mobile wallet,0,0
S02128,Europe,36,Basic,8.99,Monthly,11,4.6,4,4,Card,1,1
S02129,Europe,26,Basic,8.99,Annual,18,6.7,1,0,Mobile wallet,1,0
S02130,North America,34,Premium,22.99,Annual,17,9.5,4,0,PayPal,1,0
S02131,North America,24,Standard,14.99,Monthly,15,,3,0,Bank transfer,1,1
S02132,North America,48,Premium,22.99,Annual,1,9.4,3,0,PayPal,1,0
S02133,Asia-Pacific,42,Standard,10.49,Monthly,15,3.5,3,3,PayPal,1,0
S02134,North America,43,Premium,22.99,Monthly,5,15.2,1,0,PayPal,1,1
S02135,Europe,52,Standard,14.99,Monthly,2,1.5,2,1,PayPal,0,1
S02136,North America,16,Basic,8.99,Monthly,30,6.3,1,0,PayPal,0,0
S02137,Asia-Pacific,41,Basic,6.29,Annual,10,4.1,1,1,PayPal,1,0
S02138,Africa,49,Basic,6.29,Monthly,56,3.4,2,1,Card,1,0
S02139,Asia-Pacific,33,Standard,10.49,Annual,40,3.7,1,0,Bank transfer,0,0
S02140,Africa,30,Basic,6.29,Monthly,13,0.7,1,2,PayPal,1,0
S02141,North America,40,Standard,14.99,Annual,10,4.6,1,2,Card,1,0
S02142,Africa,30,Premium,16.09,Annual,19,4.8,1,1,PayPal,1,0
S02143,North America,23,Standard,14.99,Annual,13,3.2,2,2,Bank transfer,1,0
S02144,Europe,46,Basic,8.99,Annual,13,4.4,3,0,Card,0,0
S02145,Europe,55,Basic,8.99,Annual,50,5.2,1,0,Card,1,0
S02146,Europe,40,Basic,8.99,Monthly,4,8.5,4,1,Mobile wallet,1,1
S02147,Europe,23,Basic,8.99,Monthly,5,4.9,1,2,Card,0,0
S02148,North America,53,Premium,22.99,Monthly,22,7.7,2,0,Card,0,1
S02149,North America,32,Basic,8.99,Annual,22,13.8,3,0,Card,1,0
S02150,Europe,26,Basic,8.99,Monthly,6,7.9,4,0,Mobile wallet,0,0
S02151,North America,48,Basic,8.99,Monthly,11,4.7,2,1,Card,1,1
S02152,Latin America,48,Basic,6.29,Monthly,2,9.3,4,0,Card,0,0
S02153,Europe,40,Standard,14.99,Monthly,31,1.2,1,1,Bank transfer,1,0
S02154,Europe,45,Standard,14.99,Annual,18,2.8,2,2,Card,1,0
S02155,Europe,16,Standard,14.99,Monthly,14,1.7,1,1,Card,1,0
S02156,North America,18,Basic,8.99,Monthly,15,4.1,2,0,Card,1,0
S02157,Africa,22,Standard,10.49,Monthly,25,2.9,3,1,Bank transfer,1,0
S02158,North America,37,Basic,8.99,Monthly,1,9.3,2,1,Mobile wallet,0,1
S02159,Latin America,58,Standard,10.49,Annual,13,10.1,1,2,Bank transfer,1,1
S02160,North America,16,Standard,14.99,Monthly,2,3.2,2,2,Card,1,1
S02161,Europe,21,Basic,8.99,Annual,7,12.1,3,1,Card,1,0
S02162,Asia-Pacific,42,Basic,6.29,Monthly,9,4.8,3,0,Mobile wallet,1,0
S02163,Africa,34,Standard,10.49,Annual,18,10.2,2,0,Card,1,0
S02164,Europe,33,Basic,8.99,Annual,23,2.2,4,0,Card,1,0
S02165,Latin America,44,Premium,16.09,Annual,11,9.2,1,0,Mobile wallet,1,0
S02166,Europe,33,Standard,14.99,Monthly,18,1.3,2,2,Bank transfer,0,0
S02167,North America,39,Premium,22.99,Monthly,9,15.9,1,3,Card,0,0
S02168,Europe,38,Premium,22.99,Annual,13,14.9,2,2,Mobile wallet,1,0
S02169,Latin America,56,Standard,10.49,Annual,15,4.0,2,1,Mobile wallet,1,0
S02170,North America,37,Standard,14.99,Monthly,6,8.0,2,0,Bank transfer,0,0
S02171,Latin America,29,Standard,10.49,Monthly,1,4.9,3,0,Mobile wallet,0,0
S02172,Latin America,19,Standard,10.49,Annual,9,8.2,1,0,PayPal,0,0
S02173,North America,43,Basic,8.99,Monthly,13,,2,1,Card,0,0
S02174,Asia-Pacific,20,Basic,6.29,Annual,26,7.2,2,1,Card,1,0
S02175,Latin America,21,Standard,10.49,Monthly,18,4.5,3,1,PayPal,0,0
S02176,North America,47,Standard,14.99,Monthly,26,6.9,1,0,PayPal,0,0
S02177,Asia-Pacific,32,Standard,10.49,Monthly,14,1.9,2,4,PayPal,1,1
S02178,North America,52,Basic,8.99,Monthly,10,5.8,4,1,PayPal,1,0
S02179,Europe,38,Standard,14.99,Monthly,3,0.8,3,1,PayPal,0,0
S02180,Asia-Pacific,26,Standard,10.49,Monthly,6,1.5,3,1,PayPal,0,1
S02181,Latin America,41,Premium,16.09,Annual,38,,2,0,Card,1,0
S02182,Asia-Pacific,36,Standard,10.49,Monthly,18,2.0,3,2,PayPal,1,1
S02183,Asia-Pacific,47,Standard,10.49,Annual,39,4.8,2,0,Card,1,0
S02184,Latin America,42,Basic,6.29,Annual,15,4.8,1,1,Mobile wallet,1,0
S02185,Europe,36,Basic,8.99,Annual,44,10.0,1,0,PayPal,0,0
S02186,Latin America,46,Standard,10.49,Monthly,37,10.3,1,2,Bank transfer,1,0
S02187,Africa,25,Basic,6.29,Annual,6,0.9,2,2,PayPal,1,0
S02188,Europe,27,Basic,8.99,Monthly,8,1.3,2,1,PayPal,0,1
S02189,North America,22,Basic,8.99,Monthly,3,8.0,1,0,Mobile wallet,1,0
S02190,Middle East,43,Premium,22.99,Monthly,42,7.8,4,1,Card,1,0
S02191,Latin America,48,Premium,16.09,Monthly,37,6.0,4,1,PayPal,0,0
S02192,Asia-Pacific,33,Basic,6.29,Monthly,22,3.1,1,0,Card,1,1
S02193,Latin America,43,Standard,10.49,Monthly,44,3.3,2,2,Bank transfer,0,0
S02194,Africa,38,Standard,10.49,Monthly,1,8.4,3,3,PayPal,1,0
S02195,North America,54,Basic,8.99,Monthly,16,2.4,2,1,Card,1,0
S02196,Europe,61,Standard,14.99,Monthly,2,1.9,1,1,PayPal,0,1
S02197,Asia-Pacific,27,Basic,6.29,Monthly,1,4.1,1,1,Card,0,1
S02198,Europe,31,Basic,8.99,Annual,29,3.3,3,1,Bank transfer,1,0
S02199,North America,35,Standard,14.99,Annual,24,13.6,3,0,PayPal,1,0
S02200,Africa,34,Standard,10.49,Monthly,11,4.7,3,1,Card,0,0
S02201,Asia-Pacific,29,Basic,6.29,Annual,18,4.0,4,1,Card,1,0
S02202,Middle East,31,Standard,14.99,Annual,6,6.2,1,1,Mobile wallet,1,1
S02203,North America,20,Basic,8.99,Monthly,17,5.0,1,1,Bank transfer,0,0
S02204,North America,29,Standard,14.99,Monthly,19,3.5,2,1,Card,0,0
S02205,Asia-Pacific,24,Standard,10.49,Monthly,22,3.1,1,0,Card,0,1
S02206,North America,60,Basic,8.99,Annual,31,6.0,4,0,PayPal,0,0
S02207,Latin America,35,Basic,6.29,Annual,11,10.6,3,0,Mobile wallet,1,0
S02208,Europe,44,Premium,22.99,Monthly,27,8.7,2,0,Card,1,0
S02209,North America,37,Basic,8.99,Monthly,21,11.9,2,3,Card,1,0
S02210,North America,24,Standard,14.99,Annual,42,4.6,1,1,PayPal,1,0
S02211,Middle East,51,Basic,8.99,Annual,9,9.9,1,1,Card,0,0
S02212,Europe,40,Standard,14.99,Annual,40,9.9,2,0,PayPal,1,0
S02213,Asia-Pacific,28,Premium,16.09,Monthly,30,1.1,1,2,Card,1,1
S02214,Latin America,16,Basic,6.29,Annual,34,3.2,3,0,PayPal,0,0
S02215,Africa,40,Basic,6.29,Monthly,12,,3,1,PayPal,1,1
S02216,Middle East,51,Basic,8.99,Monthly,11,1.1,1,1,Card,1,1
S02217,North America,47,Basic,8.99,Annual,53,2.8,2,4,Card,1,0
S02218,North America,16,Basic,8.99,Monthly,10,6.0,3,1,Card,1,0
S02219,Africa,27,Basic,6.29,Monthly,25,1.5,1,2,Card,0,0
S02220,North America,31,Basic,8.99,Annual,11,1.4,1,1,Mobile wallet,1,0
S02221,Middle East,46,Standard,14.99,Monthly,2,1.6,1,1,Mobile wallet,0,0
S02222,Europe,41,Standard,14.99,Monthly,38,5.7,3,1,Mobile wallet,0,0
S02223,Europe,16,Basic,8.99,Monthly,12,4.8,4,0,Card,0,0
S02224,Europe,43,Standard,14.99,Monthly,5,3.5,3,4,Card,1,1
S02225,Asia-Pacific,38,Premium,16.09,Monthly,66,12.7,4,0,PayPal,0,0
S02226,Asia-Pacific,39,Standard,10.49,Annual,12,4.9,2,2,PayPal,1,0
S02227,Latin America,17,Basic,6.29,Monthly,21,4.2,3,1,Card,0,1
S02228,Europe,48,Basic,8.99,Monthly,9,2.5,1,1,Card,1,1
S02229,North America,43,Premium,22.99,Annual,16,,1,3,Card,1,0
S02230,Middle East,35,Standard,14.99,Monthly,25,1.7,2,2,Bank transfer,1,0
S02231,Africa,37,Basic,6.29,Annual,4,4.5,1,1,Card,1,1
S02232,North America,37,Premium,22.99,Monthly,14,6.2,1,1,Card,0,1
S02233,North America,22,Standard,14.99,Annual,10,15.4,2,0,Mobile wallet,1,0
S02234,Europe,22,Premium,22.99,Annual,26,1.5,2,2,Card,1,1
S02235,North America,29,Basic,8.99,Annual,47,6.3,3,1,Card,1,0
S02236,Europe,29,Standard,14.99,Annual,14,6.9,2,0,Card,1,0
S02237,Middle East,46,Basic,8.99,Monthly,11,3.5,2,0,Card,0,0
S02238,North America,52,Standard,14.99,Annual,5,2.3,3,3,Card,0,0
S02239,Europe,42,Standard,14.99,Annual,22,9.0,2,0,Card,1,0
S02240,Europe,16,Standard,14.99,Annual,10,2.8,1,1,Mobile wallet,0,0
S02241,Asia-Pacific,37,Basic,6.29,Annual,15,3.5,2,1,Bank transfer,1,0
S02242,North America,24,Basic,8.99,Monthly,9,,1,0,Card,1,0
S02243,North America,49,Premium,22.99,Annual,19,4.8,2,1,Mobile wallet,0,0
S02244,Latin America,16,Standard,10.49,Annual,3,17.2,3,1,Card,1,0
S02245,Europe,19,Basic,8.99,Monthly,9,5.3,3,0,Card,1,0
S02246,North America,35,Basic,8.99,Monthly,35,3.8,1,0,PayPal,0,0
S02247,Europe,41,Basic,8.99,Monthly,15,6.1,3,0,Card,1,0
S02248,Asia-Pacific,23,Basic,6.29,Monthly,53,20.3,3,0,Bank transfer,1,0
S02249,North America,26,Basic,8.99,Monthly,18,0.5,2,2,Mobile wallet,1,0
S02250,Latin America,27,Basic,6.29,Monthly,18,2.4,2,1,Card,1,1
S02251,Asia-Pacific,19,Premium,16.09,Annual,9,1.7,2,2,Bank transfer,1,1
S02252,Europe,19,Standard,14.99,Monthly,21,11.6,1,0,Card,0,0
S02253,Latin America,31,Standard,10.49,Monthly,5,2.1,4,4,Bank transfer,1,1
S02254,North America,18,Standard,14.99,Annual,56,3.6,1,1,Card,0,1
S02255,Latin America,36,Standard,10.49,Monthly,4,9.3,1,2,Mobile wallet,1,0
S02256,North America,31,Basic,8.99,Annual,13,5.3,2,0,Mobile wallet,1,0
S02257,Latin America,36,Standard,10.49,Annual,5,6.1,1,2,Card,1,0
S02258,North America,33,Basic,8.99,Annual,9,4.9,1,0,Bank transfer,1,0
S02259,Africa,24,Standard,10.49,Monthly,8,8.5,2,2,Mobile wallet,1,0
S02260,Africa,49,Basic,6.29,Annual,9,2.8,2,0,Card,1,0
S02261,North America,32,Basic,8.99,Monthly,8,3.6,2,0,Card,1,0
S02262,North America,23,Premium,22.99,Annual,21,2.8,1,0,PayPal,1,0
S02263,North America,34,Standard,14.99,Annual,3,1.9,1,1,Card,1,1
S02264,North America,34,Standard,14.99,Monthly,6,5.2,2,1,Card,0,0
S02265,Latin America,39,Standard,10.49,Monthly,2,15.4,1,1,Card,1,0
S02266,North America,33,Standard,14.99,Monthly,14,1.8,4,1,Mobile wallet,1,0
S02267,Europe,49,Basic,8.99,Monthly,9,12.7,1,1,Mobile wallet,1,0
S02268,Europe,43,Standard,14.99,Annual,12,8.5,1,0,Card,1,0
S02269,Africa,40,Premium,16.09,Monthly,20,7.7,2,2,Card,1,0
S02270,Europe,30,Basic,8.99,Annual,30,5.7,1,0,Card,1,0
S02271,North America,50,Premium,22.99,Annual,28,0.9,3,2,Card,0,0
S02272,Europe,47,Basic,8.99,Monthly,5,8.2,1,0,Mobile wallet,0,0
S02273,Europe,35,Basic,8.99,Monthly,29,4.5,1,1,Mobile wallet,0,0
S02274,Middle East,16,Basic,8.99,Annual,7,3.1,3,2,Card,1,0
S02275,Europe,44,Basic,8.99,Annual,4,10.1,2,0,Card,1,0
S02276,Asia-Pacific,28,Premium,16.09,Annual,11,2.2,1,1,Card,1,0
S02277,Latin America,30,Basic,6.29,Annual,13,5.4,1,0,Card,1,0
S02278,Europe,29,Basic,8.99,Annual,9,14.1,1,0,PayPal,0,0
S02279,North America,27,Standard,14.99,Monthly,13,1.4,2,3,Mobile wallet,0,1
S02280,Middle East,19,Standard,14.99,Monthly,8,11.5,1,0,Card,1,0
S02281,North America,52,Standard,14.99,Monthly,27,3.4,3,0,Card,0,0
S02282,Middle East,33,Basic,8.99,Monthly,10,7.8,3,1,Bank transfer,0,0
S02283,North America,31,Premium,22.99,Monthly,15,3.8,1,1,Mobile wallet,0,0
S02284,North America,17,Basic,8.99,Annual,34,7.2,1,0,Mobile wallet,1,0
S02285,Asia-Pacific,41,Standard,10.49,Monthly,10,3.5,1,0,Mobile wallet,1,0
S02286,Africa,46,Premium,16.09,Annual,47,9.0,2,0,PayPal,1,0
S02287,North America,20,Standard,14.99,Annual,25,3.1,2,1,PayPal,1,0
S02288,Europe,47,Standard,14.99,Annual,26,5.0,1,0,Card,1,0
S02289,North America,42,Basic,8.99,Annual,24,5.9,3,0,Bank transfer,1,0
S02290,Europe,27,Basic,8.99,Monthly,14,15.8,2,0,Card,1,0
S02291,Middle East,32,Basic,8.99,Monthly,16,1.0,1,2,PayPal,1,1
S02292,North America,46,Standard,14.99,Monthly,23,5.7,1,2,Mobile wallet,1,0
S02293,Asia-Pacific,25,Standard,10.49,Monthly,11,3.8,1,0,Mobile wallet,0,0
S02294,Middle East,38,Standard,14.99,Annual,35,6.2,2,0,Bank transfer,1,0
S02295,Africa,47,Standard,10.49,Monthly,8,6.0,1,0,Mobile wallet,0,0
S02296,Middle East,33,Basic,8.99,Annual,29,3.6,2,0,Card,1,0
S02297,Europe,26,Basic,8.99,Monthly,13,5.3,3,1,Mobile wallet,1,0
S02298,North America,52,Basic,8.99,Annual,11,6.7,2,1,PayPal,1,0
S02299,North America,16,Premium,22.99,Monthly,21,9.3,2,0,PayPal,0,0
S02300,North America,27,Standard,14.99,Annual,34,11.7,2,4,PayPal,1,0
S02301,Europe,62,Standard,14.99,Monthly,1,1.2,2,1,Bank transfer,0,1
S02302,Europe,38,Premium,22.99,Monthly,29,7.6,1,0,Mobile wallet,1,1
S02303,Middle East,17,Premium,22.99,Monthly,20,8.7,3,1,Bank transfer,1,0
S02304,Europe,16,Basic,8.99,Annual,9,10.8,1,2,Mobile wallet,1,0
S02305,Asia-Pacific,46,Standard,10.49,Annual,62,2.7,4,1,Card,1,0
S02306,Asia-Pacific,30,Standard,10.49,Monthly,21,0.2,1,1,Bank transfer,0,1
S02307,Asia-Pacific,41,Premium,16.09,Monthly,23,2.0,1,0,PayPal,0,0
S02308,Europe,33,Premium,22.99,Annual,25,2.4,1,4,Card,1,1
S02309,Africa,33,Standard,10.49,Annual,11,19.4,2,1,Bank transfer,1,0
S02310,North America,20,Standard,14.99,Monthly,14,2.3,1,0,PayPal,0,1
S02311,North America,21,Basic,8.99,Monthly,19,1.1,2,1,Mobile wallet,0,0
S02312,Europe,55,Basic,8.99,Monthly,47,,2,1,Card,0,0
S02313,North America,50,Basic,8.99,Monthly,29,8.9,1,0,Card,0,0
S02314,North America,19,Standard,14.99,Annual,9,6.6,3,0,Bank transfer,1,0
S02315,Europe,57,Basic,8.99,Annual,37,2.5,2,0,Card,1,0
S02316,Asia-Pacific,30,Basic,6.29,Annual,7,19.6,1,1,Mobile wallet,1,0
S02317,Asia-Pacific,26,Premium,16.09,Monthly,14,1.3,2,3,Card,1,0
S02318,North America,45,Standard,14.99,Monthly,1,0.5,4,0,Mobile wallet,1,1
S02319,North America,47,Basic,8.99,Annual,9,5.0,1,1,Card,1,0
S02320,Europe,55,Standard,14.99,Annual,4,4.3,2,0,Card,0,0
S02321,Asia-Pacific,23,Premium,16.09,Annual,15,18.3,2,0,PayPal,1,0
S02322,Europe,22,Standard,14.99,Monthly,21,4.9,1,2,Card,1,0
S02323,North America,38,Standard,14.99,Monthly,20,7.6,2,0,Card,1,0
S02324,North America,29,Basic,8.99,Monthly,3,2.2,2,1,Card,1,0
S02325,Asia-Pacific,28,Basic,6.29,Annual,22,5.4,3,0,PayPal,1,0
S02326,Europe,39,Premium,22.99,Monthly,32,1.9,2,3,Card,1,1
S02327,Europe,21,Standard,14.99,Monthly,12,5.9,1,0,Card,1,0
S02328,Asia-Pacific,24,Basic,6.29,Monthly,29,3.1,1,0,Card,0,0
S02329,Africa,41,Standard,10.49,Annual,4,5.1,2,1,Mobile wallet,1,0
S02330,Europe,33,Premium,22.99,Monthly,18,,1,0,Card,0,0
S02331,North America,16,Standard,14.99,Monthly,49,4.6,3,1,Card,0,0
S02332,North America,28,Standard,14.99,Annual,19,9.8,3,2,PayPal,0,0
S02333,Middle East,16,Standard,14.99,Monthly,1,13.6,1,1,Mobile wallet,0,0
S02334,North America,36,Standard,14.99,Monthly,10,2.1,1,0,Card,1,0
S02335,Europe,26,Premium,22.99,Monthly,3,7.1,1,0,PayPal,1,0
S02336,North America,44,Basic,8.99,Annual,1,4.0,2,0,Card,1,0
S02337,North America,36,Basic,8.99,Monthly,1,6.5,1,3,PayPal,0,1
S02338,Europe,16,Basic,8.99,Monthly,13,9.8,2,0,Card,0,0
S02339,North America,32,Basic,8.99,Monthly,25,9.1,1,0,Mobile wallet,1,1
S02340,Europe,58,Standard,14.99,Monthly,6,2.6,2,2,Card,0,0
S02341,Latin America,29,Standard,10.49,Monthly,11,8.7,1,1,PayPal,1,0
S02342,Europe,38,Basic,8.99,Monthly,30,2.9,2,1,Card,0,0
S02343,Africa,33,Basic,6.29,Monthly,6,15.8,2,1,Card,0,0
S02344,Asia-Pacific,31,Standard,10.49,Monthly,27,2.8,2,0,Card,1,0
S02345,Africa,46,Standard,10.49,Monthly,15,4.0,1,1,Mobile wallet,1,0
S02346,Middle East,26,Basic,8.99,Monthly,33,,1,0,PayPal,1,0
S02347,North America,46,Basic,8.99,Annual,14,12.3,1,0,Bank transfer,1,0
S02348,North America,26,Basic,8.99,Annual,50,3.8,1,0,Card,1,0
S02349,Europe,51,Premium,22.99,Annual,35,4.8,1,0,Mobile wallet,1,0
S02350,Asia-Pacific,44,Basic,6.29,Monthly,16,7.6,1,1,Card,1,1
S02351,Europe,35,Standard,14.99,Monthly,11,2.1,3,0,Bank transfer,1,0
S02352,Europe,28,Basic,8.99,Annual,2,5.5,1,0,Card,1,0
S02353,North America,16,Premium,22.99,Annual,5,2.5,1,2,Mobile wallet,1,0
S02354,Europe,32,Basic,8.99,Monthly,7,3.0,3,1,Mobile wallet,1,1
S02355,Asia-Pacific,22,Standard,10.49,Annual,20,1.2,3,2,Card,1,1
S02356,Middle East,29,Premium,22.99,Annual,19,8.5,1,0,Mobile wallet,1,0
S02357,North America,23,Premium,22.99,Annual,21,6.0,1,3,Card,1,0
S02358,Asia-Pacific,28,Basic,6.29,Annual,25,13.4,1,0,PayPal,1,0
S02359,Asia-Pacific,28,Basic,6.29,Monthly,14,2.4,1,1,Bank transfer,0,1
S02360,Europe,30,Basic,8.99,Annual,26,2.4,1,1,Mobile wallet,1,0
S02361,Africa,48,Premium,16.09,Monthly,8,,1,0,Card,1,0
S02362,Europe,26,Standard,14.99,Annual,36,1.3,1,0,Card,0,0
S02363,Latin America,40,Standard,10.49,Annual,58,9.8,2,3,Card,1,0
S02364,Europe,33,Basic,8.99,Annual,12,4.3,2,0,Card,1,0
S02365,Middle East,19,Standard,14.99,Annual,47,7.4,4,0,Bank transfer,1,0
S02366,North America,31,Basic,8.99,Annual,13,,1,0,PayPal,1,0
S02367,North America,31,Premium,22.99,Annual,66,7.3,4,0,Bank transfer,1,0
S02368,Europe,47,Basic,8.99,Annual,19,1.8,2,2,Card,1,0
S02369,Asia-Pacific,18,Premium,16.09,Annual,15,1.4,1,1,Mobile wallet,1,0
S02370,Europe,32,Basic,8.99,Annual,15,6.3,2,2,Mobile wallet,1,0
S02371,Europe,51,Standard,14.99,Annual,10,8.6,3,1,Card,1,0
S02372,North America,37,Premium,22.99,Monthly,72,5.0,1,0,Mobile wallet,1,0
S02373,North America,39,Basic,8.99,Annual,8,4.2,1,1,Card,1,1
S02374,North America,32,Basic,8.99,Monthly,13,5.2,1,0,Mobile wallet,0,0
S02375,Europe,22,Premium,22.99,Monthly,11,7.0,1,0,Card,1,0
S02376,Europe,27,Basic,8.99,Annual,11,6.8,1,1,Mobile wallet,0,1
S02377,North America,19,Basic,8.99,Annual,2,3.6,3,0,Card,0,0
S02378,Asia-Pacific,41,Standard,10.49,Annual,58,4.2,2,2,Card,1,0
S02379,Asia-Pacific,26,Basic,6.29,Monthly,26,1.0,4,2,Bank transfer,1,1
S02380,Europe,47,Standard,14.99,Monthly,45,9.3,2,0,Card,0,0
S02381,Asia-Pacific,37,Basic,6.29,Monthly,9,2.0,1,2,Mobile wallet,0,1
S02382,Asia-Pacific,40,Premium,16.09,Annual,9,3.5,1,1,Bank transfer,1,0
S02383,Europe,56,Standard,14.99,Monthly,35,1.6,2,1,Bank transfer,0,0
S02384,Asia-Pacific,37,Premium,16.09,Monthly,28,3.6,1,0,Mobile wallet,0,1
S02385,North America,57,Standard,14.99,Monthly,3,15.3,2,0,Card,1,0
S02386,Asia-Pacific,36,Basic,6.29,Monthly,10,1.8,1,2,Mobile wallet,0,0
S02387,Europe,49,Standard,14.99,Annual,21,4.5,2,1,Card,1,0
S02388,Europe,30,Standard,14.99,Annual,4,2.8,3,2,Mobile wallet,1,0
S02389,Middle East,30,Basic,8.99,Annual,2,1.4,3,1,Card,0,0
S02390,Europe,30,Basic,8.99,Annual,33,8.6,4,2,Bank transfer,1,0
S02391,Latin America,25,Basic,6.29,Annual,2,13.1,1,0,Card,1,0
S02392,North America,29,Basic,8.99,Monthly,16,6.2,3,2,Card,1,0
S02393,North America,44,Basic,8.99,Annual,15,1.9,1,2,Mobile wallet,1,0
S02394,Middle East,46,Basic,8.99,Monthly,14,3.4,3,0,Card,0,0
S02395,Africa,44,Standard,10.49,Monthly,36,8.1,3,1,PayPal,1,0
S02396,Europe,25,Standard,14.99,Annual,21,2.7,1,2,Bank transfer,1,0
S02397,Asia-Pacific,16,Standard,10.49,Monthly,21,4.2,2,3,Card,1,1
S02398,Latin America,43,Premium,16.09,Monthly,42,3.4,1,1,Card,0,0
S02399,Africa,45,Basic,6.29,Monthly,21,8.0,4,0,PayPal,1,0
S02400,Africa,20,Basic,6.29,Monthly,12,10.1,3,0,Card,1,0
S02401,North America,32,Basic,8.99,Monthly,19,5.0,1,1,Card,0,0
S02402,Africa,32,Basic,6.29,Annual,16,4.1,3,2,Card,0,1
S02403,Europe,16,Premium,22.99,Annual,19,7.7,4,0,Card,0,0
S02404,Asia-Pacific,50,Premium,16.09,Monthly,9,7.7,1,1,Card,0,0
S02405,Europe,30,Basic,8.99,Monthly,14,11.4,3,1,Card,0,0
S02406,Africa,36,Premium,16.09,Monthly,16,7.2,3,0,Card,1,0
S02407,Latin America,17,Basic,6.29,Monthly,4,2.3,1,1,Card,0,1
S02408,Europe,34,Basic,8.99,Monthly,11,6.0,3,0,Card,1,0
S02409,North America,52,Standard,14.99,Monthly,13,7.1,3,1,Mobile wallet,0,1
S02410,Asia-Pacific,46,Basic,6.29,Monthly,21,3.3,2,0,Card,0,0
S02411,North America,25,Standard,14.99,Monthly,25,2.4,2,2,Card,1,0
S02412,Asia-Pacific,27,Standard,10.49,Annual,4,10.5,1,1,Card,1,0
S02413,North America,22,Standard,14.99,Annual,40,3.3,3,1,Mobile wallet,1,0
S02414,Asia-Pacific,56,Standard,10.49,Monthly,20,4.4,3,1,PayPal,0,0
S02415,Europe,27,Basic,8.99,Monthly,16,10.4,2,1,Bank transfer,1,0
S02416,Latin America,32,Premium,16.09,Monthly,24,5.6,2,1,PayPal,1,0
S02417,Europe,16,Premium,22.99,Monthly,24,2.4,3,1,Card,0,0
S02418,Middle East,35,Standard,14.99,Monthly,8,3.9,1,1,Card,1,1
S02419,Africa,39,Standard,10.49,Monthly,20,13.9,3,2,Card,1,0
S02420,North America,40,Basic,8.99,Annual,9,7.4,2,0,Card,0,0
S02421,Latin America,34,Standard,10.49,Monthly,34,9.4,2,0,Bank transfer,0,0
S02422,Europe,54,Standard,14.99,Annual,5,6.5,2,1,Bank transfer,1,0
S02423,North America,29,Basic,8.99,Monthly,49,7.9,3,0,Card,1,0
S02424,Asia-Pacific,16,Premium,16.09,Monthly,21,3.3,1,1,Card,0,0
S02425,North America,32,Basic,8.99,Annual,16,6.6,1,0,Card,1,0
S02426,Latin America,41,Basic,6.29,Annual,6,10.5,1,1,Card,1,0
S02427,North America,42,Standard,14.99,Annual,11,2.9,1,1,Card,1,0
S02428,Latin America,25,Premium,16.09,Monthly,8,4.1,1,0,Card,0,1
S02429,Middle East,21,Basic,8.99,Annual,15,3.6,2,1,Card,1,0
S02430,Europe,62,Standard,14.99,Monthly,2,7.5,3,0,Mobile wallet,0,1
S02431,Latin America,22,Premium,16.09,Monthly,13,3.8,4,2,Mobile wallet,0,1
S02432,Europe,31,Standard,14.99,Annual,24,10.5,1,1,PayPal,1,0
S02433,North America,33,Basic,8.99,Monthly,14,14.3,3,0,Mobile wallet,0,0
S02434,Africa,28,Standard,10.49,Monthly,17,5.8,1,2,Mobile wallet,0,1
S02435,Europe,51,Basic,8.99,Monthly,28,3.1,2,0,Card,0,0
S02436,North America,26,Standard,14.99,Annual,20,9.0,1,0,Bank transfer,1,0
S02437,Africa,47,Standard,10.49,Monthly,5,10.3,3,0,Card,1,0
S02438,Middle East,46,Basic,8.99,Monthly,18,3.7,3,0,Mobile wallet,1,0
S02439,Latin America,24,Standard,10.49,Annual,40,13.7,2,1,PayPal,0,0
S02440,North America,55,Premium,22.99,Monthly,19,,4,0,PayPal,0,0
S02441,Latin America,16,Premium,16.09,Annual,72,2.2,1,0,Card,1,0
S02442,North America,42,Premium,22.99,Monthly,21,,1,0,Card,1,1
S02443,North America,47,Standard,14.99,Monthly,8,,1,1,Card,1,1
S02444,Asia-Pacific,25,Basic,6.29,Annual,13,9.1,1,1,PayPal,1,0
S02445,Africa,60,Premium,16.09,Monthly,1,6.2,1,2,PayPal,0,0
S02446,North America,57,Basic,8.99,Monthly,25,4.5,2,0,Card,1,0
S02447,Europe,37,Premium,22.99,Monthly,26,1.9,1,1,PayPal,0,0
S02448,North America,69,Basic,8.99,Annual,11,10.0,3,0,PayPal,1,0
S02449,Middle East,54,Basic,8.99,Monthly,11,8.8,3,0,Card,1,0
S02450,North America,45,Basic,8.99,Annual,3,7.6,3,0,Mobile wallet,1,0
S02451,Latin America,46,Standard,10.49,Annual,7,1.6,2,0,Card,1,0
S02452,Europe,41,Standard,14.99,Monthly,21,3.6,2,0,Bank transfer,1,0
S02453,Asia-Pacific,28,Standard,10.49,Monthly,3,13.8,1,1,Mobile wallet,1,0
S02454,Europe,34,Premium,22.99,Monthly,18,8.0,1,1,Card,1,0
S02455,Europe,43,Premium,22.99,Monthly,9,4.5,2,1,Card,1,0
S02456,Middle East,31,Standard,14.99,Monthly,14,6.0,1,3,Card,1,1
S02457,Africa,46,Basic,6.29,Monthly,20,8.8,3,1,Card,0,0
S02458,Africa,16,Standard,10.49,Monthly,30,4.1,3,3,Card,0,0
S02459,Europe,16,Standard,14.99,Annual,7,1.2,2,2,Card,1,0
S02460,North America,16,Basic,8.99,Annual,10,17.0,1,1,Card,1,0
S02461,Europe,38,Standard,14.99,Monthly,4,0.4,3,2,Bank transfer,1,1
S02462,Europe,25,Basic,8.99,Annual,12,7.8,3,2,PayPal,1,0
S02463,Asia-Pacific,41,Basic,6.29,Annual,19,13.2,2,1,Mobile wallet,1,0
S02464,Asia-Pacific,30,Premium,16.09,Monthly,6,3.9,2,0,Mobile wallet,1,0
S02465,Asia-Pacific,16,Standard,10.49,Monthly,18,3.1,1,1,PayPal,1,1
S02466,North America,37,Standard,14.99,Monthly,27,12.2,2,2,PayPal,0,0
S02467,Asia-Pacific,34,Standard,10.49,Annual,22,15.0,4,0,Bank transfer,1,0
S02468,Europe,42,Basic,8.99,Monthly,12,3.0,4,0,Card,0,0
S02469,North America,35,Standard,14.99,Monthly,7,2.8,4,1,Card,1,0
S02470,Africa,38,Basic,6.29,Annual,35,6.2,2,1,Bank transfer,0,0
S02471,Asia-Pacific,62,Premium,16.09,Annual,10,4.1,1,1,Card,1,1
S02472,Europe,25,Basic,8.99,Annual,3,8.2,2,0,Mobile wallet,1,0
S02473,Latin America,21,Standard,10.49,Monthly,12,7.9,3,1,Card,0,0
S02474,Asia-Pacific,47,Basic,6.29,Monthly,11,11.4,1,0,PayPal,1,0
S02475,Asia-Pacific,22,Standard,10.49,Monthly,30,12.9,1,1,Bank transfer,1,0
S02476,Africa,27,Basic,6.29,Monthly,9,9.9,3,0,Mobile wallet,1,0
S02477,Asia-Pacific,34,Premium,16.09,Annual,4,2.9,1,1,PayPal,0,1
S02478,North America,42,Basic,8.99,Monthly,17,4.1,1,0,Card,1,0
S02479,Middle East,25,Standard,14.99,Annual,6,,3,0,Card,1,0
S02480,Europe,43,Premium,22.99,Monthly,24,3.3,3,0,Card,0,0
S02481,Africa,38,Premium,16.09,Monthly,6,2.6,1,0,Card,0,1
S02482,Europe,29,Basic,8.99,Annual,21,2.5,3,1,Card,1,0
S02483,Asia-Pacific,40,Standard,10.49,Monthly,2,1.8,4,1,Mobile wallet,1,1
S02484,Asia-Pacific,18,Standard,10.49,Annual,12,,2,0,Card,1,0
S02485,Europe,38,Premium,22.99,Monthly,37,12.7,2,1,Card,1,0
S02486,Asia-Pacific,24,Basic,6.29,Monthly,44,6.6,1,2,Card,1,0
S02487,Europe,39,Standard,14.99,Monthly,28,7.9,2,0,Mobile wallet,0,0
S02488,Asia-Pacific,36,Standard,10.49,Monthly,11,2.1,3,1,PayPal,0,1
S02489,Asia-Pacific,39,Standard,10.49,Monthly,4,5.3,2,0,Mobile wallet,0,0
S02490,Asia-Pacific,34,Basic,6.29,Monthly,15,8.6,1,0,Card,1,0
S02491,Latin America,45,Premium,16.09,Annual,29,8.8,3,1,Card,1,0
S02492,North America,19,Premium,22.99,Monthly,18,5.2,3,0,Card,1,0
S02493,North America,25,Standard,14.99,Monthly,15,1.4,1,0,Card,1,0
S02494,Europe,20,Basic,8.99,Monthly,41,,3,0,Card,1,0
S02495,North America,35,Basic,8.99,Monthly,25,1.4,3,1,PayPal,1,1
S02496,Latin America,21,Standard,10.49,Annual,27,1.5,3,1,PayPal,1,0
S02497,North America,39,Standard,14.99,Annual,7,4.8,2,0,Mobile wallet,1,0
S02498,Asia-Pacific,48,Basic,6.29,Annual,9,3.3,1,0,PayPal,1,0
S02499,Africa,43,Premium,16.09,Annual,24,2.9,3,1,Card,0,0
S02500,Europe,35,Basic,8.99,Monthly,16,5.7,2,0,PayPal,1,0
S02501,Europe,47,Standard,14.99,Monthly,10,5.9,1,2,Card,1,1
S02502,North America,16,Standard,14.99,Annual,12,14.6,2,0,Bank transfer,1,0
S02503,Asia-Pacific,17,Basic,6.29,Annual,24,6.6,3,1,Card,1,0
S02504,Asia-Pacific,17,Basic,6.29,Monthly,11,3.8,1,3,Card,0,1
S02505,North America,60,Basic,8.99,Monthly,5,8.4,2,2,Mobile wallet,0,0
S02506,North America,50,Standard,14.99,Monthly,6,3.2,1,0,Bank transfer,1,0
S02507,North America,33,Premium,22.99,Monthly,13,4.9,3,0,Card,1,0
S02508,Asia-Pacific,16,Basic,6.29,Monthly,14,4.4,3,0,PayPal,1,0
S02509,Europe,48,Standard,14.99,Monthly,32,8.2,2,0,PayPal,0,0
S02510,Africa,30,Standard,10.49,Monthly,11,1.8,1,2,Bank transfer,0,1
S02511,North America,28,Standard,14.99,Annual,22,6.1,2,0,PayPal,0,0
S02512,Asia-Pacific,46,Premium,16.09,Monthly,11,16.7,4,3,Card,0,0
S02513,Latin America,37,Basic,6.29,Annual,37,4.0,2,1,Card,1,0
S02514,Europe,34,Basic,8.99,Monthly,65,17.8,2,1,PayPal,1,0
S02515,Asia-Pacific,36,Premium,16.09,Monthly,28,5.7,1,1,Bank transfer,0,0
S02516,Latin America,25,Standard,10.49,Annual,29,1.4,2,1,PayPal,1,0
S02517,Latin America,39,Basic,6.29,Annual,34,3.8,1,0,Card,1,0
S02518,Europe,16,Standard,14.99,Annual,17,5.5,2,2,Card,1,0
S02519,Middle East,39,Basic,8.99,Monthly,34,2.6,2,2,Card,1,0
S02520,North America,22,Basic,8.99,Monthly,6,2.5,2,0,Card,1,0
S02521,Latin America,29,Premium,16.09,Monthly,2,1.2,1,0,PayPal,0,0
S02522,Asia-Pacific,35,Standard,10.49,Monthly,19,3.0,1,1,PayPal,1,0
S02523,North America,61,Premium,22.99,Annual,49,5.2,1,0,Mobile wallet,1,0
S02524,North America,30,Standard,14.99,Monthly,10,2.9,1,1,PayPal,0,0
S02525,Europe,37,Standard,14.99,Monthly,10,3.7,1,2,PayPal,1,0
S02526,Asia-Pacific,37,Standard,10.49,Annual,51,9.2,2,0,PayPal,1,0
S02527,Latin America,48,Basic,6.29,Monthly,33,0.5,1,4,Card,1,0
S02528,Europe,26,Standard,14.99,Annual,5,5.2,1,0,Card,1,0
S02529,Africa,24,Standard,10.49,Annual,24,1.8,1,0,Card,1,0
S02530,Europe,30,Basic,8.99,Annual,6,8.8,3,1,Bank transfer,0,0
S02531,Asia-Pacific,33,Basic,6.29,Annual,17,1.8,3,1,Card,1,0
S02532,Europe,35,Basic,8.99,Monthly,16,2.2,1,3,Card,0,1
S02533,Latin America,17,Basic,6.29,Monthly,8,3.4,2,0,Card,1,0
S02534,North America,16,Basic,8.99,Annual,6,0.9,2,3,PayPal,1,0
S02535,Europe,43,Basic,8.99,Annual,23,7.7,1,0,PayPal,1,0
S02536,North America,34,Premium,22.99,Monthly,17,4.9,2,0,Bank transfer,0,0
S02537,Europe,48,Standard,14.99,Monthly,17,14.2,4,1,Card,0,0
S02538,Asia-Pacific,21,Standard,10.49,Monthly,2,11.5,3,0,Card,0,0
S02539,Europe,21,Premium,22.99,Annual,18,4.8,3,0,Card,1,0
S02540,Latin America,30,Standard,10.49,Monthly,3,8.6,2,0,Card,0,1
S02541,Asia-Pacific,24,Basic,6.29,Monthly,27,2.9,3,2,Card,0,0
S02542,Europe,32,Basic,8.99,Monthly,5,7.2,1,0,Card,0,1
S02543,Europe,16,Basic,8.99,Monthly,24,6.4,1,2,Card,1,0
S02544,Europe,36,Standard,14.99,Monthly,37,5.8,3,1,Card,1,0
S02545,North America,30,Standard,14.99,Annual,11,11.1,3,1,Card,1,0
S02546,North America,31,Basic,8.99,Monthly,24,7.5,2,3,Card,0,0
S02547,North America,45,Basic,8.99,Monthly,26,4.4,2,1,Card,0,0
S02548,Europe,26,Standard,14.99,Monthly,9,2.2,2,0,Card,0,0
S02549,Asia-Pacific,33,Premium,16.09,Monthly,7,6.3,2,2,Card,0,0
S02550,Asia-Pacific,43,Basic,6.29,Annual,39,5.8,3,1,Bank transfer,1,0
S02551,North America,34,Standard,14.99,Annual,5,8.2,3,0,Card,1,0
S02552,Africa,43,Standard,10.49,Monthly,13,1.4,1,2,Card,0,1
S02553,Europe,48,Standard,14.99,Annual,7,9.4,2,0,PayPal,1,0
S02554,Asia-Pacific,37,Basic,6.29,Annual,19,2.0,1,1,Bank transfer,1,0
S02555,Europe,43,Premium,22.99,Annual,22,2.2,1,1,Card,0,0
S02556,Latin America,18,Premium,16.09,Monthly,6,7.9,1,0,Mobile wallet,0,1
S02557,Asia-Pacific,43,Basic,6.29,Monthly,56,7.6,4,1,Bank transfer,0,0
S02558,Africa,33,Standard,10.49,Annual,25,1.7,1,1,Card,1,1
S02559,Middle East,26,Basic,8.99,Annual,13,4.7,3,0,Card,1,0
S02560,North America,41,Basic,8.99,Monthly,14,2.0,1,1,Card,0,0
S02561,Asia-Pacific,22,Premium,16.09,Monthly,2,2.3,2,2,Card,0,1
S02562,Africa,35,Basic,6.29,Annual,8,2.9,2,2,Card,1,0
S02563,North America,51,Standard,14.99,Monthly,25,11.3,3,1,PayPal,1,0
S02564,Asia-Pacific,44,Premium,16.09,Monthly,16,7.6,2,1,Card,0,0
S02565,Latin America,34,Basic,6.29,Monthly,14,4.5,1,0,Card,1,0
S02566,North America,47,Premium,22.99,Annual,6,3.7,4,0,Mobile wallet,0,1
S02567,Europe,34,Standard,14.99,Annual,29,8.7,4,1,Mobile wallet,1,0
S02568,Asia-Pacific,29,Standard,10.49,Annual,10,1.3,4,0,Bank transfer,1,0
S02569,Asia-Pacific,26,Basic,6.29,Annual,13,2.8,3,4,Card,1,0
S02570,Africa,29,Premium,16.09,Monthly,6,7.5,1,0,PayPal,1,0
S02571,North America,28,Standard,14.99,Annual,23,1.4,2,2,PayPal,1,0
S02572,Asia-Pacific,47,Premium,16.09,Monthly,8,12.9,2,1,Card,0,0
S02573,North America,16,Standard,14.99,Monthly,11,2.3,3,2,Card,0,0
S02574,Asia-Pacific,29,Standard,10.49,Monthly,25,5.1,2,1,Card,1,0
S02575,Latin America,36,Standard,10.49,Monthly,1,16.5,3,2,Mobile wallet,0,0
S02576,North America,63,Basic,8.99,Monthly,34,8.6,2,0,Mobile wallet,0,0
S02577,Asia-Pacific,21,Standard,10.49,Monthly,12,11.6,2,0,Mobile wallet,1,0
S02578,Asia-Pacific,18,Basic,6.29,Monthly,13,3.0,4,0,Card,1,0
S02579,Europe,16,Premium,22.99,Monthly,12,7.5,4,0,Bank transfer,1,0
S02580,North America,38,Basic,8.99,Monthly,1,7.0,3,0,Card,1,0
S02581,North America,30,Standard,14.99,Monthly,13,2.6,1,3,PayPal,1,0
S02582,Europe,35,Premium,22.99,Monthly,2,3.9,3,0,Bank transfer,0,1
S02583,Latin America,40,Standard,10.49,Annual,21,8.5,1,0,PayPal,1,0
S02584,North America,39,Basic,8.99,Annual,30,4.3,1,1,PayPal,1,0
S02585,North America,28,Premium,22.99,Annual,4,2.2,1,1,Card,0,1
S02586,North America,16,Basic,8.99,Monthly,14,,3,1,Card,0,1
S02587,Latin America,30,Standard,10.49,Monthly,10,7.0,4,1,Card,0,0
S02588,Europe,33,Basic,8.99,Monthly,24,5.1,1,0,Card,0,0
S02589,North America,32,Standard,14.99,Annual,15,2.9,1,1,Mobile wallet,0,0
S02590,North America,26,Standard,14.99,Monthly,13,2.2,1,2,Card,1,1
S02591,Europe,18,Basic,8.99,Monthly,28,10.8,2,1,Mobile wallet,0,1
S02592,North America,32,Basic,8.99,Monthly,62,4.7,1,0,Bank transfer,0,0
S02593,North America,54,Standard,14.99,Monthly,1,15.6,2,3,PayPal,0,1
S02594,North America,29,Basic,8.99,Monthly,20,2.4,2,1,PayPal,1,0
S02595,Latin America,38,Premium,16.09,Monthly,18,5.2,2,0,Mobile wallet,0,0
S02596,North America,36,Standard,14.99,Monthly,13,10.3,1,0,Card,0,0
S02597,Europe,22,Basic,8.99,Annual,14,4.4,1,0,PayPal,1,0
S02598,Asia-Pacific,25,Standard,10.49,Monthly,26,2.4,1,4,Card,1,0
S02599,Asia-Pacific,38,Basic,6.29,Annual,3,5.2,3,0,Card,1,1
S02600,Asia-Pacific,49,Standard,10.49,Monthly,12,1.5,4,0,Card,0,1
S02601,Asia-Pacific,43,Standard,10.49,Monthly,1,5.2,4,1,Card,1,1
S02602,Asia-Pacific,44,Basic,6.29,Annual,39,1.2,1,1,Bank transfer,1,0
S02603,Latin America,49,Basic,6.29,Monthly,45,,4,0,Mobile wallet,1,0
S02604,Europe,16,Basic,8.99,Monthly,4,1.6,1,0,Card,0,0
S02605,Europe,26,Standard,14.99,Monthly,17,3.1,1,0,Card,1,0
S02606,Asia-Pacific,68,Standard,10.49,Annual,21,14.2,2,1,PayPal,1,0
S02607,Asia-Pacific,65,Premium,16.09,Annual,72,3.3,1,0,PayPal,1,0
S02608,North America,44,Basic,8.99,Annual,3,7.6,2,0,Card,0,0
S02609,Middle East,47,Basic,8.99,Annual,46,1.9,2,0,Bank transfer,0,0
S02610,Europe,39,Premium,22.99,Annual,13,13.6,3,2,Card,1,0
S02611,North America,31,Basic,8.99,Annual,3,4.1,1,1,PayPal,1,0
S02612,Latin America,55,Standard,10.49,Annual,3,3.2,2,1,Bank transfer,1,0
S02613,Europe,22,Standard,14.99,Monthly,12,3.2,4,1,Card,1,0
S02614,North America,33,Premium,22.99,Monthly,22,11.4,3,0,Card,0,0
S02615,Latin America,28,Premium,16.09,Annual,20,1.4,4,1,Card,1,0
S02616,North America,46,Premium,22.99,Monthly,11,9.1,1,0,Card,1,1
S02617,North America,29,Premium,22.99,Monthly,24,4.7,2,0,Card,1,0
S02618,Europe,45,Premium,22.99,Monthly,32,5.5,3,0,Card,1,0
S02619,Latin America,24,Premium,16.09,Monthly,24,3.4,1,0,Card,1,0
S02620,Africa,27,Standard,10.49,Monthly,6,,1,0,Bank transfer,0,0
S02621,Europe,35,Basic,8.99,Monthly,12,9.7,3,0,Card,0,0
S02622,Middle East,24,Premium,22.99,Annual,9,1.7,3,1,Card,0,0
S02623,Europe,31,Standard,14.99,Monthly,17,21.8,1,1,Card,1,0
S02624,Europe,32,Premium,22.99,Monthly,17,2.1,1,2,Card,0,1
S02625,Europe,38,Basic,8.99,Monthly,31,6.1,1,2,Card,1,1
S02626,North America,51,Basic,8.99,Monthly,12,4.6,1,0,PayPal,1,0
S02627,North America,40,Basic,8.99,Annual,11,10.1,2,1,Card,1,0
S02628,Latin America,48,Basic,6.29,Annual,3,6.1,2,0,Card,1,0
S02629,Europe,46,Standard,14.99,Annual,40,8.4,3,1,Mobile wallet,1,0
S02630,Africa,35,Basic,6.29,Monthly,36,6.4,3,0,Card,1,0
S02631,Asia-Pacific,50,Standard,10.49,Annual,17,3.4,2,0,PayPal,1,0
S02632,Latin America,30,Standard,10.49,Annual,3,1.7,2,0,Mobile wallet,0,1
S02633,Africa,24,Premium,16.09,Annual,25,6.2,2,1,Mobile wallet,0,0
S02634,North America,31,Premium,22.99,Annual,19,6.5,1,0,Card,1,0
S02635,Europe,46,Standard,14.99,Annual,16,8.4,2,0,Mobile wallet,1,0
S02636,North America,27,Premium,22.99,Annual,20,2.4,2,4,Card,1,0
S02637,Europe,17,Basic,8.99,Annual,34,10.1,3,0,Card,1,0
S02638,Europe,31,Standard,14.99,Monthly,13,3.1,1,0,Mobile wallet,1,0
S02639,North America,35,Standard,14.99,Annual,10,6.1,3,1,Bank transfer,1,0
S02640,Africa,43,Premium,16.09,Monthly,22,9.3,3,3,Mobile wallet,1,0
S02641,Asia-Pacific,45,Standard,10.49,Monthly,26,3.4,1,2,Card,0,1
S02642,Europe,28,Premium,22.99,Monthly,25,3.3,1,1,Card,1,0
S02643,North America,39,Standard,14.99,Monthly,15,6.6,4,0,Card,0,0
S02644,North America,33,Basic,8.99,Monthly,2,0.7,1,3,Card,1,0
S02645,Africa,18,Standard,10.49,Monthly,4,8.0,3,1,Card,1,0
S02646,North America,19,Premium,22.99,Monthly,6,1.5,3,1,Card,0,1
S02647,Europe,20,Standard,14.99,Annual,11,2.3,1,0,PayPal,1,0
S02648,North America,33,Standard,14.99,Monthly,18,0.7,1,2,PayPal,1,0
S02649,Asia-Pacific,43,Standard,10.49,Annual,30,7.5,4,0,Card,1,0
S02650,Europe,58,Basic,8.99,Monthly,10,2.9,1,0,Mobile wallet,0,0
S02651,Asia-Pacific,24,Basic,6.29,Annual,3,1.0,1,1,Mobile wallet,1,1
S02652,Latin America,24,Basic,6.29,Monthly,12,19.2,1,1,Mobile wallet,0,0
S02653,Asia-Pacific,41,Basic,6.29,Annual,7,6.1,3,1,Bank transfer,0,0
S02654,Asia-Pacific,35,Premium,16.09,Monthly,5,2.9,2,3,Card,0,1
S02655,Africa,36,Standard,10.49,Annual,56,10.4,1,0,Card,1,0
S02656,North America,29,Premium,22.99,Annual,7,1.9,3,1,PayPal,1,0
S02657,Africa,48,Basic,6.29,Monthly,19,8.9,1,1,Card,1,1
S02658,Asia-Pacific,51,Standard,10.49,Monthly,41,9.0,1,0,Card,1,0
S02659,Africa,16,Standard,10.49,Annual,15,5.7,3,0,Bank transfer,1,0
S02660,Asia-Pacific,49,Premium,16.09,Annual,28,0.7,1,3,Bank transfer,1,0
S02661,Africa,45,Premium,16.09,Monthly,10,2.1,4,1,Bank transfer,0,0
S02662,North America,33,Premium,22.99,Annual,23,4.3,2,0,Card,1,0
S02663,Asia-Pacific,19,Premium,16.09,Monthly,1,2.9,1,0,Card,1,0
S02664,Asia-Pacific,35,Basic,6.29,Monthly,6,5.2,3,1,Bank transfer,0,0
S02665,Middle East,23,Standard,14.99,Monthly,25,3.5,2,1,PayPal,0,0
S02666,North America,46,Standard,14.99,Monthly,6,5.0,1,2,Card,0,1
S02667,North America,19,Basic,8.99,Monthly,2,6.1,2,1,Mobile wallet,1,0
S02668,North America,32,Basic,8.99,Annual,13,2.7,1,1,Card,1,0
S02669,Asia-Pacific,43,Standard,10.49,Monthly,4,3.2,1,0,PayPal,0,1
S02670,Europe,27,Basic,8.99,Monthly,8,2.1,1,3,Card,0,1
S02671,North America,39,Basic,8.99,Annual,4,7.8,1,0,Card,1,0
S02672,North America,34,Standard,14.99,Monthly,11,5.7,1,3,Card,1,0
S02673,North America,21,Basic,8.99,Annual,5,4.1,2,0,Bank transfer,1,0
S02674,Africa,24,Basic,6.29,Monthly,12,5.8,2,2,Card,0,1
S02675,Europe,45,Basic,8.99,Annual,19,12.6,3,0,Card,1,0
S02676,Latin America,46,Premium,16.09,Annual,42,12.5,3,0,Mobile wallet,1,0
S02677,North America,31,Basic,8.99,Monthly,16,6.3,1,0,Card,1,1
S02678,North America,25,Basic,8.99,Annual,1,9.0,2,4,Bank transfer,1,0
S02679,Latin America,45,Basic,6.29,Monthly,10,8.5,2,2,PayPal,1,0
S02680,Europe,43,Standard,14.99,Monthly,15,7.0,1,2,Bank transfer,0,0
S02681,Latin America,27,Standard,10.49,Monthly,25,4.3,1,0,PayPal,1,0
S02682,Asia-Pacific,23,Standard,10.49,Monthly,39,8.8,2,0,PayPal,0,0
S02683,Europe,33,Standard,14.99,Monthly,2,3.3,3,0,PayPal,1,1
S02684,Europe,37,Standard,14.99,Annual,7,9.1,1,0,Card,0,0
S02685,Europe,35,Basic,8.99,Monthly,15,5.0,1,0,PayPal,0,0
S02686,Europe,48,Standard,14.99,Monthly,23,5.1,1,0,Card,1,0
S02687,Europe,44,Basic,8.99,Annual,11,2.2,2,1,Bank transfer,1,0
S02688,Europe,42,Premium,22.99,Monthly,15,12.0,1,2,Card,0,0
S02689,Europe,19,Basic,8.99,Annual,9,2.3,1,3,Card,0,1
S02690,Europe,27,Standard,14.99,Monthly,14,3.5,1,1,Mobile wallet,1,0
S02691,Asia-Pacific,41,Standard,10.49,Monthly,6,8.6,3,1,Card,0,0
S02692,North America,38,Basic,8.99,Annual,11,3.8,1,1,Card,1,0
S02693,North America,24,Premium,22.99,Monthly,15,7.6,2,0,Card,1,0
S02694,Latin America,43,Basic,6.29,Annual,2,4.0,2,1,Mobile wallet,0,0
S02695,Asia-Pacific,36,Standard,10.49,Monthly,9,1.8,2,0,Mobile wallet,1,0
S02696,Europe,34,Premium,22.99,Annual,12,1.6,3,6,PayPal,1,0
S02697,Africa,53,Standard,10.49,Annual,4,5.3,3,0,Mobile wallet,1,0
S02698,Europe,39,Basic,8.99,Monthly,33,4.4,2,2,Bank transfer,1,1
S02699,Europe,26,Standard,14.99,Monthly,9,,2,0,Card,1,0
S02700,Africa,49,Standard,10.49,Monthly,12,2.1,3,0,Card,1,1
S02701,Middle East,30,Basic,8.99,Annual,39,6.0,1,0,Mobile wallet,1,0
S02702,Europe,23,Premium,22.99,Annual,9,6.2,1,0,Card,1,0
S02703,Europe,45,Basic,8.99,Monthly,22,3.0,1,1,PayPal,0,0
S02704,Asia-Pacific,47,Basic,6.29,Annual,43,4.5,1,1,Card,0,0
S02705,Latin America,36,Basic,6.29,Annual,27,15.9,1,0,Card,1,0
S02706,Europe,29,Basic,8.99,Annual,25,6.3,1,1,Mobile wallet,1,0
S02707,Europe,36,Standard,14.99,Annual,33,4.0,3,1,Card,1,0
S02708,North America,27,Basic,8.99,Monthly,3,18.2,2,0,Card,0,0
S02709,Europe,26,Premium,22.99,Annual,14,5.4,3,0,PayPal,1,0
S02710,North America,31,Basic,8.99,Monthly,5,4.5,2,0,Card,0,1
S02711,Asia-Pacific,16,Basic,6.29,Monthly,35,1.0,2,0,Bank transfer,1,1
S02712,North America,32,Premium,22.99,Monthly,2,4.0,4,1,PayPal,0,0
S02713,North America,33,Basic,8.99,Monthly,16,9.5,1,3,Card,0,0
S02714,Asia-Pacific,28,Standard,10.49,Annual,11,2.6,1,2,Card,0,1
S02715,North America,22,Basic,8.99,Monthly,31,5.7,1,0,Card,0,0
S02716,North America,28,Premium,22.99,Annual,1,2.0,3,1,Mobile wallet,1,0
S02717,Europe,53,Basic,8.99,Annual,4,8.3,2,1,Mobile wallet,0,0
S02718,Europe,24,Basic,8.99,Monthly,2,4.3,2,2,Mobile wallet,0,0
S02719,Asia-Pacific,35,Standard,10.49,Monthly,16,14.7,1,0,Card,0,0
S02720,Europe,33,Basic,8.99,Annual,9,5.4,1,2,Bank transfer,0,0
S02721,North America,45,Basic,8.99,Monthly,2,4.4,2,0,Card,0,1
S02722,North America,22,Standard,14.99,Monthly,9,7.3,2,3,Card,1,0
S02723,North America,32,Standard,14.99,Annual,2,11.1,1,1,Card,1,0
S02724,Europe,16,Standard,14.99,Annual,33,5.3,2,1,Card,1,0
S02725,Middle East,33,Standard,14.99,Monthly,15,11.3,4,0,PayPal,1,0
S02726,North America,37,Standard,14.99,Annual,10,5.5,2,1,Bank transfer,1,0
S02727,Europe,46,Basic,8.99,Monthly,19,1.4,4,3,PayPal,1,1
S02728,North America,32,Basic,8.99,Monthly,14,3.0,3,2,PayPal,0,1
S02729,Asia-Pacific,49,Basic,6.29,Monthly,24,12.1,4,0,Card,1,0
S02730,Asia-Pacific,32,Basic,6.29,Monthly,9,8.0,3,0,Card,0,0
S02731,Africa,23,Basic,6.29,Monthly,20,10.3,1,0,PayPal,1,0
S02732,Latin America,22,Basic,6.29,Annual,18,13.6,2,0,Card,1,0
S02733,North America,53,Basic,8.99,Monthly,55,5.0,1,0,Card,0,0
S02734,Africa,29,Standard,10.49,Monthly,10,4.9,2,1,Card,0,0
S02735,North America,16,Basic,8.99,Monthly,38,2.2,3,0,Card,0,0
S02736,North America,17,Premium,22.99,Annual,20,2.7,1,2,PayPal,1,0
S02737,Europe,19,Standard,14.99,Monthly,10,6.7,1,0,Card,0,0
S02738,Africa,30,Standard,10.49,Monthly,17,1.0,1,3,Bank transfer,0,1
S02739,Europe,24,Basic,8.99,Monthly,14,6.9,1,0,Card,1,0
S02740,North America,40,Basic,8.99,Annual,23,,2,0,Card,1,0
S02741,Latin America,46,Standard,10.49,Annual,33,5.2,3,0,Card,1,0
S02742,North America,29,Basic,8.99,Monthly,2,3.7,3,0,Card,1,0
S02743,Africa,22,Basic,6.29,Monthly,9,9.5,1,0,Bank transfer,0,0
S02744,Africa,22,Premium,16.09,Annual,18,2.7,3,3,Card,1,0
S02745,Latin America,41,Standard,10.49,Monthly,13,6.1,2,0,Card,1,0
S02746,North America,32,Standard,14.99,Annual,10,7.9,1,0,Card,1,0
S02747,Europe,22,Basic,8.99,Monthly,7,5.9,4,0,PayPal,1,0
S02748,Europe,46,Basic,8.99,Monthly,2,3.2,1,0,Mobile wallet,0,0
S02749,North America,31,Premium,22.99,Monthly,1,14.7,3,0,Card,0,0
S02750,North America,22,Basic,8.99,Monthly,6,3.4,2,1,Mobile wallet,1,0
S02751,Asia-Pacific,18,Basic,6.29,Monthly,54,10.6,3,1,Mobile wallet,0,0
S02752,North America,37,Premium,22.99,Annual,3,2.9,2,1,Mobile wallet,1,0
S02753,North America,32,Standard,14.99,Monthly,15,5.8,2,1,Bank transfer,1,1
S02754,Europe,17,Basic,8.99,Monthly,10,7.8,3,1,Card,0,0
S02755,Europe,38,Standard,14.99,Monthly,4,11.9,1,0,PayPal,1,0
S02756,North America,30,Basic,8.99,Annual,4,8.4,4,0,PayPal,1,0
S02757,Europe,42,Premium,22.99,Monthly,5,9.5,2,1,Card,1,0
S02758,Latin America,41,Premium,16.09,Monthly,35,8.1,3,2,Mobile wallet,1,0
S02759,Europe,56,Standard,14.99,Monthly,14,5.7,1,1,Card,0,0
S02760,Europe,16,Basic,8.99,Annual,8,7.0,3,0,Card,0,1
S02761,North America,23,Premium,22.99,Annual,3,9.6,2,0,Mobile wallet,1,0
S02762,Asia-Pacific,38,Basic,6.29,Monthly,20,5.3,3,0,Card,0,0
S02763,Europe,53,Standard,14.99,Annual,32,4.6,4,0,Mobile wallet,1,0
S02764,Europe,40,Standard,14.99,Annual,2,1.7,3,2,Card,1,0
S02765,Europe,31,Standard,14.99,Monthly,20,6.8,2,0,Bank transfer,0,0
S02766,Asia-Pacific,19,Basic,6.29,Monthly,18,8.0,1,0,PayPal,0,0
S02767,North America,26,Standard,14.99,Monthly,27,4.9,1,1,Card,0,0
S02768,Asia-Pacific,36,Standard,10.49,Monthly,25,9.1,3,1,Mobile wallet,1,0
S02769,Europe,16,Basic,8.99,Monthly,1,7.7,1,0,Bank transfer,1,0
S02770,Asia-Pacific,46,Basic,6.29,Monthly,6,5.3,1,0,Card,0,0
S02771,Africa,16,Standard,10.49,Monthly,8,4.2,2,1,Mobile wallet,1,0
S02772,Asia-Pacific,44,Standard,10.49,Monthly,9,3.5,1,0,PayPal,0,1
S02773,North America,40,Basic,8.99,Annual,20,3.0,4,0,Card,1,0
S02774,Latin America,42,Standard,10.49,Annual,7,4.7,3,1,Card,1,0
S02775,Europe,31,Premium,22.99,Monthly,24,3.8,2,3,PayPal,0,0
S02776,North America,41,Standard,14.99,Monthly,8,4.5,3,2,Card,1,0
S02777,North America,18,Basic,8.99,Annual,21,2.1,3,2,Bank transfer,1,0
S02778,Asia-Pacific,16,Basic,6.29,Annual,7,7.2,2,1,Card,1,0
S02779,North America,29,Standard,14.99,Annual,19,13.7,4,1,Bank transfer,1,0
S02780,North America,42,Standard,14.99,Monthly,5,2.7,2,0,Mobile wallet,1,0
S02781,Europe,43,Premium,22.99,Monthly,4,2.9,2,2,Mobile wallet,1,0
S02782,Europe,39,Basic,8.99,Monthly,22,8.8,2,0,PayPal,1,0
S02783,Europe,32,Premium,22.99,Annual,2,6.7,1,0,Card,1,0
S02784,North America,45,Basic,8.99,Monthly,13,10.6,3,0,Card,1,0
S02785,North America,41,Standard,14.99,Annual,40,4.1,2,2,Card,1,0
S02786,North America,41,Basic,8.99,Monthly,55,10.2,1,1,Mobile wallet,1,0
S02787,North America,22,Standard,14.99,Monthly,16,1.3,1,2,Mobile wallet,1,0
S02788,Asia-Pacific,41,Premium,16.09,Annual,21,8.8,1,1,Mobile wallet,1,0
S02789,Latin America,38,Basic,6.29,Annual,8,3.3,1,0,Mobile wallet,1,0
S02790,Asia-Pacific,16,Basic,6.29,Monthly,37,4.4,1,0,Card,1,0
S02791,North America,35,Basic,8.99,Monthly,33,9.4,3,0,Card,1,0
S02792,Latin America,55,Premium,16.09,Monthly,21,6.0,1,0,Card,1,0
S02793,Middle East,36,Standard,14.99,Monthly,31,4.2,2,2,Bank transfer,1,0
S02794,North America,44,Basic,8.99,Monthly,17,9.0,2,0,Bank transfer,0,0
S02795,Europe,37,Standard,14.99,Monthly,27,11.2,3,0,PayPal,0,0
S02796,Asia-Pacific,42,Premium,16.09,Annual,16,10.3,1,0,Bank transfer,1,0
S02797,Europe,46,Premium,22.99,Monthly,4,10.3,1,2,Card,0,1
S02798,Europe,39,Premium,22.99,Monthly,9,5.5,3,0,Bank transfer,0,0
S02799,Europe,46,Premium,22.99,Monthly,3,4.8,1,0,PayPal,1,1
S02800,Europe,46,Standard,14.99,Annual,6,2.1,1,3,Mobile wallet,1,1
S02801,North America,26,Standard,14.99,Annual,12,7.1,2,0,Card,1,0
S02802,North America,40,Standard,14.99,Monthly,3,7.0,1,1,PayPal,1,0
S02803,Middle East,35,Standard,14.99,Monthly,54,9.6,2,0,Mobile wallet,0,0
S02804,Middle East,16,Standard,14.99,Monthly,20,2.4,4,3,Mobile wallet,0,1
S02805,North America,31,Standard,14.99,Annual,1,5.3,1,0,Card,1,0
S02806,Asia-Pacific,24,Basic,6.29,Annual,31,10.2,2,2,Card,1,1
S02807,Africa,31,Premium,16.09,Monthly,11,2.6,1,0,Mobile wallet,1,0
S02808,Europe,49,Basic,8.99,Annual,17,7.6,1,1,Card,1,0
S02809,Asia-Pacific,35,Standard,10.49,Annual,6,3.5,3,1,PayPal,1,0
S02810,Latin America,16,Standard,10.49,Annual,19,3.4,1,0,Card,1,0
S02811,Europe,24,Basic,8.99,Annual,36,6.3,1,0,PayPal,1,0
S02812,Europe,49,Basic,8.99,Monthly,4,1.6,2,0,Card,1,0
S02813,North America,39,Standard,14.99,Monthly,2,2.0,2,0,Card,0,0
S02814,Europe,18,Basic,8.99,Annual,22,5.6,2,0,PayPal,1,0
S02815,North America,26,Standard,14.99,Monthly,15,6.4,1,1,Mobile wallet,0,0
S02816,North America,37,Standard,14.99,Monthly,11,5.8,1,2,PayPal,1,1
S02817,Europe,36,Basic,8.99,Annual,1,6.2,4,0,Mobile wallet,1,0
S02818,Europe,26,Premium,22.99,Annual,19,2.2,1,2,Card,1,1
S02819,Latin America,28,Standard,10.49,Monthly,1,9.0,2,1,Mobile wallet,0,1
S02820,North America,38,Basic,8.99,Monthly,13,5.9,1,2,Card,1,0
S02821,North America,26,Basic,8.99,Monthly,3,5.2,2,0,PayPal,1,0
S02822,Latin America,33,Standard,10.49,Annual,15,6.7,1,1,Card,1,0
S02823,Europe,28,Standard,14.99,Monthly,9,6.1,4,0,PayPal,0,0
S02824,Latin America,26,Premium,16.09,Monthly,12,1.1,2,0,Bank transfer,1,0
S02825,Middle East,48,Premium,22.99,Annual,9,7.1,3,0,Mobile wallet,1,0
S02826,North America,25,Standard,14.99,Monthly,9,0.7,1,1,PayPal,0,1
S02827,North America,40,Basic,8.99,Monthly,15,1.5,1,2,Card,1,0
S02828,Europe,34,Premium,22.99,Annual,14,7.6,2,1,Card,1,0
S02829,Europe,35,Standard,14.99,Monthly,27,4.5,1,0,Bank transfer,1,1
S02830,Asia-Pacific,36,Basic,6.29,Monthly,27,5.5,3,0,Card,0,0
S02831,North America,37,Standard,14.99,Monthly,42,8.6,1,0,PayPal,0,1
S02832,North America,42,Standard,14.99,Annual,27,4.7,2,0,Card,1,0
S02833,Europe,36,Standard,14.99,Monthly,51,6.4,3,0,Bank transfer,1,0
S02834,Europe,43,Basic,8.99,Monthly,5,1.1,2,1,PayPal,0,0
S02835,Asia-Pacific,40,Basic,6.29,Monthly,24,13.7,3,1,PayPal,0,1
S02836,Asia-Pacific,30,Basic,6.29,Monthly,28,8.9,1,2,Card,0,0
S02837,Asia-Pacific,43,Premium,16.09,Monthly,20,8.6,2,0,Bank transfer,1,0
S02838,Europe,47,Basic,8.99,Monthly,19,6.1,4,1,PayPal,1,0
S02839,Europe,47,Basic,8.99,Annual,33,7.3,3,3,Card,1,0
S02840,North America,35,Basic,8.99,Monthly,16,5.0,1,1,Card,0,0
S02841,Europe,38,Standard,14.99,Monthly,3,4.1,2,1,Card,1,1
S02842,Middle East,63,Standard,14.99,Annual,12,4.6,1,1,Bank transfer,1,0
S02843,Asia-Pacific,45,Basic,6.29,Monthly,11,5.4,4,1,PayPal,1,1
S02844,Latin America,25,Basic,6.29,Monthly,4,1.6,2,2,PayPal,0,0
S02845,North America,23,Standard,14.99,Monthly,31,4.5,2,0,PayPal,1,0
S02846,North America,44,Standard,14.99,Annual,22,15.5,1,1,PayPal,1,0
S02847,Europe,29,Premium,22.99,Monthly,36,12.7,2,1,Card,0,0
S02848,Europe,45,Standard,14.99,Monthly,17,5.5,1,1,Card,1,0
S02849,Europe,39,Standard,14.99,Annual,32,3.6,4,1,Card,0,0
S02850,North America,29,Basic,8.99,Annual,2,6.4,1,0,Card,1,0
S02851,Europe,39,Premium,22.99,Annual,10,3.4,3,0,Bank transfer,1,0
S02852,North America,41,Premium,22.99,Annual,18,,2,0,Mobile wallet,1,0
S02853,North America,42,Premium,22.99,Monthly,7,2.8,3,1,Card,1,1
S02854,Asia-Pacific,20,Standard,10.49,Annual,17,7.3,1,1,Card,1,0
S02855,Latin America,19,Standard,10.49,Monthly,19,8.7,2,1,Mobile wallet,0,0
S02856,North America,37,Basic,8.99,Monthly,18,3.3,2,3,Card,1,1
S02857,Middle East,20,Standard,14.99,Monthly,23,5.3,2,1,Card,0,0
S02858,North America,35,Premium,22.99,Monthly,2,7.5,2,0,Bank transfer,1,1
S02859,Europe,43,Basic,8.99,Annual,1,2.2,1,4,Bank transfer,0,1
S02860,Middle East,41,Premium,22.99,Monthly,19,3.5,1,1,Card,0,0
S02861,Europe,27,Basic,8.99,Monthly,11,8.4,3,2,Card,1,0
S02862,Asia-Pacific,44,Basic,6.29,Monthly,26,6.4,2,1,Bank transfer,0,1
S02863,North America,28,Basic,8.99,Monthly,2,4.7,2,2,Mobile wallet,1,0
S02864,Latin America,28,Basic,6.29,Annual,13,15.9,1,1,Card,1,0
S02865,Europe,16,Premium,22.99,Monthly,18,8.3,1,1,Mobile wallet,1,0
S02866,North America,16,Standard,14.99,Monthly,28,5.9,2,0,Card,1,0
S02867,Latin America,27,Standard,10.49,Monthly,29,8.2,1,2,Card,0,0
S02868,Europe,34,Premium,22.99,Annual,30,4.4,1,1,Mobile wallet,1,0
S02869,Europe,54,Premium,22.99,Monthly,4,1.6,3,1,Mobile wallet,0,1
S02870,Europe,16,Standard,14.99,Monthly,28,2.6,2,2,PayPal,1,0
S02871,Europe,57,Standard,14.99,Monthly,12,3.7,1,1,Card,0,0
S02872,Asia-Pacific,29,Premium,16.09,Monthly,2,4.5,1,0,Card,1,0
S02873,Africa,49,Standard,10.49,Annual,2,10.1,1,1,Card,0,0
S02874,Asia-Pacific,39,Premium,16.09,Monthly,10,4.3,2,1,Mobile wallet,1,0
S02875,Europe,17,Basic,8.99,Monthly,44,2.5,1,0,Card,0,0
S02876,North America,31,Basic,8.99,Monthly,4,4.9,1,1,Mobile wallet,0,0
S02877,Asia-Pacific,43,Basic,6.29,Annual,2,4.3,2,1,Card,1,0
S02878,Europe,42,Basic,8.99,Monthly,27,1.1,1,3,PayPal,1,0
S02879,North America,18,Standard,14.99,Annual,7,1.2,1,0,PayPal,0,0
S02880,Africa,51,Standard,10.49,Monthly,25,4.5,4,1,Card,1,0
S02881,Asia-Pacific,32,Standard,10.49,Monthly,22,4.4,3,0,Mobile wallet,0,0
S02882,Asia-Pacific,16,Basic,6.29,Annual,9,4.3,1,0,Card,1,0
S02883,Asia-Pacific,16,Standard,10.49,Monthly,16,5.2,2,0,Card,1,0
S02884,North America,16,Basic,8.99,Monthly,15,5.1,1,1,Card,1,1
S02885,Latin America,30,Standard,10.49,Monthly,20,6.6,3,0,Bank transfer,0,0
S02886,Latin America,16,Standard,10.49,Monthly,8,5.3,3,0,Mobile wallet,0,0
S02887,Latin America,23,Standard,10.49,Monthly,6,3.5,1,0,Card,0,1
S02888,Europe,39,Premium,22.99,Monthly,22,5.6,2,1,Card,1,0
S02889,Europe,51,Standard,14.99,Annual,1,9.4,1,1,PayPal,1,0
S02890,North America,21,Standard,14.99,Monthly,17,3.9,4,0,Card,1,0
S02891,North America,28,Basic,8.99,Monthly,32,10.5,2,0,Card,0,0
S02892,Europe,16,Premium,22.99,Monthly,12,3.1,1,1,Card,1,0
S02893,North America,45,Standard,14.99,Annual,1,3.8,4,0,Card,1,0
S02894,Asia-Pacific,19,Basic,6.29,Monthly,19,,2,0,Card,1,0
S02895,Latin America,22,Standard,10.49,Monthly,5,1.7,2,1,Card,0,1
S02896,Latin America,51,Premium,16.09,Annual,16,13.4,2,0,Card,1,1
S02897,North America,28,Basic,8.99,Monthly,17,1.6,1,1,PayPal,1,0
S02898,Asia-Pacific,32,Basic,6.29,Annual,24,8.9,2,1,PayPal,1,0
S02899,North America,60,Basic,8.99,Monthly,4,8.1,2,2,Card,0,0
S02900,Latin America,53,Basic,6.29,Monthly,49,,1,0,Card,1,0
S02901,Asia-Pacific,16,Premium,16.09,Monthly,39,5.1,2,1,Card,1,0
S02902,Latin America,44,Standard,10.49,Monthly,10,5.3,3,0,Card,1,0
S02903,Middle East,19,Basic,8.99,Monthly,34,3.5,2,2,PayPal,1,0
S02904,North America,38,Premium,22.99,Monthly,43,1.2,2,2,PayPal,1,0
S02905,Latin America,51,Basic,6.29,Monthly,19,7.4,1,1,Card,0,1
S02906,Africa,26,Basic,6.29,Monthly,2,2.6,1,0,PayPal,0,0
S02907,North America,37,Basic,8.99,Monthly,4,3.2,2,2,PayPal,1,1
S02908,Asia-Pacific,28,Basic,6.29,Monthly,10,3.4,3,0,PayPal,1,0
S02909,Asia-Pacific,40,Standard,10.49,Monthly,8,13.6,2,0,PayPal,1,0
S02910,Asia-Pacific,17,Standard,10.49,Monthly,8,1.0,2,4,Card,1,0
S02911,North America,36,Standard,14.99,Monthly,10,10.6,2,0,PayPal,1,0
S02912,North America,33,Standard,14.99,Annual,22,,3,1,Card,1,0
S02913,Europe,41,Basic,8.99,Monthly,30,2.0,1,1,Card,1,0
S02914,Europe,20,Standard,14.99,Monthly,19,4.2,3,0,Mobile wallet,0,1
S02915,Europe,17,Standard,14.99,Annual,32,5.5,2,0,Mobile wallet,1,0
S02916,Asia-Pacific,42,Premium,16.09,Monthly,12,6.5,2,0,Card,1,1
S02917,North America,40,Basic,8.99,Monthly,6,3.8,3,2,Mobile wallet,1,0
S02918,Latin America,35,Basic,6.29,Monthly,11,3.5,2,0,Card,0,1
S02919,Africa,58,Basic,6.29,Annual,19,5.6,3,0,Bank transfer,1,0
S02920,Asia-Pacific,38,Standard,10.49,Monthly,8,1.2,2,3,Card,0,1
S02921,Europe,41,Standard,14.99,Monthly,3,4.0,1,1,Card,1,1
S02922,North America,31,Standard,14.99,Monthly,4,11.3,1,0,PayPal,1,0
S02923,Europe,28,Basic,8.99,Monthly,43,12.4,1,0,Card,0,0
S02924,Europe,18,Basic,8.99,Monthly,4,10.2,1,0,PayPal,0,0
S02925,Asia-Pacific,59,Basic,6.29,Monthly,1,5.9,1,1,Mobile wallet,1,0
S02926,Asia-Pacific,16,Basic,6.29,Monthly,4,2.7,3,3,Card,0,1
S02927,North America,29,Standard,14.99,Monthly,9,4.4,2,0,PayPal,1,0
S02928,Asia-Pacific,45,Basic,6.29,Annual,12,4.7,1,1,PayPal,1,0
S02929,Europe,19,Basic,8.99,Monthly,25,2.2,1,0,PayPal,0,0
S02930,Latin America,24,Standard,10.49,Annual,49,3.1,3,1,Mobile wallet,0,1
S02931,Latin America,44,Premium,16.09,Monthly,2,8.1,3,2,Card,1,0
S02932,Africa,30,Standard,10.49,Monthly,9,5.0,3,1,Card,1,0
S02933,North America,43,Basic,8.99,Monthly,2,1.0,2,1,Card,1,1
S02934,North America,44,Standard,14.99,Monthly,5,12.0,2,1,PayPal,0,0
S02935,North America,25,Standard,14.99,Monthly,13,8.3,4,2,PayPal,1,0
S02936,Europe,31,Standard,14.99,Annual,2,3.1,3,2,Card,1,0
S02937,Asia-Pacific,32,Premium,16.09,Monthly,5,,2,0,Card,1,0
S02938,Europe,34,Basic,8.99,Annual,5,6.1,2,0,Card,1,0
S02939,North America,40,Basic,8.99,Annual,7,7.1,1,1,Card,1,0
S02940,Middle East,55,Premium,22.99,Monthly,28,4.1,1,2,Mobile wallet,1,1
S02941,Asia-Pacific,37,Standard,10.49,Monthly,43,7.6,3,1,Card,0,0
S02942,Europe,45,Basic,8.99,Monthly,19,12.6,2,0,Card,1,0
S02943,North America,39,Basic,8.99,Annual,42,1.0,2,0,PayPal,1,0
S02944,Europe,43,Premium,22.99,Monthly,7,8.4,1,1,Card,0,0
S02945,Africa,45,Basic,6.29,Monthly,12,0.4,2,0,PayPal,0,1
S02946,Latin America,59,Standard,10.49,Annual,27,6.8,2,1,Card,1,0
S02947,North America,41,Basic,8.99,Monthly,20,4.5,2,1,Card,1,1
S02948,Africa,39,Standard,10.49,Monthly,21,4.6,1,0,Card,1,0
S02949,Asia-Pacific,34,Basic,6.29,Monthly,22,6.4,1,1,Card,0,0
S02950,Europe,58,Basic,8.99,Monthly,8,6.0,4,1,Mobile wallet,0,0
S02951,Europe,16,Standard,14.99,Monthly,6,7.1,1,1,Mobile wallet,0,1
S02952,Africa,16,Standard,10.49,Annual,2,4.6,1,0,Card,0,0
S02953,North America,29,Premium,22.99,Monthly,39,14.1,3,0,Mobile wallet,0,0
S02954,Asia-Pacific,24,Standard,10.49,Monthly,1,1.9,3,2,Card,0,0
S02955,Asia-Pacific,33,Basic,6.29,Monthly,5,4.3,3,1,Bank transfer,1,1
S02956,Asia-Pacific,16,Basic,6.29,Annual,22,9.2,3,0,Mobile wallet,0,0
S02957,Europe,36,Basic,8.99,Annual,8,12.0,1,0,Card,1,0
S02958,North America,37,Standard,14.99,Monthly,9,5.3,1,0,Mobile wallet,1,0
S02959,Asia-Pacific,44,Premium,16.09,Annual,6,11.3,1,2,Mobile wallet,1,0
S02960,North America,29,Basic,8.99,Monthly,11,6.0,2,3,PayPal,1,0
S02961,Europe,27,Basic,8.99,Monthly,43,4.5,2,0,Card,1,0
S02962,Europe,41,Basic,8.99,Monthly,21,6.2,1,1,Card,0,0
S02963,Asia-Pacific,16,Standard,10.49,Monthly,34,2.8,1,1,Bank transfer,0,0
S02964,Africa,34,Premium,16.09,Monthly,1,2.7,1,4,Card,0,1
S02965,North America,44,Basic,8.99,Monthly,9,5.6,1,0,Mobile wallet,0,0
S02966,Middle East,42,Premium,22.99,Monthly,17,4.7,1,0,Card,1,0
S02967,Asia-Pacific,42,Basic,6.29,Monthly,6,,1,1,Card,1,1
S02968,Africa,49,Basic,6.29,Monthly,22,2.2,2,5,Mobile wallet,1,1
S02969,Asia-Pacific,41,Basic,6.29,Monthly,41,,3,2,PayPal,0,0
S02970,Europe,24,Premium,22.99,Annual,35,9.9,2,0,Bank transfer,1,0
S02971,Europe,51,Premium,22.99,Monthly,11,11.5,1,1,Bank transfer,1,0
S02972,Europe,34,Standard,14.99,Monthly,15,3.5,3,0,Mobile wallet,0,0
S02973,Middle East,37,Basic,8.99,Monthly,24,4.8,2,1,Card,0,1
S02974,Africa,49,Standard,10.49,Monthly,25,1.1,2,2,Bank transfer,0,0
S02975,Europe,50,Basic,8.99,Annual,5,14.3,3,1,Mobile wallet,1,0
S02976,Europe,32,Basic,8.99,Monthly,2,,4,0,PayPal,1,0
S02977,Europe,28,Basic,8.99,Annual,2,5.5,3,1,Bank transfer,1,0
S02978,Europe,23,Premium,22.99,Monthly,72,9.9,2,2,Card,1,0
S02979,Asia-Pacific,46,Standard,10.49,Annual,19,4.7,2,3,Card,1,0
S02980,Middle East,32,Basic,8.99,Annual,12,2.7,1,3,Card,1,0
S02981,North America,25,Standard,14.99,Monthly,4,5.6,1,1,Card,0,1
S02982,North America,33,Standard,14.99,Monthly,36,4.4,2,0,PayPal,1,0
S02983,Africa,42,Basic,6.29,Monthly,5,3.8,2,0,Card,1,0
S02984,North America,45,Basic,8.99,Annual,41,2.6,2,2,Mobile wallet,0,0
S02985,Asia-Pacific,34,Basic,6.29,Monthly,2,7.4,1,0,PayPal,0,0
S02986,Europe,16,Standard,14.99,Monthly,19,1.6,3,1,Card,1,0
S02987,Latin America,30,Standard,10.49,Annual,2,2.3,1,2,PayPal,1,0
S02988,North America,45,Premium,22.99,Annual,27,2.6,3,2,Bank transfer,0,0
S02989,Middle East,34,Standard,14.99,Annual,16,2.2,2,1,Bank transfer,1,1
S02990,North America,33,Standard,14.99,Monthly,5,10.9,3,0,Card,1,0
S02991,Africa,47,Basic,6.29,Monthly,7,6.2,1,0,Mobile wallet,1,0
S02992,Latin America,39,Standard,10.49,Monthly,17,5.0,4,0,Mobile wallet,0,0
S02993,Asia-Pacific,33,Basic,6.29,Monthly,16,8.1,2,1,Card,0,1
S02994,North America,38,Basic,8.99,Monthly,16,4.4,3,4,Card,0,1
S02995,Europe,51,Basic,8.99,Monthly,24,3.3,1,0,Card,0,0
S02996,Africa,16,Premium,16.09,Annual,14,2.9,2,2,Card,1,0
S02997,Asia-Pacific,42,Basic,6.29,Monthly,16,1.0,1,2,Bank transfer,0,0
S02998,Europe,38,Standard,14.99,Monthly,17,3.2,1,0,PayPal,1,0
S02999,North America,29,Basic,8.99,Monthly,4,5.5,2,1,Mobile wallet,1,0
S03000,Asia-Pacific,35,Basic,6.29,Annual,20,1.2,3,2,PayPal,1,0
S03001,North America,52,Premium,22.99,Annual,8,0.7,1,1,Card,1,0
S03002,Africa,33,Standard,10.49,Annual,4,5.2,1,0,Card,1,0
S03003,Europe,43,Basic,8.99,Monthly,11,3.3,2,0,PayPal,0,0
S03004,North America,46,Standard,14.99,Annual,8,3.7,2,1,PayPal,1,0
S03005,Asia-Pacific,38,Standard,10.49,Monthly,19,5.3,3,1,Bank transfer,1,0
S03006,Latin America,27,Premium,16.09,Monthly,2,,4,2,Card,1,1
S03007,Asia-Pacific,20,Basic,6.29,Monthly,34,2.0,1,1,Bank transfer,1,0
S03008,Europe,46,Standard,14.99,Annual,17,3.3,4,0,Card,1,0
S03009,North America,33,Standard,14.99,Monthly,8,11.0,1,0,PayPal,0,0
S03010,Asia-Pacific,41,Standard,10.49,Monthly,15,8.2,2,0,Card,0,1
S03011,Europe,39,Basic,8.99,Monthly,7,5.2,1,0,Bank transfer,1,0
S03012,Middle East,35,Basic,8.99,Monthly,19,7.8,3,1,Card,1,0
S03013,North America,27,Standard,14.99,Annual,4,1.3,2,1,Bank transfer,1,0
S03014,Europe,37,Basic,8.99,Monthly,7,8.2,1,2,Card,0,1
S03015,North America,16,Premium,22.99,Monthly,11,11.9,1,0,Card,1,0
S03016,Latin America,37,Standard,10.49,Monthly,11,19.2,2,0,PayPal,0,0
S03017,North America,16,Basic,8.99,Annual,28,5.2,2,1,Card,1,0
S03018,North America,26,Standard,14.99,Monthly,27,5.7,1,0,Mobile wallet,0,0
S03019,Asia-Pacific,19,Basic,6.29,Monthly,2,4.1,2,0,Mobile wallet,0,1
S03020,North America,17,Basic,8.99,Annual,4,5.3,1,1,Card,1,0
S03021,North America,40,Basic,8.99,Monthly,28,8.4,2,0,Mobile wallet,0,0
S03022,Europe,30,Standard,14.99,Annual,8,4.4,4,0,PayPal,1,0
S03023,North America,41,Premium,22.99,Monthly,35,4.0,3,3,Mobile wallet,1,0
S03024,Middle East,64,Standard,14.99,Monthly,20,4.6,1,0,PayPal,0,1
S03025,North America,21,Standard,14.99,Monthly,18,2.6,2,7,Mobile wallet,0,1
S03026,Europe,35,Basic,8.99,Monthly,33,5.7,1,1,Card,1,0
S03027,North America,33,Standard,14.99,Annual,13,3.1,1,1,Card,1,0
S03028,Asia-Pacific,26,Basic,6.29,Monthly,22,6.4,1,0,Card,1,0
S03029,Asia-Pacific,33,Standard,10.49,Monthly,37,13.0,1,1,Bank transfer,0,0
S03030,Latin America,49,Basic,6.29,Monthly,11,5.6,3,1,Card,0,0
S03031,Latin America,44,Basic,6.29,Annual,53,8.7,1,1,PayPal,1,0
S03032,Europe,26,Standard,14.99,Monthly,6,3.2,3,0,Card,1,1
S03033,Latin America,40,Basic,6.29,Monthly,1,15.8,3,1,Mobile wallet,1,0
S03034,North America,41,Basic,8.99,Monthly,24,2.0,1,0,Card,1,1
S03035,Africa,44,Basic,6.29,Annual,16,4.2,2,1,Mobile wallet,1,0
S03036,Latin America,31,Basic,6.29,Annual,10,11.8,1,0,Mobile wallet,1,0
S03037,Europe,49,Basic,8.99,Monthly,12,6.8,1,0,PayPal,0,0
S03038,North America,52,Basic,8.99,Monthly,72,1.0,4,3,Mobile wallet,1,1
S03039,Europe,16,Standard,14.99,Monthly,6,,2,1,Mobile wallet,1,0
S03040,Africa,29,Basic,6.29,Monthly,3,6.5,2,2,Card,0,0
S03041,North America,52,Basic,8.99,Monthly,25,5.4,1,0,Card,1,1
S03042,Africa,19,Basic,6.29,Monthly,6,1.7,1,1,Mobile wallet,0,0
S03043,North America,55,Premium,22.99,Monthly,7,,1,1,Bank transfer,0,0
S03044,North America,61,Premium,22.99,Annual,31,,2,2,Card,1,0
S03045,Middle East,32,Premium,22.99,Monthly,29,2.3,2,0,Card,1,0
S03046,Latin America,46,Standard,10.49,Annual,15,4.1,1,1,Card,1,0
S03047,Asia-Pacific,31,Basic,6.29,Annual,3,0.7,2,3,Card,1,0
S03048,Europe,44,Premium,22.99,Annual,29,1.3,2,1,Mobile wallet,1,0
S03049,Europe,16,Premium,22.99,Annual,22,5.3,1,0,PayPal,1,0
S03050,North America,22,Standard,14.99,Monthly,36,2.9,1,0,Card,0,0
S03051,North America,34,Standard,14.99,Monthly,4,3.5,1,0,Mobile wallet,0,0
S03052,Asia-Pacific,42,Standard,10.49,Annual,3,4.0,1,0,Card,1,0
S03053,North America,16,Basic,8.99,Monthly,45,6.1,2,0,Card,1,0
S03054,Africa,19,Standard,10.49,Annual,24,2.7,2,1,Card,1,1
S03055,Africa,50,Basic,6.29,Annual,6,2.5,1,1,Card,0,0
S03056,North America,41,Standard,14.99,Monthly,15,3.1,3,1,Card,0,1
S03057,North America,42,Basic,8.99,Annual,67,9.9,4,0,Card,1,0
S03058,Europe,19,Basic,8.99,Annual,6,4.1,2,2,Mobile wallet,1,0
S03059,Africa,38,Basic,6.29,Monthly,37,6.2,1,0,Mobile wallet,0,0
S03060,North America,18,Premium,22.99,Monthly,15,6.5,3,0,Card,1,0
S03061,Middle East,36,Basic,8.99,Monthly,4,5.7,3,0,Card,1,0
S03062,Latin America,37,Standard,10.49,Annual,9,4.3,1,2,Card,1,0
S03063,Asia-Pacific,34,Standard,10.49,Monthly,3,4.6,3,2,Card,0,1
S03064,North America,33,Standard,14.99,Monthly,5,10.6,1,1,Card,0,1
S03065,Asia-Pacific,37,Standard,10.49,Monthly,11,5.9,2,1,Mobile wallet,1,0
S03066,Europe,37,Basic,8.99,Monthly,1,3.3,2,0,Bank transfer,1,1
S03067,North America,24,Basic,8.99,Annual,13,7.6,4,2,Mobile wallet,1,0
S03068,Middle East,26,Standard,14.99,Monthly,31,1.0,3,0,Mobile wallet,0,1
S03069,Latin America,16,Basic,6.29,Monthly,46,10.6,1,1,Card,0,1
S03070,Asia-Pacific,50,Standard,10.49,Monthly,14,,1,1,Card,1,1
S03071,Asia-Pacific,37,Standard,10.49,Monthly,20,14.8,3,0,Card,1,0
S03072,Asia-Pacific,36,Basic,6.29,Monthly,2,6.4,2,1,Card,1,0
S03073,Europe,22,Basic,8.99,Monthly,1,8.0,4,2,Card,1,0
S03074,Europe,54,Standard,14.99,Annual,9,6.4,2,1,Bank transfer,0,0
S03075,Middle East,26,Basic,8.99,Annual,2,3.4,2,3,Mobile wallet,1,1
S03076,Europe,33,Basic,8.99,Annual,5,8.6,1,1,Mobile wallet,1,0
S03077,North America,30,Basic,8.99,Annual,31,3.1,1,0,Card,0,0
S03078,Asia-Pacific,16,Premium,16.09,Monthly,11,5.7,1,2,Card,1,1
S03079,Europe,39,Basic,8.99,Monthly,9,1.3,3,2,Mobile wallet,0,1
S03080,Africa,80,Premium,16.09,Monthly,11,5.8,1,0,Card,1,0
S03081,Europe,16,Standard,14.99,Monthly,27,0.7,2,3,PayPal,0,1
S03082,North America,19,Premium,22.99,Monthly,9,5.1,1,1,Card,1,1
S03083,North America,57,Standard,14.99,Monthly,9,5.5,4,1,Bank transfer,1,0
S03084,North America,33,Standard,14.99,Monthly,9,5.9,2,0,Bank transfer,1,0
S03085,Latin America,16,Standard,10.49,Annual,13,7.6,1,1,Card,1,0
S03086,Asia-Pacific,52,Premium,16.09,Monthly,6,3.6,1,1,Card,0,0
S03087,North America,54,Basic,8.99,Annual,16,1.3,3,1,Card,1,0
S03088,Latin America,44,Basic,6.29,Monthly,5,6.9,2,1,Bank transfer,0,0
S03089,Europe,38,Standard,14.99,Monthly,11,2.6,1,1,Bank transfer,1,0
S03090,Latin America,21,Standard,10.49,Monthly,25,11.7,4,1,Card,1,0
S03091,North America,32,Basic,8.99,Monthly,6,1.7,2,1,Bank transfer,1,0
S03092,Europe,25,Standard,14.99,Monthly,35,0.9,3,1,Mobile wallet,1,0
S03093,Europe,17,Standard,14.99,Annual,18,8.7,3,2,Card,1,0
S03094,Asia-Pacific,16,Standard,10.49,Monthly,7,4.7,1,0,Bank transfer,0,1
S03095,North America,49,Standard,14.99,Monthly,14,6.7,1,0,Mobile wallet,1,1
S03096,Asia-Pacific,25,Basic,6.29,Annual,25,5.3,1,0,Bank transfer,1,0
S03097,North America,25,Basic,8.99,Monthly,9,6.1,3,0,Card,0,0
S03098,Europe,27,Basic,8.99,Monthly,27,8.9,4,1,Card,0,0
S03099,Europe,16,Basic,8.99,Monthly,33,6.0,2,1,Card,1,0
S03100,Europe,53,Basic,8.99,Monthly,6,2.6,2,0,Mobile wallet,0,0
S03101,Europe,36,Basic,8.99,Monthly,8,5.8,1,1,Mobile wallet,1,1
S03102,North America,30,Basic,8.99,Annual,17,3.9,4,1,Card,1,0
S03103,Europe,28,Standard,14.99,Annual,9,1.9,3,1,Card,1,0
S03104,Africa,37,Premium,16.09,Monthly,5,4.5,1,1,PayPal,0,0
S03105,Europe,33,Premium,22.99,Monthly,39,3.6,2,0,Card,1,0
S03106,Europe,56,Basic,8.99,Annual,16,6.5,1,0,Bank transfer,1,0
S03107,North America,55,Standard,14.99,Annual,20,7.0,2,2,PayPal,1,0
S03108,Latin America,58,Basic,6.29,Monthly,28,2.4,1,2,Bank transfer,1,0
S03109,North America,37,Basic,8.99,Monthly,28,3.3,1,0,Card,1,0
S03110,North America,42,Standard,14.99,Annual,14,9.4,2,0,Card,0,0
S03111,Europe,16,Basic,8.99,Monthly,14,4.0,2,0,PayPal,0,0
S03112,Latin America,36,Standard,10.49,Monthly,8,11.1,1,1,Card,0,0
S03113,Asia-Pacific,35,Basic,6.29,Annual,7,3.6,2,0,Card,1,0
S03114,Europe,27,Premium,22.99,Monthly,8,2.4,4,2,PayPal,1,0
S03115,Asia-Pacific,35,Basic,6.29,Monthly,3,1.4,1,1,Card,1,0
S03116,Europe,23,Standard,14.99,Monthly,28,9.2,4,1,PayPal,1,0
S03117,Europe,32,Basic,8.99,Monthly,11,5.0,4,0,Mobile wallet,1,0
S03118,North America,39,Standard,14.99,Monthly,8,6.2,1,2,Mobile wallet,1,1
S03119,Asia-Pacific,52,Basic,6.29,Annual,13,,2,1,Card,0,0
S03120,Europe,44,Premium,22.99,Monthly,4,2.6,2,3,PayPal,0,0
S03121,Latin America,18,Basic,6.29,Monthly,41,3.1,4,1,Card,0,1
S03122,Middle East,33,Standard,14.99,Annual,20,2.7,2,0,Bank transfer,1,0
S03123,Europe,36,Premium,22.99,Annual,11,11.1,2,0,Card,0,0
S03124,North America,29,Basic,8.99,Annual,9,7.5,2,4,Card,1,0
S03125,Europe,28,Standard,14.99,Annual,27,3.5,2,1,Mobile wallet,1,0
S03126,Middle East,16,Standard,14.99,Annual,72,3.8,1,0,Card,1,0
S03127,Europe,52,Basic,8.99,Monthly,20,12.7,1,3,Card,0,0
S03128,Asia-Pacific,28,Premium,16.09,Monthly,18,1.6,2,2,Bank transfer,1,1
S03129,North America,35,Standard,14.99,Monthly,20,13.7,3,0,Bank transfer,1,0
S03130,North America,53,Basic,8.99,Monthly,5,7.8,1,1,Card,0,1
S03131,North America,34,Basic,8.99,Annual,28,5.0,1,1,Card,1,0
S03132,Middle East,34,Premium,22.99,Monthly,17,3.9,2,1,PayPal,1,1
S03133,Europe,40,Standard,14.99,Annual,17,5.3,2,2,Mobile wallet,1,0
S03134,North America,36,Standard,14.99,Monthly,5,0.7,3,0,Mobile wallet,0,0
S03135,Europe,19,Premium,22.99,Annual,11,3.6,3,1,Bank transfer,0,1
S03136,Latin America,16,Premium,16.09,Monthly,48,,4,1,Card,1,0
S03137,Africa,16,Premium,16.09,Monthly,9,15.7,3,3,Card,0,0
S03138,Europe,57,Basic,8.99,Monthly,14,5.7,2,1,PayPal,0,0
S03139,Asia-Pacific,52,Standard,10.49,Annual,26,1.4,3,1,Bank transfer,1,0
S03140,Africa,27,Premium,16.09,Monthly,3,4.1,2,0,PayPal,1,0
S03141,Asia-Pacific,16,Standard,10.49,Annual,8,8.1,4,0,Mobile wallet,1,0
S03142,Europe,43,Basic,8.99,Monthly,8,6.5,2,0,Card,0,0
S03143,Europe,17,Premium,22.99,Annual,32,3.6,1,1,Card,0,0
S03144,Europe,24,Basic,8.99,Monthly,7,7.4,2,0,Card,0,0
S03145,North America,34,Standard,14.99,Annual,1,0.5,1,2,Card,1,0
S03146,Europe,36,Basic,8.99,Annual,13,5.0,1,0,Card,1,0
S03147,Asia-Pacific,42,Basic,6.29,Monthly,24,4.4,1,0,Card,0,0
S03148,North America,47,Standard,14.99,Monthly,25,2.5,2,2,Card,1,0
S03149,Africa,16,Premium,16.09,Monthly,32,5.2,3,0,PayPal,1,0
S03150,Asia-Pacific,61,Standard,10.49,Monthly,16,2.1,2,3,Card,0,1
S03151,Middle East,39,Basic,8.99,Monthly,6,7.5,3,2,Card,0,0
S03152,Africa,39,Standard,10.49,Annual,5,3.0,3,2,Card,1,0
S03153,North America,26,Standard,14.99,Monthly,7,8.0,2,1,Mobile wallet,1,0
S03154,North America,24,Premium,22.99,Annual,56,9.2,2,4,Mobile wallet,1,0
S03155,Latin America,36,Premium,16.09,Monthly,21,7.5,2,0,Mobile wallet,1,0
S03156,North America,37,Standard,14.99,Monthly,13,3.1,2,3,Mobile wallet,0,0
S03157,Europe,39,Basic,8.99,Monthly,5,7.6,4,1,Card,1,0
S03158,Europe,42,Standard,14.99,Monthly,26,5.0,2,0,PayPal,0,0
S03159,North America,33,Basic,8.99,Monthly,16,9.2,4,1,Card,0,1
S03160,Europe,48,Premium,22.99,Annual,2,3.0,1,1,Card,1,1
S03161,Latin America,28,Standard,10.49,Monthly,5,3.9,2,0,Card,1,0
S03162,Asia-Pacific,60,Standard,10.49,Annual,2,5.7,1,0,PayPal,1,0
S03163,North America,16,Basic,8.99,Monthly,7,8.5,1,1,PayPal,1,1
S03164,Asia-Pacific,47,Basic,6.29,Monthly,17,8.7,2,1,Card,0,0
S03165,Asia-Pacific,30,Standard,10.49,Monthly,14,9.0,1,2,PayPal,0,0
S03166,Europe,36,Basic,8.99,Annual,7,7.0,3,2,Card,0,0
S03167,Asia-Pacific,32,Premium,16.09,Monthly,11,2.0,1,1,Card,1,0
S03168,North America,45,Basic,8.99,Annual,16,6.9,2,1,Card,1,0
S03169,Europe,43,Standard,14.99,Annual,17,4.8,2,0,Card,0,0
S03170,North America,26,Basic,8.99,Monthly,21,4.5,1,0,Card,0,0
S03171,Asia-Pacific,29,Basic,6.29,Monthly,41,11.5,1,1,Mobile wallet,1,0
S03172,Europe,21,Basic,8.99,Monthly,13,2.0,2,0,Bank transfer,1,0
S03173,Europe,37,Standard,14.99,Monthly,13,15.0,3,1,PayPal,1,0
S03174,Asia-Pacific,34,Basic,6.29,Annual,30,5.4,1,1,Card,0,0
S03175,North America,18,Standard,14.99,Annual,5,0.6,1,2,PayPal,1,0
S03176,Asia-Pacific,27,Standard,10.49,Monthly,9,6.4,1,0,Card,0,0
S03177,Asia-Pacific,46,Standard,10.49,Monthly,22,,1,0,Mobile wallet,1,1
S03178,Latin America,36,Standard,10.49,Monthly,20,7.2,2,3,Card,1,0
S03179,North America,16,Standard,14.99,Annual,28,6.8,3,2,Card,1,0
S03180,Africa,45,Standard,10.49,Monthly,53,0.7,2,1,PayPal,1,0
S03181,North America,24,Standard,14.99,Monthly,18,2.9,3,4,Mobile wallet,1,1
S03182,North America,43,Standard,14.99,Monthly,3,8.6,2,0,Card,0,0
S03183,North America,45,Basic,8.99,Monthly,5,11.7,2,1,Card,1,0
S03184,Europe,58,Premium,22.99,Monthly,47,8.1,1,2,Card,1,0
S03185,Africa,43,Premium,16.09,Monthly,5,4.4,3,0,Card,0,1
S03186,North America,37,Standard,14.99,Annual,13,4.7,2,0,Card,1,0
S03187,Europe,24,Standard,14.99,Monthly,5,9.0,1,0,Card,1,0
S03188,Asia-Pacific,49,Basic,6.29,Monthly,9,6.5,4,1,Mobile wallet,1,0
S03189,Europe,16,Standard,14.99,Monthly,13,20.2,3,0,Card,0,0
S03190,Asia-Pacific,45,Basic,6.29,Monthly,20,5.1,2,2,Card,0,1
S03191,Europe,26,Basic,8.99,Monthly,22,0.7,1,1,Card,1,0
S03192,North America,28,Basic,8.99,Monthly,8,9.2,2,1,Bank transfer,1,0
S03193,Africa,37,Premium,16.09,Monthly,2,4.7,4,1,Mobile wallet,0,1
S03194,Europe,35,Basic,8.99,Monthly,5,6.0,1,2,Mobile wallet,1,1
S03195,Africa,31,Basic,6.29,Monthly,45,9.5,4,0,PayPal,0,0
S03196,Asia-Pacific,46,Standard,10.49,Monthly,6,8.3,4,0,Card,1,0
S03197,Africa,34,Premium,16.09,Annual,31,2.6,1,1,Card,0,1
S03198,Asia-Pacific,37,Standard,10.49,Monthly,33,25.6,1,1,Bank transfer,0,0
S03199,Asia-Pacific,46,Standard,10.49,Monthly,15,15.3,1,0,Mobile wallet,0,0
S03200,Latin America,36,Premium,16.09,Monthly,10,3.4,4,2,PayPal,1,0
S03201,Latin America,16,Standard,10.49,Annual,7,6.5,1,1,Mobile wallet,1,0
S03202,Middle East,16,Standard,14.99,Monthly,9,7.5,1,1,PayPal,1,1
S03203,Europe,23,Standard,14.99,Annual,40,3.1,1,1,Card,1,0
S03204,Latin America,43,Standard,10.49,Monthly,25,11.5,4,1,Bank transfer,0,0
S03205,Asia-Pacific,31,Premium,16.09,Monthly,29,9.5,1,0,Card,1,0
S03206,Europe,35,Standard,14.99,Monthly,17,2.4,1,3,Card,0,0
S03207,North America,36,Standard,14.99,Annual,18,12.7,1,0,Card,1,0
S03208,Asia-Pacific,33,Standard,10.49,Annual,4,0.5,1,0,Card,1,0
S03209,Africa,20,Standard,10.49,Annual,41,1.5,2,0,Mobile wallet,1,0
S03210,Europe,20,Standard,14.99,Monthly,24,7.6,2,1,Mobile wallet,0,1
S03211,North America,25,Basic,8.99,Monthly,2,5.1,1,3,Bank transfer,1,1
S03212,Africa,25,Basic,6.29,Annual,20,4.1,1,1,Card,1,0
S03213,Middle East,47,Basic,8.99,Annual,11,5.2,2,1,PayPal,1,1
S03214,North America,36,Basic,8.99,Annual,18,7.7,2,0,Card,1,0
S03215,North America,49,Standard,14.99,Annual,23,20.4,2,0,Card,1,0
S03216,Africa,16,Basic,6.29,Monthly,3,5.1,2,0,PayPal,0,0
S03217,Africa,16,Standard,10.49,Monthly,17,8.9,3,0,Card,1,0
S03218,Latin America,40,Standard,10.49,Monthly,3,0.3,2,1,Card,1,0
S03219,Asia-Pacific,48,Standard,10.49,Monthly,21,6.5,3,1,Card,1,0
S03220,Europe,16,Standard,14.99,Monthly,7,7.4,2,0,Card,0,1
S03221,Europe,26,Standard,14.99,Annual,7,7.7,1,1,Bank transfer,1,0
S03222,North America,30,Basic,8.99,Monthly,12,9.5,1,0,Card,1,0
S03223,North America,16,Standard,14.99,Annual,21,4.3,3,0,Mobile wallet,0,0
S03224,Middle East,45,Standard,14.99,Annual,8,3.3,3,0,Bank transfer,1,0
S03225,Asia-Pacific,34,Standard,10.49,Monthly,12,4.0,3,0,Card,0,0
S03226,Asia-Pacific,49,Basic,6.29,Monthly,15,3.4,1,0,Card,1,1
S03227,Asia-Pacific,22,Basic,6.29,Monthly,25,4.5,1,1,Card,1,0
S03228,North America,41,Standard,14.99,Monthly,21,3.7,4,1,PayPal,0,0
S03229,North America,43,Standard,14.99,Monthly,38,3.7,3,1,Card,0,1
S03230,Europe,34,Basic,8.99,Monthly,12,8.4,4,0,Mobile wallet,1,0
S03231,Europe,16,Standard,14.99,Monthly,10,6.0,1,0,Mobile wallet,0,0
S03232,Europe,27,Basic,8.99,Monthly,2,6.5,1,3,PayPal,0,1
S03233,Latin America,35,Premium,16.09,Monthly,16,2.4,2,0,PayPal,0,1
S03234,Asia-Pacific,31,Basic,6.29,Monthly,6,4.3,2,0,Card,0,0
S03235,North America,49,Standard,14.99,Annual,41,10.1,1,0,Card,1,1
S03236,North America,25,Basic,8.99,Monthly,2,4.4,3,1,Card,1,1
S03237,Latin America,54,Standard,10.49,Annual,11,6.2,4,3,Card,0,0
S03238,Europe,37,Standard,14.99,Annual,17,9.5,1,0,Card,1,0
S03239,Europe,53,Basic,8.99,Monthly,18,4.6,1,0,PayPal,0,0
S03240,North America,30,Basic,8.99,Monthly,20,4.4,1,2,Mobile wallet,0,0
S03241,Asia-Pacific,25,Basic,6.29,Monthly,17,4.5,1,0,Bank transfer,0,0
S03242,Asia-Pacific,16,Premium,16.09,Annual,26,,2,3,Card,1,1
S03243,Latin America,19,Premium,16.09,Monthly,4,5.5,2,0,PayPal,1,0
S03244,Middle East,26,Basic,8.99,Monthly,11,5.6,3,0,Card,1,0
S03245,Middle East,62,Basic,8.99,Monthly,51,7.9,1,2,Bank transfer,1,0
S03246,North America,21,Standard,14.99,Monthly,4,2.9,1,1,Card,1,0
S03247,Europe,43,Premium,22.99,Monthly,2,6.3,4,0,Mobile wallet,0,1
S03248,Europe,45,Premium,22.99,Monthly,13,8.1,2,0,PayPal,1,0
S03249,Europe,21,Standard,14.99,Monthly,25,3.7,2,1,Mobile wallet,0,1
S03250,Europe,29,Standard,14.99,Monthly,6,8.1,3,0,PayPal,0,0
S03251,North America,28,Basic,8.99,Annual,24,6.2,2,0,Card,1,0
S03252,Middle East,21,Standard,14.99,Monthly,30,7.1,2,0,Mobile wallet,1,0
S03253,Latin America,23,Standard,10.49,Monthly,39,6.4,3,2,Card,0,0
S03254,Europe,47,Basic,8.99,Annual,11,3.1,3,1,Card,0,0
S03255,Europe,24,Premium,22.99,Monthly,28,8.5,3,1,Card,1,0
S03256,North America,32,Premium,22.99,Monthly,38,1.2,4,2,PayPal,0,0
S03257,North America,21,Basic,8.99,Annual,15,10.0,1,0,Card,1,0
S03258,Europe,16,Basic,8.99,Monthly,5,3.5,1,2,Mobile wallet,0,1
S03259,Asia-Pacific,45,Basic,6.29,Monthly,12,3.1,1,0,PayPal,1,0
S03260,Middle East,49,Premium,22.99,Monthly,18,1.9,3,2,Mobile wallet,0,1
S03261,Europe,29,Standard,14.99,Monthly,19,11.4,1,0,Card,0,0
S03262,North America,25,Basic,8.99,Annual,1,2.9,4,2,Card,1,0
S03263,North America,48,Basic,8.99,Monthly,16,10.8,4,1,Card,1,0
S03264,North America,33,Standard,14.99,Annual,10,2.2,3,1,Mobile wallet,1,0
S03265,Europe,31,Standard,14.99,Annual,4,10.3,3,1,Mobile wallet,1,0
S03266,Middle East,43,Basic,8.99,Monthly,8,4.2,1,1,PayPal,0,0
S03267,Europe,21,Standard,14.99,Monthly,16,9.5,1,0,Card,0,0
S03268,North America,18,Basic,8.99,Annual,27,4.7,3,1,Bank transfer,1,0
S03269,North America,44,Basic,8.99,Annual,2,2.7,3,2,Card,0,0
S03270,North America,39,Premium,22.99,Monthly,49,6.2,2,2,Card,1,0
S03271,North America,50,Basic,8.99,Monthly,11,3.1,3,0,Card,1,1
S03272,North America,16,Standard,14.99,Monthly,5,9.4,1,1,Card,0,1
S03273,North America,16,Standard,14.99,Annual,20,14.5,3,3,Bank transfer,1,0
S03274,Europe,49,Premium,22.99,Monthly,72,1.3,3,2,Bank transfer,1,0
S03275,Europe,21,Basic,8.99,Annual,70,17.2,3,3,Card,1,0
S03276,Europe,29,Standard,14.99,Monthly,5,4.1,1,1,Card,0,0
S03277,Middle East,16,Premium,22.99,Annual,32,2.3,1,1,Mobile wallet,0,0
S03278,Europe,50,Premium,22.99,Monthly,4,8.7,2,1,PayPal,1,0
S03279,Africa,33,Premium,16.09,Monthly,12,3.5,2,1,PayPal,0,0
S03280,Europe,39,Standard,14.99,Annual,8,7.3,1,2,Bank transfer,1,0
S03281,Europe,31,Standard,14.99,Annual,38,1.2,1,2,PayPal,1,0
S03282,North America,53,Standard,14.99,Monthly,10,4.5,3,1,Mobile wallet,1,1
S03283,Europe,36,Standard,14.99,Monthly,13,8.4,3,0,Card,1,0
S03284,Europe,39,Premium,22.99,Annual,15,6.7,4,0,Bank transfer,1,0
S03285,North America,32,Basic,8.99,Monthly,6,2.2,1,0,PayPal,1,0
S03286,North America,27,Standard,14.99,Monthly,6,15.5,1,1,Bank transfer,1,0
S03287,North America,44,Premium,22.99,Monthly,3,2.8,1,1,Card,1,1
S03288,North America,19,Premium,22.99,Monthly,63,4.3,2,0,Card,1,0
S03289,Latin America,23,Standard,10.49,Monthly,13,13.6,1,1,Card,0,0
S03290,Middle East,48,Standard,14.99,Monthly,28,,1,1,Card,1,0
S03291,Asia-Pacific,16,Standard,10.49,Annual,31,1.8,3,0,Card,1,0
S03292,North America,24,Basic,8.99,Monthly,9,3.6,1,1,Card,1,0
S03293,North America,16,Standard,14.99,Annual,2,0.8,3,0,PayPal,1,0
S03294,North America,32,Basic,8.99,Monthly,15,4.9,3,1,PayPal,1,0
S03295,North America,57,Standard,14.99,Annual,35,2.8,2,3,Card,1,0
S03296,Asia-Pacific,37,Standard,10.49,Monthly,19,8.5,3,3,Card,1,0
S03297,North America,19,Basic,8.99,Monthly,11,10.4,4,1,PayPal,0,0
S03298,Asia-Pacific,34,Premium,16.09,Annual,21,2.5,2,0,Card,1,0
S03299,Asia-Pacific,45,Standard,10.49,Annual,25,16.3,1,1,Card,1,0
S03300,Middle East,16,Standard,14.99,Monthly,24,6.9,3,1,Card,1,0
S03301,North America,35,Premium,22.99,Monthly,9,2.8,1,0,Mobile wallet,0,0
S03302,Europe,42,Standard,14.99,Monthly,40,5.8,2,0,Mobile wallet,0,0
S03303,Latin America,36,Standard,10.49,Monthly,18,7.6,1,0,Card,0,0
S03304,Europe,41,Basic,8.99,Monthly,13,4.4,1,1,Bank transfer,0,1
S03305,Asia-Pacific,32,Basic,6.29,Monthly,20,7.5,1,1,Mobile wallet,1,0
S03306,Asia-Pacific,35,Basic,6.29,Monthly,28,11.3,1,1,Bank transfer,1,0
S03307,Asia-Pacific,16,Standard,10.49,Annual,3,4.7,3,1,Card,1,0
S03308,Europe,22,Premium,22.99,Monthly,32,,1,0,Mobile wallet,0,0
S03309,Latin America,39,Standard,10.49,Monthly,4,10.4,3,1,Card,0,1
S03310,Europe,38,Basic,8.99,Annual,28,6.3,2,2,Card,0,0
S03311,North America,38,Basic,8.99,Annual,8,8.1,2,1,Card,1,0
S03312,Europe,16,Premium,22.99,Annual,14,27.7,1,1,PayPal,0,0
S03313,Europe,32,Premium,22.99,Monthly,20,3.3,1,0,PayPal,1,0
S03314,North America,27,Standard,14.99,Monthly,6,4.4,1,2,Card,0,0
S03315,North America,38,Standard,14.99,Annual,9,2.4,3,0,Card,1,0
S03316,North America,35,Basic,8.99,Annual,14,3.3,1,0,PayPal,1,0
S03317,Middle East,39,Basic,8.99,Monthly,2,12.0,1,1,Card,0,0
S03318,Asia-Pacific,31,Standard,10.49,Annual,22,7.6,3,0,Mobile wallet,0,0
S03319,Asia-Pacific,36,Standard,10.49,Annual,14,7.5,2,1,Mobile wallet,1,0
S03320,Europe,44,Basic,8.99,Annual,11,5.2,1,2,Card,1,1
S03321,North America,37,Basic,8.99,Annual,59,12.6,1,0,Card,1,0
S03322,Middle East,26,Basic,8.99,Monthly,9,5.5,3,3,Mobile wallet,1,0
S03323,Asia-Pacific,51,Basic,6.29,Monthly,8,7.5,2,0,Card,1,0
S03324,North America,41,Basic,8.99,Monthly,6,6.6,3,1,Card,0,1
S03325,North America,41,Standard,14.99,Monthly,8,1.7,3,2,Mobile wallet,0,0
S03326,Europe,23,Standard,14.99,Annual,17,3.4,1,1,Mobile wallet,0,0
S03327,Europe,47,Standard,14.99,Annual,6,3.6,1,0,Card,1,1
S03328,Asia-Pacific,16,Premium,16.09,Annual,17,,4,0,Card,0,0
S03329,Europe,29,Standard,14.99,Annual,4,5.5,3,1,Card,1,0
S03330,North America,46,Basic,8.99,Annual,22,4.6,4,1,Card,1,0
S03331,Africa,20,Standard,10.49,Monthly,19,1.4,4,2,Card,1,0
S03332,Africa,40,Basic,6.29,Monthly,14,9.0,1,0,PayPal,1,0
S03333,Asia-Pacific,39,Standard,10.49,Monthly,28,4.8,3,0,PayPal,0,0
S03334,Asia-Pacific,22,Basic,6.29,Monthly,13,10.3,3,0,Card,1,0
S03335,Latin America,41,Basic,6.29,Annual,8,5.8,3,2,Mobile wallet,1,0
S03336,Latin America,36,Standard,10.49,Monthly,3,12.6,2,1,Card,1,1
S03337,Middle East,20,Basic,8.99,Monthly,26,3.6,1,2,Card,0,0
S03338,North America,52,Premium,22.99,Monthly,15,11.9,1,2,PayPal,1,0
S03339,Latin America,39,Basic,6.29,Annual,3,5.2,1,0,Mobile wallet,1,0
S03340,Europe,56,Premium,22.99,Annual,7,14.8,4,1,Card,1,0
S03341,North America,57,Premium,22.99,Monthly,12,3.6,1,2,Card,0,0
S03342,Asia-Pacific,16,Basic,6.29,Annual,2,11.8,1,0,PayPal,0,0
S03343,North America,54,Basic,8.99,Annual,6,2.1,2,2,PayPal,1,0
S03344,Asia-Pacific,36,Standard,10.49,Annual,4,1.7,3,2,PayPal,1,0
S03345,North America,45,Premium,22.99,Monthly,15,1.4,2,4,Card,0,0
S03346,North America,44,Standard,14.99,Monthly,11,0.3,2,3,Card,1,1
S03347,North America,27,Standard,14.99,Annual,3,1.5,4,0,Card,1,0
S03348,Africa,27,Basic,6.29,Monthly,6,8.8,1,1,Mobile wallet,0,1
S03349,Asia-Pacific,46,Standard,10.49,Monthly,9,4.2,2,0,Bank transfer,1,1
S03350,Asia-Pacific,26,Basic,6.29,Annual,39,11.8,4,1,Card,1,0
S03351,Africa,39,Standard,10.49,Annual,26,3.9,1,1,PayPal,1,0
S03352,Europe,38,Basic,8.99,Monthly,9,5.2,1,0,Mobile wallet,0,0
S03353,Europe,39,Basic,8.99,Monthly,9,2.9,2,2,PayPal,1,0
S03354,Latin America,40,Basic,6.29,Monthly,6,9.4,1,1,Mobile wallet,0,1
S03355,Asia-Pacific,25,Basic,6.29,Monthly,5,5.1,1,0,Card,0,0
S03356,Europe,56,Premium,22.99,Monthly,11,6.1,2,2,Mobile wallet,1,1
S03357,North America,34,Basic,8.99,Monthly,2,4.6,1,0,Bank transfer,1,1
S03358,Latin America,21,Standard,10.49,Monthly,28,9.3,3,1,PayPal,1,0
S03359,Middle East,16,Standard,14.99,Annual,59,3.0,3,0,Bank transfer,1,0
S03360,Europe,32,Basic,8.99,Annual,20,5.8,2,0,Mobile wallet,1,0
S03361,Latin America,26,Standard,10.49,Annual,12,3.9,2,0,Card,1,0
S03362,North America,46,Premium,22.99,Monthly,29,3.1,2,1,Card,1,0
S03363,Latin America,26,Standard,10.49,Monthly,11,7.4,3,1,Mobile wallet,0,0
S03364,Europe,26,Standard,14.99,Monthly,10,6.4,3,1,Mobile wallet,0,1
S03365,Asia-Pacific,18,Basic,6.29,Monthly,4,4.6,1,1,Card,1,1
S03366,Latin America,24,Premium,16.09,Annual,5,2.0,2,0,Bank transfer,1,0
S03367,Africa,56,Basic,6.29,Monthly,4,9.5,1,1,Bank transfer,1,0
S03368,North America,36,Basic,8.99,Monthly,6,7.2,1,1,Mobile wallet,0,0
S03369,North America,16,Basic,8.99,Monthly,18,6.7,1,2,Mobile wallet,1,1
S03370,Europe,47,Basic,8.99,Annual,8,6.8,1,5,Bank transfer,1,0
S03371,Middle East,45,Standard,14.99,Monthly,29,5.4,1,1,Card,1,1
S03372,North America,29,Standard,14.99,Monthly,43,9.8,2,2,Card,1,0
S03373,North America,24,Standard,14.99,Monthly,50,9.6,2,0,Card,0,0
S03374,Asia-Pacific,39,Basic,6.29,Monthly,22,5.9,3,0,Mobile wallet,0,1
S03375,Europe,50,Standard,14.99,Monthly,7,3.7,3,0,PayPal,1,0
S03376,North America,16,Basic,8.99,Annual,15,9.6,2,1,Mobile wallet,0,0
S03377,Middle East,44,Basic,8.99,Monthly,24,2.6,3,2,PayPal,1,0
S03378,North America,16,Basic,8.99,Monthly,8,4.9,4,3,Card,0,0
S03379,North America,22,Basic,8.99,Monthly,6,11.7,2,3,Card,1,0
S03380,Middle East,42,Standard,14.99,Monthly,26,,2,1,Card,1,0
S03381,Middle East,49,Premium,22.99,Monthly,65,5.4,2,1,Mobile wallet,1,0
S03382,Asia-Pacific,48,Standard,10.49,Monthly,3,2.9,1,0,Card,0,0
S03383,North America,41,Standard,14.99,Monthly,2,11.4,2,1,Bank transfer,0,0
S03384,North America,28,Premium,22.99,Annual,19,3.6,2,0,PayPal,1,0
S03385,Asia-Pacific,25,Basic,6.29,Monthly,34,5.1,1,0,Card,0,0
S03386,Latin America,26,Basic,6.29,Monthly,11,12.3,3,1,Bank transfer,0,0
S03387,Europe,16,Standard,14.99,Monthly,17,7.2,2,1,Card,0,0
S03388,Europe,21,Basic,8.99,Annual,15,4.4,3,5,Mobile wallet,1,0
S03389,Asia-Pacific,32,Basic,6.29,Monthly,2,5.1,2,3,PayPal,1,0
S03390,North America,49,Standard,14.99,Annual,3,2.1,2,1,Card,1,0
S03391,North America,40,Premium,22.99,Monthly,18,11.4,4,2,Card,1,0
S03392,North America,27,Standard,14.99,Annual,5,6.4,2,1,Card,1,0
S03393,Asia-Pacific,19,Standard,10.49,Monthly,7,2.6,1,1,Mobile wallet,1,1
S03394,Europe,24,Basic,8.99,Annual,10,4.5,2,0,Mobile wallet,1,0
S03395,Africa,37,Premium,16.09,Monthly,21,3.8,4,0,PayPal,1,0
S03396,North America,46,Basic,8.99,Monthly,9,5.4,4,1,Bank transfer,1,0
S03397,Asia-Pacific,41,Standard,10.49,Monthly,10,2.3,3,0,Card,1,0
S03398,Africa,31,Premium,16.09,Monthly,6,4.8,1,1,PayPal,0,1
S03399,Europe,30,Basic,8.99,Monthly,23,1.7,4,1,Mobile wallet,0,0
S03400,Europe,29,Basic,8.99,Monthly,36,3.7,2,1,Mobile wallet,0,0
S03401,Asia-Pacific,28,Standard,10.49,Annual,6,6.7,3,0,Card,0,0
S03402,Asia-Pacific,31,Basic,6.29,Annual,16,4.0,1,1,Card,1,0
S03403,North America,16,Premium,22.99,Monthly,14,2.0,3,1,Card,0,1
S03404,Asia-Pacific,27,Standard,10.49,Monthly,17,9.5,2,0,Card,0,0
S03405,Asia-Pacific,16,Basic,6.29,Monthly,8,0.8,3,2,Mobile wallet,0,1
S03406,Asia-Pacific,40,Standard,10.49,Annual,2,4.7,1,0,Card,1,0
S03407,Latin America,35,Basic,6.29,Monthly,8,1.9,2,0,Card,0,1
S03408,Asia-Pacific,43,Standard,10.49,Annual,16,1.8,1,0,Mobile wallet,1,0
S03409,Middle East,51,Basic,8.99,Monthly,8,2.6,3,0,Card,1,0
S03410,Asia-Pacific,43,Basic,6.29,Annual,22,6.3,1,2,PayPal,1,0
S03411,North America,43,Basic,8.99,Monthly,11,2.1,2,0,PayPal,1,0
S03412,Middle East,33,Premium,22.99,Annual,6,3.1,3,0,Card,1,0
S03413,Africa,24,Standard,10.49,Annual,11,5.9,1,3,Bank transfer,1,0
S03414,North America,22,Standard,14.99,Monthly,20,8.1,2,0,Card,1,0
S03415,Asia-Pacific,49,Basic,6.29,Annual,5,12.6,1,2,PayPal,1,0
S03416,North America,40,Standard,14.99,Monthly,4,4.9,1,1,PayPal,1,0
S03417,Asia-Pacific,29,Standard,10.49,Monthly,72,14.7,3,4,Card,1,0
S03418,Asia-Pacific,22,Basic,6.29,Monthly,13,5.4,2,0,Card,0,0
S03419,Europe,26,Premium,22.99,Monthly,28,3.0,2,0,PayPal,1,1
S03420,Asia-Pacific,44,Premium,16.09,Monthly,7,5.5,1,0,PayPal,1,0
S03421,North America,17,Standard,14.99,Annual,6,7.9,1,0,Card,1,0
S03422,North America,20,Premium,22.99,Monthly,5,3.6,2,0,Card,1,0
S03423,Asia-Pacific,36,Standard,10.49,Annual,26,4.5,2,0,Card,1,0
S03424,Latin America,32,Basic,6.29,Monthly,21,8.5,3,1,Mobile wallet,0,0
S03425,North America,38,Basic,8.99,Monthly,5,3.0,1,1,Card,0,0
S03426,Latin America,48,Premium,16.09,Monthly,9,4.9,4,0,Card,1,0
S03427,North America,31,Standard,14.99,Monthly,9,2.7,1,0,PayPal,0,1
S03428,Asia-Pacific,43,Basic,6.29,Monthly,9,1.8,2,1,Card,0,0
S03429,North America,27,Basic,8.99,Annual,3,6.9,1,3,Bank transfer,1,0
S03430,Africa,45,Basic,6.29,Monthly,38,,1,1,PayPal,1,1
S03431,Latin America,26,Standard,10.49,Monthly,13,3.3,3,1,Mobile wallet,0,0
S03432,Europe,16,Basic,8.99,Annual,14,13.6,3,1,PayPal,0,0
S03433,Middle East,26,Standard,14.99,Monthly,9,2.6,2,1,Card,1,0
S03434,North America,44,Basic,8.99,Monthly,10,7.8,1,1,PayPal,0,0
S03435,Middle East,35,Standard,14.99,Monthly,6,2.2,1,1,Mobile wallet,1,0
S03436,North America,24,Standard,14.99,Monthly,41,4.1,2,1,Card,1,1
S03437,Europe,34,Basic,8.99,Monthly,36,2.1,1,1,Card,1,1
S03438,Europe,41,Basic,8.99,Monthly,1,5.5,2,2,Bank transfer,1,0
S03439,Africa,26,Basic,6.29,Monthly,40,3.1,4,0,Mobile wallet,0,0
S03440,North America,16,Basic,8.99,Monthly,17,6.7,2,1,Bank transfer,0,0
S03441,Latin America,53,Premium,16.09,Monthly,24,4.9,3,2,PayPal,1,0
S03442,Europe,34,Basic,8.99,Monthly,36,2.8,3,1,Card,1,0
S03443,Africa,16,Standard,10.49,Annual,13,8.3,2,0,PayPal,1,0
S03444,Asia-Pacific,16,Standard,10.49,Monthly,34,10.1,1,1,Card,1,0
S03445,North America,49,Standard,14.99,Annual,17,4.1,2,0,Mobile wallet,1,0
S03446,Asia-Pacific,37,Standard,10.49,Monthly,30,11.3,2,0,Bank transfer,0,0
S03447,North America,24,Standard,14.99,Monthly,3,1.3,2,1,PayPal,0,1
S03448,Latin America,41,Basic,6.29,Monthly,5,6.7,3,1,PayPal,0,0
S03449,North America,31,Basic,8.99,Monthly,14,6.1,3,0,Card,1,0
S03450,North America,16,Standard,14.99,Monthly,32,11.7,1,1,Card,1,0
S03451,North America,34,Premium,22.99,Monthly,8,4.6,1,1,PayPal,1,1
S03452,Africa,33,Premium,16.09,Monthly,7,4.3,3,0,Mobile wallet,1,0
S03453,Latin America,33,Basic,6.29,Monthly,9,3.9,3,0,Card,1,1
S03454,Asia-Pacific,65,Basic,6.29,Monthly,16,7.5,2,2,PayPal,0,0
S03455,Asia-Pacific,47,Standard,10.49,Annual,13,9.8,2,0,Bank transfer,1,0
S03456,Latin America,48,Basic,6.29,Annual,43,4.0,2,3,Card,1,0
S03457,North America,45,Premium,22.99,Monthly,3,3.8,2,0,Card,0,1
S03458,North America,16,Premium,22.99,Annual,11,6.2,1,1,Bank transfer,1,0
S03459,Europe,25,Basic,8.99,Monthly,15,2.0,3,1,Card,1,0
S03460,Europe,32,Basic,8.99,Monthly,38,7.6,2,2,Mobile wallet,1,0
S03461,Africa,25,Standard,10.49,Monthly,2,10.4,1,0,Mobile wallet,0,1
S03462,Asia-Pacific,49,Premium,16.09,Annual,9,2.1,3,0,Mobile wallet,1,0
S03463,Europe,30,Standard,14.99,Monthly,3,2.1,2,0,Bank transfer,1,1
S03464,Middle East,22,Standard,14.99,Monthly,36,3.4,2,0,Mobile wallet,0,0
S03465,North America,56,Standard,14.99,Monthly,10,7.1,3,2,Card,0,0
S03466,North America,36,Basic,8.99,Monthly,22,5.2,3,1,Card,1,0
S03467,Asia-Pacific,35,Standard,10.49,Monthly,9,2.5,2,0,PayPal,0,0
S03468,Latin America,34,Basic,6.29,Monthly,9,4.2,1,0,PayPal,1,0
S03469,Latin America,38,Premium,16.09,Monthly,19,11.4,2,0,Mobile wallet,1,0
S03470,Asia-Pacific,42,Standard,10.49,Monthly,45,4.6,1,0,PayPal,1,0
S03471,Africa,23,Standard,10.49,Monthly,9,4.2,2,1,Card,0,0
S03472,Asia-Pacific,30,Standard,10.49,Monthly,6,9.8,1,2,Mobile wallet,0,0
S03473,Asia-Pacific,28,Standard,10.49,Monthly,2,14.9,1,0,Bank transfer,0,0
S03474,Middle East,42,Premium,22.99,Annual,52,4.5,1,0,Card,1,0
S03475,Europe,26,Basic,8.99,Monthly,11,1.9,4,0,Card,1,0
S03476,Latin America,42,Standard,10.49,Monthly,32,6.2,1,2,Card,1,0
S03477,Middle East,16,Basic,8.99,Annual,12,3.5,1,0,Mobile wallet,1,0
S03478,Europe,60,Standard,14.99,Annual,18,16.5,3,1,Card,1,0
S03479,North America,25,Premium,22.99,Annual,14,8.2,1,2,Card,1,0
S03480,Europe,75,Premium,22.99,Monthly,72,11.4,4,0,Mobile wallet,1,0
S03481,Latin America,41,Standard,10.49,Annual,8,2.2,1,0,PayPal,1,0
S03482,North America,19,Standard,14.99,Annual,28,5.5,2,4,Card,0,0
S03483,North America,24,Basic,8.99,Annual,29,5.7,1,3,Card,0,0
S03484,Africa,45,Premium,16.09,Monthly,19,1.9,1,1,Mobile wallet,0,0
S03485,North America,37,Basic,8.99,Monthly,22,3.9,3,0,PayPal,1,0
S03486,Asia-Pacific,48,Standard,10.49,Monthly,54,5.2,4,0,Mobile wallet,1,0
S03487,North America,43,Premium,22.99,Monthly,27,20.5,4,0,Card,1,0
S03488,North America,38,Premium,22.99,Monthly,26,9.8,2,2,Bank transfer,0,0
S03489,North America,25,Standard,14.99,Monthly,5,6.0,1,2,Card,1,0
S03490,North America,35,Standard,14.99,Monthly,14,3.7,4,0,Bank transfer,1,1
S03491,Europe,58,Basic,8.99,Annual,44,6.1,2,0,Mobile wallet,0,0
S03492,Europe,31,Premium,22.99,Annual,13,5.7,1,1,Bank transfer,1,0
S03493,Asia-Pacific,33,Premium,16.09,Monthly,25,1.4,1,1,Card,1,0
S03494,Asia-Pacific,27,Standard,10.49,Annual,11,1.7,2,3,Mobile wallet,1,0
S03495,Europe,32,Standard,14.99,Annual,14,12.7,3,0,Card,1,0
S03496,Europe,38,Standard,14.99,Monthly,30,12.3,1,0,Card,1,0
S03497,Latin America,46,Premium,16.09,Monthly,4,14.0,2,1,Mobile wallet,0,0
S03498,North America,41,Basic,8.99,Annual,17,13.5,2,0,Mobile wallet,1,0
S03499,Latin America,30,Premium,16.09,Annual,48,14.7,4,0,Card,1,0
S03500,Europe,45,Standard,14.99,Annual,19,5.7,2,0,PayPal,1,0
S03501,Latin America,36,Standard,10.49,Monthly,11,4.5,2,0,PayPal,1,0
S03502,North America,57,Basic,8.99,Monthly,15,4.5,2,2,Mobile wallet,1,0
S03503,Asia-Pacific,46,Standard,10.49,Monthly,23,17.9,2,3,Card,1,0
S03504,Asia-Pacific,16,Standard,10.49,Monthly,1,1.5,1,4,Card,1,1
S03505,Africa,51,Basic,6.29,Annual,32,6.2,1,2,Card,0,0
S03506,Europe,32,Basic,8.99,Annual,15,9.0,3,1,Mobile wallet,0,0
S03507,Africa,27,Basic,6.29,Monthly,22,13.8,1,0,Mobile wallet,1,0
S03508,Europe,35,Basic,8.99,Annual,5,6.8,1,2,Bank transfer,1,0
S03509,North America,31,Basic,8.99,Monthly,15,4.3,2,1,Card,0,0
S03510,Europe,51,Basic,8.99,Annual,10,5.2,1,1,Card,1,0
S03511,Africa,30,Premium,16.09,Annual,33,1.2,2,3,Card,1,1
S03512,Africa,65,Standard,10.49,Monthly,28,2.2,1,2,Card,0,1
S03513,North America,17,Premium,22.99,Monthly,13,4.1,2,0,PayPal,1,0
S03514,Latin America,29,Standard,10.49,Monthly,16,4.0,1,1,Bank transfer,0,1
S03515,Europe,35,Premium,22.99,Monthly,5,3.1,2,0,Card,0,1
S03516,Europe,61,Premium,22.99,Annual,7,9.4,1,1,Card,1,0
S03517,Europe,34,Basic,8.99,Monthly,7,7.3,1,2,Card,0,0
S03518,North America,39,Standard,14.99,Monthly,17,12.9,1,0,Mobile wallet,1,0
S03519,North America,27,Basic,8.99,Monthly,2,5.7,2,0,Card,0,0
S03520,North America,47,Standard,14.99,Annual,26,0.8,3,0,PayPal,1,0
S03521,Asia-Pacific,31,Standard,10.49,Monthly,36,6.4,2,0,Bank transfer,1,0
S03522,North America,46,Basic,8.99,Monthly,26,4.3,1,2,PayPal,0,1
S03523,Africa,18,Basic,6.29,Monthly,3,2.6,1,0,Mobile wallet,0,0
S03524,North America,27,Standard,14.99,Monthly,22,,3,0,Card,1,0
S03525,North America,38,Basic,8.99,Monthly,19,1.9,1,0,PayPal,1,0
S03526,North America,34,Standard,14.99,Monthly,7,3.7,1,0,Mobile wallet,1,1
S03527,Europe,22,Premium,22.99,Annual,7,7.2,2,0,Mobile wallet,1,0
S03528,Europe,24,Basic,8.99,Monthly,18,1.0,1,0,Bank transfer,0,1
S03529,Latin America,32,Premium,16.09,Monthly,13,6.9,2,0,Card,0,1
S03530,Latin America,48,Standard,10.49,Monthly,13,2.5,4,1,Card,1,1
S03531,North America,41,Premium,22.99,Monthly,31,4.9,2,1,Card,0,0
S03532,Europe,37,Standard,14.99,Monthly,23,3.5,1,0,Card,1,0
S03533,Europe,16,Standard,14.99,Annual,7,3.4,2,1,Card,1,0
S03534,Latin America,54,Premium,16.09,Monthly,10,7.2,2,1,PayPal,1,0
S03535,Europe,32,Premium,22.99,Annual,20,2.3,2,1,Card,1,0
S03536,North America,33,Basic,8.99,Annual,15,15.4,1,1,Card,1,0
S03537,Latin America,43,Basic,6.29,Monthly,4,3.5,3,0,Mobile wallet,1,0
S03538,Africa,16,Basic,6.29,Annual,7,3.6,1,2,Card,0,0
S03539,Middle East,55,Standard,14.99,Monthly,30,9.0,1,1,PayPal,0,0
S03540,Asia-Pacific,23,Standard,10.49,Monthly,27,5.6,1,1,Card,1,0
S03541,Latin America,45,Premium,16.09,Monthly,16,1.6,1,0,Mobile wallet,1,1
S03542,Europe,16,Premium,22.99,Monthly,29,1.9,4,1,Bank transfer,1,0
S03543,Middle East,46,Basic,8.99,Annual,70,1.6,1,2,PayPal,1,0
S03544,Europe,45,Basic,8.99,Annual,13,6.7,3,1,PayPal,1,0
S03545,North America,61,Basic,8.99,Annual,11,7.7,3,2,Bank transfer,1,0
S03546,Asia-Pacific,40,Standard,10.49,Monthly,26,3.6,3,1,Card,0,0
S03547,Europe,38,Basic,8.99,Annual,11,15.5,1,0,PayPal,1,0
S03548,North America,30,Standard,14.99,Annual,11,1.2,1,4,Card,1,1
S03549,Europe,34,Basic,8.99,Monthly,3,5.8,4,0,Card,1,0
S03550,Latin America,43,Basic,6.29,Monthly,22,4.8,3,0,Card,0,0
S03551,Africa,33,Basic,6.29,Monthly,39,0.7,1,1,Card,0,1
S03552,Middle East,49,Basic,8.99,Monthly,18,5.5,2,0,Bank transfer,1,0
S03553,Asia-Pacific,43,Standard,10.49,Monthly,6,6.0,1,0,PayPal,1,0
S03554,Middle East,45,Premium,22.99,Monthly,9,1.3,2,1,Card,1,0
S03555,North America,39,Basic,8.99,Annual,43,5.5,4,0,Mobile wallet,1,0
S03556,Europe,34,Standard,14.99,Monthly,14,0.6,2,0,Card,1,0
S03557,North America,42,Standard,14.99,Monthly,12,19.7,1,0,Bank transfer,1,0
S03558,Asia-Pacific,39,Basic,6.29,Monthly,12,5.7,3,0,Mobile wallet,1,0
S03559,Latin America,50,Basic,6.29,Monthly,56,7.0,4,0,Card,1,0
S03560,Africa,23,Standard,10.49,Annual,12,,2,2,Mobile wallet,0,0
S03561,Africa,42,Standard,10.49,Annual,59,8.1,3,1,Card,1,0
S03562,Europe,28,Basic,8.99,Annual,11,6.6,1,0,Card,0,0
S03563,North America,48,Premium,22.99,Annual,64,,1,3,Card,0,0
S03564,North America,40,Basic,8.99,Annual,6,6.3,1,0,Bank transfer,1,0
S03565,Asia-Pacific,29,Premium,16.09,Monthly,2,8.6,3,0,Mobile wallet,1,0
S03566,Europe,40,Standard,14.99,Monthly,7,,1,3,Card,0,1
S03567,North America,36,Basic,8.99,Monthly,43,6.0,1,2,PayPal,1,0
S03568,North America,16,Premium,22.99,Annual,27,5.2,2,3,Mobile wallet,1,0
S03569,North America,34,Basic,8.99,Annual,6,4.0,1,1,PayPal,1,0
S03570,Europe,44,Basic,8.99,Monthly,18,2.5,4,2,Card,1,0
S03571,North America,35,Premium,22.99,Monthly,10,4.8,1,1,Card,0,1
S03572,Asia-Pacific,29,Basic,6.29,Annual,2,2.0,1,5,Card,1,0
S03573,Europe,57,Basic,8.99,Annual,11,5.9,2,0,Bank transfer,1,0
S03574,Europe,26,Basic,8.99,Monthly,8,6.2,1,0,Mobile wallet,0,1
S03575,North America,28,Premium,22.99,Monthly,42,25.1,1,0,PayPal,1,0
S03576,North America,54,Standard,14.99,Annual,5,1.7,2,1,PayPal,1,0
S03577,Africa,18,Standard,10.49,Monthly,3,0.8,1,1,Card,0,0
S03578,Latin America,19,Basic,6.29,Annual,31,2.0,2,5,PayPal,1,1
S03579,Europe,28,Basic,8.99,Monthly,15,13.4,1,0,Card,0,0
S03580,Asia-Pacific,31,Basic,6.29,Annual,12,4.8,2,0,Mobile wallet,1,0
S03581,Asia-Pacific,38,Standard,10.49,Annual,38,6.3,2,1,Card,1,0
S03582,Latin America,17,Basic,6.29,Monthly,3,6.8,4,0,PayPal,1,0
S03583,Asia-Pacific,45,Basic,6.29,Monthly,22,7.9,3,1,PayPal,0,0
S03584,Latin America,31,Standard,10.49,Annual,19,5.3,2,3,Card,1,0
S03585,North America,38,Standard,14.99,Annual,5,5.3,2,0,Card,1,0
S03586,Asia-Pacific,45,Basic,6.29,Annual,18,4.5,2,0,Mobile wallet,1,1
S03587,Europe,53,Basic,8.99,Monthly,16,3.6,3,0,Card,0,0
S03588,Middle East,27,Basic,8.99,Annual,6,4.2,1,2,Bank transfer,0,0
S03589,Asia-Pacific,25,Premium,16.09,Monthly,10,7.3,1,1,Card,1,1
S03590,Asia-Pacific,16,Premium,16.09,Annual,15,3.4,1,1,Bank transfer,0,0
S03591,Europe,47,Standard,14.99,Monthly,18,1.8,1,3,Card,0,1
S03592,Asia-Pacific,27,Basic,6.29,Monthly,25,8.9,4,1,Card,1,0
S03593,Europe,16,Basic,8.99,Annual,12,10.3,1,1,Card,1,0
S03594,North America,20,Basic,8.99,Annual,32,8.6,1,0,Mobile wallet,1,0
S03595,Asia-Pacific,34,Basic,6.29,Annual,3,13.2,4,1,Mobile wallet,1,0
S03596,Middle East,37,Basic,8.99,Monthly,15,4.5,2,0,Card,1,0
S03597,Latin America,43,Basic,6.29,Monthly,25,6.5,4,3,PayPal,1,0
S03598,North America,41,Basic,8.99,Monthly,14,1.5,3,1,Card,1,1
S03599,Latin America,55,Standard,10.49,Annual,19,5.4,3,2,PayPal,1,0
S03600,Africa,51,Basic,6.29,Monthly,58,7.8,2,0,PayPal,1,0
S03601,Europe,23,Basic,8.99,Monthly,22,0.8,1,2,Card,0,1
S03602,North America,40,Basic,8.99,Monthly,6,10.1,2,0,PayPal,1,0
S03603,Europe,38,Standard,14.99,Annual,43,4.7,1,0,Card,1,0
S03604,Europe,35,Standard,14.99,Monthly,25,8.0,3,0,Card,1,0
S03605,Europe,47,Premium,22.99,Monthly,16,8.0,1,0,PayPal,0,0
S03606,Europe,38,Basic,8.99,Monthly,6,3.8,2,0,Card,1,0
S03607,Europe,38,Basic,8.99,Annual,10,,4,1,Mobile wallet,1,0
S03608,Latin America,46,Basic,6.29,Monthly,20,14.2,1,0,PayPal,1,0
S03609,Latin America,16,Basic,6.29,Monthly,6,5.8,1,0,Card,1,0
S03610,Latin America,44,Premium,16.09,Monthly,59,5.5,1,1,Bank transfer,0,1
S03611,Europe,46,Standard,14.99,Monthly,40,4.8,1,0,PayPal,0,0
S03612,North America,29,Basic,8.99,Annual,29,4.7,1,1,Card,1,0
S03613,Middle East,46,Basic,8.99,Annual,22,9.5,2,0,Bank transfer,1,0
S03614,North America,18,Premium,22.99,Monthly,25,3.3,2,3,PayPal,0,0
S03615,Asia-Pacific,19,Standard,10.49,Annual,2,2.1,3,4,PayPal,1,0
S03616,North America,39,Standard,14.99,Annual,20,3.1,1,0,Card,1,0
S03617,Asia-Pacific,21,Premium,16.09,Monthly,63,7.8,1,2,Card,0,0
S03618,Asia-Pacific,29,Basic,6.29,Monthly,33,4.7,3,1,PayPal,0,1
S03619,Asia-Pacific,16,Basic,6.29,Monthly,28,4.0,1,0,Bank transfer,1,0
S03620,Asia-Pacific,38,Standard,10.49,Monthly,72,3.7,3,1,Card,1,0
S03621,Europe,25,Premium,22.99,Monthly,12,0.6,1,0,Card,1,0
S03622,North America,32,Basic,8.99,Annual,15,1.1,2,2,Card,1,0
S03623,North America,36,Standard,14.99,Annual,29,1.7,1,1,PayPal,1,0
S03624,North America,42,Standard,14.99,Monthly,22,1.5,3,0,Card,1,0
S03625,Asia-Pacific,47,Basic,6.29,Monthly,43,4.0,3,0,Bank transfer,0,1
S03626,Europe,30,Premium,22.99,Monthly,22,15.2,1,0,Card,1,0
S03627,North America,22,Basic,8.99,Monthly,23,2.1,2,1,Mobile wallet,1,1
S03628,Europe,37,Basic,8.99,Monthly,1,3.6,2,0,PayPal,1,1
S03629,Asia-Pacific,45,Basic,6.29,Annual,11,7.5,4,0,Card,1,0
S03630,Europe,34,Standard,14.99,Monthly,14,5.8,1,1,Mobile wallet,1,1
S03631,Asia-Pacific,16,Basic,6.29,Monthly,43,5.7,1,2,PayPal,0,0
S03632,North America,25,Basic,8.99,Monthly,24,2.7,2,0,Bank transfer,0,1
S03633,Asia-Pacific,24,Standard,10.49,Monthly,39,13.4,1,3,Mobile wallet,0,0
S03634,Europe,33,Standard,14.99,Monthly,40,3.4,2,0,Bank transfer,1,0
S03635,North America,49,Basic,8.99,Monthly,56,9.6,3,0,Card,0,0
S03636,Asia-Pacific,27,Basic,6.29,Annual,8,,4,1,PayPal,1,0
S03637,Latin America,32,Basic,6.29,Monthly,32,2.4,1,1,Card,0,0
S03638,Europe,16,Basic,8.99,Annual,39,13.4,2,0,Card,1,0
S03639,Middle East,31,Basic,8.99,Annual,9,11.3,1,0,PayPal,1,0
S03640,Middle East,22,Standard,14.99,Monthly,19,6.3,1,0,Mobile wallet,1,0
S03641,Asia-Pacific,57,Basic,6.29,Monthly,4,16.0,2,0,Bank transfer,0,0
S03642,North America,35,Standard,14.99,Monthly,14,5.2,1,0,Card,1,0
S03643,Europe,35,Basic,8.99,Annual,16,5.4,3,0,Mobile wallet,0,1
S03644,Latin America,45,Standard,10.49,Monthly,18,5.8,2,1,Card,0,0
S03645,Latin America,49,Standard,10.49,Monthly,12,5.2,1,1,Card,0,0
S03646,North America,39,Basic,8.99,Monthly,18,5.0,1,0,Bank transfer,0,1
S03647,North America,52,Basic,8.99,Monthly,8,2.4,3,1,Card,1,1
S03648,Asia-Pacific,17,Basic,6.29,Annual,26,5.2,1,1,Card,1,0
S03649,Latin America,16,Premium,16.09,Monthly,23,8.6,2,1,PayPal,1,0
S03650,North America,36,Basic,8.99,Annual,11,4.7,1,0,Bank transfer,1,1
S03651,Asia-Pacific,32,Standard,10.49,Annual,22,3.6,3,1,Mobile wallet,1,0
S03652,Europe,27,Basic,8.99,Annual,10,9.9,1,0,Bank transfer,0,0
S03653,Latin America,43,Standard,10.49,Monthly,24,6.5,1,2,Card,0,0
S03654,Africa,16,Standard,10.49,Monthly,27,8.0,3,1,Card,0,0
S03655,Europe,29,Standard,14.99,Annual,17,6.0,2,0,Card,1,0
S03656,Europe,48,Basic,8.99,Monthly,6,5.4,3,0,Card,0,1
S03657,Africa,49,Basic,6.29,Annual,10,6.9,2,0,Mobile wallet,0,0
S03658,Africa,48,Standard,10.49,Monthly,38,7.6,3,1,Card,1,0
S03659,North America,31,Premium,22.99,Annual,3,6.0,3,0,PayPal,1,0
S03660,North America,43,Standard,14.99,Monthly,9,8.3,3,0,Mobile wallet,1,0
S03661,Europe,37,Basic,8.99,Monthly,11,0.5,1,1,Card,1,1
S03662,Europe,42,Standard,14.99,Annual,11,4.7,1,0,Card,0,0
S03663,Europe,32,Standard,14.99,Monthly,36,14.3,2,0,Bank transfer,1,0
S03664,Latin America,27,Basic,6.29,Monthly,14,3.1,3,0,PayPal,0,0
S03665,Asia-Pacific,40,Standard,10.49,Annual,16,10.9,2,0,Card,1,0
S03666,Asia-Pacific,26,Standard,10.49,Monthly,11,14.2,2,1,PayPal,1,0
S03667,Europe,25,Standard,14.99,Monthly,4,12.7,2,0,Card,0,0
S03668,Europe,21,Basic,8.99,Monthly,30,10.2,1,0,Card,0,0
S03669,North America,21,Premium,22.99,Monthly,5,8.4,2,1,Bank transfer,0,0
S03670,Europe,18,Basic,8.99,Annual,25,0.5,1,1,Card,1,0
S03671,Asia-Pacific,33,Standard,10.49,Annual,19,5.0,2,2,PayPal,1,0
S03672,North America,62,Premium,22.99,Monthly,10,3.0,3,1,Card,1,0
S03673,North America,26,Basic,8.99,Annual,26,3.8,3,3,Mobile wallet,1,0
S03674,North America,68,Premium,22.99,Monthly,10,4.5,3,1,PayPal,1,0
S03675,North America,32,Standard,14.99,Monthly,17,8.5,1,1,Card,1,0
S03676,Africa,26,Standard,10.49,Monthly,17,4.0,4,5,Card,1,0
S03677,Asia-Pacific,16,Standard,10.49,Annual,28,2.5,1,3,Mobile wallet,0,0
S03678,North America,29,Basic,8.99,Annual,11,9.7,2,2,Card,1,0
S03679,Asia-Pacific,23,Standard,10.49,Monthly,13,,2,0,Bank transfer,1,1
S03680,North America,37,Basic,8.99,Monthly,7,1.1,1,1,Card,0,1
S03681,Latin America,30,Premium,16.09,Monthly,27,4.3,2,0,Card,0,0
S03682,North America,21,Basic,8.99,Annual,26,2.6,4,1,Card,1,0
S03683,Europe,19,Basic,8.99,Monthly,13,10.7,3,1,Mobile wallet,0,1
S03684,Africa,33,Standard,10.49,Monthly,5,13.8,1,0,Card,0,0
S03685,Latin America,30,Basic,6.29,Annual,16,5.2,3,0,Mobile wallet,1,0
S03686,Latin America,40,Premium,16.09,Monthly,8,5.1,4,3,PayPal,1,0
S03687,Africa,28,Premium,16.09,Annual,17,7.1,1,1,Card,1,0
S03688,Europe,36,Standard,14.99,Monthly,10,0.6,1,3,Card,1,1
S03689,Europe,56,Premium,22.99,Monthly,13,2.7,4,3,PayPal,1,1
S03690,Africa,32,Basic,6.29,Monthly,3,10.9,1,0,Mobile wallet,1,0
S03691,North America,25,Basic,8.99,Monthly,18,18.5,2,1,Card,1,0
S03692,North America,30,Premium,22.99,Annual,23,17.5,1,0,Mobile wallet,1,0
S03693,Asia-Pacific,38,Premium,16.09,Annual,11,4.5,2,1,Card,1,0
S03694,Europe,37,Standard,14.99,Monthly,20,4.6,1,1,Card,0,1
S03695,Latin America,51,Basic,6.29,Monthly,20,8.8,2,3,Mobile wallet,1,1
S03696,Asia-Pacific,30,Basic,6.29,Annual,3,4.6,1,0,Card,1,0
S03697,Africa,39,Basic,6.29,Monthly,4,5.7,3,0,Card,1,0
S03698,Asia-Pacific,46,Basic,6.29,Monthly,26,11.3,1,1,Bank transfer,0,0
S03699,Europe,17,Basic,8.99,Monthly,9,6.5,2,1,PayPal,0,0
S03700,Asia-Pacific,47,Basic,6.29,Monthly,18,11.8,3,1,Bank transfer,1,0
S03701,North America,29,Standard,14.99,Monthly,20,3.0,2,0,Card,1,0
S03702,Europe,28,Standard,14.99,Monthly,9,5.2,3,1,Card,0,0
S03703,North America,48,Basic,8.99,Monthly,10,4.3,1,1,Mobile wallet,0,1
S03704,Latin America,24,Standard,10.49,Annual,13,4.8,2,0,Card,1,0
S03705,Asia-Pacific,21,Standard,10.49,Monthly,12,2.7,2,3,Card,1,0
S03706,Asia-Pacific,25,Premium,16.09,Monthly,14,3.3,3,1,PayPal,1,1
S03707,Latin America,52,Basic,6.29,Monthly,67,2.8,1,2,Mobile wallet,1,0
S03708,Asia-Pacific,25,Standard,10.49,Annual,21,4.5,1,1,Card,1,1
S03709,North America,51,Basic,8.99,Monthly,7,2.2,1,2,Bank transfer,1,1
S03710,North America,37,Standard,14.99,Monthly,30,2.9,2,1,Card,1,0
S03711,Latin America,25,Premium,16.09,Monthly,17,3.1,1,0,Card,1,0
S03712,Asia-Pacific,42,Standard,10.49,Monthly,25,10.3,1,1,Card,1,0
S03713,Latin America,43,Premium,16.09,Monthly,62,7.8,2,0,Card,1,0
S03714,Latin America,23,Basic,6.29,Annual,34,3.5,1,1,Card,1,0
S03715,Europe,27,Premium,22.99,Monthly,13,5.8,2,1,Card,1,0
S03716,Europe,31,Basic,8.99,Annual,39,10.2,1,0,Bank transfer,1,0
S03717,Europe,40,Premium,22.99,Monthly,19,2.7,3,2,Mobile wallet,1,1
S03718,Europe,30,Standard,14.99,Annual,22,4.3,1,3,Card,1,0
S03719,Europe,33,Standard,14.99,Monthly,5,6.0,2,2,Card,1,1
S03720,North America,56,Standard,14.99,Monthly,30,7.2,2,5,PayPal,1,1
S03721,Europe,42,Standard,14.99,Monthly,9,0.9,1,0,Card,1,1
S03722,Africa,30,Basic,6.29,Annual,13,7.6,3,1,Mobile wallet,1,0
S03723,Latin America,42,Standard,10.49,Monthly,24,5.5,1,0,PayPal,0,0
S03724,Europe,35,Basic,8.99,Monthly,34,7.6,1,1,PayPal,0,0
S03725,Europe,58,Basic,8.99,Annual,35,9.6,1,1,Card,1,0
S03726,Asia-Pacific,38,Standard,10.49,Monthly,9,3.0,1,0,Card,0,0
S03727,North America,52,Basic,8.99,Monthly,12,2.5,3,1,PayPal,1,0
S03728,Asia-Pacific,41,Standard,10.49,Monthly,30,9.1,2,0,Card,0,0
S03729,Asia-Pacific,21,Basic,6.29,Monthly,32,4.2,2,1,Mobile wallet,0,0
S03730,Europe,37,Basic,8.99,Monthly,33,6.7,1,1,PayPal,1,0
S03731,Europe,44,Basic,8.99,Monthly,23,9.0,1,1,Card,0,0
S03732,Asia-Pacific,45,Premium,16.09,Monthly,8,1.5,3,1,PayPal,1,1
S03733,Latin America,59,Basic,6.29,Monthly,19,4.5,2,2,Card,1,0
S03734,Europe,31,Basic,8.99,Monthly,5,7.3,3,0,Mobile wallet,0,0
S03735,Latin America,30,Standard,10.49,Annual,10,2.9,2,1,PayPal,0,1
S03736,North America,35,Standard,14.99,Monthly,11,1.0,3,1,Mobile wallet,1,0
S03737,Europe,29,Premium,22.99,Monthly,16,2.7,3,0,Mobile wallet,0,1
S03738,North America,36,Basic,8.99,Annual,12,4.5,2,1,PayPal,1,0
S03739,Asia-Pacific,24,Standard,10.49,Annual,27,6.9,1,1,Bank transfer,1,0
S03740,Asia-Pacific,37,Standard,10.49,Monthly,18,2.1,2,0,Card,0,0
S03741,Asia-Pacific,16,Standard,10.49,Monthly,9,1.7,1,2,Card,0,0
S03742,North America,36,Basic,8.99,Monthly,32,1.2,3,1,Card,1,0
S03743,North America,17,Premium,22.99,Annual,11,7.1,2,0,PayPal,1,0
S03744,Asia-Pacific,29,Basic,6.29,Monthly,27,2.6,3,1,Card,0,0
S03745,Asia-Pacific,43,Standard,10.49,Monthly,30,2.3,3,1,Card,0,0
S03746,Latin America,42,Basic,6.29,Annual,12,4.4,2,0,PayPal,1,1
S03747,Europe,49,Basic,8.99,Monthly,8,6.9,1,2,Card,0,0
S03748,Africa,39,Standard,10.49,Monthly,27,5.8,4,0,Card,1,0
S03749,Latin America,31,Standard,10.49,Monthly,11,11.9,1,2,Bank transfer,0,0
S03750,Europe,47,Premium,22.99,Monthly,6,4.8,1,0,Mobile wallet,1,0
S03751,North America,37,Premium,22.99,Monthly,25,5.5,1,1,Mobile wallet,0,0
S03752,North America,20,Basic,8.99,Annual,49,3.3,3,0,Bank transfer,1,0
S03753,Europe,20,Standard,14.99,Annual,14,5.4,3,0,Card,1,0
S03754,North America,48,Basic,8.99,Monthly,8,5.1,2,0,Card,0,0
S03755,Asia-Pacific,40,Standard,10.49,Monthly,11,2.8,2,2,Card,1,0
S03756,North America,28,Premium,22.99,Monthly,16,4.2,1,0,Card,1,0
S03757,North America,40,Premium,22.99,Monthly,23,10.9,3,1,Card,0,0
S03758,Europe,53,Standard,14.99,Annual,10,4.8,1,0,Card,0,0
S03759,Africa,28,Basic,6.29,Monthly,23,,2,2,Card,1,0
S03760,Africa,36,Basic,6.29,Monthly,6,1.4,2,2,Bank transfer,0,0
S03761,Europe,38,Basic,8.99,Monthly,7,8.6,1,0,Mobile wallet,0,0
S03762,Africa,47,Standard,10.49,Monthly,15,11.7,4,0,PayPal,0,1
S03763,Middle East,28,Basic,8.99,Monthly,17,15.5,2,3,PayPal,1,0
S03764,Africa,23,Basic,6.29,Monthly,10,5.5,1,0,Bank transfer,1,0
S03765,North America,16,Standard,14.99,Monthly,34,15.5,2,1,Mobile wallet,0,0
S03766,Europe,39,Premium,22.99,Annual,25,15.1,1,1,PayPal,1,0
S03767,Asia-Pacific,31,Basic,6.29,Monthly,5,8.6,2,1,Mobile wallet,1,0
S03768,North America,37,Basic,8.99,Monthly,31,7.6,3,0,PayPal,0,0
S03769,North America,48,Basic,8.99,Monthly,21,5.4,3,1,Card,0,1
S03770,Middle East,24,Standard,14.99,Monthly,16,5.7,3,1,Card,1,0
S03771,Middle East,52,Standard,14.99,Monthly,17,,3,0,Mobile wallet,1,0
S03772,Middle East,26,Standard,14.99,Annual,34,3.1,3,4,PayPal,1,0
S03773,Latin America,27,Premium,16.09,Monthly,9,1.4,2,0,Card,1,1
S03774,North America,29,Basic,8.99,Monthly,72,4.3,2,0,Mobile wallet,1,0
S03775,North America,37,Standard,14.99,Monthly,28,13.4,1,0,Card,1,0
S03776,Middle East,35,Premium,22.99,Monthly,5,1.0,1,1,PayPal,1,0
S03777,Asia-Pacific,29,Standard,10.49,Annual,14,5.2,1,1,Bank transfer,0,1
S03778,Asia-Pacific,24,Basic,6.29,Monthly,27,5.3,3,0,Card,1,0
S03779,Europe,25,Standard,14.99,Monthly,11,4.5,4,0,Mobile wallet,1,0
S03780,Europe,29,Standard,14.99,Monthly,29,3.7,3,2,Card,0,1
S03781,Middle East,27,Standard,14.99,Monthly,11,6.4,2,0,PayPal,0,0
S03782,Europe,51,Standard,14.99,Monthly,27,3.1,1,1,Card,0,1
S03783,North America,27,Basic,8.99,Annual,39,5.2,1,1,Mobile wallet,1,0
S03784,Latin America,36,Standard,10.49,Monthly,15,6.2,3,1,Card,0,0
S03785,Europe,33,Premium,22.99,Monthly,8,17.2,4,1,Mobile wallet,1,0
S03786,North America,21,Standard,14.99,Monthly,10,3.9,1,1,Card,1,1
S03787,Europe,39,Standard,14.99,Monthly,24,4.6,2,0,PayPal,0,1
S03788,North America,61,Premium,22.99,Monthly,23,1.9,1,0,PayPal,1,1
S03789,Africa,27,Basic,6.29,Monthly,27,14.2,4,2,Mobile wallet,1,0
S03790,North America,29,Basic,8.99,Monthly,32,5.4,3,2,PayPal,0,0
S03791,North America,21,Basic,8.99,Monthly,12,10.0,1,1,Mobile wallet,1,0
S03792,Europe,44,Premium,22.99,Monthly,8,6.7,4,0,Card,1,0
S03793,Latin America,19,Basic,6.29,Annual,10,1.2,2,4,Card,1,0
S03794,Europe,17,Standard,14.99,Annual,20,0.7,2,0,Card,1,0
S03795,North America,42,Standard,14.99,Monthly,39,5.5,1,1,Card,0,0
S03796,Middle East,22,Standard,14.99,Annual,67,6.9,1,0,Card,1,0
S03797,Europe,30,Standard,14.99,Monthly,1,2.4,1,4,Card,0,0
S03798,Europe,30,Standard,14.99,Monthly,27,6.4,4,2,Card,0,1
S03799,North America,41,Standard,14.99,Monthly,14,3.0,2,1,Card,0,1
S03800,Europe,44,Standard,14.99,Annual,23,8.6,1,0,PayPal,1,0
S03801,Europe,38,Basic,8.99,Annual,5,4.4,4,2,Bank transfer,1,1
S03802,Europe,44,Premium,22.99,Annual,5,2.8,1,0,Card,1,0
S03803,Africa,47,Basic,6.29,Monthly,41,5.9,4,2,Card,1,0
S03804,Europe,52,Standard,14.99,Annual,11,5.1,2,2,Mobile wallet,1,0
S03805,Middle East,57,Standard,14.99,Monthly,8,7.3,3,1,PayPal,0,1
S03806,Europe,40,Basic,8.99,Monthly,37,1.5,3,1,Card,1,0
S03807,Asia-Pacific,23,Premium,16.09,Monthly,6,11.5,1,2,Card,0,0
S03808,North America,34,Basic,8.99,Annual,24,3.6,3,1,Card,1,0
S03809,North America,16,Standard,14.99,Monthly,22,,1,0,Mobile wallet,0,0
S03810,North America,33,Premium,22.99,Annual,39,3.0,4,2,Card,1,0
S03811,Asia-Pacific,42,Premium,16.09,Monthly,14,11.5,3,0,Card,1,0
S03812,Middle East,35,Basic,8.99,Annual,27,4.1,1,1,PayPal,0,0
S03813,Africa,33,Basic,6.29,Monthly,8,11.7,1,0,Mobile wallet,1,0
S03814,Middle East,49,Basic,8.99,Annual,27,10.7,2,0,Card,1,0
S03815,North America,49,Premium,22.99,Monthly,8,6.9,2,0,Mobile wallet,0,0
S03816,North America,34,Basic,8.99,Monthly,4,3.9,3,0,Mobile wallet,1,0
S03817,Middle East,25,Basic,8.99,Monthly,19,0.7,2,2,Mobile wallet,1,0
S03818,North America,35,Basic,8.99,Annual,8,5.8,2,0,Mobile wallet,1,0
S03819,North America,32,Basic,8.99,Monthly,2,2.7,1,1,Card,0,0
S03820,North America,42,Standard,14.99,Monthly,10,8.3,3,1,Card,0,1
S03821,Europe,43,Basic,8.99,Annual,19,3.2,2,1,Mobile wallet,0,0
S03822,Middle East,45,Premium,22.99,Annual,16,5.8,3,2,Bank transfer,1,0
S03823,Europe,23,Premium,22.99,Monthly,5,13.3,2,0,Card,0,0
S03824,Africa,23,Standard,10.49,Annual,6,4.0,3,1,Bank transfer,1,1
S03825,Latin America,43,Basic,6.29,Monthly,14,7.7,4,1,PayPal,1,0
S03826,Europe,16,Standard,14.99,Monthly,11,15.0,1,0,Card,0,0
S03827,Latin America,29,Basic,6.29,Annual,37,8.3,4,1,Mobile wallet,1,0
S03828,Asia-Pacific,22,Standard,10.49,Annual,26,8.7,3,1,Card,1,0
S03829,Latin America,54,Standard,10.49,Monthly,13,4.8,1,0,Card,1,0
S03830,Asia-Pacific,23,Basic,6.29,Monthly,19,3.0,4,1,Bank transfer,1,1
S03831,Europe,49,Premium,22.99,Monthly,14,3.0,1,0,PayPal,1,0
S03832,Asia-Pacific,38,Standard,10.49,Annual,37,6.4,1,3,Card,1,0
S03833,Africa,23,Basic,6.29,Monthly,16,9.6,1,0,Card,1,0
S03834,Europe,38,Premium,22.99,Monthly,16,7.9,2,0,Card,1,0
S03835,Europe,29,Premium,22.99,Monthly,1,,2,1,Card,1,0
S03836,Asia-Pacific,23,Basic,6.29,Annual,16,3.8,1,1,PayPal,1,0
S03837,Europe,37,Basic,8.99,Monthly,12,6.4,3,0,Card,1,0
S03838,Asia-Pacific,34,Standard,10.49,Monthly,5,3.7,3,3,Card,0,1
S03839,Africa,41,Basic,6.29,Annual,13,,1,0,Bank transfer,1,0
S03840,North America,18,Basic,8.99,Monthly,15,3.9,2,1,Mobile wallet,0,0
S03841,Europe,49,Basic,8.99,Monthly,5,5.4,1,0,Mobile wallet,1,0
S03842,Europe,21,Standard,14.99,Monthly,4,4.0,1,0,Mobile wallet,1,0
S03843,Europe,27,Standard,14.99,Monthly,8,14.3,1,0,Bank transfer,1,0
S03844,North America,32,Standard,14.99,Monthly,10,8.1,1,0,PayPal,0,0
S03845,Europe,22,Standard,14.99,Monthly,6,10.1,1,1,PayPal,1,0
S03846,North America,69,Premium,22.99,Monthly,7,3.8,2,0,Card,1,0
S03847,Europe,45,Basic,8.99,Monthly,2,1.7,3,0,Mobile wallet,0,0
S03848,North America,16,Basic,8.99,Annual,21,8.2,1,0,PayPal,1,0
S03849,Europe,53,Basic,8.99,Monthly,43,,1,1,Card,1,0
S03850,North America,37,Basic,8.99,Monthly,20,6.9,3,1,Bank transfer,0,1
S03851,Africa,41,Premium,16.09,Monthly,14,11.3,3,3,PayPal,1,0
S03852,Asia-Pacific,47,Basic,6.29,Annual,11,0.8,1,2,Card,0,0
S03853,North America,32,Basic,8.99,Monthly,14,20.1,1,0,Card,0,0
S03854,Europe,76,Standard,14.99,Monthly,34,5.1,2,2,Card,1,0
S03855,Africa,36,Standard,10.49,Monthly,64,7.6,3,1,Card,0,0
S03856,Europe,36,Basic,8.99,Annual,23,3.0,2,0,Card,1,0
S03857,Asia-Pacific,27,Premium,16.09,Annual,32,6.2,1,0,Card,1,0
S03858,North America,33,Standard,14.99,Annual,3,3.8,4,0,Card,1,0
S03859,Europe,44,Standard,14.99,Monthly,11,7.2,2,2,Bank transfer,0,0
S03860,Asia-Pacific,42,Basic,6.29,Monthly,20,7.3,4,1,PayPal,1,0
S03861,Africa,16,Premium,16.09,Monthly,33,6.4,4,2,Mobile wallet,0,0
S03862,Asia-Pacific,23,Basic,6.29,Monthly,4,7.8,2,0,PayPal,1,1
S03863,Africa,49,Standard,10.49,Monthly,1,4.7,3,3,PayPal,1,0
S03864,Latin America,20,Standard,10.49,Monthly,17,1.8,2,0,Mobile wallet,0,1
S03865,North America,26,Basic,8.99,Annual,7,4.3,2,2,PayPal,1,0
S03866,Asia-Pacific,30,Basic,6.29,Monthly,16,6.9,3,2,Bank transfer,1,0
S03867,Europe,49,Standard,14.99,Monthly,18,7.9,2,1,Bank transfer,1,0
S03868,North America,39,Basic,8.99,Annual,20,8.9,2,0,Card,1,0
S03869,Africa,37,Premium,16.09,Monthly,3,4.1,2,2,Card,0,1
S03870,Asia-Pacific,26,Basic,6.29,Monthly,19,3.8,3,1,PayPal,1,0
S03871,North America,30,Premium,22.99,Monthly,12,2.3,2,2,PayPal,1,0
S03872,North America,17,Premium,22.99,Monthly,16,3.5,3,1,Card,1,0
S03873,Asia-Pacific,29,Basic,6.29,Annual,2,2.7,1,3,Bank transfer,1,0
S03874,Latin America,34,Premium,16.09,Annual,45,,2,1,Card,0,0
S03875,Asia-Pacific,43,Basic,6.29,Monthly,1,10.0,2,0,Mobile wallet,1,1
S03876,Europe,30,Basic,8.99,Annual,16,5.9,3,0,Card,1,0
S03877,Europe,31,Basic,8.99,Monthly,7,4.9,1,0,Card,1,0
S03878,Europe,24,Premium,22.99,Annual,7,5.0,3,0,Bank transfer,1,0
S03879,North America,68,Basic,8.99,Monthly,29,3.6,4,0,Card,1,0
S03880,North America,28,Standard,14.99,Monthly,9,4.0,4,1,Card,1,0
S03881,Asia-Pacific,30,Basic,6.29,Annual,15,16.3,1,2,Bank transfer,0,0
S03882,Africa,47,Standard,10.49,Annual,9,4.2,1,2,Bank transfer,1,0
S03883,Africa,21,Basic,6.29,Annual,3,,3,1,Mobile wallet,1,0
S03884,Europe,23,Basic,8.99,Annual,19,1.0,1,2,Card,1,0
S03885,Latin America,26,Standard,10.49,Annual,27,3.3,2,1,Mobile wallet,1,0
S03886,North America,18,Standard,14.99,Monthly,9,1.7,3,0,Card,1,0
S03887,Middle East,59,Basic,8.99,Monthly,15,5.7,4,1,Bank transfer,1,0
S03888,Europe,31,Premium,22.99,Monthly,8,1.8,3,2,Mobile wallet,1,1
S03889,Asia-Pacific,35,Basic,6.29,Monthly,16,2.6,4,4,PayPal,1,0
S03890,Europe,33,Standard,14.99,Annual,33,4.1,2,1,Mobile wallet,0,0
S03891,Europe,48,Standard,14.99,Monthly,35,5.6,2,0,Card,1,1
S03892,Europe,43,Standard,14.99,Monthly,16,5.9,1,1,PayPal,0,1
S03893,North America,52,Premium,22.99,Annual,28,4.0,3,1,Mobile wallet,1,0
S03894,North America,16,Basic,8.99,Annual,23,1.7,1,0,Bank transfer,1,1
S03895,North America,24,Standard,14.99,Annual,23,4.0,1,3,PayPal,0,1
S03896,Asia-Pacific,41,Standard,10.49,Annual,4,1.8,4,3,Card,0,0
S03897,Europe,63,Premium,22.99,Monthly,19,0.9,1,0,Mobile wallet,1,0
S03898,Europe,31,Standard,14.99,Monthly,9,1.4,2,2,Bank transfer,0,0
S03899,Asia-Pacific,31,Basic,6.29,Annual,16,10.6,4,2,Mobile wallet,1,0
S03900,Middle East,32,Standard,14.99,Monthly,5,8.8,2,0,PayPal,0,0
S03901,Europe,52,Basic,8.99,Monthly,4,2.8,2,2,Mobile wallet,1,0
S03902,Europe,16,Premium,22.99,Monthly,9,6.8,1,1,Mobile wallet,1,0
S03903,Europe,20,Standard,14.99,Annual,6,1.2,3,1,Card,1,0
S03904,Europe,32,Standard,14.99,Monthly,44,4.1,3,0,Card,0,0
S03905,North America,16,Basic,8.99,Annual,11,6.7,1,1,Card,1,0
S03906,Asia-Pacific,29,Standard,10.49,Monthly,14,3.0,4,0,Card,1,0
S03907,North America,41,Standard,14.99,Monthly,13,11.7,1,0,Mobile wallet,1,0
S03908,Asia-Pacific,53,Basic,6.29,Annual,5,9.4,1,2,Card,1,0
S03909,North America,18,Standard,14.99,Monthly,12,8.4,1,0,Card,1,0
S03910,Asia-Pacific,31,Basic,6.29,Monthly,30,4.9,4,1,Card,0,0
S03911,Latin America,16,Basic,6.29,Annual,47,5.2,2,0,Card,0,0
S03912,Asia-Pacific,24,Premium,16.09,Annual,13,4.9,1,0,Mobile wallet,1,0
S03913,Europe,39,Standard,14.99,Monthly,13,6.5,3,2,PayPal,1,0
S03914,Asia-Pacific,30,Basic,6.29,Annual,39,12.1,1,1,PayPal,0,1
S03915,Middle East,16,Standard,14.99,Annual,11,6.0,2,2,Card,1,0
S03916,Africa,49,Standard,10.49,Annual,22,,4,2,PayPal,1,0
S03917,Latin America,43,Basic,6.29,Monthly,17,2.8,3,1,Card,1,1
S03918,Middle East,30,Standard,14.99,Annual,7,6.4,3,2,PayPal,1,0
S03919,Europe,52,Premium,22.99,Monthly,3,4.5,3,0,Card,0,1
S03920,Asia-Pacific,17,Basic,6.29,Monthly,16,8.0,1,2,Card,1,0
S03921,North America,46,Basic,8.99,Monthly,9,7.3,1,1,Card,1,0
S03922,North America,30,Basic,8.99,Monthly,6,4.7,2,2,Card,0,0
S03923,Europe,61,Basic,8.99,Monthly,19,4.9,2,1,Card,0,0
S03924,Europe,33,Premium,22.99,Monthly,9,11.2,4,0,Mobile wallet,1,0
S03925,Africa,36,Standard,10.49,Annual,31,6.1,1,0,Card,1,0
S03926,North America,28,Standard,14.99,Monthly,6,17.6,3,1,Bank transfer,1,0
S03927,North America,32,Standard,14.99,Monthly,17,8.6,1,0,Card,0,1
S03928,North America,48,Basic,8.99,Annual,12,5.3,4,0,Mobile wallet,0,0
S03929,Asia-Pacific,22,Basic,6.29,Monthly,34,2.5,4,5,Card,1,1
S03930,Africa,16,Premium,16.09,Monthly,3,9.9,1,1,Card,1,0
S03931,Africa,36,Basic,6.29,Monthly,7,7.4,4,1,Mobile wallet,0,0
S03932,North America,38,Basic,8.99,Monthly,17,12.9,2,0,Mobile wallet,1,0
S03933,Europe,43,Premium,22.99,Monthly,18,7.1,1,0,Mobile wallet,1,0
S03934,Europe,20,Basic,8.99,Monthly,23,2.7,2,3,Mobile wallet,1,1
S03935,Europe,24,Standard,14.99,Monthly,17,6.8,2,0,Card,0,0
S03936,North America,40,Standard,14.99,Monthly,16,4.8,2,0,PayPal,1,0
S03937,Africa,54,Basic,6.29,Annual,24,5.7,1,0,Mobile wallet,1,0
S03938,Europe,51,Standard,14.99,Monthly,26,4.5,1,1,PayPal,1,1
S03939,Asia-Pacific,39,Basic,6.29,Monthly,12,3.3,3,0,Card,0,0
S03940,Latin America,44,Basic,6.29,Monthly,20,1.9,1,3,PayPal,1,0
S03941,Europe,38,Premium,22.99,Annual,18,10.4,3,0,Mobile wallet,1,0
S03942,Europe,18,Premium,22.99,Annual,28,3.0,1,0,Card,1,0
S03943,North America,45,Standard,14.99,Monthly,10,6.6,1,0,Card,1,0
S03944,North America,28,Standard,14.99,Monthly,9,4.1,2,1,PayPal,0,1
S03945,North America,18,Standard,14.99,Monthly,6,3.2,1,2,PayPal,0,1
S03946,North America,42,Basic,8.99,Annual,6,7.2,1,0,Card,1,0
S03947,Europe,24,Standard,14.99,Monthly,11,5.2,1,0,Bank transfer,0,1
S03948,North America,17,Standard,14.99,Annual,6,4.5,1,0,PayPal,1,0
S03949,North America,25,Basic,8.99,Annual,3,12.6,3,0,Mobile wallet,0,0
S03950,Africa,52,Premium,16.09,Monthly,25,0.3,3,1,PayPal,0,0
S03951,Asia-Pacific,26,Basic,6.29,Monthly,58,6.8,1,0,Mobile wallet,1,1
S03952,Europe,57,Standard,14.99,Monthly,7,7.5,1,2,Card,1,0
S03953,North America,33,Standard,14.99,Annual,26,6.4,1,0,PayPal,1,0
S03954,North America,34,Basic,8.99,Monthly,18,4.3,1,0,Bank transfer,0,0
S03955,Asia-Pacific,63,Basic,6.29,Monthly,6,18.9,3,0,Card,0,0
S03956,Middle East,16,Basic,8.99,Monthly,53,1.2,1,1,Card,1,0
S03957,Latin America,56,Standard,10.49,Monthly,12,5.1,4,1,PayPal,1,0
S03958,North America,50,Standard,14.99,Annual,15,1.8,3,5,Card,1,1
S03959,Middle East,38,Standard,14.99,Monthly,3,1.2,4,3,Bank transfer,0,1
S03960,Latin America,30,Basic,6.29,Annual,18,,1,2,Card,1,0
S03961,North America,18,Basic,8.99,Annual,6,1.6,1,0,Mobile wallet,0,0
S03962,Europe,25,Basic,8.99,Monthly,43,3.1,2,2,Card,1,0
S03963,Europe,34,Basic,8.99,Annual,21,8.1,1,2,PayPal,1,0
S03964,Europe,49,Basic,8.99,Monthly,12,4.0,3,1,Card,1,1
S03965,Europe,40,Premium,22.99,Monthly,16,2.1,2,2,Card,1,0
S03966,Europe,39,Standard,14.99,Monthly,13,3.5,1,2,Mobile wallet,1,1
S03967,North America,17,Standard,14.99,Annual,8,16.1,3,1,PayPal,1,0
S03968,Asia-Pacific,16,Basic,6.29,Monthly,7,12.7,3,1,PayPal,0,0
S03969,North America,44,Standard,14.99,Monthly,32,1.5,1,1,Card,0,0
S03970,North America,50,Basic,8.99,Monthly,29,5.9,3,0,Card,1,0
S03971,North America,47,Premium,22.99,Monthly,20,4.3,3,1,PayPal,0,1
S03972,Asia-Pacific,24,Standard,10.49,Monthly,3,3.7,3,2,Card,0,0
S03973,Africa,42,Standard,10.49,Annual,5,,1,1,Mobile wallet,1,0
S03974,North America,30,Standard,14.99,Annual,39,0.7,3,0,Mobile wallet,0,0
S03975,Middle East,36,Basic,8.99,Annual,6,3.4,1,1,Card,1,1
S03976,Latin America,50,Basic,6.29,Annual,19,3.7,3,1,Card,1,0
S03977,North America,30,Premium,22.99,Monthly,14,8.4,4,2,PayPal,1,0
S03978,Asia-Pacific,30,Standard,10.49,Monthly,3,3.3,4,2,Bank transfer,0,1
S03979,Europe,16,Standard,14.99,Monthly,44,13.8,2,0,Mobile wallet,1,0
S03980,Europe,37,Premium,22.99,Monthly,24,4.6,1,2,Card,0,0
S03981,Europe,46,Basic,8.99,Annual,20,,1,0,Bank transfer,1,0
S03982,North America,35,Basic,8.99,Annual,32,5.9,4,1,Mobile wallet,1,0
S03983,Middle East,34,Standard,14.99,Monthly,8,3.8,1,1,PayPal,0,1
S03984,Europe,18,Basic,8.99,Annual,14,7.0,1,1,Mobile wallet,0,1
S03985,Latin America,46,Standard,10.49,Monthly,28,1.5,1,1,Mobile wallet,1,0
S03986,Middle East,35,Basic,8.99,Annual,21,2.1,2,5,Bank transfer,0,0
S03987,Africa,23,Basic,6.29,Annual,10,1.8,3,0,Bank transfer,1,0
S03988,North America,37,Standard,14.99,Annual,10,1.8,2,2,Card,0,0
S03989,North America,21,Basic,8.99,Monthly,14,4.9,3,0,Mobile wallet,1,0
S03990,Asia-Pacific,41,Basic,6.29,Annual,18,7.5,1,1,PayPal,1,0
S03991,Asia-Pacific,30,Standard,10.49,Monthly,10,4.0,2,1,Card,1,1
S03992,Middle East,16,Basic,8.99,Annual,24,,1,2,Card,1,0
S03993,Europe,27,Basic,8.99,Monthly,8,5.0,1,2,Mobile wallet,1,0
S03994,Asia-Pacific,22,Premium,16.09,Monthly,14,9.6,3,1,Card,1,0
S03995,North America,26,Premium,22.99,Monthly,12,0.8,2,0,Card,1,0
S03996,Asia-Pacific,16,Premium,16.09,Monthly,30,7.6,1,2,Card,1,0
S03997,North America,31,Basic,8.99,Annual,5,5.7,1,2,Bank transfer,0,1
S03998,Europe,19,Basic,8.99,Monthly,18,18.4,2,0,Mobile wallet,1,0
S03999,North America,22,Standard,14.99,Annual,27,2.6,2,0,Bank transfer,1,0
S04000,Europe,71,Basic,8.99,Monthly,3,3.3,2,0,Bank transfer,1,0
