transaction_id,amount_usd,hour,is_online,is_foreign,new_merchant,distance_from_home_km,transactions_last_24h,is_fraud
T000001,64.21,7,1,0,1,62.4,2,0
T000002,64.08,20,0,0,0,38.5,3,0
T000003,19.64,16,1,0,1,8.6,0,0
T000004,36.24,3,1,0,0,14.5,1,0
T000005,36.62,8,1,0,1,4.7,3,0
T000006,38.76,1,1,0,0,18.0,2,0
T000007,324.65,17,0,0,0,6.6,0,0
T000008,27.55,17,1,0,0,6.2,2,0
T000009,27.33,16,1,0,0,33.1,2,0
T000010,23.15,1,0,0,0,19.2,4,0
T000011,103.13,17,0,0,0,13.8,0,0
T000012,24.22,1,0,1,1,25.6,2,0
T000013,33.51,23,0,1,0,33.6,1,0
T000014,88.28,14,0,0,1,31.8,1,0
T000015,78.37,1,0,0,0,4.6,3,0
T000016,13.81,22,0,0,0,19.0,3,0
T000017,224.74,10,0,0,0,36.5,0,0
T000018,48.3,9,0,0,0,15.4,5,0
T000019,94.71,14,0,0,0,19.1,0,0
T000020,50.96,5,0,0,1,8.0,0,0
T000021,203.52,14,1,0,0,9.6,5,0
T000022,25.85,16,0,0,0,5.4,1,0
T000023,19.65,13,0,0,0,22.5,2,0
T000024,55.32,0,0,0,1,12.5,1,0
T000025,147.07,12,0,0,0,2.7,1,0
T000026,36.28,14,1,0,0,20.5,2,0
T000027,91.09,21,1,0,1,12.0,2,0
T000028,176.48,18,0,0,0,34.1,1,0
T000029,8.99,15,0,0,1,47.1,1,0
T000030,147.86,0,0,1,0,16.3,2,0
T000031,116.51,2,1,0,0,5.3,1,0
T000032,22.82,12,0,0,0,31.3,1,0
T000033,35.33,22,1,0,0,27.0,5,0
T000034,23.29,21,0,0,0,72.4,2,0
T000035,85.38,5,1,0,0,0.3,6,0
T000036,20.06,5,1,0,0,2.4,1,0
T000037,71.4,11,1,0,0,17.4,1,0
T000038,150.72,3,1,0,1,10.3,1,0
T000039,6.47,3,0,0,0,20.6,0,0
T000040,57.73,16,0,0,0,1.2,2,0
T000041,34.8,10,1,0,1,27.0,1,0
T000042,22.83,13,1,0,1,23.9,3,0
T000043,58.46,5,0,1,1,8.1,3,1
T000044,32.95,19,0,0,1,9.5,1,0
T000045,7.91,7,1,0,0,20.7,4,0
T000046,20.42,6,0,0,0,1.0,2,0
T000047,36.41,6,0,0,1,29.8,1,0
T000048,17.55,16,0,0,0,8.9,1,0
T000049,9.67,21,1,1,0,22.8,3,0
T000050,441.85,21,1,0,0,13.9,3,0
T000051,158.65,8,0,0,0,92.6,0,0
T000052,136.69,0,0,0,0,24.8,3,0
T000053,41.44,22,0,0,1,19.8,5,0
T000054,4.64,18,1,0,0,70.1,0,0
T000055,27.8,1,1,0,0,1.6,3,0
T000056,63.28,5,0,0,1,22.8,2,0
T000057,23.48,5,0,1,0,24.8,0,0
T000058,20.47,22,1,0,0,6.9,1,0
T000059,52.32,4,1,1,0,26.1,1,0
T000060,313.93,13,0,0,0,43.3,2,0
T000061,51.15,23,1,0,1,13.8,3,0
T000062,42.97,22,0,0,0,3.2,2,0
T000063,18.42,15,0,0,1,15.0,2,0
T000064,177.83,17,0,0,1,8.7,1,0
T000065,55.27,17,1,0,0,59.1,1,0
T000066,38.37,4,1,0,1,4.3,5,1
T000067,29.88,23,0,0,0,21.3,4,0
T000068,22.97,19,0,1,1,22.2,1,0
T000069,52.82,6,1,0,0,4.8,1,0
T000070,334.91,18,0,0,0,0.2,3,0
T000071,46.09,17,1,0,0,11.3,2,0
T000072,74.87,18,1,0,0,2.1,4,0
T000073,20.42,15,0,0,0,6.1,4,0
T000074,60.13,11,1,0,0,13.9,1,0
T000075,10.49,20,1,0,0,20.6,2,0
T000076,189.09,7,0,0,0,6.5,2,0
T000077,26.3,18,0,0,0,35.4,1,0
T000078,74.55,2,1,0,0,48.1,1,0
T000079,51.56,10,0,0,0,1.3,1,0
T000080,190.72,13,0,0,0,0.9,1,0
T000081,82.45,10,1,0,1,1.9,3,0
T000082,86.13,1,0,0,0,7.0,0,0
T000083,9.09,10,1,0,0,42.6,4,0
T000084,14.97,8,1,0,0,5.6,3,1
T000085,14.47,3,0,0,0,65.2,2,0
T000086,15.31,23,0,0,0,21.7,2,0
T000087,17.01,22,0,0,0,2.1,1,0
T000088,97.83,23,0,0,0,18.6,2,0
T000089,36.96,6,0,0,0,3.6,4,0
T000090,39.41,20,1,0,1,3.1,1,0
T000091,15.31,22,1,0,0,6.5,4,0
T000092,15.02,12,0,0,1,55.7,3,0
T000093,9.8,16,0,0,0,46.1,2,0
T000094,110.72,20,1,0,0,19.8,1,0
T000095,42.19,3,1,0,0,24.3,1,0
T000096,77.14,16,1,0,0,6.8,1,0
T000097,47.35,5,1,0,0,9.3,0,0
T000098,14.95,19,1,0,0,68.9,1,0
T000099,34.68,18,1,0,0,15.1,4,0
T000100,4.31,3,1,0,0,8.7,5,0
T000101,75.27,21,0,0,1,15.3,5,0
T000102,38.12,14,0,0,1,12.1,3,0
T000103,46.1,7,0,0,0,19.3,1,0
T000104,41.01,20,1,0,0,5.5,3,0
T000105,67.86,16,0,0,0,17.9,0,0
T000106,29.06,8,1,0,0,10.8,1,0
T000107,37.88,1,0,0,1,10.0,4,0
T000108,18.45,16,0,1,0,11.1,2,0
T000109,28.61,4,0,0,0,11.7,1,0
T000110,50.56,22,0,0,0,68.7,1,0
T000111,91.19,0,0,0,1,34.4,1,0
T000112,25.14,21,1,0,0,1.0,1,0
T000113,8.93,4,0,1,0,42.3,0,0
T000114,5.59,13,0,0,0,19.3,2,0
T000115,27.92,8,1,0,0,30.5,0,0
T000116,17.36,19,1,0,1,2.1,1,0
T000117,65.76,22,1,0,1,36.8,2,0
T000118,186.92,1,1,0,0,7.8,2,0
T000119,16.57,14,0,0,0,26.9,3,0
T000120,136.6,10,0,0,0,24.0,2,0
T000121,124.72,9,1,0,0,3.4,1,0
T000122,13.9,23,1,0,0,8.3,0,0
T000123,23.36,2,0,0,0,12.2,0,0
T000124,76.03,23,1,0,0,5.9,0,0
T000125,16.29,15,1,1,0,32.0,4,0
T000126,13.39,8,0,0,0,3.9,4,0
T000127,81.14,1,1,0,0,16.1,3,0
T000128,20.43,5,0,1,0,3.0,2,0
T000129,19.41,15,0,0,0,33.6,1,0
T000130,72.27,6,1,0,1,15.1,1,0
T000131,42.33,22,0,1,0,47.5,4,0
T000132,48.84,18,0,0,0,8.2,1,0
T000133,166.3,22,0,0,1,1.6,2,0
T000134,147.06,5,1,0,0,5.3,3,0
T000135,7.16,19,0,0,0,117.7,2,0
T000136,103.27,1,1,0,0,0.3,0,0
T000137,41.15,11,1,0,1,11.9,1,0
T000138,56.93,21,0,1,0,20.5,3,0
T000139,94.35,21,0,0,1,5.1,3,0
T000140,255.64,9,1,0,0,10.5,2,0
T000141,92.88,19,1,0,1,4.7,1,0
T000142,36.9,5,0,0,0,11.2,5,0
T000143,64.25,20,0,0,0,5.0,2,0
T000144,8.94,11,0,0,0,28.8,3,0
T000145,70.66,12,0,0,0,12.7,3,0
T000146,51.1,18,0,0,0,17.7,2,0
T000147,12.33,4,0,0,0,8.2,3,0
T000148,9.83,21,0,1,0,9.4,5,0
T000149,10.55,5,0,0,0,19.7,2,0
T000150,17.33,11,0,1,1,7.9,0,0
T000151,69.08,18,0,0,0,30.1,4,0
T000152,33.0,8,0,0,1,4.5,2,0
T000153,19.68,21,1,0,1,16.9,1,0
T000154,29.52,0,0,0,0,2.3,1,0
T000155,136.03,12,1,0,0,7.6,6,0
T000156,28.69,14,0,0,1,6.9,1,0
T000157,17.1,16,0,0,0,3.5,0,0
T000158,342.19,2,1,0,0,1.7,2,0
T000159,16.68,2,1,0,0,2.1,3,0
T000160,62.21,15,0,0,0,6.1,3,0
T000161,92.87,12,1,0,1,35.5,3,0
T000162,44.71,19,1,0,0,23.1,0,0
T000163,30.7,2,0,0,0,45.3,2,0
T000164,136.71,16,0,0,1,16.8,2,0
T000165,43.62,20,0,0,0,49.4,2,0
T000166,72.52,4,0,0,0,1.6,2,0
T000167,36.77,2,0,1,0,22.9,1,0
T000168,199.36,17,1,0,1,1.8,3,0
T000169,15.79,1,0,0,1,10.5,2,0
T000170,11.24,23,1,0,0,20.9,0,0
T000171,16.46,8,1,1,0,11.0,0,0
T000172,34.08,9,1,0,0,17.5,3,0
T000173,29.95,4,0,0,0,5.8,0,0
T000174,43.7,23,1,0,1,28.5,1,0
T000175,20.22,5,1,0,1,7.9,0,0
T000176,61.67,11,0,0,0,21.2,3,0
T000177,9.64,1,1,0,0,35.3,4,0
T000178,11.23,0,1,0,0,39.4,2,0
T000179,29.38,3,0,0,0,3.3,1,0
T000180,19.03,16,0,0,0,9.1,1,0
T000181,17.08,13,1,0,0,15.1,1,0
T000182,21.34,19,1,0,0,7.5,6,0
T000183,18.6,7,0,0,1,2.0,5,0
T000184,49.62,9,1,0,0,24.3,3,0
T000185,76.57,11,0,0,0,105.8,0,0
T000186,129.79,12,0,0,0,21.5,1,0
T000187,44.29,17,0,0,0,6.9,0,0
T000188,19.12,16,1,0,1,4.2,2,0
T000189,13.1,12,0,0,0,7.1,3,0
T000190,13.09,11,1,0,1,14.2,1,0
T000191,8.0,21,1,0,0,36.5,1,0
T000192,68.2,22,0,0,1,4.9,2,1
T000193,206.11,10,1,0,1,15.7,3,0
T000194,34.44,17,0,0,0,45.1,4,0
T000195,48.41,5,0,0,0,0.9,6,0
T000196,4.29,12,1,0,0,1.9,1,0
T000197,35.44,3,0,0,0,22.1,2,0
T000198,20.2,0,0,0,0,3.0,2,0
T000199,40.21,23,0,1,0,1.7,2,0
T000200,17.01,12,0,0,1,51.3,3,0
T000201,18.26,3,0,0,1,7.4,1,0
T000202,16.14,5,1,0,0,40.2,0,0
T000203,20.03,11,1,0,1,34.0,4,0
T000204,278.47,6,1,0,1,26.5,2,0
T000205,73.84,18,1,0,0,1.5,3,0
T000206,9.07,1,1,0,0,7.3,3,0
T000207,30.17,19,1,0,1,10.4,4,0
T000208,26.41,10,0,0,0,6.0,1,0
T000209,287.17,11,0,1,0,13.9,1,0
T000210,6.4,8,1,0,0,28.9,2,0
T000211,70.73,15,1,0,0,37.7,2,0
T000212,85.44,20,1,0,0,55.5,2,0
T000213,313.85,18,0,0,1,6.2,3,0
T000214,204.08,22,1,0,0,5.6,3,0
T000215,32.32,2,0,1,0,11.2,2,0
T000216,7.8,15,1,1,0,7.6,2,0
T000217,14.06,9,0,0,1,4.4,0,0
T000218,19.4,13,0,0,0,41.2,1,0
T000219,30.89,20,0,0,0,1.1,1,0
T000220,19.4,23,1,0,1,15.0,1,0
T000221,10.01,12,0,0,0,10.1,2,0
T000222,70.24,17,0,1,0,9.8,6,0
T000223,43.21,3,1,0,0,7.2,2,0
T000224,25.57,16,1,0,0,8.4,3,0
T000225,23.35,16,1,1,0,60.8,3,0
T000226,20.13,4,0,0,0,20.3,2,0
T000227,13.64,15,0,0,0,29.7,0,0
T000228,462.54,22,1,0,1,4.5,1,0
T000229,27.02,6,0,0,0,14.5,0,0
T000230,20.82,14,0,0,1,6.5,1,0
T000231,169.59,8,0,1,0,6.0,3,0
T000232,26.51,5,1,0,0,4.3,2,0
T000233,51.54,21,1,0,0,3.7,2,0
T000234,13.93,11,1,0,0,9.9,1,0
T000235,25.43,4,0,0,0,5.4,4,0
T000236,6.2,0,1,0,1,26.8,1,0
T000237,61.24,2,0,0,0,11.0,1,0
T000238,296.22,11,0,0,0,29.6,2,0
T000239,49.56,17,0,0,0,10.7,1,0
T000240,55.03,15,1,0,0,26.1,1,0
T000241,124.46,11,1,0,0,16.7,1,0
T000242,123.14,8,0,0,0,16.7,4,0
T000243,16.06,0,1,0,0,14.9,2,0
T000244,18.12,21,0,0,0,5.9,1,0
T000245,27.65,23,1,0,0,31.0,2,0
T000246,136.08,4,0,0,0,34.0,4,0
T000247,11.91,12,1,0,0,18.3,2,0
T000248,21.97,6,0,0,0,58.1,5,0
T000249,30.32,17,0,1,0,7.0,3,0
T000250,39.37,5,1,0,0,33.0,1,0
T000251,47.54,4,0,1,1,48.9,0,0
T000252,26.44,17,1,0,0,20.9,0,0
T000253,129.95,17,0,0,0,12.7,3,0
T000254,18.21,17,1,0,0,10.3,1,0
T000255,299.07,20,0,0,0,4.6,5,0
T000256,46.88,18,1,0,0,18.4,5,0
T000257,75.75,21,1,0,1,27.2,1,0
T000258,11.11,13,1,1,0,34.8,1,0
T000259,53.08,21,1,0,0,17.7,2,0
T000260,11.08,10,1,0,0,18.8,2,0
T000261,8.79,21,1,0,0,28.6,1,0
T000262,82.73,6,0,0,1,8.8,1,0
T000263,37.47,11,1,1,0,7.8,1,0
T000264,11.84,22,1,0,1,2.9,1,0
T000265,4.9,1,0,0,0,10.2,2,0
T000266,77.07,14,1,0,0,35.9,2,0
T000267,37.81,4,1,0,0,31.5,4,0
T000268,82.4,6,0,0,0,48.1,2,0
T000269,96.12,0,0,0,0,8.0,3,0
T000270,116.45,4,1,0,1,2.3,5,0
T000271,3.86,14,0,0,0,4.3,2,0
T000272,1.44,8,0,0,0,4.9,3,0
T000273,70.81,7,0,0,0,10.9,6,0
T000274,5.47,18,0,0,1,7.8,3,0
T000275,110.78,10,0,0,0,8.6,2,0
T000276,53.92,22,0,0,0,5.7,2,0
T000277,35.45,20,0,0,0,15.6,2,0
T000278,33.33,4,1,0,0,23.9,3,0
T000279,7.21,9,0,0,0,2.7,4,0
T000280,32.38,0,0,0,0,26.6,8,0
T000281,29.56,18,1,0,1,49.2,1,0
T000282,51.87,2,1,0,0,10.7,2,0
T000283,256.96,14,0,0,1,8.0,0,0
T000284,20.81,2,0,0,0,10.9,3,0
T000285,69.99,14,1,0,0,7.4,1,0
T000286,214.2,17,1,0,0,10.7,3,0
T000287,17.15,18,1,0,0,2.7,1,0
T000288,14.82,11,0,0,0,5.6,2,0
T000289,16.09,12,1,0,1,4.0,3,0
T000290,10.9,6,1,0,0,9.5,1,0
T000291,6.54,8,0,0,0,57.4,2,0
T000292,65.43,8,1,0,0,18.7,4,0
T000293,159.53,18,0,0,0,27.0,1,0
T000294,63.52,6,1,0,0,28.1,1,0
T000295,20.28,15,0,0,0,14.0,2,0
T000296,19.2,7,0,0,0,19.5,4,0
T000297,45.84,1,1,0,0,11.5,3,0
T000298,16.87,17,0,0,0,12.8,1,0
T000299,30.3,12,1,0,0,5.4,1,0
T000300,21.0,2,0,0,0,5.7,3,0
T000301,89.32,16,0,0,0,6.6,1,0
T000302,67.88,0,1,0,0,24.8,0,0
T000303,42.09,22,0,0,0,27.4,4,0
T000304,11.78,16,1,0,0,13.9,1,0
T000305,21.92,2,0,0,0,6.4,4,0
T000306,77.01,22,1,0,0,13.3,1,0
T000307,221.96,20,0,0,0,10.5,3,0
T000308,21.88,0,0,0,0,6.9,4,0
T000309,502.79,21,1,0,0,8.8,4,0
T000310,24.72,8,0,0,0,6.5,6,0
T000311,24.8,5,0,0,0,4.0,1,0
T000312,52.0,11,1,0,0,10.1,4,0
T000313,19.07,5,1,0,0,21.4,4,0
T000314,38.17,23,0,1,0,8.7,0,0
T000315,41.75,23,0,1,0,3.4,2,0
T000316,23.66,13,1,0,0,14.3,0,0
T000317,28.16,2,1,0,1,2.4,0,0
T000318,65.12,14,0,0,0,15.1,2,0
T000319,129.99,13,1,0,1,22.8,3,0
T000320,356.0,12,1,0,0,5.5,5,0
T000321,44.89,4,0,0,0,1.4,3,0
T000322,8.72,8,1,0,0,8.1,2,0
T000323,23.65,13,1,0,0,5.4,1,0
T000324,7.34,16,0,0,0,20.5,3,0
T000325,40.55,19,1,0,1,0.9,1,0
T000326,18.61,11,0,0,0,10.8,3,0
T000327,51.86,8,1,0,0,78.4,1,0
T000328,28.57,9,0,0,0,18.4,0,0
T000329,37.11,9,0,0,0,3.1,2,0
T000330,24.78,21,1,0,1,2.7,2,0
T000331,175.56,20,1,0,0,42.9,2,0
T000332,5.79,17,0,0,1,2.0,3,0
T000333,112.34,12,1,0,0,3.8,4,0
T000334,118.74,6,1,0,0,14.1,1,0
T000335,68.47,23,0,0,0,27.4,4,0
T000336,48.68,3,0,0,1,2.8,3,0
T000337,57.01,7,0,0,0,2.6,1,0
T000338,24.47,15,1,0,0,33.9,9,0
T000339,12.78,7,1,0,0,25.8,3,0
T000340,84.45,23,0,1,0,16.5,3,0
T000341,79.48,17,1,0,0,16.8,2,0
T000342,94.86,0,1,0,1,30.2,3,0
T000343,32.9,17,0,0,0,16.9,2,0
T000344,109.74,13,1,0,0,7.3,1,0
T000345,71.66,1,0,0,0,2.3,2,0
T000346,250.61,16,1,1,0,0.7,2,0
T000347,38.06,13,1,0,0,40.8,2,0
T000348,4.43,15,0,0,0,3.1,2,0
T000349,12.92,7,0,0,1,6.8,1,0
T000350,55.55,23,1,0,0,31.7,2,0
T000351,9.11,8,1,1,1,19.2,4,0
T000352,75.37,16,0,0,0,31.4,2,0
T000353,17.71,8,0,0,0,14.7,1,0
T000354,42.13,9,0,0,0,2.5,3,0
T000355,49.48,0,1,0,0,12.5,5,1
T000356,15.35,12,0,0,0,42.9,2,0
T000357,54.67,23,1,0,0,12.5,4,0
T000358,118.23,3,0,0,0,10.2,2,0
T000359,21.0,17,0,0,0,26.3,3,0
T000360,26.1,12,0,0,0,16.6,2,0
T000361,19.5,17,0,0,0,10.5,2,0
T000362,68.3,2,0,0,1,54.8,3,0
T000363,97.32,4,0,0,0,2.4,1,0
T000364,18.43,18,1,0,0,22.7,3,0
T000365,23.41,11,0,0,0,29.5,2,0
T000366,81.38,22,0,0,0,14.2,0,0
T000367,37.39,15,0,0,0,22.8,5,0
T000368,197.15,14,0,0,0,22.7,2,0
T000369,33.07,14,1,0,0,15.9,3,0
T000370,18.0,10,0,0,0,8.5,2,0
T000371,10.0,13,1,0,0,63.2,1,0
T000372,17.68,9,1,0,1,0.4,3,0
T000373,5.85,18,0,0,0,5.8,2,0
T000374,44.67,8,0,0,0,7.9,1,0
T000375,189.39,13,0,0,0,10.5,3,0
T000376,6.95,21,1,0,0,67.0,1,0
T000377,8.25,12,1,1,1,3.8,1,0
T000378,10.53,2,0,1,1,11.4,4,0
T000379,28.04,17,1,0,1,6.6,5,0
T000380,12.95,22,0,0,0,14.6,1,0
T000381,78.78,0,0,0,1,14.7,3,0
T000382,97.52,12,0,0,0,38.2,2,0
T000383,17.23,22,1,0,0,30.3,0,0
T000384,26.95,17,0,0,0,5.6,2,0
T000385,16.27,3,0,0,0,15.0,4,0
T000386,67.24,15,1,0,0,29.7,3,0
T000387,216.44,3,0,0,0,3.1,2,0
T000388,12.58,1,0,0,1,2.3,3,0
T000389,21.82,12,1,0,0,21.0,3,0
T000390,11.46,11,1,0,0,31.3,2,0
T000391,56.99,6,0,0,0,36.0,4,0
T000392,56.18,7,1,0,0,7.4,1,0
T000393,15.94,1,1,0,0,27.4,0,0
T000394,27.95,0,0,0,0,16.1,6,0
T000395,343.54,17,0,0,1,14.7,1,0
T000396,294.22,19,1,0,0,10.6,5,0
T000397,14.88,10,1,0,0,9.9,0,0
T000398,36.96,22,0,0,0,2.0,2,0
T000399,24.77,2,1,0,0,13.6,3,0
T000400,57.69,21,0,0,0,0.2,2,0
T000401,11.9,10,1,0,0,13.8,3,0
T000402,65.7,15,1,0,1,23.3,2,0
T000403,106.19,4,0,0,0,25.0,0,0
T000404,133.54,17,0,1,0,24.0,2,0
T000405,8.52,3,0,0,0,18.6,1,0
T000406,248.57,18,0,0,0,28.5,0,0
T000407,14.9,12,0,0,0,2.5,1,0
T000408,9.21,0,0,0,0,23.7,2,0
T000409,124.92,21,0,0,0,28.5,2,0
T000410,96.8,11,0,0,0,24.2,1,0
T000411,37.5,4,0,0,0,37.1,4,0
T000412,99.31,4,0,0,0,13.2,2,0
T000413,79.96,23,0,0,0,11.8,1,0
T000414,56.0,16,1,0,0,20.7,1,0
T000415,13.3,20,0,0,0,5.5,1,0
T000416,27.84,11,1,0,0,20.5,3,0
T000417,39.58,22,1,0,0,2.5,1,0
T000418,133.1,2,1,0,0,2.4,3,0
T000419,192.65,1,1,0,0,23.5,1,0
T000420,34.4,22,1,0,0,42.3,0,0
T000421,21.62,9,1,0,1,16.0,1,0
T000422,17.77,19,1,0,0,5.1,1,0
T000423,99.27,13,1,0,0,4.2,2,0
T000424,20.56,5,0,0,0,79.2,1,0
T000425,343.54,19,0,0,0,26.1,2,0
T000426,48.44,20,1,0,1,10.8,1,1
T000427,46.27,0,1,0,0,2.2,2,0
T000428,79.44,0,0,0,0,22.7,2,0
T000429,39.51,10,0,0,0,8.6,2,0
T000430,16.26,7,0,0,0,26.9,3,0
T000431,44.56,20,0,0,0,7.6,2,0
T000432,60.66,0,0,0,0,15.5,0,0
T000433,24.27,0,0,0,0,5.4,2,0
T000434,32.32,23,0,0,0,62.8,2,0
T000435,38.77,9,0,0,0,46.2,1,0
T000436,6.22,1,0,0,1,8.1,1,0
T000437,18.42,17,1,0,0,21.7,2,0
T000438,35.14,10,1,0,1,12.3,2,0
T000439,12.87,1,0,0,0,19.0,2,0
T000440,66.66,18,1,0,0,2.4,3,0
T000441,69.79,12,0,0,0,34.5,3,0
T000442,4.37,16,0,0,1,0.9,3,0
T000443,22.62,11,0,0,0,3.0,0,0
T000444,63.3,2,1,0,1,17.7,1,0
T000445,29.4,14,1,0,0,7.4,1,1
T000446,68.07,4,0,0,0,5.6,0,0
T000447,75.64,12,0,0,0,3.8,2,0
T000448,8.74,18,0,0,1,22.9,3,0
T000449,52.2,21,0,0,0,20.1,2,0
T000450,16.47,14,0,0,0,38.7,2,0
T000451,3.92,11,0,0,0,25.4,1,0
T000452,67.59,2,0,0,0,5.9,3,0
T000453,18.58,15,1,0,0,38.5,3,0
T000454,35.76,16,1,0,0,10.6,1,0
T000455,80.9,12,1,0,0,11.5,2,0
T000456,111.43,14,0,0,0,25.1,1,0
T000457,31.2,0,0,0,0,4.1,1,0
T000458,15.99,19,0,0,0,18.3,4,0
T000459,21.28,21,1,0,0,4.1,2,0
T000460,120.97,13,1,0,0,6.9,5,0
T000461,29.02,10,1,0,1,22.5,2,0
T000462,245.83,23,0,0,0,22.2,5,0
T000463,196.24,19,0,0,0,6.4,3,0
T000464,20.95,4,1,0,0,7.9,3,0
T000465,254.29,12,0,0,0,13.9,5,0
T000466,22.9,10,0,0,0,60.3,3,0
T000467,36.41,17,0,0,0,9.0,2,0
T000468,38.8,14,0,0,0,22.8,7,0
T000469,14.44,19,0,0,0,14.3,3,0
T000470,45.27,21,0,0,0,12.9,2,0
T000471,77.02,18,0,0,0,3.1,2,0
T000472,416.2,6,1,0,0,25.3,1,0
T000473,160.64,20,0,0,0,3.7,4,0
T000474,23.42,9,1,0,0,8.4,3,0
T000475,56.06,18,1,0,0,61.4,1,0
T000476,129.21,19,1,0,1,3.9,2,0
T000477,36.22,23,1,0,0,16.3,2,0
T000478,17.94,12,1,0,0,37.5,2,0
T000479,36.04,21,0,0,0,1.9,5,0
T000480,12.86,11,0,0,0,2.4,2,0
T000481,43.28,18,1,0,0,39.8,3,0
T000482,23.55,18,0,0,0,30.3,0,0
T000483,130.14,21,0,0,0,25.7,5,0
T000484,31.25,11,1,0,0,7.5,3,0
T000485,11.32,20,0,0,0,23.1,1,0
T000486,80.36,17,1,0,1,44.3,0,0
T000487,30.04,7,0,0,0,9.6,3,0
T000488,15.43,18,0,0,0,24.8,3,0
T000489,51.75,16,1,0,0,1.4,1,0
T000490,17.14,10,1,0,0,9.5,4,0
T000491,6.65,2,0,0,0,33.8,1,0
T000492,11.29,21,0,0,0,22.2,6,0
T000493,111.57,14,1,0,0,16.1,5,0
T000494,159.72,18,1,0,0,4.8,5,0
T000495,23.18,17,1,0,1,0.5,3,0
T000496,51.43,18,0,0,1,3.2,3,0
T000497,6.11,10,1,0,0,25.1,2,0
T000498,83.05,3,1,0,0,24.9,1,0
T000499,29.9,4,0,0,0,3.2,2,0
T000500,62.24,10,0,0,0,11.9,1,0
T000501,25.73,11,0,0,1,7.5,2,0
T000502,33.26,13,0,0,0,9.9,2,0
T000503,6.44,21,1,0,0,0.5,4,0
T000504,52.25,5,0,0,0,31.2,2,0
T000505,19.58,3,0,1,0,11.8,1,0
T000506,45.17,7,1,0,1,25.2,1,0
T000507,175.25,8,0,0,0,7.6,0,0
T000508,2.72,7,0,0,1,13.5,1,0
T000509,94.4,21,1,0,0,1.3,1,0
T000510,47.93,5,1,1,1,6.4,0,0
T000511,45.29,17,0,0,1,6.6,3,0
T000512,78.86,14,0,1,0,23.6,1,0
T000513,20.99,10,1,0,0,14.0,0,0
T000514,4.85,2,0,0,0,21.6,2,0
T000515,17.22,12,0,0,0,7.3,1,0
T000516,21.65,17,0,0,0,6.1,0,0
T000517,2.89,8,0,1,0,1.0,1,0
T000518,52.49,20,1,0,0,29.0,4,0
T000519,50.48,1,0,0,1,26.9,2,0
T000520,9.22,23,0,0,0,22.2,1,0
T000521,31.72,9,0,0,0,4.0,1,0
T000522,31.58,6,0,0,0,4.9,1,0
T000523,30.31,4,0,0,0,16.2,1,1
T000524,28.84,2,0,0,0,36.6,0,0
T000525,84.7,1,0,0,0,94.1,3,0
T000526,36.85,18,0,0,0,2.9,1,0
T000527,234.46,5,0,0,0,17.8,3,0
T000528,37.62,5,0,0,0,18.8,1,0
T000529,112.96,1,1,0,0,10.2,0,0
T000530,124.88,1,0,0,0,27.5,1,0
T000531,6.51,22,0,0,0,21.4,1,0
T000532,40.21,21,1,0,0,0.9,2,0
T000533,49.87,12,0,0,0,63.5,0,0
T000534,57.19,10,1,0,0,14.7,3,0
T000535,50.82,5,1,0,0,13.3,3,0
T000536,111.97,0,0,0,1,84.9,2,0
T000537,78.94,0,0,0,0,21.8,0,0
T000538,25.09,23,1,0,0,6.2,2,0
T000539,109.64,19,0,0,0,16.2,0,0
T000540,26.94,3,0,0,0,22.8,1,0
T000541,48.36,4,0,0,0,2.9,3,0
T000542,18.77,10,0,0,0,14.2,0,0
T000543,8.51,9,1,0,0,18.7,2,0
T000544,10.49,15,1,0,0,3.6,1,0
T000545,147.32,20,1,0,1,28.4,3,1
T000546,71.47,10,0,0,0,1.1,2,0
T000547,17.06,10,0,0,0,1.9,1,0
T000548,68.05,4,1,0,0,26.4,6,0
T000549,12.45,12,0,0,0,16.9,3,0
T000550,14.43,16,1,1,1,35.1,1,0
T000551,5.49,5,1,0,1,32.3,2,0
T000552,21.6,5,1,0,0,1.8,2,0
T000553,57.17,0,1,0,0,8.5,1,0
T000554,390.35,20,0,0,1,28.8,2,0
T000555,23.58,6,0,0,1,32.6,2,0
T000556,42.27,22,1,1,0,3.5,0,0
T000557,48.33,1,1,0,0,40.1,4,0
T000558,80.48,11,1,0,0,70.7,4,0
T000559,16.26,3,1,0,1,12.6,6,0
T000560,10.33,19,0,0,0,31.7,4,0
T000561,79.15,5,1,0,0,33.7,1,0
T000562,9.15,2,1,0,0,29.3,3,0
T000563,55.41,19,0,0,0,11.5,2,0
T000564,19.56,4,1,0,0,9.3,6,0
T000565,34.05,15,0,0,1,4.2,2,0
T000566,53.55,10,1,0,0,9.7,1,0
T000567,5.51,14,1,0,0,0.6,0,0
T000568,298.21,1,0,0,0,5.9,3,0
T000569,8.23,3,1,0,1,58.4,0,0
T000570,10.38,22,0,0,0,58.0,5,0
T000571,57.69,20,1,0,0,9.1,2,0
T000572,1.39,23,1,0,0,23.2,0,0
T000573,13.57,6,0,0,0,25.4,1,0
T000574,42.18,5,1,0,0,20.2,4,0
T000575,22.66,3,0,0,0,20.3,3,0
T000576,28.93,6,1,0,0,19.3,0,0
T000577,22.53,20,0,0,0,14.3,3,0
T000578,23.47,22,1,0,0,27.3,3,0
T000579,21.1,20,0,0,0,25.7,0,0
T000580,224.69,20,0,0,0,24.0,1,0
T000581,57.87,4,0,0,1,10.6,1,0
T000582,10.43,18,0,1,0,42.4,0,0
T000583,22.34,19,0,0,1,38.2,0,0
T000584,74.19,11,0,0,0,9.5,1,0
T000585,121.4,20,1,0,0,25.0,2,0
T000586,7.67,8,0,0,0,9.7,2,0
T000587,27.11,2,0,0,0,12.2,1,0
T000588,2.6,9,1,0,0,36.4,3,0
T000589,15.46,10,1,0,0,2.7,2,0
T000590,163.41,5,0,1,0,24.3,2,0
T000591,58.2,8,0,0,1,10.5,3,0
T000592,20.4,5,0,0,0,21.4,3,0
T000593,8.87,23,0,0,0,5.7,2,0
T000594,26.55,23,0,0,0,15.1,4,0
T000595,29.12,2,0,1,0,45.0,1,0
T000596,35.69,15,0,0,0,60.8,4,0
T000597,58.07,9,0,0,0,2.7,4,0
T000598,31.79,22,0,0,0,27.4,3,0
T000599,4.38,18,1,0,1,17.2,2,1
T000600,13.6,11,0,0,1,9.5,2,0
T000601,17.52,13,1,0,0,8.5,1,0
T000602,8.52,17,0,0,0,4.7,0,0
T000603,110.55,8,1,0,0,11.2,2,0
T000604,8.77,13,0,0,0,8.0,2,0
T000605,45.56,17,0,0,1,6.9,0,0
T000606,39.4,17,0,0,0,8.6,2,0
T000607,33.83,20,0,0,0,6.6,0,0
T000608,27.82,22,0,0,0,23.3,1,0
T000609,11.83,19,0,0,0,1.6,3,0
T000610,32.56,16,1,0,0,3.7,3,0
T000611,72.41,22,0,0,0,79.4,5,0
T000612,10.11,1,1,0,0,51.8,2,0
T000613,119.99,21,0,0,1,7.8,3,0
T000614,15.29,0,0,0,0,26.3,2,0
T000615,77.07,23,0,0,0,2.6,0,0
T000616,22.85,13,1,0,0,20.1,2,0
T000617,165.87,14,0,0,0,39.9,2,0
T000618,160.15,10,1,1,0,14.7,3,0
T000619,170.96,15,0,0,0,32.7,1,0
T000620,272.49,17,0,0,1,3.8,3,0
T000621,23.78,4,0,0,0,3.9,2,0
T000622,1.17,23,1,1,0,35.7,2,0
T000623,6.11,18,0,0,0,53.6,3,0
T000624,8.59,15,0,1,0,43.9,1,0
T000625,77.22,17,1,0,0,5.2,2,0
T000626,78.13,3,0,1,0,8.2,3,0
T000627,10.04,10,1,0,0,16.2,2,0
T000628,57.59,18,0,0,1,1.6,0,0
T000629,16.91,2,0,0,0,9.1,3,0
T000630,15.54,14,0,0,0,10.2,2,0
T000631,34.76,9,0,0,1,68.5,3,1
T000632,6.58,11,1,0,0,8.2,1,0
T000633,63.35,7,1,0,0,3.1,2,0
T000634,51.79,0,0,0,0,9.4,2,0
T000635,175.55,3,0,0,1,44.7,3,0
T000636,76.56,14,1,0,0,9.9,2,0
T000637,44.37,9,0,0,0,27.0,5,0
T000638,103.83,19,1,1,0,64.2,2,0
T000639,27.44,21,0,0,1,3.5,3,0
T000640,37.18,13,1,0,0,18.0,1,0
T000641,9.2,22,0,1,1,66.1,1,0
T000642,15.55,0,0,0,0,2.0,1,0
T000643,31.3,7,0,0,0,24.7,1,0
T000644,92.73,3,0,0,0,10.0,5,0
T000645,170.1,12,0,0,0,23.3,0,0
T000646,176.95,9,1,0,0,16.6,4,0
T000647,21.42,5,0,0,0,24.4,3,0
T000648,31.51,21,0,0,0,1.9,4,0
T000649,13.24,15,0,0,0,2.9,1,0
T000650,6.3,19,1,0,0,11.5,1,0
T000651,86.86,19,0,0,0,20.6,2,0
T000652,7.67,16,1,0,0,30.1,3,0
T000653,67.97,3,1,0,0,6.8,3,0
T000654,18.5,23,0,0,1,3.2,0,0
T000655,26.74,4,1,0,0,7.2,2,0
T000656,99.36,22,1,0,1,12.9,2,0
T000657,13.68,9,0,0,0,19.2,1,0
T000658,60.4,17,1,0,1,72.8,2,0
T000659,13.13,11,1,0,0,5.1,5,0
T000660,31.21,17,0,0,1,25.7,1,0
T000661,28.69,19,0,0,1,25.2,3,0
T000662,38.21,9,0,0,0,19.8,3,0
T000663,8.83,1,1,0,1,12.4,0,0
T000664,24.65,0,0,0,0,3.9,1,0
T000665,47.72,1,0,0,1,69.0,5,0
T000666,14.79,10,0,0,0,29.7,4,0
T000667,58.89,21,1,0,1,3.1,4,0
T000668,54.48,0,0,1,0,30.4,1,0
T000669,29.49,20,1,0,0,5.4,0,0
T000670,20.3,15,1,1,0,7.5,3,0
T000671,39.05,22,0,0,0,15.1,3,0
T000672,14.89,3,0,0,0,25.1,3,0
T000673,49.81,13,0,0,1,5.1,3,0
T000674,34.84,2,0,0,0,7.8,1,0
T000675,124.2,20,1,0,0,3.0,2,0
T000676,28.6,7,0,0,0,6.5,2,0
T000677,11.1,11,0,0,0,19.5,3,0
T000678,44.49,3,0,0,0,0.8,3,0
T000679,21.64,19,0,0,0,14.4,4,0
T000680,144.19,5,0,0,0,17.8,1,0
T000681,11.33,18,1,0,0,12.6,1,0
T000682,15.7,22,1,0,0,3.8,1,0
T000683,23.49,11,0,1,0,33.3,5,0
T000684,23.25,21,1,0,0,23.1,2,0
T000685,35.32,20,1,0,0,11.4,3,0
T000686,394.59,5,1,0,0,0.2,1,0
T000687,26.86,1,0,0,0,6.4,4,0
T000688,130.03,2,0,0,0,24.3,0,0
T000689,17.14,7,0,0,0,20.0,3,0
T000690,17.46,6,0,0,1,11.1,2,0
T000691,29.32,21,0,0,1,5.3,2,0
T000692,167.22,6,0,0,1,3.1,3,0
T000693,42.89,12,1,0,0,15.7,2,0
T000694,50.45,16,0,1,0,25.7,2,0
T000695,18.42,16,1,0,0,8.3,2,0
T000696,28.54,3,1,1,0,6.0,0,0
T000697,362.44,11,1,0,0,34.0,3,0
T000698,9.4,16,0,0,0,8.9,3,0
T000699,3.64,5,0,0,0,0.2,6,0
T000700,25.38,11,0,0,0,20.6,2,0
T000701,10.59,13,1,1,1,5.1,1,0
T000702,7.38,2,1,0,0,17.8,4,0
T000703,3.34,22,0,0,0,1.2,1,0
T000704,45.2,23,0,0,0,23.4,1,0
T000705,29.08,14,1,1,1,10.9,2,0
T000706,21.7,13,1,0,0,18.8,2,0
T000707,72.84,11,0,0,0,8.1,2,0
T000708,90.84,1,0,0,0,10.4,1,0
T000709,35.49,16,0,0,0,23.4,6,0
T000710,76.43,15,0,0,0,25.7,2,0
T000711,6.9,3,0,1,0,19.3,3,0
T000712,45.31,17,0,0,0,38.8,2,0
T000713,10.44,18,1,0,0,3.5,1,0
T000714,27.1,5,1,0,0,16.7,4,0
T000715,139.81,0,1,0,0,7.6,1,0
T000716,28.52,2,0,0,0,4.6,4,0
T000717,221.97,19,1,0,0,8.7,2,0
T000718,112.22,16,1,0,1,26.4,3,0
T000719,71.28,14,1,0,0,9.4,3,0
T000720,9.04,7,0,0,0,5.5,11,0
T000721,33.12,9,1,0,0,1.4,4,0
T000722,49.97,11,1,0,0,17.4,3,0
T000723,79.57,21,0,0,0,10.1,2,0
T000724,30.84,5,0,0,0,10.1,2,0
T000725,6.81,18,0,0,0,5.8,3,0
T000726,78.22,2,0,0,1,1.9,4,0
T000727,6.05,22,1,0,0,11.5,2,0
T000728,13.81,16,0,0,1,28.2,2,0
T000729,3.68,0,0,1,0,22.9,2,0
T000730,31.31,23,0,0,1,3.7,1,0
T000731,71.8,12,0,1,0,6.5,1,0
T000732,82.47,11,0,0,0,0.3,0,0
T000733,10.46,13,1,0,0,9.1,1,0
T000734,52.05,21,1,0,0,43.3,4,0
T000735,40.26,15,0,0,1,21.8,1,0
T000736,54.56,2,0,0,0,64.8,1,0
T000737,80.71,19,0,0,1,15.6,1,0
T000738,47.99,19,0,0,1,15.1,2,0
T000739,196.88,21,1,1,0,76.2,3,0
T000740,10.3,8,0,0,0,4.3,2,0
T000741,54.35,11,0,0,0,5.7,2,0
T000742,44.13,3,0,0,0,15.4,1,0
T000743,9.39,16,1,0,1,5.6,1,0
T000744,41.8,7,0,0,0,15.2,1,0
T000745,27.95,14,1,0,0,2.5,2,0
T000746,12.41,13,1,0,0,12.4,1,0
T000747,59.87,16,1,0,0,33.3,1,0
T000748,29.27,12,0,0,1,43.5,1,0
T000749,95.03,2,0,0,0,19.2,9,0
T000750,23.86,3,1,0,0,7.2,2,0
T000751,148.66,20,0,0,0,16.6,1,0
T000752,55.46,8,0,0,0,6.6,2,0
T000753,50.94,14,1,0,0,0.7,2,0
T000754,103.18,16,1,0,1,2.3,2,0
T000755,311.34,0,0,0,1,1.1,8,0
T000756,35.43,12,0,0,1,35.3,3,0
T000757,44.24,6,0,1,0,6.5,2,0
T000758,35.56,5,0,0,0,18.0,2,0
T000759,50.27,10,0,0,0,17.3,2,0
T000760,5.45,2,1,0,0,16.8,5,0
T000761,183.31,0,0,0,0,1.8,2,0
T000762,216.41,21,0,0,1,1.5,3,0
T000763,167.66,14,1,0,1,4.1,1,0
T000764,39.64,6,0,0,0,53.5,2,0
T000765,6.98,4,0,0,0,13.7,0,0
T000766,12.62,21,0,0,1,20.7,2,0
T000767,41.17,14,0,0,0,16.1,4,0
T000768,22.67,4,0,0,0,12.8,4,0
T000769,7.21,17,0,0,0,22.6,2,0
T000770,19.61,19,1,0,1,11.7,4,0
T000771,6.56,4,1,0,0,8.1,0,0
T000772,8.53,7,1,1,0,8.1,4,0
T000773,43.38,18,1,0,0,24.6,2,0
T000774,14.6,9,1,0,0,13.3,3,0
T000775,9.11,17,1,0,0,9.2,2,0
T000776,13.7,12,1,0,1,4.6,2,0
T000777,16.33,1,1,0,0,3.0,1,0
T000778,55.17,7,0,0,0,24.8,1,0
T000779,84.81,12,0,1,0,27.1,2,0
T000780,73.02,12,1,0,0,15.5,3,0
T000781,20.76,0,0,0,0,2.2,2,0
T000782,20.67,4,0,0,0,7.1,0,0
T000783,219.75,11,1,0,0,13.6,3,0
T000784,39.11,13,0,0,1,11.0,2,0
T000785,19.87,22,1,1,0,7.8,0,0
T000786,86.25,6,1,0,0,23.2,2,0
T000787,11.6,19,0,0,1,11.5,2,0
T000788,167.85,9,0,0,0,7.2,0,0
T000789,213.7,3,1,0,0,11.4,3,0
T000790,76.22,21,1,0,0,34.3,1,0
T000791,1.57,2,1,0,0,1.7,3,0
T000792,48.01,5,0,0,0,38.6,1,0
T000793,72.93,17,0,0,1,3.7,3,0
T000794,50.14,18,1,0,0,6.3,3,0
T000795,504.76,10,0,0,0,26.1,2,0
T000796,17.15,2,1,0,0,2.2,1,0
T000797,21.56,11,0,0,0,22.4,3,0
T000798,113.12,21,1,0,0,17.4,3,0
T000799,39.31,3,1,0,0,8.6,0,0
T000800,116.81,18,0,0,0,34.2,1,0
T000801,38.8,12,1,0,0,42.2,3,0
T000802,20.43,22,0,0,0,23.9,5,0
T000803,12.6,9,1,0,0,3.4,5,0
T000804,31.27,15,1,0,0,39.7,4,0
T000805,23.99,12,0,0,1,26.8,3,0
T000806,90.39,11,1,0,0,2.9,2,0
T000807,57.05,4,0,1,1,14.0,1,0
T000808,5.76,9,0,0,0,0.8,1,0
T000809,106.11,12,1,0,0,51.7,1,0
T000810,24.76,14,1,0,0,0.7,1,0
T000811,10.77,12,0,1,0,0.6,0,0
T000812,313.12,2,1,0,0,74.7,4,0
T000813,33.71,10,1,0,1,3.3,1,0
T000814,43.13,7,0,0,0,5.7,3,0
T000815,68.61,12,0,0,1,1.0,2,0
T000816,11.34,13,0,0,0,29.7,3,0
T000817,43.68,12,0,0,1,34.1,1,0
T000818,49.84,8,0,0,0,41.7,2,0
T000819,21.0,22,0,0,0,3.9,1,0
T000820,53.82,6,1,0,0,28.8,2,0
T000821,83.39,11,1,0,1,12.2,0,0
T000822,51.31,11,0,0,0,12.2,2,0
T000823,4.72,7,0,0,0,43.2,0,0
T000824,26.88,22,0,0,0,23.9,1,0
T000825,55.01,17,0,0,0,9.2,2,0
T000826,194.7,0,1,0,0,27.2,4,0
T000827,80.9,16,0,0,1,22.1,2,0
T000828,61.44,22,0,0,0,8.6,3,0
T000829,11.95,12,0,0,0,15.5,3,0
T000830,75.84,4,1,0,0,27.5,4,1
T000831,482.71,22,0,0,1,3.3,2,0
T000832,40.76,11,1,0,0,22.6,1,0
T000833,26.14,20,0,0,0,31.0,2,0
T000834,45.01,4,1,0,1,0.6,0,0
T000835,75.46,18,1,0,0,23.5,0,0
T000836,25.08,17,0,0,0,28.2,4,0
T000837,43.98,20,1,0,0,24.5,4,0
T000838,13.08,17,1,0,0,2.8,3,0
T000839,28.89,5,0,0,0,7.6,4,0
T000840,38.0,11,0,0,0,6.2,6,0
T000841,22.96,9,0,0,0,17.1,3,0
T000842,13.52,15,1,0,1,1.6,2,0
T000843,227.92,19,0,0,0,5.8,2,0
T000844,41.25,6,1,0,0,25.7,3,0
T000845,87.37,14,1,0,1,24.0,3,0
T000846,8.45,22,1,1,0,5.3,0,0
T000847,31.84,18,1,0,0,10.9,1,0
T000848,27.22,8,1,0,0,19.6,5,0
T000849,310.49,9,1,0,0,8.2,1,0
T000850,90.7,5,0,0,0,16.7,1,0
T000851,33.94,19,0,0,0,15.0,3,0
T000852,70.78,4,1,0,0,29.8,1,0
T000853,44.57,1,1,0,0,7.9,3,0
T000854,61.65,22,0,0,0,14.9,2,0
T000855,7.21,12,1,1,0,6.0,3,0
T000856,3.66,10,0,0,0,25.2,1,0
T000857,34.38,12,0,0,1,11.6,2,0
T000858,38.2,16,1,0,0,6.6,2,0
T000859,39.02,15,0,1,0,20.8,5,0
T000860,165.67,4,0,0,0,20.4,4,0
T000861,30.39,8,1,0,0,2.7,2,0
T000862,40.37,11,0,0,0,11.1,1,0
T000863,22.73,0,1,0,0,16.3,2,0
T000864,6.02,7,1,0,0,21.3,2,0
T000865,11.32,20,0,0,0,30.2,1,0
T000866,17.7,4,1,0,0,63.9,3,0
T000867,30.26,8,0,0,0,1.8,1,0
T000868,181.35,23,1,0,0,13.9,1,0
T000869,53.09,5,0,0,0,10.4,2,0
T000870,30.05,3,1,0,1,23.3,3,0
T000871,5.81,16,1,0,0,19.1,1,0
T000872,74.42,10,0,0,1,16.2,3,0
T000873,22.58,9,0,0,0,6.1,1,0
T000874,2.94,11,0,0,0,27.7,3,0
T000875,47.04,14,0,0,1,2.8,2,0
T000876,45.55,1,0,0,0,7.6,4,1
T000877,58.24,14,1,0,0,7.1,2,0
T000878,48.89,18,0,0,0,4.0,2,0
T000879,16.45,12,0,0,0,61.5,7,0
T000880,30.15,3,0,0,0,2.2,5,0
T000881,13.66,21,1,0,0,8.3,5,0
T000882,30.27,23,0,0,0,15.2,1,0
T000883,53.23,18,1,0,0,9.8,3,0
T000884,58.22,15,1,0,0,32.4,0,0
T000885,15.85,1,0,0,0,14.8,2,0
T000886,169.98,21,0,0,1,2.6,2,0
T000887,30.62,14,0,0,1,1.9,5,0
T000888,3.91,14,0,0,1,11.8,3,0
T000889,148.67,15,1,1,0,12.7,2,0
T000890,99.42,4,1,0,0,7.0,4,0
T000891,150.06,2,0,1,1,46.2,3,0
T000892,34.94,1,1,0,0,15.5,1,0
T000893,27.26,12,0,1,0,40.1,2,0
T000894,18.07,23,0,0,0,25.3,0,0
T000895,77.86,22,0,0,0,14.0,0,0
T000896,90.41,12,0,0,0,25.0,2,0
T000897,83.81,14,0,0,0,25.1,2,0
T000898,89.8,7,0,0,0,3.2,0,0
T000899,18.81,0,1,0,0,13.5,1,0
T000900,48.96,18,0,0,0,29.1,3,0
T000901,75.56,6,1,0,0,15.7,3,0
T000902,35.95,15,0,0,0,4.4,2,0
T000903,243.81,23,1,0,0,6.7,0,0
T000904,4.4,23,0,0,1,17.9,2,0
T000905,61.21,20,0,0,1,4.9,0,0
T000906,28.78,5,0,0,0,21.5,1,0
T000907,39.88,7,0,0,0,8.8,0,0
T000908,39.86,23,0,0,0,15.9,3,0
T000909,31.78,7,1,0,0,24.8,1,0
T000910,43.99,15,1,0,1,6.1,0,0
T000911,33.95,6,0,0,1,16.7,1,0
T000912,9.22,21,1,0,1,13.8,1,0
T000913,74.7,15,0,1,0,6.5,1,0
T000914,71.45,13,1,0,0,20.4,3,0
T000915,11.64,23,0,0,0,15.3,1,0
T000916,63.84,19,1,0,0,9.8,3,0
T000917,37.64,17,0,0,0,18.8,0,0
T000918,57.94,3,0,0,1,22.9,5,0
T000919,38.96,9,0,0,0,0.0,3,0
T000920,15.72,18,1,0,0,15.9,2,0
T000921,55.66,11,1,0,0,17.1,0,0
T000922,6.05,5,0,0,0,19.0,0,0
T000923,180.56,7,0,0,0,44.0,2,0
T000924,15.92,19,0,0,0,2.0,3,0
T000925,17.46,1,0,0,1,44.1,1,0
T000926,74.29,7,0,1,0,1.2,1,0
T000927,35.56,11,1,0,0,39.1,3,0
T000928,84.86,1,1,0,0,17.6,2,0
T000929,261.82,11,1,1,0,39.9,3,0
T000930,77.64,22,0,0,0,14.2,2,0
T000931,32.25,2,0,0,0,15.9,1,0
T000932,13.2,23,0,0,0,29.0,3,0
T000933,33.81,21,0,0,1,9.2,5,0
T000934,12.79,3,0,0,0,1.5,4,0
T000935,46.3,21,0,0,0,5.7,6,0
T000936,1.95,11,0,0,0,17.0,4,0
T000937,17.04,6,1,0,0,29.5,2,0
T000938,20.71,15,1,0,0,1.3,3,0
T000939,13.42,9,1,0,0,29.4,1,0
T000940,72.4,23,0,0,0,0.8,2,0
T000941,82.32,8,1,0,0,4.3,2,0
T000942,4.68,17,1,0,0,30.1,5,0
T000943,134.21,0,0,0,1,2.4,2,0
T000944,24.08,3,1,1,0,11.7,0,0
T000945,47.22,4,1,0,0,31.3,1,0
T000946,60.78,20,1,0,1,6.1,2,0
T000947,24.67,11,0,0,1,12.6,3,0
T000948,39.97,14,0,0,0,46.2,0,0
T000949,69.41,20,1,0,0,1.8,3,0
T000950,19.46,9,1,0,0,13.8,2,0
T000951,46.64,21,0,0,0,14.8,2,0
T000952,96.15,16,0,0,0,87.9,3,0
T000953,33.03,15,0,0,0,9.6,0,0
T000954,29.69,14,1,0,0,10.6,3,0
T000955,23.24,6,0,0,1,34.6,1,0
T000956,21.02,1,1,0,0,16.8,1,0
T000957,27.94,9,0,0,0,17.4,1,0
T000958,9.4,5,1,0,0,5.5,2,0
T000959,34.85,12,0,0,0,0.9,3,0
T000960,18.54,22,1,0,1,30.7,1,0
T000961,51.53,15,1,0,0,3.0,3,0
T000962,213.73,19,0,0,0,9.8,2,0
T000963,94.59,0,0,0,0,1.1,1,0
T000964,23.37,19,1,0,0,56.8,1,0
T000965,62.91,1,0,1,0,4.6,5,0
T000966,37.12,23,0,0,1,16.8,1,0
T000967,16.51,1,0,1,0,2.5,1,0
T000968,67.78,10,1,0,0,84.1,2,0
T000969,123.26,23,0,0,0,7.3,1,0
T000970,73.71,1,0,0,1,26.8,4,0
T000971,40.08,17,1,0,0,11.5,2,0
T000972,14.02,5,1,0,0,17.0,3,0
T000973,27.93,19,1,0,0,17.1,4,0
T000974,70.85,4,0,0,0,39.7,3,0
T000975,50.42,9,1,0,0,24.9,1,0
T000976,84.62,23,1,0,0,9.3,0,0
T000977,22.42,19,0,0,0,0.8,2,0
T000978,2.58,18,1,0,1,2.9,2,0
T000979,97.4,20,1,0,1,15.0,6,0
T000980,80.23,16,0,0,0,6.0,2,0
T000981,179.32,15,1,0,0,5.4,4,0
T000982,167.63,7,1,0,0,32.8,1,0
T000983,95.31,8,1,1,0,10.9,2,0
T000984,23.2,0,1,0,0,9.9,2,0
T000985,8.59,9,0,0,0,15.8,1,0
T000986,18.74,6,0,0,0,16.8,0,0
T000987,14.84,9,0,0,1,35.8,3,0
T000988,8.57,11,0,0,0,1.5,3,0
T000989,23.33,10,1,0,1,30.8,2,0
T000990,100.65,9,1,0,0,16.0,3,0
T000991,18.99,16,0,0,1,15.0,4,0
T000992,39.96,15,0,0,0,2.7,4,0
T000993,72.46,13,0,0,1,22.3,2,0
T000994,14.58,13,1,1,0,0.5,1,0
T000995,25.24,22,0,1,0,2.3,3,0
T000996,18.0,17,0,0,1,23.9,5,0
T000997,7.39,20,0,0,0,14.7,0,0
T000998,62.34,7,1,0,0,48.3,1,0
T000999,81.11,22,0,0,0,13.6,1,0
T001000,82.63,7,1,0,0,6.1,4,0
T001001,36.99,5,0,0,0,14.6,3,0
T001002,14.56,13,0,0,0,5.5,1,0
T001003,138.93,15,1,0,0,10.2,2,0
T001004,5.01,15,0,0,0,10.0,0,0
T001005,45.78,20,1,0,0,0.7,2,0
T001006,26.01,5,0,0,0,28.4,4,0
T001007,9.65,13,1,0,1,9.9,2,0
T001008,103.18,7,0,0,0,28.9,4,0
T001009,176.12,12,1,0,0,25.2,4,0
T001010,23.98,12,0,0,1,36.4,1,1
T001011,22.42,22,1,0,0,24.5,3,0
T001012,42.23,23,0,0,0,35.8,1,0
T001013,26.94,22,0,0,1,4.3,0,0
T001014,270.2,21,1,0,0,8.9,4,0
T001015,11.97,16,0,0,1,9.8,1,0
T001016,14.89,12,0,0,0,8.5,0,0
T001017,51.98,10,1,0,1,21.9,1,0
T001018,19.3,10,0,0,0,29.1,2,0
T001019,18.68,23,1,0,0,6.7,2,0
T001020,21.01,2,1,0,0,33.4,1,0
T001021,29.19,12,0,0,0,14.7,4,0
T001022,107.35,6,1,0,0,13.4,3,0
T001023,11.81,10,1,0,0,10.6,1,0
T001024,84.92,23,1,0,0,51.0,1,0
T001025,12.86,15,0,0,0,20.5,2,0
T001026,12.0,22,0,0,0,28.8,0,0
T001027,85.52,9,1,0,0,18.1,1,0
T001028,56.78,22,1,0,0,5.8,4,0
T001029,82.63,10,1,0,0,20.5,3,0
T001030,89.33,13,1,0,0,9.0,1,0
T001031,20.43,21,0,0,0,25.5,5,0
T001032,14.12,0,0,0,0,5.2,5,0
T001033,46.1,2,0,0,0,18.5,4,0
T001034,14.16,9,0,0,0,6.5,3,0
T001035,31.09,22,0,0,0,16.2,1,0
T001036,210.16,12,0,0,0,5.5,1,0
T001037,9.16,6,0,0,0,6.9,2,0
T001038,11.39,18,0,0,1,7.3,4,0
T001039,80.07,12,1,0,1,34.8,0,0
T001040,95.51,9,0,0,0,10.1,2,0
T001041,28.92,19,0,0,0,12.1,4,0
T001042,46.51,8,0,0,0,16.2,0,0
T001043,23.78,9,1,0,0,2.2,3,0
T001044,20.79,17,0,0,1,12.0,2,0
T001045,40.88,15,0,0,0,1.3,0,0
T001046,76.76,21,0,0,0,10.6,2,0
T001047,8.25,13,0,0,0,11.0,1,0
T001048,6.72,21,1,0,0,11.7,5,0
T001049,44.64,14,0,0,0,35.1,1,0
T001050,19.33,23,1,0,0,15.1,0,0
T001051,73.45,23,0,0,0,10.1,2,0
T001052,38.81,3,1,0,0,0.5,2,0
T001053,25.0,18,0,0,0,8.2,2,0
T001054,36.62,15,1,0,0,11.7,3,0
T001055,827.82,12,0,0,0,15.4,6,0
T001056,34.47,6,1,1,0,2.0,3,0
T001057,18.21,22,1,0,0,68.6,1,0
T001058,7.14,3,1,0,0,16.5,2,0
T001059,69.74,18,0,1,0,16.3,2,0
T001060,174.54,15,1,0,0,6.4,2,0
T001061,43.59,1,0,0,0,7.5,3,0
T001062,41.89,14,0,0,0,15.8,4,0
T001063,33.11,23,1,0,1,2.5,3,0
T001064,49.7,17,0,0,0,0.4,1,0
T001065,28.68,13,0,0,0,7.6,5,0
T001066,54.94,12,0,0,0,9.6,2,0
T001067,53.57,2,0,0,0,10.2,3,0
T001068,43.99,17,0,0,0,4.6,3,0
T001069,221.08,6,1,1,0,2.6,1,0
T001070,21.84,4,1,0,0,1.5,2,0
T001071,27.53,11,1,0,0,46.5,0,0
T001072,16.22,22,0,0,0,9.9,5,0
T001073,30.36,20,0,0,0,7.5,2,0
T001074,41.63,0,1,1,0,1.8,5,0
T001075,210.29,17,1,0,1,1.5,2,0
T001076,29.4,15,0,1,0,12.3,1,0
T001077,29.54,15,1,0,0,5.4,5,0
T001078,41.01,1,1,0,0,7.0,2,0
T001079,14.7,11,0,0,0,37.4,2,0
T001080,31.94,0,1,0,0,1.1,0,0
T001081,4.75,17,0,0,0,3.2,2,0
T001082,70.72,15,1,0,0,1.6,2,0
T001083,72.84,4,0,0,0,16.0,4,0
T001084,78.84,7,1,0,0,12.7,1,0
T001085,192.16,23,1,0,0,13.4,3,0
T001086,75.17,19,0,0,0,47.2,2,0
T001087,130.91,13,0,0,0,9.5,0,0
T001088,78.41,14,0,0,0,11.6,1,0
T001089,45.2,5,0,0,0,4.4,2,0
T001090,56.5,8,0,0,1,38.7,0,0
T001091,79.89,17,0,0,0,76.5,3,0
T001092,74.36,7,1,0,0,7.7,5,0
T001093,9.48,8,0,0,0,2.2,5,0
T001094,12.33,15,0,0,0,29.7,2,0
T001095,18.37,21,1,0,0,6.3,6,0
T001096,10.09,20,1,0,0,85.9,0,0
T001097,18.38,18,0,0,0,16.7,1,0
T001098,14.92,0,0,0,0,20.6,3,0
T001099,11.27,17,0,0,1,11.9,3,0
T001100,32.62,5,1,0,0,6.9,0,0
T001101,115.92,9,0,0,0,3.7,5,0
T001102,144.11,1,0,1,0,3.0,3,0
T001103,179.85,19,0,0,0,10.7,2,0
T001104,143.5,18,1,0,0,13.5,4,0
T001105,2.9,0,0,0,0,29.4,1,0
T001106,213.01,8,1,0,1,6.0,4,0
T001107,47.78,22,1,0,0,22.7,0,0
T001108,7.98,5,0,0,0,12.6,3,0
T001109,15.46,3,0,0,1,44.7,4,0
T001110,21.59,18,1,0,0,27.6,2,0
T001111,15.5,14,1,0,0,7.8,6,0
T001112,103.35,1,0,0,0,39.0,3,0
T001113,28.21,6,1,0,0,17.5,2,0
T001114,265.7,15,1,0,0,12.4,1,0
T001115,198.03,15,1,0,0,20.4,6,1
T001116,6.17,14,1,0,1,17.4,2,0
T001117,22.09,7,0,0,0,16.8,4,0
T001118,89.74,13,1,0,0,14.5,2,0
T001119,56.01,2,0,0,0,13.4,0,0
T001120,34.68,5,1,0,1,5.9,0,0
T001121,34.63,1,0,0,1,4.0,1,0
T001122,24.09,3,0,0,0,4.2,5,0
T001123,19.98,23,0,0,0,3.0,1,0
T001124,68.7,0,0,0,0,31.8,1,0
T001125,37.99,22,1,0,0,4.4,2,0
T001126,16.17,7,0,0,0,12.1,3,0
T001127,5.62,7,0,0,0,18.9,4,0
T001128,49.4,15,0,0,1,18.8,3,0
T001129,30.73,16,0,0,1,29.5,2,0
T001130,2.6,2,1,0,1,3.1,1,0
T001131,41.38,12,1,0,1,61.6,4,0
T001132,10.53,11,1,0,0,42.5,1,0
T001133,41.68,8,0,0,0,5.7,4,0
T001134,30.12,3,0,0,0,8.9,2,0
T001135,110.75,4,1,0,0,25.9,0,0
T001136,10.87,21,0,0,0,1.2,6,0
T001137,180.97,18,0,0,1,1.4,0,0
T001138,41.82,4,1,0,0,1.2,1,0
T001139,294.32,2,1,1,0,1.6,3,0
T001140,59.24,8,1,0,0,18.8,3,0
T001141,42.27,18,0,1,0,12.3,1,0
T001142,16.16,3,1,0,1,14.1,1,0
T001143,256.88,0,1,1,0,0.6,2,0
T001144,167.04,16,1,0,0,19.3,0,0
T001145,52.65,17,0,0,1,8.9,3,0
T001146,29.52,22,0,0,0,1.4,2,0
T001147,26.37,12,0,0,1,6.7,2,0
T001148,30.17,8,1,0,1,1.4,2,0
T001149,48.05,7,1,0,0,14.4,1,0
T001150,16.44,10,0,0,0,3.6,4,0
T001151,22.71,12,0,0,0,4.9,3,0
T001152,55.38,11,1,1,0,21.7,2,0
T001153,25.76,4,0,0,0,17.3,3,0
T001154,23.2,8,0,1,1,16.7,2,0
T001155,113.87,23,1,0,0,32.6,1,0
T001156,175.17,21,1,0,0,19.4,2,0
T001157,64.75,4,1,0,1,17.8,2,0
T001158,58.08,8,1,0,0,1.6,1,0
T001159,53.96,21,0,0,0,4.3,0,0
T001160,38.31,17,0,0,0,5.1,3,0
T001161,46.75,6,0,0,1,23.4,2,0
T001162,64.67,13,0,0,0,41.4,2,0
T001163,16.08,16,0,1,0,11.5,3,0
T001164,10.56,9,0,0,1,2.3,2,0
T001165,19.19,4,0,0,0,41.8,0,0
T001166,18.61,13,1,1,0,16.7,3,0
T001167,66.4,5,1,0,0,7.7,3,0
T001168,90.71,15,0,0,1,5.8,3,0
T001169,40.15,4,1,0,0,21.6,0,0
T001170,12.16,13,0,0,0,6.3,2,0
T001171,10.53,17,0,0,0,4.6,2,0
T001172,6.47,14,1,0,0,7.7,3,0
T001173,35.71,8,0,0,0,32.1,4,0
T001174,74.4,20,0,0,0,27.2,3,0
T001175,19.11,11,1,1,0,3.5,2,0
T001176,25.41,9,1,0,0,7.2,2,0
T001177,43.3,23,0,1,0,5.3,2,0
T001178,35.63,21,1,0,0,10.2,0,0
T001179,65.23,11,1,0,0,21.7,2,0
T001180,25.43,0,1,0,0,41.4,4,0
T001181,28.17,8,0,1,0,31.2,4,0
T001182,31.79,17,0,0,0,11.7,2,0
T001183,142.19,13,0,1,0,40.5,1,0
T001184,39.12,13,0,1,0,35.4,0,0
T001185,104.9,16,1,0,0,24.0,3,0
T001186,31.74,19,0,0,0,20.9,1,0
T001187,102.9,1,1,0,0,67.9,1,0
T001188,40.34,10,1,0,1,1.8,4,0
T001189,12.98,12,1,1,0,4.5,3,0
T001190,8.27,5,0,0,1,5.6,2,0
T001191,100.23,16,0,0,0,2.6,1,0
T001192,16.42,19,1,0,0,25.4,0,0
T001193,35.89,13,0,1,0,12.1,2,0
T001194,9.23,8,0,0,0,5.1,4,0
T001195,49.45,13,0,0,0,39.0,1,0
T001196,17.74,19,1,1,0,2.8,3,0
T001197,208.86,19,1,0,0,12.4,4,0
T001198,19.56,11,1,0,0,16.1,2,0
T001199,79.69,3,1,0,0,26.7,2,0
T001200,509.96,0,0,0,0,10.7,3,0
T001201,170.01,1,0,0,0,5.0,2,0
T001202,87.03,15,0,0,0,16.2,1,0
T001203,12.81,23,0,0,0,5.3,2,0
T001204,157.99,18,0,0,0,17.2,3,0
T001205,225.22,7,1,0,0,5.3,5,0
T001206,28.36,5,0,0,0,23.2,3,0
T001207,42.67,1,1,0,0,12.8,5,0
T001208,24.05,19,0,1,0,2.3,5,0
T001209,17.03,14,0,0,0,24.6,0,0
T001210,41.92,12,1,0,0,38.6,3,0
T001211,63.71,4,0,0,0,3.8,0,0
T001212,57.71,1,0,0,0,16.5,3,0
T001213,127.46,22,0,0,0,6.0,0,0
T001214,73.07,4,1,0,0,18.0,2,0
T001215,50.98,0,0,0,1,15.3,0,0
T001216,160.07,8,0,1,0,11.0,7,0
T001217,16.67,11,1,0,0,26.4,0,0
T001218,40.34,7,0,0,0,57.7,0,0
T001219,63.42,2,1,0,1,10.6,2,1
T001220,100.27,10,0,0,0,23.0,1,0
T001221,13.64,2,0,0,0,1.3,1,0
T001222,139.27,7,1,0,1,45.0,1,0
T001223,10.73,8,1,0,0,26.3,3,0
T001224,19.98,2,1,0,0,18.5,1,0
T001225,147.43,3,0,0,0,24.5,1,0
T001226,5.48,14,0,0,0,15.0,0,0
T001227,30.43,4,0,0,0,4.2,2,0
T001228,187.66,18,0,0,0,3.3,1,0
T001229,99.76,16,1,0,1,35.7,4,0
T001230,46.96,21,1,0,0,3.2,4,0
T001231,35.37,1,0,0,1,4.2,3,0
T001232,66.36,11,0,0,0,65.4,1,0
T001233,7.51,12,0,0,0,1.4,2,0
T001234,188.86,15,0,0,0,1.0,1,0
T001235,25.84,6,0,0,0,14.4,1,0
T001236,20.54,20,1,0,0,10.2,1,0
T001237,119.1,17,0,0,0,21.6,3,0
T001238,83.51,22,1,0,0,62.3,3,0
T001239,56.44,9,0,1,0,6.7,3,0
T001240,63.88,6,1,0,0,11.8,5,0
T001241,44.31,19,1,0,0,2.0,1,0
T001242,9.73,20,0,0,1,6.7,1,0
T001243,5.8,8,0,0,1,17.9,3,0
T001244,104.99,6,1,1,0,5.0,0,0
T001245,80.67,21,1,0,0,17.0,1,0
T001246,40.27,12,0,0,0,0.7,1,0
T001247,199.38,16,0,0,0,28.9,2,0
T001248,23.97,19,1,0,0,18.2,1,0
T001249,21.65,20,0,0,0,5.1,2,0
T001250,89.25,12,0,0,0,44.4,5,0
T001251,16.9,8,0,0,1,36.5,5,0
T001252,16.0,19,0,0,1,18.6,1,0
T001253,37.84,10,0,0,0,7.3,4,0
T001254,20.41,14,1,0,0,46.8,2,0
T001255,53.44,13,0,0,0,13.0,4,0
T001256,107.14,0,1,0,0,16.8,4,0
T001257,20.86,5,0,0,1,28.1,2,0
T001258,50.08,13,0,0,1,19.9,4,0
T001259,98.35,6,1,0,0,22.4,2,0
T001260,30.18,0,0,0,0,60.5,2,0
T001261,53.41,13,1,0,0,13.5,2,0
T001262,138.36,4,1,0,0,18.0,1,0
T001263,19.68,1,1,0,0,25.9,0,0
T001264,80.02,4,0,0,0,26.9,3,0
T001265,515.82,16,1,0,0,15.9,2,0
T001266,33.07,13,1,0,0,1.7,3,0
T001267,9.02,5,0,0,0,41.5,1,0
T001268,17.7,2,1,1,0,2.0,2,0
T001269,25.74,11,0,0,0,40.1,1,0
T001270,135.09,12,0,0,1,20.4,4,0
T001271,76.31,18,0,1,1,3.8,2,0
T001272,30.68,21,0,0,0,0.8,3,0
T001273,5.0,9,0,0,0,6.1,1,0
T001274,31.24,5,0,0,0,21.0,1,0
T001275,337.63,10,1,0,0,9.4,4,0
T001276,9.92,11,0,0,0,7.1,1,0
T001277,56.18,14,0,0,0,5.7,1,0
T001278,72.96,14,1,0,1,44.2,5,0
T001279,104.58,1,0,0,1,7.3,3,0
T001280,95.26,13,1,0,0,5.4,4,0
T001281,134.95,4,0,1,0,7.3,2,0
T001282,182.63,16,0,0,0,2.4,1,0
T001283,80.2,10,1,0,0,23.8,2,0
T001284,83.58,6,1,0,1,32.5,1,0
T001285,34.15,13,0,0,1,6.2,4,0
T001286,35.89,5,1,0,0,2.4,0,0
T001287,16.77,20,0,0,0,0.4,1,0
T001288,117.96,8,0,0,0,32.9,3,0
T001289,2.49,4,1,0,0,30.3,4,0
T001290,98.35,4,0,0,0,5.5,3,0
T001291,6.85,6,0,0,1,42.4,1,0
T001292,54.93,2,1,0,0,14.9,2,0
T001293,22.28,23,0,0,0,31.3,0,0
T001294,714.85,13,1,0,1,4.0,4,0
T001295,55.14,17,0,0,0,40.5,2,0
T001296,24.61,17,0,0,0,19.4,3,0
T001297,157.71,20,0,0,0,7.8,2,0
T001298,85.65,23,0,0,0,8.6,6,0
T001299,16.91,3,1,0,0,26.8,5,0
T001300,37.84,5,1,0,0,0.4,1,0
T001301,172.25,9,1,0,1,35.1,3,0
T001302,3.66,3,1,0,0,23.1,2,0
T001303,9.55,13,1,0,0,0.2,1,0
T001304,32.48,0,0,0,0,24.6,2,0
T001305,206.08,5,0,0,0,15.4,3,0
T001306,9.53,22,1,0,0,4.6,3,0
T001307,26.86,1,1,0,0,7.1,1,0
T001308,23.14,22,1,0,0,12.2,1,0
T001309,109.53,5,0,0,0,9.9,3,0
T001310,57.21,9,1,1,0,3.1,2,0
T001311,36.08,15,1,1,0,39.5,3,1
T001312,13.68,9,0,0,0,0.7,3,0
T001313,5.64,12,0,0,1,8.2,5,0
T001314,71.5,16,1,0,0,16.7,5,0
T001315,212.66,11,1,0,0,32.4,1,0
T001316,27.13,13,0,0,0,12.2,0,0
T001317,15.16,10,0,0,0,28.0,3,0
T001318,130.76,18,1,0,0,10.5,1,0
T001319,7.54,22,0,0,0,13.2,3,0
T001320,3.77,6,0,0,0,24.3,1,0
T001321,76.25,22,1,0,0,7.3,2,0
T001322,68.55,2,1,0,0,4.1,3,0
T001323,139.46,18,1,0,1,25.9,2,0
T001324,21.23,2,0,0,0,4.9,1,0
T001325,39.95,16,0,0,1,7.7,5,0
T001326,29.66,14,0,0,1,4.9,3,0
T001327,70.95,15,1,0,0,57.9,1,0
T001328,39.18,21,1,0,0,0.4,2,0
T001329,43.38,15,0,0,0,9.5,6,0
T001330,48.76,22,0,0,1,5.1,2,0
T001331,39.63,4,1,0,0,4.1,1,0
T001332,16.24,9,0,0,0,24.7,3,0
T001333,74.48,7,0,0,0,15.6,1,0
T001334,63.26,23,1,0,0,13.6,2,0
T001335,56.84,7,0,0,1,5.8,1,0
T001336,16.71,11,1,0,0,10.2,4,0
T001337,31.37,0,1,0,0,28.3,2,0
T001338,40.47,16,0,0,1,21.1,3,0
T001339,3.84,13,0,0,0,25.0,1,0
T001340,70.51,18,0,0,0,19.1,2,0
T001341,18.21,18,1,0,0,33.0,0,0
T001342,6.41,17,0,0,0,31.0,0,0
T001343,110.62,12,1,0,0,10.3,2,0
T001344,11.87,0,0,0,0,9.6,1,0
T001345,32.96,21,1,0,0,27.0,3,0
T001346,23.28,6,0,0,0,9.4,1,0
T001347,6.42,16,1,1,0,32.1,2,0
T001348,15.95,13,1,0,0,29.6,1,0
T001349,315.4,1,0,0,1,7.8,2,0
T001350,182.22,16,0,0,0,1.7,1,0
T001351,14.85,7,0,0,0,33.7,2,0
T001352,78.95,21,1,0,0,8.6,2,0
T001353,27.29,22,1,0,0,10.3,0,0
T001354,101.29,11,0,0,0,16.0,1,0
T001355,8.69,21,0,0,0,7.9,3,0
T001356,11.5,9,1,0,0,8.9,2,0
T001357,41.05,6,0,0,0,36.1,1,0
T001358,28.73,21,1,0,1,19.9,0,0
T001359,84.13,17,1,0,1,28.0,3,0
T001360,90.99,10,1,0,0,8.7,1,0
T001361,54.56,15,1,0,1,16.8,5,0
T001362,24.06,0,0,0,0,41.8,2,0
T001363,45.77,17,0,0,0,0.9,3,0
T001364,24.87,15,1,1,0,13.7,1,0
T001365,7.05,17,1,0,0,26.1,4,0
T001366,94.06,15,1,0,0,12.1,4,0
T001367,7.04,20,1,0,0,63.4,1,0
T001368,10.49,23,1,0,1,16.5,2,0
T001369,45.5,11,0,0,1,9.5,4,0
T001370,88.04,13,1,0,0,4.1,0,0
T001371,46.79,20,1,0,0,47.6,3,0
T001372,14.82,20,1,0,1,20.5,2,0
T001373,288.55,4,1,0,0,22.0,3,0
T001374,11.14,11,0,0,1,4.7,0,0
T001375,169.52,2,1,0,0,11.5,1,0
T001376,11.22,10,1,0,0,11.1,4,0
T001377,41.6,12,0,0,0,33.5,3,0
T001378,59.81,1,0,0,0,10.4,2,0
T001379,46.51,21,0,0,1,25.6,1,0
T001380,24.08,10,0,0,0,20.2,2,0
T001381,56.49,19,0,0,0,53.0,1,0
T001382,46.37,22,0,1,0,20.1,3,0
T001383,11.73,23,0,0,0,27.0,1,0
T001384,140.73,12,1,0,0,8.3,2,0
T001385,37.79,6,0,0,0,3.7,2,0
T001386,42.6,21,1,0,0,9.0,4,0
T001387,12.51,14,0,0,0,24.0,3,0
T001388,54.3,3,0,0,1,47.1,2,0
T001389,127.88,6,1,0,0,2.0,0,0
T001390,52.77,19,1,1,1,16.8,2,0
T001391,40.9,0,1,0,0,21.0,4,0
T001392,59.31,2,1,0,1,12.9,3,0
T001393,22.67,23,0,1,0,28.6,3,0
T001394,53.21,21,0,0,0,26.0,0,0
T001395,15.9,9,1,0,0,26.6,3,0
T001396,90.64,6,0,0,0,30.5,0,0
T001397,84.71,12,1,0,0,6.5,1,0
T001398,60.97,15,1,0,0,78.6,2,0
T001399,62.41,1,1,0,1,21.9,0,0
T001400,50.56,17,1,0,0,8.4,1,0
T001401,14.55,8,1,0,0,5.3,1,0
T001402,16.81,14,1,0,0,56.6,2,0
T001403,47.48,5,0,0,0,11.4,5,0
T001404,17.83,6,1,0,0,5.7,0,0
T001405,17.13,17,0,0,0,26.3,2,0
T001406,14.95,2,0,0,0,2.5,1,0
T001407,58.84,14,1,0,0,32.7,2,0
T001408,42.89,4,1,0,0,6.6,2,0
T001409,69.03,2,1,0,1,8.7,2,0
T001410,162.72,1,0,0,0,2.0,0,0
T001411,48.54,0,1,0,0,40.4,2,0
T001412,20.95,21,0,0,0,14.0,1,0
T001413,46.55,20,0,0,0,43.0,3,0
T001414,76.01,16,1,0,0,6.5,3,0
T001415,122.7,21,1,0,1,2.6,2,0
T001416,34.29,3,1,1,1,13.0,1,0
T001417,68.19,17,1,0,0,1.7,5,0
T001418,14.59,17,1,0,0,14.4,4,0
T001419,17.28,21,1,0,0,23.3,4,0
T001420,10.68,21,0,0,0,23.2,4,0
T001421,55.48,16,0,0,0,8.8,1,0
T001422,12.05,15,0,0,0,0.4,3,0
T001423,28.38,14,0,0,0,2.7,2,0
T001424,41.08,17,0,0,0,14.3,0,0
T001425,12.06,10,1,0,0,8.1,1,0
T001426,8.43,1,0,0,1,8.2,4,0
T001427,92.99,19,1,0,1,40.3,2,0
T001428,63.24,20,1,0,0,7.6,0,0
T001429,93.11,16,1,0,0,57.5,2,0
T001430,45.18,0,0,1,0,8.9,3,0
T001431,132.67,1,1,0,1,39.3,3,0
T001432,58.9,10,0,0,0,45.9,1,0
T001433,10.54,6,0,0,0,3.0,3,0
T001434,62.21,22,0,0,0,10.6,5,0
T001435,45.6,17,0,0,1,2.1,3,0
T001436,11.93,23,1,0,0,32.0,0,0
T001437,17.57,1,1,0,0,9.9,6,1
T001438,48.87,19,0,0,1,14.9,5,0
T001439,4.62,18,1,0,0,26.5,4,0
T001440,34.34,10,1,0,0,9.4,3,0
T001441,7.19,17,0,0,0,15.5,1,0
T001442,63.22,13,0,0,0,6.0,1,0
T001443,68.19,18,0,0,0,38.3,2,0
T001444,8.73,6,1,0,0,9.3,1,0
T001445,10.98,17,0,1,0,63.2,1,0
T001446,18.76,9,1,0,0,1.0,1,0
T001447,23.68,16,1,0,1,40.3,1,0
T001448,12.73,19,1,0,0,17.0,2,0
T001449,68.01,3,0,0,0,8.1,3,0
T001450,29.94,3,1,0,0,1.3,3,0
T001451,7.52,15,1,1,0,0.8,2,0
T001452,37.6,14,1,0,0,20.1,1,0
T001453,14.42,12,1,0,0,8.4,1,0
T001454,30.84,11,1,0,0,14.3,3,0
T001455,87.4,5,0,0,0,5.4,1,0
T001456,12.32,19,0,0,0,8.1,1,0
T001457,34.87,20,1,0,1,30.8,0,0
T001458,20.74,10,0,0,1,11.9,0,0
T001459,30.42,1,0,0,0,28.7,3,0
T001460,122.93,21,1,0,1,14.5,1,0
T001461,124.62,8,1,0,0,26.5,3,0
T001462,4.82,22,1,0,0,5.2,1,0
T001463,163.73,9,1,0,0,24.6,1,0
T001464,116.58,21,1,0,1,14.3,2,0
T001465,17.04,12,1,0,0,89.0,1,0
T001466,85.49,19,0,0,0,10.4,1,0
T001467,22.77,15,0,0,0,11.3,1,0
T001468,55.98,7,1,0,0,21.8,5,0
T001469,5.01,23,0,0,0,12.1,1,0
T001470,103.21,13,0,0,0,22.6,3,0
T001471,5.74,2,1,0,0,1.2,2,0
T001472,5.73,3,0,0,0,10.7,0,0
T001473,41.85,17,1,0,0,5.6,3,0
T001474,96.56,15,1,0,0,72.9,2,0
T001475,30.17,10,1,0,0,33.2,0,0
T001476,81.28,0,1,0,0,51.2,4,1
T001477,130.82,1,0,0,0,17.6,2,0
T001478,49.3,16,0,0,1,3.0,3,0
T001479,171.35,11,1,1,0,10.6,2,0
T001480,124.47,2,0,0,0,22.1,1,0
T001481,22.75,19,0,0,0,10.3,2,0
T001482,13.19,6,0,0,0,19.2,2,0
T001483,20.48,21,0,0,0,2.9,1,0
T001484,33.17,12,0,0,1,4.8,2,0
T001485,199.02,18,0,0,0,17.8,0,0
T001486,257.7,5,1,0,1,17.3,0,0
T001487,7.93,5,1,0,0,12.4,8,0
T001488,333.17,13,0,0,0,11.8,2,0
T001489,4.27,1,1,1,1,9.5,2,0
T001490,7.55,1,0,0,0,10.9,2,0
T001491,11.25,2,1,0,0,7.5,2,0
T001492,166.47,12,0,0,0,9.6,3,0
T001493,13.26,11,0,0,1,23.0,0,0
T001494,71.05,23,0,0,0,18.4,1,0
T001495,49.09,19,0,0,0,1.6,2,0
T001496,24.31,16,0,0,1,9.2,1,0
T001497,53.02,20,0,0,0,33.9,3,0
T001498,19.47,2,0,0,0,8.2,5,0
T001499,49.94,20,0,0,1,8.1,4,0
T001500,29.73,22,1,1,0,5.9,3,0
T001501,1069.86,6,0,0,0,12.4,3,0
T001502,9.25,0,1,0,1,1.1,3,0
T001503,66.25,4,1,0,0,12.1,2,0
T001504,22.9,7,1,0,1,2.5,3,0
T001505,235.14,12,1,0,0,5.4,2,0
T001506,138.64,17,0,0,0,8.7,3,0
T001507,45.6,10,1,0,1,35.2,1,0
T001508,117.93,6,0,0,0,20.1,3,0
T001509,14.25,11,1,1,0,6.2,5,0
T001510,27.77,7,0,0,0,6.9,2,0
T001511,134.8,3,0,0,1,10.6,2,0
T001512,12.59,22,0,0,0,3.8,1,0
T001513,99.82,8,1,0,0,11.6,2,0
T001514,107.87,1,0,0,0,5.3,0,0
T001515,89.8,16,1,0,1,1.3,0,0
T001516,52.6,16,0,0,1,2.7,1,0
T001517,49.77,19,0,0,0,3.0,1,0
T001518,9.89,0,1,0,0,14.1,2,0
T001519,46.31,7,1,0,0,7.1,4,0
T001520,4.69,22,0,0,0,53.9,2,0
T001521,9.06,7,1,0,1,24.5,2,0
T001522,42.66,19,0,0,0,20.4,1,0
T001523,76.92,0,0,0,0,8.1,1,0
T001524,10.3,18,0,0,0,15.5,0,0
T001525,89.25,10,1,0,0,4.5,6,0
T001526,25.91,18,1,1,0,21.9,0,0
T001527,9.36,22,0,0,0,5.7,6,0
T001528,49.29,15,1,0,0,13.5,1,0
T001529,58.03,0,1,0,1,17.7,2,0
T001530,25.77,2,0,0,1,6.8,3,1
T001531,35.52,13,1,0,0,5.5,2,0
T001532,313.21,21,1,0,0,3.6,1,0
T001533,17.7,0,0,0,0,56.4,2,0
T001534,10.24,16,1,0,1,3.3,3,0
T001535,24.3,2,0,1,0,6.6,4,0
T001536,53.74,22,0,0,1,13.2,4,0
T001537,32.61,1,0,0,0,28.2,6,0
T001538,94.29,4,0,1,0,6.4,0,0
T001539,50.77,3,0,0,0,8.3,5,0
T001540,52.71,16,0,0,0,17.7,1,0
T001541,15.06,8,1,0,0,12.5,4,0
T001542,137.0,15,0,0,0,0.9,1,0
T001543,9.07,0,1,0,0,2.6,1,0
T001544,163.54,12,1,0,1,27.0,3,0
T001545,9.28,4,1,0,0,39.8,3,0
T001546,12.99,19,0,0,0,69.8,3,0
T001547,25.24,9,1,0,0,18.5,0,0
T001548,205.79,5,0,0,0,4.8,1,0
T001549,17.13,3,0,0,0,0.8,1,0
T001550,108.81,17,1,1,1,4.2,6,0
T001551,33.32,20,1,0,1,41.7,1,0
T001552,12.49,21,1,0,0,8.5,2,0
T001553,81.71,15,0,0,1,20.7,2,0
T001554,26.74,12,0,0,1,5.5,1,0
T001555,20.32,11,1,0,0,7.2,2,0
T001556,98.03,16,1,0,0,12.5,1,0
T001557,54.16,8,1,0,0,0.5,3,0
T001558,51.02,10,1,0,0,9.3,3,0
T001559,40.81,1,0,0,0,7.5,3,0
T001560,433.45,23,0,0,1,26.1,3,0
T001561,10.23,16,0,0,0,21.9,5,0
T001562,25.82,12,0,0,1,41.4,2,0
T001563,18.66,15,0,0,1,21.0,5,0
T001564,20.59,19,1,0,1,41.2,4,0
T001565,6.62,3,1,0,0,64.2,5,0
T001566,25.56,19,1,0,0,6.1,1,0
T001567,43.67,20,1,0,0,10.5,3,0
T001568,31.17,0,1,0,1,5.4,2,0
T001569,15.46,14,1,0,0,7.9,1,0
T001570,9.45,5,0,0,0,19.3,1,0
T001571,39.28,23,1,0,0,9.8,1,0
T001572,16.19,0,1,0,0,8.0,0,0
T001573,46.79,21,1,0,0,6.8,3,0
T001574,36.1,20,0,0,0,6.2,2,0
T001575,175.59,9,0,0,0,10.4,2,0
T001576,26.48,10,0,0,0,17.9,6,0
T001577,88.64,6,0,0,0,19.6,3,0
T001578,28.36,17,0,1,1,1.6,2,0
T001579,69.02,7,1,0,0,19.6,0,0
T001580,58.11,7,0,0,0,2.2,4,0
T001581,75.55,4,0,0,0,14.7,1,0
T001582,10.29,9,1,0,0,7.1,4,0
T001583,31.04,18,1,1,0,8.2,3,0
T001584,11.39,10,0,1,0,2.9,1,0
T001585,53.47,0,0,0,0,35.4,1,0
T001586,21.56,10,1,0,0,7.2,2,0
T001587,27.64,2,0,0,0,13.5,1,0
T001588,8.06,7,1,0,0,3.8,2,0
T001589,30.98,21,0,0,0,21.7,1,0
T001590,62.82,7,0,0,0,13.1,0,0
T001591,37.14,20,0,0,1,39.0,3,0
T001592,59.94,2,0,0,1,14.0,2,0
T001593,117.27,0,0,0,0,45.0,1,0
T001594,63.28,23,1,0,0,8.2,1,0
T001595,105.93,9,0,0,1,11.9,1,0
T001596,7.77,13,0,1,0,5.0,4,0
T001597,12.78,2,0,0,0,45.4,2,0
T001598,8.36,3,1,0,0,10.6,2,0
T001599,39.0,17,0,0,0,66.7,1,0
T001600,95.38,4,0,0,0,59.3,3,0
T001601,85.56,20,0,0,0,26.5,1,0
T001602,47.9,19,1,0,0,42.2,1,0
T001603,13.56,14,0,0,1,18.0,2,0
T001604,23.59,8,0,0,0,12.5,2,0
T001605,3.04,16,1,0,0,2.4,4,0
T001606,11.32,13,1,0,0,16.2,2,0
T001607,31.34,12,0,0,0,8.4,2,0
T001608,18.92,13,1,0,1,16.7,1,0
T001609,32.91,22,1,0,0,1.1,2,0
T001610,100.14,7,0,0,0,33.7,2,0
T001611,26.81,2,1,0,1,5.7,2,0
T001612,29.53,3,1,0,0,2.1,5,0
T001613,21.64,12,0,0,0,18.7,3,0
T001614,417.96,9,0,0,0,5.4,1,0
T001615,50.74,22,1,0,1,5.4,2,0
T001616,51.0,0,1,0,1,21.6,0,0
T001617,175.2,23,0,0,0,13.1,0,0
T001618,107.63,9,0,0,0,17.1,3,0
T001619,36.46,10,0,0,1,0.8,2,0
T001620,24.0,5,0,0,0,13.3,0,0
T001621,83.1,23,1,0,0,5.9,5,0
T001622,106.15,18,1,0,1,24.3,1,0
T001623,175.1,11,0,0,0,0.9,2,0
T001624,75.44,0,1,0,0,6.6,3,0
T001625,20.09,4,0,0,0,19.3,3,0
T001626,9.0,17,0,0,0,16.7,4,0
T001627,20.09,1,0,1,0,11.2,3,0
T001628,63.75,23,0,0,0,15.5,0,0
T001629,48.0,2,0,0,0,29.5,1,0
T001630,27.9,23,0,0,0,3.0,1,0
T001631,20.99,20,1,0,0,20.7,1,0
T001632,34.12,10,1,0,0,7.0,2,0
T001633,79.65,3,1,0,0,8.7,4,0
T001634,47.18,10,0,0,0,26.4,1,0
T001635,7.26,15,1,0,0,18.8,1,0
T001636,18.29,11,1,0,0,2.1,3,0
T001637,89.75,6,0,0,0,5.4,1,1
T001638,14.4,2,1,0,0,28.8,5,0
T001639,55.34,8,1,0,1,6.5,5,0
T001640,13.29,20,1,1,0,1.2,1,0
T001641,5.64,13,0,0,1,4.2,1,0
T001642,112.7,6,1,0,0,7.8,0,1
T001643,24.67,11,1,0,0,75.6,1,0
T001644,82.0,3,1,0,0,10.3,2,0
T001645,20.13,19,0,0,0,1.0,0,0
T001646,39.32,21,1,0,0,8.5,0,0
T001647,203.89,19,0,0,0,3.4,3,0
T001648,75.29,22,1,0,0,20.3,1,0
T001649,38.9,20,1,0,1,35.5,3,0
T001650,51.92,9,0,1,0,6.8,2,0
T001651,11.69,22,1,0,1,5.8,5,0
T001652,89.37,15,1,0,0,13.5,0,0
T001653,183.01,5,0,0,1,0.1,1,0
T001654,488.34,2,1,0,0,5.1,2,0
T001655,16.86,6,1,0,0,13.7,0,0
T001656,24.57,7,1,0,0,20.5,1,0
T001657,25.84,3,0,0,0,32.3,2,0
T001658,26.27,3,0,0,0,73.6,0,0
T001659,11.52,23,1,0,0,22.3,0,0
T001660,25.01,23,0,0,0,7.2,1,0
T001661,73.27,16,1,0,0,8.1,2,0
T001662,17.04,11,1,0,0,3.3,2,0
T001663,210.8,13,0,0,1,20.9,1,0
T001664,4.21,10,1,0,0,33.4,1,0
T001665,14.49,12,1,1,1,7.5,3,0
T001666,38.42,17,1,0,0,0.9,2,0
T001667,28.26,0,0,0,0,1.7,3,0
T001668,15.41,19,1,0,0,7.5,2,0
T001669,163.93,5,0,0,0,42.9,4,0
T001670,178.23,22,1,0,0,27.0,1,0
T001671,87.6,2,0,0,0,7.9,1,0
T001672,48.14,4,1,0,0,31.6,2,0
T001673,14.45,5,1,0,0,44.3,5,0
T001674,8.98,21,0,0,0,13.3,1,0
T001675,86.46,8,0,0,0,10.9,3,0
T001676,130.33,17,1,0,1,55.0,2,0
T001677,96.11,20,0,0,0,36.0,1,0
T001678,55.4,4,1,0,0,13.1,0,0
T001679,46.69,2,1,0,0,9.1,1,0
T001680,45.42,13,0,0,0,19.4,1,0
T001681,203.91,7,1,0,0,18.5,4,0
T001682,8.86,11,0,0,0,22.8,3,0
T001683,21.01,2,1,0,0,16.0,2,0
T001684,43.02,0,0,0,0,15.7,1,0
T001685,56.5,4,0,1,0,12.5,1,0
T001686,35.49,1,1,0,0,21.1,2,0
T001687,83.33,5,1,0,0,4.9,2,0
T001688,50.51,23,1,1,0,6.6,3,0
T001689,31.05,19,0,0,1,6.6,1,0
T001690,17.26,2,0,0,0,11.6,1,0
T001691,9.41,12,0,0,0,4.0,2,0
T001692,42.27,12,0,0,0,15.7,1,0
T001693,178.98,23,0,0,1,4.5,2,0
T001694,155.84,21,1,0,0,5.4,2,0
T001695,5.57,18,1,0,1,49.9,1,0
T001696,39.96,20,1,0,1,2.3,4,0
T001697,16.72,21,0,0,0,27.7,3,0
T001698,39.7,15,1,0,0,17.4,2,0
T001699,8.77,1,0,0,0,10.5,1,0
T001700,330.82,20,0,0,1,50.3,3,0
T001701,10.37,3,0,0,0,19.7,0,0
T001702,15.31,6,0,0,0,36.6,4,0
T001703,132.95,7,0,0,0,28.8,2,0
T001704,188.38,12,0,0,0,2.0,3,0
T001705,21.97,0,1,0,0,15.9,5,0
T001706,4.84,11,0,0,0,14.8,3,0
T001707,83.91,15,1,0,1,22.2,1,0
T001708,41.24,2,1,0,1,11.7,2,0
T001709,25.95,10,1,0,0,16.2,1,0
T001710,26.94,21,1,0,0,4.8,3,0
T001711,9.97,6,1,0,1,7.9,1,0
T001712,35.45,11,0,0,0,19.6,4,0
T001713,15.44,8,0,0,0,114.1,1,0
T001714,62.41,2,1,0,0,2.8,3,0
T001715,22.52,2,0,1,0,6.7,4,0
T001716,120.36,20,0,0,0,9.5,2,0
T001717,50.04,9,1,0,0,5.6,3,0
T001718,54.03,19,0,0,0,13.1,1,0
T001719,23.66,13,0,0,1,47.6,2,0
T001720,87.27,12,0,0,1,12.3,4,0
T001721,38.25,0,1,0,0,16.6,1,0
T001722,17.94,11,1,0,0,15.9,2,0
T001723,5.22,10,0,0,0,12.0,3,0
T001724,34.31,22,1,0,0,4.3,3,0
T001725,22.89,10,1,0,0,10.3,2,0
T001726,126.06,11,1,0,0,9.5,0,0
T001727,71.93,19,1,0,0,27.0,0,0
T001728,22.48,1,1,0,1,3.4,2,0
T001729,4.13,20,0,0,0,35.0,3,0
T001730,60.4,18,0,0,0,16.1,2,0
T001731,223.09,12,1,0,0,25.3,1,0
T001732,42.11,1,0,0,0,15.6,4,0
T001733,21.06,5,1,0,0,37.9,0,0
T001734,47.95,19,1,0,0,0.8,5,0
T001735,12.63,23,0,0,0,9.5,2,0
T001736,54.53,0,0,0,0,11.5,5,0
T001737,6.95,4,0,0,0,30.7,2,0
T001738,3.38,6,0,0,0,37.3,2,0
T001739,9.97,9,1,0,0,15.0,3,0
T001740,52.62,9,0,0,0,36.8,4,0
T001741,11.38,15,0,0,0,4.8,1,0
T001742,3.99,10,0,1,0,12.4,2,0
T001743,35.65,14,1,0,1,15.6,2,0
T001744,18.4,15,1,0,0,21.4,1,0
T001745,65.57,1,1,0,0,19.8,1,0
T001746,424.58,22,1,0,1,19.3,1,0
T001747,105.01,19,1,0,0,58.9,1,0
T001748,117.72,6,0,0,0,18.8,2,0
T001749,57.09,20,0,1,1,2.0,5,0
T001750,12.75,22,0,0,0,3.8,2,0
T001751,18.32,14,1,0,0,23.4,2,0
T001752,14.67,14,0,0,0,5.9,1,0
T001753,64.12,22,0,0,1,9.0,1,0
T001754,34.01,4,1,0,0,27.2,1,0
T001755,30.8,3,1,0,0,10.8,2,0
T001756,46.95,16,0,0,0,2.0,2,0
T001757,19.68,6,1,0,0,5.8,2,0
T001758,75.67,6,0,0,0,7.3,3,0
T001759,10.49,23,1,0,0,11.1,3,0
T001760,587.05,15,0,0,1,25.7,2,1
T001761,111.78,4,1,0,1,6.0,1,0
T001762,74.03,13,0,0,0,25.0,2,0
T001763,72.55,9,0,0,0,25.9,7,0
T001764,81.76,0,1,0,0,0.4,1,0
T001765,95.45,14,0,0,1,9.3,1,0
T001766,18.28,16,1,0,0,11.0,2,0
T001767,38.06,18,1,0,0,23.8,1,0
T001768,75.48,6,0,0,0,3.8,4,0
T001769,32.62,9,0,0,0,0.0,3,0
T001770,41.69,11,0,0,0,0.8,3,0
T001771,27.23,11,1,0,0,13.2,3,0
T001772,141.22,10,1,0,0,3.0,3,0
T001773,63.43,20,1,0,0,4.3,1,0
T001774,16.93,7,0,0,1,5.3,3,0
T001775,6.18,10,0,0,0,9.3,2,0
T001776,33.75,4,0,0,0,3.1,6,0
T001777,152.54,19,0,0,0,21.3,1,0
T001778,12.99,14,1,0,1,18.4,3,0
T001779,44.45,0,1,0,0,43.5,1,0
T001780,45.81,22,0,0,0,94.9,1,0
T001781,121.64,1,1,0,0,19.4,1,0
T001782,66.23,11,1,0,0,0.7,1,0
T001783,90.85,14,1,0,0,26.3,2,0
T001784,39.49,17,0,0,0,21.4,2,0
T001785,24.89,10,1,0,0,2.8,0,0
T001786,38.87,14,1,0,0,10.6,1,0
T001787,42.22,13,0,0,1,3.0,4,0
T001788,29.68,3,0,0,0,13.4,1,0
T001789,55.07,5,0,1,0,3.1,1,0
T001790,18.58,23,1,0,0,25.5,1,0
T001791,202.07,0,0,0,0,4.6,1,1
T001792,35.98,13,1,0,0,35.2,3,0
T001793,19.11,12,1,0,0,0.3,2,0
T001794,58.71,3,1,0,0,10.1,1,0
T001795,15.27,9,1,0,0,40.2,2,0
T001796,16.47,2,0,0,0,11.8,3,0
T001797,27.32,4,0,0,0,7.9,1,0
T001798,33.03,5,0,0,1,0.2,2,0
T001799,35.15,10,0,0,1,22.9,4,0
T001800,17.34,23,1,0,0,2.4,1,0
T001801,227.89,14,0,0,0,4.5,0,0
T001802,4.49,2,0,0,1,50.8,1,0
T001803,21.03,2,1,0,0,2.0,4,0
T001804,104.02,7,1,0,1,7.0,3,0
T001805,26.69,11,1,0,0,26.6,3,0
T001806,19.95,22,1,0,0,28.5,3,0
T001807,9.14,0,0,1,0,20.9,3,0
T001808,91.35,23,0,0,1,22.9,3,0
T001809,14.32,10,0,1,0,33.9,2,0
T001810,30.65,15,0,0,0,9.8,1,0
T001811,34.17,18,1,0,0,15.6,3,0
T001812,6.71,21,0,0,0,13.2,4,0
T001813,31.89,13,1,0,0,29.8,2,0
T001814,30.45,21,0,1,0,5.4,0,0
T001815,45.67,6,1,0,0,11.5,3,0
T001816,5.6,21,0,0,0,45.8,2,0
T001817,23.53,0,0,0,0,19.5,0,0
T001818,13.38,14,1,0,0,29.0,4,0
T001819,11.44,3,0,0,0,25.0,1,0
T001820,255.95,10,1,0,0,17.4,2,0
T001821,51.93,21,0,0,0,7.6,2,0
T001822,29.63,21,1,0,0,48.2,3,0
T001823,17.29,2,0,0,0,9.3,5,0
T001824,8.66,8,1,1,0,0.8,2,0
T001825,27.73,13,0,0,0,19.5,3,0
T001826,8.25,21,0,0,0,19.0,4,0
T001827,22.9,19,1,0,0,3.0,2,0
T001828,87.54,14,1,0,0,22.5,2,0
T001829,34.6,13,0,0,1,6.8,2,0
T001830,128.32,3,0,1,1,19.7,1,0
T001831,9.63,2,0,0,0,1.6,1,0
T001832,27.28,7,0,0,0,23.8,1,0
T001833,215.49,19,0,0,1,5.9,2,0
T001834,7.11,11,0,0,0,24.7,3,0
T001835,18.52,9,1,0,0,6.4,2,0
T001836,130.46,1,0,0,0,14.2,1,0
T001837,15.45,17,1,0,0,3.6,1,0
T001838,13.24,4,1,0,0,20.0,2,0
T001839,22.93,7,0,0,0,1.8,5,0
T001840,7.4,10,1,0,1,2.5,5,0
T001841,40.19,7,0,0,0,13.2,4,0
T001842,2.82,16,0,1,1,7.8,1,0
T001843,310.17,10,0,0,0,37.7,2,0
T001844,50.5,4,0,0,0,1.5,0,0
T001845,6.81,3,1,0,0,22.2,2,0
T001846,47.03,19,1,0,1,7.3,1,0
T001847,32.26,4,0,0,1,9.4,2,0
T001848,38.8,21,0,0,0,31.8,3,0
T001849,270.35,22,0,0,0,16.9,3,0
T001850,36.81,19,0,0,0,3.2,5,0
T001851,25.22,16,0,0,1,32.2,0,0
T001852,42.12,15,1,0,0,25.2,1,0
T001853,11.63,19,1,0,0,47.7,1,0
T001854,14.15,22,1,0,0,11.8,0,0
T001855,59.77,15,1,0,0,1.0,2,0
T001856,258.77,2,0,0,1,25.9,4,0
T001857,32.62,3,0,0,0,0.3,1,0
T001858,115.63,5,0,0,0,16.8,2,0
T001859,426.39,21,0,0,0,4.8,4,0
T001860,38.46,8,0,0,1,14.2,6,0
T001861,21.14,12,0,0,0,24.9,4,0
T001862,99.75,20,1,0,0,4.6,3,0
T001863,12.73,21,1,0,0,5.6,4,0
T001864,22.54,3,1,0,0,2.4,4,0
T001865,18.05,23,1,0,0,0.9,4,0
T001866,22.9,17,1,0,0,5.9,1,0
T001867,57.95,11,0,1,0,4.2,1,0
T001868,2.33,1,0,0,0,8.1,1,0
T001869,6.95,2,1,1,0,40.2,2,0
T001870,52.61,3,0,0,0,51.3,3,0
T001871,37.38,19,0,0,0,24.8,1,0
T001872,124.46,15,0,0,0,13.3,1,0
T001873,9.4,2,1,0,0,0.1,2,0
T001874,95.33,13,1,0,0,20.8,4,0
T001875,64.92,17,0,0,0,17.5,1,0
T001876,33.54,18,0,0,1,31.2,4,0
T001877,62.58,23,0,1,1,30.5,1,0
T001878,17.59,11,1,0,0,1.3,1,0
T001879,20.61,14,0,0,1,23.7,1,0
T001880,27.72,5,0,0,1,10.8,1,0
T001881,5.94,1,1,0,0,9.7,1,0
T001882,33.25,3,0,0,0,0.9,4,0
T001883,7.51,12,0,0,0,9.3,2,0
T001884,226.92,21,0,0,0,18.0,1,0
T001885,64.14,7,1,1,1,5.0,2,0
T001886,1965.07,19,0,1,1,15.3,1,0
T001887,69.35,17,0,0,0,6.9,4,0
T001888,7.01,5,1,0,0,24.1,1,0
T001889,91.56,5,1,0,0,1.1,0,0
T001890,18.48,15,0,0,1,11.2,4,0
T001891,111.1,18,1,0,0,8.3,3,0
T001892,277.75,21,1,0,1,13.7,0,0
T001893,4.71,10,0,0,1,7.6,1,0
T001894,62.36,1,0,0,0,15.9,3,0
T001895,20.32,4,1,0,0,4.2,3,0
T001896,34.89,0,0,0,0,1.3,1,0
T001897,196.59,1,1,0,1,4.4,2,0
T001898,97.29,7,1,0,0,2.9,0,0
T001899,67.76,19,1,0,0,40.0,2,0
T001900,15.58,20,1,0,0,3.5,1,0
T001901,18.75,16,0,0,0,26.2,1,0
T001902,29.5,14,1,0,1,33.2,1,0
T001903,68.87,19,1,0,0,34.3,2,0
T001904,46.17,13,0,0,0,3.5,4,0
T001905,7.06,6,0,0,0,19.1,6,0
T001906,9.41,7,1,0,0,5.0,0,0
T001907,43.85,7,0,0,0,15.8,2,0
T001908,166.9,12,0,0,0,14.7,1,0
T001909,35.97,19,0,1,0,46.7,1,0
T001910,15.38,9,1,0,0,2.6,3,0
T001911,46.33,0,1,0,0,3.4,0,0
T001912,17.82,10,0,0,0,0.8,1,0
T001913,40.95,5,1,0,0,11.0,3,0
T001914,133.59,11,0,0,0,4.1,3,0
T001915,7.62,21,0,0,0,6.7,3,0
T001916,30.24,2,1,0,0,11.4,2,0
T001917,48.86,6,1,0,0,22.8,2,0
T001918,49.46,11,1,0,0,15.6,2,0
T001919,45.69,21,1,0,1,22.5,1,0
T001920,55.01,4,0,0,0,4.9,4,0
T001921,40.44,6,1,0,0,15.9,3,0
T001922,99.56,15,1,0,0,6.9,3,0
T001923,13.22,3,1,0,1,33.7,0,0
T001924,32.09,16,1,1,0,19.3,4,0
T001925,52.65,7,1,0,1,14.5,2,0
T001926,80.14,3,1,0,1,24.8,3,0
T001927,106.9,0,1,0,0,3.8,0,0
T001928,105.88,12,0,0,0,20.2,3,0
T001929,5.26,6,0,0,0,57.0,1,0
T001930,47.48,23,0,0,1,10.2,2,0
T001931,107.22,4,0,0,0,11.2,1,0
T001932,21.81,19,1,0,0,1.0,3,0
T001933,11.19,7,1,1,0,13.8,2,0
T001934,112.05,16,1,1,0,20.7,2,0
T001935,8.36,5,0,0,0,80.6,2,0
T001936,21.24,7,1,0,0,7.0,1,0
T001937,40.18,20,0,0,0,4.9,2,0
T001938,24.55,10,0,1,1,23.3,4,0
T001939,16.3,18,0,0,0,30.8,3,0
T001940,12.74,18,0,0,0,26.0,2,0
T001941,111.0,19,1,0,0,9.1,3,0
T001942,28.22,4,0,0,1,41.2,0,0
T001943,17.99,3,1,0,0,17.2,2,0
T001944,8.63,20,0,0,0,18.8,2,0
T001945,7.38,8,1,0,0,46.8,2,0
T001946,24.16,17,0,0,0,40.8,4,0
T001947,36.74,17,1,0,0,25.5,1,0
T001948,2.43,7,1,0,0,23.3,1,0
T001949,7.51,10,1,0,1,30.7,2,0
T001950,26.61,1,1,1,0,4.1,2,0
T001951,51.81,2,0,0,1,9.5,4,0
T001952,147.57,7,1,0,1,41.6,0,0
T001953,54.46,22,0,0,1,9.0,2,0
T001954,20.4,20,1,0,0,1.9,1,0
T001955,26.92,21,0,0,1,17.8,0,0
T001956,9.71,10,1,0,0,6.4,1,0
T001957,29.44,12,1,0,0,97.0,1,0
T001958,36.37,23,0,0,0,22.8,2,0
T001959,6.92,0,1,1,1,19.1,4,0
T001960,24.66,4,0,0,0,38.8,1,0
T001961,33.55,2,1,1,0,10.2,1,0
T001962,36.81,8,0,0,0,4.1,0,0
T001963,61.91,18,0,0,1,22.6,4,0
T001964,95.01,4,0,0,0,20.8,4,0
T001965,4.27,16,1,0,1,13.1,1,0
T001966,21.32,15,0,0,1,32.7,3,0
T001967,112.59,10,0,0,0,19.4,2,0
T001968,44.42,17,1,0,0,1.8,2,0
T001969,18.23,2,1,0,0,5.0,1,0
T001970,16.63,21,0,0,0,13.4,1,0
T001971,15.7,9,1,0,1,17.5,1,0
T001972,43.23,10,1,0,0,31.6,2,0
T001973,173.27,18,1,0,0,11.3,1,0
T001974,280.5,12,0,0,0,6.9,4,0
T001975,7.06,5,1,0,1,2.1,5,0
T001976,33.41,16,0,0,0,1.2,4,0
T001977,21.04,3,0,0,0,22.4,2,0
T001978,14.5,5,0,0,0,22.0,2,0
T001979,125.23,6,0,0,1,34.0,5,0
T001980,17.1,21,0,0,0,7.8,2,0
T001981,49.52,9,0,1,0,21.5,2,0
T001982,38.71,1,0,0,0,6.4,4,0
T001983,20.57,5,0,0,0,17.4,0,0
T001984,318.4,9,1,0,0,6.8,3,0
T001985,45.04,14,1,0,1,15.3,2,0
T001986,172.35,11,0,0,1,0.1,2,0
T001987,24.9,12,1,1,0,3.6,2,0
T001988,16.81,15,0,0,0,7.6,3,0
T001989,61.29,18,1,1,1,13.6,3,0
T001990,17.84,14,0,0,0,21.4,2,0
T001991,140.28,12,0,0,0,42.6,0,0
T001992,67.07,9,1,0,0,2.8,4,0
T001993,72.71,20,1,0,1,71.8,3,0
T001994,23.53,15,0,0,0,1.8,1,0
T001995,62.39,22,1,0,0,25.3,1,0
T001996,36.0,19,1,0,0,27.8,0,0
T001997,56.25,5,1,0,0,8.4,4,0
T001998,13.74,8,1,0,0,14.3,1,0
T001999,65.55,21,1,0,1,35.9,2,0
T002000,7.97,21,1,0,0,19.7,1,0
T002001,99.16,15,0,0,0,34.5,3,0
T002002,139.69,21,0,0,1,24.3,1,0
T002003,45.03,23,0,0,0,7.0,1,0
T002004,92.63,21,1,0,1,0.2,1,0
T002005,135.76,13,1,0,0,7.0,1,0
T002006,79.63,22,1,0,1,2.4,3,0
T002007,46.01,8,1,0,0,22.6,2,0
T002008,14.0,2,1,0,0,18.0,6,0
T002009,241.35,15,0,0,0,32.6,4,0
T002010,23.7,22,0,0,0,47.6,1,0
T002011,21.66,4,1,0,0,19.6,2,0
T002012,141.27,7,0,0,0,66.1,3,0
T002013,59.26,15,0,0,0,52.8,1,0
T002014,14.08,2,1,0,0,26.9,0,0
T002015,33.0,0,1,0,0,32.6,4,0
T002016,91.09,3,0,0,0,37.0,0,0
T002017,167.02,9,1,0,0,12.8,4,0
T002018,46.77,9,0,0,0,0.7,3,0
T002019,33.79,13,0,0,0,9.9,2,0
T002020,47.27,4,0,0,0,100.2,1,0
T002021,8.61,19,1,0,1,3.5,0,0
T002022,45.85,17,0,0,0,11.4,4,0
T002023,19.89,8,1,0,0,28.1,6,0
T002024,106.5,15,1,0,0,19.6,2,0
T002025,5.84,2,0,0,0,4.0,4,0
T002026,16.56,13,1,0,1,49.4,2,0
T002027,11.21,15,0,0,0,23.5,1,0
T002028,33.47,13,1,0,0,2.9,4,0
T002029,306.05,13,0,0,1,2.7,0,0
T002030,18.55,18,1,0,1,8.4,1,1
T002031,20.31,10,1,0,0,14.8,3,0
T002032,39.39,1,1,0,1,23.0,0,0
T002033,68.91,23,0,0,0,2.5,5,0
T002034,15.94,11,0,0,0,8.6,3,0
T002035,170.58,0,1,0,1,2.8,3,0
T002036,30.61,8,0,0,0,16.8,4,0
T002037,15.55,9,0,0,0,15.4,6,0
T002038,10.41,10,0,0,0,11.9,3,0
T002039,10.28,17,0,0,1,4.4,2,0
T002040,16.04,4,0,0,1,0.4,3,0
T002041,72.73,4,1,0,0,12.8,1,0
T002042,42.07,21,1,0,1,18.3,1,0
T002043,76.71,12,1,0,0,11.4,0,0
T002044,34.64,6,0,0,1,120.0,0,0
T002045,20.81,3,0,0,0,29.9,4,0
T002046,8.29,11,0,0,1,10.2,0,0
T002047,18.12,3,0,0,0,6.6,2,0
T002048,68.99,16,1,0,0,7.7,5,0
T002049,134.44,21,1,0,0,23.7,2,0
T002050,11.49,6,0,0,0,4.3,5,0
T002051,39.58,19,1,0,0,1.0,2,0
T002052,55.64,12,0,0,0,25.0,3,0
T002053,4.91,6,0,0,0,21.4,4,0
T002054,120.82,21,1,0,0,0.8,2,0
T002055,116.79,20,1,0,0,14.5,3,0
T002056,136.91,13,1,0,0,8.9,2,0
T002057,1011.64,0,1,0,0,24.3,6,1
T002058,14.43,1,1,0,0,6.7,3,0
T002059,11.91,4,1,0,0,30.7,2,0
T002060,14.23,5,1,0,0,21.0,0,0
T002061,94.89,6,1,0,0,1.1,2,0
T002062,37.19,9,0,0,0,13.4,2,0
T002063,85.42,7,0,0,0,4.5,2,0
T002064,9.85,17,1,0,1,18.9,4,0
T002065,10.92,11,0,0,0,37.3,4,0
T002066,69.85,13,0,0,0,21.7,2,0
T002067,68.3,18,1,0,0,53.7,1,0
T002068,13.3,6,0,0,1,19.5,2,0
T002069,26.77,7,1,0,1,32.6,1,0
T002070,9.87,8,0,0,0,10.2,3,0
T002071,14.67,2,1,0,1,13.6,7,0
T002072,5.32,23,0,0,0,38.3,2,0
T002073,155.35,5,0,0,0,41.4,4,0
T002074,50.64,7,1,0,0,12.9,3,0
T002075,54.79,4,1,0,0,42.6,1,0
T002076,39.03,20,1,1,0,9.5,3,0
T002077,72.88,10,1,1,0,1.0,4,0
T002078,55.64,5,1,0,0,9.9,0,0
T002079,5.43,9,0,0,1,19.0,6,0
T002080,5.0,16,0,0,0,3.6,1,0
T002081,21.17,21,0,0,1,14.6,3,0
T002082,20.92,14,0,0,0,21.5,1,0
T002083,75.14,18,0,1,0,15.9,5,0
T002084,32.9,21,1,0,0,1.4,1,0
T002085,79.32,3,1,0,0,17.3,2,0
T002086,34.02,17,1,0,0,2.2,2,0
T002087,29.97,11,1,0,1,29.6,3,0
T002088,8.55,5,0,0,1,80.3,3,0
T002089,15.2,11,0,0,0,26.6,0,0
T002090,16.31,1,1,0,0,20.4,1,0
T002091,54.69,19,0,0,0,3.7,5,0
T002092,42.37,3,0,1,0,5.9,5,0
T002093,18.18,8,0,0,1,6.6,2,0
T002094,84.95,4,1,0,1,12.5,0,0
T002095,97.48,4,1,0,0,40.2,1,0
T002096,19.86,23,1,0,0,16.9,1,0
T002097,56.48,0,1,0,0,21.6,1,0
T002098,149.62,18,0,0,1,4.3,1,0
T002099,233.77,11,0,0,0,35.4,2,0
T002100,24.62,5,0,0,1,46.2,1,0
T002101,82.08,20,0,0,0,0.0,3,0
T002102,99.6,4,0,0,0,23.2,2,0
T002103,3.62,16,1,0,0,4.8,3,0
T002104,11.04,22,1,0,0,0.9,3,0
T002105,79.29,17,0,0,0,15.9,1,0
T002106,60.97,11,0,0,1,5.6,2,0
T002107,32.2,9,1,0,0,38.8,1,0
T002108,26.99,18,0,0,1,24.7,0,0
T002109,23.93,0,1,0,0,13.0,0,0
T002110,6.2,11,0,0,0,10.7,5,0
T002111,20.35,23,1,0,0,20.1,0,0
T002112,206.31,15,0,0,0,4.3,2,0
T002113,44.69,21,0,0,1,47.3,1,0
T002114,125.89,18,1,0,0,39.4,2,0
T002115,12.64,3,0,0,0,18.4,1,0
T002116,43.9,12,0,0,0,69.5,2,0
T002117,54.48,2,1,0,1,0.3,3,0
T002118,69.24,15,1,0,0,26.5,2,0
T002119,39.68,19,0,0,0,16.0,4,0
T002120,31.25,23,0,0,0,15.9,2,0
T002121,127.37,11,0,0,0,33.0,1,0
T002122,17.68,20,1,0,0,18.2,2,0
T002123,357.25,15,1,0,0,4.7,2,0
T002124,77.33,22,1,0,0,3.0,1,0
T002125,35.11,12,0,0,0,17.6,0,0
T002126,74.02,7,1,0,0,38.3,0,0
T002127,43.13,9,1,0,0,0.8,4,0
T002128,56.63,21,1,0,0,27.1,0,0
T002129,11.67,23,1,0,0,35.4,4,0
T002130,56.39,8,1,0,1,1.9,4,0
T002131,48.89,20,1,0,0,7.5,2,0
T002132,128.53,8,0,1,0,6.9,2,0
T002133,37.05,1,0,1,0,0.7,1,0
T002134,11.1,16,1,0,0,27.2,5,0
T002135,66.05,2,1,0,0,10.6,5,0
T002136,87.16,1,0,0,0,1.1,2,0
T002137,1.7,14,1,0,1,17.0,1,0
T002138,27.56,2,1,0,0,20.8,3,0
T002139,49.82,22,0,0,0,20.1,0,0
T002140,6.45,11,0,0,0,15.2,4,0
T002141,47.76,1,0,0,0,17.6,3,0
T002142,24.98,4,1,0,0,5.6,1,0
T002143,137.27,0,1,0,0,40.0,4,0
T002144,10.12,0,0,0,1,4.5,1,0
T002145,61.99,2,0,0,0,12.5,1,0
T002146,102.88,2,1,1,0,17.4,4,1
T002147,13.58,20,0,0,0,45.5,4,0
T002148,3.9,3,0,1,0,11.0,1,0
T002149,13.77,19,0,1,1,27.4,2,0
T002150,19.05,6,0,0,0,8.8,4,0
T002151,24.91,8,0,0,1,17.0,0,0
T002152,3.72,2,0,0,0,42.8,2,0
T002153,15.2,15,0,0,0,2.5,1,0
T002154,18.26,20,0,0,0,59.1,1,0
T002155,56.95,13,0,0,1,11.6,3,0
T002156,209.57,7,0,0,1,42.5,2,0
T002157,25.28,14,0,0,1,28.1,2,0
T002158,31.75,3,1,0,0,11.8,2,0
T002159,32.42,23,1,0,0,0.9,4,0
T002160,9.12,18,1,0,0,10.7,2,0
T002161,250.5,1,0,0,0,30.5,2,0
T002162,22.91,3,0,0,0,51.6,1,0
T002163,67.5,13,0,0,0,19.0,2,0
T002164,483.35,7,1,0,0,11.9,4,0
T002165,13.45,8,0,0,1,4.4,2,0
T002166,61.38,8,1,0,0,35.0,1,0
T002167,3.94,3,0,1,0,5.0,3,0
T002168,51.47,17,0,0,0,4.5,2,0
T002169,82.34,5,1,0,0,18.4,4,0
T002170,36.08,18,1,0,0,34.4,3,0
T002171,23.08,18,1,0,0,10.3,0,0
T002172,835.82,15,1,1,0,20.4,2,0
T002173,78.1,6,0,0,0,11.5,2,0
T002174,32.86,12,0,1,0,9.5,2,0
T002175,13.05,8,1,0,0,9.0,2,0
T002176,11.07,2,0,0,0,16.0,1,0
T002177,13.07,15,1,0,0,41.2,1,0
T002178,17.85,2,1,0,0,31.0,2,0
T002179,19.35,4,1,0,0,2.2,3,0
T002180,28.34,11,0,0,1,49.0,3,0
T002181,10.76,13,1,0,0,19.5,4,0
T002182,47.09,7,0,0,0,3.8,2,0
T002183,66.34,5,1,0,1,3.7,6,0
T002184,204.45,1,1,0,1,7.4,5,0
T002185,7.38,21,1,1,0,4.3,0,0
T002186,5.58,17,1,0,0,6.7,0,0
T002187,25.15,22,1,0,0,11.4,1,0
T002188,41.19,22,1,0,0,18.0,1,0
T002189,97.53,18,1,0,0,2.5,4,0
T002190,13.85,18,0,0,0,77.1,2,0
T002191,194.25,1,0,0,0,62.7,3,0
T002192,36.24,21,0,0,0,22.0,2,0
T002193,40.39,17,1,1,1,21.5,5,0
T002194,27.85,15,1,0,0,33.1,3,0
T002195,148.12,20,1,0,1,28.6,2,0
T002196,49.65,22,0,0,0,10.1,2,0
T002197,67.02,15,0,0,0,7.0,4,0
T002198,38.36,3,1,0,0,9.1,1,0
T002199,10.39,10,0,0,0,18.9,6,0
T002200,44.39,1,1,0,1,7.1,1,0
T002201,29.01,5,1,0,0,8.5,2,0
T002202,15.15,14,0,0,0,3.8,2,0
T002203,62.11,14,0,0,0,23.1,3,0
T002204,19.12,8,1,0,0,18.3,1,0
T002205,96.0,17,0,0,0,6.6,3,0
T002206,59.1,7,0,0,0,0.7,2,0
T002207,139.31,9,1,0,0,10.6,1,0
T002208,9.92,18,0,1,0,5.8,3,0
T002209,35.39,14,1,0,0,14.4,1,0
T002210,4.38,22,1,0,0,9.0,1,0
T002211,184.6,15,0,0,0,7.8,0,0
T002212,22.14,8,1,0,0,1.6,0,0
T002213,84.91,11,1,0,0,8.6,3,0
T002214,72.04,0,1,0,0,7.7,3,0
T002215,131.12,14,1,0,0,28.6,0,0
T002216,11.37,20,0,1,0,15.3,4,0
T002217,18.14,15,0,0,0,6.4,3,0
T002218,6.0,20,0,0,0,13.7,2,0
T002219,24.23,4,0,0,0,12.1,0,0
T002220,23.73,8,0,0,0,65.5,2,0
T002221,29.43,13,0,0,0,48.3,2,0
T002222,30.73,10,1,0,0,17.1,3,0
T002223,6.27,23,0,0,0,0.5,5,0
T002224,63.51,8,0,0,0,11.5,2,0
T002225,54.19,13,0,0,1,8.3,2,1
T002226,205.66,19,1,0,0,22.7,1,0
T002227,23.77,5,0,0,0,7.0,3,0
T002228,39.25,18,0,0,0,13.4,1,0
T002229,60.48,14,0,0,0,13.4,6,0
T002230,117.76,12,1,0,1,17.6,3,1
T002231,5.0,4,0,0,0,22.7,5,0
T002232,61.04,12,1,0,0,9.4,1,0
T002233,6.43,20,1,0,0,16.0,1,0
T002234,103.32,10,1,0,1,38.5,6,0
T002235,31.53,18,1,0,0,2.8,3,0
T002236,48.53,8,0,0,0,7.2,5,0
T002237,17.27,3,1,0,0,15.4,3,0
T002238,5.0,5,1,0,0,11.2,2,0
T002239,53.21,19,0,0,0,6.2,1,0
T002240,300.5,17,1,1,0,2.7,1,0
T002241,167.38,19,1,0,0,17.3,2,0
T002242,5.91,6,1,0,0,30.6,2,0
T002243,39.38,7,0,0,1,8.3,2,0
T002244,24.1,16,0,0,0,39.2,2,0
T002245,45.17,8,0,0,0,6.7,0,0
T002246,25.33,19,1,0,1,16.5,3,0
T002247,107.7,4,0,0,0,17.2,1,0
T002248,43.59,8,1,0,1,2.6,2,0
T002249,47.75,16,1,0,0,22.1,1,0
T002250,44.29,0,0,0,0,38.3,7,0
T002251,30.07,9,1,0,0,22.7,2,0
T002252,18.28,3,0,0,1,13.2,2,0
T002253,28.79,11,1,0,0,6.4,1,0
T002254,80.74,5,1,0,0,6.7,3,0
T002255,114.67,16,1,0,0,13.1,0,0
T002256,25.37,16,1,0,0,24.2,1,0
T002257,65.3,18,0,0,0,1.4,0,0
T002258,25.87,14,1,1,1,39.9,4,0
T002259,35.64,16,1,0,0,20.5,2,0
T002260,83.75,5,0,0,0,49.6,5,0
T002261,41.26,2,1,0,0,12.3,2,0
T002262,14.33,3,0,0,0,18.1,6,0
T002263,45.54,21,0,0,0,7.5,1,0
T002264,28.18,22,0,0,0,15.3,2,0
T002265,4.45,17,1,0,0,45.2,1,0
T002266,103.02,13,0,0,0,14.7,4,0
T002267,47.36,8,1,0,1,24.1,2,0
T002268,16.26,0,1,1,0,62.2,0,0
T002269,24.73,10,0,0,0,6.7,1,0
T002270,116.3,6,0,0,1,17.0,0,0
T002271,40.4,3,0,0,0,5.3,1,0
T002272,11.87,23,0,0,0,9.1,2,0
T002273,22.19,2,0,0,0,7.3,3,0
T002274,265.84,12,0,0,1,27.3,2,0
T002275,70.98,14,1,0,0,6.8,2,0
T002276,11.75,7,0,0,0,4.9,0,0
T002277,19.57,1,1,0,0,26.7,2,0
T002278,16.71,16,0,0,0,20.5,2,0
T002279,36.02,20,0,0,0,13.4,2,0
T002280,17.4,5,0,0,1,8.7,0,0
T002281,70.15,11,1,0,0,33.7,3,0
T002282,84.58,11,0,0,0,17.2,2,0
T002283,19.41,23,1,0,1,26.2,4,0
T002284,106.9,18,1,0,0,21.7,1,0
T002285,13.14,13,0,0,0,4.3,2,0
T002286,65.17,16,0,0,0,8.3,1,0
T002287,62.87,9,0,0,0,4.8,0,0
T002288,119.54,2,1,0,0,14.1,4,0
T002289,10.84,21,0,0,1,10.2,2,0
T002290,25.32,0,1,0,0,15.5,1,0
T002291,38.31,16,0,0,0,28.8,2,0
T002292,16.8,5,0,0,0,9.6,2,0
T002293,244.63,4,1,0,0,25.5,2,0
T002294,13.53,13,0,0,1,67.9,3,0
T002295,8.64,15,1,0,0,1.1,2,0
T002296,156.32,16,1,0,0,47.9,1,0
T002297,21.26,23,1,0,0,23.0,1,0
T002298,24.03,1,1,0,0,27.9,0,0
T002299,72.1,22,1,0,0,45.6,6,0
T002300,12.72,1,0,0,0,3.1,5,0
T002301,19.49,20,0,0,0,16.1,3,0
T002302,26.35,19,0,0,0,29.1,4,0
T002303,83.61,10,0,0,0,68.8,1,0
T002304,78.91,8,0,0,1,5.9,2,0
T002305,14.86,21,0,0,0,18.8,1,0
T002306,27.0,18,1,0,0,1.0,0,0
T002307,18.01,2,0,0,0,14.2,2,0
T002308,69.83,17,0,1,0,2.3,1,0
T002309,11.89,0,0,0,0,13.0,0,0
T002310,62.21,4,0,0,0,0.2,0,0
T002311,50.11,5,1,0,0,26.5,1,0
T002312,126.51,13,0,0,1,9.4,0,0
T002313,106.88,9,0,0,0,17.3,1,0
T002314,65.22,16,1,0,0,37.7,5,0
T002315,19.8,0,1,0,0,26.9,2,0
T002316,4.48,20,1,0,0,8.9,3,0
T002317,88.85,11,0,0,0,8.4,2,0
T002318,63.22,15,0,0,0,42.9,3,0
T002319,19.79,13,0,0,1,74.7,4,0
T002320,15.52,14,1,0,0,79.5,1,0
T002321,51.07,10,0,0,0,14.2,1,0
T002322,35.03,7,0,0,0,3.2,2,0
T002323,19.58,6,1,1,0,6.0,3,0
T002324,22.3,11,0,0,1,1.7,3,0
T002325,9.43,23,0,0,0,15.0,3,1
T002326,16.48,15,1,1,0,2.2,0,0
T002327,33.05,11,1,0,0,15.4,2,0
T002328,12.35,22,0,0,0,6.3,0,0
T002329,10.1,12,1,0,1,48.5,2,0
T002330,10.97,19,1,0,0,4.4,0,0
T002331,27.02,19,1,0,0,49.4,1,0
T002332,39.45,13,0,0,1,16.6,1,0
T002333,58.76,21,0,0,0,16.3,5,0
T002334,36.39,20,1,1,0,3.3,1,0
T002335,51.7,10,0,0,0,7.2,3,0
T002336,212.43,1,0,0,1,12.5,3,0
T002337,145.96,1,0,0,0,12.8,3,0
T002338,38.82,2,1,0,1,11.5,4,0
T002339,10.1,22,1,0,0,20.5,4,0
T002340,13.92,16,0,0,0,0.8,1,0
T002341,17.2,7,1,0,0,5.7,4,0
T002342,8.24,3,1,0,0,8.5,0,0
T002343,4.27,6,0,0,0,17.6,3,0
T002344,63.65,7,0,0,0,14.4,3,0
T002345,21.41,20,1,0,0,10.8,1,0
T002346,23.17,12,0,0,0,13.7,3,0
T002347,19.59,13,0,0,0,11.8,3,0
T002348,37.19,15,0,0,0,6.4,2,0
T002349,22.15,4,1,0,0,22.9,4,0
T002350,64.5,12,0,0,0,43.7,1,0
T002351,4.75,22,1,0,1,60.8,2,0
T002352,9.91,18,0,0,0,0.8,2,0
T002353,81.32,6,0,0,0,15.0,2,0
T002354,36.82,21,1,0,0,9.7,3,0
T002355,86.95,13,0,0,0,23.7,5,0
T002356,8.92,7,1,0,0,27.3,2,0
T002357,113.91,0,0,0,0,24.7,1,0
T002358,29.12,21,0,0,1,8.2,2,0
T002359,93.66,0,0,0,0,6.2,3,0
T002360,19.74,0,1,1,0,53.4,2,0
T002361,33.9,19,0,1,0,5.5,1,0
T002362,4.66,4,1,0,0,6.6,2,0
T002363,13.5,20,1,0,0,15.8,4,0
T002364,21.31,18,1,0,0,26.1,2,0
T002365,11.35,10,1,0,0,1.4,3,0
T002366,22.16,1,1,0,0,12.6,1,0
T002367,33.64,19,1,0,0,19.1,2,0
T002368,52.27,3,1,0,0,1.5,2,0
T002369,10.78,19,0,0,0,12.6,0,0
T002370,47.62,2,0,0,0,11.8,2,0
T002371,33.14,22,0,0,0,2.9,1,0
T002372,27.1,8,1,1,0,20.4,2,0
T002373,29.35,20,0,0,1,52.5,2,0
T002374,9.22,7,0,0,0,21.1,1,0
T002375,45.26,5,1,1,1,13.2,0,0
T002376,4.4,2,0,0,0,20.2,0,0
T002377,8.22,8,1,0,0,12.5,2,0
T002378,37.9,19,1,0,0,7.2,3,0
T002379,39.16,10,0,0,1,5.3,3,0
T002380,4.42,16,0,0,1,7.8,4,0
T002381,61.2,22,0,0,1,4.6,3,0
T002382,17.37,20,1,0,0,17.4,5,0
T002383,96.2,7,0,0,0,22.6,4,0
T002384,11.43,12,1,0,0,15.1,6,0
T002385,18.07,22,0,1,0,5.5,5,0
T002386,17.18,13,0,0,0,9.7,0,0
T002387,18.41,17,0,0,0,25.4,1,0
T002388,93.42,8,1,0,0,4.1,1,0
T002389,81.85,13,1,0,0,18.8,1,0
T002390,22.55,18,0,0,0,16.0,2,0
T002391,27.92,2,0,0,0,8.7,2,0
T002392,65.03,21,1,0,0,7.1,5,0
T002393,32.76,6,0,0,0,5.3,3,0
T002394,36.25,8,0,0,0,6.6,2,0
T002395,44.33,20,0,0,0,16.4,5,0
T002396,38.56,2,0,0,0,6.1,2,0
T002397,2.38,11,0,0,0,18.2,1,0
T002398,5.32,17,0,0,1,24.4,3,0
T002399,145.47,5,0,0,0,14.8,1,0
T002400,68.14,14,0,0,0,18.1,3,0
T002401,40.52,23,1,0,1,4.3,4,0
T002402,89.47,22,0,0,1,20.9,3,0
T002403,4.18,7,1,0,0,31.8,2,0
T002404,27.03,2,1,0,0,16.8,3,0
T002405,90.47,7,1,0,0,10.2,2,0
T002406,35.91,1,1,1,0,38.8,0,0
T002407,77.43,6,0,0,0,19.5,2,0
T002408,10.84,8,0,0,0,2.8,2,0
T002409,13.45,6,1,0,0,10.1,5,0
T002410,71.32,16,1,0,1,41.3,4,0
T002411,16.37,18,1,0,1,7.2,0,0
T002412,133.58,4,1,0,0,6.1,2,0
T002413,157.74,5,0,0,0,21.4,6,0
T002414,7.43,9,0,0,1,22.5,1,0
T002415,22.77,7,1,0,0,8.1,3,0
T002416,49.41,13,1,1,0,43.5,2,0
T002417,75.68,11,0,0,0,6.3,2,0
T002418,3.07,4,1,0,0,5.2,1,0
T002419,24.62,18,1,0,0,71.8,3,0
T002420,118.75,14,0,0,0,23.0,2,0
T002421,49.43,13,0,0,1,6.4,3,0
T002422,12.92,15,0,0,0,3.2,3,0
T002423,198.13,10,0,0,1,8.1,4,0
T002424,67.96,6,0,0,0,60.9,3,0
T002425,38.51,17,0,0,0,6.0,3,0
T002426,16.18,14,1,0,0,26.6,4,0
T002427,50.69,10,1,0,1,19.0,0,0
T002428,17.45,12,0,0,0,26.7,5,0
T002429,53.51,17,0,0,0,59.3,6,0
T002430,10.32,12,1,0,1,56.5,1,0
T002431,26.19,16,0,0,0,2.4,1,0
T002432,113.63,21,1,0,0,9.3,4,0
T002433,15.75,13,0,1,0,22.3,1,0
T002434,76.95,2,0,0,0,9.2,3,0
T002435,32.15,21,1,0,0,8.2,1,0
T002436,10.0,12,1,0,0,4.5,3,0
T002437,62.71,20,0,0,0,2.1,2,0
T002438,6.05,14,0,0,1,14.1,2,0
T002439,19.59,0,1,0,0,52.1,1,0
T002440,6.79,0,0,0,0,25.9,2,0
T002441,84.79,17,0,0,0,12.2,2,0
T002442,42.32,7,0,0,0,2.2,2,0
T002443,21.51,10,0,0,0,14.9,2,0
T002444,167.14,5,0,0,0,7.8,3,0
T002445,12.83,13,1,0,1,6.3,1,0
T002446,51.87,11,0,0,0,28.5,0,0
T002447,27.54,20,0,0,0,17.5,2,0
T002448,51.8,6,1,0,1,16.0,2,0
T002449,30.9,23,0,0,0,27.7,1,0
T002450,70.14,20,0,0,1,6.2,1,0
T002451,10.64,4,1,0,0,45.4,1,0
T002452,35.94,15,0,0,1,3.3,3,0
T002453,25.44,21,1,0,0,1.4,2,0
T002454,13.83,10,1,0,0,7.7,2,0
T002455,40.89,0,1,0,0,24.9,2,0
T002456,59.56,12,1,0,0,3.7,6,0
T002457,15.1,12,0,0,0,9.5,3,0
T002458,68.68,13,1,1,0,0.4,1,0
T002459,9.82,9,1,0,0,11.4,1,0
T002460,35.52,23,0,0,0,10.6,1,0
T002461,48.99,13,1,0,0,3.7,2,0
T002462,84.63,16,0,0,1,3.4,2,0
T002463,30.58,18,0,0,0,99.1,3,0
T002464,26.44,13,0,0,1,9.1,1,0
T002465,20.92,11,0,0,0,2.5,2,0
T002466,24.29,4,0,0,0,5.7,4,0
T002467,33.12,15,0,0,0,40.1,1,0
T002468,180.17,8,0,0,0,3.2,1,0
T002469,6.85,22,0,0,0,10.5,3,0
T002470,132.09,14,1,0,1,0.7,8,0
T002471,53.84,19,0,0,1,10.8,2,0
T002472,48.69,14,1,0,0,33.1,1,0
T002473,30.0,0,1,0,0,2.0,4,0
T002474,52.74,19,1,1,0,28.8,1,0
T002475,18.3,2,1,0,0,13.1,3,0
T002476,56.52,9,0,0,0,3.3,3,0
T002477,67.13,3,1,0,0,30.7,2,0
T002478,31.83,23,0,0,0,10.4,1,0
T002479,51.71,10,1,0,0,11.3,1,0
T002480,61.12,14,0,0,1,17.8,4,0
T002481,32.53,16,1,0,0,3.5,3,0
T002482,206.25,2,0,0,0,13.5,4,0
T002483,65.57,17,1,0,0,37.7,4,0
T002484,12.82,18,0,0,1,35.3,1,0
T002485,147.29,3,0,0,0,19.1,2,0
T002486,20.84,11,0,0,0,11.8,2,0
T002487,9.3,2,0,1,1,57.7,2,0
T002488,18.37,9,0,0,0,0.4,2,0
T002489,39.57,1,1,0,0,10.6,0,0
T002490,71.96,19,1,0,0,36.9,2,0
T002491,61.26,11,1,0,1,0.3,1,0
T002492,21.66,5,0,0,0,6.9,1,0
T002493,94.64,20,1,1,0,0.8,1,0
T002494,83.14,19,1,0,0,27.8,3,0
T002495,64.16,11,1,0,0,25.5,2,0
T002496,69.72,19,1,0,0,4.1,6,0
T002497,64.18,10,0,0,0,4.7,1,0
T002498,106.01,20,0,0,1,17.3,0,0
T002499,130.33,13,0,0,0,46.8,1,0
T002500,51.92,12,1,0,0,18.5,1,0
T002501,45.21,12,1,0,0,3.9,5,0
T002502,12.72,15,0,0,0,40.6,1,0
T002503,50.3,5,1,0,0,18.2,4,0
T002504,61.1,12,0,0,1,1.3,1,0
T002505,59.9,19,1,0,1,18.5,2,0
T002506,8.71,3,0,0,0,27.7,4,0
T002507,117.01,17,0,0,0,42.4,0,0
T002508,13.05,23,0,0,1,5.8,1,0
T002509,18.87,6,1,0,0,7.2,1,0
T002510,248.07,13,1,0,0,25.4,3,0
T002511,7.34,4,0,0,0,7.7,5,0
T002512,40.67,23,0,0,0,40.6,1,0
T002513,37.87,23,1,1,1,8.1,3,0
T002514,168.2,21,1,0,0,2.0,1,0
T002515,286.85,1,0,0,1,8.3,3,0
T002516,13.45,2,0,1,0,5.7,1,0
T002517,22.88,19,0,1,0,4.1,2,0
T002518,38.48,22,0,0,1,37.4,4,0
T002519,18.86,8,0,0,1,8.9,2,0
T002520,132.45,16,0,0,0,30.5,2,0
T002521,94.06,8,1,0,0,2.5,3,0
T002522,5.64,11,0,1,0,41.4,3,0
T002523,13.3,18,0,0,0,45.3,2,0
T002524,78.17,14,1,0,0,10.4,4,0
T002525,35.39,21,1,0,0,28.2,3,0
T002526,19.62,23,0,0,0,16.9,4,0
T002527,3.0,10,1,0,0,23.8,0,0
T002528,25.56,0,1,0,0,6.8,2,0
T002529,5.03,23,1,0,1,48.6,3,0
T002530,15.27,2,0,0,0,8.6,1,0
T002531,37.52,12,0,1,0,6.8,3,0
T002532,77.52,5,0,0,1,7.4,2,0
T002533,15.86,1,0,0,0,2.9,4,0
T002534,28.7,2,0,0,0,16.8,3,0
T002535,59.92,12,1,0,0,16.1,3,0
T002536,46.37,0,0,0,0,11.5,5,0
T002537,149.42,7,0,0,0,2.1,2,0
T002538,22.76,11,0,0,1,5.6,2,0
T002539,36.73,0,1,0,0,25.8,5,0
T002540,11.7,20,1,0,1,0.5,2,0
T002541,19.06,20,0,0,0,24.1,1,0
T002542,22.85,5,1,0,0,5.9,3,0
T002543,42.52,21,1,0,0,31.6,0,0
T002544,41.73,19,1,0,0,0.4,0,0
T002545,183.13,10,1,0,0,20.2,1,0
T002546,48.3,10,1,0,0,33.6,2,0
T002547,79.97,18,0,0,1,4.5,2,0
T002548,60.2,3,0,0,0,1.9,2,0
T002549,13.42,10,0,0,0,19.5,0,0
T002550,3.37,18,1,0,0,33.3,7,0
T002551,93.58,13,1,0,0,43.6,2,0
T002552,63.87,13,0,0,0,2.3,1,0
T002553,34.64,16,1,0,0,11.2,0,0
T002554,36.61,6,1,0,1,2.6,2,0
T002555,7.61,22,0,0,0,25.6,0,0
T002556,546.51,0,0,0,1,15.4,4,0
T002557,3.4,17,0,0,1,39.5,3,0
T002558,66.04,12,0,0,0,3.1,0,0
T002559,23.02,6,0,0,0,6.7,3,0
T002560,15.41,4,0,0,0,14.0,4,0
T002561,53.16,5,1,0,0,6.1,3,0
T002562,43.89,21,0,0,1,13.9,2,0
T002563,62.79,4,0,0,0,42.7,2,0
T002564,84.19,14,1,0,1,1.0,1,0
T002565,11.25,3,1,0,1,3.1,4,0
T002566,9.86,19,0,0,0,1.5,6,0
T002567,60.16,9,1,0,0,47.4,1,0
T002568,13.53,14,1,0,0,5.3,0,0
T002569,29.51,6,1,0,0,19.4,3,0
T002570,83.03,9,1,0,0,42.4,3,0
T002571,53.12,9,0,0,0,4.7,1,0
T002572,5.39,18,0,0,0,16.8,4,0
T002573,75.17,13,0,0,0,1.9,1,0
T002574,61.69,12,1,0,0,6.8,1,0
T002575,34.84,5,0,0,0,18.2,0,0
T002576,23.1,22,1,0,1,16.8,2,0
T002577,26.27,1,0,0,0,37.9,2,0
T002578,66.01,19,1,0,1,26.7,2,0
T002579,36.99,1,0,0,0,15.0,4,0
T002580,20.18,13,0,0,0,28.0,1,0
T002581,26.08,2,0,0,0,0.3,2,0
T002582,414.19,22,1,0,0,13.7,2,0
T002583,13.59,6,0,0,0,3.1,1,0
T002584,50.37,9,0,0,0,19.7,3,0
T002585,99.55,11,0,0,0,9.6,4,0
T002586,113.63,17,0,0,0,6.8,1,0
T002587,34.02,19,1,0,0,7.7,4,0
T002588,6.5,5,0,0,0,15.7,2,0
T002589,40.33,14,1,0,1,21.7,3,0
T002590,111.88,17,0,0,0,7.3,3,0
T002591,2.49,15,0,0,0,10.6,0,0
T002592,31.62,5,0,1,0,9.1,2,0
T002593,31.24,6,1,0,0,31.6,5,0
T002594,77.31,6,1,0,0,12.4,2,0
T002595,25.94,4,1,0,0,8.8,1,0
T002596,13.36,15,0,1,0,6.6,3,0
T002597,49.79,23,0,0,0,8.3,3,0
T002598,8.2,11,1,0,0,8.6,1,0
T002599,17.91,4,1,0,0,29.6,2,0
T002600,12.97,12,0,0,0,13.2,1,0
T002601,70.81,9,0,0,1,24.6,4,0
T002602,63.92,2,0,0,0,0.9,2,0
T002603,74.56,21,1,0,0,5.9,1,0
T002604,8.12,18,1,0,0,36.0,2,0
T002605,26.48,13,0,0,1,5.2,2,0
T002606,294.49,7,1,0,0,19.0,4,0
T002607,9.16,16,0,0,0,13.3,1,0
T002608,109.96,1,0,0,0,21.6,2,1
T002609,64.95,4,0,1,0,31.0,3,0
T002610,56.75,13,1,0,0,4.6,3,0
T002611,3.23,15,0,0,0,40.0,8,0
T002612,83.55,20,0,0,0,3.9,2,0
T002613,51.36,6,0,0,0,14.2,3,0
T002614,134.12,14,0,0,0,12.2,1,0
T002615,11.57,18,0,0,0,9.9,2,0
T002616,34.24,17,0,0,1,11.6,5,0
T002617,81.46,1,1,0,0,5.8,1,0
T002618,80.32,17,1,0,1,5.8,2,0
T002619,126.75,20,1,0,0,2.3,4,0
T002620,72.12,15,1,0,0,0.7,3,0
T002621,16.85,4,1,0,0,46.0,2,0
T002622,13.07,11,1,0,0,2.1,1,0
T002623,64.66,3,1,0,0,56.3,0,0
T002624,38.8,17,1,0,1,11.2,0,0
T002625,79.35,6,1,0,0,19.6,4,0
T002626,31.12,17,0,0,1,3.0,1,0
T002627,15.08,2,0,0,0,25.6,2,0
T002628,33.17,1,0,0,0,25.2,4,0
T002629,27.83,22,1,0,1,12.6,3,0
T002630,27.02,0,1,0,0,41.1,1,0
T002631,10.38,7,0,0,0,29.9,3,0
T002632,8.01,23,0,0,0,4.7,0,0
T002633,43.8,19,1,0,0,29.6,1,0
T002634,34.86,6,0,0,0,25.7,7,0
T002635,53.66,17,0,0,0,33.1,2,0
T002636,39.08,22,1,0,0,25.0,0,0
T002637,29.29,21,1,0,0,19.6,2,0
T002638,4.75,7,1,0,0,25.3,1,0
T002639,169.17,22,1,0,0,14.3,6,0
T002640,300.55,16,0,1,1,0.7,1,0
T002641,34.2,15,0,0,0,24.7,3,1
T002642,18.99,10,1,0,0,29.5,2,0
T002643,49.98,21,1,1,0,12.5,2,0
T002644,33.15,12,0,0,0,9.9,4,0
T002645,195.61,1,0,0,0,3.4,2,0
T002646,19.38,12,0,0,0,16.6,0,0
T002647,87.83,6,0,0,0,3.9,3,0
T002648,16.6,10,1,0,0,10.1,2,0
T002649,8.04,11,1,0,0,3.7,1,0
T002650,25.32,4,1,1,0,9.9,2,0
T002651,417.34,6,1,0,0,54.4,1,0
T002652,85.95,23,1,0,0,11.0,1,0
T002653,39.66,21,0,0,0,56.5,2,0
T002654,20.48,20,1,0,0,39.3,4,0
T002655,18.82,12,0,0,0,21.6,2,0
T002656,26.88,16,0,0,0,26.8,1,0
T002657,275.89,2,0,0,0,6.1,4,0
T002658,68.31,6,0,0,0,2.1,4,0
T002659,5.15,16,0,0,0,3.9,3,0
T002660,25.43,5,0,0,0,3.5,2,0
T002661,50.46,13,1,0,0,3.9,3,0
T002662,11.66,18,0,0,1,18.5,3,0
T002663,21.65,17,1,0,0,2.9,0,0
T002664,121.48,12,1,0,0,21.9,3,0
T002665,18.83,0,1,0,0,21.8,3,0
T002666,35.08,20,1,0,0,7.4,1,0
T002667,46.5,16,0,0,0,39.9,1,0
T002668,134.27,20,0,0,0,26.5,3,0
T002669,86.39,9,0,0,0,10.3,1,0
T002670,289.41,20,0,0,1,22.2,5,0
T002671,19.03,9,1,0,0,22.9,3,0
T002672,58.42,12,1,0,0,4.4,0,0
T002673,54.92,17,0,0,0,10.6,4,0
T002674,117.97,7,1,0,0,2.1,7,0
T002675,5.15,3,0,0,0,42.9,3,0
T002676,25.27,13,0,0,0,8.4,2,0
T002677,46.96,14,1,0,0,8.3,4,0
T002678,25.69,11,0,0,0,2.7,1,0
T002679,1.58,5,1,0,0,7.0,2,0
T002680,10.07,14,0,0,0,24.5,2,0
T002681,54.45,17,0,0,0,8.1,1,0
T002682,121.91,8,0,0,1,41.3,1,0
T002683,14.43,8,1,0,0,14.0,1,0
T002684,54.29,4,1,0,0,4.9,2,0
T002685,14.86,17,0,0,0,28.5,2,0
T002686,23.36,19,1,0,0,3.9,2,0
T002687,10.74,12,0,0,0,4.3,3,0
T002688,12.2,8,0,0,0,5.3,4,1
T002689,165.49,14,1,0,0,3.6,4,0
T002690,35.52,1,0,0,0,27.5,3,0
T002691,18.25,11,0,0,1,34.2,2,0
T002692,79.0,9,0,0,0,10.2,1,0
T002693,22.15,22,1,0,0,43.7,1,0
T002694,71.88,6,0,0,0,3.3,5,0
T002695,35.29,2,1,0,0,5.2,5,0
T002696,53.3,22,1,0,0,2.7,0,0
T002697,13.76,17,0,0,0,37.4,4,0
T002698,48.32,10,1,0,0,21.0,0,0
T002699,51.26,21,0,0,0,12.4,2,0
T002700,90.15,19,0,0,0,0.8,3,0
T002701,110.54,15,1,0,0,2.4,1,0
T002702,20.46,8,0,0,0,31.3,0,0
T002703,90.24,14,1,0,0,7.9,0,0
T002704,17.13,17,0,0,0,4.9,0,0
T002705,31.08,22,0,1,0,4.3,2,0
T002706,75.9,6,1,0,0,5.1,2,0
T002707,26.13,22,0,0,0,3.4,3,0
T002708,40.25,19,0,0,0,9.7,2,0
T002709,42.15,10,1,0,0,7.0,1,0
T002710,47.8,6,1,0,0,17.6,2,0
T002711,17.54,4,0,0,0,48.8,1,0
T002712,88.39,1,0,0,1,8.5,1,0
T002713,9.55,20,1,0,0,5.1,2,0
T002714,7.83,1,0,0,1,9.1,5,0
T002715,113.13,13,0,0,0,12.8,3,0
T002716,29.39,16,0,0,0,2.4,1,0
T002717,16.92,8,0,1,0,16.6,3,0
T002718,2.87,5,1,0,0,23.2,3,0
T002719,100.74,15,1,0,0,32.6,2,0
T002720,6.19,21,0,0,0,15.7,3,0
T002721,11.67,19,1,0,0,67.5,4,0
T002722,114.79,4,1,0,0,32.6,0,0
T002723,193.57,8,0,0,1,7.7,4,0
T002724,10.21,6,0,0,0,31.9,3,0
T002725,33.3,15,0,0,0,11.9,2,0
T002726,98.55,1,0,0,1,21.6,5,0
T002727,7.84,12,0,0,1,20.5,2,0
T002728,122.12,19,1,0,0,46.1,1,0
T002729,4.72,7,1,0,0,12.6,3,0
T002730,31.83,8,0,0,0,13.0,4,0
T002731,31.32,3,1,0,0,14.0,1,0
T002732,47.01,23,1,0,0,24.7,4,0
T002733,119.24,13,1,0,1,3.5,1,0
T002734,9.54,20,0,0,1,51.7,2,0
T002735,7.05,21,0,0,0,7.4,1,0
T002736,61.79,11,0,0,0,19.7,6,0
T002737,200.88,9,0,1,0,16.2,0,0
T002738,13.21,6,0,1,0,50.0,2,0
T002739,4.63,4,1,0,0,14.6,3,0
T002740,24.63,16,0,0,0,14.6,2,0
T002741,259.09,6,0,0,0,13.6,1,0
T002742,6.15,13,0,0,1,23.5,1,0
T002743,50.69,20,1,0,0,12.5,0,0
T002744,94.46,23,0,1,0,7.1,2,0
T002745,10.96,11,1,0,0,14.5,3,0
T002746,42.22,19,1,0,0,9.0,1,0
T002747,18.2,9,0,0,0,27.3,1,0
T002748,5.86,23,0,0,0,27.1,1,0
T002749,14.83,20,1,0,0,26.9,0,0
T002750,101.4,3,1,1,0,20.1,4,0
T002751,33.44,21,1,0,0,40.3,3,0
T002752,78.16,9,0,0,0,19.2,1,0
T002753,41.23,8,0,0,0,1.5,3,0
T002754,8.81,17,0,0,0,17.6,0,0
T002755,25.66,20,1,0,1,28.6,3,0
T002756,10.59,0,0,0,1,27.6,3,0
T002757,10.64,5,0,0,0,24.8,2,0
T002758,10.94,11,0,0,0,3.2,0,0
T002759,27.81,12,1,1,0,26.4,4,0
T002760,22.24,5,1,0,1,5.5,0,0
T002761,19.1,8,1,0,0,19.6,1,0
T002762,142.11,12,0,0,1,5.6,1,0
T002763,15.47,23,0,1,0,15.9,0,0
T002764,68.28,9,1,1,0,33.3,1,0
T002765,53.08,0,0,0,0,2.0,2,0
T002766,59.61,18,0,0,0,6.9,2,0
T002767,44.3,6,0,0,1,27.9,3,0
T002768,269.59,1,1,0,0,8.8,3,0
T002769,15.38,10,0,1,1,3.4,3,0
T002770,11.24,2,0,0,1,8.2,1,0
T002771,30.92,17,0,0,0,2.4,7,0
T002772,6.26,17,1,0,0,5.2,3,0
T002773,122.2,19,1,0,0,4.9,5,0
T002774,25.21,21,0,0,0,1.8,2,0
T002775,75.36,8,1,0,0,2.4,5,0
T002776,44.53,3,0,0,1,28.6,2,0
T002777,168.94,17,1,0,0,27.7,2,0
T002778,10.02,7,0,0,0,0.2,2,0
T002779,14.51,16,1,0,0,1.9,0,0
T002780,53.24,21,0,0,0,11.4,0,0
T002781,28.97,14,1,0,0,2.6,0,0
T002782,23.23,9,1,0,1,20.5,2,0
T002783,9.43,8,0,0,0,18.6,3,0
T002784,13.6,12,1,0,0,92.7,4,0
T002785,52.05,3,1,0,1,16.9,3,0
T002786,9.32,22,1,1,0,3.2,3,0
T002787,10.74,10,0,0,0,10.8,4,0
T002788,15.15,18,0,0,0,9.4,1,0
T002789,176.67,9,1,0,0,10.3,2,0
T002790,27.99,2,0,0,0,35.7,1,0
T002791,65.39,3,1,0,0,4.7,2,0
T002792,28.96,11,0,0,1,2.8,4,0
T002793,88.73,19,1,0,1,2.0,4,0
T002794,182.58,0,1,0,1,5.8,4,1
T002795,21.17,11,0,0,0,5.2,4,0
T002796,9.53,7,0,0,0,23.6,2,0
T002797,20.12,17,0,0,0,40.1,2,0
T002798,56.0,15,1,0,0,5.4,1,0
T002799,13.11,5,0,0,0,37.8,2,0
T002800,69.14,9,0,0,0,5.0,1,0
T002801,27.86,5,0,0,0,9.2,2,0
T002802,55.18,18,1,0,0,2.1,1,0
T002803,62.88,22,0,1,0,21.3,3,0
T002804,9.16,23,1,0,1,43.6,3,0
T002805,83.02,6,0,0,0,61.3,1,0
T002806,151.32,8,1,0,0,5.5,1,0
T002807,107.55,18,0,0,0,1.1,3,0
T002808,20.79,2,0,0,0,17.2,5,0
T002809,20.35,6,0,0,0,3.4,0,0
T002810,39.4,11,0,0,1,12.2,0,0
T002811,31.25,4,0,0,0,1.2,3,0
T002812,18.86,11,1,0,1,2.1,3,0
T002813,49.51,15,0,0,1,12.5,2,0
T002814,34.49,14,0,0,0,8.6,0,0
T002815,8.62,11,0,0,0,45.4,0,0
T002816,38.54,2,1,0,0,29.9,1,0
T002817,58.84,23,1,0,0,23.0,2,0
T002818,42.22,18,1,0,0,22.0,3,0
T002819,8.99,10,0,0,0,13.4,2,0
T002820,28.25,2,0,0,0,1.9,4,0
T002821,14.16,9,1,0,0,1.4,2,0
T002822,32.84,6,1,0,0,6.6,4,0
T002823,15.07,4,0,0,1,21.1,1,0
T002824,139.0,15,0,0,1,2.3,0,0
T002825,51.76,0,1,0,1,14.4,2,0
T002826,46.55,21,1,1,0,40.2,1,0
T002827,40.45,6,1,0,0,10.7,5,0
T002828,9.68,19,1,0,0,5.7,0,0
T002829,62.29,14,1,0,0,16.1,2,0
T002830,28.74,21,0,0,0,35.1,3,0
T002831,22.21,3,0,0,0,1.7,2,0
T002832,22.24,5,0,1,0,60.8,2,0
T002833,16.37,11,1,0,1,6.3,3,0
T002834,45.84,22,0,0,1,23.1,2,0
T002835,50.95,19,0,0,0,7.1,1,0
T002836,30.3,6,1,0,1,22.5,2,0
T002837,4.09,6,1,0,0,27.4,3,0
T002838,24.96,7,0,0,0,8.3,2,0
T002839,18.33,14,1,0,1,50.1,1,0
T002840,90.19,8,0,0,0,45.2,1,0
T002841,17.32,3,0,0,0,3.6,1,0
T002842,5.8,5,1,0,0,9.8,1,0
T002843,60.36,9,1,0,0,44.8,1,0
T002844,13.03,15,0,0,1,12.3,5,0
T002845,9.51,22,0,0,0,23.5,2,0
T002846,6.68,11,0,0,0,5.7,2,0
T002847,84.08,5,0,0,0,15.9,2,0
T002848,29.82,13,1,0,0,12.6,4,0
T002849,20.57,6,1,0,0,13.5,1,0
T002850,18.85,5,0,0,1,10.5,0,0
T002851,172.42,4,1,0,0,8.8,3,0
T002852,51.06,8,0,0,1,17.2,3,0
T002853,40.44,4,1,0,0,29.6,2,0
T002854,37.78,20,1,0,0,42.8,2,0
T002855,53.38,2,1,0,0,11.7,0,0
T002856,133.89,15,1,0,0,30.1,0,0
T002857,35.21,2,0,0,0,17.3,3,0
T002858,225.19,12,0,0,1,6.5,0,0
T002859,11.01,17,0,0,0,8.3,4,0
T002860,44.02,7,1,0,0,14.0,3,0
T002861,50.39,3,0,0,1,15.4,1,0
T002862,24.27,10,0,0,0,25.8,5,0
T002863,157.12,3,1,0,0,24.8,1,0
T002864,95.1,13,1,0,1,0.4,8,0
T002865,76.33,9,0,1,0,4.2,5,0
T002866,20.44,1,1,0,0,54.8,3,0
T002867,18.49,17,1,0,0,11.8,1,0
T002868,22.6,9,0,0,1,65.0,4,0
T002869,269.86,0,1,0,0,4.4,2,0
T002870,38.21,7,0,0,0,10.8,4,0
T002871,59.45,15,0,0,0,1.6,1,0
T002872,53.67,0,1,0,0,47.3,3,0
T002873,35.87,7,1,0,0,2.5,1,0
T002874,15.31,1,0,0,0,15.9,1,0
T002875,16.39,18,0,1,0,0.5,0,0
T002876,374.25,13,1,1,0,28.5,3,0
T002877,19.53,19,0,0,0,14.1,6,0
T002878,42.01,11,1,0,1,14.0,1,0
T002879,29.54,2,1,0,0,0.9,2,0
T002880,45.07,8,0,0,0,1.9,1,0
T002881,50.54,4,0,0,0,12.9,3,0
T002882,7.31,18,1,0,0,5.2,1,0
T002883,19.67,2,0,0,0,13.8,2,0
T002884,7.34,0,1,0,0,3.6,3,0
T002885,4.69,13,1,0,0,23.9,1,0
T002886,21.14,15,1,0,0,10.6,4,0
T002887,10.39,16,0,0,0,31.2,2,0
T002888,38.42,3,0,0,0,7.3,2,0
T002889,146.31,14,1,0,0,37.5,2,0
T002890,13.28,20,0,0,0,8.4,3,0
T002891,19.85,21,1,1,1,4.8,1,0
T002892,20.34,12,1,0,0,2.6,2,0
T002893,2.46,1,1,0,0,14.2,5,0
T002894,15.08,15,1,0,0,29.8,3,0
T002895,79.49,23,1,0,0,9.8,1,0
T002896,32.43,10,0,0,0,26.9,3,0
T002897,127.65,19,0,0,0,40.9,2,0
T002898,46.02,17,1,0,0,17.2,2,0
T002899,71.84,8,0,0,1,8.7,2,0
T002900,110.32,9,1,1,0,2.9,2,0
T002901,30.27,22,1,0,0,36.3,3,0
T002902,9.33,15,1,0,1,29.2,6,0
T002903,79.51,0,0,0,0,7.2,0,0
T002904,64.28,10,1,0,0,14.3,2,0
T002905,51.07,8,0,0,0,23.2,1,0
T002906,328.41,9,1,0,1,1.1,1,0
T002907,16.2,18,1,0,0,14.1,0,0
T002908,254.75,18,0,0,0,29.8,4,0
T002909,13.5,14,0,0,0,8.8,4,0
T002910,18.06,15,0,1,0,29.3,3,0
T002911,50.12,4,1,0,0,12.9,3,0
T002912,77.78,21,0,0,0,4.1,3,0
T002913,59.78,9,1,0,1,29.9,3,0
T002914,92.86,3,0,0,1,20.3,4,0
T002915,32.24,1,0,0,1,54.5,3,0
T002916,41.1,19,1,0,0,24.6,3,0
T002917,8.01,4,0,0,0,40.4,3,0
T002918,74.76,16,1,0,0,3.6,3,0
T002919,21.95,6,1,0,0,36.6,1,0
T002920,9.23,17,1,0,0,22.9,2,0
T002921,8.07,20,0,1,0,22.7,4,0
T002922,10.91,21,0,0,1,13.5,2,0
T002923,832.48,8,0,0,0,10.1,2,0
T002924,34.35,0,0,0,1,2.8,4,0
T002925,72.71,17,1,0,0,28.8,3,0
T002926,14.37,11,1,0,0,19.1,3,0
T002927,64.09,5,1,0,0,5.2,1,0
T002928,14.32,14,1,0,0,34.4,2,0
T002929,51.46,16,0,0,0,49.9,2,0
T002930,146.88,9,0,0,1,5.0,4,0
T002931,52.28,17,1,0,1,56.1,3,0
T002932,191.24,6,0,0,0,7.0,4,0
T002933,19.51,22,0,0,0,2.5,1,0
T002934,49.15,11,1,0,0,3.2,2,0
T002935,51.57,19,0,0,1,8.5,1,0
T002936,232.77,20,1,0,0,4.6,1,0
T002937,288.17,16,0,0,0,7.5,4,0
T002938,25.61,0,1,0,0,46.8,1,0
T002939,35.11,14,1,0,0,2.9,0,0
T002940,96.16,0,0,0,1,16.1,4,0
T002941,28.85,19,1,0,0,56.0,2,0
T002942,144.27,3,0,0,0,32.9,2,0
T002943,24.96,20,1,1,0,7.0,4,0
T002944,79.95,12,1,0,0,4.9,3,0
T002945,27.18,10,1,0,0,12.0,2,0
T002946,9.23,12,0,0,0,19.5,0,0
T002947,463.48,20,0,0,0,5.9,1,0
T002948,26.11,21,1,0,1,11.2,1,0
T002949,115.63,11,0,0,0,38.3,0,0
T002950,9.58,17,0,0,0,15.4,2,0
T002951,272.04,0,0,0,1,16.7,2,0
T002952,96.58,6,1,0,0,5.4,2,0
T002953,33.91,4,0,0,1,3.9,3,0
T002954,109.74,17,0,0,0,4.1,1,0
T002955,12.55,12,1,0,0,36.8,2,0
T002956,59.47,4,1,0,0,10.1,4,0
T002957,22.45,11,1,0,0,4.1,0,0
T002958,59.16,18,0,0,0,27.6,2,0
T002959,39.52,12,1,0,0,37.1,0,0
T002960,5.0,22,1,0,0,6.6,4,0
T002961,28.5,4,0,0,0,26.0,1,0
T002962,50.61,17,1,0,1,10.4,2,0
T002963,17.86,6,0,0,0,34.2,3,0
T002964,185.42,3,1,0,1,29.2,0,0
T002965,92.15,11,0,0,0,49.0,2,0
T002966,38.97,2,0,0,0,4.5,2,0
T002967,75.37,22,1,0,0,3.0,2,0
T002968,18.81,10,1,0,0,9.1,2,0
T002969,57.95,14,1,0,1,0.3,4,0
T002970,16.36,19,1,0,0,15.0,4,0
T002971,46.41,17,1,0,0,41.1,0,0
T002972,43.24,0,0,0,0,13.6,2,0
T002973,22.48,15,0,0,0,3.6,4,0
T002974,40.49,15,1,0,0,9.1,1,0
T002975,85.28,13,0,0,0,32.0,1,0
T002976,35.17,0,0,0,1,30.7,2,0
T002977,51.0,2,1,0,0,2.5,3,0
T002978,10.05,13,0,0,0,18.5,1,0
T002979,15.05,14,0,0,0,35.3,2,0
T002980,31.31,11,0,0,0,20.3,2,0
T002981,15.77,3,1,1,0,27.9,0,0
T002982,70.59,18,1,0,0,15.0,1,0
T002983,70.73,3,1,1,0,13.4,2,0
T002984,46.83,17,0,0,0,35.0,3,0
T002985,67.37,0,1,0,1,9.9,1,0
T002986,57.85,15,1,0,0,39.4,4,0
T002987,71.97,10,1,0,0,3.7,3,0
T002988,22.43,21,0,0,0,12.5,3,0
T002989,8.38,2,0,0,0,10.8,3,0
T002990,46.08,18,1,0,1,4.1,1,0
T002991,31.88,15,1,0,1,31.3,2,0
T002992,23.97,4,1,0,1,1.0,1,0
T002993,43.45,23,0,0,0,24.7,5,0
T002994,35.58,22,1,0,0,5.2,5,0
T002995,10.62,19,0,0,1,34.6,0,0
T002996,76.97,0,0,0,1,4.6,2,0
T002997,28.07,11,0,1,0,17.3,2,0
T002998,25.6,16,1,0,0,32.3,2,0
T002999,164.4,9,0,0,0,14.4,3,0
T003000,14.15,2,0,0,0,2.1,3,0
T003001,18.96,20,1,0,0,19.5,2,0
T003002,33.57,12,0,0,0,8.6,0,0
T003003,91.58,19,0,0,0,61.0,2,0
T003004,50.43,23,1,0,0,23.8,3,0
T003005,36.97,19,1,0,1,19.1,6,0
T003006,13.68,9,0,0,0,20.4,1,0
T003007,9.69,15,0,0,0,24.4,4,0
T003008,138.24,21,0,0,0,3.8,2,0
T003009,12.86,4,0,0,0,13.8,3,0
T003010,67.63,4,0,0,1,14.7,1,0
T003011,87.63,21,0,0,0,4.7,5,0
T003012,59.88,17,0,0,1,5.2,4,1
T003013,72.55,12,0,0,0,22.5,2,0
T003014,70.66,6,0,1,0,47.2,0,0
T003015,7.61,2,0,0,0,19.4,3,0
T003016,41.67,6,1,0,0,18.0,6,0
T003017,37.1,22,0,0,0,16.2,5,0
T003018,68.3,11,0,1,0,2.4,0,0
T003019,26.02,19,0,0,0,16.4,2,0
T003020,128.71,6,1,0,0,16.2,1,0
T003021,44.67,11,1,0,0,6.3,2,0
T003022,18.61,12,1,0,0,99.3,3,0
T003023,10.9,20,0,0,0,6.1,1,0
T003024,197.73,18,1,0,1,3.5,2,0
T003025,7.08,16,1,0,0,30.5,3,0
T003026,62.35,6,0,0,0,11.8,2,0
T003027,262.52,17,0,0,0,28.9,2,0
T003028,19.59,4,1,0,1,17.6,3,0
T003029,96.9,14,0,0,0,25.3,3,0
T003030,57.91,8,0,0,1,13.5,2,0
T003031,93.22,10,0,1,0,5.8,1,0
T003032,14.19,22,1,0,0,41.8,2,0
T003033,27.43,20,0,1,1,4.8,2,0
T003034,17.52,13,1,0,1,15.2,3,0
T003035,47.2,2,1,0,0,30.7,6,0
T003036,112.26,17,0,0,0,48.6,3,0
T003037,36.6,0,1,0,0,5.8,3,0
T003038,7.16,4,0,0,0,23.4,2,0
T003039,59.55,7,0,0,0,0.7,3,0
T003040,106.54,7,1,0,1,59.6,3,1
T003041,5.45,7,0,0,0,69.8,1,0
T003042,36.78,5,0,0,1,21.0,5,0
T003043,35.84,19,0,0,0,10.6,2,0
T003044,5.72,14,1,0,0,37.9,3,0
T003045,42.56,20,1,0,0,13.3,0,0
T003046,155.38,15,1,1,0,25.5,1,0
T003047,22.54,22,0,0,0,16.9,0,0
T003048,41.44,2,1,0,0,21.0,5,0
T003049,54.21,8,0,1,0,29.1,0,0
T003050,93.08,15,0,0,0,34.0,2,0
T003051,34.77,12,0,0,1,4.1,2,0
T003052,8.53,0,1,0,0,9.7,0,0
T003053,50.4,21,0,0,0,2.0,6,0
T003054,212.44,7,0,0,0,1.1,2,0
T003055,84.37,20,0,0,0,26.6,3,1
T003056,56.36,22,0,0,0,11.7,1,0
T003057,43.68,15,0,0,0,6.8,1,0
T003058,21.38,9,0,0,0,13.4,5,0
T003059,35.32,17,0,0,0,3.7,4,0
T003060,37.25,9,0,0,1,9.7,3,0
T003061,65.21,21,0,0,0,23.8,0,0
T003062,91.16,8,0,0,1,6.2,1,0
T003063,149.85,5,1,0,1,30.3,1,0
T003064,25.62,11,1,0,0,9.9,3,0
T003065,31.92,23,1,0,0,76.2,4,0
T003066,31.03,13,0,0,0,15.6,3,0
T003067,20.18,10,0,0,0,25.9,1,0
T003068,10.35,4,0,0,0,9.5,3,0
T003069,11.83,7,1,0,0,67.7,1,0
T003070,26.69,7,0,0,0,37.4,3,0
T003071,21.97,16,1,0,0,12.5,3,0
T003072,14.61,2,1,0,1,24.7,1,0
T003073,172.25,13,0,0,0,2.7,2,0
T003074,76.59,2,1,0,0,3.5,1,0
T003075,26.75,8,0,0,0,38.6,0,0
T003076,17.18,17,0,0,0,42.8,3,0
T003077,21.68,14,1,0,0,15.6,1,0
T003078,9.1,16,0,0,0,5.8,1,0
T003079,36.54,0,1,0,1,11.8,2,0
T003080,16.01,2,0,0,1,22.7,0,0
T003081,320.25,13,0,0,0,9.6,3,0
T003082,73.2,7,1,0,1,9.7,2,0
T003083,13.49,3,0,0,0,81.0,1,0
T003084,41.4,23,0,0,0,16.2,1,0
T003085,26.86,5,0,0,0,36.9,1,0
T003086,72.19,11,1,0,0,13.8,3,0
T003087,43.95,7,1,0,0,10.1,1,0
T003088,270.97,8,0,0,0,21.2,2,0
T003089,7.8,3,0,0,1,1.9,2,0
T003090,47.11,0,0,1,0,28.2,2,0
T003091,13.34,7,0,0,0,16.2,4,0
T003092,14.77,0,1,0,0,60.5,1,0
T003093,48.07,0,1,0,0,19.5,2,0
T003094,119.95,4,0,0,0,5.2,2,0
T003095,17.17,5,0,0,0,27.0,1,0
T003096,14.4,8,1,0,0,35.2,2,0
T003097,52.49,0,1,0,1,10.1,2,0
T003098,9.2,4,0,0,0,5.6,0,0
T003099,20.0,8,0,1,0,21.2,2,0
T003100,377.69,18,0,0,0,64.5,0,0
T003101,126.52,13,0,0,0,4.8,3,0
T003102,7.16,11,0,0,0,2.3,0,0
T003103,162.75,10,1,0,0,16.6,2,0
T003104,13.77,2,0,0,0,1.0,2,0
T003105,32.83,15,0,0,1,7.5,3,0
T003106,15.04,11,1,0,1,28.3,3,0
T003107,31.92,6,1,0,0,14.4,1,0
T003108,28.26,21,1,0,0,7.8,1,0
T003109,233.12,12,1,0,1,6.9,0,0
T003110,36.01,15,1,0,0,17.1,2,0
T003111,17.37,3,0,0,0,14.4,1,0
T003112,17.73,8,0,0,1,10.3,1,0
T003113,55.59,6,1,0,0,68.0,4,0
T003114,32.65,4,1,0,0,13.9,1,0
T003115,44.54,14,1,0,0,37.9,1,0
T003116,76.66,4,0,0,0,56.7,2,0
T003117,13.37,21,1,0,0,17.1,2,0
T003118,55.7,4,1,0,0,26.0,2,0
T003119,55.58,10,0,0,0,29.8,2,0
T003120,86.22,16,0,0,0,22.6,2,0
T003121,11.19,1,0,0,0,15.5,3,0
T003122,13.85,19,1,0,0,23.3,3,0
T003123,27.62,0,1,0,1,27.5,6,0
T003124,47.47,21,0,0,0,33.0,2,0
T003125,9.92,20,0,0,1,6.3,5,0
T003126,3.52,13,0,0,0,25.6,5,0
T003127,46.86,4,0,0,0,5.9,3,0
T003128,85.35,6,0,0,0,3.6,1,0
T003129,127.39,13,0,0,0,13.7,3,0
T003130,14.38,0,0,0,0,9.4,2,0
T003131,59.45,11,1,0,1,5.5,6,0
T003132,59.63,12,0,0,1,9.5,0,0
T003133,58.13,14,0,0,0,9.6,1,0
T003134,165.78,3,0,0,0,20.6,2,0
T003135,38.1,13,1,0,0,0.6,2,0
T003136,31.52,9,0,0,1,7.5,2,0
T003137,34.15,12,0,0,0,19.4,1,0
T003138,37.5,6,1,0,0,5.1,2,0
T003139,24.6,3,1,0,0,13.4,2,0
T003140,8.55,19,1,0,0,6.0,4,0
T003141,49.85,3,0,0,0,25.8,1,0
T003142,39.45,10,0,0,0,41.2,3,0
T003143,23.57,10,1,0,0,10.6,1,0
T003144,59.46,1,0,0,0,8.8,2,0
T003145,32.68,5,1,0,0,46.3,3,0
T003146,1.87,21,1,0,0,45.4,6,0
T003147,4.01,3,0,0,1,8.0,1,0
T003148,20.24,6,0,0,0,9.6,1,0
T003149,90.41,8,0,0,1,32.1,3,0
T003150,11.09,14,0,0,1,15.3,2,0
T003151,149.88,20,1,0,0,20.6,1,0
T003152,68.46,16,1,0,0,3.9,2,0
T003153,8.39,21,0,0,0,2.8,3,0
T003154,25.59,16,1,0,0,25.9,1,0
T003155,24.15,9,0,0,0,9.8,4,0
T003156,125.03,16,1,0,0,4.7,4,0
T003157,35.22,8,0,0,0,2.7,7,0
T003158,59.08,12,1,0,0,10.4,2,0
T003159,25.04,2,1,0,0,6.8,3,0
T003160,9.73,8,0,0,0,25.4,1,0
T003161,210.15,11,1,0,0,20.6,3,0
T003162,13.18,14,0,0,0,25.3,2,0
T003163,25.42,18,1,0,0,3.6,6,0
T003164,44.77,11,0,0,0,5.2,3,0
T003165,3.25,23,0,0,0,2.6,0,0
T003166,52.88,21,0,0,1,15.0,1,0
T003167,12.89,9,0,0,0,0.7,3,0
T003168,187.42,19,1,0,0,7.0,3,0
T003169,16.73,10,0,0,0,45.1,0,0
T003170,22.22,18,0,0,0,0.8,2,0
T003171,17.67,19,1,0,0,9.1,0,0
T003172,73.74,19,1,0,0,11.9,3,0
T003173,7.87,12,1,0,0,6.9,1,0
T003174,31.51,9,0,0,1,5.5,2,0
T003175,57.27,17,1,0,0,13.2,4,0
T003176,35.0,3,1,0,0,8.6,1,0
T003177,59.3,16,0,0,0,21.3,3,0
T003178,10.02,2,0,0,1,1.6,2,0
T003179,1.6,14,0,0,0,3.1,2,0
T003180,18.09,13,1,0,0,33.9,0,0
T003181,13.81,10,1,0,0,14.5,6,0
T003182,20.72,17,1,0,0,1.3,1,0
T003183,47.98,5,0,0,0,30.5,1,0
T003184,471.69,17,0,1,1,17.8,1,0
T003185,54.39,23,0,0,0,33.9,1,0
T003186,148.7,14,0,0,1,20.4,2,0
T003187,45.37,0,0,0,0,28.1,4,0
T003188,67.33,12,1,0,0,5.2,1,0
T003189,34.31,20,0,1,0,37.9,1,0
T003190,75.32,5,1,0,0,82.7,2,0
T003191,14.95,9,1,0,1,8.9,1,0
T003192,38.03,20,1,0,0,30.3,2,0
T003193,18.13,22,1,0,0,1.0,3,0
T003194,94.64,10,0,1,0,18.5,2,0
T003195,84.33,17,0,0,1,37.8,2,0
T003196,12.7,15,0,0,1,18.7,1,0
T003197,26.59,18,1,0,0,1.1,4,0
T003198,40.35,17,1,0,0,3.0,1,0
T003199,29.09,7,0,0,0,29.1,5,0
T003200,22.39,2,1,1,0,8.3,1,0
T003201,43.09,1,0,0,0,13.0,3,0
T003202,369.21,23,1,0,0,26.3,3,0
T003203,9.09,6,1,0,0,30.4,3,0
T003204,49.3,3,1,0,0,10.9,1,0
T003205,86.47,9,1,0,0,2.0,2,0
T003206,35.52,6,0,0,0,28.1,3,0
T003207,3.58,18,0,0,0,4.6,2,0
T003208,94.04,6,1,0,0,6.0,2,0
T003209,4.92,22,1,0,0,1.3,1,0
T003210,23.78,21,1,0,1,13.2,4,0
T003211,176.62,9,0,1,0,4.0,4,0
T003212,162.25,20,0,1,0,56.9,4,0
T003213,65.83,13,1,0,0,3.7,0,0
T003214,52.92,12,1,0,1,7.4,1,0
T003215,21.14,14,1,0,0,16.6,1,0
T003216,16.81,7,1,1,0,0.9,4,0
T003217,22.25,23,0,0,1,13.8,0,0
T003218,90.34,21,1,0,1,1.7,0,0
T003219,96.45,8,0,0,1,41.5,1,0
T003220,136.49,8,1,1,0,34.2,1,0
T003221,36.85,18,1,0,1,13.9,1,0
T003222,16.79,8,1,1,1,15.6,5,0
T003223,32.69,7,1,0,0,17.9,2,0
T003224,20.71,14,0,0,1,28.0,2,0
T003225,20.15,15,1,0,0,5.2,3,0
T003226,10.19,17,0,0,0,2.7,1,0
T003227,28.63,1,1,0,1,3.0,1,0
T003228,737.27,9,0,0,1,10.1,3,0
T003229,57.48,10,0,0,1,10.1,2,0
T003230,73.08,3,0,0,0,35.1,2,0
T003231,8.34,16,1,0,0,18.8,4,0
T003232,13.76,12,0,0,0,2.6,3,0
T003233,47.45,16,1,0,0,7.1,5,0
T003234,36.42,18,1,0,0,21.0,2,0
T003235,94.77,15,0,0,0,24.6,1,0
T003236,7.67,12,1,0,1,24.9,2,0
T003237,203.82,11,1,0,1,12.6,4,0
T003238,32.98,14,1,0,0,16.7,5,0
T003239,104.39,9,1,1,0,5.4,3,0
T003240,80.76,9,0,0,0,4.7,2,0
T003241,260.4,0,0,0,0,11.2,2,0
T003242,28.23,3,0,0,0,34.7,0,0
T003243,33.87,12,0,0,0,15.3,2,0
T003244,117.47,3,0,0,0,55.8,2,0
T003245,154.12,6,0,0,0,57.1,2,0
T003246,44.51,16,0,0,0,3.4,1,0
T003247,13.64,11,1,0,1,6.3,1,0
T003248,40.8,17,1,0,1,9.2,4,0
T003249,11.14,19,1,0,0,9.6,2,0
T003250,20.19,12,1,0,0,39.7,4,0
T003251,37.21,21,1,0,0,25.6,4,0
T003252,17.03,5,1,0,0,3.7,1,0
T003253,111.79,21,0,0,0,16.8,1,0
T003254,43.93,12,1,0,0,9.3,4,0
T003255,260.79,19,0,0,0,14.7,3,0
T003256,40.58,1,0,0,0,19.4,2,0
T003257,271.0,18,0,0,0,28.1,2,0
T003258,383.61,17,0,0,0,6.3,2,0
T003259,20.69,6,1,0,0,19.9,1,0
T003260,3.66,3,1,1,0,53.1,3,0
T003261,244.24,15,0,0,0,3.3,2,0
T003262,167.04,9,0,0,0,9.8,4,0
T003263,260.01,20,1,0,0,24.4,3,0
T003264,49.95,23,0,0,0,69.7,4,0
T003265,14.45,7,1,0,0,7.2,2,0
T003266,50.27,22,0,0,0,5.9,2,0
T003267,95.98,18,1,0,0,12.4,3,0
T003268,69.38,17,0,1,0,6.0,6,0
T003269,41.76,15,0,0,0,1.3,4,0
T003270,28.11,20,0,0,0,14.4,1,0
T003271,24.6,15,0,0,0,2.0,2,0
T003272,27.97,18,0,1,0,56.3,2,0
T003273,46.4,10,0,0,0,0.4,8,0
T003274,10.03,9,0,0,0,2.1,1,0
T003275,6.43,23,0,0,0,4.7,1,0
T003276,264.48,23,1,0,0,4.0,2,0
T003277,102.86,4,1,0,0,2.2,2,0
T003278,77.13,6,1,0,0,4.7,1,0
T003279,24.29,12,1,0,0,1.8,0,0
T003280,9.45,5,0,0,0,29.3,3,0
T003281,50.1,17,0,0,0,15.7,1,0
T003282,189.67,2,0,0,0,23.2,4,0
T003283,141.69,21,0,0,0,55.7,1,0
T003284,21.01,2,0,0,0,21.4,3,0
T003285,28.7,16,1,0,1,12.0,2,0
T003286,102.39,18,0,1,0,1.8,1,0
T003287,111.57,0,1,0,0,12.8,3,0
T003288,30.56,6,1,1,0,3.0,1,0
T003289,11.39,0,1,0,0,0.2,1,0
T003290,21.89,9,0,0,0,13.2,3,0
T003291,11.32,21,0,1,0,3.3,5,0
T003292,13.22,11,1,0,0,6.3,2,0
T003293,135.77,9,1,0,0,11.7,5,0
T003294,142.86,23,1,0,1,18.4,4,0
T003295,68.08,5,0,0,1,21.1,1,0
T003296,125.58,4,0,0,0,21.8,0,0
T003297,27.01,7,1,0,0,27.4,0,0
T003298,37.23,7,1,0,0,22.3,2,0
T003299,15.73,16,0,0,1,2.3,2,0
T003300,142.02,5,0,0,0,3.5,1,0
T003301,3.68,4,1,0,0,3.2,0,0
T003302,49.63,12,0,0,1,16.4,2,0
T003303,30.59,21,0,0,0,27.0,2,0
T003304,27.26,20,1,0,0,7.9,3,0
T003305,50.97,4,1,0,0,37.0,2,0
T003306,12.56,3,0,0,0,17.2,2,0
T003307,33.0,4,1,0,0,4.5,2,0
T003308,25.02,13,1,0,0,1.2,3,0
T003309,90.49,19,0,0,1,12.5,2,0
T003310,58.21,1,0,0,0,8.1,3,0
T003311,12.63,0,0,0,0,4.6,2,0
T003312,1.5,16,0,0,1,14.4,3,0
T003313,12.15,12,0,0,0,10.6,3,0
T003314,8.96,9,0,0,0,39.6,3,0
T003315,53.26,10,1,1,0,20.0,3,0
T003316,15.94,14,0,0,1,23.9,3,0
T003317,8.36,22,1,0,0,32.9,4,0
T003318,43.65,20,0,0,0,35.2,5,0
T003319,22.16,10,1,0,0,7.7,2,0
T003320,35.38,13,1,0,0,9.2,1,0
T003321,64.67,18,0,0,0,4.9,3,0
T003322,57.27,18,0,0,0,7.6,2,0
T003323,8.25,16,1,0,1,30.1,4,0
T003324,6.53,15,1,0,0,13.8,4,0
T003325,404.22,19,1,0,1,0.1,2,0
T003326,166.13,13,0,0,1,31.8,1,0
T003327,6.02,18,0,0,0,23.2,4,0
T003328,23.52,12,0,0,0,24.4,1,0
T003329,39.94,5,0,0,0,10.2,7,0
T003330,74.98,19,0,1,0,15.7,1,0
T003331,34.39,7,1,0,0,6.2,0,0
T003332,13.92,22,0,0,0,7.8,2,0
T003333,39.28,20,0,0,0,19.5,1,0
T003334,22.64,14,1,0,0,10.1,3,0
T003335,46.09,8,1,0,0,10.4,3,0
T003336,19.89,14,1,0,1,32.5,6,0
T003337,10.94,8,0,0,1,26.0,6,0
T003338,48.28,2,1,0,0,25.7,2,0
T003339,34.43,21,1,0,0,25.6,3,0
T003340,13.69,13,1,0,0,4.2,2,0
T003341,41.26,9,0,0,0,7.3,0,0
T003342,15.9,2,0,0,0,6.8,1,0
T003343,134.22,15,0,0,0,12.7,0,0
T003344,73.44,22,1,0,0,1.9,1,0
T003345,23.14,14,0,0,1,8.3,3,0
T003346,11.19,13,0,0,1,7.6,1,0
T003347,20.35,13,1,0,0,9.1,0,0
T003348,14.22,2,0,0,0,0.5,3,0
T003349,46.1,16,0,0,0,2.5,2,0
T003350,13.35,17,0,0,0,29.1,1,0
T003351,141.11,19,1,1,0,6.7,1,0
T003352,39.56,17,0,0,0,34.2,4,0
T003353,29.84,5,1,0,0,19.8,2,0
T003354,20.18,8,0,0,0,29.9,2,0
T003355,17.4,16,1,0,0,7.4,4,0
T003356,6.82,5,1,0,0,49.5,0,0
T003357,26.3,12,0,0,0,13.1,0,0
T003358,5.54,6,1,1,0,12.2,2,0
T003359,44.41,20,0,0,0,9.9,1,0
T003360,61.05,10,0,0,1,22.6,2,0
T003361,12.29,20,0,0,0,26.8,3,0
T003362,27.44,0,0,0,0,8.0,2,0
T003363,13.62,21,1,0,0,5.2,1,0
T003364,75.2,22,0,0,1,38.8,3,0
T003365,53.94,3,0,0,1,41.6,3,0
T003366,43.54,22,0,0,0,4.7,3,0
T003367,9.13,13,0,0,1,48.8,3,0
T003368,55.81,23,1,0,0,17.1,2,0
T003369,79.68,9,0,0,0,6.8,0,0
T003370,39.78,3,0,0,0,25.2,4,0
T003371,86.79,2,1,0,0,2.6,1,0
T003372,27.15,3,1,0,0,2.1,4,0
T003373,28.28,19,0,0,0,0.6,1,0
T003374,82.29,9,1,0,1,11.2,3,0
T003375,63.99,12,0,0,0,5.5,4,0
T003376,14.13,0,1,0,0,34.3,5,0
T003377,90.82,21,0,0,0,9.2,1,0
T003378,107.18,19,0,0,0,15.5,3,0
T003379,7.67,6,0,0,0,17.6,3,0
T003380,10.75,21,0,0,0,17.2,1,0
T003381,21.71,13,0,0,1,14.5,0,0
T003382,25.6,14,1,0,0,8.7,3,0
T003383,60.72,3,0,0,0,1.1,1,0
T003384,25.2,9,1,0,1,20.4,0,0
T003385,14.61,10,1,0,0,44.2,3,0
T003386,17.28,9,1,0,0,7.7,2,0
T003387,55.48,12,1,0,0,8.1,5,0
T003388,49.36,2,0,0,1,23.2,4,0
T003389,41.75,17,0,0,1,11.8,2,0
T003390,30.86,7,0,0,1,25.2,4,0
T003391,8.44,21,1,0,0,30.7,1,0
T003392,66.07,8,1,0,0,39.8,2,0
T003393,52.99,21,1,0,1,4.0,2,0
T003394,59.72,6,0,0,0,1.3,3,0
T003395,15.97,16,1,0,1,36.9,1,0
T003396,344.75,22,0,0,0,6.5,2,0
T003397,88.39,22,1,1,0,2.4,4,0
T003398,65.68,16,0,0,0,6.0,2,0
T003399,20.56,23,0,0,0,4.3,1,0
T003400,20.33,11,1,0,0,36.3,3,0
T003401,73.52,23,0,0,1,7.0,4,0
T003402,49.83,6,0,0,0,10.4,4,0
T003403,217.34,17,0,0,0,12.2,2,0
T003404,118.84,12,0,0,1,96.6,3,0
T003405,2.31,3,1,0,0,1.6,4,0
T003406,18.93,8,0,0,0,10.2,2,0
T003407,15.75,8,1,0,1,18.4,5,0
T003408,18.87,9,0,0,0,1.8,1,0
T003409,14.44,22,0,0,0,12.8,1,0
T003410,11.52,0,0,0,0,53.5,0,0
T003411,6.46,18,1,0,0,2.2,1,0
T003412,3.73,9,0,0,0,13.7,3,0
T003413,24.92,13,0,0,0,16.1,1,0
T003414,113.85,23,0,0,0,0.4,1,0
T003415,21.61,7,1,0,0,2.7,3,0
T003416,23.89,11,0,0,0,11.0,2,0
T003417,13.61,19,0,0,0,31.2,3,0
T003418,35.7,4,0,0,0,7.9,1,0
T003419,18.48,7,1,0,0,18.5,0,0
T003420,95.69,6,0,0,0,43.9,4,0
T003421,29.15,18,0,0,1,4.6,2,0
T003422,41.72,6,1,0,0,31.3,1,0
T003423,49.31,22,1,0,0,0.6,3,0
T003424,32.74,13,0,0,0,10.6,1,0
T003425,50.19,11,0,0,0,5.3,2,0
T003426,39.64,2,0,0,1,3.7,0,0
T003427,175.24,18,1,0,0,48.6,2,0
T003428,11.19,3,0,0,1,24.5,1,0
T003429,37.27,18,0,0,0,23.8,3,0
T003430,43.83,19,1,0,0,25.0,5,0
T003431,11.68,10,1,0,0,10.5,2,0
T003432,31.71,4,0,0,0,30.9,3,0
T003433,131.88,8,0,0,0,13.8,0,0
T003434,5.54,8,0,0,0,16.7,0,0
T003435,30.16,9,0,0,0,51.6,2,0
T003436,18.12,23,0,0,1,80.9,3,0
T003437,12.3,15,1,0,1,19.0,1,0
T003438,19.45,0,0,0,0,42.8,2,0
T003439,35.33,18,0,0,0,25.9,1,0
T003440,83.32,12,1,0,0,25.3,0,0
T003441,25.41,0,1,0,1,9.2,1,0
T003442,33.29,9,0,0,0,29.0,3,0
T003443,29.63,14,0,0,0,31.5,3,0
T003444,59.8,8,0,0,0,8.0,4,0
T003445,22.09,3,1,0,0,5.3,5,0
T003446,24.68,5,0,0,1,24.3,0,0
T003447,39.01,8,0,0,0,17.8,4,0
T003448,46.2,21,0,0,1,85.4,2,0
T003449,35.11,20,1,0,1,18.5,3,0
T003450,55.44,12,1,0,0,8.0,1,0
T003451,50.67,10,1,0,0,18.5,4,0
T003452,5.83,15,1,0,1,32.9,0,0
T003453,211.51,17,0,0,0,4.2,1,0
T003454,51.74,5,0,0,0,9.5,3,0
T003455,4.01,23,1,0,0,17.6,2,0
T003456,108.91,21,0,0,0,6.1,0,0
T003457,65.73,20,0,0,0,18.0,1,0
T003458,12.25,17,1,1,0,0.8,2,0
T003459,12.67,7,1,1,0,7.6,3,0
T003460,26.38,17,0,0,0,25.0,8,0
T003461,17.38,8,0,1,0,32.3,2,0
T003462,89.78,11,1,0,0,9.3,2,0
T003463,7.91,21,1,0,0,34.2,3,0
T003464,219.01,8,1,1,0,38.4,2,1
T003465,133.7,4,0,0,1,4.8,2,0
T003466,10.51,18,0,0,1,35.6,1,0
T003467,9.4,19,1,0,0,20.8,3,0
T003468,40.07,18,1,0,0,44.2,2,0
T003469,31.23,15,1,0,1,19.9,3,0
T003470,93.35,0,1,0,0,25.2,5,0
T003471,42.68,5,0,0,1,8.4,1,0
T003472,112.58,8,1,0,0,46.1,4,0
T003473,15.65,9,1,0,0,15.8,4,0
T003474,77.17,22,0,0,0,35.6,1,0
T003475,34.09,6,0,0,0,34.2,3,0
T003476,2.37,18,0,0,0,4.3,1,0
T003477,7.25,18,0,0,0,22.3,4,0
T003478,23.97,3,0,1,0,12.6,2,0
T003479,75.2,23,1,0,0,3.5,4,0
T003480,24.67,16,0,0,1,23.3,0,0
T003481,15.02,12,1,0,0,1.2,0,0
T003482,53.2,5,0,0,0,43.4,1,0
T003483,19.01,21,1,0,0,7.5,2,0
T003484,43.31,14,0,0,0,2.9,1,0
T003485,27.49,1,1,0,0,16.3,2,0
T003486,749.73,9,0,0,0,17.9,2,0
T003487,36.97,2,0,0,1,36.1,0,0
T003488,93.44,17,0,0,0,0.1,2,0
T003489,46.2,18,0,0,0,53.5,4,0
T003490,43.14,16,0,0,0,5.1,2,0
T003491,31.27,20,1,0,1,1.8,2,0
T003492,106.05,16,0,0,1,17.5,2,0
T003493,17.34,1,1,0,0,23.2,1,0
T003494,6.9,5,0,0,0,8.4,1,0
T003495,105.19,21,1,0,0,13.8,2,0
T003496,50.54,12,0,0,0,22.4,1,0
T003497,19.53,16,0,1,0,25.6,1,0
T003498,75.05,17,0,0,0,29.9,2,0
T003499,48.18,23,1,0,0,25.5,3,0
T003500,61.5,13,0,0,1,68.5,1,0
T003501,51.35,7,1,0,0,15.7,0,0
T003502,37.41,17,0,0,1,14.0,0,0
T003503,19.71,23,1,0,0,11.1,1,0
T003504,23.88,11,0,0,0,34.6,3,0
T003505,79.27,12,1,1,0,5.0,2,0
T003506,86.59,20,0,0,0,32.4,4,0
T003507,36.96,4,1,0,0,4.1,4,0
T003508,114.53,19,0,0,0,67.8,1,0
T003509,32.93,22,1,0,0,9.0,2,0
T003510,112.85,3,0,0,0,19.6,1,0
T003511,157.07,22,1,0,0,5.1,2,0
T003512,59.29,6,0,0,0,25.5,1,0
T003513,21.63,1,1,0,0,1.3,5,0
T003514,32.77,13,0,0,1,45.3,2,0
T003515,25.24,22,1,0,0,4.4,3,0
T003516,30.63,1,1,0,1,13.7,0,0
T003517,17.52,1,1,0,1,21.4,2,0
T003518,44.92,13,0,0,1,26.5,1,0
T003519,7.52,2,0,0,0,5.9,0,0
T003520,9.1,19,0,0,1,42.1,2,0
T003521,31.79,21,1,0,0,8.6,1,0
T003522,32.83,18,0,0,0,17.6,1,0
T003523,7.55,5,1,0,0,2.3,3,0
T003524,41.48,10,0,1,0,18.5,1,0
T003525,46.16,10,0,1,1,1.6,4,0
T003526,43.24,12,1,0,0,37.6,0,0
T003527,16.53,3,0,0,1,27.6,2,0
T003528,51.43,3,0,1,0,3.1,4,0
T003529,38.04,10,0,0,1,27.2,4,0
T003530,20.55,19,1,1,0,9.5,0,0
T003531,23.48,14,1,0,0,1.0,1,0
T003532,4.07,6,1,0,0,18.4,3,0
T003533,31.4,6,0,0,0,24.2,3,0
T003534,19.52,13,1,0,0,35.2,1,0
T003535,21.53,9,0,0,0,36.5,1,0
T003536,91.69,0,0,1,0,15.6,2,0
T003537,25.53,20,0,0,0,28.7,2,0
T003538,6.91,0,0,0,0,0.2,5,0
T003539,18.42,8,0,0,1,11.9,1,0
T003540,72.84,18,0,1,0,39.8,3,0
T003541,13.75,16,0,0,0,8.0,2,0
T003542,42.27,16,1,0,0,14.0,3,0
T003543,46.65,18,1,0,0,57.6,2,0
T003544,76.96,9,1,0,1,51.1,3,0
T003545,26.48,20,1,0,0,15.7,2,0
T003546,28.41,22,0,0,0,8.9,1,0
T003547,4.35,11,1,0,0,21.5,2,0
T003548,34.16,19,0,0,0,2.3,5,0
T003549,85.29,19,0,0,0,24.4,1,0
T003550,24.47,2,0,0,1,9.7,3,0
T003551,53.53,17,1,0,0,3.1,5,0
T003552,186.56,18,1,0,1,12.3,3,0
T003553,4.49,4,0,0,1,42.6,4,0
T003554,52.88,22,1,0,0,4.7,3,0
T003555,96.35,7,1,0,0,50.8,2,0
T003556,29.58,20,1,0,0,26.2,0,0
T003557,25.59,7,0,0,0,19.6,0,0
T003558,8.08,4,1,0,1,0.5,1,0
T003559,9.86,4,1,1,0,16.2,3,0
T003560,10.76,15,1,0,0,9.3,3,0
T003561,41.23,0,1,0,0,5.0,3,0
T003562,7.65,23,0,0,0,27.1,2,0
T003563,7.98,23,1,0,0,8.9,0,0
T003564,4.3,10,1,0,0,16.8,4,0
T003565,125.56,20,0,0,1,5.7,4,0
T003566,27.61,15,0,0,0,21.2,6,0
T003567,18.31,3,0,0,0,3.2,0,0
T003568,6.96,12,1,0,0,26.3,2,0
T003569,234.15,18,1,0,0,5.6,1,0
T003570,21.48,10,1,0,0,6.1,4,0
T003571,173.94,21,1,0,0,24.7,3,0
T003572,82.06,9,1,0,0,3.8,2,0
T003573,58.03,10,0,0,0,8.2,3,0
T003574,113.29,9,0,0,0,58.4,4,0
T003575,113.08,19,0,0,0,29.2,0,0
T003576,170.84,8,1,0,0,17.3,1,0
T003577,47.07,11,1,0,0,8.1,0,0
T003578,41.73,15,0,0,0,47.1,3,0
T003579,14.87,18,0,0,0,7.4,2,0
T003580,14.83,18,0,0,0,3.8,2,0
T003581,20.01,3,1,0,1,0.5,1,0
T003582,27.89,21,1,0,0,12.3,3,0
T003583,137.72,18,0,0,0,16.3,3,0
T003584,152.46,13,1,1,1,6.6,2,0
T003585,88.04,17,1,0,0,7.3,0,0
T003586,43.31,17,0,0,0,7.8,2,0
T003587,86.97,0,1,0,0,21.0,1,0
T003588,95.83,20,1,0,0,25.5,2,0
T003589,27.98,3,0,0,0,2.3,5,0
T003590,15.96,22,0,0,0,12.1,1,0
T003591,73.54,17,0,0,0,3.6,0,0
T003592,34.3,10,1,0,0,2.1,4,0
T003593,648.06,12,0,0,0,13.3,2,0
T003594,26.34,17,0,0,0,10.4,0,0
T003595,60.2,15,1,0,0,4.4,3,0
T003596,22.5,2,1,0,0,9.6,3,0
T003597,42.14,18,1,0,1,43.8,2,0
T003598,49.15,10,0,0,0,2.3,2,0
T003599,32.17,4,1,0,1,0.6,5,0
T003600,42.04,8,1,0,0,45.9,3,0
T003601,376.98,15,1,0,0,3.6,1,0
T003602,13.6,10,0,0,0,31.2,1,0
T003603,64.56,7,0,0,0,19.3,3,0
T003604,42.42,2,0,0,0,7.8,2,0
T003605,14.32,7,1,0,0,3.5,1,0
T003606,10.37,0,1,0,0,8.7,1,0
T003607,172.02,7,1,0,0,11.7,0,0
T003608,105.66,23,0,0,0,13.8,0,0
T003609,189.28,8,1,0,0,21.5,1,0
T003610,46.15,20,0,0,0,1.5,2,0
T003611,20.63,16,0,0,0,17.5,2,0
T003612,36.06,9,1,0,0,37.1,1,0
T003613,19.64,22,0,0,0,25.8,1,0
T003614,20.92,5,0,0,0,19.3,0,0
T003615,40.25,21,0,0,0,30.6,1,0
T003616,50.77,20,0,1,0,0.2,1,0
T003617,82.54,19,0,1,0,16.0,2,0
T003618,4.9,22,0,0,0,3.2,1,0
T003619,38.18,13,1,0,1,45.5,4,0
T003620,11.48,14,1,0,0,88.3,3,0
T003621,43.48,22,0,0,1,41.4,5,0
T003622,116.39,0,0,0,0,5.1,2,0
T003623,188.57,15,0,0,0,42.4,2,0
T003624,24.51,21,0,1,0,7.8,1,0
T003625,119.09,1,1,0,0,64.1,4,1
T003626,129.58,18,0,0,0,17.7,2,0
T003627,68.86,16,0,0,0,39.5,5,0
T003628,86.75,1,0,0,0,22.7,4,0
T003629,175.38,22,0,0,0,9.3,0,0
T003630,12.91,0,1,0,0,2.3,2,0
T003631,50.19,10,1,0,1,8.7,2,0
T003632,131.55,11,1,0,1,10.2,2,0
T003633,7.57,0,1,0,0,11.0,2,0
T003634,46.33,19,0,0,0,6.8,2,0
T003635,6.7,8,0,0,0,19.0,2,0
T003636,12.37,7,1,0,1,11.3,2,1
T003637,21.36,18,1,0,0,0.0,3,0
T003638,32.58,12,0,0,0,1.5,4,0
T003639,223.96,15,0,1,1,9.4,4,0
T003640,50.68,6,0,0,1,3.2,5,0
T003641,32.28,8,0,0,0,0.9,3,0
T003642,58.78,15,1,0,0,20.6,6,0
T003643,65.58,6,0,0,0,7.0,1,0
T003644,10.81,16,0,0,1,24.0,3,0
T003645,34.85,3,1,0,0,11.8,0,0
T003646,21.25,7,0,0,0,56.6,1,0
T003647,198.56,17,0,0,0,2.8,3,0
T003648,54.46,1,0,0,0,15.6,5,0
T003649,19.56,5,0,0,1,34.1,2,0
T003650,34.36,18,1,0,1,5.2,1,0
T003651,42.49,12,0,0,0,16.3,1,0
T003652,10.67,20,0,0,0,2.3,1,0
T003653,27.6,15,1,0,0,13.8,2,0
T003654,12.71,17,1,0,0,17.4,3,0
T003655,13.25,12,1,0,1,9.9,3,0
T003656,39.15,8,0,0,1,13.4,0,0
T003657,10.65,15,0,0,0,27.1,5,0
T003658,33.12,10,0,0,0,28.0,2,0
T003659,90.48,15,0,0,0,35.4,2,0
T003660,15.55,2,0,0,0,1.9,4,0
T003661,82.17,6,0,0,0,11.5,1,0
T003662,16.6,22,1,0,0,13.0,3,0
T003663,6.41,17,1,0,0,9.3,5,0
T003664,106.8,4,1,0,0,7.1,2,0
T003665,53.24,12,1,0,0,9.0,3,0
T003666,7.41,7,0,0,0,15.4,3,0
T003667,9.72,0,0,0,0,8.9,0,0
T003668,5.82,6,1,0,0,1.5,4,0
T003669,31.5,7,0,0,0,11.4,0,0
T003670,22.79,14,0,0,0,3.6,1,0
T003671,0.79,14,0,1,0,20.6,2,0
T003672,30.61,15,1,0,0,14.2,5,0
T003673,15.63,4,0,0,1,45.2,3,0
T003674,65.23,0,1,1,0,4.2,3,0
T003675,75.56,22,0,0,0,48.7,0,0
T003676,15.65,20,1,0,0,8.6,2,0
T003677,19.85,5,0,1,0,26.9,0,0
T003678,19.11,21,1,0,0,5.7,2,0
T003679,45.59,7,1,0,0,9.2,4,0
T003680,169.05,6,0,1,0,16.4,0,0
T003681,14.62,6,0,0,0,54.7,5,0
T003682,14.66,10,1,0,0,84.3,2,0
T003683,8.45,16,1,0,0,1.7,5,0
T003684,36.71,14,1,0,0,5.9,3,0
T003685,70.97,21,1,0,1,7.8,4,0
T003686,11.95,3,0,0,1,18.1,4,0
T003687,161.52,5,0,0,0,6.7,5,0
T003688,49.52,7,1,0,0,39.2,3,0
T003689,45.58,1,0,0,0,51.5,0,0
T003690,124.28,3,0,0,0,40.9,4,0
T003691,118.1,21,0,0,0,21.2,3,0
T003692,6.6,8,1,0,0,2.5,4,0
T003693,30.56,20,0,0,1,28.1,3,0
T003694,248.59,20,1,0,0,8.0,1,1
T003695,15.11,23,1,1,0,87.0,0,0
T003696,51.16,8,1,0,0,10.7,0,0
T003697,3.48,6,0,0,0,6.6,0,0
T003698,5.3,13,1,1,0,4.5,4,0
T003699,21.29,10,0,0,0,5.8,2,0
T003700,21.89,23,0,0,1,32.3,5,0
T003701,10.76,21,0,0,0,17.5,3,0
T003702,34.8,6,1,0,0,2.2,0,0
T003703,11.58,18,1,0,1,27.0,5,0
T003704,21.73,18,0,0,0,15.6,2,0
T003705,36.11,20,0,1,0,3.2,1,0
T003706,19.49,6,0,0,0,13.1,2,0
T003707,31.62,2,0,0,1,27.2,3,0
T003708,62.8,14,0,1,0,1.4,0,0
T003709,37.36,2,1,0,0,17.7,2,0
T003710,98.23,14,1,0,0,1.5,1,0
T003711,25.82,0,0,0,0,7.8,3,0
T003712,35.23,8,1,0,0,41.7,2,0
T003713,10.78,19,0,0,0,11.0,3,0
T003714,57.93,22,0,0,0,30.6,2,0
T003715,9.89,20,1,0,0,8.9,3,0
T003716,47.72,5,0,0,0,24.1,2,0
T003717,34.17,17,0,0,0,0.9,3,0
T003718,17.27,8,0,0,0,39.1,6,0
T003719,105.48,9,0,0,1,21.6,3,0
T003720,112.72,3,1,0,1,15.7,1,0
T003721,41.08,18,1,0,0,37.3,6,0
T003722,24.14,13,1,0,0,32.8,3,0
T003723,46.18,1,0,0,0,27.5,1,0
T003724,290.02,12,0,0,0,21.0,0,0
T003725,11.13,17,0,0,0,5.8,4,0
T003726,11.35,19,1,0,0,7.3,0,0
T003727,32.01,20,0,0,0,6.6,2,0
T003728,209.7,15,0,0,0,3.9,1,0
T003729,134.88,22,1,1,0,16.9,3,0
T003730,20.94,10,1,1,0,18.3,2,0
T003731,315.91,13,1,0,1,20.8,2,0
T003732,19.8,22,1,0,0,10.4,3,0
T003733,45.95,1,1,1,1,18.7,1,0
T003734,18.32,18,0,0,0,41.2,3,0
T003735,42.35,20,0,0,0,57.8,4,0
T003736,30.65,4,0,0,0,56.6,1,0
T003737,22.56,13,0,0,0,40.3,1,0
T003738,130.76,19,1,0,0,1.5,2,0
T003739,10.16,7,1,0,0,3.9,2,0
T003740,22.84,10,0,0,1,16.7,3,0
T003741,2.82,10,1,0,0,2.7,0,0
T003742,13.86,3,0,0,0,7.4,0,0
T003743,28.2,8,1,0,1,1.2,2,0
T003744,22.43,14,0,0,0,27.8,1,0
T003745,31.4,14,1,0,0,5.5,2,0
T003746,24.37,8,0,0,0,9.0,4,0
T003747,232.76,17,1,0,0,38.6,1,0
T003748,30.77,7,0,0,0,4.4,1,0
T003749,37.03,0,0,0,1,22.3,3,0
T003750,101.96,19,0,0,1,16.2,3,0
T003751,18.64,1,1,0,0,16.2,2,0
T003752,34.63,18,1,0,1,2.9,2,0
T003753,90.15,17,0,0,0,16.1,3,0
T003754,12.89,9,1,0,1,20.0,1,0
T003755,82.78,22,0,0,0,78.3,2,0
T003756,58.48,7,0,0,0,7.4,2,0
T003757,16.17,7,0,0,0,3.8,4,0
T003758,38.03,2,1,0,0,25.1,2,0
T003759,25.57,1,1,0,0,14.7,0,0
T003760,56.0,3,1,0,0,6.5,3,0
T003761,97.81,17,1,0,1,5.3,2,0
T003762,49.74,17,0,0,0,9.0,3,0
T003763,88.64,21,1,0,0,24.1,2,0
T003764,71.39,13,0,0,1,19.7,2,0
T003765,5.52,23,0,0,0,9.9,3,0
T003766,22.53,7,1,0,0,7.8,4,0
T003767,15.81,9,1,0,0,12.7,2,0
T003768,273.98,21,0,0,0,18.0,7,0
T003769,24.89,20,1,0,1,11.0,1,0
T003770,72.05,19,0,0,0,3.3,1,0
T003771,4.48,11,0,0,0,7.4,3,0
T003772,506.42,1,1,0,0,11.7,1,0
T003773,8.91,22,0,0,0,11.8,4,0
T003774,73.24,19,1,0,0,18.6,6,0
T003775,53.48,7,0,0,0,16.7,2,0
T003776,103.42,19,0,0,0,15.2,2,0
T003777,23.61,21,1,0,0,22.9,4,0
T003778,12.0,11,1,0,0,13.0,2,0
T003779,112.7,2,0,0,0,1.2,1,0
T003780,49.96,5,1,0,0,47.3,2,0
T003781,74.4,0,1,0,0,15.5,1,0
T003782,75.17,20,0,0,0,4.4,6,0
T003783,153.39,15,1,0,0,19.3,0,0
T003784,20.79,4,0,0,0,21.2,8,0
T003785,74.53,17,0,0,0,28.9,2,0
T003786,20.39,20,1,0,0,25.1,1,0
T003787,25.18,20,0,0,1,4.2,2,0
T003788,15.81,7,0,1,0,24.6,1,0
T003789,11.24,15,0,1,1,55.9,1,0
T003790,23.87,14,0,0,0,13.7,2,0
T003791,26.09,6,1,0,0,25.9,4,0
T003792,31.9,5,0,0,0,67.8,5,0
T003793,14.45,4,0,0,0,0.3,1,0
T003794,78.77,9,0,0,1,21.0,1,0
T003795,96.44,7,0,0,0,17.5,0,0
T003796,46.94,0,0,0,0,1.2,3,0
T003797,98.07,20,1,0,0,7.6,3,0
T003798,32.12,21,0,0,0,8.9,1,0
T003799,55.57,6,1,0,0,14.1,1,0
T003800,3.92,10,0,0,1,0.3,2,0
T003801,14.36,2,0,0,0,30.7,2,0
T003802,21.77,1,0,0,0,36.9,1,0
T003803,18.47,0,1,0,0,14.6,3,0
T003804,32.3,9,0,0,0,1.5,2,0
T003805,6.98,11,1,0,0,54.2,2,0
T003806,6.34,11,1,1,0,47.6,3,0
T003807,173.83,11,1,1,0,6.2,2,0
T003808,23.7,4,1,0,1,2.4,1,0
T003809,24.55,7,0,0,0,6.8,4,0
T003810,74.35,0,0,0,0,9.1,1,0
T003811,16.03,10,1,0,1,7.0,5,0
T003812,7.99,2,1,0,0,7.7,1,0
T003813,10.95,2,1,0,1,7.4,2,0
T003814,69.44,8,1,0,0,67.2,1,0
T003815,107.82,5,1,0,0,7.2,0,0
T003816,15.24,13,1,1,0,5.4,1,0
T003817,40.26,18,0,0,0,11.0,3,0
T003818,82.36,16,1,1,0,1.9,1,0
T003819,32.38,8,0,0,0,3.7,1,0
T003820,48.97,2,0,0,0,5.0,2,0
T003821,16.67,17,1,0,0,3.0,4,0
T003822,52.74,11,1,0,0,3.5,1,0
T003823,26.68,18,0,0,0,12.4,4,0
T003824,26.11,0,1,0,0,27.0,0,0
T003825,35.54,17,0,0,0,26.4,2,0
T003826,46.02,16,0,1,0,15.6,2,0
T003827,9.26,13,1,0,0,4.3,3,0
T003828,147.35,18,0,0,1,6.5,0,0
T003829,82.35,11,1,0,1,27.0,2,0
T003830,271.28,14,0,0,0,47.0,2,0
T003831,26.06,15,0,0,1,7.5,1,0
T003832,85.37,20,1,0,0,1.7,3,0
T003833,36.82,12,1,0,1,11.2,1,0
T003834,17.57,9,0,0,0,31.8,2,0
T003835,72.5,18,0,1,1,3.1,4,0
T003836,6.77,21,0,0,0,5.1,5,0
T003837,11.44,11,1,0,0,1.6,0,0
T003838,42.34,20,1,0,0,18.8,0,0
T003839,38.24,0,1,1,0,23.3,2,0
T003840,53.85,16,0,0,1,10.9,4,0
T003841,127.55,11,1,0,0,2.0,4,0
T003842,25.45,5,1,0,0,13.7,3,0
T003843,173.4,8,1,0,1,19.8,3,0
T003844,2.42,20,0,0,0,3.9,1,0
T003845,122.11,23,0,0,0,6.2,2,0
T003846,22.98,1,0,0,0,27.4,2,0
T003847,118.45,16,0,1,0,21.2,5,0
T003848,42.29,21,0,0,0,10.6,2,0
T003849,21.91,1,0,1,0,5.4,6,0
T003850,5.59,7,1,0,0,19.1,3,0
T003851,28.18,10,1,0,0,15.0,1,0
T003852,16.25,4,0,0,0,16.1,4,0
T003853,99.84,20,0,0,0,13.8,1,0
T003854,16.61,5,0,0,0,15.1,1,0
T003855,66.61,21,0,0,0,16.7,3,0
T003856,65.99,3,0,0,0,13.1,1,0
T003857,133.62,10,0,0,0,10.9,0,0
T003858,46.15,4,1,0,0,2.0,2,0
T003859,15.28,2,1,0,0,41.8,2,0
T003860,7.73,2,1,0,0,28.1,3,0
T003861,55.88,6,0,0,0,21.1,4,0
T003862,15.57,17,0,1,0,23.2,2,0
T003863,66.65,4,1,0,0,13.5,3,0
T003864,165.24,4,0,0,0,23.5,6,0
T003865,145.33,14,0,0,1,10.1,2,0
T003866,105.39,18,0,0,0,11.9,1,0
T003867,102.52,14,0,0,0,1.4,2,0
T003868,132.35,1,1,0,0,35.0,0,0
T003869,6.47,15,1,0,0,6.9,0,0
T003870,58.97,16,1,0,1,39.5,2,0
T003871,14.92,2,0,0,0,9.6,0,0
T003872,79.94,15,1,0,0,10.7,3,0
T003873,41.05,16,1,1,0,31.2,1,0
T003874,42.41,17,1,0,0,0.2,1,0
T003875,51.75,22,1,0,0,7.4,2,0
T003876,19.37,14,0,0,0,2.7,4,0
T003877,55.84,13,1,0,0,24.4,2,0
T003878,147.54,18,0,0,0,1.1,4,0
T003879,47.92,23,1,0,0,15.3,3,0
T003880,63.23,7,0,0,0,8.5,5,0
T003881,21.01,9,0,0,1,8.9,1,0
T003882,38.08,23,1,0,0,11.0,5,0
T003883,72.75,1,0,1,0,10.6,0,0
T003884,97.6,22,0,0,0,3.3,3,0
T003885,34.27,21,1,0,0,12.1,3,0
T003886,94.93,11,1,0,0,20.8,4,0
T003887,17.86,20,0,0,0,34.6,0,0
T003888,34.93,0,0,0,1,19.6,1,0
T003889,73.51,22,0,0,0,2.4,4,0
T003890,45.11,20,1,0,0,34.8,0,0
T003891,61.09,1,0,0,1,17.7,0,0
T003892,18.5,7,0,0,1,16.8,2,0
T003893,51.44,0,1,0,1,14.6,1,0
T003894,72.15,3,0,0,0,11.7,0,0
T003895,79.03,7,1,0,0,2.0,2,0
T003896,7.53,4,1,0,0,27.9,1,0
T003897,65.29,4,0,0,0,14.4,2,0
T003898,66.5,4,0,0,0,5.3,1,0
T003899,157.41,18,0,0,1,6.3,3,0
T003900,12.13,13,1,1,1,11.2,1,0
T003901,10.67,17,0,0,0,22.7,3,0
T003902,14.56,18,0,0,0,16.5,4,0
T003903,60.95,5,0,0,1,8.6,1,0
T003904,170.87,18,0,0,0,9.1,3,0
T003905,479.0,10,1,0,0,13.7,2,0
T003906,29.58,7,0,1,0,6.2,2,0
T003907,106.46,20,0,0,0,7.4,2,0
T003908,40.37,14,0,0,0,91.1,2,0
T003909,4.61,6,1,0,0,48.0,5,0
T003910,74.32,19,0,0,0,14.6,2,0
T003911,12.72,18,1,0,0,10.3,3,0
T003912,86.52,16,0,0,0,20.1,4,0
T003913,268.21,3,1,0,1,23.5,3,0
T003914,11.88,22,1,0,0,11.2,2,0
T003915,42.81,5,0,0,0,12.0,1,0
T003916,4.02,22,0,0,0,26.0,2,0
T003917,60.49,15,1,0,1,4.6,3,0
T003918,131.05,18,1,0,0,11.8,1,0
T003919,114.39,15,1,0,0,4.4,1,0
T003920,20.8,5,0,0,0,10.3,1,0
T003921,26.95,6,1,0,0,1.7,4,0
T003922,15.45,6,1,0,1,20.1,0,0
T003923,550.44,11,1,0,0,5.1,2,0
T003924,30.02,19,0,1,0,10.7,2,0
T003925,56.44,0,0,0,0,1.3,5,0
T003926,101.14,1,1,0,0,27.9,4,0
T003927,155.36,20,1,0,0,20.2,3,0
T003928,60.88,1,0,0,1,67.1,5,0
T003929,32.99,5,1,0,0,67.0,2,0
T003930,25.39,20,1,0,1,6.0,5,0
T003931,76.76,3,0,0,0,0.8,0,0
T003932,134.84,20,1,0,1,11.3,3,0
T003933,45.41,14,0,0,0,16.6,2,0
T003934,18.39,9,0,0,0,21.2,2,0
T003935,26.65,10,0,0,0,49.2,2,0
T003936,14.69,9,0,0,0,8.9,1,0
T003937,24.29,8,0,0,0,6.1,4,0
T003938,16.65,18,1,0,0,23.1,3,0
T003939,53.72,18,0,0,1,8.8,2,0
T003940,33.36,3,1,0,0,53.1,0,0
T003941,60.47,7,1,0,1,5.7,1,0
T003942,105.76,0,0,0,0,11.1,3,0
T003943,98.73,9,0,0,0,25.9,1,0
T003944,13.18,11,0,0,1,23.1,5,0
T003945,9.5,23,1,1,1,39.5,1,1
T003946,72.05,11,0,0,1,1.9,0,0
T003947,67.07,19,1,0,0,40.6,6,0
T003948,134.4,13,1,0,0,14.0,1,0
T003949,139.7,6,0,0,0,14.4,2,0
T003950,13.03,18,1,0,1,6.3,2,0
T003951,66.23,13,0,0,0,27.4,1,0
T003952,17.38,7,1,0,0,51.2,2,0
T003953,208.27,2,1,0,0,26.0,2,0
T003954,45.71,3,1,0,0,32.2,4,0
T003955,23.72,23,0,0,0,49.0,2,0
T003956,86.94,3,0,0,0,113.8,1,0
T003957,50.07,13,0,0,0,14.1,2,0
T003958,59.84,16,1,0,0,0.3,3,0
T003959,4.81,8,0,0,0,6.3,4,0
T003960,12.46,11,1,0,0,3.6,3,0
T003961,2.9,22,0,0,0,46.4,3,0
T003962,37.58,22,1,0,0,16.9,3,0
T003963,39.66,14,1,0,1,20.8,1,0
T003964,20.02,16,0,0,1,4.0,4,0
T003965,232.08,11,0,0,0,29.0,1,0
T003966,41.01,17,1,0,0,12.4,2,0
T003967,32.25,23,1,1,1,28.1,1,0
T003968,8.61,10,0,0,0,14.5,3,0
T003969,23.88,19,0,0,1,70.5,2,0
T003970,10.47,18,1,0,0,4.5,0,0
T003971,7.83,20,0,0,0,4.5,4,0
T003972,16.2,20,0,0,0,3.7,0,0
T003973,103.95,9,0,1,0,16.1,4,0
T003974,216.45,7,1,0,0,23.3,2,0
T003975,37.92,0,1,0,0,1.9,2,0
T003976,89.93,19,0,0,0,24.1,1,0
T003977,13.37,13,0,0,0,15.8,1,0
T003978,27.84,9,1,0,1,9.2,3,0
T003979,40.75,9,0,0,0,12.0,5,0
T003980,22.23,17,1,0,0,20.0,2,0
T003981,36.47,9,0,0,0,39.3,1,0
T003982,25.24,20,0,0,0,2.3,2,0
T003983,16.18,15,1,0,1,28.5,2,1
T003984,57.64,12,1,0,1,4.1,0,0
T003985,17.28,15,1,0,0,6.2,3,0
T003986,183.46,23,1,0,1,19.5,7,0
T003987,120.89,3,0,0,0,22.4,4,0
T003988,49.22,12,1,0,0,3.4,2,0
T003989,112.62,13,0,0,0,38.1,2,0
T003990,43.89,20,0,0,0,2.2,2,0
T003991,83.88,14,1,0,1,12.9,3,0
T003992,5.96,12,0,0,1,36.6,1,0
T003993,16.84,18,0,0,0,30.0,2,0
T003994,57.72,19,1,0,0,4.3,4,1
T003995,170.71,5,1,0,0,11.5,2,0
T003996,90.24,16,0,0,0,19.3,4,0
T003997,103.96,4,0,1,1,18.1,2,0
T003998,59.25,5,0,0,0,18.2,3,0
T003999,14.23,20,0,0,1,13.1,3,0
T004000,79.12,10,1,0,0,20.9,2,0
T004001,48.81,15,1,1,0,16.0,3,0
T004002,9.93,23,0,0,0,4.2,0,0
T004003,31.35,21,1,0,0,11.1,1,0
T004004,108.52,4,1,0,0,29.2,2,0
T004005,53.45,22,1,0,0,36.5,1,0
T004006,40.2,1,0,0,0,4.9,4,0
T004007,30.34,20,0,0,0,40.6,7,0
T004008,59.43,0,1,0,0,14.8,1,0
T004009,49.97,4,1,0,0,2.5,1,0
T004010,35.97,17,1,0,0,4.6,1,0
T004011,53.54,0,1,0,0,10.2,2,0
T004012,41.34,19,0,0,0,16.6,2,0
T004013,37.23,16,0,0,0,18.1,3,0
T004014,26.66,17,0,1,0,5.1,1,0
T004015,18.25,20,0,0,0,29.0,3,0
T004016,29.97,7,0,0,0,0.4,0,0
T004017,17.18,7,1,1,0,14.9,1,0
T004018,27.03,14,0,0,0,21.3,1,0
T004019,66.06,5,0,0,0,39.2,2,0
T004020,20.97,14,0,0,0,8.0,7,0
T004021,59.75,3,1,0,0,15.6,3,0
T004022,42.08,14,0,0,0,14.5,2,0
T004023,11.31,10,0,0,0,3.4,2,0
T004024,52.13,19,0,1,1,9.5,4,0
T004025,34.58,5,0,0,0,10.6,0,0
T004026,354.12,1,0,1,0,1.6,1,0
T004027,94.22,10,1,0,0,12.4,2,0
T004028,182.26,22,0,0,0,31.0,2,0
T004029,50.04,16,1,0,0,32.8,1,0
T004030,14.29,3,0,0,1,36.3,1,0
T004031,25.02,12,1,0,0,6.0,4,0
T004032,103.72,11,0,0,0,19.1,0,0
T004033,98.1,9,0,1,0,1.0,2,0
T004034,252.62,14,0,0,0,42.1,3,0
T004035,20.86,10,0,0,0,28.5,2,0
T004036,11.58,0,0,0,0,8.8,4,0
T004037,191.9,19,0,0,0,7.7,3,0
T004038,82.92,15,1,0,0,13.9,3,0
T004039,15.4,2,0,0,0,11.1,2,0
T004040,203.7,6,0,1,0,16.6,2,0
T004041,61.64,8,1,0,0,10.7,0,0
T004042,30.61,8,0,0,0,10.2,2,0
T004043,79.43,17,0,0,1,29.7,1,0
T004044,51.02,9,1,0,0,11.0,1,0
T004045,119.88,6,0,0,0,18.9,3,0
T004046,36.33,9,0,0,0,9.0,1,0
T004047,153.32,13,0,0,1,14.9,2,0
T004048,43.72,15,0,0,0,9.0,0,0
T004049,4.61,23,0,0,1,46.5,4,0
T004050,108.16,14,1,0,0,16.3,4,0
T004051,13.16,6,1,1,0,14.3,1,0
T004052,6.97,20,1,0,1,17.5,0,0
T004053,145.48,20,0,0,0,8.1,4,0
T004054,519.69,4,1,0,0,10.2,4,0
T004055,11.69,4,0,0,0,4.4,2,0
T004056,33.11,18,1,0,0,36.0,1,0
T004057,25.28,15,1,0,0,8.6,2,0
T004058,21.3,19,0,0,0,8.3,1,0
T004059,34.57,9,0,0,0,34.6,4,0
T004060,169.94,17,0,0,0,11.6,5,0
T004061,28.68,9,1,0,0,10.7,3,0
T004062,58.75,14,0,0,0,35.7,2,0
T004063,68.54,0,0,0,0,54.6,2,0
T004064,24.45,23,0,0,0,23.8,4,0
T004065,19.67,14,0,0,0,2.2,4,0
T004066,41.25,19,0,0,0,15.1,2,0
T004067,12.1,13,0,0,0,2.3,1,0
T004068,71.44,19,1,0,0,7.8,0,0
T004069,58.6,5,1,0,1,3.0,1,0
T004070,91.7,21,0,0,0,5.9,5,0
T004071,21.18,6,0,0,0,33.9,0,0
T004072,109.11,1,0,1,0,24.2,0,0
T004073,35.24,3,1,0,1,12.9,2,0
T004074,18.44,15,1,0,1,52.7,4,0
T004075,13.34,21,1,0,1,2.9,1,0
T004076,116.55,10,0,0,0,22.3,1,0
T004077,167.91,4,0,0,1,8.1,2,0
T004078,75.13,10,0,0,0,18.1,1,0
T004079,40.75,21,1,0,0,3.5,1,0
T004080,158.02,12,0,0,1,5.6,4,0
T004081,17.95,18,0,0,0,15.3,3,0
T004082,134.52,10,0,0,1,22.2,2,0
T004083,88.16,8,0,0,0,2.3,2,0
T004084,16.92,5,0,0,0,25.9,1,0
T004085,51.65,9,0,0,0,12.4,4,0
T004086,43.38,18,0,0,0,3.3,2,0
T004087,50.82,19,1,0,0,2.9,5,0
T004088,29.33,5,0,0,0,24.2,4,0
T004089,23.47,22,0,1,1,8.2,6,0
T004090,34.36,19,0,0,0,2.5,4,0
T004091,99.29,23,1,0,0,29.5,4,0
T004092,7.02,17,1,0,0,20.1,1,0
T004093,10.57,5,0,0,1,5.0,4,0
T004094,19.91,5,0,0,1,31.9,2,0
T004095,38.17,1,0,0,0,3.0,3,0
T004096,39.65,17,0,1,1,5.7,0,0
T004097,57.31,13,0,0,1,18.1,0,0
T004098,26.06,6,0,1,0,45.5,1,0
T004099,21.4,21,1,0,0,1.8,3,0
T004100,132.06,12,0,0,1,9.7,1,0
T004101,53.58,22,1,1,1,0.8,1,0
T004102,21.67,19,0,0,0,37.8,0,0
T004103,34.7,8,0,0,0,5.2,0,0
T004104,20.46,8,1,0,0,30.1,2,0
T004105,15.79,3,1,0,0,14.0,0,0
T004106,130.23,15,1,0,0,19.6,3,0
T004107,9.21,9,0,0,0,51.2,1,0
T004108,190.18,3,1,0,1,20.0,1,0
T004109,26.98,7,0,0,0,3.9,2,0
T004110,64.51,4,0,1,0,15.7,1,0
T004111,18.87,9,1,0,0,11.7,0,0
T004112,43.75,22,0,0,0,48.2,3,0
T004113,129.85,1,1,0,0,6.7,1,0
T004114,80.44,6,1,0,0,3.0,4,0
T004115,89.8,23,0,0,1,13.4,1,0
T004116,106.73,3,0,0,0,25.8,1,0
T004117,31.86,7,0,0,0,16.4,1,0
T004118,69.0,12,0,0,0,66.5,4,0
T004119,135.37,16,0,0,0,11.6,2,0
T004120,12.73,22,1,0,1,22.8,6,0
T004121,16.83,19,0,0,0,10.2,1,0
T004122,58.9,14,1,0,0,7.1,2,0
T004123,144.53,20,1,0,0,45.2,2,0
T004124,58.81,20,0,0,0,13.5,0,0
T004125,26.32,7,0,0,0,27.2,0,0
T004126,60.33,8,1,0,0,74.8,1,0
T004127,3.0,14,1,0,0,13.6,5,0
T004128,140.64,17,1,0,0,41.6,4,0
T004129,32.44,18,0,0,0,7.1,1,0
T004130,4.76,17,0,0,0,5.3,4,0
T004131,15.83,5,0,1,0,8.0,0,0
T004132,79.46,20,0,0,0,14.2,3,0
T004133,36.6,1,1,1,1,22.4,3,0
T004134,81.11,23,1,0,1,7.1,3,0
T004135,41.12,22,0,0,1,18.4,0,0
T004136,48.45,4,0,0,1,40.1,2,0
T004137,33.44,4,1,0,0,17.9,3,0
T004138,28.87,17,0,0,0,64.6,2,0
T004139,30.22,6,0,0,1,35.1,4,0
T004140,10.64,10,1,0,0,2.0,4,0
T004141,50.65,18,0,0,0,34.2,5,0
T004142,64.03,7,1,0,0,4.5,4,0
T004143,79.58,19,1,0,0,42.9,2,0
T004144,33.29,20,1,0,0,3.3,2,0
T004145,23.28,3,1,0,0,34.9,2,0
T004146,44.95,5,1,0,0,65.5,3,0
T004147,12.57,0,1,0,0,2.3,1,0
T004148,68.72,16,0,0,0,14.9,3,0
T004149,72.03,22,0,0,0,26.7,4,0
T004150,20.87,5,1,0,0,22.2,1,0
T004151,19.54,5,1,0,0,3.5,4,0
T004152,38.06,6,1,0,1,6.0,1,0
T004153,3.59,2,1,0,0,29.1,1,0
T004154,42.8,19,0,0,0,10.3,4,0
T004155,130.58,15,0,0,0,0.7,2,0
T004156,212.56,21,1,0,0,19.9,1,0
T004157,6.41,2,1,0,0,53.7,1,0
T004158,26.7,23,1,0,0,7.2,3,0
T004159,45.12,17,0,0,0,6.4,1,0
T004160,215.61,10,1,0,0,16.6,2,0
T004161,92.34,20,0,0,0,42.8,3,0
T004162,13.43,23,0,0,0,22.4,1,0
T004163,12.22,12,1,0,0,18.2,2,0
T004164,6.98,14,1,0,0,9.8,5,0
T004165,46.34,21,0,0,0,8.9,2,0
T004166,11.88,18,1,0,0,4.7,4,0
T004167,140.97,8,1,0,0,8.7,2,0
T004168,56.85,15,1,0,1,33.6,3,0
T004169,38.9,7,0,0,1,11.2,2,0
T004170,6.69,15,1,0,1,18.9,1,0
T004171,100.08,10,0,1,0,38.0,3,0
T004172,23.47,10,1,1,0,2.8,1,0
T004173,77.15,23,1,0,0,4.8,2,0
T004174,52.25,11,0,0,0,15.1,4,0
T004175,32.1,13,0,0,0,34.5,2,0
T004176,12.93,18,0,0,0,28.3,1,0
T004177,10.69,7,1,0,1,74.7,2,0
T004178,156.23,13,0,0,0,34.1,1,0
T004179,32.45,15,0,0,0,14.5,3,0
T004180,213.17,9,0,0,0,8.0,3,0
T004181,34.41,4,0,0,0,30.1,0,0
T004182,69.3,18,1,0,0,15.2,2,0
T004183,102.22,10,0,0,1,22.4,3,0
T004184,29.06,8,1,0,0,11.8,1,0
T004185,389.29,8,0,0,0,19.3,3,0
T004186,72.05,18,1,1,0,14.4,3,0
T004187,208.95,18,0,0,0,23.4,6,0
T004188,67.41,23,0,0,0,5.8,3,0
T004189,75.61,8,1,0,0,9.1,0,0
T004190,59.99,7,1,0,0,2.3,2,1
T004191,14.7,3,0,1,0,16.0,2,0
T004192,34.35,13,0,0,0,4.5,3,0
T004193,49.4,20,0,0,0,12.3,1,0
T004194,15.8,4,1,0,0,1.4,3,0
T004195,35.04,16,1,0,1,9.8,1,0
T004196,16.01,2,0,0,0,12.3,0,0
T004197,40.9,6,1,0,0,92.4,2,0
T004198,10.27,17,1,0,1,39.3,2,0
T004199,149.44,9,0,0,0,3.6,4,0
T004200,46.11,20,0,0,0,5.5,3,0
T004201,8.94,13,1,0,0,31.0,3,0
T004202,11.12,18,0,0,0,10.3,0,0
T004203,15.69,8,0,0,1,10.4,3,0
T004204,43.29,20,1,0,0,17.7,6,0
T004205,22.66,11,0,0,0,56.7,2,0
T004206,70.85,18,0,0,0,34.1,2,0
T004207,41.54,21,1,0,0,18.3,2,0
T004208,29.49,20,0,0,1,46.9,1,0
T004209,57.76,23,0,0,1,6.7,3,0
T004210,14.79,6,1,0,0,29.9,6,0
T004211,30.23,7,1,0,0,8.8,4,0
T004212,79.91,5,0,0,0,15.2,3,0
T004213,4.83,21,1,0,0,7.0,3,0
T004214,33.13,14,1,0,0,25.6,1,0
T004215,6.91,21,1,0,1,19.8,5,0
T004216,38.0,2,1,0,1,28.5,2,0
T004217,75.72,6,1,0,0,20.7,3,0
T004218,14.58,19,0,0,0,1.5,2,0
T004219,57.72,13,1,0,0,6.8,2,1
T004220,13.27,9,0,0,0,4.4,0,0
T004221,26.47,5,1,0,0,18.7,1,0
T004222,61.7,12,0,0,0,5.4,0,0
T004223,57.8,12,0,1,1,17.2,4,0
T004224,259.62,11,0,1,0,50.9,2,0
T004225,75.87,14,1,0,0,2.7,2,0
T004226,5.18,2,0,0,0,10.7,3,0
T004227,21.87,18,0,0,0,36.2,4,0
T004228,18.5,6,0,0,0,0.9,4,0
T004229,148.07,2,0,0,0,10.1,2,0
T004230,56.5,3,0,0,0,34.9,0,0
T004231,26.15,19,0,0,0,41.7,2,0
T004232,40.39,22,0,0,0,12.9,2,0
T004233,129.54,22,0,0,0,17.9,8,0
T004234,96.38,14,0,0,0,3.0,2,0
T004235,58.79,13,1,0,0,12.1,5,0
T004236,57.38,11,1,0,0,20.4,3,0
T004237,26.16,17,0,0,0,19.4,0,0
T004238,23.54,15,1,0,0,41.1,2,0
T004239,98.64,18,1,0,0,9.1,2,0
T004240,104.49,21,0,0,0,8.8,4,0
T004241,63.26,22,1,0,0,6.9,3,0
T004242,59.78,9,1,0,0,10.5,1,0
T004243,44.74,1,0,0,0,37.2,4,0
T004244,59.29,19,0,0,0,0.2,2,0
T004245,76.46,23,1,0,0,15.8,3,0
T004246,19.08,16,0,1,0,58.1,1,0
T004247,5.2,19,0,0,1,22.8,1,0
T004248,104.95,14,0,0,0,26.3,4,0
T004249,80.61,18,0,0,0,32.1,3,0
T004250,137.32,2,1,0,0,23.2,3,0
T004251,35.35,12,0,0,0,2.1,4,0
T004252,33.97,17,0,1,0,16.5,1,0
T004253,236.97,1,0,0,0,39.8,2,0
T004254,35.6,6,0,0,0,20.9,1,0
T004255,57.7,11,0,0,0,4.4,1,0
T004256,335.22,13,0,0,0,20.5,1,0
T004257,112.75,9,1,0,1,8.4,0,0
T004258,27.44,12,0,0,1,46.1,3,0
T004259,20.14,19,1,0,0,59.2,2,0
T004260,74.2,0,0,0,0,25.7,2,0
T004261,18.2,8,1,0,0,13.2,4,0
T004262,150.94,4,0,0,0,23.7,2,0
T004263,108.67,14,0,1,0,3.6,3,0
T004264,17.9,1,0,0,0,71.7,3,0
T004265,121.99,17,1,0,0,1.6,2,0
T004266,417.48,4,1,0,0,34.8,2,0
T004267,18.18,15,0,0,0,13.5,2,0
T004268,21.97,14,0,0,0,55.7,1,0
T004269,12.78,14,0,1,1,14.7,2,0
T004270,19.69,17,1,0,1,7.2,5,0
T004271,22.19,12,1,0,1,13.9,3,0
T004272,36.7,0,0,0,0,22.4,1,0
T004273,1.85,19,1,0,0,35.7,2,0
T004274,27.48,18,0,0,0,27.4,4,0
T004275,202.53,11,0,0,0,10.8,0,0
T004276,50.31,16,0,0,0,21.4,1,0
T004277,134.14,19,0,0,1,22.7,4,0
T004278,32.2,18,0,0,0,21.6,0,0
T004279,36.32,11,1,0,0,36.1,5,0
T004280,96.77,14,0,0,1,17.9,1,0
T004281,14.95,1,1,0,0,5.2,5,0
T004282,10.32,10,0,0,1,42.7,2,0
T004283,20.02,2,1,0,0,4.0,1,0
T004284,12.74,22,0,0,0,2.7,1,0
T004285,43.74,8,0,0,0,23.5,3,0
T004286,86.81,7,1,0,0,8.2,0,0
T004287,29.55,15,0,0,0,7.5,0,0
T004288,21.94,20,1,0,0,45.7,2,0
T004289,25.57,3,0,0,0,22.8,2,0
T004290,129.69,7,1,0,0,19.2,3,0
T004291,7.38,21,0,0,0,4.7,3,0
T004292,24.19,23,0,1,0,7.4,1,0
T004293,6.04,5,0,0,0,13.9,3,0
T004294,60.56,10,0,0,1,6.6,3,0
T004295,48.32,9,0,0,1,1.5,3,0
T004296,21.43,5,0,0,0,18.7,3,0
T004297,82.44,1,0,0,0,18.2,6,0
T004298,84.98,23,0,0,0,13.6,4,0
T004299,15.89,20,0,0,0,0.3,0,0
T004300,25.31,16,1,0,1,3.8,4,0
T004301,26.0,10,1,0,0,22.2,3,0
T004302,12.59,3,0,0,0,22.0,5,0
T004303,82.3,18,0,0,0,7.2,4,0
T004304,4.49,9,0,0,0,4.8,3,0
T004305,368.28,3,0,0,0,4.9,2,0
T004306,42.89,12,1,0,1,8.5,1,0
T004307,18.62,20,0,0,0,20.2,0,0
T004308,73.67,23,1,0,0,16.1,3,0
T004309,18.97,21,0,0,0,9.8,0,0
T004310,42.19,9,0,1,0,22.8,3,0
T004311,117.05,19,0,0,0,29.9,0,0
T004312,88.17,14,0,0,1,13.0,1,0
T004313,17.13,12,0,0,1,2.3,1,0
T004314,47.54,7,1,0,1,1.1,3,0
T004315,16.72,10,1,1,0,44.2,3,0
T004316,9.57,16,1,0,0,38.5,2,0
T004317,34.51,5,1,0,0,17.4,2,0
T004318,93.25,23,1,1,0,54.9,5,0
T004319,38.79,6,0,0,0,10.6,2,0
T004320,22.04,15,0,0,1,9.2,1,0
T004321,72.62,8,1,0,1,26.9,2,0
T004322,58.74,8,0,0,0,15.9,3,0
T004323,132.1,17,0,0,0,47.2,3,0
T004324,5.79,19,0,0,1,6.5,4,0
T004325,51.15,4,0,0,0,51.6,3,0
T004326,14.45,2,1,0,0,7.8,6,0
T004327,41.14,14,0,0,0,8.7,4,0
T004328,43.69,21,0,0,0,28.4,1,0
T004329,55.86,6,1,0,0,35.3,0,0
T004330,7.6,22,1,0,0,1.6,2,0
T004331,70.09,17,1,0,0,15.6,1,0
T004332,5.12,23,0,1,0,60.5,2,0
T004333,51.02,13,0,0,0,13.4,5,0
T004334,85.71,6,1,0,0,2.8,2,0
T004335,60.58,10,0,0,0,10.4,0,0
T004336,51.24,5,0,0,0,1.4,2,0
T004337,23.16,5,0,0,1,12.2,1,0
T004338,26.16,16,0,0,0,2.1,1,0
T004339,98.78,11,0,0,0,16.2,3,0
T004340,43.3,0,1,0,0,4.1,6,0
T004341,28.09,10,1,0,1,27.1,2,0
T004342,340.97,0,1,0,0,9.2,1,0
T004343,163.22,20,0,0,0,10.9,6,0
T004344,46.09,6,1,0,1,17.3,1,0
T004345,23.9,10,0,0,0,5.4,4,0
T004346,14.84,5,1,0,0,21.9,3,0
T004347,44.37,11,1,0,0,3.3,1,0
T004348,28.09,11,0,0,0,10.8,2,0
T004349,32.52,4,0,0,0,9.8,3,0
T004350,59.84,0,0,0,0,12.4,3,0
T004351,17.6,9,1,0,0,3.8,3,0
T004352,163.98,20,0,0,0,24.2,0,0
T004353,110.95,6,1,0,0,19.9,3,0
T004354,39.62,20,0,0,0,20.5,1,0
T004355,42.65,9,0,0,0,0.2,1,0
T004356,34.65,0,0,1,0,11.9,4,0
T004357,4.16,18,1,0,0,8.1,2,0
T004358,8.22,19,0,0,0,50.0,5,0
T004359,77.14,23,1,0,0,6.6,3,0
T004360,42.06,20,0,0,0,11.8,2,0
T004361,212.95,18,0,0,0,12.9,4,0
T004362,40.65,22,1,0,0,0.1,3,0
T004363,23.24,22,1,0,0,31.5,2,0
T004364,26.84,16,0,0,0,13.6,3,0
T004365,21.32,8,0,0,0,10.2,3,0
T004366,10.02,3,1,0,1,17.9,2,0
T004367,65.88,13,1,0,0,19.4,1,0
T004368,57.23,23,0,0,0,10.0,2,0
T004369,27.03,1,0,0,1,7.7,1,0
T004370,10.08,19,1,0,1,22.9,3,0
T004371,20.87,5,1,0,0,5.5,5,0
T004372,15.87,5,1,0,1,5.6,0,0
T004373,9.04,8,1,0,0,5.8,1,0
T004374,91.15,0,0,0,0,11.8,4,0
T004375,20.58,15,1,0,0,2.4,1,0
T004376,7.56,16,0,0,1,80.3,3,0
T004377,23.3,23,0,0,0,1.3,4,0
T004378,32.02,0,0,0,0,30.2,4,0
T004379,6.51,19,1,1,0,7.1,2,0
T004380,10.06,19,0,0,0,4.8,2,0
T004381,58.93,23,1,0,0,3.0,1,0
T004382,109.66,14,0,1,0,70.2,1,0
T004383,43.55,2,0,0,0,12.3,0,0
T004384,93.3,16,0,0,0,56.5,2,0
T004385,53.5,17,0,0,0,8.1,2,0
T004386,109.33,0,0,0,0,12.7,3,0
T004387,107.04,17,1,0,0,23.0,4,0
T004388,28.85,22,1,1,0,0.8,3,0
T004389,20.37,1,0,0,1,5.0,6,0
T004390,41.68,19,0,0,0,12.0,1,0
T004391,7.06,8,0,1,0,4.6,7,0
T004392,57.76,17,1,0,1,5.2,3,0
T004393,37.96,3,0,0,0,10.8,3,0
T004394,20.15,6,1,0,1,11.8,2,0
T004395,25.06,0,0,0,1,14.8,1,0
T004396,82.88,9,1,0,0,69.0,1,0
T004397,35.38,16,0,0,0,11.7,2,0
T004398,18.46,5,0,0,0,30.2,1,0
T004399,7.09,5,1,0,1,9.6,3,0
T004400,66.22,5,0,0,0,1.6,1,0
T004401,15.79,1,0,1,0,1.5,1,0
T004402,45.37,23,0,0,0,46.2,2,0
T004403,15.21,7,0,0,0,10.8,1,0
T004404,26.23,11,0,0,1,14.2,1,0
T004405,22.93,1,0,0,0,0.2,3,0
T004406,10.51,6,0,0,1,21.9,6,0
T004407,32.28,12,1,0,1,2.3,1,0
T004408,121.08,15,0,0,0,6.0,0,0
T004409,52.48,13,0,0,0,2.2,3,0
T004410,51.02,11,1,0,0,32.8,3,0
T004411,87.02,12,0,0,0,2.7,1,0
T004412,39.42,5,0,0,0,11.6,1,0
T004413,112.72,22,0,0,0,2.7,1,0
T004414,7.86,5,1,0,0,16.1,3,0
T004415,80.71,9,0,0,0,27.7,0,0
T004416,9.46,4,1,0,0,12.7,4,0
T004417,14.06,15,0,0,1,3.6,4,0
T004418,54.01,17,0,0,0,44.4,1,0
T004419,36.54,12,1,0,0,10.7,4,0
T004420,215.65,22,1,0,1,0.8,3,0
T004421,50.83,15,0,0,0,12.1,2,0
T004422,29.87,13,1,0,0,46.8,2,0
T004423,55.08,9,1,0,0,17.5,1,0
T004424,78.3,23,0,0,0,5.4,3,0
T004425,49.15,2,0,0,0,20.4,0,0
T004426,33.78,6,1,0,0,65.9,1,0
T004427,21.47,12,1,0,0,19.1,3,0
T004428,41.37,14,0,1,0,36.2,2,0
T004429,87.05,16,1,0,0,3.2,0,0
T004430,6.9,11,0,0,0,8.9,2,0
T004431,27.06,8,0,0,0,9.9,3,0
T004432,20.86,6,0,0,0,0.8,3,0
T004433,71.0,10,0,0,0,82.0,1,0
T004434,64.06,9,1,0,0,1.3,1,0
T004435,24.6,12,0,0,1,7.7,1,0
T004436,26.72,5,0,1,0,10.0,2,0
T004437,68.67,16,1,0,0,30.4,2,0
T004438,2.0,11,0,0,1,24.5,1,0
T004439,33.64,20,0,1,0,8.4,1,0
T004440,75.34,12,1,1,0,4.5,2,0
T004441,4.92,9,0,0,0,15.2,3,0
T004442,97.04,21,0,0,1,4.4,3,0
T004443,20.43,4,0,0,0,9.8,2,0
T004444,47.76,21,0,0,1,1.1,4,0
T004445,32.49,11,1,0,1,10.4,3,0
T004446,10.38,14,0,0,0,5.2,3,0
T004447,25.17,6,1,0,0,1.1,3,0
T004448,13.25,10,1,0,0,39.3,4,0
T004449,41.91,3,0,0,0,12.6,1,0
T004450,28.89,7,0,0,1,7.5,0,0
T004451,60.32,16,1,1,0,46.7,0,0
T004452,81.73,20,1,0,0,31.6,3,0
T004453,125.59,14,1,0,1,10.8,2,0
T004454,25.78,16,1,0,0,63.5,5,0
T004455,25.59,17,1,0,0,27.5,1,0
T004456,10.64,0,1,0,1,3.5,1,0
T004457,23.77,10,0,0,0,2.8,2,0
T004458,64.54,15,1,0,0,5.2,3,0
T004459,60.38,6,1,0,0,46.0,2,0
T004460,50.05,12,1,0,0,1.0,0,0
T004461,15.01,0,0,0,1,16.2,2,0
T004462,24.57,7,0,0,0,15.8,4,0
T004463,4.89,14,0,0,0,17.7,2,0
T004464,47.04,17,1,1,0,12.9,3,0
T004465,65.72,6,1,0,0,28.6,3,0
T004466,68.1,4,1,0,0,8.2,1,0
T004467,36.16,15,0,0,0,6.6,4,0
T004468,164.24,21,1,0,0,3.9,3,0
T004469,44.65,3,0,1,1,53.3,2,0
T004470,51.71,23,0,0,0,5.8,2,0
T004471,91.48,11,1,0,0,0.1,1,0
T004472,58.71,1,0,0,0,7.1,1,0
T004473,210.19,21,0,0,0,16.4,1,0
T004474,60.83,4,0,0,1,13.2,5,0
T004475,14.44,18,0,0,0,3.3,4,0
T004476,19.16,2,1,0,0,18.0,3,0
T004477,95.13,0,1,0,0,44.0,0,0
T004478,44.68,20,1,0,0,15.9,3,0
T004479,7.26,0,0,0,0,10.2,2,0
T004480,14.56,7,0,1,0,0.1,3,0
T004481,12.21,13,1,0,0,5.2,1,0
T004482,63.12,13,1,0,1,37.7,1,0
T004483,47.67,23,1,0,0,9.4,2,0
T004484,93.83,14,1,0,0,9.4,2,0
T004485,16.74,0,0,0,0,12.8,3,0
T004486,15.22,8,1,0,1,3.2,2,0
T004487,42.44,19,0,0,0,2.9,3,0
T004488,83.62,13,0,0,0,7.6,2,0
T004489,15.71,5,0,0,0,28.7,0,0
T004490,29.65,11,0,0,0,18.0,0,0
T004491,23.57,12,0,0,0,39.5,8,0
T004492,7.84,20,1,0,0,8.8,0,0
T004493,24.13,18,0,0,0,15.6,2,0
T004494,33.45,18,0,0,0,12.7,2,0
T004495,10.94,17,0,0,1,54.6,4,0
T004496,118.57,22,0,0,0,17.3,1,0
T004497,100.94,6,1,0,0,1.4,3,0
T004498,20.04,21,1,0,0,20.6,1,0
T004499,80.43,18,1,0,0,6.1,4,0
T004500,79.08,15,0,0,0,20.0,4,0
T004501,39.16,11,1,0,0,15.8,2,0
T004502,48.02,19,0,0,0,4.3,3,0
T004503,88.24,21,1,0,1,3.0,2,0
T004504,200.89,15,0,0,0,41.1,0,0
T004505,26.44,14,0,0,1,15.2,3,0
T004506,117.49,2,1,0,0,4.6,3,0
T004507,126.01,4,1,0,0,9.7,3,0
T004508,34.6,3,0,1,0,22.8,4,0
T004509,16.72,18,0,0,0,18.4,2,0
T004510,76.43,23,1,0,1,25.7,4,0
T004511,30.53,17,0,0,0,31.9,3,0
T004512,18.78,4,1,0,0,15.7,1,0
T004513,34.53,6,1,0,0,37.3,4,0
T004514,17.55,23,0,0,0,7.5,1,0
T004515,146.72,5,0,0,0,32.8,2,0
T004516,7.06,13,1,0,0,0.3,2,0
T004517,9.85,18,1,0,0,9.8,1,0
T004518,56.97,12,0,0,0,34.1,1,0
T004519,63.02,3,1,0,0,8.2,3,0
T004520,11.13,17,0,0,0,7.2,1,0
T004521,14.92,5,1,0,0,0.5,4,0
T004522,38.38,15,0,0,0,4.9,1,0
T004523,88.97,15,0,0,0,2.5,0,0
T004524,25.61,3,0,0,0,14.3,2,0
T004525,51.17,1,1,0,1,16.8,2,0
T004526,9.7,22,1,0,1,6.9,0,0
T004527,10.57,14,0,1,0,15.9,1,0
T004528,62.9,17,0,0,0,11.1,3,0
T004529,250.34,12,1,1,1,9.6,3,0
T004530,392.7,10,1,0,0,18.5,4,0
T004531,15.21,13,1,0,0,18.5,0,0
T004532,51.44,7,1,0,0,10.6,4,0
T004533,46.87,15,0,0,0,2.6,3,0
T004534,44.22,16,0,0,0,7.8,1,0
T004535,71.06,21,0,0,0,2.9,1,0
T004536,45.15,17,1,0,0,38.5,1,0
T004537,65.15,23,1,0,0,10.5,3,0
T004538,14.85,11,0,0,0,33.5,2,0
T004539,7.95,10,1,0,0,6.3,3,0
T004540,33.93,3,0,0,1,28.8,1,0
T004541,120.59,13,0,0,0,12.9,1,0
T004542,71.09,8,0,0,0,3.9,2,0
T004543,9.94,13,0,0,0,41.5,1,0
T004544,25.97,23,0,0,1,41.9,1,0
T004545,2.34,10,0,0,0,33.8,3,0
T004546,257.34,12,0,0,0,37.1,3,0
T004547,16.43,7,0,0,0,9.5,3,0
T004548,14.06,13,1,0,0,4.8,4,0
T004549,167.21,19,1,0,0,3.4,6,0
T004550,5.74,18,1,0,1,6.0,2,0
T004551,35.95,0,0,0,1,12.4,3,0
T004552,32.1,14,1,0,0,14.1,3,0
T004553,35.08,23,1,0,0,9.4,2,0
T004554,64.57,21,1,0,0,49.9,3,0
T004555,9.83,3,0,0,0,5.0,4,0
T004556,23.94,3,0,0,0,1.7,1,0
T004557,135.0,22,0,1,0,6.8,3,0
T004558,62.31,17,0,0,0,28.9,1,0
T004559,35.75,22,0,1,1,11.3,2,0
T004560,4.93,2,1,0,0,8.7,2,0
T004561,30.35,0,1,0,0,4.2,2,0
T004562,9.79,23,1,0,0,13.4,2,0
T004563,38.2,2,1,0,0,4.7,3,0
T004564,340.91,7,1,0,0,6.3,2,0
T004565,43.34,22,0,0,0,144.7,3,0
T004566,5.79,19,0,0,0,18.5,5,0
T004567,19.58,2,0,0,1,34.7,1,0
T004568,31.44,11,1,0,0,57.4,2,0
T004569,233.93,16,0,1,0,7.4,3,0
T004570,7.85,9,0,0,0,36.3,6,0
T004571,14.85,11,0,1,1,4.9,1,0
T004572,97.1,22,1,0,0,29.5,0,0
T004573,8.09,8,0,0,0,11.8,2,0
T004574,1.48,3,0,0,0,5.4,3,0
T004575,53.95,3,1,0,0,28.0,4,0
T004576,26.06,11,1,0,0,2.1,1,0
T004577,40.8,22,0,0,0,22.6,0,0
T004578,42.19,23,0,0,0,4.8,3,0
T004579,48.67,3,1,0,0,46.1,2,0
T004580,29.94,8,0,0,1,5.3,0,0
T004581,70.11,14,0,0,0,4.4,3,0
T004582,25.61,19,0,0,0,4.6,5,0
T004583,124.75,1,1,0,1,8.1,0,0
T004584,27.36,11,1,0,0,5.6,3,0
T004585,24.0,17,1,0,0,32.9,2,0
T004586,64.9,5,1,0,1,1.4,1,0
T004587,60.26,23,0,0,0,32.1,1,0
T004588,41.49,9,1,0,0,2.5,1,0
T004589,54.27,9,1,1,0,11.1,2,0
T004590,23.9,15,0,0,0,13.5,4,0
T004591,21.0,15,0,0,0,25.0,0,0
T004592,14.47,21,0,0,0,8.5,4,0
T004593,23.31,5,1,0,0,19.5,2,0
T004594,41.05,6,0,0,1,17.7,0,0
T004595,45.38,2,0,0,1,35.1,6,0
T004596,96.98,12,1,0,0,40.4,2,0
T004597,58.3,4,0,1,0,10.5,4,0
T004598,41.54,22,0,0,1,12.8,3,0
T004599,97.78,13,0,0,0,31.0,6,0
T004600,48.92,19,1,0,0,28.9,1,0
T004601,50.74,17,1,0,1,31.9,3,0
T004602,13.43,5,0,0,0,18.5,4,0
T004603,23.45,2,0,0,0,35.2,4,0
T004604,18.19,12,1,1,1,6.0,3,0
T004605,62.08,2,1,0,1,1.2,2,0
T004606,52.72,11,0,0,0,15.5,4,0
T004607,53.93,16,1,0,0,29.3,2,0
T004608,84.84,1,1,0,1,16.0,3,0
T004609,88.9,13,0,0,1,5.0,2,0
T004610,51.58,6,1,0,0,25.5,3,0
T004611,24.48,19,0,0,0,23.0,0,0
T004612,87.79,19,0,0,0,30.9,1,0
T004613,22.29,9,1,0,0,4.8,3,0
T004614,21.49,15,1,0,0,7.6,3,0
T004615,33.37,11,1,0,0,5.7,2,0
T004616,37.39,20,0,0,0,6.4,1,0
T004617,31.25,5,0,0,0,5.2,4,0
T004618,31.92,22,0,0,0,19.2,1,0
T004619,49.98,18,1,0,1,18.9,2,0
T004620,9.88,8,0,1,0,0.1,2,0
T004621,52.36,16,1,0,0,2.0,1,0
T004622,24.76,10,0,0,0,17.9,2,0
T004623,25.17,4,1,0,0,12.9,4,0
T004624,24.82,3,0,0,0,6.8,3,0
T004625,16.46,8,0,1,0,3.3,4,0
T004626,15.73,14,0,0,0,42.8,1,0
T004627,34.7,7,0,1,0,7.7,1,0
T004628,10.55,4,0,0,0,14.8,1,0
T004629,29.76,5,1,0,0,17.1,0,0
T004630,8.7,18,0,0,0,5.4,2,0
T004631,47.23,22,0,0,0,12.2,0,0
T004632,5.73,22,0,0,1,19.9,4,0
T004633,6.6,14,0,0,0,0.5,0,0
T004634,88.19,5,0,0,1,2.1,3,0
T004635,56.71,9,0,0,0,2.4,2,0
T004636,8.04,2,0,0,0,1.6,6,0
T004637,19.16,10,0,0,0,18.9,2,0
T004638,114.81,13,0,0,0,0.5,1,0
T004639,17.51,12,1,0,1,12.1,0,0
T004640,22.72,8,0,0,0,5.6,4,0
T004641,12.52,12,1,0,1,1.1,1,0
T004642,11.39,3,0,0,0,15.6,4,0
T004643,37.73,23,0,0,0,17.2,2,0
T004644,41.26,16,0,0,1,31.2,3,0
T004645,88.03,23,0,0,1,6.8,5,0
T004646,11.89,19,1,0,1,23.4,0,0
T004647,12.14,6,0,0,0,11.1,2,0
T004648,12.37,0,0,0,1,6.0,2,0
T004649,34.33,15,0,0,0,21.2,2,0
T004650,85.6,23,1,0,1,35.1,0,0
T004651,13.71,16,0,0,0,26.1,1,0
T004652,95.87,2,0,0,0,0.5,5,0
T004653,26.13,18,0,0,0,0.5,2,0
T004654,12.46,18,1,0,0,2.5,3,0
T004655,49.55,6,0,0,0,16.0,3,0
T004656,11.72,18,0,0,0,25.0,2,0
T004657,15.23,2,0,0,0,31.0,1,0
T004658,25.94,12,1,0,0,43.9,1,0
T004659,40.19,22,1,0,0,31.2,3,0
T004660,35.06,20,1,0,0,31.5,1,0
T004661,21.73,12,1,0,0,20.4,0,0
T004662,4.31,0,0,0,0,15.5,5,0
T004663,12.51,0,0,0,1,0.5,4,0
T004664,30.28,16,1,0,0,23.4,2,0
T004665,38.71,5,1,1,0,10.0,4,0
T004666,25.09,8,0,0,0,10.7,2,0
T004667,66.91,17,0,0,0,4.4,4,0
T004668,45.49,7,0,0,0,4.5,5,0
T004669,39.1,5,0,0,0,27.2,4,0
T004670,76.97,8,1,0,0,0.9,1,0
T004671,21.38,2,0,0,0,44.4,1,0
T004672,45.12,6,0,0,0,3.3,5,0
T004673,33.52,21,0,0,1,10.9,1,0
T004674,2.01,15,0,0,0,11.7,2,0
T004675,42.84,9,1,0,0,10.9,4,0
T004676,36.44,21,0,0,0,19.4,4,0
T004677,48.39,11,0,0,1,5.5,2,0
T004678,9.92,9,1,1,0,4.2,5,0
T004679,4.79,7,0,0,0,8.9,2,0
T004680,34.88,6,1,0,0,28.1,0,0
T004681,7.33,17,1,0,1,1.7,3,0
T004682,14.84,9,1,0,0,34.5,2,0
T004683,18.64,4,0,0,0,12.7,6,0
T004684,6.01,2,0,0,0,70.3,0,0
T004685,24.2,8,0,0,1,14.1,2,0
T004686,7.65,22,1,0,0,3.2,2,0
T004687,98.54,13,1,0,0,7.4,2,0
T004688,62.63,8,0,0,0,25.1,3,0
T004689,14.18,13,1,0,0,12.7,1,0
T004690,93.51,8,0,0,0,0.6,1,0
T004691,47.6,14,0,1,1,9.2,2,0
T004692,333.99,23,1,0,0,24.9,4,0
T004693,59.69,4,1,0,0,10.2,3,0
T004694,95.69,6,1,0,0,10.1,5,0
T004695,45.2,12,0,0,0,35.1,2,0
T004696,26.06,5,0,0,1,13.8,2,0
T004697,52.91,18,0,0,1,8.8,1,0
T004698,21.16,18,1,0,1,0.5,2,0
T004699,23.97,0,1,0,0,13.8,4,0
T004700,387.05,10,0,0,1,2.7,2,0
T004701,46.37,9,0,0,0,41.4,0,0
T004702,117.2,18,0,0,0,17.3,1,0
T004703,15.99,7,0,0,0,15.7,4,0
T004704,7.36,22,1,0,0,1.6,5,0
T004705,89.48,18,0,0,0,12.2,3,0
T004706,26.57,13,1,0,1,6.6,5,0
T004707,29.47,11,1,0,0,7.5,2,0
T004708,30.32,20,0,0,0,5.9,2,0
T004709,5.53,8,0,0,0,4.2,0,0
T004710,27.99,3,1,1,1,24.7,0,0
T004711,258.88,7,0,0,0,3.0,4,0
T004712,19.72,20,0,0,0,24.0,2,0
T004713,4.39,2,1,0,0,35.1,2,0
T004714,9.94,16,0,0,0,10.2,2,0
T004715,88.19,7,1,0,0,2.2,4,0
T004716,28.79,19,0,0,0,19.0,2,0
T004717,135.22,8,0,0,0,3.0,4,0
T004718,71.47,9,0,0,0,27.0,1,0
T004719,31.37,21,0,0,1,4.9,4,0
T004720,33.51,20,0,1,0,0.2,4,0
T004721,22.2,2,1,1,0,10.1,1,0
T004722,74.72,13,0,0,1,7.8,0,0
T004723,47.28,12,0,0,0,25.6,3,0
T004724,113.17,5,1,0,0,0.8,1,0
T004725,9.36,6,1,0,1,7.2,2,0
T004726,82.18,7,1,0,0,1.5,1,0
T004727,12.86,16,0,0,0,20.3,2,0
T004728,63.1,12,0,1,0,24.1,1,0
T004729,14.29,3,0,0,1,16.8,4,0
T004730,341.73,13,0,0,1,11.4,5,0
T004731,159.09,4,1,0,0,6.5,1,0
T004732,100.09,21,0,0,0,17.8,3,0
T004733,23.41,2,1,0,0,10.2,1,0
T004734,79.44,21,0,0,0,43.4,3,0
T004735,440.77,20,0,0,0,14.1,1,0
T004736,38.16,10,0,0,0,95.5,7,0
T004737,177.82,23,1,0,0,7.4,2,0
T004738,46.01,7,0,0,1,19.7,2,0
T004739,42.46,10,0,1,0,16.2,1,0
T004740,140.15,17,1,0,0,27.4,1,0
T004741,101.11,14,1,0,0,21.3,1,0
T004742,62.88,13,0,0,0,13.2,4,0
T004743,14.22,1,1,1,0,48.7,2,0
T004744,16.43,9,1,0,0,20.8,3,0
T004745,51.38,2,0,0,0,41.8,5,0
T004746,18.49,14,0,0,1,4.1,2,0
T004747,60.88,5,1,0,0,13.6,2,0
T004748,50.58,13,1,0,1,15.8,3,0
T004749,8.39,12,0,0,0,13.2,2,0
T004750,28.34,10,1,0,0,49.6,3,0
T004751,154.81,8,1,0,0,47.0,3,0
T004752,30.23,11,0,0,1,0.4,2,0
T004753,54.22,17,1,0,0,63.9,3,0
T004754,15.45,2,0,0,1,17.6,1,0
T004755,3.78,15,0,1,1,9.9,1,0
T004756,68.09,7,1,0,0,31.7,0,0
T004757,12.85,13,1,0,0,10.4,1,0
T004758,180.56,20,1,0,0,0.9,1,0
T004759,30.01,21,1,0,0,41.7,1,0
T004760,31.99,13,1,0,0,0.3,2,0
T004761,20.69,0,0,0,0,14.5,2,0
T004762,115.85,5,0,0,0,21.4,2,0
T004763,63.77,12,0,1,1,6.7,0,0
T004764,21.16,8,1,0,0,12.2,1,0
T004765,68.08,1,0,0,0,9.3,1,0
T004766,94.69,0,0,0,0,2.0,1,0
T004767,25.58,7,1,0,0,28.2,0,0
T004768,57.72,19,0,1,0,22.5,0,0
T004769,40.68,7,0,0,0,16.6,4,0
T004770,10.57,13,0,0,0,48.5,2,0
T004771,38.96,3,1,0,0,80.2,4,0
T004772,10.91,17,0,0,0,3.3,1,0
T004773,24.18,10,0,0,0,23.7,4,0
T004774,33.34,23,1,0,1,23.7,4,0
T004775,26.85,5,0,0,0,28.8,4,0
T004776,73.76,14,0,0,0,52.9,1,0
T004777,51.94,16,0,0,0,24.9,1,0
T004778,52.32,9,0,0,0,7.7,1,0
T004779,21.44,6,0,0,0,0.9,0,0
T004780,21.79,11,1,0,0,20.0,1,0
T004781,70.51,17,0,1,1,19.5,4,0
T004782,88.32,10,1,0,0,34.1,2,0
T004783,4.76,16,1,0,1,2.0,2,0
T004784,43.57,0,0,0,0,9.8,0,0
T004785,61.91,23,1,0,0,5.1,4,0
T004786,31.35,11,1,0,0,22.5,3,0
T004787,169.86,14,0,0,0,5.5,1,0
T004788,18.09,10,0,0,0,7.8,2,0
T004789,21.46,20,0,0,0,30.9,4,0
T004790,73.33,13,0,0,0,31.2,0,0
T004791,39.96,18,0,0,0,3.7,4,0
T004792,29.04,6,1,0,0,30.3,4,0
T004793,45.86,23,0,0,0,13.5,2,0
T004794,40.71,19,0,0,0,39.2,2,0
T004795,90.75,11,0,0,0,11.7,2,0
T004796,44.07,22,0,0,0,8.2,1,0
T004797,50.01,11,1,0,1,39.3,0,0
T004798,31.79,22,0,0,0,1.1,3,0
T004799,5.92,12,0,0,0,8.5,4,0
T004800,164.85,15,1,0,0,8.2,2,0
T004801,61.57,0,1,0,0,23.5,5,0
T004802,38.72,23,0,0,0,18.0,2,0
T004803,20.86,16,1,0,0,12.4,3,0
T004804,9.91,23,0,0,0,57.6,1,0
T004805,36.42,21,0,0,0,58.6,5,0
T004806,22.95,14,0,0,0,14.3,5,0
T004807,22.57,21,1,0,1,8.0,2,0
T004808,9.26,3,1,0,0,20.0,3,0
T004809,313.34,12,1,0,1,10.0,2,0
T004810,19.01,17,0,0,0,19.0,4,0
T004811,294.24,15,1,0,1,20.9,1,0
T004812,146.75,20,1,0,0,4.9,4,0
T004813,261.75,9,1,0,0,4.3,2,0
T004814,52.72,9,1,0,0,19.4,3,0
T004815,24.65,5,0,0,1,3.1,3,0
T004816,74.7,22,0,0,0,5.4,2,0
T004817,42.26,21,1,0,1,17.3,1,0
T004818,25.71,19,0,0,0,20.8,2,0
T004819,87.71,13,0,0,0,29.7,1,0
T004820,96.6,4,0,0,0,30.1,3,0
T004821,36.49,4,0,1,0,5.4,5,1
T004822,25.21,14,0,0,0,2.5,1,0
T004823,224.97,11,1,0,0,10.2,1,0
T004824,166.19,1,0,0,1,22.8,2,0
T004825,46.18,17,1,0,0,1.0,3,0
T004826,9.74,7,0,0,1,0.0,4,0
T004827,193.16,7,0,0,0,2.2,2,0
T004828,48.4,17,0,0,0,3.9,2,0
T004829,63.93,7,1,0,0,7.1,2,0
T004830,40.4,19,0,0,0,3.2,3,0
T004831,147.72,15,1,0,0,8.0,2,0
T004832,51.26,7,0,0,0,20.1,5,0
T004833,30.07,13,0,1,0,23.9,2,0
T004834,24.53,8,1,0,0,0.9,2,0
T004835,25.54,17,0,0,0,40.0,0,0
T004836,40.64,0,0,0,1,38.3,2,0
T004837,123.02,3,0,0,0,9.0,2,0
T004838,19.36,0,0,0,0,8.0,4,0
T004839,45.68,5,1,0,0,13.0,3,0
T004840,57.3,23,0,0,0,12.6,0,0
T004841,154.94,8,1,0,0,27.7,3,0
T004842,78.17,10,0,0,0,8.5,0,0
T004843,58.78,22,0,0,0,20.5,5,0
T004844,444.32,13,1,0,0,13.8,7,0
T004845,32.29,22,1,0,0,3.9,2,0
T004846,30.98,11,0,0,0,9.0,1,0
T004847,9.2,21,1,0,0,20.4,1,0
T004848,216.23,3,0,0,1,27.5,2,0
T004849,27.29,10,1,0,1,25.9,2,0
T004850,9.23,4,1,0,1,0.3,1,0
T004851,5.3,11,0,1,0,0.9,2,0
T004852,89.05,17,1,0,1,6.3,3,0
T004853,16.17,17,0,0,0,1.9,5,0
T004854,35.42,3,1,0,1,27.7,4,0
T004855,39.26,17,0,0,0,3.9,0,0
T004856,152.36,5,0,0,1,13.0,3,0
T004857,18.7,14,0,1,0,2.5,0,0
T004858,189.82,22,1,0,0,4.9,3,0
T004859,23.2,7,1,0,0,8.0,2,0
T004860,27.75,21,1,0,0,34.0,3,0
T004861,13.79,19,1,0,0,10.2,2,0
T004862,187.98,9,0,0,1,3.1,4,0
T004863,60.7,11,1,0,0,4.2,1,0
T004864,105.79,2,0,0,1,1.6,1,0
T004865,9.93,17,1,0,0,24.5,0,0
T004866,140.4,3,1,0,0,6.6,3,0
T004867,9.52,0,1,0,0,44.8,1,0
T004868,9.8,4,0,0,0,15.5,2,0
T004869,27.99,6,1,0,0,1.0,2,0
T004870,71.54,19,0,0,0,3.8,3,0
T004871,154.12,1,1,0,0,55.4,5,0
T004872,6.29,13,0,0,0,8.2,2,0
T004873,23.3,5,0,0,0,46.6,0,0
T004874,101.36,19,1,0,0,8.0,1,0
T004875,197.19,7,1,0,1,25.9,3,0
T004876,17.25,7,0,0,0,70.9,2,0
T004877,40.27,13,1,0,1,2.6,4,0
T004878,127.39,9,0,0,1,5.2,4,0
T004879,14.29,9,0,0,0,6.3,1,0
T004880,11.0,13,0,0,0,26.9,1,0
T004881,41.92,4,1,0,0,29.2,5,0
T004882,107.22,7,1,0,0,6.8,0,0
T004883,6.09,21,0,0,0,0.9,1,0
T004884,32.58,7,0,0,0,5.2,1,0
T004885,70.15,3,1,0,0,3.6,2,0
T004886,41.66,8,1,0,0,6.4,3,0
T004887,131.65,20,0,0,0,5.6,0,0
T004888,70.42,13,0,1,0,2.8,3,0
T004889,2.69,10,1,0,0,12.2,1,0
T004890,142.78,9,1,0,0,5.6,2,0
T004891,47.83,14,1,0,1,12.4,2,0
T004892,7.88,19,0,0,0,22.2,1,0
T004893,44.8,4,0,0,0,3.7,3,0
T004894,27.41,8,0,0,0,35.9,1,0
T004895,59.11,18,0,0,0,7.5,2,0
T004896,49.64,6,0,0,0,26.9,4,0
T004897,55.71,8,0,0,1,3.6,4,0
T004898,78.23,19,0,0,0,3.6,2,0
T004899,22.62,17,1,0,0,2.1,3,0
T004900,98.29,23,0,0,0,6.8,1,0
T004901,33.4,3,1,0,0,31.9,1,0
T004902,41.71,14,0,0,0,18.5,3,0
T004903,13.39,11,1,0,0,9.9,2,0
T004904,21.62,2,1,0,1,0.7,4,0
T004905,7.03,1,1,1,0,37.1,2,0
T004906,34.8,23,1,0,0,12.8,3,0
T004907,142.28,3,0,0,1,45.6,1,0
T004908,44.7,22,1,0,0,25.1,2,0
T004909,144.45,17,1,0,0,8.2,4,0
T004910,2.59,23,1,0,1,19.7,0,0
T004911,30.73,14,1,0,0,6.5,3,0
T004912,3.57,2,0,0,0,15.0,1,0
T004913,21.43,18,1,0,0,0.2,3,0
T004914,307.45,9,0,0,0,59.9,2,0
T004915,86.63,12,0,0,0,44.3,3,0
T004916,18.21,21,0,0,0,11.6,3,0
T004917,56.97,6,0,0,0,0.8,2,0
T004918,30.21,17,1,0,0,11.7,2,0
T004919,158.81,6,0,0,0,1.7,3,0
T004920,28.69,22,1,0,0,15.8,1,0
T004921,33.38,2,1,0,1,3.4,2,0
T004922,51.17,20,1,0,0,25.5,2,0
T004923,41.84,5,0,0,0,23.1,2,0
T004924,17.14,17,1,0,1,39.1,5,0
T004925,300.24,9,1,1,0,51.0,1,0
T004926,28.74,6,0,0,0,18.5,3,0
T004927,107.56,6,0,0,0,1.7,2,0
T004928,28.08,3,0,0,0,16.3,1,0
T004929,31.75,11,1,0,0,18.4,4,0
T004930,33.25,16,0,0,1,14.0,3,0
T004931,17.74,6,1,0,1,1.2,2,0
T004932,49.0,10,1,0,1,4.3,4,0
T004933,24.29,22,0,0,0,9.3,1,0
T004934,41.44,3,0,0,0,37.6,2,0
T004935,14.17,21,0,0,0,2.2,6,0
T004936,108.67,23,1,0,1,8.4,3,0
T004937,60.58,14,1,0,1,28.1,2,0
T004938,14.85,8,1,0,0,15.4,1,0
T004939,11.74,20,0,0,0,32.5,5,0
T004940,30.54,20,1,0,0,79.3,1,0
T004941,8.61,23,1,0,1,17.0,6,0
T004942,447.53,2,0,0,0,12.0,0,0
T004943,40.11,7,1,0,0,9.2,1,0
T004944,28.06,20,1,0,0,23.4,2,0
T004945,15.85,22,1,0,0,7.7,2,0
T004946,71.12,6,1,0,0,7.1,1,0
T004947,166.14,8,0,0,0,15.1,0,0
T004948,12.8,23,0,0,1,18.7,4,0
T004949,28.03,23,0,0,0,22.4,1,0
T004950,31.53,15,0,0,0,18.1,3,0
T004951,130.97,13,0,0,0,0.6,4,0
T004952,43.93,1,0,0,1,51.2,3,0
T004953,123.61,5,0,1,0,21.8,4,0
T004954,52.07,3,0,0,0,12.1,3,0
T004955,15.86,14,0,0,0,5.5,2,0
T004956,69.23,13,1,0,0,1.4,1,0
T004957,113.11,5,0,0,0,70.6,5,0
T004958,5.94,7,0,0,1,21.0,3,0
T004959,96.95,17,1,0,0,58.3,5,0
T004960,28.81,22,0,0,0,4.5,1,0
T004961,43.31,22,0,0,1,34.9,1,0
T004962,37.71,16,1,0,0,11.0,0,0
T004963,153.61,14,0,0,0,11.9,1,0
T004964,3.02,8,0,0,0,19.4,2,0
T004965,71.52,16,0,0,0,0.7,0,0
T004966,36.2,12,0,0,0,9.5,3,0
T004967,73.32,12,0,1,0,22.2,1,0
T004968,172.66,17,1,0,0,41.9,1,0
T004969,51.95,4,1,0,0,18.1,0,0
T004970,20.29,12,1,0,0,8.9,1,0
T004971,100.16,14,0,0,0,41.7,0,0
T004972,66.55,8,1,0,1,29.6,1,0
T004973,22.96,15,0,0,0,6.3,2,0
T004974,61.15,16,1,0,0,5.3,2,0
T004975,33.88,20,1,0,0,28.5,3,0
T004976,48.15,23,0,0,0,48.4,3,0
T004977,80.02,16,1,0,1,19.5,0,0
T004978,14.3,23,1,0,0,1.6,1,0
T004979,96.18,18,1,0,0,44.0,1,0
T004980,55.99,9,1,0,0,35.6,2,0
T004981,19.44,20,0,0,0,76.2,1,0
T004982,70.85,9,0,0,0,4.6,2,0
T004983,14.39,1,0,0,1,4.5,3,0
T004984,22.05,7,0,0,1,32.1,0,0
T004985,54.13,7,0,0,0,6.1,3,0
T004986,13.89,18,0,0,0,15.2,0,0
T004987,53.68,17,0,0,1,12.4,0,0
T004988,55.26,20,0,0,0,9.7,2,0
T004989,130.52,15,1,0,0,3.7,2,0
T004990,111.06,22,0,0,0,10.2,2,0
T004991,52.36,18,0,0,0,18.6,0,0
T004992,18.26,3,0,0,0,8.5,4,0
T004993,50.8,9,1,0,0,8.1,2,0
T004994,11.33,6,1,0,0,3.6,2,0
T004995,16.36,6,1,0,0,15.2,0,0
T004996,44.46,19,0,0,0,19.0,1,0
T004997,68.42,16,0,0,0,8.9,3,0
T004998,73.87,6,0,0,0,8.6,0,0
T004999,66.83,9,0,1,0,23.8,2,0
T005000,49.06,13,0,0,0,22.4,1,0
T005001,31.8,11,0,0,0,71.2,3,0
T005002,26.49,20,1,0,0,23.2,4,0
T005003,125.96,23,0,0,0,26.2,0,0
T005004,17.89,8,1,0,1,19.1,4,0
T005005,18.18,0,0,0,0,24.5,6,0
T005006,32.36,22,0,0,0,12.0,1,0
T005007,99.52,6,1,0,0,4.3,1,0
T005008,85.29,2,0,0,0,1.0,2,0
T005009,26.66,2,1,0,0,3.3,2,0
T005010,21.62,19,0,0,0,7.1,2,0
T005011,25.27,21,1,0,0,44.8,4,0
T005012,33.19,2,1,0,0,3.1,4,0
T005013,73.35,17,0,1,0,30.1,2,0
T005014,7.38,18,1,0,0,9.6,2,0
T005015,64.95,15,0,0,0,0.2,1,0
T005016,19.56,23,1,1,0,28.5,4,0
T005017,61.1,1,0,0,0,64.2,2,0
T005018,22.73,11,0,1,0,27.7,1,0
T005019,10.94,18,0,0,0,8.6,1,0
T005020,69.29,15,1,0,0,22.7,5,0
T005021,21.72,8,1,0,1,5.2,1,0
T005022,33.43,11,1,0,0,15.3,5,0
T005023,76.05,12,0,0,1,5.1,1,0
T005024,112.33,3,1,0,0,40.9,3,0
T005025,153.25,10,1,0,0,15.6,4,0
T005026,259.91,9,0,0,1,0.1,2,0
T005027,50.48,18,0,0,0,5.8,1,0
T005028,54.17,19,0,0,0,59.7,4,0
T005029,45.44,1,1,0,0,19.4,3,0
T005030,33.42,3,0,0,0,18.8,3,0
T005031,24.19,21,1,0,0,25.3,2,0
T005032,36.74,1,0,0,1,12.3,3,0
T005033,36.54,1,1,0,0,14.6,1,0
T005034,67.68,19,0,0,0,45.3,2,0
T005035,116.54,14,0,0,0,7.0,3,0
T005036,8.65,6,1,0,0,26.2,2,0
T005037,57.44,6,0,0,0,10.3,1,0
T005038,161.99,1,1,0,0,52.1,1,0
T005039,6.12,10,0,1,0,13.4,6,0
T005040,49.21,8,1,1,0,7.9,4,0
T005041,77.2,9,1,0,0,17.6,2,0
T005042,108.6,19,1,0,1,10.6,7,0
T005043,6.75,19,0,0,1,29.6,1,0
T005044,79.04,22,1,0,0,17.8,3,0
T005045,61.84,11,0,0,0,21.9,1,0
T005046,42.7,18,0,0,0,60.0,1,0
T005047,21.34,7,1,0,0,10.2,3,0
T005048,85.48,19,0,0,0,18.0,0,0
T005049,19.91,21,0,0,0,9.7,3,0
T005050,473.39,21,0,0,0,36.8,3,0
T005051,37.45,21,0,0,0,1.9,3,0
T005052,370.76,3,0,0,0,22.1,0,0
T005053,62.09,18,0,0,0,52.9,0,0
T005054,127.67,3,1,1,1,24.7,3,0
T005055,42.19,2,1,0,0,29.1,2,0
T005056,24.65,16,1,0,1,14.4,0,0
T005057,231.36,3,0,0,0,26.3,3,0
T005058,56.7,0,0,0,0,9.8,4,0
T005059,27.74,7,0,0,0,4.1,2,0
T005060,91.66,19,0,0,0,12.1,1,0
T005061,15.05,5,1,0,0,39.7,3,0
T005062,1110.3,7,0,1,0,1.2,0,0
T005063,15.64,9,0,0,1,7.2,4,0
T005064,49.18,15,1,0,0,1.3,1,0
T005065,52.85,13,1,0,0,6.5,5,0
T005066,271.27,13,0,1,1,11.7,3,0
T005067,79.61,7,1,0,0,37.2,2,0
T005068,56.36,15,0,0,0,7.1,1,0
T005069,18.95,4,1,0,0,13.2,1,0
T005070,20.55,18,1,0,0,37.1,2,0
T005071,68.74,10,0,0,0,52.8,3,0
T005072,17.68,5,1,0,0,3.5,3,0
T005073,94.51,7,0,0,1,30.1,3,0
T005074,46.87,7,1,0,1,3.7,3,0
T005075,83.73,0,0,0,0,13.6,2,0
T005076,19.21,0,0,0,1,22.0,1,0
T005077,9.69,5,1,1,0,22.6,1,0
T005078,26.74,22,0,0,0,31.1,2,0
T005079,13.19,18,0,0,0,4.4,3,0
T005080,13.19,0,0,0,0,33.8,5,0
T005081,23.77,9,1,0,0,22.4,4,0
T005082,51.78,8,0,0,0,13.3,2,0
T005083,6.71,15,0,0,1,14.1,5,0
T005084,15.47,14,1,1,1,19.2,0,0
T005085,31.7,16,1,0,0,31.9,0,0
T005086,51.0,18,1,0,0,20.8,2,0
T005087,19.44,3,0,0,1,9.2,3,0
T005088,52.77,0,0,0,1,22.2,3,0
T005089,51.62,1,0,1,0,7.7,1,0
T005090,11.94,16,0,0,1,3.1,3,0
T005091,40.43,10,0,0,1,11.7,3,1
T005092,22.4,10,0,0,1,0.4,1,0
T005093,38.76,21,0,0,0,23.9,1,0
T005094,40.28,7,0,1,0,13.1,2,0
T005095,26.49,17,0,0,0,15.3,1,0
T005096,168.85,3,0,0,0,6.0,3,0
T005097,47.41,12,0,0,0,23.8,2,0
T005098,17.47,1,1,0,0,10.8,3,0
T005099,135.53,12,0,0,0,13.6,0,0
T005100,46.25,0,1,0,0,54.9,0,0
T005101,15.31,13,1,0,1,9.9,0,0
T005102,142.49,2,1,0,1,5.5,1,0
T005103,21.93,21,0,0,0,8.1,2,0
T005104,7.39,18,0,0,0,19.6,2,0
T005105,90.75,14,1,0,0,2.7,1,0
T005106,82.99,22,0,0,0,22.6,0,0
T005107,29.47,9,0,0,1,22.5,0,0
T005108,1185.86,10,1,0,1,4.0,1,0
T005109,50.21,22,1,0,1,9.1,2,0
T005110,224.96,14,0,0,1,8.2,4,0
T005111,136.64,6,1,0,0,55.9,1,0
T005112,37.22,7,0,0,1,17.9,3,0
T005113,54.54,12,0,0,0,12.1,3,0
T005114,86.21,23,0,0,0,4.5,2,0
T005115,18.92,7,1,0,0,17.3,3,0
T005116,782.91,10,0,0,0,17.9,2,0
T005117,36.39,15,0,0,0,31.5,0,0
T005118,76.48,20,0,0,0,48.5,1,0
T005119,52.87,15,0,1,0,23.7,2,0
T005120,46.49,20,1,0,0,28.9,5,0
T005121,167.01,16,0,0,0,65.2,1,0
T005122,66.94,22,0,0,0,13.9,3,0
T005123,19.12,5,1,0,1,20.4,3,0
T005124,12.74,15,0,0,0,23.3,1,0
T005125,104.39,21,0,0,1,1.5,3,0
T005126,41.03,16,0,0,0,13.4,1,0
T005127,10.11,10,1,0,0,11.2,2,0
T005128,53.13,21,1,0,0,2.0,2,0
T005129,31.24,20,1,0,0,16.6,4,0
T005130,29.61,13,0,0,0,12.5,2,0
T005131,213.72,16,1,0,0,4.2,4,0
T005132,48.53,6,0,1,0,10.1,1,0
T005133,86.36,14,1,0,0,15.0,2,0
T005134,98.31,12,1,0,0,10.7,4,0
T005135,0.92,21,1,0,0,14.0,4,0
T005136,47.15,5,0,0,1,18.7,0,0
T005137,31.2,14,0,0,0,10.0,2,0
T005138,49.21,3,0,0,0,10.6,4,0
T005139,14.77,21,1,0,1,15.3,0,0
T005140,78.57,13,0,0,0,22.5,3,0
T005141,29.15,11,1,0,1,22.7,3,0
T005142,11.33,20,0,0,0,4.4,2,0
T005143,50.6,7,0,0,0,16.6,1,0
T005144,24.24,8,1,0,0,1.3,2,0
T005145,53.9,19,0,0,0,27.8,2,0
T005146,9.44,0,0,0,0,38.7,3,0
T005147,27.35,11,1,0,0,10.7,2,0
T005148,38.28,13,0,0,1,1.9,2,0
T005149,46.14,11,0,0,0,1.2,2,0
T005150,24.21,16,0,0,0,19.8,8,0
T005151,121.42,22,0,0,1,7.2,1,0
T005152,3.32,18,0,0,0,15.9,0,0
T005153,19.68,5,1,0,0,26.0,3,0
T005154,23.55,6,0,0,0,16.6,0,0
T005155,33.79,10,1,0,0,6.9,1,0
T005156,201.12,0,0,0,0,6.4,2,0
T005157,27.17,5,1,0,0,2.8,2,0
T005158,12.39,12,0,1,0,9.8,1,0
T005159,25.51,15,1,0,0,28.2,3,0
T005160,11.37,13,0,1,0,17.3,2,0
T005161,26.73,23,1,0,0,30.3,3,0
T005162,4.48,18,1,0,0,9.8,5,0
T005163,77.78,20,1,0,0,24.1,2,0
T005164,27.35,12,1,0,0,8.0,2,0
T005165,78.77,0,1,0,0,7.0,1,0
T005166,11.73,13,0,0,0,10.0,0,0
T005167,82.27,17,1,1,0,6.2,3,0
T005168,21.68,9,1,0,0,9.0,2,0
T005169,32.09,8,0,0,1,12.0,1,0
T005170,8.85,18,0,0,0,33.1,1,0
T005171,157.23,4,0,0,1,31.2,4,0
T005172,20.52,19,0,0,0,3.1,3,0
T005173,69.74,9,1,0,1,17.5,4,0
T005174,29.34,1,1,0,1,2.7,3,0
T005175,29.86,15,0,0,0,2.7,1,0
T005176,29.53,7,0,0,0,29.2,3,0
T005177,110.65,13,0,0,0,45.2,2,0
T005178,37.09,13,1,0,0,24.9,5,0
T005179,27.99,13,1,0,1,22.8,3,0
T005180,20.79,3,0,0,1,30.1,4,0
T005181,18.78,7,1,0,0,17.2,1,0
T005182,315.12,5,0,0,0,47.3,3,1
T005183,26.24,15,1,0,0,16.4,3,0
T005184,24.7,23,0,0,0,12.7,4,0
T005185,72.25,19,1,1,0,48.0,0,0
T005186,42.2,23,1,0,0,20.7,4,0
T005187,82.99,13,0,0,0,1.2,2,0
T005188,90.61,3,0,0,0,30.5,0,0
T005189,40.01,10,0,0,0,38.6,2,0
T005190,96.15,23,1,0,0,4.4,2,0
T005191,30.8,17,1,0,0,10.3,1,0
T005192,44.35,21,1,0,0,7.5,3,0
T005193,63.29,3,0,0,1,6.9,2,0
T005194,68.47,9,1,0,0,15.8,3,0
T005195,16.94,21,0,0,0,15.0,0,0
T005196,23.92,21,1,0,0,2.3,5,0
T005197,20.31,2,1,1,0,16.8,3,0
T005198,72.09,11,0,0,1,46.3,2,0
T005199,343.96,10,0,0,0,7.4,1,0
T005200,14.85,15,0,0,0,10.9,3,0
T005201,9.46,21,0,0,0,3.7,2,0
T005202,53.13,5,1,0,0,21.0,2,0
T005203,87.93,21,0,1,0,11.7,3,0
T005204,10.33,17,1,0,0,8.5,1,0
T005205,50.54,6,1,0,0,45.9,2,0
T005206,92.54,10,0,0,0,16.0,0,0
T005207,14.98,5,0,0,0,7.4,1,0
T005208,30.62,0,0,0,0,11.3,1,0
T005209,13.36,18,1,0,0,28.4,1,0
T005210,49.39,2,1,0,0,5.2,4,0
T005211,22.28,8,0,0,0,11.9,1,0
T005212,10.44,0,0,0,0,9.6,1,0
T005213,96.24,18,0,0,0,63.8,1,0
T005214,24.13,23,1,0,0,7.5,3,0
T005215,8.58,11,0,0,1,30.5,0,0
T005216,21.3,12,1,0,1,66.9,2,0
T005217,19.52,17,0,0,1,6.5,3,0
T005218,69.11,10,1,0,0,12.2,3,0
T005219,136.95,5,1,0,0,14.9,5,0
T005220,49.1,4,1,0,0,15.7,3,0
T005221,27.79,4,0,0,1,9.0,1,0
T005222,84.0,14,1,0,0,42.2,2,0
T005223,122.94,4,1,0,0,1.4,3,0
T005224,69.09,20,1,1,0,9.9,3,0
T005225,102.84,6,0,1,1,19.8,3,0
T005226,35.59,2,1,0,0,6.4,1,0
T005227,57.23,22,1,0,0,31.9,0,0
T005228,206.12,5,0,0,0,9.0,4,0
T005229,7.32,6,1,0,0,10.7,10,0
T005230,34.44,20,0,0,1,16.1,1,0
T005231,23.5,23,0,0,0,3.4,1,0
T005232,93.05,11,0,0,1,31.6,1,0
T005233,30.04,6,0,0,0,3.6,2,0
T005234,12.81,10,0,0,1,8.4,2,0
T005235,34.48,15,1,0,0,1.4,5,0
T005236,157.11,14,0,0,0,2.2,4,0
T005237,21.74,19,0,0,0,8.1,3,0
T005238,4.08,18,1,0,0,1.3,3,0
T005239,18.99,7,1,0,0,5.2,3,0
T005240,1.91,8,0,0,0,7.3,4,0
T005241,23.92,4,0,0,1,91.1,3,0
T005242,23.95,12,1,1,1,11.9,0,0
T005243,51.62,2,0,0,0,56.0,3,1
T005244,19.01,17,1,0,0,18.8,0,0
T005245,182.9,3,0,0,0,21.5,4,0
T005246,13.1,18,0,0,0,39.7,1,0
T005247,97.25,5,1,0,0,0.8,3,0
T005248,20.07,19,0,0,1,20.0,2,0
T005249,19.07,23,1,0,0,17.8,1,0
T005250,382.81,23,0,0,0,11.8,3,0
T005251,92.89,8,0,0,1,27.2,1,0
T005252,38.56,14,1,0,0,16.0,3,0
T005253,58.23,14,0,0,0,4.4,5,0
T005254,37.85,4,1,0,0,7.7,1,0
T005255,32.58,13,1,0,0,13.1,3,0
T005256,354.51,22,0,0,0,10.3,0,0
T005257,46.39,3,0,1,0,10.0,1,0
T005258,67.43,7,0,1,1,8.7,3,0
T005259,28.77,2,0,0,0,12.8,2,0
T005260,19.53,14,1,0,0,0.2,1,0
T005261,23.71,23,0,1,0,15.1,3,0
T005262,15.44,15,1,0,0,62.4,2,0
T005263,31.41,10,1,0,0,4.3,4,0
T005264,38.55,17,0,0,1,17.2,3,0
T005265,34.08,1,0,0,0,32.6,1,0
T005266,10.56,17,0,1,1,12.3,0,0
T005267,6.96,23,1,0,0,25.6,4,0
T005268,16.06,11,0,0,0,13.0,1,0
T005269,63.87,0,1,0,0,0.5,2,0
T005270,60.54,23,0,0,0,33.5,2,0
T005271,6.09,22,0,0,1,20.1,1,0
T005272,62.27,16,0,0,0,8.4,2,0
T005273,4.56,4,1,0,1,3.8,1,0
T005274,7.96,10,0,0,0,3.2,4,0
T005275,31.86,6,0,0,1,11.8,1,0
T005276,32.68,18,1,0,0,6.0,2,0
T005277,88.38,1,1,0,0,20.8,5,0
T005278,44.99,7,0,0,0,2.2,2,0
T005279,115.13,22,0,0,0,2.4,2,0
T005280,9.32,13,1,0,0,5.3,1,0
T005281,12.0,9,1,0,1,7.2,3,0
T005282,13.63,22,0,0,0,19.5,5,0
T005283,90.72,13,0,0,0,11.6,2,0
T005284,41.19,4,0,0,0,30.6,5,0
T005285,8.76,13,0,0,0,3.3,5,0
T005286,30.18,6,0,0,0,9.9,4,0
T005287,19.38,10,1,0,0,23.3,3,0
T005288,14.69,7,0,0,0,14.0,3,0
T005289,23.01,7,0,0,1,37.2,4,0
T005290,21.74,11,1,0,0,42.5,1,0
T005291,6.94,20,1,0,0,60.1,0,0
T005292,130.86,1,1,0,0,7.3,3,0
T005293,100.36,15,1,0,0,2.8,2,0
T005294,23.31,23,1,0,1,6.3,2,0
T005295,6.23,13,1,0,0,8.6,1,0
T005296,86.58,21,0,1,0,7.0,7,0
T005297,13.21,17,1,0,0,41.0,6,0
T005298,51.69,15,0,0,1,14.4,7,0
T005299,185.06,18,1,0,0,7.5,4,0
T005300,15.75,1,1,0,0,5.0,4,0
T005301,23.0,23,1,0,0,1.0,6,0
T005302,16.25,16,1,0,0,12.5,2,0
T005303,52.27,11,0,0,0,6.2,1,0
T005304,12.22,12,1,0,0,11.7,3,0
T005305,18.79,2,0,0,0,7.8,2,0
T005306,11.68,3,0,0,0,33.1,1,0
T005307,110.13,16,0,1,0,15.1,6,0
T005308,9.9,21,0,0,0,6.4,3,0
T005309,23.8,4,0,0,1,50.1,6,0
T005310,47.02,9,0,0,0,76.6,0,0
T005311,462.51,15,0,0,0,32.9,2,0
T005312,28.33,9,0,0,0,21.7,6,0
T005313,44.15,8,0,0,0,5.0,2,0
T005314,30.35,5,0,0,0,7.7,1,0
T005315,71.55,10,0,0,1,3.0,1,0
T005316,34.16,3,1,0,1,13.8,4,0
T005317,46.02,7,0,0,0,11.2,1,0
T005318,202.43,23,1,0,0,15.6,3,0
T005319,273.45,5,1,0,0,15.7,2,0
T005320,34.89,9,0,1,0,3.3,2,0
T005321,47.78,8,0,0,0,8.4,1,0
T005322,36.99,5,1,1,0,15.7,2,0
T005323,46.56,1,0,0,0,8.0,3,0
T005324,27.15,12,0,0,1,24.8,4,0
T005325,65.56,1,1,0,0,5.5,1,0
T005326,50.74,15,0,0,0,11.7,2,0
T005327,66.39,20,1,0,0,2.8,1,0
T005328,12.9,21,0,0,0,5.6,0,0
T005329,36.23,6,0,0,0,5.8,3,0
T005330,64.27,22,0,0,0,2.3,3,0
T005331,20.99,4,0,0,0,43.7,6,0
T005332,83.04,13,0,0,0,11.6,1,0
T005333,38.64,6,0,0,0,59.1,2,0
T005334,77.01,22,1,0,0,13.1,3,0
T005335,28.0,6,0,0,0,2.4,2,0
T005336,77.43,19,0,0,0,9.9,2,0
T005337,30.12,16,0,0,0,53.6,3,0
T005338,28.62,23,1,0,0,49.4,2,0
T005339,114.57,12,1,1,0,14.8,3,0
T005340,27.91,16,1,0,1,7.9,2,0
T005341,43.11,19,0,0,0,32.9,1,0
T005342,9.43,15,0,0,1,18.7,2,0
T005343,5.88,2,0,0,0,4.1,1,0
T005344,80.81,17,0,0,0,25.3,3,0
T005345,29.76,12,0,0,1,5.6,3,0
T005346,143.58,18,1,0,0,28.0,3,0
T005347,13.77,9,0,0,1,37.6,0,0
T005348,38.84,10,0,0,0,0.6,1,0
T005349,13.83,13,1,0,0,35.1,1,0
T005350,68.77,1,1,0,0,5.7,1,0
T005351,19.28,14,0,0,0,3.6,2,0
T005352,16.19,17,0,0,0,30.8,1,0
T005353,145.94,13,0,0,0,18.8,2,0
T005354,15.71,17,0,0,1,9.1,3,0
T005355,227.51,12,1,0,0,45.4,1,0
T005356,36.03,20,1,0,0,4.4,1,0
T005357,26.04,0,0,0,0,57.5,3,0
T005358,109.77,14,1,0,1,6.6,1,0
T005359,66.93,18,0,0,0,15.0,1,0
T005360,149.47,9,1,0,0,3.3,2,0
T005361,124.54,5,0,0,0,73.5,0,0
T005362,19.14,2,1,0,0,5.9,3,0
T005363,87.91,14,1,0,0,11.2,3,0
T005364,36.56,21,0,1,0,71.7,3,0
T005365,12.62,21,0,0,1,42.3,2,0
T005366,22.42,18,1,0,0,13.4,1,0
T005367,24.51,18,1,0,0,74.5,2,0
T005368,62.92,22,1,1,0,3.5,4,0
T005369,16.4,22,0,1,0,6.6,1,0
T005370,94.97,13,0,0,0,5.5,3,0
T005371,37.19,4,1,1,1,20.1,1,0
T005372,15.51,17,0,0,0,20.1,5,1
T005373,9.58,6,1,0,0,2.2,3,0
T005374,60.6,10,1,0,0,14.8,1,0
T005375,25.76,1,1,0,0,1.5,2,0
T005376,15.39,4,0,1,0,0.8,7,0
T005377,17.92,5,0,0,1,4.2,1,0
T005378,30.83,17,0,0,1,13.1,1,0
T005379,31.77,20,1,0,0,30.3,1,0
T005380,293.47,5,1,0,1,10.9,1,0
T005381,18.66,17,0,0,1,23.1,3,0
T005382,97.35,2,0,1,0,7.2,1,0
T005383,59.63,12,1,0,0,4.7,2,0
T005384,68.9,19,1,0,0,3.7,1,0
T005385,37.21,21,1,0,0,49.1,3,0
T005386,43.58,16,1,0,0,48.2,1,0
T005387,34.81,14,0,0,0,11.1,1,0
T005388,9.19,5,0,0,1,28.5,3,0
T005389,146.5,7,0,0,0,9.6,3,0
T005390,66.64,6,0,0,1,4.0,4,0
T005391,481.81,17,0,0,0,11.3,1,0
T005392,3.67,3,1,0,0,34.1,2,0
T005393,6.38,10,1,0,0,26.4,2,0
T005394,82.96,5,0,0,0,4.6,0,0
T005395,29.16,18,1,0,0,7.0,1,0
T005396,15.93,13,0,0,0,1.4,3,0
T005397,96.62,19,0,0,0,7.4,3,0
T005398,46.35,17,1,0,1,40.1,1,0
T005399,7.48,23,0,0,0,45.5,0,0
T005400,27.67,1,1,0,0,44.4,0,0
T005401,65.35,4,0,0,0,1.7,0,0
T005402,349.98,18,0,0,1,6.2,2,0
T005403,54.13,12,1,0,0,2.3,4,0
T005404,398.92,16,0,0,1,41.7,0,0
T005405,67.22,17,1,1,1,13.8,1,0
T005406,35.26,23,0,0,0,3.2,3,0
T005407,16.91,19,1,0,0,25.5,3,0
T005408,220.48,23,0,0,0,14.7,0,0
T005409,18.17,5,1,0,0,28.3,2,0
T005410,304.05,6,0,0,1,18.3,4,0
T005411,53.79,10,0,0,0,0.4,2,0
T005412,39.38,15,1,0,0,5.3,3,0
T005413,27.86,19,1,0,0,24.6,2,0
T005414,58.06,17,1,0,0,8.0,0,0
T005415,31.86,0,1,0,0,29.3,2,0
T005416,48.69,5,0,0,0,2.7,4,0
T005417,15.64,11,0,0,0,2.3,2,0
T005418,12.18,6,1,1,0,3.7,3,0
T005419,17.59,13,0,0,0,8.3,2,0
T005420,237.98,0,1,0,0,16.8,1,0
T005421,51.47,0,0,0,0,4.2,2,0
T005422,45.44,16,0,1,0,21.6,1,0
T005423,20.41,6,0,0,0,18.2,1,0
T005424,75.49,18,1,0,0,50.6,1,0
T005425,8.83,12,1,0,0,2.1,3,0
T005426,25.08,11,0,0,0,11.5,3,0
T005427,22.63,8,1,0,0,0.0,1,0
T005428,9.6,18,0,0,0,2.2,2,0
T005429,45.82,1,0,0,0,10.2,2,0
T005430,156.47,3,0,0,0,8.9,1,0
T005431,39.0,17,0,0,1,53.7,3,0
T005432,17.74,13,0,0,0,7.3,1,0
T005433,25.53,11,0,0,0,39.2,2,0
T005434,15.32,2,0,0,0,34.9,2,0
T005435,49.68,18,0,0,0,3.9,2,0
T005436,40.55,16,1,0,0,11.8,0,0
T005437,75.54,8,0,0,0,12.9,2,0
T005438,40.93,11,0,0,0,8.1,1,0
T005439,51.24,18,1,0,0,1.0,0,0
T005440,11.97,4,0,0,0,39.2,2,0
T005441,11.04,11,0,0,0,16.8,5,0
T005442,34.18,5,0,0,0,69.3,1,0
T005443,45.0,0,0,0,0,32.6,1,0
T005444,43.35,2,0,0,0,4.4,1,0
T005445,74.11,23,0,0,0,18.0,3,0
T005446,46.88,8,0,0,0,32.4,2,0
T005447,21.89,3,1,0,0,9.1,0,0
T005448,7.11,19,1,0,0,11.6,2,0
T005449,66.27,19,0,0,0,62.3,4,0
T005450,8.58,18,1,0,0,36.1,2,0
T005451,15.58,16,1,0,0,44.5,1,0
T005452,20.31,7,0,0,1,52.2,3,0
T005453,26.01,7,0,0,0,25.7,0,0
T005454,62.16,22,1,0,1,8.5,0,0
T005455,37.54,15,1,0,0,14.4,1,0
T005456,31.54,4,0,0,1,22.2,4,0
T005457,44.1,9,1,0,0,54.4,3,0
T005458,36.75,5,1,1,1,30.7,3,0
T005459,49.64,23,1,0,0,18.9,2,0
T005460,17.23,5,0,0,1,13.0,1,0
T005461,63.08,2,1,0,1,3.6,5,0
T005462,8.33,4,1,0,1,4.2,5,0
T005463,37.92,15,1,0,1,3.9,0,0
T005464,173.97,11,1,1,0,17.6,3,1
T005465,109.52,15,0,0,0,1.6,2,0
T005466,55.52,7,1,1,1,33.1,4,0
T005467,68.74,22,1,0,0,8.5,6,0
T005468,67.47,10,1,0,0,11.5,3,0
T005469,42.45,12,1,0,0,8.1,1,0
T005470,45.77,8,1,0,0,7.7,2,0
T005471,29.16,1,0,0,1,5.4,1,0
T005472,24.65,13,1,0,0,26.5,1,0
T005473,9.38,13,0,0,0,6.2,2,0
T005474,59.89,9,1,0,0,4.2,1,0
T005475,24.38,3,1,0,0,17.7,2,0
T005476,37.73,5,1,0,0,64.4,3,0
T005477,220.16,7,1,0,0,33.8,2,0
T005478,106.62,14,1,0,0,18.8,1,0
T005479,36.42,2,0,0,0,34.0,3,0
T005480,5.45,17,0,0,0,18.1,1,0
T005481,43.96,20,0,0,0,21.0,1,0
T005482,78.06,1,0,0,0,4.2,4,0
T005483,50.17,16,0,0,0,3.3,3,0
T005484,30.74,7,1,1,0,10.7,2,0
T005485,172.19,15,0,0,0,4.0,3,0
T005486,28.5,23,0,0,0,4.9,1,0
T005487,18.33,8,1,0,1,19.5,2,0
T005488,27.22,19,1,0,1,33.3,2,0
T005489,31.95,4,1,0,0,5.2,4,0
T005490,15.2,1,0,0,1,15.0,2,0
T005491,74.89,3,1,0,0,28.7,6,0
T005492,37.84,1,0,0,0,5.3,1,0
T005493,46.3,4,1,0,0,37.0,2,0
T005494,26.3,14,1,0,1,2.6,3,0
T005495,153.11,21,0,0,0,8.9,0,0
T005496,109.77,4,0,1,1,17.7,0,0
T005497,11.28,15,1,0,0,19.0,4,0
T005498,8.4,16,1,0,1,5.1,1,0
T005499,40.72,0,0,0,0,33.6,1,0
T005500,15.85,16,1,0,0,11.1,2,0
T005501,94.31,17,0,0,0,2.2,3,0
T005502,9.04,14,1,0,1,51.0,3,0
T005503,13.44,3,0,1,0,2.7,1,0
T005504,24.65,21,0,0,0,8.1,4,0
T005505,29.25,12,0,1,0,1.3,2,0
T005506,34.37,11,1,0,1,1.3,0,0
T005507,765.85,21,0,0,1,31.3,5,0
T005508,3.61,7,1,0,0,29.7,3,0
T005509,8.52,5,0,0,0,6.6,1,0
T005510,82.13,15,0,0,0,5.9,5,0
T005511,34.39,13,0,0,0,25.7,4,0
T005512,12.47,0,0,0,0,25.9,1,0
T005513,40.21,2,0,0,1,13.9,2,0
T005514,6.66,23,1,0,0,54.3,2,0
T005515,200.06,0,0,0,0,6.2,4,0
T005516,33.94,12,0,0,0,12.9,4,0
T005517,123.74,7,1,0,1,3.6,3,0
T005518,99.31,10,1,0,1,11.7,4,0
T005519,47.17,3,1,0,0,21.4,0,0
T005520,57.16,14,1,0,0,28.9,0,0
T005521,31.44,12,0,0,0,3.8,1,0
T005522,49.99,0,1,0,1,20.1,2,0
T005523,2.56,1,0,0,0,12.2,4,0
T005524,23.19,7,0,0,1,10.1,2,0
T005525,4.39,15,0,0,1,3.5,2,0
T005526,208.06,1,0,0,0,0.2,3,0
T005527,43.59,11,1,0,0,16.3,5,0
T005528,9.61,23,1,0,1,8.8,2,0
T005529,67.22,2,0,0,1,4.5,1,0
T005530,10.49,6,0,0,0,6.1,2,0
T005531,18.18,22,1,0,0,7.4,3,0
T005532,8.96,2,1,0,0,6.1,2,0
T005533,47.23,14,1,0,0,15.1,3,0
T005534,73.94,9,0,0,0,11.4,2,0
T005535,5.05,23,0,0,0,3.8,2,0
T005536,152.22,3,1,0,0,1.2,1,0
T005537,28.27,0,0,1,0,3.3,0,0
T005538,10.11,15,0,0,0,18.9,2,0
T005539,56.79,7,0,0,0,10.7,2,0
T005540,149.06,4,1,0,1,5.0,1,0
T005541,15.87,3,0,0,0,39.3,1,0
T005542,33.23,1,0,0,0,24.1,1,0
T005543,15.1,0,0,0,0,12.8,0,0
T005544,12.51,23,0,0,0,1.1,3,0
T005545,6.12,8,0,0,0,29.9,0,0
T005546,13.66,23,1,0,0,10.6,4,0
T005547,6.64,6,0,0,0,20.9,5,0
T005548,21.37,12,0,0,0,20.7,0,0
T005549,10.6,16,0,0,0,9.3,2,0
T005550,38.94,7,1,0,0,19.8,0,0
T005551,53.71,9,0,0,0,1.7,2,0
T005552,59.13,21,0,0,0,30.7,3,0
T005553,61.36,23,0,0,1,5.6,0,0
T005554,46.6,14,0,0,0,11.2,1,0
T005555,29.73,2,0,0,0,8.0,1,0
T005556,9.63,15,1,0,0,63.3,0,0
T005557,14.11,21,0,0,0,6.1,3,0
T005558,38.08,1,1,0,0,4.7,2,0
T005559,13.06,23,0,0,0,6.2,1,0
T005560,41.61,19,0,0,0,2.2,4,0
T005561,65.37,15,1,0,1,4.5,5,0
T005562,52.87,21,1,0,0,14.9,4,0
T005563,40.23,4,0,0,0,13.3,2,0
T005564,18.3,14,0,0,1,7.1,2,0
T005565,49.32,0,0,0,1,18.8,3,0
T005566,53.0,18,0,0,0,46.2,5,0
T005567,13.8,0,1,1,0,3.6,2,0
T005568,55.89,14,0,0,1,55.2,2,0
T005569,16.3,18,0,0,1,11.5,2,0
T005570,298.49,11,0,0,0,1.7,2,0
T005571,21.44,23,0,0,1,17.2,2,0
T005572,95.82,23,0,0,0,18.3,3,0
T005573,34.16,13,0,0,0,2.4,2,0
T005574,46.32,15,0,0,0,3.2,1,0
T005575,23.24,11,0,1,0,8.2,3,0
T005576,104.18,7,1,0,0,35.7,3,0
T005577,81.68,1,0,1,0,24.0,1,0
T005578,4.81,18,1,0,1,10.3,2,0
T005579,522.82,15,0,1,0,9.8,2,0
T005580,32.5,8,0,0,0,22.1,5,0
T005581,26.09,6,1,0,0,4.1,2,0
T005582,15.63,12,1,0,0,49.0,3,0
T005583,94.52,5,0,0,1,23.4,2,0
T005584,52.77,23,0,0,0,17.0,4,0
T005585,55.47,22,1,1,1,6.5,1,0
T005586,17.66,14,1,0,0,3.8,4,0
T005587,19.65,12,1,0,0,8.8,0,0
T005588,142.21,22,1,0,0,19.7,2,0
T005589,214.63,3,1,0,1,2.5,2,0
T005590,45.35,2,1,0,0,67.3,0,0
T005591,179.52,1,0,0,0,5.7,2,0
T005592,4.17,13,1,1,1,5.8,1,0
T005593,21.55,5,0,0,1,2.6,2,0
T005594,517.81,2,1,0,0,12.5,1,0
T005595,18.82,12,0,0,0,4.4,1,0
T005596,24.9,7,0,0,0,16.4,1,0
T005597,56.56,20,0,0,1,28.4,0,0
T005598,80.47,6,0,0,0,11.6,1,0
T005599,28.84,3,0,0,0,12.0,1,0
T005600,17.33,21,1,0,0,30.6,3,0
T005601,23.46,18,1,0,0,28.3,4,0
T005602,18.69,1,1,0,1,2.0,3,0
T005603,403.35,12,1,0,1,2.8,2,0
T005604,120.95,7,1,0,0,3.5,2,0
T005605,38.4,2,1,0,1,22.0,1,0
T005606,44.47,7,1,0,0,14.6,2,0
T005607,58.83,2,0,0,0,52.0,1,0
T005608,16.1,0,0,0,0,1.7,1,0
T005609,34.49,8,0,0,0,5.3,6,0
T005610,40.74,3,1,0,1,8.0,1,0
T005611,12.51,4,0,0,0,5.4,2,0
T005612,30.8,5,0,0,0,33.0,1,0
T005613,5.36,9,0,0,0,10.8,4,0
T005614,8.56,22,0,1,0,14.5,2,0
T005615,19.69,3,1,0,0,14.8,2,0
T005616,223.3,1,1,0,0,3.2,2,0
T005617,35.99,6,0,0,0,6.3,2,0
T005618,26.47,12,0,0,0,18.7,3,0
T005619,85.93,21,0,0,0,25.0,3,0
T005620,33.23,23,0,0,0,14.5,1,0
T005621,20.83,16,1,0,0,19.3,0,0
T005622,27.26,8,0,1,0,4.0,4,0
T005623,53.65,14,1,1,0,31.8,0,0
T005624,100.16,22,1,0,0,37.7,2,0
T005625,19.68,1,1,0,0,14.2,4,0
T005626,13.09,0,1,1,0,29.7,1,0
T005627,44.17,9,1,0,0,4.6,2,0
T005628,16.01,9,0,1,0,54.8,1,0
T005629,241.42,1,0,0,0,10.7,2,0
T005630,57.03,9,0,1,0,7.9,3,0
T005631,23.15,0,0,0,1,11.2,1,0
T005632,28.11,3,1,0,0,3.2,0,0
T005633,172.61,18,1,0,0,14.5,3,0
T005634,65.17,10,1,0,0,4.6,2,0
T005635,11.11,19,1,0,0,51.0,0,0
T005636,47.46,16,1,0,0,14.4,7,0
T005637,37.84,9,0,0,0,22.4,2,0
T005638,55.69,6,0,0,0,5.5,0,0
T005639,15.48,12,0,0,0,10.8,4,0
T005640,50.21,7,1,0,0,1.2,4,0
T005641,10.54,7,0,0,0,6.2,1,0
T005642,26.3,15,0,0,0,24.2,1,0
T005643,127.87,14,1,0,0,21.0,2,0
T005644,23.73,9,0,0,0,12.0,2,0
T005645,17.47,0,1,1,0,61.2,2,0
T005646,23.31,21,0,0,1,7.7,4,0
T005647,250.94,15,0,0,1,2.3,3,0
T005648,21.26,23,0,1,0,16.9,3,0
T005649,29.08,14,1,0,0,0.9,2,0
T005650,15.03,18,1,0,0,8.8,2,0
T005651,32.22,9,1,0,1,16.1,3,0
T005652,76.32,6,0,0,0,8.1,1,0
T005653,2.05,3,1,0,0,9.3,2,0
T005654,5.68,3,1,0,0,21.3,2,0
T005655,14.9,0,0,0,0,18.4,3,0
T005656,52.0,16,0,0,1,11.9,2,0
T005657,31.13,6,0,0,1,15.7,3,0
T005658,13.89,1,1,1,0,8.0,1,0
T005659,23.81,12,0,0,0,34.2,2,0
T005660,5.41,23,1,0,0,2.0,2,0
T005661,34.99,5,0,0,0,19.5,2,0
T005662,30.93,16,1,0,0,85.8,0,0
T005663,233.38,2,1,0,0,25.5,3,0
T005664,50.84,2,0,0,0,29.3,1,0
T005665,29.06,13,1,0,0,25.1,4,0
T005666,12.49,22,1,0,0,6.5,1,0
T005667,8.39,5,0,0,0,1.6,3,0
T005668,8.65,9,0,0,0,18.0,3,0
T005669,17.42,18,1,0,0,7.0,1,0
T005670,12.7,8,0,0,0,17.9,2,0
T005671,101.73,12,1,0,0,4.0,2,0
T005672,37.65,6,0,0,0,4.2,1,0
T005673,91.78,9,0,0,0,2.7,1,0
T005674,29.1,19,0,0,0,17.0,3,0
T005675,114.32,2,1,0,0,42.6,1,0
T005676,30.65,22,1,0,0,30.2,2,0
T005677,30.72,0,1,0,0,2.9,3,0
T005678,93.95,17,1,0,0,50.7,0,0
T005679,5.54,18,0,0,0,23.2,2,0
T005680,37.69,1,1,0,1,26.1,1,0
T005681,43.74,2,0,0,0,17.4,2,0
T005682,52.44,15,0,0,0,41.7,3,0
T005683,46.86,22,0,0,0,10.2,3,0
T005684,24.17,5,1,0,0,1.5,4,0
T005685,35.56,10,1,1,1,37.9,3,0
T005686,125.13,3,1,0,0,13.9,1,0
T005687,161.73,18,0,1,0,4.2,3,0
T005688,202.11,16,1,0,0,17.8,3,0
T005689,63.2,10,0,0,0,33.8,4,0
T005690,37.0,11,0,0,1,9.2,3,0
T005691,12.7,6,0,1,1,12.7,4,0
T005692,63.42,2,1,0,0,16.6,2,0
T005693,5.2,20,1,0,0,2.2,2,0
T005694,28.69,20,0,1,0,5.7,5,0
T005695,52.19,23,1,0,0,6.2,1,0
T005696,15.77,14,0,0,1,24.7,2,0
T005697,84.0,6,0,1,0,46.8,0,0
T005698,107.63,4,1,1,0,4.5,2,0
T005699,7.04,5,0,0,0,3.0,2,0
T005700,62.41,2,1,0,0,7.1,0,0
T005701,56.2,23,0,0,1,9.1,2,0
T005702,35.11,20,0,0,0,3.6,7,0
T005703,11.57,4,1,0,0,25.2,3,0
T005704,11.27,21,1,0,0,6.3,0,0
T005705,15.16,1,0,1,0,9.2,5,0
T005706,20.48,18,1,0,0,14.1,2,0
T005707,286.49,15,1,0,0,21.5,3,0
T005708,13.86,2,0,0,0,12.4,3,0
T005709,17.8,5,0,0,0,8.8,3,0
T005710,41.3,19,0,0,1,2.1,2,0
T005711,28.75,12,1,0,0,36.3,1,0
T005712,6.75,16,0,0,0,2.7,0,0
T005713,34.5,9,0,0,0,4.9,2,0
T005714,94.25,1,0,1,0,8.5,1,0
T005715,16.67,20,0,0,1,9.4,1,0
T005716,18.26,15,1,0,0,35.3,4,0
T005717,503.73,17,1,0,0,2.4,3,0
T005718,51.92,19,1,0,0,12.6,2,0
T005719,28.17,20,1,0,0,2.7,0,0
T005720,107.83,16,1,0,0,5.5,1,0
T005721,20.47,10,1,0,0,41.3,3,0
T005722,227.49,0,0,0,0,13.7,2,0
T005723,70.69,5,1,0,0,11.5,3,0
T005724,43.98,23,0,1,0,7.5,1,0
T005725,17.05,2,0,0,0,22.2,1,0
T005726,12.21,7,1,0,0,25.0,7,0
T005727,27.84,5,0,0,0,4.5,3,0
T005728,12.5,5,0,0,0,9.3,2,0
T005729,148.38,7,1,0,1,7.4,1,0
T005730,124.04,13,1,0,0,33.8,3,0
T005731,133.09,9,0,0,0,8.2,3,0
T005732,8.13,6,0,0,0,14.3,5,0
T005733,77.12,16,1,0,0,36.4,1,0
T005734,25.28,17,1,0,0,8.5,4,0
T005735,14.79,16,0,1,0,7.0,1,0
T005736,4.53,4,0,0,1,0.5,1,0
T005737,25.62,20,1,0,1,48.2,3,0
T005738,14.27,14,0,1,1,0.4,1,0
T005739,65.91,18,0,0,1,29.4,3,0
T005740,36.94,20,1,0,0,20.2,4,0
T005741,51.37,0,1,0,0,14.6,1,0
T005742,9.62,14,1,0,0,12.7,4,0
T005743,209.14,23,1,0,0,1.4,1,0
T005744,34.67,13,0,0,0,54.0,2,0
T005745,18.04,10,0,0,0,0.3,3,0
T005746,23.31,14,0,0,0,22.9,2,0
T005747,34.63,8,0,0,0,14.2,0,0
T005748,130.67,2,1,0,0,3.3,6,0
T005749,23.14,7,0,0,1,49.9,0,0
T005750,10.58,22,0,1,0,3.1,1,0
T005751,58.5,18,1,0,0,4.2,0,0
T005752,18.98,13,0,1,0,0.1,3,0
T005753,13.92,20,0,0,0,3.4,2,0
T005754,60.53,6,0,0,0,1.4,2,0
T005755,143.27,11,0,0,0,15.0,1,0
T005756,20.28,10,0,0,0,10.7,2,0
T005757,20.89,5,1,0,0,13.6,1,0
T005758,64.31,22,1,0,0,3.3,6,0
T005759,103.3,8,0,0,0,0.7,3,0
T005760,9.39,21,1,0,0,26.2,3,0
T005761,43.35,6,0,0,0,2.7,1,0
T005762,26.73,20,1,1,0,23.6,2,0
T005763,99.99,2,0,0,0,26.7,1,0
T005764,5.08,1,1,0,0,14.6,1,0
T005765,121.99,2,0,0,0,16.0,7,0
T005766,58.64,9,1,1,0,5.5,4,0
T005767,22.39,11,1,0,0,65.7,5,0
T005768,23.77,11,1,0,0,26.5,1,0
T005769,25.16,5,0,0,1,14.8,1,0
T005770,30.57,20,0,0,0,16.1,2,0
T005771,24.28,0,1,0,1,15.3,2,0
T005772,65.98,14,1,0,1,17.6,2,0
T005773,166.51,23,1,0,0,7.2,0,0
T005774,42.51,13,0,0,0,12.3,1,0
T005775,87.03,7,1,0,1,5.6,1,0
T005776,192.23,15,1,0,0,5.3,0,0
T005777,85.29,1,0,0,1,23.9,5,0
T005778,27.37,17,0,0,0,13.6,4,0
T005779,21.42,10,1,0,0,16.7,1,0
T005780,33.73,3,1,0,0,4.4,4,0
T005781,15.35,23,1,0,0,40.4,0,0
T005782,42.96,9,0,0,0,8.4,2,0
T005783,35.77,19,1,0,0,0.4,4,0
T005784,109.71,0,1,0,0,3.6,2,0
T005785,5.84,15,0,0,0,13.6,2,0
T005786,91.3,12,1,0,0,7.8,1,0
T005787,86.69,4,0,0,0,10.3,1,0
T005788,44.45,4,1,0,0,7.4,4,0
T005789,6.12,13,1,1,1,12.1,3,0
T005790,69.59,2,1,0,0,34.0,0,0
T005791,69.73,21,1,0,0,47.7,1,0
T005792,56.83,22,0,0,0,5.8,2,0
T005793,35.51,19,1,0,0,2.8,0,0
T005794,59.86,13,0,1,1,3.8,2,0
T005795,47.2,1,1,0,0,35.0,2,0
T005796,78.9,18,1,0,0,17.9,4,0
T005797,92.07,9,0,0,0,3.6,4,0
T005798,27.1,1,0,0,0,50.9,3,0
T005799,11.32,8,0,0,1,3.5,0,0
T005800,29.55,8,1,1,0,9.5,3,0
T005801,31.45,18,1,0,0,66.4,4,0
T005802,171.34,0,0,0,0,6.9,2,0
T005803,7.57,18,0,0,1,18.0,1,0
T005804,71.14,14,1,0,0,3.2,0,0
T005805,63.59,9,1,0,0,13.6,2,0
T005806,62.89,20,1,0,0,4.4,4,0
T005807,21.1,17,0,0,0,15.5,1,0
T005808,99.54,6,1,0,1,16.9,4,0
T005809,64.89,19,1,0,1,12.7,2,0
T005810,18.1,1,1,0,0,12.8,1,0
T005811,12.46,3,0,0,0,48.6,3,0
T005812,36.35,2,0,0,0,48.5,1,0
T005813,87.13,12,1,0,0,2.2,1,0
T005814,9.19,22,1,0,0,40.2,0,0
T005815,15.66,12,0,0,0,7.8,1,0
T005816,87.72,22,1,0,0,5.3,3,0
T005817,21.59,16,1,0,0,34.4,6,0
T005818,8.64,17,1,0,0,8.9,4,0
T005819,13.71,20,0,0,0,35.0,1,0
T005820,5.2,13,0,0,0,116.2,1,0
T005821,14.55,7,1,0,1,14.5,3,0
T005822,36.05,20,1,0,0,7.2,4,0
T005823,7.17,0,1,0,1,14.8,1,0
T005824,57.74,16,1,0,0,1.5,3,0
T005825,13.55,22,1,0,0,10.4,1,0
T005826,45.4,16,1,0,0,15.4,1,0
T005827,29.18,21,0,0,0,16.0,0,0
T005828,20.0,1,0,1,0,41.5,5,0
T005829,12.01,0,1,0,0,11.3,3,0
T005830,52.56,13,0,0,0,15.7,6,0
T005831,34.9,18,0,0,0,3.1,5,0
T005832,40.23,15,0,0,1,8.3,0,0
T005833,145.02,3,1,0,0,2.2,1,0
T005834,28.03,13,0,0,0,27.0,4,0
T005835,211.77,9,0,0,0,7.4,4,0
T005836,10.71,7,1,0,0,7.6,3,0
T005837,193.36,11,1,0,1,86.4,1,0
T005838,10.81,21,0,0,0,10.9,1,0
T005839,9.66,16,0,0,0,5.3,3,0
T005840,92.63,16,0,0,0,12.0,2,0
T005841,38.39,12,0,0,0,21.7,2,0
T005842,76.81,19,1,0,0,22.0,2,0
T005843,11.8,16,0,0,0,1.7,0,0
T005844,42.36,4,0,0,0,18.7,5,1
T005845,6.6,6,0,0,0,11.6,5,0
T005846,80.0,7,0,0,0,21.2,1,0
T005847,35.72,9,0,0,0,10.1,2,0
T005848,19.6,2,1,0,0,3.9,0,0
T005849,17.62,10,1,0,0,10.2,3,0
T005850,35.61,10,0,0,0,3.5,2,0
T005851,112.89,5,0,0,0,12.3,0,0
T005852,63.6,18,1,0,0,28.8,3,0
T005853,13.28,18,0,0,0,17.7,3,0
T005854,8.97,6,1,1,0,7.8,1,0
T005855,5.52,21,0,0,1,48.2,2,0
T005856,82.08,13,0,0,0,58.0,0,0
T005857,17.29,14,1,1,0,3.5,3,0
T005858,53.85,15,0,0,0,20.6,3,0
T005859,9.54,7,0,0,0,26.1,2,0
T005860,80.91,10,0,0,0,30.6,0,0
T005861,12.4,18,1,0,0,11.7,7,0
T005862,83.51,4,0,0,0,33.6,1,0
T005863,440.46,2,0,0,0,30.0,4,0
T005864,52.24,4,1,0,0,4.6,1,0
T005865,45.03,0,1,0,0,8.4,2,0
T005866,51.64,1,0,0,1,4.2,3,0
T005867,13.55,1,1,0,0,20.5,3,0
T005868,33.25,18,1,0,0,6.4,4,0
T005869,15.66,10,0,0,0,2.3,1,0
T005870,12.41,8,1,0,0,12.8,1,0
T005871,85.41,4,0,0,0,8.5,5,0
T005872,20.02,8,0,0,0,2.4,2,0
T005873,103.53,5,0,1,0,17.1,3,0
T005874,14.24,13,0,0,0,0.8,2,0
T005875,13.85,8,1,0,0,24.6,2,0
T005876,47.15,6,1,0,0,34.3,1,0
T005877,53.36,13,0,0,0,26.2,2,0
T005878,92.9,22,0,0,0,9.0,4,0
T005879,24.72,19,0,0,0,25.9,4,0
T005880,191.06,10,1,0,0,10.0,3,0
T005881,18.18,4,0,0,1,21.2,3,0
T005882,22.68,4,1,0,0,1.1,4,0
T005883,8.51,22,1,0,0,22.5,0,0
T005884,95.43,17,1,0,0,10.8,2,0
T005885,34.3,3,1,0,0,0.4,1,0
T005886,202.06,16,0,0,0,18.3,2,1
T005887,288.97,11,0,0,0,89.8,3,0
T005888,50.17,15,1,0,0,28.3,5,0
T005889,90.07,21,0,0,0,25.2,1,0
T005890,9.47,18,0,0,1,77.5,1,0
T005891,5.55,5,0,0,0,13.6,0,0
T005892,6.3,13,1,0,0,21.3,3,0
T005893,84.15,8,1,0,0,34.7,0,0
T005894,18.88,18,1,0,0,2.8,3,0
T005895,56.24,23,0,0,0,15.4,5,0
T005896,122.38,1,1,0,0,8.3,4,0
T005897,238.22,2,0,0,1,15.3,0,0
T005898,29.56,10,1,0,0,48.0,4,0
T005899,180.87,7,1,0,0,5.1,0,0
T005900,43.57,13,0,0,0,20.1,4,0
T005901,9.56,19,1,0,0,16.3,2,0
T005902,12.88,13,0,1,1,4.0,1,0
T005903,12.89,19,0,0,1,4.4,1,0
T005904,15.32,20,1,0,0,31.3,1,0
T005905,101.02,17,0,0,0,23.5,2,0
T005906,16.11,2,0,0,0,3.6,5,0
T005907,48.6,10,0,0,0,24.7,4,0
T005908,18.49,16,0,0,1,23.7,2,0
T005909,259.71,23,0,0,0,4.7,1,0
T005910,8.16,9,1,0,0,2.9,0,0
T005911,16.26,7,1,0,0,4.6,5,0
T005912,96.83,23,1,0,0,19.4,1,0
T005913,33.7,21,1,0,1,2.5,1,0
T005914,102.07,22,1,0,0,51.7,1,0
T005915,50.84,23,1,0,0,54.8,4,0
T005916,283.62,7,1,0,1,48.9,5,0
T005917,17.58,14,1,0,0,23.4,2,0
T005918,281.24,8,0,0,1,11.5,3,0
T005919,14.59,5,0,0,0,23.7,0,0
T005920,77.45,10,0,0,1,30.2,1,0
T005921,10.01,19,1,0,0,43.9,5,0
T005922,32.63,23,0,0,0,17.6,2,0
T005923,16.36,15,1,0,0,28.2,8,0
T005924,37.03,22,0,0,0,46.3,5,0
T005925,52.75,17,0,0,0,6.7,3,0
T005926,50.88,13,1,0,1,11.6,4,0
T005927,115.18,17,0,0,1,22.4,2,0
T005928,7.46,20,0,0,0,25.6,1,0
T005929,83.27,6,0,0,1,1.7,3,0
T005930,48.99,16,0,0,0,41.7,1,0
T005931,101.58,22,1,0,0,0.4,3,0
T005932,40.05,19,0,0,1,1.0,1,0
T005933,10.68,14,0,1,0,18.2,7,0
T005934,4.56,17,0,0,1,8.8,6,0
T005935,11.56,6,0,0,0,4.1,3,0
T005936,40.59,7,0,0,0,49.4,3,0
T005937,26.61,7,0,0,0,0.9,1,0
T005938,317.56,22,0,0,0,11.2,2,0
T005939,17.44,16,0,0,0,15.9,0,0
T005940,16.56,8,0,0,0,1.3,1,0
T005941,4.42,6,0,0,0,2.3,2,0
T005942,3.17,16,1,0,0,1.8,1,0
T005943,93.81,0,1,0,1,12.6,1,0
T005944,19.81,21,1,0,0,1.9,1,0
T005945,5.86,16,0,0,0,13.3,3,0
T005946,19.0,5,0,0,0,10.0,1,0
T005947,4.06,13,1,0,1,31.7,2,0
T005948,51.1,18,0,0,1,3.7,3,0
T005949,34.3,15,1,0,0,14.7,0,0
T005950,42.39,4,0,1,0,17.7,1,0
T005951,39.87,8,0,0,1,10.3,2,0
T005952,105.67,6,0,0,0,4.6,1,0
T005953,12.89,2,0,0,0,1.5,5,0
T005954,78.14,2,0,0,1,21.3,0,0
T005955,25.49,22,0,0,0,16.2,1,0
T005956,20.29,3,0,0,0,8.0,3,0
T005957,143.17,16,0,0,0,18.7,1,0
T005958,59.98,3,0,1,0,12.3,3,0
T005959,8.44,6,0,0,0,13.2,2,0
T005960,106.73,7,1,0,0,9.2,1,0
T005961,33.53,5,1,0,0,20.8,2,0
T005962,17.79,6,1,0,0,16.2,4,0
T005963,19.35,20,0,0,0,59.9,2,0
T005964,9.0,12,0,0,0,5.8,3,0
T005965,20.12,9,0,0,1,32.9,2,0
T005966,14.22,18,0,0,0,7.8,3,0
T005967,20.36,18,0,0,0,8.7,6,0
T005968,54.49,14,0,0,1,23.3,4,0
T005969,7.58,1,1,0,0,3.9,0,0
T005970,60.15,8,0,0,0,16.0,5,0
T005971,21.97,13,0,0,0,10.4,2,0
T005972,8.72,5,0,0,0,24.5,4,0
T005973,54.95,12,0,0,0,2.9,0,0
T005974,121.05,18,1,0,0,18.3,3,0
T005975,142.41,23,1,0,0,37.3,1,0
T005976,15.06,10,0,0,0,3.0,2,0
T005977,17.34,10,1,0,0,3.1,2,0
T005978,81.87,1,1,0,0,7.9,0,0
T005979,6.07,0,1,1,0,0.6,3,0
T005980,55.07,23,0,0,0,24.0,1,0
T005981,251.84,2,0,0,0,3.5,1,0
T005982,41.25,14,0,0,0,1.9,4,0
T005983,14.71,2,0,0,0,18.7,2,0
T005984,9.72,5,1,0,1,37.5,4,0
T005985,25.21,12,0,0,1,11.5,3,0
T005986,23.39,18,1,0,1,79.7,2,0
T005987,34.26,18,0,0,0,23.4,4,0
T005988,70.91,5,0,0,0,12.9,1,0
T005989,73.04,5,1,0,0,41.5,3,0
T005990,24.55,14,0,1,0,31.1,3,0
T005991,54.14,4,1,0,1,55.6,3,0
T005992,41.78,16,0,0,0,12.0,5,0
T005993,14.48,19,1,0,0,23.1,1,0
T005994,136.43,9,1,0,1,38.2,3,0
T005995,14.51,7,1,0,0,29.8,1,0
T005996,20.58,1,1,0,0,12.2,5,0
T005997,10.2,16,0,0,0,3.8,1,0
T005998,24.09,9,1,0,0,3.4,2,0
T005999,28.13,2,1,0,0,2.8,3,0
T006000,87.48,23,0,0,1,8.7,5,0
T006001,2.44,23,1,0,0,10.3,4,0
T006002,21.97,10,0,0,0,13.7,4,0
T006003,27.99,2,1,0,0,14.1,0,0
T006004,62.09,21,1,0,0,13.1,3,0
T006005,33.88,4,1,0,0,42.8,3,0
T006006,96.33,17,0,0,0,11.0,3,0
T006007,38.1,18,1,0,0,3.0,1,0
T006008,40.97,20,1,0,0,32.7,3,0
T006009,13.4,8,1,0,0,7.1,3,0
T006010,29.52,15,1,0,0,13.0,3,0
T006011,71.59,1,1,0,0,57.9,1,0
T006012,53.08,21,0,0,1,81.3,0,0
T006013,76.74,2,0,0,0,0.3,2,0
T006014,58.19,1,0,0,0,22.6,4,0
T006015,17.58,4,1,0,0,50.9,0,0
T006016,102.03,3,1,0,0,4.3,0,0
T006017,8.98,3,0,0,1,12.8,2,0
T006018,26.48,0,0,0,0,19.1,3,0
T006019,25.9,5,0,1,1,29.6,2,0
T006020,33.87,3,0,0,0,4.5,4,0
T006021,23.74,17,0,0,0,5.1,4,0
T006022,162.74,5,0,0,0,10.1,2,0
T006023,31.58,7,1,1,0,73.1,5,0
T006024,154.79,4,0,0,0,22.9,3,0
T006025,49.24,0,0,0,0,16.5,2,0
T006026,14.91,3,0,1,0,13.3,3,0
T006027,22.18,1,0,0,0,23.0,2,0
T006028,27.12,23,0,0,0,3.4,3,0
T006029,94.94,19,1,0,0,31.1,1,0
T006030,119.68,17,0,0,0,20.2,1,0
T006031,20.5,12,0,1,0,2.4,0,0
T006032,28.77,19,0,0,0,12.4,1,0
T006033,29.86,0,1,0,0,7.1,2,0
T006034,61.58,23,0,0,0,1.9,2,0
T006035,27.17,20,0,0,1,33.6,2,0
T006036,4.75,22,0,0,0,1.1,2,0
T006037,23.75,17,1,0,0,3.3,2,0
T006038,17.57,4,0,0,1,31.1,3,0
T006039,6.88,16,0,0,1,10.7,3,0
T006040,25.19,20,1,0,0,9.8,3,0
T006041,49.09,13,1,0,0,14.8,3,0
T006042,21.9,12,1,0,1,43.4,5,0
T006043,119.35,21,0,0,0,9.0,2,0
T006044,88.67,5,0,0,0,13.0,3,0
T006045,8.44,20,0,0,0,22.3,0,0
T006046,8.34,4,1,0,0,5.5,1,0
T006047,18.98,17,0,0,0,11.5,3,0
T006048,50.35,22,1,0,0,52.4,2,0
T006049,51.81,2,1,1,0,77.5,1,0
T006050,23.13,12,1,1,0,1.9,3,0
T006051,114.35,9,0,0,1,61.3,2,0
T006052,51.34,20,1,0,0,57.1,3,0
T006053,35.11,17,1,0,1,17.1,6,0
T006054,55.82,2,1,0,0,11.2,5,0
T006055,58.22,19,0,0,1,9.3,2,0
T006056,60.82,12,0,0,0,31.1,4,0
T006057,21.11,22,0,0,0,27.5,4,0
T006058,39.7,1,1,0,0,25.2,2,0
T006059,11.35,18,0,0,0,23.9,2,0
T006060,7.29,12,0,0,0,57.7,1,0
T006061,21.57,8,0,0,0,8.3,1,0
T006062,34.86,18,0,1,1,35.0,3,0
T006063,14.25,11,0,0,0,30.3,2,0
T006064,12.94,12,0,0,0,2.8,2,0
T006065,48.55,11,0,0,1,30.0,3,0
T006066,22.58,1,0,0,1,5.0,3,0
T006067,14.95,9,0,0,0,3.3,4,0
T006068,80.43,15,1,0,1,26.2,3,0
T006069,21.24,11,1,0,0,20.5,1,0
T006070,46.85,2,1,0,0,40.1,3,0
T006071,62.97,1,0,0,0,0.8,1,0
T006072,10.07,21,0,0,0,23.6,2,0
T006073,33.79,20,0,0,1,49.4,2,0
T006074,68.26,10,0,0,1,10.4,0,0
T006075,92.55,3,1,1,0,28.9,2,0
T006076,56.53,9,1,0,0,2.4,4,0
T006077,33.58,14,0,0,0,7.3,0,0
T006078,32.04,11,1,0,0,30.6,3,0
T006079,64.1,18,0,0,0,6.3,4,0
T006080,52.46,20,1,0,0,9.5,2,0
T006081,39.55,7,0,0,1,12.4,3,0
T006082,12.3,21,1,0,1,20.5,0,0
T006083,37.48,8,0,0,0,21.9,3,0
T006084,43.81,11,1,0,0,13.3,1,0
T006085,176.6,8,0,0,0,27.8,1,0
T006086,40.43,11,0,1,1,26.8,1,0
T006087,7.24,11,0,0,0,11.3,0,0
T006088,31.55,6,0,0,0,3.8,2,0
T006089,93.31,8,1,0,0,25.0,2,0
T006090,3.61,13,0,0,1,23.8,2,0
T006091,43.07,10,1,0,0,22.2,3,0
T006092,14.66,23,1,0,0,16.3,1,0
T006093,50.06,5,1,0,0,45.8,2,0
T006094,22.6,16,0,0,0,44.0,3,0
T006095,9.01,7,0,0,0,12.7,1,0
T006096,37.1,7,0,1,0,32.9,1,0
T006097,44.22,11,0,0,0,9.5,2,0
T006098,41.87,20,0,0,0,3.5,7,0
T006099,12.59,3,1,0,0,17.5,1,0
T006100,35.39,23,0,0,0,40.5,2,0
T006101,12.32,21,1,0,0,4.7,3,0
T006102,440.62,17,0,0,1,22.3,5,0
T006103,52.55,7,1,0,1,13.3,1,0
T006104,114.48,20,0,0,1,7.6,1,0
T006105,51.79,18,0,0,0,13.8,5,0
T006106,73.59,0,0,0,0,12.8,4,0
T006107,28.63,16,0,0,0,19.2,1,0
T006108,39.47,11,1,0,0,22.9,2,0
T006109,33.38,11,1,0,1,22.0,2,0
T006110,55.47,11,1,0,0,22.4,0,0
T006111,145.78,1,0,0,0,32.7,3,0
T006112,83.11,19,1,0,0,8.7,2,0
T006113,67.44,19,1,0,1,11.3,0,0
T006114,142.41,4,0,0,0,2.5,2,0
T006115,3.34,6,0,0,0,3.6,2,0
T006116,312.48,12,1,0,0,10.6,2,0
T006117,107.17,18,0,0,0,5.6,2,0
T006118,48.68,2,0,0,1,2.9,2,0
T006119,78.34,20,1,0,0,20.3,4,0
T006120,174.71,1,0,0,0,13.6,1,0
T006121,14.98,2,1,0,0,9.3,0,0
T006122,79.66,5,0,0,1,51.9,1,0
T006123,94.07,4,0,0,0,11.7,5,0
T006124,27.25,0,1,0,0,5.5,0,0
T006125,26.76,16,0,0,0,18.8,1,0
T006126,11.01,18,0,0,0,7.0,2,0
T006127,25.47,0,0,0,0,7.5,3,0
T006128,29.74,22,1,1,0,1.5,2,0
T006129,16.85,12,0,0,0,22.2,1,0
T006130,33.22,16,1,0,0,5.5,1,0
T006131,275.89,21,0,0,0,52.5,3,0
T006132,7.13,20,1,0,0,47.9,1,0
T006133,17.94,13,1,0,0,1.8,0,0
T006134,81.56,0,0,0,0,36.6,2,0
T006135,48.31,19,0,0,0,11.6,5,0
T006136,23.21,20,1,1,0,20.4,1,0
T006137,219.78,3,0,0,0,15.3,1,0
T006138,28.51,20,0,0,0,15.9,3,0
T006139,34.92,19,0,0,0,4.7,4,0
T006140,13.7,1,0,0,0,10.3,4,0
T006141,18.49,14,0,0,0,7.2,2,0
T006142,103.02,12,0,0,0,7.2,0,0
T006143,11.83,7,0,0,0,1.3,0,0
T006144,25.13,20,1,0,0,18.4,2,0
T006145,33.55,2,0,0,0,1.3,3,0
T006146,39.57,3,0,0,0,17.7,2,0
T006147,87.83,2,0,0,0,21.8,1,0
T006148,11.62,10,0,0,0,9.7,3,0
T006149,31.09,11,1,0,0,7.1,2,0
T006150,48.86,1,0,0,0,25.8,5,0
T006151,15.18,9,1,0,1,26.6,2,0
T006152,59.62,2,0,0,1,7.0,3,0
T006153,43.02,21,1,0,0,14.6,3,0
T006154,27.23,9,1,0,0,0.6,1,0
T006155,9.16,2,0,0,1,2.9,2,0
T006156,37.17,15,1,0,0,14.8,4,0
T006157,48.61,19,1,0,0,5.6,2,0
T006158,91.54,17,0,0,1,5.8,4,0
T006159,38.64,15,1,0,1,5.9,1,0
T006160,45.62,4,0,0,0,37.6,1,0
T006161,67.51,3,1,1,1,3.5,1,0
T006162,33.96,14,0,0,0,19.6,3,0
T006163,5.48,2,1,0,0,2.7,2,0
T006164,26.56,16,0,0,0,34.7,3,0
T006165,12.36,18,1,0,1,24.9,1,0
T006166,31.33,1,1,0,0,5.5,4,0
T006167,60.01,12,0,0,0,13.6,2,0
T006168,44.22,14,0,0,0,22.7,3,0
T006169,5.0,23,0,0,0,12.5,4,0
T006170,18.63,6,0,0,1,33.4,5,0
T006171,31.0,14,0,0,0,30.7,0,0
T006172,26.21,6,0,0,0,58.6,2,0
T006173,136.95,6,1,0,0,3.6,3,0
T006174,10.69,19,0,0,1,2.4,1,0
T006175,113.9,10,0,0,0,21.5,1,0
T006176,8.12,9,0,0,0,50.9,1,0
T006177,59.15,15,1,0,0,64.2,3,0
T006178,55.78,1,0,0,1,36.7,1,0
T006179,31.56,19,1,0,0,15.3,1,0
T006180,171.77,2,1,0,0,46.6,2,0
T006181,104.22,4,0,0,0,24.4,3,0
T006182,13.22,2,1,0,0,5.8,2,0
T006183,10.13,18,1,0,1,26.3,4,0
T006184,6.89,14,1,0,0,92.3,1,0
T006185,220.93,1,1,0,0,14.2,1,0
T006186,7.93,12,0,0,0,23.1,2,0
T006187,70.58,12,1,0,1,1.3,1,0
T006188,36.61,1,1,0,0,2.0,3,0
T006189,17.94,22,0,0,0,1.8,0,0
T006190,15.56,2,1,0,0,20.9,1,0
T006191,74.98,22,0,0,1,6.7,1,0
T006192,79.9,13,1,0,0,37.5,3,0
T006193,22.04,7,1,0,0,16.8,3,0
T006194,6.64,0,1,0,0,14.8,2,0
T006195,104.19,10,1,0,1,7.0,2,0
T006196,40.05,23,1,0,1,29.9,0,0
T006197,28.42,23,0,0,1,5.9,2,0
T006198,44.47,9,0,0,0,9.0,2,0
T006199,57.88,22,1,0,0,39.7,3,0
T006200,14.2,22,0,0,0,6.0,2,0
T006201,67.39,6,1,0,0,52.8,4,0
T006202,18.42,18,0,0,0,90.4,3,0
T006203,14.6,2,0,1,1,16.8,2,0
T006204,41.64,21,1,0,0,1.1,1,0
T006205,48.79,17,0,0,0,4.6,1,0
T006206,58.75,13,0,1,0,38.6,2,0
T006207,241.49,12,0,0,1,19.2,1,0
T006208,131.45,13,0,0,0,0.2,4,0
T006209,115.95,11,1,0,1,22.8,3,0
T006210,47.61,16,1,1,1,38.6,3,0
T006211,19.37,14,1,0,0,25.0,4,0
T006212,12.49,13,0,0,0,18.2,1,0
T006213,47.52,16,0,0,0,20.8,2,0
T006214,10.82,21,1,0,0,11.6,3,0
T006215,45.31,15,0,0,0,7.3,2,0
T006216,26.96,8,1,0,0,27.1,0,0
T006217,34.41,23,1,0,1,29.7,3,0
T006218,94.06,19,0,0,1,6.8,4,0
T006219,32.15,21,0,0,0,13.0,0,0
T006220,37.81,7,1,0,0,38.9,0,0
T006221,124.54,23,0,1,0,32.2,0,0
T006222,17.44,17,0,0,1,37.3,5,0
T006223,13.7,11,0,0,0,4.0,2,0
T006224,66.7,19,0,0,0,7.6,1,0
T006225,8.42,17,1,0,0,8.3,1,0
T006226,6.29,12,0,0,0,15.8,0,0
T006227,60.85,3,1,0,0,54.1,0,0
T006228,4.11,1,0,0,0,24.5,0,0
T006229,57.38,5,1,0,1,5.7,5,0
T006230,90.03,13,1,0,0,89.8,1,0
T006231,17.68,13,0,1,1,7.1,4,0
T006232,9.74,19,1,0,0,13.0,2,0
T006233,193.54,16,0,0,0,6.1,1,0
T006234,72.79,6,1,0,0,65.7,1,0
T006235,44.19,19,0,0,0,8.0,1,0
T006236,84.21,13,1,0,1,9.9,3,0
T006237,77.78,11,0,0,0,3.5,1,0
T006238,14.55,23,0,0,0,15.2,1,0
T006239,59.99,1,1,0,0,19.3,0,0
T006240,59.68,20,1,0,0,5.1,2,0
T006241,66.91,5,1,0,0,6.9,2,0
T006242,96.45,14,0,0,0,21.1,3,0
T006243,39.94,22,1,0,0,4.4,0,0
T006244,62.87,16,1,0,0,2.9,1,0
T006245,15.45,10,0,1,0,36.2,0,0
T006246,2.63,1,0,0,1,75.6,3,0
T006247,86.86,4,0,0,0,16.4,3,0
T006248,49.89,4,0,0,0,20.1,1,0
T006249,12.26,12,0,0,0,37.9,1,0
T006250,39.64,2,0,0,1,69.6,3,0
T006251,37.05,12,1,1,0,6.3,1,0
T006252,19.99,23,1,0,0,8.7,2,0
T006253,78.36,8,0,0,0,3.6,2,0
T006254,10.39,8,1,0,0,13.0,3,0
T006255,166.03,7,0,0,1,14.3,2,0
T006256,29.09,13,0,0,1,16.0,2,1
T006257,264.62,15,0,0,0,13.6,3,0
T006258,42.67,20,0,0,0,8.3,2,0
T006259,10.15,3,1,0,0,15.9,3,0
T006260,71.77,7,1,0,0,63.0,4,0
T006261,27.09,18,0,0,0,34.7,3,0
T006262,6.93,3,1,1,1,21.4,2,0
T006263,12.51,17,0,1,0,1.3,6,0
T006264,20.02,7,0,1,0,12.5,1,0
T006265,19.21,6,1,0,0,15.6,0,0
T006266,41.9,19,1,0,0,9.5,0,0
T006267,82.33,23,0,0,1,2.7,0,0
T006268,46.45,6,0,0,0,1.2,0,0
T006269,12.99,22,0,0,0,33.2,1,0
T006270,78.65,22,0,0,0,34.4,1,0
T006271,8.34,20,0,0,0,6.4,1,0
T006272,29.73,14,1,0,0,15.5,3,0
T006273,40.4,17,1,0,0,12.8,3,0
T006274,13.69,9,0,0,0,15.1,3,0
T006275,23.47,11,1,0,0,7.4,1,0
T006276,447.05,5,1,0,0,40.4,5,0
T006277,41.4,17,1,0,0,18.1,1,0
T006278,98.53,19,0,0,0,27.6,1,0
T006279,6.11,1,0,0,0,12.6,1,0
T006280,70.41,8,1,0,0,14.1,1,0
T006281,35.32,22,0,0,1,1.2,5,0
T006282,119.07,21,0,0,0,33.4,3,0
T006283,191.12,9,0,0,0,7.3,1,0
T006284,8.98,4,0,0,0,14.1,2,0
T006285,35.99,17,0,0,0,1.4,2,0
T006286,55.33,18,0,0,0,18.6,1,0
T006287,66.89,23,0,0,0,5.4,4,0
T006288,32.78,19,1,0,1,1.8,5,0
T006289,38.74,19,1,0,0,4.7,2,0
T006290,97.58,19,1,0,0,31.4,3,0
T006291,131.34,11,0,0,1,17.8,6,0
T006292,25.6,16,0,0,0,68.2,1,0
T006293,14.4,4,0,0,0,10.9,4,0
T006294,66.41,8,1,0,0,40.5,3,0
T006295,761.38,4,0,0,1,46.9,1,0
T006296,14.69,0,0,1,0,32.5,4,0
T006297,21.28,5,1,0,0,0.7,2,0
T006298,11.4,7,0,0,1,40.3,1,0
T006299,19.37,0,0,0,0,74.4,3,0
T006300,7.01,5,0,0,1,26.2,0,0
T006301,54.09,17,0,0,1,1.1,1,0
T006302,13.71,21,0,0,0,86.4,1,0
T006303,48.4,8,0,0,0,21.5,5,0
T006304,32.33,22,0,0,0,5.5,3,0
T006305,15.09,4,1,0,0,20.3,1,0
T006306,75.25,1,0,0,0,1.0,0,0
T006307,26.63,16,1,0,0,30.1,2,0
T006308,12.3,20,0,0,0,10.2,2,0
T006309,39.89,16,0,0,0,44.0,2,0
T006310,154.16,14,0,0,0,25.7,2,0
T006311,149.95,1,0,0,0,19.1,3,0
T006312,33.32,3,0,0,1,10.4,2,0
T006313,104.21,8,0,0,0,5.3,0,0
T006314,34.55,0,0,0,1,31.8,1,0
T006315,54.78,6,0,0,0,9.6,2,0
T006316,9.8,15,1,0,0,18.1,2,0
T006317,37.4,23,1,0,0,21.0,3,0
T006318,8.31,23,0,0,0,4.6,2,0
T006319,18.6,12,0,0,1,0.7,1,0
T006320,47.01,23,1,0,1,7.1,4,0
T006321,83.65,23,1,0,0,26.6,2,0
T006322,15.92,6,0,0,0,14.1,5,0
T006323,32.7,13,0,0,1,40.7,2,0
T006324,100.07,21,1,0,0,53.7,2,0
T006325,9.56,18,1,0,0,25.1,4,0
T006326,13.7,22,1,0,0,27.1,4,0
T006327,197.28,11,1,0,0,35.9,1,0
T006328,77.05,19,1,0,0,5.9,3,0
T006329,98.79,6,0,0,0,2.0,2,0
T006330,27.12,3,1,0,0,51.1,2,0
T006331,12.06,16,1,0,0,21.5,0,0
T006332,22.9,15,0,0,0,37.2,2,0
T006333,16.53,1,0,0,0,7.0,2,0
T006334,18.38,17,0,0,0,3.1,3,0
T006335,17.65,1,0,0,1,39.1,3,0
T006336,33.21,15,1,0,0,16.8,1,0
T006337,10.17,2,0,0,0,12.7,2,0
T006338,32.15,3,0,0,1,39.5,2,0
T006339,136.24,7,0,0,0,7.5,1,0
T006340,265.5,23,1,0,0,27.2,2,0
T006341,4.21,17,0,0,0,5.2,2,0
T006342,10.74,5,0,0,1,17.0,2,0
T006343,44.03,1,1,0,0,3.4,3,0
T006344,18.02,6,0,0,0,0.6,7,0
T006345,46.05,8,0,0,0,3.3,1,0
T006346,5.49,22,1,0,0,4.0,3,0
T006347,37.56,9,1,0,0,19.1,2,0
T006348,20.76,2,0,1,0,12.5,5,0
T006349,39.52,20,1,0,1,69.9,0,0
T006350,78.88,5,0,0,0,0.9,2,0
T006351,45.4,11,1,1,0,14.7,1,0
T006352,14.23,5,0,0,0,19.6,1,0
T006353,43.01,15,0,0,0,12.5,1,0
T006354,27.32,17,0,0,0,17.2,2,0
T006355,9.88,22,0,0,0,0.1,2,0
T006356,162.56,14,0,0,1,9.0,1,0
T006357,64.14,19,1,0,0,19.0,6,0
T006358,98.02,16,1,0,0,103.5,3,0
T006359,22.52,15,1,0,0,30.3,3,0
T006360,40.27,11,0,0,0,23.1,4,0
T006361,21.02,7,0,0,0,6.0,2,0
T006362,95.12,9,0,0,0,30.1,2,0
T006363,32.33,16,1,0,0,10.2,5,0
T006364,90.82,3,1,0,0,43.9,4,0
T006365,32.46,23,1,0,0,3.1,4,0
T006366,24.04,17,0,0,0,39.5,1,0
T006367,12.4,10,0,0,0,17.2,4,0
T006368,178.74,14,1,0,1,1.5,5,0
T006369,14.33,21,1,0,0,49.5,3,0
T006370,41.42,19,1,0,0,16.5,2,0
T006371,48.42,10,0,0,0,31.4,3,0
T006372,12.39,18,1,0,0,7.4,1,0
T006373,35.17,10,1,0,1,23.7,2,0
T006374,19.99,21,0,0,0,18.6,0,0
T006375,26.86,3,0,0,0,5.9,0,0
T006376,11.52,17,0,0,0,33.6,4,0
T006377,22.36,18,0,0,0,21.2,1,0
T006378,33.22,3,1,0,0,22.7,2,0
T006379,5.8,4,0,0,0,13.8,4,0
T006380,20.41,5,1,0,0,6.0,1,0
T006381,140.45,5,0,0,0,10.1,4,0
T006382,28.9,16,1,0,0,4.8,0,0
T006383,4.5,16,0,0,0,31.6,0,0
T006384,43.82,22,0,1,1,5.4,2,0
T006385,59.59,13,1,0,0,35.3,3,0
T006386,82.06,17,0,0,1,36.5,2,0
T006387,20.97,7,0,0,0,14.8,1,0
T006388,14.43,0,0,0,1,2.3,2,0
T006389,17.26,6,0,0,0,26.3,1,0
T006390,16.79,3,0,0,0,10.7,2,0
T006391,8.25,11,1,0,0,15.3,0,0
T006392,12.6,13,1,0,1,14.9,5,0
T006393,16.33,6,0,0,0,12.5,2,0
T006394,30.56,22,1,0,0,12.7,4,0
T006395,36.65,5,0,0,0,14.9,1,0
T006396,17.0,4,1,0,0,27.6,2,0
T006397,10.39,15,1,0,0,23.9,3,0
T006398,280.2,20,0,0,0,20.2,1,0
T006399,22.37,8,1,0,0,11.8,3,0
T006400,6.0,7,0,0,1,6.6,1,0
T006401,259.49,14,1,1,0,6.5,3,0
T006402,7.24,1,0,0,0,2.2,1,0
T006403,118.17,9,1,0,0,51.4,1,0
T006404,112.31,20,1,0,0,11.7,3,0
T006405,224.39,16,1,0,0,6.3,3,0
T006406,9.27,15,1,0,0,2.8,1,0
T006407,11.9,11,0,0,0,34.0,2,0
T006408,9.38,12,1,0,0,19.6,4,0
T006409,132.98,11,0,1,1,27.0,3,0
T006410,26.43,18,0,0,0,5.9,6,0
T006411,3.94,23,1,0,0,1.5,1,0
T006412,68.46,12,0,1,0,63.1,4,0
T006413,434.5,11,1,1,0,44.5,1,0
T006414,35.73,21,0,0,0,13.4,2,0
T006415,81.16,8,0,0,0,9.1,3,0
T006416,134.54,15,1,0,0,16.0,3,0
T006417,12.45,10,0,0,0,28.0,0,0
T006418,45.59,4,0,0,0,3.6,3,0
T006419,14.36,19,0,0,0,17.6,1,0
T006420,36.17,7,0,0,0,13.4,1,0
T006421,116.91,14,0,1,0,16.2,1,0
T006422,304.57,7,0,1,0,1.1,1,0
T006423,9.69,0,0,0,0,4.1,3,0
T006424,230.61,16,1,0,0,3.3,2,0
T006425,21.1,2,0,0,0,18.2,0,0
T006426,103.7,16,1,0,0,34.6,3,0
T006427,20.5,19,0,0,1,29.1,2,0
T006428,97.02,10,1,0,0,35.5,3,0
T006429,17.03,12,1,0,0,18.1,1,0
T006430,26.81,13,0,0,0,23.9,0,0
T006431,42.33,5,0,1,0,39.4,1,0
T006432,50.73,18,0,1,1,36.4,1,0
T006433,76.65,13,1,0,0,26.7,3,0
T006434,113.73,20,0,0,0,0.5,1,0
T006435,52.58,21,1,0,1,4.0,2,0
T006436,53.9,22,1,0,0,11.4,1,0
T006437,61.57,19,1,1,0,10.4,0,0
T006438,109.93,5,1,0,0,51.3,3,0
T006439,20.72,13,0,0,0,5.2,4,0
T006440,48.87,21,1,0,0,11.0,0,0
T006441,48.3,23,0,0,0,4.3,1,0
T006442,25.1,17,1,0,0,16.4,1,0
T006443,32.27,4,0,0,0,28.2,2,0
T006444,14.7,5,1,0,0,4.1,3,0
T006445,9.58,23,0,0,1,8.9,5,0
T006446,11.8,21,0,0,0,6.0,1,0
T006447,253.2,23,1,0,0,4.7,2,0
T006448,4.43,1,1,0,1,28.7,1,0
T006449,17.7,3,1,0,0,1.4,6,0
T006450,39.58,8,0,0,0,18.5,3,0
T006451,62.98,22,0,0,0,30.8,1,0
T006452,79.67,17,1,0,0,11.0,3,0
T006453,11.97,20,0,0,0,27.1,2,0
T006454,50.06,13,0,0,0,51.3,4,0
T006455,2.58,0,1,0,0,43.3,0,0
T006456,17.8,21,0,0,0,17.6,2,0
T006457,55.82,23,0,0,1,39.8,0,0
T006458,60.8,17,1,0,0,36.1,1,0
T006459,50.54,14,0,0,1,10.0,1,0
T006460,16.39,16,1,0,0,5.6,1,0
T006461,200.32,20,0,0,0,8.9,2,0
T006462,54.35,17,1,0,0,15.1,1,0
T006463,14.47,20,1,0,0,6.9,2,0
T006464,7.02,9,0,0,1,13.9,1,0
T006465,46.25,16,0,0,0,11.2,0,0
T006466,4.87,16,1,0,0,56.3,0,0
T006467,10.35,17,0,1,0,15.9,2,0
T006468,17.03,23,1,0,0,20.1,2,0
T006469,7.37,22,1,0,0,2.0,2,0
T006470,37.23,0,0,0,1,23.8,2,0
T006471,35.24,20,0,0,1,45.7,0,0
T006472,33.57,9,1,0,1,13.5,2,0
T006473,45.7,7,0,0,0,0.3,5,0
T006474,80.3,0,0,0,0,13.1,0,0
T006475,11.46,4,0,0,0,10.9,1,0
T006476,9.19,14,0,0,0,23.3,0,0
T006477,58.1,18,0,1,0,4.1,2,0
T006478,44.26,19,1,0,0,38.9,4,0
T006479,26.36,20,1,0,0,22.0,0,0
T006480,23.59,18,0,0,1,32.0,2,0
T006481,25.03,12,0,0,0,6.3,2,0
T006482,80.86,6,0,0,1,10.2,2,0
T006483,11.7,1,1,0,0,13.3,2,0
T006484,11.87,8,0,0,0,2.8,4,0
T006485,13.35,17,0,0,1,26.0,1,0
T006486,36.15,8,0,0,0,30.7,1,0
T006487,22.56,7,0,0,0,8.4,0,0
T006488,11.63,23,0,0,0,11.7,2,0
T006489,156.89,10,1,0,0,1.8,1,0
T006490,13.18,11,0,0,1,18.0,0,0
T006491,29.12,20,1,0,1,5.8,1,0
T006492,169.49,13,0,0,0,80.0,2,0
T006493,35.04,13,1,0,0,16.0,1,0
T006494,74.98,13,0,0,1,1.5,2,0
T006495,50.47,18,0,0,0,3.4,3,0
T006496,139.49,22,0,0,0,12.6,2,0
T006497,105.49,10,0,0,0,11.1,3,0
T006498,19.49,15,0,0,0,12.1,3,0
T006499,24.36,6,1,1,0,26.2,3,0
T006500,4.55,11,0,1,0,12.4,3,0
T006501,72.13,19,0,0,0,19.1,1,0
T006502,35.63,4,0,0,0,3.7,1,0
T006503,18.28,9,0,0,0,23.3,0,0
T006504,20.69,8,1,0,0,41.7,4,0
T006505,3.69,0,1,0,1,52.0,2,0
T006506,193.01,5,1,1,1,0.4,3,0
T006507,25.79,2,1,0,0,9.7,2,0
T006508,67.26,10,0,0,0,26.9,4,0
T006509,15.9,13,0,0,1,4.8,2,0
T006510,13.1,4,1,0,1,9.9,0,0
T006511,88.74,1,1,0,1,8.1,5,0
T006512,28.16,8,1,0,0,48.1,3,0
T006513,42.29,0,0,0,0,18.7,2,0
T006514,149.95,0,0,0,0,9.5,5,0
T006515,55.82,16,0,0,0,1.5,4,0
T006516,31.34,21,0,0,0,2.8,2,0
T006517,55.31,14,0,0,0,20.6,3,0
T006518,51.63,1,0,0,0,19.4,3,0
T006519,25.5,23,1,0,1,5.3,3,0
T006520,53.96,15,0,1,0,26.9,2,0
T006521,22.72,20,1,0,0,39.7,1,0
T006522,25.62,22,0,0,0,13.3,0,0
T006523,15.17,12,0,0,0,34.8,4,0
T006524,180.42,15,0,0,0,37.3,2,0
T006525,5.33,3,1,0,1,29.5,1,0
T006526,56.88,6,1,0,1,20.8,2,0
T006527,34.59,13,1,1,0,38.4,4,0
T006528,87.09,20,0,0,0,14.4,1,0
T006529,11.62,10,0,0,0,12.9,4,0
T006530,104.61,10,0,0,0,13.6,0,0
T006531,17.15,0,1,0,0,3.5,2,0
T006532,10.38,13,1,0,1,13.2,2,0
T006533,14.88,11,0,0,0,10.5,3,0
T006534,54.56,0,0,0,0,34.7,3,0
T006535,101.63,14,0,1,0,11.4,0,0
T006536,97.01,19,1,0,0,20.6,2,0
T006537,10.32,18,1,0,0,8.3,2,0
T006538,48.15,2,1,0,0,5.9,2,0
T006539,66.09,23,1,0,0,0.9,2,0
T006540,45.93,15,1,0,1,33.7,2,0
T006541,31.28,9,0,0,0,18.0,2,0
T006542,22.31,17,0,1,0,7.4,7,0
T006543,100.06,1,0,0,0,52.3,4,0
T006544,52.41,4,1,0,0,12.1,1,0
T006545,96.61,7,0,0,0,5.4,3,0
T006546,23.89,14,1,0,0,2.4,2,0
T006547,75.1,19,0,0,1,15.0,1,0
T006548,17.29,8,0,0,1,3.7,2,0
T006549,61.31,1,0,0,0,2.6,2,0
T006550,65.44,19,0,0,0,13.6,1,0
T006551,79.89,8,0,0,0,2.9,3,0
T006552,18.02,5,1,0,0,4.9,3,0
T006553,108.68,6,1,0,1,19.6,2,0
T006554,40.7,5,0,0,0,25.5,2,0
T006555,122.2,1,0,0,0,59.3,3,0
T006556,90.25,3,0,0,1,54.9,3,0
T006557,36.33,4,1,0,0,4.8,3,0
T006558,19.65,15,0,0,0,34.8,2,0
T006559,5.88,9,1,0,0,14.5,4,0
T006560,93.6,2,1,0,0,15.9,3,0
T006561,107.92,18,0,0,0,35.5,2,0
T006562,18.06,13,1,0,1,15.2,2,0
T006563,87.97,7,1,0,0,61.2,1,0
T006564,43.99,1,0,0,0,20.3,0,0
T006565,12.33,13,0,0,0,2.8,2,0
T006566,21.69,17,1,0,0,11.5,1,0
T006567,104.92,21,1,0,1,1.5,3,0
T006568,8.05,5,0,0,0,22.0,2,0
T006569,78.04,8,0,0,1,7.3,3,0
T006570,44.24,21,0,1,0,1.5,0,0
T006571,105.96,22,0,0,0,8.9,1,0
T006572,38.16,21,0,0,0,5.6,1,0
T006573,91.2,11,0,0,0,8.1,2,0
T006574,5.78,14,0,0,1,7.5,3,0
T006575,6.62,1,1,0,0,0.1,4,0
T006576,231.33,11,1,0,1,2.2,4,0
T006577,24.45,12,1,0,0,14.6,1,0
T006578,58.29,10,0,0,1,10.3,4,0
T006579,8.83,2,0,0,0,22.9,2,0
T006580,88.43,23,1,1,0,3.3,3,0
T006581,44.45,11,0,1,1,13.5,1,0
T006582,55.47,22,0,0,0,4.6,0,0
T006583,12.37,15,1,0,0,62.8,2,0
T006584,42.17,21,0,0,0,1.1,0,0
T006585,36.28,21,0,0,0,3.0,0,0
T006586,215.09,13,1,0,0,23.0,2,0
T006587,28.86,23,1,0,0,25.3,1,0
T006588,43.4,16,1,0,0,17.6,4,0
T006589,104.63,18,0,0,0,5.5,1,0
T006590,5.66,4,0,0,0,3.0,1,0
T006591,50.66,20,1,0,0,19.9,1,0
T006592,30.09,20,0,0,0,4.5,1,0
T006593,15.03,4,0,0,1,10.1,2,0
T006594,21.52,0,0,0,0,2.0,1,0
T006595,44.25,19,1,1,0,0.8,2,0
T006596,70.83,13,0,0,0,18.6,5,0
T006597,38.5,20,0,0,0,5.7,0,0
T006598,72.22,13,1,0,1,3.3,2,0
T006599,26.81,17,0,1,0,11.6,2,0
T006600,55.97,16,1,1,0,2.6,4,0
T006601,86.94,0,0,0,1,57.1,2,0
T006602,23.45,9,0,0,0,11.5,1,0
T006603,22.45,4,0,0,0,10.4,2,0
T006604,46.34,14,0,0,0,19.4,3,0
T006605,23.09,23,1,0,0,6.3,0,0
T006606,23.37,13,1,0,1,3.8,4,0
T006607,60.21,0,0,0,0,5.0,2,0
T006608,110.08,10,0,0,0,1.8,4,0
T006609,23.68,13,1,0,0,14.0,2,0
T006610,162.57,1,1,0,0,2.9,3,0
T006611,22.52,1,0,0,0,12.6,2,0
T006612,14.71,1,0,0,0,66.0,5,0
T006613,51.41,15,0,0,0,10.3,3,0
T006614,37.51,20,0,0,0,15.1,1,0
T006615,65.6,21,0,1,0,17.4,5,0
T006616,9.57,5,1,0,1,62.5,2,0
T006617,53.51,0,1,0,0,26.6,5,0
T006618,43.51,12,0,0,1,10.0,2,0
T006619,44.41,0,1,0,0,18.5,3,0
T006620,89.26,1,0,0,0,0.9,1,0
T006621,89.9,19,1,0,0,23.1,1,0
T006622,17.54,16,0,1,0,23.0,2,0
T006623,16.35,16,0,0,0,5.8,2,0
T006624,19.64,21,1,0,0,31.8,1,0
T006625,126.54,16,0,0,1,30.9,5,0
T006626,37.32,12,1,0,1,4.5,1,0
T006627,34.75,8,1,0,0,15.6,0,0
T006628,50.44,11,1,0,1,2.6,1,0
T006629,33.94,8,0,0,0,1.5,2,0
T006630,36.06,20,1,0,1,25.2,0,0
T006631,37.52,5,1,0,1,2.7,0,0
T006632,65.48,1,1,0,0,31.6,0,0
T006633,34.03,11,1,0,0,11.7,2,0
T006634,60.83,10,0,0,0,23.4,3,0
T006635,37.09,15,0,0,0,12.3,2,0
T006636,23.53,6,1,0,0,13.9,1,0
T006637,21.78,5,0,0,0,5.8,1,0
T006638,154.11,17,1,0,1,14.7,2,0
T006639,53.23,10,0,0,1,19.9,2,0
T006640,34.1,6,1,0,0,55.4,3,0
T006641,39.17,14,0,1,1,1.4,4,0
T006642,37.89,12,0,0,0,7.0,2,0
T006643,34.35,17,0,0,0,13.0,4,0
T006644,100.06,2,1,0,0,14.6,4,0
T006645,49.89,7,1,0,1,22.3,1,0
T006646,16.78,5,0,0,0,2.4,1,0
T006647,4.52,0,1,0,1,9.8,0,0
T006648,122.9,14,1,0,0,13.6,2,0
T006649,68.6,11,0,0,1,8.9,4,0
T006650,61.93,15,0,0,1,12.2,3,0
T006651,25.56,21,0,0,0,6.4,2,0
T006652,5.81,13,1,0,1,54.0,2,0
T006653,107.01,15,1,1,1,19.3,3,0
T006654,12.14,6,1,1,0,7.9,1,0
T006655,70.03,4,0,0,0,3.0,3,0
T006656,92.54,14,1,0,0,16.1,5,0
T006657,65.39,2,0,0,1,2.8,6,0
T006658,133.97,12,1,0,1,13.4,0,0
T006659,13.74,21,0,1,0,10.7,4,0
T006660,16.19,15,0,0,0,24.1,1,0
T006661,6.47,1,1,0,0,0.7,3,0
T006662,37.85,8,0,0,1,1.7,2,0
T006663,66.45,7,0,0,0,5.1,3,0
T006664,23.8,7,0,1,0,2.4,1,0
T006665,41.55,20,1,0,0,6.6,4,0
T006666,43.39,22,0,0,1,18.5,4,0
T006667,177.11,13,0,1,0,36.2,0,0
T006668,21.44,8,1,0,1,13.0,3,0
T006669,52.25,6,0,0,0,24.0,1,0
T006670,36.55,19,0,0,0,13.9,5,0
T006671,67.32,8,1,0,0,5.0,3,0
T006672,21.83,18,0,0,0,28.8,2,0
T006673,40.72,5,0,0,1,49.5,2,0
T006674,121.34,7,1,0,0,30.1,1,0
T006675,49.27,14,1,0,0,15.1,3,0
T006676,42.19,23,0,0,0,6.5,2,0
T006677,62.19,0,0,0,0,13.5,1,0
T006678,10.11,11,0,0,0,28.8,2,0
T006679,31.9,11,0,0,0,25.0,5,0
T006680,86.96,22,1,0,0,10.6,4,0
T006681,18.83,15,1,0,0,33.1,2,0
T006682,70.64,17,0,0,0,1.3,0,0
T006683,138.04,12,0,0,0,5.3,1,0
T006684,29.37,10,1,0,0,6.5,6,0
T006685,83.6,4,0,0,0,8.6,4,0
T006686,104.14,16,0,0,0,15.8,3,0
T006687,76.29,15,1,0,0,20.6,1,0
T006688,188.25,19,0,0,0,10.8,1,0
T006689,31.16,17,0,0,0,4.4,4,0
T006690,24.19,9,0,0,1,42.2,0,0
T006691,17.59,16,0,0,0,23.8,0,0
T006692,31.64,17,1,0,1,29.7,1,0
T006693,112.4,11,1,0,0,33.4,1,0
T006694,77.97,7,0,0,0,8.8,3,0
T006695,4.41,4,0,1,0,40.1,4,0
T006696,28.06,15,0,0,0,21.0,3,0
T006697,16.76,16,0,0,0,4.4,2,0
T006698,33.58,3,0,0,0,16.1,4,0
T006699,4.44,19,0,0,0,32.0,0,0
T006700,31.33,16,1,0,0,3.2,2,0
T006701,5.88,19,1,1,0,25.8,4,0
T006702,50.66,11,1,0,0,5.1,1,0
T006703,23.89,12,1,0,0,3.0,2,0
T006704,7.36,13,1,0,0,26.1,3,0
T006705,22.92,10,1,0,0,2.4,1,0
T006706,55.2,16,1,0,1,8.7,3,0
T006707,6.92,15,0,0,0,13.8,4,0
T006708,50.87,14,1,0,0,4.2,3,0
T006709,20.62,6,0,0,1,9.7,1,0
T006710,10.35,7,1,1,0,51.2,3,0
T006711,75.39,0,0,0,1,9.8,3,0
T006712,171.0,1,0,0,0,16.3,0,0
T006713,209.26,11,0,0,0,44.1,1,0
T006714,3.59,8,1,0,1,11.0,1,0
T006715,25.49,0,0,0,0,48.5,1,0
T006716,56.01,6,0,0,0,56.5,3,0
T006717,22.31,5,1,0,0,29.5,2,0
T006718,8.86,20,1,0,0,17.8,2,0
T006719,62.85,2,1,0,0,32.9,3,0
T006720,40.48,11,1,0,1,38.1,3,0
T006721,24.14,8,0,0,0,0.2,2,0
T006722,91.92,23,1,0,0,18.2,5,0
T006723,22.35,22,0,0,0,18.9,0,0
T006724,60.75,10,1,0,0,8.6,0,0
T006725,185.66,21,1,0,0,30.2,0,0
T006726,216.24,20,1,0,0,33.9,6,0
T006727,2.33,22,1,0,1,5.3,4,0
T006728,27.82,9,0,0,1,24.5,1,0
T006729,16.24,3,0,1,0,1.6,2,0
T006730,18.06,11,0,0,0,7.3,3,0
T006731,5.47,9,0,0,0,12.9,2,0
T006732,76.18,6,1,0,0,7.0,1,0
T006733,49.98,0,0,0,1,30.3,5,0
T006734,20.8,1,0,0,1,25.4,1,0
T006735,16.96,7,0,0,0,36.9,2,0
T006736,26.89,8,0,0,0,13.9,0,0
T006737,19.62,13,1,0,0,46.0,1,0
T006738,26.35,5,1,0,0,2.1,2,0
T006739,11.39,15,1,0,0,6.5,3,0
T006740,24.38,4,1,0,0,22.5,6,0
T006741,50.39,16,1,0,0,14.4,1,0
T006742,22.52,10,1,0,0,24.0,3,0
T006743,48.39,23,1,0,0,17.3,1,0
T006744,29.52,18,0,0,0,12.3,0,0
T006745,72.7,12,1,1,0,17.4,0,0
T006746,215.4,1,0,1,1,2.2,2,0
T006747,4.47,20,0,0,0,9.1,2,0
T006748,11.51,22,1,0,0,6.0,3,0
T006749,14.09,16,0,0,0,26.0,4,0
T006750,71.94,9,0,0,0,18.4,2,0
T006751,81.31,5,0,0,0,0.3,3,0
T006752,77.87,3,1,0,0,2.1,7,0
T006753,12.24,13,1,0,0,13.8,0,0
T006754,4.89,11,1,0,0,2.4,2,0
T006755,53.99,18,1,0,0,4.2,0,0
T006756,104.12,5,0,0,1,34.1,2,0
T006757,50.49,19,1,0,0,5.3,2,0
T006758,11.97,4,1,0,0,12.4,0,0
T006759,147.03,16,1,0,0,28.6,2,0
T006760,164.07,6,0,0,0,67.6,3,0
T006761,88.85,0,1,0,0,25.5,2,0
T006762,24.96,17,0,1,0,1.8,3,0
T006763,37.7,11,0,0,0,25.4,2,0
T006764,34.9,18,1,0,1,4.1,3,0
T006765,15.54,23,0,0,0,45.8,2,0
T006766,32.01,17,0,0,1,11.0,4,0
T006767,40.7,16,1,1,0,35.5,2,0
T006768,12.38,5,0,0,0,15.1,2,0
T006769,18.78,19,1,0,0,2.7,1,0
T006770,43.4,21,1,0,0,8.9,2,0
T006771,29.31,16,0,0,1,49.2,2,0
T006772,29.1,4,1,0,0,12.3,2,0
T006773,20.45,10,1,0,0,18.4,4,0
T006774,62.09,15,1,0,0,40.0,0,0
T006775,11.93,14,1,0,1,22.8,0,0
T006776,20.14,22,1,0,0,3.7,4,0
T006777,2.91,12,0,0,0,47.9,2,0
T006778,30.71,23,1,0,0,12.4,1,0
T006779,13.23,4,1,0,0,31.6,1,0
T006780,28.05,11,0,0,0,10.7,2,0
T006781,42.77,3,1,0,0,16.6,2,0
T006782,138.5,0,1,0,0,6.4,4,0
T006783,51.77,22,0,0,0,68.7,5,0
T006784,12.74,20,0,0,0,2.2,0,0
T006785,51.49,10,1,0,0,14.5,1,0
T006786,142.04,13,1,0,0,17.7,7,0
T006787,105.95,21,1,0,0,2.9,5,0
T006788,82.47,10,0,0,0,21.6,2,0
T006789,88.59,23,1,0,1,39.6,3,0
T006790,10.33,3,0,1,0,14.7,2,0
T006791,103.14,19,0,0,0,10.7,2,0
T006792,16.81,20,1,1,0,4.1,1,0
T006793,137.69,8,0,0,0,4.1,2,0
T006794,14.28,10,1,0,0,7.5,2,0
T006795,8.98,11,1,1,1,8.9,1,0
T006796,43.66,4,0,0,0,3.9,4,0
T006797,97.57,18,1,1,0,17.9,3,0
T006798,12.78,14,1,0,0,6.4,1,0
T006799,193.77,12,1,0,1,16.0,0,0
T006800,107.08,16,0,0,0,12.8,1,0
T006801,3.71,11,0,0,0,7.1,2,0
T006802,15.62,0,0,0,0,55.8,5,0
T006803,18.2,13,1,0,1,36.2,2,0
T006804,7.31,10,1,0,0,14.9,1,0
T006805,44.05,18,0,0,0,10.3,4,0
T006806,32.66,18,1,0,0,0.8,5,0
T006807,2.97,13,1,0,0,8.2,2,0
T006808,9.59,12,1,0,0,9.3,1,0
T006809,5.25,11,1,0,0,30.8,2,0
T006810,358.82,14,0,0,0,12.4,5,0
T006811,26.67,12,1,0,1,20.3,1,0
T006812,23.18,17,1,0,0,21.4,1,0
T006813,139.93,6,0,0,0,6.6,0,0
T006814,82.33,12,0,0,0,36.5,2,0
T006815,208.29,21,0,0,0,51.0,3,0
T006816,9.51,9,0,1,0,0.8,1,1
T006817,37.38,3,0,0,0,6.9,3,0
T006818,185.56,6,0,0,1,22.4,0,0
T006819,26.63,13,0,0,0,85.7,1,0
T006820,10.44,16,0,0,0,0.9,0,0
T006821,39.6,4,0,1,0,3.1,4,0
T006822,201.32,6,1,0,0,57.5,3,0
T006823,94.0,12,1,0,1,60.5,1,0
T006824,46.6,13,0,0,1,9.0,2,0
T006825,16.33,7,1,0,0,5.8,3,0
T006826,167.45,1,1,0,0,5.2,1,0
T006827,29.62,14,1,0,0,16.7,3,0
T006828,56.75,11,0,0,0,5.6,1,0
T006829,31.77,16,1,0,0,4.7,2,0
T006830,27.12,21,1,0,1,44.6,5,0
T006831,21.32,14,1,0,0,2.6,2,0
T006832,48.17,4,1,0,1,5.6,0,0
T006833,55.38,0,0,0,1,13.1,1,0
T006834,4.11,4,0,0,0,6.6,2,0
T006835,173.38,16,0,0,1,28.8,0,0
T006836,63.13,13,1,0,0,51.6,2,0
T006837,167.82,5,0,0,0,7.9,2,0
T006838,36.28,12,0,0,0,3.0,2,0
T006839,443.05,8,0,0,0,8.6,4,0
T006840,36.53,21,0,0,0,1.4,5,0
T006841,30.96,12,1,0,0,10.4,2,0
T006842,259.02,16,0,0,0,9.7,4,0
T006843,95.16,15,0,0,0,9.5,2,0
T006844,32.17,23,0,0,0,2.5,1,0
T006845,18.12,9,1,0,0,4.0,4,0
T006846,4.5,23,0,0,0,2.8,2,0
T006847,47.53,21,1,1,1,2.2,1,0
T006848,629.57,19,1,1,0,34.4,4,0
T006849,11.97,20,0,0,0,2.0,3,0
T006850,148.04,3,0,0,0,54.6,0,0
T006851,1.69,20,0,0,0,25.1,1,0
T006852,31.01,11,0,0,0,10.5,4,0
T006853,8.92,12,0,0,0,5.1,3,0
T006854,66.48,18,0,0,1,26.1,3,0
T006855,35.21,12,0,0,0,0.1,0,0
T006856,59.0,2,1,0,0,8.7,2,0
T006857,21.3,7,0,0,0,3.1,2,0
T006858,41.44,4,0,0,0,8.3,2,0
T006859,6.98,18,1,0,0,26.8,0,0
T006860,65.79,5,1,0,0,20.3,0,0
T006861,74.64,17,1,0,1,13.2,2,0
T006862,8.83,3,1,0,0,6.4,1,0
T006863,10.97,18,1,0,1,0.6,3,0
T006864,21.69,6,0,0,0,33.5,5,0
T006865,34.97,15,1,0,0,3.4,2,0
T006866,44.14,22,0,1,0,11.5,2,0
T006867,12.17,5,1,0,0,24.8,2,0
T006868,13.29,17,0,0,0,5.7,1,0
T006869,136.88,5,0,0,0,31.3,2,1
T006870,46.21,5,1,0,0,27.4,1,0
T006871,19.63,1,0,0,0,5.1,1,0
T006872,14.13,11,1,0,0,18.5,1,0
T006873,35.15,14,1,0,0,8.4,1,0
T006874,24.81,18,0,0,0,2.5,0,0
T006875,23.7,23,1,0,0,14.6,2,0
T006876,37.16,2,0,1,1,51.7,1,0
T006877,89.59,21,0,0,0,17.6,1,0
T006878,22.2,6,0,0,1,14.8,2,0
T006879,8.74,14,0,0,1,19.0,0,0
T006880,6.37,19,1,0,0,18.4,2,0
T006881,9.43,22,0,0,1,18.8,5,0
T006882,6.28,2,1,0,0,22.6,4,0
T006883,77.86,9,0,0,0,2.7,3,0
T006884,21.76,17,0,0,0,12.8,1,0
T006885,16.52,11,0,0,1,10.0,4,0
T006886,42.3,13,0,0,0,1.5,2,0
T006887,188.69,16,0,1,0,47.4,4,0
T006888,22.34,5,1,0,1,15.8,1,0
T006889,384.77,12,0,0,0,16.2,0,0
T006890,19.31,11,1,0,0,12.8,1,0
T006891,27.82,22,0,0,0,38.7,1,0
T006892,20.92,5,0,0,0,38.2,2,0
T006893,41.04,18,0,0,0,4.3,3,0
T006894,29.63,19,0,0,0,44.5,0,0
T006895,20.4,11,0,0,1,5.9,1,0
T006896,21.89,15,0,0,0,36.6,1,0
T006897,27.26,22,0,0,1,25.5,3,0
T006898,31.37,8,0,0,0,3.2,2,0
T006899,23.01,11,1,0,1,7.9,1,0
T006900,51.36,6,1,0,0,18.1,2,0
T006901,34.72,0,0,0,0,17.7,5,0
T006902,37.33,8,0,0,0,8.6,1,0
T006903,50.77,13,1,0,0,5.9,4,0
T006904,14.34,23,1,0,0,13.6,0,0
T006905,46.15,13,0,0,0,13.8,3,0
T006906,6.3,18,1,0,1,0.6,1,0
T006907,32.73,4,1,0,0,6.8,2,0
T006908,11.74,11,1,0,0,2.7,4,0
T006909,22.66,4,1,1,0,0.9,3,0
T006910,66.75,13,0,0,0,19.1,1,0
T006911,54.91,7,0,0,0,7.6,4,0
T006912,48.26,1,0,0,0,16.5,1,0
T006913,34.77,21,1,0,0,18.0,2,0
T006914,30.34,11,0,0,0,19.8,6,0
T006915,29.3,10,1,0,0,56.1,2,0
T006916,123.94,22,0,0,0,0.5,2,0
T006917,66.63,17,0,1,0,32.5,2,0
T006918,194.35,13,0,0,0,22.5,1,0
T006919,32.91,0,0,0,0,6.4,3,0
T006920,54.46,9,1,0,1,2.4,2,0
T006921,48.6,20,0,0,0,3.0,4,0
T006922,85.91,4,0,0,0,8.6,2,0
T006923,29.46,21,0,0,1,16.5,3,0
T006924,28.01,21,1,0,0,11.2,1,0
T006925,75.06,19,0,1,1,5.3,3,0
T006926,30.6,4,1,0,0,1.0,1,0
T006927,40.31,20,0,0,0,25.6,3,0
T006928,7.28,10,0,0,0,10.8,3,0
T006929,40.4,12,0,0,0,2.6,2,0
T006930,20.45,18,1,0,1,11.3,2,0
T006931,31.17,4,1,1,0,31.1,1,0
T006932,24.69,21,1,0,0,9.2,4,0
T006933,80.49,21,0,1,1,38.2,1,0
T006934,20.32,3,1,0,0,16.6,5,0
T006935,24.59,12,0,0,0,3.4,2,0
T006936,54.46,7,1,1,0,34.3,3,0
T006937,11.46,23,0,0,1,6.0,1,0
T006938,13.34,13,1,0,1,21.1,5,0
T006939,35.05,14,1,0,0,6.0,0,0
T006940,61.9,3,1,0,0,4.2,4,0
T006941,77.13,17,1,0,0,40.9,6,0
T006942,73.88,4,1,0,0,11.5,4,0
T006943,840.23,10,1,0,0,11.2,1,0
T006944,284.53,10,1,0,0,18.0,1,0
T006945,26.42,21,1,0,0,26.7,5,0
T006946,73.16,21,1,0,0,2.8,1,0
T006947,20.32,2,0,0,0,9.0,2,0
T006948,16.33,12,0,0,0,55.9,1,0
T006949,83.15,18,1,0,0,7.2,0,0
T006950,60.86,19,1,0,0,12.3,2,0
T006951,49.29,9,1,0,0,6.3,3,0
T006952,150.57,5,0,0,0,4.0,2,0
T006953,10.27,8,1,1,0,1.4,2,0
T006954,39.16,5,1,0,0,4.4,2,0
T006955,4.75,3,1,0,0,52.5,1,0
T006956,99.62,23,0,0,0,4.9,2,0
T006957,18.31,1,1,0,0,4.0,2,0
T006958,173.83,0,1,0,0,29.1,1,0
T006959,14.7,6,0,0,1,3.5,3,0
T006960,17.96,5,0,0,0,8.5,2,0
T006961,302.16,21,0,0,0,21.2,2,0
T006962,246.07,0,1,0,0,16.1,2,0
T006963,28.34,16,1,0,0,28.5,2,0
T006964,71.72,15,0,1,1,8.7,3,0
T006965,22.62,5,1,0,0,0.7,2,0
T006966,204.42,1,0,0,1,9.8,3,0
T006967,87.77,18,1,0,0,51.3,2,0
T006968,13.38,19,0,0,0,1.3,2,0
T006969,206.58,3,1,0,1,5.9,1,0
T006970,69.41,0,1,0,0,2.3,0,0
T006971,54.85,3,1,1,0,24.0,2,0
T006972,27.83,7,1,0,0,7.4,1,0
T006973,6.34,18,1,0,0,6.1,1,0
T006974,52.51,2,1,0,1,40.2,3,0
T006975,131.61,6,1,0,0,8.9,3,0
T006976,10.62,0,1,0,0,52.1,3,0
T006977,71.36,17,1,0,0,0.4,2,0
T006978,63.12,16,1,0,0,10.7,1,0
T006979,152.7,14,0,0,1,5.9,0,0
T006980,89.58,9,1,0,0,13.4,1,0
T006981,33.96,19,0,0,0,16.7,1,0
T006982,24.48,2,1,0,0,5.9,3,0
T006983,41.1,3,0,0,0,3.6,3,0
T006984,53.1,20,0,0,0,70.8,1,0
T006985,157.11,12,0,1,0,2.7,4,0
T006986,38.12,8,0,0,0,41.3,4,0
T006987,152.07,0,0,0,0,11.4,1,0
T006988,90.56,0,0,0,0,55.1,4,0
T006989,59.53,4,0,1,0,42.9,2,0
T006990,36.66,20,0,1,0,25.9,2,0
T006991,21.19,14,0,1,0,7.0,1,0
T006992,2.2,9,0,1,0,5.4,4,0
T006993,344.49,8,0,0,0,7.1,2,0
T006994,10.66,20,0,0,0,6.0,3,0
T006995,12.66,13,0,0,0,9.2,1,0
T006996,62.05,14,0,0,0,10.0,1,0
T006997,23.59,12,0,0,0,13.3,1,0
T006998,55.7,4,1,0,1,2.9,2,0
T006999,36.61,5,1,0,0,4.2,3,0
T007000,60.75,22,0,0,0,4.4,4,0
T007001,67.49,3,0,0,1,36.3,5,0
T007002,18.81,18,0,0,0,46.6,4,0
T007003,112.21,11,0,0,0,33.3,3,0
T007004,11.56,5,0,0,0,32.3,3,0
T007005,381.44,15,0,1,0,3.7,3,0
T007006,8.07,17,1,0,0,57.7,4,0
T007007,46.11,22,0,0,0,1.4,2,0
T007008,15.63,20,1,0,1,3.3,1,0
T007009,15.34,13,0,0,0,49.1,3,0
T007010,24.06,4,0,0,1,34.8,1,0
T007011,253.28,21,0,0,0,47.8,2,0
T007012,89.91,5,1,0,0,26.9,2,0
T007013,4.2,23,1,0,0,18.8,2,0
T007014,40.19,17,1,0,0,69.2,4,0
T007015,51.41,9,0,0,0,4.8,3,0
T007016,30.9,16,1,0,0,4.3,5,0
T007017,42.83,13,0,0,0,21.5,0,0
T007018,211.76,12,1,1,0,14.6,1,0
T007019,3.45,2,1,0,0,17.0,2,0
T007020,56.97,0,0,0,0,23.9,0,0
T007021,48.82,6,1,0,0,7.0,2,0
T007022,78.91,8,0,0,0,3.7,2,0
T007023,55.05,11,0,0,0,5.1,2,0
T007024,28.41,1,1,0,1,13.4,1,0
T007025,44.09,5,0,0,0,5.2,1,0
T007026,4.97,7,0,0,0,13.2,5,0
T007027,26.53,23,0,0,0,1.8,2,0
T007028,70.29,10,1,0,0,43.6,1,0
T007029,37.3,3,1,0,1,6.3,7,0
T007030,10.64,20,0,0,0,25.1,5,0
T007031,13.38,2,0,0,1,13.1,3,0
T007032,198.3,11,1,0,0,12.8,0,0
T007033,193.5,11,1,0,0,54.5,3,0
T007034,14.59,19,0,0,1,11.7,2,0
T007035,97.83,9,1,0,0,18.5,6,0
T007036,12.31,4,0,0,0,16.4,0,0
T007037,4.21,3,0,0,0,31.5,1,0
T007038,148.01,17,1,0,0,11.0,1,0
T007039,53.24,0,0,0,0,4.5,1,0
T007040,33.24,20,1,0,0,22.9,2,0
T007041,29.36,7,0,0,1,15.8,1,0
T007042,6.83,14,0,0,1,39.3,1,0
T007043,71.12,20,0,0,0,51.3,1,0
T007044,123.47,8,0,0,0,33.0,3,0
T007045,14.52,17,1,0,0,26.1,0,0
T007046,18.89,7,0,0,0,12.1,5,0
T007047,28.93,12,1,0,0,8.8,4,0
T007048,34.76,3,1,0,0,7.9,1,0
T007049,9.86,20,0,0,0,40.4,2,0
T007050,3.84,15,1,0,0,20.6,1,0
T007051,13.61,12,0,0,0,34.1,0,0
T007052,5.55,15,0,0,1,3.4,0,0
T007053,22.46,22,0,0,1,8.6,1,0
T007054,31.76,0,1,0,0,1.2,2,0
T007055,39.11,2,0,1,0,1.8,1,0
T007056,18.69,14,1,0,1,13.9,1,0
T007057,10.47,1,0,0,0,14.6,4,0
T007058,32.45,11,0,0,0,8.6,1,0
T007059,52.18,22,0,0,0,16.8,3,0
T007060,89.43,0,0,0,0,60.9,3,0
T007061,22.18,1,1,0,0,14.4,5,0
T007062,101.36,0,0,0,0,18.6,3,0
T007063,92.47,6,0,0,1,4.5,2,0
T007064,49.06,7,1,1,0,10.3,4,0
T007065,13.51,6,1,0,1,21.8,1,0
T007066,5.95,7,1,0,0,15.6,1,0
T007067,9.39,12,1,0,1,23.3,7,0
T007068,57.83,7,0,0,0,12.4,2,0
T007069,40.06,2,0,0,1,42.0,1,0
T007070,11.58,10,1,0,0,29.1,3,0
T007071,61.31,0,0,0,1,9.2,1,0
T007072,18.54,19,0,1,1,13.5,3,0
T007073,11.95,0,0,0,0,23.4,2,0
T007074,11.46,19,0,0,0,28.5,2,0
T007075,59.73,13,0,0,0,7.4,1,0
T007076,8.58,9,0,0,0,5.2,0,0
T007077,30.99,21,1,0,0,69.4,3,0
T007078,93.78,15,1,0,0,29.0,3,0
T007079,35.16,23,1,0,0,3.6,2,0
T007080,11.17,5,1,1,1,31.1,3,0
T007081,25.55,9,1,0,1,5.0,2,0
T007082,47.09,9,0,0,0,7.6,4,0
T007083,103.31,23,0,0,0,6.2,1,0
T007084,10.28,1,0,0,0,16.4,4,0
T007085,25.26,17,0,0,0,6.6,1,0
T007086,12.72,2,0,0,0,52.3,2,0
T007087,40.27,9,1,0,0,2.6,4,0
T007088,21.49,22,0,0,0,61.4,3,0
T007089,24.96,10,0,0,0,28.7,1,0
T007090,20.37,9,0,1,0,37.3,2,0
T007091,23.39,17,1,0,0,35.6,0,0
T007092,50.7,23,0,0,1,4.0,3,0
T007093,89.08,23,0,0,1,10.2,0,0
T007094,90.38,16,1,0,0,50.8,9,0
T007095,74.6,0,1,0,0,15.1,1,0
T007096,146.62,20,1,0,0,32.5,1,0
T007097,23.06,7,1,0,0,60.9,2,0
T007098,29.1,14,0,0,0,24.0,0,0
T007099,11.11,13,1,1,0,13.9,2,0
T007100,155.98,2,1,0,0,24.2,1,0
T007101,36.15,15,0,0,0,3.4,3,0
T007102,45.31,15,1,0,0,33.2,5,0
T007103,17.61,1,0,0,1,20.2,1,0
T007104,35.32,23,0,0,0,26.3,2,0
T007105,32.61,10,1,0,0,25.2,1,0
T007106,15.38,21,0,0,0,16.7,5,0
T007107,13.59,19,0,0,0,10.3,0,0
T007108,336.43,18,1,0,0,5.5,0,0
T007109,23.15,11,1,0,0,21.5,0,0
T007110,76.28,19,1,0,0,15.1,1,0
T007111,95.56,10,1,0,0,27.5,1,0
T007112,13.48,7,1,0,1,22.0,3,0
T007113,51.05,0,1,0,0,2.9,1,0
T007114,130.6,15,1,0,0,13.7,2,0
T007115,4.38,8,0,0,0,14.2,0,0
T007116,118.35,5,0,0,0,1.0,1,0
T007117,27.11,23,0,0,0,9.6,1,0
T007118,264.17,7,0,0,0,5.8,2,0
T007119,73.34,21,0,0,0,16.4,2,0
T007120,20.21,14,0,0,0,9.0,2,0
T007121,15.06,20,0,0,0,2.3,3,0
T007122,194.16,7,1,0,0,11.3,1,0
T007123,35.13,2,0,0,0,5.2,2,0
T007124,107.16,18,0,0,0,40.4,3,0
T007125,145.42,6,0,0,1,7.3,2,0
T007126,31.64,7,0,0,0,0.9,3,0
T007127,16.65,13,1,0,1,1.2,2,0
T007128,28.9,16,0,0,0,22.5,1,0
T007129,19.58,8,0,0,0,12.2,1,0
T007130,9.39,20,1,0,0,3.2,2,0
T007131,22.69,0,0,0,1,30.8,4,0
T007132,31.18,1,1,0,0,37.8,5,0
T007133,2.83,8,0,0,0,9.4,4,0
T007134,96.12,7,1,0,0,41.3,0,0
T007135,9.32,0,1,0,0,11.5,1,0
T007136,103.03,12,1,1,0,62.6,2,0
T007137,18.23,18,1,0,0,85.0,1,0
T007138,51.63,20,1,0,0,36.7,3,0
T007139,32.92,4,0,0,0,14.1,2,0
T007140,10.19,6,0,0,0,4.1,3,0
T007141,163.72,8,0,0,0,7.9,0,0
T007142,37.78,5,0,0,0,2.5,0,0
T007143,106.37,12,0,0,0,49.1,2,0
T007144,133.57,22,1,0,0,5.9,1,0
T007145,23.85,19,1,0,0,27.4,5,0
T007146,4.35,19,1,0,0,8.7,2,0
T007147,84.9,8,0,0,0,18.4,1,0
T007148,437.67,19,0,0,0,9.0,2,0
T007149,11.75,17,1,0,0,1.6,6,0
T007150,41.33,18,1,0,0,8.2,2,0
T007151,67.85,15,0,0,0,39.9,2,0
T007152,4.88,21,1,0,0,5.9,2,0
T007153,31.01,3,0,0,0,29.3,1,0
T007154,6.51,6,0,0,0,33.5,2,0
T007155,14.38,2,0,0,0,34.2,0,0
T007156,54.06,6,1,1,1,59.8,1,0
T007157,42.9,2,0,1,0,13.5,2,0
T007158,77.12,6,0,0,0,19.8,3,0
T007159,117.75,9,0,1,1,10.8,1,0
T007160,61.95,1,0,0,0,7.5,1,0
T007161,18.36,1,0,0,1,12.1,2,0
T007162,102.96,1,0,0,0,24.7,3,0
T007163,35.35,13,1,0,1,16.3,1,0
T007164,53.37,4,1,1,1,43.9,2,0
T007165,97.83,23,0,0,0,3.1,1,0
T007166,116.56,11,1,1,1,15.0,3,0
T007167,366.62,3,1,0,0,25.0,0,0
T007168,25.02,23,0,0,0,33.8,4,0
T007169,18.13,12,0,0,0,8.3,1,0
T007170,91.34,6,0,0,0,15.0,0,0
T007171,15.94,18,1,0,0,1.9,1,0
T007172,24.02,15,0,0,0,11.0,0,0
T007173,162.7,13,0,0,0,1.0,1,0
T007174,179.62,15,1,0,1,12.3,1,0
T007175,28.55,8,0,0,0,7.6,2,0
T007176,24.56,1,0,0,0,34.4,1,0
T007177,96.74,19,0,0,0,3.3,0,0
T007178,20.21,0,0,0,0,25.4,1,0
T007179,4.12,0,1,0,0,23.0,3,0
T007180,114.68,23,1,0,0,11.3,1,0
T007181,11.81,23,0,1,0,61.4,0,0
T007182,7.1,9,0,0,0,49.3,2,0
T007183,50.91,15,1,0,0,11.5,4,0
T007184,62.49,7,1,0,0,24.4,2,0
T007185,13.17,13,0,0,0,0.9,2,0
T007186,17.72,23,1,0,0,12.0,6,0
T007187,20.02,14,0,0,0,30.2,0,0
T007188,15.06,22,0,0,0,10.8,1,0
T007189,6.87,0,0,0,0,18.6,1,0
T007190,16.8,22,0,0,0,9.3,1,0
T007191,62.1,8,0,0,0,0.7,1,0
T007192,53.22,2,0,0,0,54.2,5,0
T007193,128.1,17,1,0,1,10.3,3,0
T007194,60.12,7,1,0,0,12.1,3,0
T007195,34.36,13,0,0,0,5.8,6,0
T007196,17.85,3,1,0,1,14.0,2,0
T007197,24.55,10,0,0,0,4.0,8,0
T007198,80.16,15,1,1,0,42.1,0,0
T007199,53.25,20,1,0,0,11.9,4,0
T007200,11.64,1,1,0,0,4.0,3,0
T007201,12.73,22,0,0,0,13.2,3,0
T007202,28.27,17,1,0,0,62.1,0,0
T007203,231.02,23,0,0,0,53.6,2,0
T007204,38.4,7,1,0,0,34.3,1,0
T007205,84.27,13,1,0,1,20.0,2,0
T007206,16.74,4,1,0,0,0.5,0,0
T007207,67.58,6,1,0,0,0.8,3,0
T007208,23.02,9,0,0,0,28.2,4,0
T007209,86.42,18,1,1,0,20.2,2,0
T007210,13.86,3,0,0,0,35.0,4,0
T007211,1.53,16,1,0,0,12.6,3,0
T007212,6.44,19,1,0,0,13.3,1,0
T007213,5.35,4,1,0,0,9.1,2,0
T007214,8.86,13,0,0,0,1.7,4,0
T007215,314.84,5,1,0,0,19.7,3,0
T007216,30.45,18,1,0,0,6.1,1,0
T007217,51.78,10,1,0,0,35.7,5,0
T007218,22.59,11,0,0,1,12.6,1,0
T007219,24.65,23,1,0,1,28.9,0,0
T007220,17.65,14,0,0,0,0.2,1,0
T007221,47.94,16,0,1,0,4.7,1,0
T007222,6.4,20,0,0,0,6.8,3,0
T007223,106.99,2,1,0,1,13.2,3,0
T007224,16.75,13,0,0,0,47.1,2,0
T007225,489.58,0,1,0,0,20.9,9,0
T007226,26.52,18,0,0,0,7.7,1,0
T007227,209.88,11,0,0,1,21.1,2,0
T007228,61.6,10,1,0,0,3.2,3,0
T007229,30.51,21,0,0,0,64.9,2,0
T007230,17.88,12,1,0,0,3.8,3,0
T007231,56.13,2,0,0,0,11.2,3,0
T007232,17.25,10,0,0,0,54.9,2,0
T007233,141.98,3,1,0,0,2.8,2,0
T007234,20.06,22,1,0,0,20.7,1,0
T007235,45.51,22,0,0,0,5.2,2,0
T007236,5.26,21,1,0,0,4.8,2,0
T007237,77.15,11,1,0,0,2.3,3,0
T007238,251.33,9,0,0,0,8.4,3,0
T007239,56.81,9,1,0,0,27.6,1,0
T007240,50.52,1,0,0,0,10.7,1,0
T007241,180.48,15,1,0,0,2.3,2,0
T007242,5.53,15,1,0,0,14.3,3,0
T007243,11.55,12,0,0,0,0.5,2,0
T007244,35.66,6,1,0,0,12.8,2,0
T007245,32.62,1,1,0,1,20.3,1,0
T007246,236.25,11,1,0,1,14.6,2,0
T007247,70.38,12,0,1,0,3.9,2,0
T007248,5.74,3,1,0,0,65.7,1,0
T007249,28.67,8,1,0,0,28.9,0,0
T007250,36.29,1,1,0,1,7.7,1,0
T007251,68.91,5,0,0,0,0.3,5,0
T007252,78.25,15,0,0,1,17.0,3,0
T007253,172.73,20,0,0,0,23.0,0,0
T007254,20.45,9,1,0,0,11.3,2,0
T007255,5.2,4,0,0,0,7.1,2,0
T007256,124.93,2,0,0,0,9.5,1,0
T007257,7.28,22,1,0,0,2.7,3,0
T007258,35.32,23,0,0,0,1.8,4,0
T007259,119.61,14,0,0,0,32.8,1,0
T007260,16.79,23,0,0,0,15.0,4,0
T007261,23.21,20,1,0,0,11.5,2,0
T007262,37.89,2,1,0,0,22.1,2,0
T007263,28.39,3,0,1,0,24.1,2,0
T007264,91.7,13,0,0,0,22.6,4,0
T007265,39.39,17,1,0,0,40.5,1,0
T007266,22.08,22,0,0,0,9.4,2,0
T007267,5.3,16,0,0,0,33.8,4,0
T007268,1294.95,9,0,1,1,85.4,2,0
T007269,41.48,20,0,0,1,14.3,1,0
T007270,96.45,4,0,0,0,31.9,0,0
T007271,4.21,5,1,0,0,10.4,0,0
T007272,122.15,2,0,0,0,11.2,2,0
T007273,49.57,2,0,0,0,34.1,4,0
T007274,29.77,3,0,0,0,0.8,3,0
T007275,336.02,10,1,0,1,12.7,1,0
T007276,12.42,11,0,0,0,17.7,0,0
T007277,9.17,9,1,0,0,8.7,0,0
T007278,49.23,5,0,0,0,24.8,1,0
T007279,38.0,7,0,0,0,11.7,3,0
T007280,43.79,17,1,0,0,23.7,6,0
T007281,13.36,20,0,0,0,10.0,2,0
T007282,21.79,18,0,0,0,13.2,1,0
T007283,37.5,13,0,1,0,7.4,3,0
T007284,19.75,8,0,0,0,57.2,0,0
T007285,69.58,7,0,0,0,19.7,1,0
T007286,504.19,17,0,0,0,3.9,2,0
T007287,18.23,15,1,0,0,19.8,2,0
T007288,20.47,18,0,0,0,35.9,2,0
T007289,29.01,14,0,0,0,29.8,2,0
T007290,312.98,1,0,0,1,3.0,2,0
T007291,6.11,11,0,0,1,15.9,2,0
T007292,9.49,15,0,1,0,2.5,1,0
T007293,75.17,4,1,0,1,17.0,1,1
T007294,83.08,7,1,0,0,43.8,3,0
T007295,20.13,16,0,0,0,1.1,3,0
T007296,60.55,18,0,0,1,35.4,0,0
T007297,25.32,7,0,0,0,12.9,0,0
T007298,27.93,17,0,0,0,16.1,3,0
T007299,11.74,5,0,0,0,35.9,2,0
T007300,125.48,23,1,0,0,1.2,2,0
T007301,43.01,10,0,0,0,11.7,3,0
T007302,52.02,9,0,0,0,23.8,5,0
T007303,63.87,1,0,0,0,14.7,4,0
T007304,17.15,0,0,0,0,41.2,5,0
T007305,31.02,22,0,0,1,19.2,4,0
T007306,16.82,1,0,0,0,39.6,2,0
T007307,40.42,6,0,0,1,17.9,3,0
T007308,24.05,1,0,0,1,1.7,3,0
T007309,108.85,12,1,0,0,33.8,3,0
T007310,18.25,8,1,0,0,3.7,4,0
T007311,22.93,21,0,0,0,27.2,2,0
T007312,58.17,9,0,0,0,11.3,3,0
T007313,16.93,1,0,0,0,14.6,1,0
T007314,29.68,11,1,0,0,59.5,3,0
T007315,52.53,18,1,1,0,3.5,3,0
T007316,10.96,23,1,0,0,5.7,1,0
T007317,30.1,8,0,0,1,12.2,2,0
T007318,10.97,21,1,0,0,4.6,5,0
T007319,106.21,10,0,0,0,34.1,2,0
T007320,16.47,19,1,0,0,26.2,1,0
T007321,87.77,3,1,0,1,11.9,2,0
T007322,37.98,11,0,0,0,30.0,2,0
T007323,4.42,4,0,0,0,48.3,1,0
T007324,84.9,15,0,0,0,40.2,2,0
T007325,78.26,5,0,0,0,4.5,0,0
T007326,15.61,23,0,0,1,32.0,1,0
T007327,41.9,2,0,0,0,8.1,1,0
T007328,12.48,15,0,0,0,63.1,6,0
T007329,34.94,0,1,0,0,55.7,1,0
T007330,25.21,3,0,0,0,4.2,4,0
T007331,65.17,23,0,0,0,14.9,1,0
T007332,27.47,22,1,0,1,8.4,3,0
T007333,640.02,22,1,0,1,9.4,0,0
T007334,13.33,11,1,1,0,9.9,3,0
T007335,59.88,23,0,0,0,17.8,3,0
T007336,213.83,19,1,0,1,34.1,3,0
T007337,5.09,0,1,0,0,8.1,3,0
T007338,13.74,9,0,0,0,6.9,2,0
T007339,13.57,13,1,1,0,26.1,3,0
T007340,14.44,22,0,0,0,5.1,2,0
T007341,105.44,22,1,0,0,17.2,3,0
T007342,55.63,1,1,0,0,22.0,0,0
T007343,50.65,20,1,0,1,42.0,4,0
T007344,20.34,2,1,1,0,2.9,0,0
T007345,59.48,22,0,0,1,3.9,3,0
T007346,57.88,4,0,0,0,21.8,3,1
T007347,15.84,2,0,0,0,11.0,4,0
T007348,16.47,2,1,0,1,3.2,0,0
T007349,20.01,8,1,0,0,29.3,0,0
T007350,15.38,22,0,0,0,12.6,3,0
T007351,27.65,3,1,0,0,2.2,3,0
T007352,90.6,17,0,0,0,14.2,1,0
T007353,49.09,22,1,0,0,12.2,1,0
T007354,23.33,18,1,0,0,43.6,0,0
T007355,24.53,20,0,0,0,17.7,2,0
T007356,97.95,10,0,0,0,18.6,5,0
T007357,236.05,22,0,0,0,34.7,1,0
T007358,63.03,23,0,0,0,6.9,2,0
T007359,68.64,18,1,0,0,10.7,2,0
T007360,133.67,23,0,0,1,15.8,3,0
T007361,262.83,1,1,0,0,5.7,4,0
T007362,178.21,10,1,0,0,0.7,2,0
T007363,22.29,12,1,0,0,6.1,4,0
T007364,15.31,8,0,0,1,20.4,1,0
T007365,23.38,16,0,0,1,19.2,1,0
T007366,27.09,10,0,0,0,40.9,3,0
T007367,14.52,16,0,0,0,15.5,3,0
T007368,27.46,5,1,0,0,1.4,3,0
T007369,44.26,2,0,0,0,1.1,2,0
T007370,13.27,15,0,0,0,13.6,2,0
T007371,28.42,18,0,0,0,28.8,2,0
T007372,12.63,10,0,0,0,39.2,6,0
T007373,26.5,22,0,0,0,18.0,2,0
T007374,102.74,19,1,0,0,48.9,1,0
T007375,97.82,3,0,0,0,10.2,1,0
T007376,24.74,19,0,0,0,10.0,4,0
T007377,25.39,0,0,0,0,21.0,3,0
T007378,127.61,0,0,0,0,17.5,5,0
T007379,18.92,23,1,0,0,2.0,6,0
T007380,43.87,3,0,0,0,17.8,2,0
T007381,66.38,20,0,0,0,47.4,1,0
T007382,16.87,10,0,0,0,2.7,3,0
T007383,26.53,8,1,0,1,11.6,4,0
T007384,59.21,14,0,0,0,21.6,2,0
T007385,26.91,20,1,1,0,8.2,3,0
T007386,5.92,1,1,0,1,35.5,2,0
T007387,13.97,3,0,0,0,18.3,2,0
T007388,39.71,10,0,0,0,5.5,2,0
T007389,38.17,23,1,1,0,9.5,2,0
T007390,24.91,19,1,0,0,4.5,3,0
T007391,67.23,12,1,0,0,38.1,1,0
T007392,46.74,13,0,1,0,50.3,0,0
T007393,15.27,20,1,0,0,18.9,4,0
T007394,270.35,21,0,0,0,7.6,3,0
T007395,30.95,12,1,1,0,6.1,2,0
T007396,12.01,15,0,0,0,54.7,4,0
T007397,8.74,1,0,0,0,37.6,1,0
T007398,11.12,13,1,0,0,62.8,2,0
T007399,128.5,17,0,0,0,15.4,2,0
T007400,14.75,9,0,0,0,9.8,4,0
T007401,10.6,11,0,0,0,33.5,2,0
T007402,115.72,23,0,0,0,7.1,2,0
T007403,66.85,7,0,0,0,16.3,3,0
T007404,50.62,15,0,0,0,14.6,4,0
T007405,24.86,0,1,0,0,1.6,3,0
T007406,26.57,12,1,0,0,9.9,1,0
T007407,59.85,2,0,0,1,17.3,1,0
T007408,87.69,10,0,0,0,45.8,4,0
T007409,30.27,6,1,0,0,37.5,0,0
T007410,47.53,20,1,1,0,28.1,0,0
T007411,7.27,0,0,0,0,13.0,3,0
T007412,54.93,1,1,0,0,15.1,3,0
T007413,83.8,4,0,0,0,10.1,2,0
T007414,45.83,4,0,0,0,31.1,1,0
T007415,30.78,17,0,1,1,27.7,2,0
T007416,17.55,10,0,0,0,13.2,1,0
T007417,6.91,9,1,0,1,25.8,2,0
T007418,63.2,7,0,0,0,14.9,3,0
T007419,12.48,14,0,0,1,25.0,2,0
T007420,3.18,5,0,0,0,15.0,1,0
T007421,4.87,4,0,0,1,10.3,4,0
T007422,4.01,7,1,0,0,4.6,3,0
T007423,257.92,13,0,0,0,15.1,1,0
T007424,10.99,12,0,0,1,6.2,3,0
T007425,10.65,11,0,0,0,7.6,3,0
T007426,13.78,7,0,0,0,9.8,1,0
T007427,12.92,8,1,0,0,5.9,2,0
T007428,37.12,3,0,0,0,12.5,4,0
T007429,60.32,11,0,0,1,7.7,3,0
T007430,219.01,7,1,0,0,16.8,1,0
T007431,10.33,19,1,0,0,31.5,2,0
T007432,11.74,18,1,0,1,4.6,1,0
T007433,29.62,23,1,0,0,40.5,3,0
T007434,96.02,13,0,0,0,9.8,3,0
T007435,53.66,19,1,1,0,6.5,2,0
T007436,54.06,14,0,0,0,3.8,0,0
T007437,22.85,7,1,0,0,1.4,1,0
T007438,141.15,20,1,0,0,16.8,0,0
T007439,50.08,12,0,1,1,0.2,1,0
T007440,101.61,1,1,0,0,9.1,3,0
T007441,5.45,11,0,0,0,1.9,3,0
T007442,161.15,14,1,0,0,4.0,0,0
T007443,74.01,8,1,0,1,27.8,1,0
T007444,29.36,3,1,0,0,26.1,2,0
T007445,32.32,23,1,0,1,38.1,1,0
T007446,15.09,11,0,0,0,14.7,2,0
T007447,64.27,7,1,0,1,11.4,2,0
T007448,31.91,7,0,0,0,32.7,5,0
T007449,20.4,22,1,0,0,29.0,2,0
T007450,152.99,15,0,0,0,16.8,5,0
T007451,16.81,23,1,0,0,3.0,6,0
T007452,4.54,9,0,0,1,34.5,2,0
T007453,24.65,15,0,0,0,16.3,2,0
T007454,30.51,10,1,0,0,17.0,2,0
T007455,53.1,22,1,0,0,7.1,2,0
T007456,198.52,1,0,0,0,30.1,3,0
T007457,57.93,13,1,0,0,9.1,3,0
T007458,30.32,7,1,0,1,41.8,3,0
T007459,136.06,16,0,0,1,21.3,2,0
T007460,15.45,20,1,0,0,0.9,3,0
T007461,42.9,5,1,0,0,7.2,4,0
T007462,80.06,0,1,0,1,38.3,1,0
T007463,47.19,10,0,0,0,21.5,1,0
T007464,12.33,9,1,0,0,8.0,2,0
T007465,92.41,18,0,0,0,9.1,1,0
T007466,64.82,7,1,0,0,37.1,1,0
T007467,265.44,9,0,0,0,17.7,1,0
T007468,77.36,0,0,0,0,1.7,3,0
T007469,79.62,4,0,0,0,20.9,2,0
T007470,25.79,23,1,0,0,10.6,2,0
T007471,29.0,22,0,0,0,54.1,1,0
T007472,27.33,17,1,0,1,9.9,2,0
T007473,42.98,10,1,0,0,1.2,2,0
T007474,70.0,19,0,0,0,3.4,1,0
T007475,68.38,12,1,0,0,39.5,1,0
T007476,70.66,16,1,0,1,48.4,3,0
T007477,62.33,9,0,0,0,7.3,2,1
T007478,100.41,0,1,0,0,12.0,3,0
T007479,131.34,18,1,0,0,16.8,2,0
T007480,5.17,11,0,0,0,5.1,2,0
T007481,96.07,10,1,0,0,27.2,3,0
T007482,18.02,10,1,0,0,6.7,5,0
T007483,27.66,5,1,0,0,6.8,0,0
T007484,14.03,0,1,0,0,14.2,2,0
T007485,12.85,23,0,0,1,17.6,1,0
T007486,10.39,4,0,0,0,6.5,0,0
T007487,90.6,8,0,0,1,2.3,1,0
T007488,338.33,10,1,0,0,22.4,4,0
T007489,5.98,13,1,0,0,6.5,2,0
T007490,32.47,10,0,0,0,33.5,4,0
T007491,177.99,11,0,0,0,14.1,0,0
T007492,15.97,20,1,0,0,8.9,6,0
T007493,123.88,20,1,0,1,7.5,3,0
T007494,62.98,17,1,0,0,33.1,4,0
T007495,20.26,13,1,0,0,2.0,2,0
T007496,28.32,12,0,0,0,10.4,2,0
T007497,198.83,23,0,0,0,21.3,3,0
T007498,23.14,4,0,1,0,4.1,3,0
T007499,248.81,15,0,0,0,25.6,4,0
T007500,8.96,2,1,0,0,21.0,2,0
T007501,68.78,22,1,0,0,43.6,0,0
T007502,42.23,22,0,0,0,5.5,4,0
T007503,18.72,3,0,0,0,9.3,3,1
T007504,48.19,14,1,0,0,43.0,2,0
T007505,149.24,13,0,0,0,4.3,3,0
T007506,9.16,11,0,0,0,4.9,1,0
T007507,19.05,13,0,0,1,5.4,3,0
T007508,28.64,11,0,0,0,22.2,0,0
T007509,69.05,7,1,0,0,10.9,2,0
T007510,59.98,2,0,1,1,27.8,2,0
T007511,8.3,20,1,0,0,5.5,2,0
T007512,26.76,16,1,0,1,8.8,3,0
T007513,32.41,23,1,0,1,16.9,3,0
T007514,108.11,4,0,0,0,8.5,4,0
T007515,16.23,5,0,0,1,5.8,3,0
T007516,171.93,13,0,0,0,18.1,2,0
T007517,12.95,15,1,0,0,17.8,3,0
T007518,54.66,6,0,0,1,22.6,3,0
T007519,32.74,7,0,0,0,17.7,4,0
T007520,45.23,17,1,0,0,13.3,1,0
T007521,49.01,11,1,0,0,6.7,4,0
T007522,53.17,22,0,0,0,3.8,3,0
T007523,18.85,20,0,0,0,23.1,2,0
T007524,30.38,16,0,0,0,4.9,1,0
T007525,10.95,22,0,1,1,14.1,1,0
T007526,83.82,3,1,0,0,18.2,4,0
T007527,32.04,0,0,0,0,12.5,1,0
T007528,18.16,13,1,0,0,1.8,2,0
T007529,16.6,23,1,1,0,3.7,2,0
T007530,92.56,3,0,0,1,25.9,3,0
T007531,79.13,6,1,0,1,18.1,2,0
T007532,27.8,19,1,0,0,4.5,2,0
T007533,222.98,8,1,0,0,2.9,2,0
T007534,22.95,17,1,0,0,12.2,0,0
T007535,13.16,4,0,0,0,41.6,1,0
T007536,7.88,21,0,0,1,16.7,0,0
T007537,27.61,22,1,0,0,17.0,2,0
T007538,63.16,0,0,0,0,24.2,2,0
T007539,23.16,12,0,0,1,23.3,3,0
T007540,17.0,20,1,0,0,6.8,1,0
T007541,10.66,19,0,0,0,97.5,1,0
T007542,77.7,17,0,0,0,12.8,5,0
T007543,43.5,23,0,1,1,10.1,2,0
T007544,134.09,5,1,0,1,30.8,0,0
T007545,71.39,12,1,0,0,12.9,5,0
T007546,151.42,21,1,0,0,33.5,2,0
T007547,44.2,22,0,1,0,20.6,1,0
T007548,169.53,7,1,0,0,16.1,1,0
T007549,62.17,21,0,0,1,23.2,2,0
T007550,12.0,19,1,0,1,24.6,3,0
T007551,28.11,12,0,0,0,6.0,2,0
T007552,40.62,9,0,0,0,1.5,1,0
T007553,133.16,21,1,0,1,21.4,2,0
T007554,4.23,7,0,0,0,12.0,5,0
T007555,83.06,20,1,0,1,33.2,1,0
T007556,14.78,7,0,0,0,2.5,3,0
T007557,18.02,15,1,0,0,14.4,6,0
T007558,122.62,1,0,0,0,16.3,1,0
T007559,24.93,21,1,0,1,17.7,3,0
T007560,132.25,1,1,0,0,15.5,0,0
T007561,20.57,14,1,0,0,48.6,1,0
T007562,4.28,19,0,1,0,12.4,3,0
T007563,66.39,9,0,0,0,9.3,2,0
T007564,21.55,23,0,0,0,21.1,6,0
T007565,22.31,9,0,0,0,24.6,0,0
T007566,857.01,14,1,0,0,4.1,1,0
T007567,129.93,10,1,0,0,4.5,3,0
T007568,23.21,9,1,1,0,6.7,4,0
T007569,73.62,6,1,0,0,2.8,1,0
T007570,39.06,13,0,1,0,8.7,1,0
T007571,81.03,1,0,0,0,6.3,1,0
T007572,37.01,16,0,0,0,3.4,3,0
T007573,329.18,23,1,0,0,5.3,1,0
T007574,14.55,11,1,0,0,2.8,4,0
T007575,33.8,18,1,0,0,10.3,4,0
T007576,47.65,9,1,0,1,11.2,1,0
T007577,113.45,11,0,0,0,36.5,1,0
T007578,49.66,9,0,0,0,19.8,2,0
T007579,11.76,8,0,0,0,44.0,2,0
T007580,19.77,9,1,0,0,54.6,2,0
T007581,155.82,0,0,0,0,15.3,2,0
T007582,54.96,0,1,1,0,1.6,1,0
T007583,37.12,3,0,1,0,16.5,2,0
T007584,49.13,15,1,0,1,32.3,2,0
T007585,155.76,3,0,0,0,28.7,3,0
T007586,7.14,15,0,0,0,1.7,1,0
T007587,74.53,7,0,0,0,9.5,2,0
T007588,13.44,6,0,0,0,13.3,2,0
T007589,43.56,6,0,0,0,6.5,5,0
T007590,12.12,22,0,0,0,10.3,2,0
T007591,102.37,16,1,0,0,10.2,3,0
T007592,18.62,19,0,0,0,10.5,3,0
T007593,34.61,17,1,0,0,18.8,1,0
T007594,74.7,19,1,0,0,5.8,0,0
T007595,30.36,18,1,0,0,8.7,1,0
T007596,70.09,17,1,0,1,9.7,3,0
T007597,44.1,11,0,0,0,28.3,4,0
T007598,59.28,6,0,1,0,4.4,2,0
T007599,14.44,22,0,1,0,0.7,3,0
T007600,12.67,3,0,0,0,11.8,4,0
T007601,18.56,2,0,0,0,31.7,0,0
T007602,16.45,0,1,0,0,85.2,5,0
T007603,37.53,6,0,1,0,9.4,3,0
T007604,131.94,15,0,0,0,11.6,4,0
T007605,18.62,0,0,0,0,9.4,1,0
T007606,20.02,12,0,0,1,12.1,0,0
T007607,74.41,2,1,0,0,0.6,3,0
T007608,128.36,15,1,0,0,2.4,3,0
T007609,18.02,14,0,1,1,11.4,3,0
T007610,18.8,19,0,1,0,24.7,2,0
T007611,25.94,11,0,0,1,51.9,1,0
T007612,53.02,13,1,0,0,9.1,1,0
T007613,67.71,23,1,0,1,1.5,0,0
T007614,65.68,8,0,0,1,22.5,4,0
T007615,19.75,12,1,0,0,27.2,2,0
T007616,73.01,10,0,0,0,18.8,1,0
T007617,118.8,0,1,0,0,10.6,3,0
T007618,43.9,19,1,0,0,9.9,1,0
T007619,29.28,5,0,0,0,5.0,1,0
T007620,34.18,21,1,0,1,51.6,1,0
T007621,32.37,9,1,0,1,48.7,2,0
T007622,27.71,22,0,1,1,14.5,0,0
T007623,13.79,6,0,0,0,27.6,2,0
T007624,34.61,6,1,0,0,6.2,2,0
T007625,13.06,9,0,0,0,25.1,0,0
T007626,99.81,18,0,0,0,20.1,0,0
T007627,34.16,5,0,0,0,10.2,2,0
T007628,14.95,23,1,0,1,15.3,1,0
T007629,57.24,10,1,0,0,28.8,2,0
T007630,7.42,15,0,0,0,11.1,4,0
T007631,27.03,21,1,0,0,6.5,1,0
T007632,39.08,20,0,0,0,2.1,1,0
T007633,23.37,18,0,0,0,2.2,1,0
T007634,9.34,17,0,0,1,23.8,1,0
T007635,61.78,11,1,0,0,25.4,3,0
T007636,55.06,8,0,0,0,6.0,3,0
T007637,50.8,21,0,0,0,38.3,0,0
T007638,174.8,8,1,0,1,2.1,0,0
T007639,43.88,5,0,0,0,45.4,1,0
T007640,28.43,0,1,1,0,70.8,3,0
T007641,43.01,7,1,1,0,21.6,2,0
T007642,79.25,19,0,0,0,10.7,4,0
T007643,7.17,16,1,0,0,26.1,2,0
T007644,61.4,4,1,0,0,4.8,3,0
T007645,103.19,20,0,0,1,5.0,2,0
T007646,47.92,2,0,0,0,1.8,2,0
T007647,5.06,0,0,1,0,3.1,2,0
T007648,6.2,17,1,0,1,30.6,2,0
T007649,32.54,10,1,1,0,23.8,3,0
T007650,110.29,8,0,0,0,0.8,2,0
T007651,42.25,23,0,0,0,26.3,1,0
T007652,4.99,12,1,1,0,41.7,3,0
T007653,37.83,5,1,0,0,3.4,0,0
T007654,115.04,10,0,0,0,7.7,4,0
T007655,57.17,11,0,0,1,6.8,3,0
T007656,14.3,20,0,0,0,1.6,3,0
T007657,28.58,8,0,1,0,25.9,2,0
T007658,120.85,10,0,1,0,15.6,4,0
T007659,25.22,2,1,0,0,8.1,4,0
T007660,15.47,7,1,0,0,6.2,2,0
T007661,18.0,20,0,0,0,24.5,1,0
T007662,69.1,22,1,0,0,4.4,2,0
T007663,20.75,3,0,0,0,31.4,2,0
T007664,57.26,8,0,0,1,1.4,1,0
T007665,51.13,9,0,0,0,6.1,2,0
T007666,9.58,18,1,0,0,9.2,0,0
T007667,5.31,5,0,0,0,19.5,3,0
T007668,23.67,22,0,0,0,12.5,1,0
T007669,6.64,17,1,0,0,32.2,1,0
T007670,17.41,14,0,0,0,31.4,3,0
T007671,52.25,16,1,0,0,24.6,4,0
T007672,10.01,8,1,0,0,1.3,2,0
T007673,39.85,18,1,0,1,19.0,1,0
T007674,50.65,8,0,0,1,48.1,0,0
T007675,34.98,5,0,0,0,16.5,5,0
T007676,15.33,19,0,0,0,59.7,1,0
T007677,53.35,21,1,0,1,3.4,1,0
T007678,61.2,15,1,0,0,11.8,0,0
T007679,48.16,11,0,1,0,8.2,5,0
T007680,119.01,4,1,0,0,7.5,0,0
T007681,6.79,1,0,0,0,20.0,3,0
T007682,42.75,18,1,0,1,13.7,1,0
T007683,9.1,23,1,0,1,4.1,3,0
T007684,16.44,16,0,0,1,4.8,1,0
T007685,157.57,22,0,0,0,1.8,2,0
T007686,36.97,2,1,0,1,34.5,1,0
T007687,100.15,3,0,0,1,21.7,1,0
T007688,40.39,4,0,1,0,82.8,2,0
T007689,9.35,21,1,0,0,23.3,4,0
T007690,40.73,4,0,0,1,1.9,2,0
T007691,56.34,12,1,1,0,13.7,0,0
T007692,56.34,7,0,0,0,12.2,3,0
T007693,110.05,7,0,0,0,12.7,0,0
T007694,22.18,13,0,0,0,8.3,0,0
T007695,15.48,9,0,0,0,10.4,4,0
T007696,52.57,17,0,0,0,39.1,0,0
T007697,16.24,14,0,0,1,17.4,3,0
T007698,74.79,12,0,0,0,15.0,1,0
T007699,25.61,19,0,0,1,57.3,2,0
T007700,16.36,16,0,0,0,2.1,1,0
T007701,7.33,4,0,1,0,5.7,2,0
T007702,6.46,16,1,0,0,9.3,3,0
T007703,27.48,9,0,0,0,75.3,3,0
T007704,49.59,0,1,0,0,9.3,2,0
T007705,58.89,18,0,0,0,0.3,3,0
T007706,53.05,17,0,0,0,2.3,1,0
T007707,37.48,6,0,0,0,14.4,0,0
T007708,49.86,6,0,0,1,29.3,0,0
T007709,45.13,10,1,0,0,40.6,3,0
T007710,117.71,7,0,0,1,21.5,0,0
T007711,42.5,11,0,1,0,44.7,4,0
T007712,22.44,13,0,0,0,6.4,3,0
T007713,21.68,18,1,0,0,14.1,1,0
T007714,50.38,9,1,0,0,24.8,3,0
T007715,34.57,14,1,0,0,12.4,3,0
T007716,64.34,21,1,0,0,16.4,2,0
T007717,127.0,23,1,0,0,9.3,1,0
T007718,31.57,2,0,0,0,17.4,0,0
T007719,8.86,6,1,0,0,12.3,3,0
T007720,19.08,4,1,0,0,3.3,0,0
T007721,7.97,7,1,0,0,27.6,2,0
T007722,90.26,9,1,0,0,16.2,3,0
T007723,69.91,6,0,0,0,3.5,0,0
T007724,15.1,19,1,0,0,51.7,1,0
T007725,15.1,14,0,0,0,54.0,2,0
T007726,101.7,16,0,0,0,28.6,0,0
T007727,84.27,12,1,0,1,14.8,1,0
T007728,98.23,16,0,0,0,0.3,3,0
T007729,116.46,13,0,0,0,49.3,5,0
T007730,38.46,19,0,1,0,2.5,1,0
T007731,17.0,19,0,0,0,5.5,3,0
T007732,22.46,19,0,0,0,3.1,3,0
T007733,60.5,14,0,0,0,2.2,2,0
T007734,22.82,4,0,0,1,12.2,2,0
T007735,15.2,20,0,0,0,13.1,4,0
T007736,58.07,12,0,0,0,21.6,3,0
T007737,372.75,11,0,0,0,3.9,2,0
T007738,51.41,12,0,0,0,5.1,3,0
T007739,16.49,18,1,0,0,6.0,2,0
T007740,143.12,16,1,0,0,36.3,1,0
T007741,59.68,21,1,0,0,6.5,3,0
T007742,14.77,2,1,0,0,9.6,2,0
T007743,23.84,0,0,0,0,6.7,3,0
T007744,47.37,18,1,0,1,19.1,4,0
T007745,3.08,19,1,0,0,46.1,1,0
T007746,48.41,20,0,0,0,34.7,0,0
T007747,11.4,8,0,0,1,20.3,2,0
T007748,28.96,5,0,0,0,42.8,3,0
T007749,68.33,15,0,0,0,11.2,4,0
T007750,100.51,14,0,0,0,0.7,3,0
T007751,62.4,16,1,0,0,0.4,3,0
T007752,28.04,2,1,0,0,14.6,2,0
T007753,13.36,14,0,0,0,3.6,1,0
T007754,11.59,5,1,1,0,7.0,4,0
T007755,14.5,15,0,0,0,55.0,3,0
T007756,41.69,12,1,0,0,16.1,3,0
T007757,150.11,12,0,0,0,7.4,1,0
T007758,23.72,14,1,0,0,8.8,3,0
T007759,6.4,7,1,0,0,9.3,8,0
T007760,36.57,5,0,0,0,31.2,4,0
T007761,7.47,11,1,0,1,29.0,0,0
T007762,63.47,6,0,0,0,29.3,0,0
T007763,205.35,17,0,0,0,4.1,2,0
T007764,14.48,20,0,0,0,17.8,1,0
T007765,189.1,17,1,1,0,20.9,3,0
T007766,5.68,5,0,0,0,38.0,2,0
T007767,24.8,5,1,0,0,67.1,2,0
T007768,17.52,20,1,0,0,50.3,1,0
T007769,20.72,8,0,0,1,64.5,2,0
T007770,41.29,3,0,0,1,6.3,1,0
T007771,183.6,6,1,0,0,4.8,5,0
T007772,9.93,15,1,0,0,7.4,1,0
T007773,39.14,16,1,0,1,17.0,1,0
T007774,40.55,0,0,0,0,4.0,2,0
T007775,8.31,11,0,1,0,4.1,3,0
T007776,39.3,20,0,0,0,11.1,1,0
T007777,38.07,4,0,0,1,11.8,0,0
T007778,7.39,10,0,0,0,32.1,0,0
T007779,9.64,22,0,0,0,5.8,5,0
T007780,18.59,0,1,0,0,28.7,2,0
T007781,122.07,2,1,1,0,16.8,3,0
T007782,5.86,12,1,0,0,28.9,2,0
T007783,19.7,0,0,0,0,11.5,1,0
T007784,16.92,17,0,0,1,3.8,2,0
T007785,63.0,15,1,0,0,76.6,1,0
T007786,196.82,4,1,0,0,18.3,6,0
T007787,15.98,12,0,0,0,7.6,3,0
T007788,27.4,14,1,1,0,3.3,0,0
T007789,42.7,13,0,0,0,99.7,1,0
T007790,2.48,2,0,0,0,26.7,1,0
T007791,18.67,9,0,0,1,23.5,3,0
T007792,11.82,0,1,0,0,1.9,4,0
T007793,9.45,11,1,0,0,11.6,2,0
T007794,12.76,0,1,0,0,20.7,2,0
T007795,11.8,17,0,1,0,8.3,7,0
T007796,104.04,20,0,0,0,14.9,1,0
T007797,93.24,13,1,0,0,2.9,2,0
T007798,55.23,12,0,0,0,1.6,3,0
T007799,111.9,15,0,0,0,10.5,2,0
T007800,24.02,2,0,0,0,10.0,3,0
T007801,18.64,9,1,0,1,3.3,0,0
T007802,27.93,16,0,0,0,31.3,0,0
T007803,33.59,9,0,0,0,35.7,5,0
T007804,64.68,8,0,0,0,34.1,2,0
T007805,94.48,12,0,1,1,13.2,3,0
T007806,12.0,8,0,1,1,8.4,2,0
T007807,41.41,1,0,0,0,0.6,1,0
T007808,108.76,6,0,1,0,36.0,4,0
T007809,18.84,21,1,0,0,8.7,1,0
T007810,2.74,12,0,1,0,5.6,2,0
T007811,83.07,17,0,0,0,13.9,4,0
T007812,13.14,17,1,0,0,25.9,1,0
T007813,2.22,21,0,0,1,24.2,2,0
T007814,33.92,3,1,0,0,11.4,3,0
T007815,63.97,21,1,0,0,8.6,1,0
T007816,8.8,17,0,0,0,5.1,3,0
T007817,126.39,20,1,0,0,12.9,2,0
T007818,19.03,17,1,0,0,1.4,1,0
T007819,35.55,7,1,0,0,2.7,1,0
T007820,42.58,17,1,0,0,15.1,1,0
T007821,40.45,18,0,0,0,3.4,1,0
T007822,23.45,0,1,0,0,7.6,1,0
T007823,22.17,1,1,0,0,14.7,1,0
T007824,30.61,16,1,0,0,5.4,0,0
T007825,117.6,21,1,0,0,20.1,2,0
T007826,130.88,15,0,0,0,16.8,3,0
T007827,38.15,23,0,0,1,23.3,1,0
T007828,35.73,7,1,1,0,46.5,5,0
T007829,84.62,4,1,1,0,12.1,0,0
T007830,93.85,19,0,1,0,24.5,4,0
T007831,61.1,6,0,0,0,5.4,2,0
T007832,131.71,8,1,1,0,19.2,2,0
T007833,33.12,8,1,0,0,4.4,1,0
T007834,98.68,18,1,0,1,14.2,1,0
T007835,82.33,20,0,0,0,0.9,2,0
T007836,181.29,2,0,0,0,15.5,0,0
T007837,47.23,10,0,0,0,8.6,3,0
T007838,10.4,8,1,0,0,40.9,2,0
T007839,9.45,11,1,0,1,11.3,3,0
T007840,145.27,5,0,0,1,31.3,2,0
T007841,17.99,17,0,0,0,8.1,5,0
T007842,6.74,22,0,0,0,1.0,5,0
T007843,27.91,23,0,0,0,13.5,2,0
T007844,23.66,21,0,0,0,12.8,2,0
T007845,66.99,12,1,1,0,26.7,2,0
T007846,48.09,19,1,0,0,6.7,0,0
T007847,25.07,11,0,0,0,27.0,2,0
T007848,14.62,17,1,0,0,14.0,1,0
T007849,203.1,20,0,0,0,10.6,3,0
T007850,58.64,10,0,0,1,5.1,2,0
T007851,56.53,6,1,0,1,18.3,1,0
T007852,0.73,1,0,0,0,19.7,3,0
T007853,98.88,7,0,0,0,13.5,2,0
T007854,30.77,20,1,0,0,33.4,2,0
T007855,211.48,13,0,0,0,8.3,3,0
T007856,62.39,22,0,0,0,5.8,4,0
T007857,61.47,11,0,0,0,38.8,1,0
T007858,11.8,16,0,0,0,0.1,3,0
T007859,11.08,11,0,0,0,35.1,5,0
T007860,88.91,13,1,0,0,27.0,3,0
T007861,245.3,8,0,0,0,12.3,1,0
T007862,15.39,19,0,0,0,10.8,5,0
T007863,10.08,22,0,0,0,10.1,3,0
T007864,33.88,8,0,0,1,1.5,2,0
T007865,68.22,15,1,0,0,3.8,4,0
T007866,32.77,11,0,0,0,24.9,1,0
T007867,271.6,18,0,0,0,6.3,2,0
T007868,131.47,18,1,0,0,10.0,1,0
T007869,22.69,23,0,0,0,6.3,4,0
T007870,40.65,17,0,1,0,5.6,1,0
T007871,52.21,2,0,0,0,33.0,1,0
T007872,46.85,18,1,0,0,46.9,1,0
T007873,15.19,21,1,0,1,31.9,0,0
T007874,91.45,4,0,0,0,4.8,3,0
T007875,15.01,15,1,1,0,48.2,3,0
T007876,26.99,20,1,0,1,8.8,3,0
T007877,58.64,19,0,0,1,19.2,2,0
T007878,44.67,17,1,0,0,38.8,1,0
T007879,40.24,19,0,0,0,23.4,4,0
T007880,22.33,3,1,0,0,12.5,4,0
T007881,100.58,4,1,0,0,21.0,5,0
T007882,14.66,23,0,0,0,14.1,7,0
T007883,20.72,9,0,0,0,40.0,2,0
T007884,16.29,13,0,0,0,11.0,1,0
T007885,30.33,1,1,0,1,13.2,2,0
T007886,109.15,2,1,0,0,3.4,3,0
T007887,51.81,18,1,0,0,32.7,3,0
T007888,25.43,5,1,0,1,17.3,2,0
T007889,110.12,21,0,0,1,28.4,3,0
T007890,99.02,0,1,0,0,0.1,0,0
T007891,13.31,1,0,0,0,32.3,2,0
T007892,15.9,11,1,0,0,5.2,4,0
T007893,50.26,2,0,0,0,4.9,2,0
T007894,33.95,20,0,0,0,6.3,4,0
T007895,80.41,17,0,0,1,7.8,4,0
T007896,15.58,7,0,0,0,5.7,1,0
T007897,40.32,13,0,0,0,2.8,2,0
T007898,58.27,20,1,0,0,22.5,2,0
T007899,37.65,15,0,0,0,28.3,2,0
T007900,46.78,21,0,0,0,6.4,2,0
T007901,186.09,5,0,0,0,7.1,0,0
T007902,25.31,22,0,0,0,18.4,2,0
T007903,296.42,21,0,0,1,8.9,2,1
T007904,19.13,23,0,0,0,8.0,1,0
T007905,17.91,7,1,0,0,1.5,2,0
T007906,32.99,9,0,0,0,33.2,3,0
T007907,201.37,19,1,1,0,5.5,1,0
T007908,10.3,14,1,0,0,26.3,3,0
T007909,6.67,5,0,0,0,23.4,4,0
T007910,117.06,0,1,0,0,0.5,2,0
T007911,10.46,7,0,0,0,23.6,2,0
T007912,39.76,11,0,0,0,1.6,3,0
T007913,34.34,9,1,0,0,19.8,1,0
T007914,6.46,6,1,0,0,31.0,3,0
T007915,3.55,14,0,0,0,40.2,2,0
T007916,17.81,3,0,0,1,6.9,1,0
T007917,22.39,16,1,0,0,68.0,0,0
T007918,127.2,1,0,0,0,15.8,5,0
T007919,23.01,4,1,0,1,21.5,2,0
T007920,45.26,17,1,0,0,12.5,1,0
T007921,56.38,1,1,0,0,18.5,4,0
T007922,28.27,12,1,1,0,0.6,4,0
T007923,187.99,13,1,1,0,37.0,4,1
T007924,4.25,2,1,0,1,4.4,1,0
T007925,66.86,16,0,1,0,15.8,0,0
T007926,54.18,15,0,0,0,8.3,3,0
T007927,9.9,10,1,0,0,6.4,2,0
T007928,37.3,1,1,0,0,27.9,3,0
T007929,21.2,17,0,0,0,26.4,2,0
T007930,69.87,21,1,0,0,15.2,2,0
T007931,5.13,10,0,0,0,5.3,1,0
T007932,34.67,2,1,0,0,2.8,1,0
T007933,29.71,10,0,0,0,21.4,2,0
T007934,79.11,1,1,0,0,24.2,1,0
T007935,74.01,15,0,0,0,29.9,4,0
T007936,14.62,2,0,0,0,27.8,1,0
T007937,22.68,8,1,1,0,2.4,1,0
T007938,5.7,2,0,0,0,9.7,1,0
T007939,39.36,15,1,0,0,66.0,0,0
T007940,14.01,1,0,0,1,11.0,1,0
T007941,35.69,0,1,1,0,23.9,1,0
T007942,22.11,1,0,1,0,19.4,0,0
T007943,28.64,14,1,0,0,45.6,2,0
T007944,30.76,17,1,0,0,32.2,3,0
T007945,15.13,4,0,0,0,7.2,4,0
T007946,153.13,8,0,0,1,8.3,4,0
T007947,185.11,17,1,0,0,51.7,1,0
T007948,7.94,5,0,0,0,5.0,1,0
T007949,12.49,13,0,0,0,2.6,2,0
T007950,16.03,14,0,0,0,9.6,2,0
T007951,29.4,10,1,0,0,3.8,3,0
T007952,11.87,1,0,0,0,15.8,0,0
T007953,10.25,23,1,0,1,3.9,2,0
T007954,19.88,16,1,0,0,10.8,1,0
T007955,50.95,14,1,0,0,3.5,3,0
T007956,49.95,10,0,0,0,27.4,3,0
T007957,72.15,0,0,0,1,13.9,5,0
T007958,22.22,19,0,0,0,51.2,4,0
T007959,31.24,8,1,0,0,14.2,3,0
T007960,83.0,18,0,0,0,1.2,5,0
T007961,17.08,6,0,0,1,32.0,2,0
T007962,23.48,19,1,0,0,27.3,1,0
T007963,13.2,18,0,0,1,22.2,1,0
T007964,115.45,7,1,0,1,7.4,2,0
T007965,81.91,11,1,0,0,15.7,3,0
T007966,92.04,3,0,0,0,1.1,2,0
T007967,55.89,20,1,0,0,19.5,2,0
T007968,30.94,8,1,0,0,7.1,1,0
T007969,16.03,1,0,0,0,9.6,1,0
T007970,42.34,20,1,0,0,13.4,0,0
T007971,34.68,19,0,1,1,26.7,3,0
T007972,10.33,7,0,0,1,35.5,5,0
T007973,18.29,2,1,0,0,21.1,0,0
T007974,38.41,23,0,0,0,12.5,2,0
T007975,11.5,6,1,0,1,24.9,3,0
T007976,38.2,22,0,0,0,59.2,1,0
T007977,41.38,6,1,0,1,12.1,2,0
T007978,25.11,9,1,0,1,33.5,2,0
T007979,27.9,3,0,0,0,14.0,1,0
T007980,5.5,9,0,0,0,10.3,3,0
T007981,19.71,13,0,0,0,9.8,2,0
T007982,73.62,9,1,0,0,22.0,3,0
T007983,24.38,6,1,0,0,40.8,2,0
T007984,12.72,13,0,0,0,3.8,3,0
T007985,47.32,3,1,0,0,0.9,1,0
T007986,6.41,20,1,0,1,30.2,2,0
T007987,23.18,14,0,0,0,17.2,0,0
T007988,106.48,15,0,1,0,3.9,3,0
T007989,15.62,12,0,0,1,1.5,5,0
T007990,106.82,7,0,0,0,66.6,6,0
T007991,22.63,7,0,0,0,7.1,2,0
T007992,13.87,1,0,0,0,1.2,3,0
T007993,78.42,23,0,0,0,24.2,2,0
T007994,23.66,18,1,1,0,21.8,1,0
T007995,29.51,21,1,0,0,4.7,1,0
T007996,7.49,8,1,0,0,13.5,3,0
T007997,40.23,18,1,0,0,74.1,2,0
T007998,180.16,20,0,0,0,8.1,4,0
T007999,91.16,8,1,0,0,5.6,2,0
T008000,26.15,19,0,0,0,15.9,2,0
T008001,6.61,4,1,0,0,29.3,2,0
T008002,52.88,14,1,0,0,22.9,7,0
T008003,4.27,10,0,0,0,48.4,2,0
T008004,20.3,1,1,0,0,1.5,3,0
T008005,17.39,13,1,0,1,0.4,1,0
T008006,45.64,14,1,0,0,9.0,4,0
T008007,77.09,13,0,0,0,106.6,2,0
T008008,19.24,10,1,0,0,2.6,3,0
T008009,9.52,19,1,1,0,36.9,1,0
T008010,33.62,21,0,0,0,2.4,4,0
T008011,56.18,21,1,1,0,4.7,0,0
T008012,53.67,3,0,0,0,5.0,2,0
T008013,5.35,21,0,0,1,15.3,6,0
T008014,87.31,17,1,1,0,14.9,3,0
T008015,34.66,0,1,0,1,13.5,0,0
T008016,10.13,20,0,1,1,13.0,2,0
T008017,80.42,5,0,0,0,17.1,1,0
T008018,11.46,4,1,0,0,13.3,3,0
T008019,51.01,9,1,0,0,45.6,3,0
T008020,87.2,20,0,0,0,2.1,2,0
T008021,39.64,4,0,0,0,10.9,2,0
T008022,8.53,18,0,0,0,7.5,6,0
T008023,29.96,13,1,0,0,0.7,0,0
T008024,14.33,5,1,0,0,6.7,4,0
T008025,13.26,10,0,0,0,21.6,0,0
T008026,12.35,8,1,0,1,16.2,4,0
T008027,5.88,20,1,0,0,10.5,1,0
T008028,53.26,9,0,0,0,30.7,2,0
T008029,7.47,22,0,0,0,16.4,1,0
T008030,182.74,21,0,0,0,10.0,3,0
T008031,53.84,3,0,0,0,12.5,4,0
T008032,10.81,9,1,0,0,36.8,2,0
T008033,65.68,19,1,0,1,0.5,1,0
T008034,11.2,7,0,0,0,90.1,2,0
T008035,112.57,4,0,0,0,1.2,0,0
T008036,39.89,10,1,0,0,5.4,1,0
T008037,21.61,19,0,0,1,22.7,3,0
T008038,65.65,16,0,1,0,0.5,1,0
T008039,28.36,9,0,1,0,34.1,2,0
T008040,59.57,16,1,0,0,25.6,3,0
T008041,225.9,18,0,0,0,44.1,3,0
T008042,14.97,0,0,0,0,49.7,1,1
T008043,28.34,0,1,0,1,14.5,2,0
T008044,31.08,7,1,0,0,58.0,4,0
T008045,90.1,13,1,0,0,1.3,2,0
T008046,97.62,9,1,1,0,34.1,0,0
T008047,440.09,18,0,1,0,23.8,0,0
T008048,14.0,3,0,0,0,35.7,1,0
T008049,15.84,5,0,0,0,34.9,2,0
T008050,39.68,17,1,0,1,11.4,0,0
T008051,7.02,1,0,0,0,3.4,3,0
T008052,126.7,23,0,1,0,47.9,1,0
T008053,64.91,11,1,1,0,17.9,2,0
T008054,58.42,15,0,0,0,34.3,2,0
T008055,27.5,7,0,0,0,16.8,3,0
T008056,26.55,20,1,0,0,11.2,2,0
T008057,28.24,17,1,0,1,14.1,2,0
T008058,24.66,18,0,0,0,54.8,1,0
T008059,70.08,2,1,1,0,8.1,2,0
T008060,53.18,11,1,0,1,4.2,1,0
T008061,33.42,13,0,0,0,43.5,2,0
T008062,51.76,16,0,0,0,25.8,4,0
T008063,183.49,5,1,0,0,58.8,2,0
T008064,124.0,20,0,0,0,14.3,5,0
T008065,12.15,2,1,0,1,7.8,4,1
T008066,62.61,17,1,0,0,5.9,4,0
T008067,41.27,1,1,0,0,20.5,3,0
T008068,15.2,7,0,0,1,8.8,1,0
T008069,59.53,22,0,0,0,10.8,3,0
T008070,32.8,20,1,0,0,20.4,1,0
T008071,223.24,12,1,0,0,8.8,3,0
T008072,40.39,0,1,0,0,36.0,5,0
T008073,6.37,22,1,0,0,4.6,3,0
T008074,181.51,2,0,0,0,19.7,4,0
T008075,31.44,17,1,0,0,7.2,2,0
T008076,17.29,10,0,0,0,21.6,3,0
T008077,11.0,14,0,0,1,25.8,2,0
T008078,168.85,21,0,0,0,10.7,3,0
T008079,45.0,13,0,0,1,27.5,1,0
T008080,33.48,5,0,0,0,33.0,4,0
T008081,8.08,22,1,0,0,16.9,1,0
T008082,66.51,10,1,0,1,30.9,2,0
T008083,12.97,8,1,0,0,6.0,6,0
T008084,771.07,10,1,0,0,3.3,3,0
T008085,65.07,14,1,0,0,3.5,2,0
T008086,90.3,5,0,0,1,27.7,4,0
T008087,6.03,17,0,1,0,21.2,3,0
T008088,11.15,3,1,0,0,19.6,2,0
T008089,23.4,11,0,0,0,7.9,1,0
T008090,22.15,14,0,0,0,5.9,0,0
T008091,14.84,10,0,0,1,7.7,0,0
T008092,13.54,8,0,0,0,23.9,2,0
T008093,12.57,5,0,0,0,4.0,0,0
T008094,58.07,20,1,0,0,9.2,2,0
T008095,113.41,12,1,0,0,48.2,1,0
T008096,23.62,18,1,0,1,11.5,3,0
T008097,47.5,22,0,0,0,13.9,2,0
T008098,146.26,21,1,0,0,11.3,3,0
T008099,100.81,11,1,0,0,26.5,2,0
T008100,220.86,9,0,0,0,1.7,1,0
T008101,12.48,4,0,0,0,5.4,0,0
T008102,4.3,10,1,0,0,2.8,1,0
T008103,9.37,3,1,0,0,20.4,2,0
T008104,48.99,0,1,0,0,7.2,2,0
T008105,17.79,9,0,0,0,4.5,4,0
T008106,55.67,12,1,0,0,33.3,1,0
T008107,61.05,2,0,0,0,9.5,3,0
T008108,49.84,3,0,0,1,9.2,1,0
T008109,35.52,12,1,0,1,27.2,1,0
T008110,16.19,9,0,0,0,38.4,2,0
T008111,35.83,9,0,0,0,10.1,2,0
T008112,95.01,23,1,0,1,10.1,1,0
T008113,66.33,17,0,0,0,16.4,3,0
T008114,14.07,20,0,1,0,18.4,3,0
T008115,61.86,8,0,0,0,6.1,2,0
T008116,36.14,0,0,1,0,26.3,2,0
T008117,38.3,4,1,0,0,3.0,0,0
T008118,13.98,1,0,0,1,14.5,3,0
T008119,18.87,10,0,0,1,2.7,2,0
T008120,57.19,15,1,0,0,6.5,2,0
T008121,145.46,19,0,0,0,64.5,2,0
T008122,182.5,2,0,1,0,4.9,3,0
T008123,14.68,16,0,0,1,23.1,2,0
T008124,11.81,10,1,0,0,16.8,0,0
T008125,43.2,18,1,0,0,1.6,1,0
T008126,6.79,8,0,1,0,20.8,2,0
T008127,67.58,12,0,0,0,15.5,1,0
T008128,25.85,17,0,0,0,57.3,2,0
T008129,33.2,13,1,0,0,20.5,1,0
T008130,143.02,22,1,0,0,12.4,1,0
T008131,10.75,21,1,0,0,31.6,4,0
T008132,65.47,18,0,0,0,34.6,1,0
T008133,37.07,0,1,0,0,17.5,1,0
T008134,103.37,9,1,0,1,7.9,1,0
T008135,16.79,13,1,0,0,39.3,2,0
T008136,12.25,8,1,0,1,5.4,2,0
T008137,24.98,0,1,0,0,8.7,2,0
T008138,14.38,3,1,0,0,10.8,0,0
T008139,41.42,7,0,0,0,5.5,4,0
T008140,16.58,17,0,1,0,14.1,2,0
T008141,6.97,13,0,0,0,6.2,0,0
T008142,7.99,15,1,0,0,36.6,4,0
T008143,62.1,11,1,0,0,17.4,3,0
T008144,37.18,18,0,1,1,7.5,0,0
T008145,27.73,12,0,1,1,4.0,1,0
T008146,140.97,21,0,0,0,40.0,4,0
T008147,2.57,1,1,1,1,10.4,0,0
T008148,63.65,10,1,0,0,18.6,3,0
T008149,12.7,15,1,0,0,3.6,2,0
T008150,11.99,5,1,0,1,3.3,0,0
T008151,31.06,22,0,0,0,6.3,5,0
T008152,183.75,3,0,0,0,25.9,8,0
T008153,26.5,8,1,0,0,57.9,5,0
T008154,14.86,3,0,0,0,1.5,2,1
T008155,39.43,4,1,0,0,15.8,1,0
T008156,88.63,12,1,0,0,14.3,4,0
T008157,60.35,13,1,0,0,4.3,1,0
T008158,38.89,10,0,0,1,9.8,2,0
T008159,28.87,15,0,0,0,11.3,4,0
T008160,28.22,3,1,0,0,10.8,1,0
T008161,23.83,13,1,0,0,64.7,3,0
T008162,16.79,15,1,0,0,20.7,3,0
T008163,10.57,1,0,0,0,19.4,2,0
T008164,64.12,10,0,0,0,6.0,2,0
T008165,6.97,2,1,0,0,35.1,5,0
T008166,56.66,8,1,0,0,10.7,6,0
T008167,64.04,5,1,0,1,4.5,2,0
T008168,27.12,0,0,1,0,5.3,6,0
T008169,28.24,13,0,0,0,4.5,1,0
T008170,26.02,17,0,0,0,2.5,1,0
T008171,58.09,16,0,0,0,34.5,1,0
T008172,80.69,15,1,0,1,28.4,2,0
T008173,128.18,20,1,0,0,33.5,1,0
T008174,65.4,8,1,0,0,9.6,0,0
T008175,19.45,5,0,0,0,1.6,1,0
T008176,45.56,14,0,0,0,13.8,0,0
T008177,15.35,17,0,0,1,10.7,2,0
T008178,52.89,20,0,0,0,33.4,3,0
T008179,133.13,21,0,0,0,7.6,1,0
T008180,39.74,0,1,0,0,33.9,3,0
T008181,252.5,9,1,0,0,1.9,1,0
T008182,504.83,13,1,0,0,6.8,3,0
T008183,35.6,5,0,0,0,1.2,1,0
T008184,23.29,17,0,0,1,5.8,3,0
T008185,464.81,13,1,1,0,33.0,6,0
T008186,21.5,1,1,1,0,1.1,1,0
T008187,90.19,9,0,0,1,18.0,3,0
T008188,46.69,22,0,0,0,5.1,1,0
T008189,21.65,19,1,0,0,27.4,0,0
T008190,52.65,6,1,1,0,7.3,4,0
T008191,20.33,3,1,0,0,1.3,3,0
T008192,50.21,10,0,0,0,2.6,3,0
T008193,68.31,19,0,0,1,55.6,5,0
T008194,236.78,0,0,0,0,19.8,5,0
T008195,15.83,22,0,0,0,18.9,1,0
T008196,15.99,19,0,0,1,7.8,4,0
T008197,41.23,19,1,0,0,0.7,4,0
T008198,71.57,13,0,0,0,38.3,1,0
T008199,55.53,21,1,1,1,2.9,2,1
T008200,161.21,15,1,0,0,4.2,8,0
T008201,61.24,21,0,1,1,16.3,3,0
T008202,22.22,0,0,0,0,33.7,3,0
T008203,155.17,0,1,0,0,18.8,2,0
T008204,4.34,17,0,0,1,71.0,1,0
T008205,67.83,2,1,0,1,78.2,2,0
T008206,32.2,21,1,0,0,13.8,2,0
T008207,84.3,11,1,0,0,0.5,2,0
T008208,34.03,23,1,0,0,30.8,1,0
T008209,48.78,10,1,0,0,5.5,3,0
T008210,21.88,5,1,0,0,15.7,4,0
T008211,39.37,6,1,0,0,10.2,2,0
T008212,46.82,16,1,0,0,54.4,2,0
T008213,18.96,22,1,0,0,6.8,2,0
T008214,23.16,1,1,0,1,1.6,2,0
T008215,25.37,4,0,0,0,22.2,3,0
T008216,60.37,8,1,0,0,10.6,0,0
T008217,55.61,10,0,0,0,28.6,1,0
T008218,17.17,2,1,0,0,23.7,7,0
T008219,33.54,18,1,0,1,36.2,2,0
T008220,10.58,10,1,0,0,8.4,2,0
T008221,18.95,17,0,0,0,35.7,0,0
T008222,8.78,0,1,0,0,7.1,2,0
T008223,36.55,8,1,0,0,15.6,2,0
T008224,85.15,19,1,0,0,27.0,6,0
T008225,198.12,5,1,0,1,9.7,0,0
T008226,89.39,0,0,1,0,0.3,2,0
T008227,36.71,2,0,1,0,9.5,2,0
T008228,15.79,4,0,0,0,17.4,3,0
T008229,287.93,0,0,0,0,5.1,1,0
T008230,78.86,23,0,0,0,3.4,3,0
T008231,48.04,13,1,0,0,11.4,0,0
T008232,12.85,2,1,0,0,25.4,1,0
T008233,34.51,0,0,0,1,4.1,6,0
T008234,29.86,4,0,0,0,65.6,5,0
T008235,30.44,14,1,0,0,8.4,2,0
T008236,26.65,8,0,0,0,5.9,1,0
T008237,87.05,11,0,0,0,27.6,0,0
T008238,30.66,15,0,0,0,0.1,0,0
T008239,93.98,0,0,0,1,25.8,5,0
T008240,386.23,6,0,1,0,10.6,3,0
T008241,39.68,0,1,0,1,0.3,0,0
T008242,39.64,1,0,0,0,27.0,1,0
T008243,13.07,5,1,0,0,28.0,0,0
T008244,43.85,3,0,0,0,69.3,3,0
T008245,18.22,6,0,0,0,16.7,0,0
T008246,14.42,11,1,0,0,4.4,2,0
T008247,330.22,20,1,0,0,4.5,1,0
T008248,28.78,19,0,0,0,37.3,2,0
T008249,39.66,20,0,0,0,3.9,1,0
T008250,11.32,1,0,0,0,25.2,4,0
T008251,255.93,16,0,0,0,7.2,2,0
T008252,86.91,12,0,0,1,19.7,3,0
T008253,23.7,15,0,0,0,0.3,3,0
T008254,12.48,1,0,0,0,3.8,4,0
T008255,17.08,17,1,0,0,19.7,2,0
T008256,46.1,22,0,0,0,2.1,6,0
T008257,36.93,3,1,0,0,6.1,0,0
T008258,315.68,9,0,0,1,22.4,2,0
T008259,9.58,23,1,0,1,48.6,2,0
T008260,53.61,11,1,0,0,75.9,2,0
T008261,26.03,15,0,0,0,41.8,2,0
T008262,74.65,14,0,0,0,18.8,2,0
T008263,54.98,7,1,0,0,13.8,1,0
T008264,27.46,4,0,0,0,27.9,2,0
T008265,1.98,9,0,0,1,4.4,4,0
T008266,56.23,14,1,0,0,2.4,1,0
T008267,29.89,0,0,0,0,13.5,1,0
T008268,27.7,12,0,0,0,3.1,2,0
T008269,6.32,2,1,0,0,42.3,4,0
T008270,36.36,0,1,0,0,10.4,3,0
T008271,140.92,0,0,0,1,26.6,3,0
T008272,13.47,3,1,0,0,31.0,2,0
T008273,25.64,9,0,0,0,22.4,1,0
T008274,19.55,5,1,0,0,3.5,3,0
T008275,36.19,22,0,0,0,10.2,3,0
T008276,8.75,17,1,0,1,11.2,5,0
T008277,72.53,15,0,1,1,83.7,2,0
T008278,28.64,1,0,0,0,15.7,4,0
T008279,1.93,1,1,0,1,21.5,2,0
T008280,8.26,13,0,0,0,139.0,2,0
T008281,55.43,0,0,0,0,11.1,1,0
T008282,57.81,19,1,0,1,7.8,1,0
T008283,28.89,3,1,1,1,3.7,4,0
T008284,14.74,13,0,0,0,30.1,4,0
T008285,52.27,4,0,0,0,3.7,4,0
T008286,11.46,8,0,0,0,2.9,2,0
T008287,39.42,19,0,0,1,6.1,1,0
T008288,148.92,18,0,0,0,29.4,1,0
T008289,21.48,20,0,0,0,66.9,0,0
T008290,8.14,0,0,0,0,1.6,0,0
T008291,116.81,11,1,0,0,1.0,1,0
T008292,212.51,19,0,0,0,16.8,3,0
T008293,15.69,8,0,0,0,27.8,2,0
T008294,14.39,14,0,0,0,31.6,0,0
T008295,21.67,4,0,0,0,4.6,1,0
T008296,9.06,19,0,0,0,8.1,0,0
T008297,114.11,21,0,0,0,16.4,2,0
T008298,168.32,14,1,0,0,10.6,4,0
T008299,24.64,3,0,0,1,19.9,2,0
T008300,29.65,8,1,0,0,15.1,2,0
T008301,31.68,5,0,0,0,5.8,1,0
T008302,11.22,15,0,0,0,30.2,3,0
T008303,23.0,23,0,0,0,28.4,1,0
T008304,56.98,16,1,0,0,26.0,3,0
T008305,211.14,13,1,0,0,33.4,1,0
T008306,27.82,18,0,0,1,33.9,1,0
T008307,2.09,15,1,0,0,13.3,3,0
T008308,181.06,23,1,0,0,12.3,2,0
T008309,43.39,7,0,0,0,7.4,2,0
T008310,35.46,2,0,0,1,0.9,6,0
T008311,29.24,21,1,0,1,53.4,1,0
T008312,29.49,19,1,0,1,17.8,0,0
T008313,33.81,4,1,0,0,16.9,3,0
T008314,51.28,8,0,0,0,1.8,1,0
T008315,38.67,3,1,0,0,12.7,6,0
T008316,194.25,20,1,0,0,15.2,3,0
T008317,71.75,2,0,0,0,3.4,1,0
T008318,309.05,11,0,0,0,1.8,3,0
T008319,132.59,11,1,0,0,6.3,5,0
T008320,50.74,10,1,0,0,3.1,0,0
T008321,24.26,8,0,1,0,18.2,1,0
T008322,43.0,21,1,0,1,6.4,4,0
T008323,115.42,0,0,0,0,34.0,3,0
T008324,142.1,5,1,0,0,14.6,3,0
T008325,74.93,21,1,0,0,43.9,1,0
T008326,6.22,8,0,1,0,8.1,3,0
T008327,47.81,5,1,0,0,13.2,1,0
T008328,50.59,0,1,0,1,71.5,1,0
T008329,25.62,4,1,0,0,8.7,0,0
T008330,10.25,8,1,0,0,21.4,2,0
T008331,18.09,3,0,0,1,23.3,1,0
T008332,7.71,10,0,0,0,9.5,2,0
T008333,255.1,20,0,0,0,35.5,4,0
T008334,55.11,9,0,0,0,30.6,2,0
T008335,33.66,0,0,0,0,2.2,0,0
T008336,107.4,6,0,0,0,8.5,1,0
T008337,19.89,18,0,1,1,38.0,2,0
T008338,212.2,17,1,0,1,6.5,4,0
T008339,64.33,16,1,0,0,1.4,0,0
T008340,15.34,2,0,0,1,19.5,2,0
T008341,69.02,16,0,0,0,29.6,4,0
T008342,106.46,1,1,0,1,22.9,2,0
T008343,3.75,2,0,0,1,9.3,1,0
T008344,32.5,16,0,0,0,42.7,0,0
T008345,60.85,21,0,0,0,48.5,1,0
T008346,42.8,1,0,0,1,42.8,3,0
T008347,41.43,16,0,0,0,6.9,2,0
T008348,19.98,4,0,0,0,63.0,2,0
T008349,2.84,8,1,0,1,8.9,4,0
T008350,63.99,14,1,0,0,34.4,0,0
T008351,5.55,17,1,0,1,22.3,1,0
T008352,26.95,12,0,0,0,2.2,3,0
T008353,14.69,19,0,0,0,25.4,2,0
T008354,19.3,23,0,0,0,28.4,5,0
T008355,20.93,11,0,0,0,128.9,2,0
T008356,114.84,5,0,0,0,8.8,4,0
T008357,23.93,1,1,0,0,14.6,1,0
T008358,70.34,20,1,0,1,10.7,5,0
T008359,25.92,17,0,1,0,6.1,1,0
T008360,10.0,1,1,0,0,9.1,0,0
T008361,348.65,6,0,0,0,2.1,4,0
T008362,13.52,11,0,0,1,3.9,2,0
T008363,19.56,19,1,0,0,13.5,1,0
T008364,17.09,16,1,0,0,58.5,2,0
T008365,66.78,11,0,0,0,20.6,0,0
T008366,38.34,3,1,0,0,41.2,3,0
T008367,13.84,15,1,0,0,18.3,1,0
T008368,21.24,11,0,0,0,29.2,0,0
T008369,132.67,19,0,0,0,5.7,0,0
T008370,12.1,9,1,0,0,6.2,1,0
T008371,8.43,3,0,0,0,2.8,1,0
T008372,14.45,20,0,0,0,1.7,1,0
T008373,34.99,17,1,1,1,12.6,0,0
T008374,92.15,11,0,0,0,14.9,0,0
T008375,8.12,7,1,0,1,30.0,2,0
T008376,145.19,9,0,0,0,36.0,2,0
T008377,67.39,23,0,0,0,6.3,3,0
T008378,38.36,22,1,0,0,29.8,2,0
T008379,77.79,20,1,0,0,10.1,2,0
T008380,115.53,3,1,0,0,25.1,2,0
T008381,20.92,22,0,0,0,9.8,0,0
T008382,67.66,18,1,0,0,16.2,2,0
T008383,20.08,1,0,0,1,14.1,0,0
T008384,9.06,6,1,0,0,4.7,2,0
T008385,176.7,14,0,1,1,24.9,0,0
T008386,8.08,0,0,0,0,7.4,4,0
T008387,234.04,13,0,0,0,11.7,3,0
T008388,22.82,0,0,0,0,12.5,2,0
T008389,80.59,14,0,0,1,2.4,2,0
T008390,22.12,1,0,0,1,47.7,5,0
T008391,6.05,3,0,0,0,9.9,3,0
T008392,48.0,23,0,0,0,5.2,2,0
T008393,131.99,23,1,0,0,9.5,3,0
T008394,5.94,0,1,0,1,6.8,4,0
T008395,19.25,2,1,0,1,29.8,5,0
T008396,44.34,11,0,0,0,7.3,0,0
T008397,8.19,10,0,0,1,0.7,1,0
T008398,20.94,3,1,0,0,21.0,3,0
T008399,8.63,16,0,0,0,0.3,2,0
T008400,84.33,21,1,0,0,11.2,2,0
T008401,137.04,6,1,0,0,10.9,4,0
T008402,30.37,2,0,0,0,4.7,0,0
T008403,222.68,9,1,0,1,2.8,1,0
T008404,38.98,9,0,0,0,37.2,3,0
T008405,324.61,7,0,1,0,1.0,2,0
T008406,113.95,23,0,0,0,21.9,5,0
T008407,38.15,11,0,0,1,10.7,3,0
T008408,31.95,18,1,1,0,12.2,3,0
T008409,47.56,4,0,0,0,6.4,6,0
T008410,22.83,14,0,0,1,6.5,3,0
T008411,230.87,14,1,0,0,23.1,5,0
T008412,15.4,1,1,0,0,3.4,4,0
T008413,11.06,16,0,0,0,21.5,5,0
T008414,8.33,22,0,1,0,20.5,5,0
T008415,44.45,11,0,0,0,2.0,1,0
T008416,19.0,13,0,0,0,19.2,0,0
T008417,16.23,9,0,0,0,14.7,3,0
T008418,44.54,13,0,0,1,9.2,3,0
T008419,13.61,5,1,0,0,8.7,2,0
T008420,83.01,9,0,0,1,5.0,0,0
T008421,133.86,1,0,0,0,2.9,3,0
T008422,52.15,15,1,1,0,12.0,1,0
T008423,39.18,22,0,0,0,26.6,0,0
T008424,19.66,4,0,0,0,14.3,2,0
T008425,13.45,20,0,0,1,27.1,0,0
T008426,39.77,14,1,0,0,21.7,4,0
T008427,121.92,10,1,0,1,26.9,4,0
T008428,2.75,23,0,0,0,8.9,1,0
T008429,46.43,20,0,1,0,4.3,1,0
T008430,14.34,23,1,0,1,11.2,5,0
T008431,23.23,3,1,1,0,15.5,4,0
T008432,110.58,13,1,1,0,29.8,3,0
T008433,59.09,1,0,0,0,11.6,3,0
T008434,15.74,19,1,0,0,11.5,2,0
T008435,95.73,17,0,0,0,10.6,1,0
T008436,64.63,3,0,0,0,24.9,2,0
T008437,20.44,17,1,0,1,11.0,4,0
T008438,13.75,20,1,0,0,6.9,2,0
T008439,30.82,23,1,0,0,15.5,0,0
T008440,3.18,7,0,0,0,7.4,2,0
T008441,300.47,11,0,0,1,14.1,1,0
T008442,6.68,3,0,0,1,9.5,0,0
T008443,4.62,21,1,0,0,2.6,1,0
T008444,319.05,20,1,0,0,32.1,1,0
T008445,8.88,9,0,0,1,31.4,2,0
T008446,51.4,6,0,0,0,0.2,1,0
T008447,39.19,21,0,0,1,13.9,3,0
T008448,30.65,8,0,0,0,11.3,7,0
T008449,73.99,7,0,0,0,2.0,1,0
T008450,162.36,1,0,0,0,1.7,2,0
T008451,56.22,1,0,0,0,7.1,2,0
T008452,27.55,16,0,0,0,47.2,2,0
T008453,383.65,22,1,0,0,4.5,2,0
T008454,33.1,4,1,0,0,2.8,2,0
T008455,142.37,9,1,0,0,32.3,0,0
T008456,92.29,0,1,0,1,19.6,4,1
T008457,63.99,7,1,0,0,14.4,0,0
T008458,188.47,22,0,0,0,5.0,3,0
T008459,4.24,17,0,0,0,24.1,3,0
T008460,147.53,0,0,1,0,3.8,2,0
T008461,16.06,19,0,0,0,1.1,0,0
T008462,60.14,10,1,0,0,0.7,1,0
T008463,47.75,4,1,1,0,12.6,3,0
T008464,12.58,11,0,0,0,25.6,4,0
T008465,44.79,7,0,0,0,6.6,2,0
T008466,42.27,18,0,0,0,3.4,1,0
T008467,35.35,22,1,0,0,16.4,0,0
T008468,20.69,13,1,0,1,39.2,5,0
T008469,28.53,15,1,0,0,15.3,2,0
T008470,34.1,3,1,0,0,1.0,1,0
T008471,11.2,3,1,0,0,20.8,2,0
T008472,5.69,19,1,0,0,11.2,4,0
T008473,40.03,9,1,0,0,23.6,2,0
T008474,36.15,14,1,0,0,9.5,0,0
T008475,20.79,3,0,0,0,19.1,2,0
T008476,43.11,8,0,0,0,34.2,3,0
T008477,12.92,8,1,0,0,1.2,1,0
T008478,273.14,17,1,0,1,12.3,4,0
T008479,21.9,11,1,0,0,4.0,0,0
T008480,132.68,14,0,0,1,12.8,1,0
T008481,106.09,18,0,0,0,18.6,4,0
T008482,8.53,23,0,0,0,32.3,1,0
T008483,121.1,16,1,0,0,7.6,3,0
T008484,22.62,20,0,0,0,31.0,1,0
T008485,26.75,16,0,1,1,48.6,0,0
T008486,68.26,5,0,1,0,4.4,4,0
T008487,14.55,22,1,0,0,1.7,3,0
T008488,25.76,21,1,0,0,12.0,1,0
T008489,16.47,11,0,0,0,7.1,0,0
T008490,51.99,16,1,0,0,11.4,2,0
T008491,46.24,20,1,0,0,11.7,0,0
T008492,105.46,4,0,0,1,4.3,2,0
T008493,361.19,4,0,0,0,46.9,2,0
T008494,115.74,13,1,0,0,4.7,3,0
T008495,48.53,22,1,0,1,27.3,2,0
T008496,14.54,17,1,0,0,3.1,1,0
T008497,28.86,10,0,0,0,11.6,2,0
T008498,65.07,17,0,0,0,18.9,0,0
T008499,40.09,16,1,0,1,51.6,1,0
T008500,8.46,15,1,0,0,8.5,4,0
T008501,9.98,19,0,0,0,27.2,2,0
T008502,163.99,5,1,0,0,100.4,7,0
T008503,39.73,7,0,0,0,11.1,3,0
T008504,18.26,16,1,1,0,77.4,3,0
T008505,25.73,7,0,0,1,56.9,1,0
T008506,14.5,6,1,0,0,0.5,2,0
T008507,27.64,20,1,0,1,8.4,3,0
T008508,145.57,13,0,0,0,20.5,2,0
T008509,109.65,23,0,0,0,38.6,4,0
T008510,50.58,20,0,0,1,23.0,0,0
T008511,70.25,8,0,0,1,12.0,1,0
T008512,9.96,4,0,1,0,9.1,2,0
T008513,165.41,12,1,0,0,1.1,3,0
T008514,37.01,3,0,1,1,91.3,0,0
T008515,40.95,14,1,0,0,21.5,3,0
T008516,26.38,23,0,0,0,16.7,2,0
T008517,49.88,12,1,0,0,5.3,3,0
T008518,6.43,22,0,0,1,3.9,4,0
T008519,123.93,21,1,1,1,14.9,0,1
T008520,73.67,0,0,0,0,10.2,3,0
T008521,12.6,4,1,0,0,11.9,0,0
T008522,155.29,0,1,0,0,3.8,2,1
T008523,19.75,5,1,0,0,47.5,5,0
T008524,5.78,18,0,0,1,9.1,4,0
T008525,215.37,6,0,0,0,4.6,0,0
T008526,14.32,10,0,0,0,26.7,4,0
T008527,6.84,12,0,0,1,4.0,1,0
T008528,28.78,13,1,0,0,28.1,2,0
T008529,21.62,2,1,0,0,61.8,3,0
T008530,12.43,17,1,0,1,10.6,3,0
T008531,14.01,9,0,0,0,5.9,1,0
T008532,40.45,5,1,1,0,19.0,2,0
T008533,16.46,7,0,0,1,25.7,3,0
T008534,143.77,7,1,0,0,46.0,2,0
T008535,21.67,21,0,0,0,16.8,1,0
T008536,127.94,15,1,0,0,2.1,2,0
T008537,9.48,0,0,0,0,14.7,0,0
T008538,103.32,18,1,0,0,14.4,2,0
T008539,207.55,18,0,0,1,8.4,4,0
T008540,48.75,2,0,0,0,11.2,0,0
T008541,267.16,5,0,0,0,67.2,2,0
T008542,15.61,17,0,0,0,7.0,4,0
T008543,68.54,3,1,0,0,11.7,3,0
T008544,56.11,15,0,1,1,8.7,2,0
T008545,24.0,19,0,0,0,21.8,2,0
T008546,14.15,0,0,0,0,18.6,3,0
T008547,198.76,17,1,0,0,10.4,1,0
T008548,14.83,13,0,0,1,6.0,4,0
T008549,76.14,10,0,0,0,1.6,3,0
T008550,43.03,7,1,0,0,10.0,3,0
T008551,11.72,10,1,0,0,14.3,0,0
T008552,77.23,3,0,0,0,16.2,3,0
T008553,23.14,7,0,0,0,21.2,1,0
T008554,56.19,0,0,0,1,25.9,1,0
T008555,29.74,3,0,0,0,22.8,1,0
T008556,7.34,13,1,0,0,40.6,0,0
T008557,48.18,21,0,0,0,3.5,5,0
T008558,114.09,20,0,1,1,16.7,5,0
T008559,8.58,12,0,0,0,9.6,3,0
T008560,126.1,8,1,0,0,5.3,3,0
T008561,16.17,18,1,0,0,9.9,4,0
T008562,8.66,16,1,0,0,5.6,4,0
T008563,6.57,12,1,1,0,2.9,3,0
T008564,55.65,4,1,0,0,44.4,1,0
T008565,52.23,15,1,0,0,36.5,5,0
T008566,116.75,9,0,0,0,3.1,6,0
T008567,12.3,20,1,0,0,9.4,5,0
T008568,32.48,2,0,0,0,8.7,2,0
T008569,11.94,4,0,0,0,44.1,1,0
T008570,38.83,13,1,0,0,13.9,4,0
T008571,114.39,0,1,0,0,7.6,2,0
T008572,88.07,2,0,0,1,8.1,1,0
T008573,16.09,9,1,0,0,32.5,0,0
T008574,40.17,3,1,0,0,3.1,2,0
T008575,39.19,5,1,0,0,15.2,5,0
T008576,11.75,15,1,0,0,8.2,4,0
T008577,81.94,7,0,1,0,8.0,2,0
T008578,61.1,18,0,0,0,16.0,3,0
T008579,6.31,18,1,0,1,12.5,1,0
T008580,78.52,0,1,0,0,20.5,2,0
T008581,40.67,13,1,0,0,29.6,2,0
T008582,31.85,16,0,0,0,34.5,1,0
T008583,63.37,15,0,0,0,24.0,3,0
T008584,102.25,1,0,0,1,11.6,2,0
T008585,37.71,12,0,0,0,64.7,2,0
T008586,21.38,10,0,0,1,14.8,2,0
T008587,35.53,14,0,0,0,22.8,3,0
T008588,38.91,13,1,0,0,22.9,3,0
T008589,46.78,6,0,0,0,23.5,2,0
T008590,59.92,7,1,0,0,31.6,5,0
T008591,8.12,12,1,0,1,28.3,2,0
T008592,36.13,11,0,0,1,66.1,0,0
T008593,46.91,3,0,0,0,16.1,2,0
T008594,22.79,11,0,1,1,11.0,2,1
T008595,4.37,19,1,0,0,25.1,3,0
T008596,12.41,15,1,0,1,6.5,2,0
T008597,27.06,4,1,0,0,28.7,2,0
T008598,22.33,14,0,0,0,12.2,0,0
T008599,36.93,15,0,0,0,7.5,0,0
T008600,77.96,9,0,0,0,10.2,1,0
T008601,196.54,9,1,0,1,31.7,3,0
T008602,44.1,22,1,0,1,2.2,2,0
T008603,25.67,20,1,0,0,20.2,5,0
T008604,25.06,1,1,0,1,2.9,1,0
T008605,24.41,18,1,1,1,13.9,2,0
T008606,12.81,13,0,0,1,22.7,1,0
T008607,23.14,1,1,0,0,3.7,1,0
T008608,12.72,20,0,1,0,14.8,4,0
T008609,141.97,3,0,0,0,14.8,3,0
T008610,37.71,5,0,0,0,0.2,3,0
T008611,18.07,18,0,0,0,42.7,0,0
T008612,70.38,14,1,0,1,8.7,1,0
T008613,54.28,7,0,0,0,0.7,2,0
T008614,32.3,12,0,0,0,23.1,2,0
T008615,50.99,1,1,0,0,5.6,3,0
T008616,66.83,6,1,0,0,2.7,6,0
T008617,334.54,22,0,0,0,19.0,4,0
T008618,40.28,2,0,0,0,12.7,2,0
T008619,36.84,3,1,0,0,21.8,3,0
T008620,183.16,8,0,0,1,4.2,3,0
T008621,14.51,19,0,0,0,7.0,1,0
T008622,10.58,22,0,0,1,16.2,4,0
T008623,15.62,2,0,0,0,27.7,3,0
T008624,3.76,11,0,1,0,14.0,1,0
T008625,14.9,13,0,0,0,10.5,1,0
T008626,96.92,8,0,1,0,12.6,1,0
T008627,4.32,6,0,0,0,8.0,1,0
T008628,70.72,4,1,0,1,2.1,1,0
T008629,23.19,16,0,0,0,35.4,2,0
T008630,68.82,0,1,0,0,10.3,3,0
T008631,61.99,7,0,0,0,11.0,4,0
T008632,13.29,11,0,0,0,19.5,1,0
T008633,14.67,5,1,0,0,29.2,2,0
T008634,20.08,15,1,0,0,0.5,0,0
T008635,146.58,17,1,0,0,44.7,5,0
T008636,217.68,3,0,0,0,20.0,6,0
T008637,111.93,15,1,1,1,1.6,0,0
T008638,30.8,4,1,0,1,17.7,0,0
T008639,13.11,13,1,0,0,28.5,0,0
T008640,356.5,17,1,0,1,3.0,4,0
T008641,84.0,21,0,0,0,9.9,3,0
T008642,17.58,0,0,0,0,18.8,2,0
T008643,60.04,18,0,0,0,61.2,2,0
T008644,130.09,19,1,0,0,11.7,2,0
T008645,42.63,14,0,0,0,13.2,0,0
T008646,13.85,10,1,0,0,3.0,3,0
T008647,58.26,23,1,0,0,10.8,2,0
T008648,167.84,19,1,0,0,28.1,6,0
T008649,24.25,17,0,0,1,14.6,0,0
T008650,70.72,4,1,0,0,7.0,3,0
T008651,9.08,14,0,0,0,22.6,3,0
T008652,90.84,0,1,0,0,39.7,4,0
T008653,56.04,13,0,0,1,17.3,5,0
T008654,114.57,19,1,1,0,6.3,3,0
T008655,31.49,18,0,0,0,11.9,2,0
T008656,33.86,2,1,0,0,3.2,4,0
T008657,26.37,18,0,0,0,79.2,3,0
T008658,12.52,4,1,0,0,30.9,2,0
T008659,136.51,11,1,0,1,8.3,1,0
T008660,2.16,13,1,0,1,28.4,4,0
T008661,92.69,6,0,0,0,28.9,2,0
T008662,156.68,0,0,0,0,4.8,0,0
T008663,67.78,23,0,0,1,14.9,2,0
T008664,44.8,9,0,0,1,29.5,3,0
T008665,29.43,14,1,0,0,1.5,3,0
T008666,103.28,9,0,0,0,4.2,1,0
T008667,52.21,14,0,0,0,17.2,4,0
T008668,20.41,18,0,0,0,7.6,2,0
T008669,43.23,12,1,0,1,38.5,3,0
T008670,342.34,16,1,0,0,19.1,2,0
T008671,104.55,1,0,0,0,3.2,1,0
T008672,34.9,20,1,0,1,45.1,0,0
T008673,12.88,6,1,0,0,1.8,0,0
T008674,39.73,20,0,1,0,8.3,6,0
T008675,23.31,14,0,0,0,18.0,1,0
T008676,16.38,18,1,0,0,3.2,2,0
T008677,101.03,12,1,0,0,10.8,2,0
T008678,29.47,15,0,0,0,35.2,2,0
T008679,16.26,10,0,0,0,32.3,1,0
T008680,17.45,18,0,0,0,15.2,3,0
T008681,29.35,6,0,0,1,98.4,1,0
T008682,7.37,23,1,0,0,21.0,2,0
T008683,10.95,20,0,0,0,1.5,1,0
T008684,146.14,21,0,0,1,41.7,2,0
T008685,60.91,16,0,0,0,63.4,0,0
T008686,49.54,2,0,0,0,2.1,4,0
T008687,13.88,5,1,0,1,4.1,1,0
T008688,176.62,10,1,0,0,3.5,3,0
T008689,19.51,7,0,0,0,2.5,1,0
T008690,204.94,16,0,0,0,22.0,5,0
T008691,16.94,3,0,0,0,5.7,4,0
T008692,183.55,5,1,0,1,1.2,0,1
T008693,51.35,4,1,0,0,3.3,1,0
T008694,12.11,3,1,0,0,2.7,2,0
T008695,18.97,20,1,0,0,7.0,3,0
T008696,36.48,23,1,0,0,40.6,3,0
T008697,55.91,3,1,1,0,53.3,2,0
T008698,24.61,7,0,0,0,19.1,3,0
T008699,53.39,0,1,1,0,20.7,2,0
T008700,80.34,18,1,0,0,1.8,2,0
T008701,30.24,6,1,0,0,6.0,4,0
T008702,69.0,9,0,0,0,16.3,0,0
T008703,19.71,21,0,0,0,10.1,1,0
T008704,64.86,20,1,0,0,2.1,4,0
T008705,3.61,4,1,0,0,4.5,1,0
T008706,32.94,3,1,0,0,10.1,1,0
T008707,89.1,6,0,1,0,5.3,1,0
T008708,125.33,5,0,0,0,9.1,5,0
T008709,95.2,10,1,0,0,9.2,1,0
T008710,95.81,10,1,0,0,0.8,2,0
T008711,53.71,8,1,0,0,9.9,4,0
T008712,255.13,16,0,0,1,6.2,2,0
T008713,40.23,4,0,0,0,23.0,3,0
T008714,159.51,15,0,0,0,17.2,0,0
T008715,54.59,18,1,0,0,3.6,2,0
T008716,24.06,13,0,0,0,4.0,2,0
T008717,2.64,8,0,0,1,0.5,4,0
T008718,55.62,6,1,1,0,32.6,3,0
T008719,21.36,16,0,0,0,9.8,1,0
T008720,17.46,21,0,0,0,32.3,5,0
T008721,87.51,21,0,0,0,36.8,2,0
T008722,6.97,12,1,0,0,4.3,2,1
T008723,20.45,21,1,0,1,14.0,0,0
T008724,19.82,12,0,0,0,5.1,2,0
T008725,11.11,19,1,0,1,4.7,4,0
T008726,53.85,14,0,1,0,53.5,1,0
T008727,159.08,16,1,0,0,31.2,5,0
T008728,303.21,1,1,0,0,10.2,4,1
T008729,151.36,12,1,0,0,14.0,4,0
T008730,24.66,17,0,0,0,7.2,1,0
T008731,8.82,14,0,0,0,44.7,1,0
T008732,46.48,23,0,1,0,13.0,0,0
T008733,12.92,18,0,0,0,1.2,0,0
T008734,90.73,19,0,0,0,19.2,4,0
T008735,68.63,6,1,0,0,30.5,2,0
T008736,130.35,23,1,0,0,78.1,2,0
T008737,10.33,17,1,0,0,30.9,1,0
T008738,112.27,18,0,0,0,16.2,1,0
T008739,159.98,2,1,0,0,41.6,4,0
T008740,45.03,16,0,0,0,13.0,1,0
T008741,59.47,7,1,0,0,39.2,2,0
T008742,102.75,16,1,0,0,6.1,3,0
T008743,42.81,2,0,0,0,10.7,3,0
T008744,40.98,0,1,0,0,32.7,4,0
T008745,36.65,4,0,1,1,9.8,0,0
T008746,11.06,3,1,0,0,23.0,3,0
T008747,84.69,2,1,0,0,13.1,1,0
T008748,107.95,21,0,0,0,74.5,3,0
T008749,74.08,22,0,0,0,2.9,3,0
T008750,64.4,18,0,0,0,63.8,1,0
T008751,38.77,10,0,0,0,29.0,3,0
T008752,33.46,18,1,0,0,19.5,2,0
T008753,22.63,16,0,0,0,0.2,4,0
T008754,60.09,13,1,0,0,15.9,0,0
T008755,20.27,13,0,0,0,38.9,2,0
T008756,21.83,12,1,0,0,6.8,1,0
T008757,20.76,1,0,0,0,4.3,1,0
T008758,11.32,22,0,0,0,3.9,2,0
T008759,10.41,0,1,0,0,15.1,1,0
T008760,83.28,5,1,0,0,1.5,2,0
T008761,5.05,17,1,0,1,5.0,0,0
T008762,150.92,23,1,0,0,6.9,0,0
T008763,68.69,22,0,0,0,27.0,1,0
T008764,32.88,13,0,0,0,20.1,5,0
T008765,33.03,22,1,0,0,7.7,1,0
T008766,21.12,20,0,0,0,4.2,1,0
T008767,172.97,23,1,0,0,22.3,3,0
T008768,26.42,8,0,1,0,7.0,2,0
T008769,39.08,2,0,0,0,6.0,2,0
T008770,16.03,13,0,0,0,71.4,2,0
T008771,55.97,8,1,0,0,21.4,3,0
T008772,32.9,12,0,0,0,46.3,1,0
T008773,22.69,7,0,0,0,2.0,0,0
T008774,105.81,19,0,0,0,4.3,0,0
T008775,8.62,16,0,0,0,21.2,5,0
T008776,244.73,15,1,0,0,7.7,1,0
T008777,100.96,12,0,0,0,23.0,3,0
T008778,11.21,12,0,0,0,11.9,0,0
T008779,62.04,19,1,0,0,2.0,3,0
T008780,82.04,13,1,0,0,14.9,1,0
T008781,328.88,19,0,0,0,26.1,3,0
T008782,47.56,16,0,0,0,9.0,3,0
T008783,14.2,15,1,0,0,16.9,3,0
T008784,51.87,22,0,1,0,1.8,1,0
T008785,9.59,20,0,0,0,48.1,4,0
T008786,31.41,19,1,0,0,2.3,4,0
T008787,122.23,23,0,0,0,10.0,2,0
T008788,14.77,12,1,0,0,29.5,4,0
T008789,475.56,1,0,0,0,72.2,4,1
T008790,30.98,1,0,0,1,29.7,4,0
T008791,100.38,6,0,0,0,23.4,1,0
T008792,4.14,11,1,1,0,19.6,6,0
T008793,112.58,0,0,0,1,42.1,2,0
T008794,56.61,23,0,0,0,32.1,1,0
T008795,16.9,1,0,0,0,9.2,2,0
T008796,12.64,11,0,0,0,15.1,1,0
T008797,155.87,8,0,0,0,4.0,3,0
T008798,25.28,21,1,0,0,4.7,2,0
T008799,43.5,14,1,1,0,20.9,0,0
T008800,18.93,4,1,0,0,24.3,3,0
T008801,67.34,14,1,0,0,17.0,2,0
T008802,349.03,6,0,0,1,8.6,2,0
T008803,157.17,21,1,0,0,2.9,3,0
T008804,9.02,7,0,0,0,7.9,3,0
T008805,391.97,9,0,0,0,7.9,1,0
T008806,169.11,21,0,0,0,12.0,1,0
T008807,25.51,23,0,0,0,17.2,1,0
T008808,81.75,2,0,1,0,15.6,2,0
T008809,40.14,22,1,0,0,8.0,1,0
T008810,34.24,8,0,1,0,78.0,2,0
T008811,27.08,17,0,0,0,6.2,3,0
T008812,5.93,8,0,0,0,10.5,5,0
T008813,134.51,22,1,0,0,94.6,2,0
T008814,43.3,20,0,0,0,34.0,2,0
T008815,107.31,21,1,0,0,12.1,2,0
T008816,5.11,20,1,0,0,19.9,2,0
T008817,71.06,19,0,0,0,33.8,1,0
T008818,135.24,8,0,0,0,13.9,3,0
T008819,81.93,13,0,0,0,37.4,4,0
T008820,40.44,22,1,0,0,25.9,1,0
T008821,111.47,4,0,0,0,4.9,2,0
T008822,28.13,18,0,0,0,14.9,3,0
T008823,14.85,13,1,0,0,1.5,0,0
T008824,31.58,19,0,1,0,33.7,5,0
T008825,15.62,8,0,0,0,13.5,3,0
T008826,11.21,19,1,0,0,19.2,4,0
T008827,11.37,6,0,0,0,9.4,1,0
T008828,13.48,1,1,0,0,14.6,1,0
T008829,63.12,22,0,1,0,48.9,2,0
T008830,41.25,21,0,0,1,8.8,2,0
T008831,21.61,20,1,0,0,11.2,3,0
T008832,228.02,13,1,0,0,16.5,5,1
T008833,10.44,6,0,0,0,33.9,5,0
T008834,133.88,13,0,1,1,34.0,5,0
T008835,30.26,17,0,0,0,34.7,1,0
T008836,32.94,13,1,0,0,71.9,3,0
T008837,96.75,23,1,1,0,8.2,3,0
T008838,36.85,10,0,0,0,33.3,4,0
T008839,53.26,22,1,0,0,39.9,5,0
T008840,53.16,3,0,0,0,82.6,1,0
T008841,73.66,0,0,0,0,31.5,0,0
T008842,124.57,6,1,1,0,22.1,2,0
T008843,37.92,17,0,0,0,8.9,1,0
T008844,55.91,7,0,0,0,4.9,2,0
T008845,74.01,19,1,0,1,35.5,0,0
T008846,20.11,15,0,0,0,30.0,2,0
T008847,80.09,13,0,0,0,25.7,1,0
T008848,47.62,19,0,0,1,17.2,3,0
T008849,65.89,5,1,0,0,27.5,1,0
T008850,49.81,15,0,0,1,21.2,0,0
T008851,175.38,9,0,1,0,62.4,5,0
T008852,17.22,2,1,0,0,18.3,3,0
T008853,55.76,20,1,0,1,37.5,0,0
T008854,89.88,5,1,0,0,1.0,1,0
T008855,21.59,1,0,0,0,45.2,5,0
T008856,100.52,3,0,0,0,32.0,3,0
T008857,19.97,9,1,0,0,38.2,3,0
T008858,29.34,21,1,0,0,32.4,1,0
T008859,11.63,8,0,0,1,1.6,3,0
T008860,154.88,0,0,0,0,25.4,4,0
T008861,21.91,13,1,0,1,15.4,0,0
T008862,12.93,23,0,0,0,9.9,1,0
T008863,120.17,19,1,0,1,6.6,1,0
T008864,139.38,9,1,0,0,43.6,2,0
T008865,64.34,19,1,0,0,1.4,1,0
T008866,188.63,7,0,0,0,16.2,1,0
T008867,5.28,2,1,0,0,27.7,1,0
T008868,18.8,10,0,0,1,6.2,5,0
T008869,65.74,11,0,0,0,86.5,2,0
T008870,62.4,11,0,0,0,6.5,3,0
T008871,125.38,17,1,0,0,34.1,4,0
T008872,17.39,22,0,0,1,20.9,3,0
T008873,41.07,9,0,1,1,34.8,6,0
T008874,129.8,18,0,0,0,4.3,4,0
T008875,37.92,17,0,0,0,16.1,1,0
T008876,3.82,12,1,0,0,3.0,2,0
T008877,21.38,0,0,0,1,15.2,3,0
T008878,42.52,20,0,0,0,12.3,2,0
T008879,50.48,3,0,0,0,46.6,1,0
T008880,15.68,21,0,1,0,22.4,2,0
T008881,8.47,15,0,0,0,6.3,6,0
T008882,57.29,17,1,0,0,28.4,3,0
T008883,54.69,19,0,0,0,17.1,3,0
T008884,17.55,13,1,0,0,7.2,4,0
T008885,115.36,18,0,0,0,4.4,5,0
T008886,32.04,9,1,0,1,13.0,2,0
T008887,49.9,7,0,0,0,47.8,1,0
T008888,59.73,1,0,0,1,19.1,2,0
T008889,23.0,3,0,0,0,60.9,2,0
T008890,41.06,9,0,0,0,29.2,6,0
T008891,21.73,3,0,0,0,4.1,3,0
T008892,25.29,0,0,0,0,10.5,2,0
T008893,37.92,21,0,0,0,5.0,1,0
T008894,40.11,23,1,0,0,6.6,1,0
T008895,7.93,0,1,1,1,10.2,2,0
T008896,35.18,20,0,0,0,25.9,4,0
T008897,12.85,19,1,0,0,7.4,0,0
T008898,99.17,10,1,0,0,11.1,1,0
T008899,10.73,12,1,0,0,8.1,0,0
T008900,45.36,7,1,0,1,31.5,0,0
T008901,19.38,3,0,1,0,3.0,3,0
T008902,6.38,13,0,0,1,7.0,2,1
T008903,16.2,5,0,0,0,53.2,1,0
T008904,88.03,14,0,0,0,2.7,2,0
T008905,7.07,17,0,0,0,4.0,1,0
T008906,12.96,5,1,0,0,0.0,2,0
T008907,11.7,8,0,0,0,36.1,1,0
T008908,7.29,2,0,0,0,50.3,2,0
T008909,37.54,22,1,0,0,5.2,4,0
T008910,91.5,8,0,0,0,13.2,1,0
T008911,56.08,10,0,0,0,21.0,5,0
T008912,236.96,14,1,0,1,23.3,1,0
T008913,99.76,12,1,0,0,20.0,4,0
T008914,22.45,12,0,0,0,43.7,5,0
T008915,14.97,15,1,0,0,3.0,1,0
T008916,67.25,10,1,0,0,41.7,3,0
T008917,56.7,15,0,0,0,16.4,3,0
T008918,23.86,0,0,1,0,9.0,3,0
T008919,10.82,13,0,0,0,17.0,4,0
T008920,62.42,16,1,0,0,26.3,3,0
T008921,19.66,12,1,0,0,16.6,3,0
T008922,21.29,13,1,0,0,28.7,2,0
T008923,26.92,23,1,0,0,21.4,0,0
T008924,8.15,14,0,0,0,12.3,3,0
T008925,22.43,22,0,0,0,4.0,1,0
T008926,12.16,9,0,0,0,26.1,2,0
T008927,14.85,7,1,0,0,3.4,2,0
T008928,49.14,5,0,0,0,2.8,1,0
T008929,12.46,1,1,0,0,1.0,1,0
T008930,25.8,0,0,0,0,7.4,4,0
T008931,35.42,6,0,0,0,15.1,1,0
T008932,11.52,4,0,0,0,1.6,0,0
T008933,78.57,16,1,0,0,47.1,4,0
T008934,17.43,6,1,0,0,9.3,2,0
T008935,58.32,17,0,0,0,23.4,1,0
T008936,13.46,5,1,0,0,59.6,3,0
T008937,51.16,23,1,1,1,4.5,4,0
T008938,9.86,18,0,0,0,3.3,0,0
T008939,17.73,17,0,0,0,25.3,3,0
T008940,22.6,14,0,0,1,18.7,1,0
T008941,11.33,10,0,0,0,31.6,3,0
T008942,10.36,0,1,0,0,26.0,1,0
T008943,171.7,16,0,0,0,12.0,2,0
T008944,27.4,1,1,0,1,5.1,2,0
T008945,29.98,8,0,0,1,0.5,2,0
T008946,85.7,8,0,0,0,10.9,3,0
T008947,38.76,4,0,1,0,7.4,1,0
T008948,90.56,15,1,0,1,40.7,2,0
T008949,22.06,15,1,0,0,4.4,1,0
T008950,61.23,8,0,0,0,26.0,1,0
T008951,41.38,22,1,0,0,29.3,1,0
T008952,45.59,12,1,0,1,22.8,1,0
T008953,24.9,21,0,0,0,20.5,3,0
T008954,38.76,7,1,0,0,12.3,0,0
T008955,37.97,4,1,0,1,1.2,0,0
T008956,36.49,20,1,0,0,8.6,1,0
T008957,407.44,7,1,0,0,3.6,2,0
T008958,190.28,19,1,0,0,26.2,2,0
T008959,16.91,6,0,0,0,39.9,2,0
T008960,40.17,15,0,0,0,21.9,5,0
T008961,83.96,19,0,0,0,13.2,2,0
T008962,10.17,9,1,1,0,9.5,3,0
T008963,43.38,1,1,0,0,2.3,4,0
T008964,23.06,13,0,0,0,5.5,2,0
T008965,53.08,14,0,0,1,20.3,4,0
T008966,35.5,22,0,0,0,1.6,0,0
T008967,35.46,23,0,0,1,23.1,2,0
T008968,2.12,14,0,0,0,32.2,3,0
T008969,55.66,14,0,0,0,3.8,4,0
T008970,68.17,3,1,1,1,5.7,3,1
T008971,32.41,7,0,0,0,8.6,4,0
T008972,3.2,4,1,0,0,1.4,2,0
T008973,52.75,21,1,0,0,6.0,0,0
T008974,18.21,6,0,0,0,4.3,0,0
T008975,6.32,16,1,0,0,24.4,2,0
T008976,18.66,5,1,0,0,4.9,1,0
T008977,232.24,23,0,0,1,1.8,4,0
T008978,7.52,6,1,0,0,32.0,4,0
T008979,122.31,3,0,0,0,1.0,7,0
T008980,21.35,7,1,0,0,23.5,2,0
T008981,32.9,0,0,0,0,9.9,1,0
T008982,83.42,6,0,0,0,37.2,4,0
T008983,8.14,4,0,0,0,9.0,0,0
T008984,159.64,7,0,0,0,45.6,3,0
T008985,387.36,1,1,0,0,81.6,2,0
T008986,40.36,16,1,0,0,45.4,4,0
T008987,20.97,18,1,1,0,18.3,1,0
T008988,16.36,11,1,0,0,37.4,4,0
T008989,90.74,10,1,0,0,6.2,1,0
T008990,14.21,21,1,0,1,26.9,2,0
T008991,51.34,8,0,0,0,7.5,1,0
T008992,44.93,3,1,0,0,7.9,2,0
T008993,56.17,8,0,1,1,68.2,2,0
T008994,152.93,18,0,0,0,48.2,5,0
T008995,11.79,1,0,0,1,8.2,3,0
T008996,78.45,21,0,1,0,13.4,4,0
T008997,60.08,19,0,1,1,5.5,3,0
T008998,8.5,14,0,0,0,3.2,3,0
T008999,339.87,8,1,0,0,31.5,3,0
T009000,191.97,20,0,0,0,20.6,2,0
T009001,55.64,4,0,0,0,0.2,3,0
T009002,86.19,14,0,0,1,5.0,7,0
T009003,37.19,0,0,0,1,77.7,2,0
T009004,40.7,22,0,0,0,5.7,1,0
T009005,33.92,21,0,0,0,50.3,4,0
T009006,74.61,6,0,0,1,9.4,2,0
T009007,12.36,6,0,1,0,4.2,1,0
T009008,170.6,20,1,0,0,98.3,0,0
T009009,74.01,3,0,0,0,47.1,3,0
T009010,81.69,12,0,0,0,5.8,5,0
T009011,45.41,1,1,1,1,68.2,2,0
T009012,11.47,22,1,0,0,8.2,1,0
T009013,26.69,4,0,0,1,14.0,4,0
T009014,217.77,22,0,0,0,14.0,0,0
T009015,28.4,4,0,0,0,15.4,1,0
T009016,38.9,21,0,0,0,34.4,2,0
T009017,2.43,12,0,0,0,25.6,5,0
T009018,15.7,21,1,0,0,7.6,1,0
T009019,149.45,20,1,0,0,8.7,1,0
T009020,98.0,21,0,0,0,26.6,1,0
T009021,205.36,22,0,0,0,10.9,1,0
T009022,10.14,17,0,0,0,20.6,3,0
T009023,69.69,16,0,0,0,8.8,3,0
T009024,146.96,20,0,0,0,36.3,2,0
T009025,53.6,20,1,0,0,9.8,2,0
T009026,149.27,14,0,0,0,0.6,1,0
T009027,25.74,12,1,0,0,7.6,0,0
T009028,121.71,5,0,0,1,18.4,1,0
T009029,41.48,11,1,0,1,7.2,2,0
T009030,82.44,23,0,0,0,10.2,3,0
T009031,19.91,1,1,0,0,18.1,1,0
T009032,40.12,2,0,0,0,6.7,1,0
T009033,26.37,18,0,0,0,0.2,1,0
T009034,13.61,20,0,0,0,21.4,2,0
T009035,9.66,21,1,0,0,75.7,4,0
T009036,66.9,1,1,0,0,22.6,2,0
T009037,66.71,16,0,0,0,53.3,1,0
T009038,24.79,21,1,0,0,10.5,4,0
T009039,40.0,16,1,0,1,6.1,3,0
T009040,85.49,1,1,0,1,29.1,2,0
T009041,42.61,18,0,0,0,1.4,4,0
T009042,49.32,21,0,0,0,22.2,1,0
T009043,54.61,1,1,0,0,67.9,3,0
T009044,34.89,21,1,0,0,5.4,4,0
T009045,4.93,20,1,0,0,17.1,5,0
T009046,65.73,17,0,0,0,22.8,1,0
T009047,177.21,9,1,0,0,5.0,3,0
T009048,37.01,5,0,0,1,42.6,0,0
T009049,22.05,5,0,0,0,22.3,0,0
T009050,55.65,2,0,0,0,0.5,1,0
T009051,95.87,20,0,0,0,14.8,1,0
T009052,53.5,21,0,0,0,0.4,3,0
T009053,38.4,15,0,0,1,15.8,3,0
T009054,67.4,12,1,0,1,31.6,1,0
T009055,8.94,6,0,0,1,18.1,3,0
T009056,87.94,18,0,0,0,62.7,2,0
T009057,18.12,1,0,0,0,9.0,4,0
T009058,60.7,11,1,0,1,14.3,5,0
T009059,50.21,7,1,0,0,36.2,1,0
T009060,154.34,0,0,0,0,22.7,1,0
T009061,21.18,17,0,0,1,19.8,2,0
T009062,71.12,18,0,0,1,13.0,0,0
T009063,70.94,17,0,0,0,14.6,2,0
T009064,28.51,1,0,0,0,34.0,1,0
T009065,5.01,11,1,0,0,1.7,3,0
T009066,64.92,23,0,0,0,7.9,2,0
T009067,114.34,22,1,0,1,4.1,3,0
T009068,180.45,20,1,0,0,7.9,4,0
T009069,15.76,18,0,0,0,72.8,2,0
T009070,50.28,11,0,0,0,0.5,3,0
T009071,14.88,3,0,0,1,29.3,1,1
T009072,5.83,3,1,0,0,39.8,4,0
T009073,81.44,3,0,0,0,1.6,3,0
T009074,19.22,16,1,0,0,20.5,1,0
T009075,74.7,22,0,0,0,25.3,2,0
T009076,74.61,7,1,0,0,11.2,6,0
T009077,59.82,14,1,0,0,20.2,0,0
T009078,10.98,19,0,0,0,35.4,3,0
T009079,59.17,3,0,1,0,24.2,2,0
T009080,12.8,13,0,0,0,15.8,3,0
T009081,33.14,12,0,0,1,13.1,3,0
T009082,12.23,13,1,0,0,16.8,4,0
T009083,14.09,22,0,0,0,19.7,2,0
T009084,59.14,8,1,0,0,3.3,1,0
T009085,5.72,0,1,0,0,7.2,3,0
T009086,89.67,16,0,0,0,1.1,1,0
T009087,35.62,5,0,0,0,13.4,4,0
T009088,61.78,21,0,0,0,10.1,2,0
T009089,36.8,1,1,0,1,0.2,2,0
T009090,77.6,5,0,0,0,1.6,3,0
T009091,45.25,22,1,0,0,5.8,1,0
T009092,60.92,3,0,0,0,1.3,1,0
T009093,15.7,17,0,0,0,135.4,0,0
T009094,13.29,10,0,0,0,14.0,3,0
T009095,70.64,14,0,0,1,11.0,5,0
T009096,27.35,7,1,0,1,7.5,3,0
T009097,22.84,9,0,0,0,21.8,6,0
T009098,75.51,2,0,0,0,45.9,1,0
T009099,108.04,3,0,0,0,17.6,0,0
T009100,21.42,5,0,0,0,18.6,5,0
T009101,17.39,6,1,0,1,17.3,5,0
T009102,33.5,4,1,0,0,11.3,1,0
T009103,30.6,23,0,0,1,14.9,4,0
T009104,85.86,21,1,0,0,6.0,2,0
T009105,45.87,0,0,0,0,30.3,3,0
T009106,3.61,22,1,0,0,6.9,2,0
T009107,17.73,1,1,0,0,15.7,3,0
T009108,218.54,16,1,0,0,18.3,3,0
T009109,60.61,2,0,0,0,55.3,2,0
T009110,99.08,11,1,0,0,17.4,0,0
T009111,186.36,6,0,1,0,22.1,2,0
T009112,32.75,14,0,0,0,18.7,4,0
T009113,24.75,19,0,0,0,27.7,3,0
T009114,16.83,8,1,0,0,56.0,0,0
T009115,15.52,2,0,0,0,47.9,1,0
T009116,13.71,0,1,1,0,13.5,5,0
T009117,16.18,6,0,0,0,28.3,2,0
T009118,21.35,9,0,0,0,25.0,4,0
T009119,19.51,10,0,0,0,7.5,2,0
T009120,51.93,20,0,1,0,19.6,3,0
T009121,174.53,5,1,0,0,15.3,2,0
T009122,58.53,22,0,0,0,15.5,3,0
T009123,50.95,1,1,0,0,11.9,5,0
T009124,97.41,16,1,0,1,7.6,3,0
T009125,4.35,12,0,0,0,6.7,2,0
T009126,6.03,11,1,0,0,43.0,1,0
T009127,108.06,23,0,0,0,7.7,3,0
T009128,16.0,11,1,0,0,3.0,3,0
T009129,185.06,18,0,0,0,18.7,3,0
T009130,17.0,9,0,0,1,10.0,3,0
T009131,59.95,11,1,1,0,17.8,3,0
T009132,91.29,17,0,0,0,6.0,2,0
T009133,36.63,9,0,0,1,30.3,3,0
T009134,5.68,19,1,0,0,18.3,2,0
T009135,1.34,18,1,1,0,1.1,0,0
T009136,68.87,4,0,0,0,12.0,5,0
T009137,20.39,22,1,0,0,36.6,3,0
T009138,11.15,8,0,1,1,12.5,1,0
T009139,12.21,13,1,0,1,12.6,2,0
T009140,16.0,15,1,0,1,16.0,3,0
T009141,13.49,15,0,0,0,10.4,3,0
T009142,90.12,2,0,1,0,29.2,2,0
T009143,24.49,13,0,0,0,12.2,2,0
T009144,61.16,22,1,0,0,5.3,3,0
T009145,96.85,1,0,0,1,13.3,6,0
T009146,74.04,11,0,0,1,1.8,1,0
T009147,2.45,21,0,0,0,10.9,3,0
T009148,22.33,19,0,0,0,23.0,3,0
T009149,3.43,18,0,0,1,8.5,2,0
T009150,93.89,18,1,0,0,0.3,1,0
T009151,12.43,10,1,0,0,5.1,2,0
T009152,43.1,6,1,0,0,16.9,1,0
T009153,14.66,13,1,0,0,35.7,3,0
T009154,60.83,16,1,0,0,7.2,3,0
T009155,17.05,10,1,0,0,21.3,1,0
T009156,136.17,23,1,0,0,9.5,2,0
T009157,66.56,3,0,0,0,26.7,3,0
T009158,28.91,19,0,0,0,8.7,1,0
T009159,9.35,10,1,0,0,8.8,0,0
T009160,27.96,16,0,0,0,6.1,2,0
T009161,23.68,6,0,0,1,27.8,2,0
T009162,46.18,6,0,0,1,15.3,1,0
T009163,251.45,18,1,0,1,22.0,0,0
T009164,99.66,18,1,0,0,13.4,2,0
T009165,127.48,9,0,0,0,19.5,4,0
T009166,6.73,13,1,0,0,15.1,0,0
T009167,91.59,15,1,0,0,10.4,1,0
T009168,72.49,21,1,0,0,6.2,1,0
T009169,128.11,0,0,0,0,12.9,5,0
T009170,74.74,20,0,0,0,39.0,2,0
T009171,28.94,4,0,0,0,27.2,3,0
T009172,28.81,15,0,0,0,35.3,2,0
T009173,28.01,19,1,0,0,11.4,0,0
T009174,64.29,23,1,0,1,6.1,1,0
T009175,32.16,9,1,0,0,13.1,3,0
T009176,234.24,23,1,0,1,90.1,3,0
T009177,20.28,0,1,0,0,56.6,3,0
T009178,31.12,9,1,0,0,13.3,3,0
T009179,20.04,11,0,0,0,34.8,3,0
T009180,80.69,7,0,0,1,8.0,2,0
T009181,52.16,0,0,0,0,3.4,6,0
T009182,380.4,20,1,0,0,18.3,3,0
T009183,154.17,20,0,0,0,14.8,0,0
T009184,76.12,1,1,1,0,22.6,2,0
T009185,86.52,14,1,0,0,41.9,2,0
T009186,30.78,14,1,0,1,16.7,6,0
T009187,71.21,18,0,0,0,66.8,2,0
T009188,38.91,3,1,0,0,17.2,3,0
T009189,36.4,12,0,0,1,3.8,3,0
T009190,19.03,2,1,0,0,14.4,3,0
T009191,41.18,11,0,0,0,30.7,1,0
T009192,5.26,8,0,0,0,5.6,3,0
T009193,18.39,16,1,0,0,36.4,1,0
T009194,41.34,21,1,0,0,6.2,2,0
T009195,104.07,14,1,0,0,11.1,6,0
T009196,19.18,23,1,0,1,64.3,5,0
T009197,37.88,12,0,0,0,53.7,2,0
T009198,20.46,1,1,0,0,17.5,1,0
T009199,12.25,18,0,0,0,99.3,2,0
T009200,24.8,8,0,1,0,3.8,3,0
T009201,89.2,9,0,0,0,51.6,0,0
T009202,17.86,18,1,0,1,4.8,2,0
T009203,33.14,21,0,0,0,16.3,1,0
T009204,35.56,23,0,0,0,29.8,8,0
T009205,19.67,16,0,0,1,11.1,2,0
T009206,135.83,4,1,0,0,0.6,5,0
T009207,14.95,21,0,0,0,5.0,3,0
T009208,29.66,7,0,0,1,55.9,2,0
T009209,8.65,5,1,0,0,6.0,2,0
T009210,15.51,19,0,0,0,5.2,4,0
T009211,53.91,18,1,0,0,5.3,1,0
T009212,68.18,19,0,0,0,11.1,1,0
T009213,23.92,9,1,0,0,2.6,3,0
T009214,32.94,8,0,0,0,0.0,3,0
T009215,160.97,12,0,0,0,8.0,4,0
T009216,5.49,10,1,0,0,40.4,2,0
T009217,13.23,16,0,0,0,3.3,2,0
T009218,42.86,4,1,0,0,17.1,4,0
T009219,50.45,18,0,0,0,0.9,4,0
T009220,46.36,11,0,0,0,4.4,0,0
T009221,109.05,12,1,1,0,25.6,2,0
T009222,68.26,4,1,0,0,9.9,1,0
T009223,42.75,22,0,0,0,10.1,1,0
T009224,11.07,2,0,0,0,8.1,5,0
T009225,25.35,17,1,0,0,22.4,3,0
T009226,41.65,15,0,0,1,26.6,2,0
T009227,17.68,15,1,0,0,27.9,1,0
T009228,7.28,21,1,0,0,9.5,6,0
T009229,8.13,13,1,0,0,69.6,2,0
T009230,8.76,3,1,0,1,6.8,2,0
T009231,32.66,14,1,1,0,80.3,1,0
T009232,77.03,17,1,0,0,20.5,1,0
T009233,37.02,17,0,0,0,16.5,4,0
T009234,22.37,20,1,0,1,20.4,1,0
T009235,53.13,21,1,0,0,2.0,5,0
T009236,42.45,18,1,0,0,1.9,4,0
T009237,24.86,14,0,1,1,11.8,3,0
T009238,7.75,23,0,0,0,2.7,2,0
T009239,7.06,8,0,0,0,15.7,5,0
T009240,37.75,18,1,0,0,15.1,2,0
T009241,19.05,12,1,0,0,70.2,0,0
T009242,16.64,4,0,0,0,10.8,3,0
T009243,40.71,1,0,0,0,15.1,4,0
T009244,57.61,1,1,0,0,12.0,2,0
T009245,5.9,14,1,0,0,23.2,2,0
T009246,5.25,20,1,0,0,24.5,0,0
T009247,5.34,16,0,0,0,13.4,2,0
T009248,36.78,9,0,0,0,7.0,7,0
T009249,19.14,6,0,0,1,14.1,1,0
T009250,12.79,12,1,0,0,14.7,0,0
T009251,43.52,0,0,0,0,14.3,3,0
T009252,3.39,6,0,0,0,48.5,2,0
T009253,61.06,6,0,0,0,51.4,3,0
T009254,76.12,22,1,0,0,7.7,2,0
T009255,8.89,17,0,0,1,13.5,2,0
T009256,122.31,20,0,0,0,10.7,3,0
T009257,37.18,16,1,0,1,32.2,3,0
T009258,16.72,18,1,0,0,20.0,2,0
T009259,12.91,1,0,0,0,11.2,4,0
T009260,28.38,9,0,0,0,46.1,3,0
T009261,47.67,8,1,0,1,20.0,1,0
T009262,58.26,23,0,0,0,2.9,2,0
T009263,15.15,8,1,0,0,8.3,2,0
T009264,86.09,1,0,0,0,28.2,3,0
T009265,91.34,0,0,0,0,11.6,2,0
T009266,21.61,10,1,0,0,13.2,0,0
T009267,3.42,5,0,0,0,7.4,2,0
T009268,29.44,20,0,0,0,6.2,5,0
T009269,33.74,17,0,0,1,12.5,2,0
T009270,346.46,17,0,0,0,1.3,0,0
T009271,32.3,1,0,0,0,24.3,6,0
T009272,44.7,1,0,0,0,14.8,2,0
T009273,105.67,20,0,0,1,11.6,0,0
T009274,164.34,3,0,0,1,18.2,1,0
T009275,26.07,18,0,0,0,16.9,4,0
T009276,77.15,2,1,0,0,24.8,1,0
T009277,4.07,20,0,0,1,10.8,0,0
T009278,50.26,20,1,1,0,25.2,2,0
T009279,53.71,13,0,0,1,46.1,4,0
T009280,20.35,15,0,0,0,30.6,2,0
T009281,7.41,16,1,1,0,8.1,3,0
T009282,12.74,3,1,0,0,6.0,3,0
T009283,82.64,12,0,0,0,5.2,4,0
T009284,32.18,16,1,0,0,7.7,1,0
T009285,156.84,15,0,0,0,3.1,2,0
T009286,22.94,13,1,0,0,1.6,2,0
T009287,41.04,2,0,0,0,8.0,2,0
T009288,54.52,6,0,0,0,45.3,7,0
T009289,36.53,1,0,0,0,17.4,1,0
T009290,37.51,14,0,0,0,49.8,4,0
T009291,24.09,11,1,0,1,9.5,2,0
T009292,17.95,16,0,0,1,11.4,2,0
T009293,16.88,14,1,0,0,3.0,0,0
T009294,16.33,13,0,0,0,9.6,3,0
T009295,70.76,9,0,0,0,12.0,1,0
T009296,29.76,8,1,0,0,22.0,0,0
T009297,90.73,10,0,0,0,10.1,2,0
T009298,79.69,0,0,0,0,31.1,1,0
T009299,8.13,22,1,0,0,20.9,2,0
T009300,13.33,14,1,0,1,7.3,2,0
T009301,23.24,16,0,0,0,14.7,1,0
T009302,43.61,19,1,0,0,32.0,3,0
T009303,38.55,9,0,0,0,13.5,2,0
T009304,9.65,4,0,0,0,3.9,3,0
T009305,37.39,17,1,0,0,28.4,4,0
T009306,11.74,23,1,0,0,16.4,2,0
T009307,20.58,8,1,0,0,11.5,3,0
T009308,6.62,21,0,0,0,6.7,2,0
T009309,43.61,6,0,0,1,9.8,1,0
T009310,19.42,22,0,0,0,39.1,1,0
T009311,9.79,15,0,0,0,48.6,2,0
T009312,47.58,14,1,0,0,23.9,4,0
T009313,58.04,7,1,0,0,0.4,2,0
T009314,124.34,21,0,0,0,49.4,0,0
T009315,56.38,20,1,0,0,55.7,2,0
T009316,94.63,20,0,0,1,16.9,1,0
T009317,21.13,12,1,0,0,35.6,1,0
T009318,185.21,19,1,0,1,27.7,5,0
T009319,2.49,20,0,0,0,52.4,2,0
T009320,28.4,3,0,0,0,4.3,1,0
T009321,63.33,12,1,0,0,10.0,3,0
T009322,55.1,13,0,0,1,8.1,2,0
T009323,74.99,9,1,0,1,12.3,2,0
T009324,29.75,18,1,0,0,98.9,1,0
T009325,132.52,4,0,0,0,0.6,4,0
T009326,10.06,5,0,0,0,15.9,4,0
T009327,43.49,21,0,0,0,20.7,1,0
T009328,46.4,6,1,0,1,6.8,2,0
T009329,152.82,23,1,0,0,24.8,0,0
T009330,32.16,3,1,0,0,91.8,2,1
T009331,11.31,3,0,0,0,22.7,3,0
T009332,13.19,14,0,0,0,23.8,0,0
T009333,47.24,9,0,1,0,8.7,0,0
T009334,25.73,4,0,0,0,40.0,1,0
T009335,35.53,9,1,0,1,4.9,3,0
T009336,25.05,20,0,0,1,8.5,3,0
T009337,26.42,14,0,0,0,15.5,4,0
T009338,16.09,0,1,0,0,13.8,1,0
T009339,14.45,8,0,0,1,3.5,5,0
T009340,37.03,6,1,0,0,16.7,3,0
T009341,21.39,20,1,0,0,6.6,3,0
T009342,13.04,18,0,0,1,20.2,6,0
T009343,43.85,11,0,0,0,0.4,3,0
T009344,24.56,12,1,0,0,14.4,1,0
T009345,152.33,21,1,1,0,0.2,2,0
T009346,32.89,14,1,0,0,25.6,1,0
T009347,38.81,18,1,0,0,7.3,3,0
T009348,81.55,17,0,0,0,19.9,4,0
T009349,53.86,15,1,0,0,0.1,0,0
T009350,48.72,4,1,1,0,0.2,3,1
T009351,29.63,4,0,0,0,28.3,2,0
T009352,40.65,8,0,1,0,17.5,3,0
T009353,18.88,7,0,0,0,4.3,1,0
T009354,276.88,14,1,0,0,43.7,2,0
T009355,32.77,15,0,0,0,1.3,2,0
T009356,16.08,7,0,0,0,4.2,1,0
T009357,98.51,21,0,1,0,43.5,3,0
T009358,40.59,19,0,0,1,7.9,4,0
T009359,56.95,16,1,0,0,17.4,2,0
T009360,119.6,3,1,0,0,49.3,4,0
T009361,20.05,20,1,0,0,5.9,2,0
T009362,47.14,5,1,0,1,6.9,3,0
T009363,19.22,7,1,0,1,20.1,4,0
T009364,78.7,18,1,0,0,13.7,3,0
T009365,36.63,20,1,0,0,0.4,1,0
T009366,37.57,14,1,0,0,2.0,3,0
T009367,10.52,1,0,0,1,53.3,3,0
T009368,60.96,4,0,0,1,12.2,4,0
T009369,30.19,17,1,0,0,10.6,1,0
T009370,69.01,8,1,0,0,18.3,2,0
T009371,61.68,23,0,0,0,12.5,3,0
T009372,18.14,20,1,0,0,12.0,2,0
T009373,480.36,9,0,0,0,11.4,1,0
T009374,60.98,3,1,1,0,28.9,3,0
T009375,19.55,7,1,0,0,15.6,0,0
T009376,47.69,5,1,0,0,2.9,2,0
T009377,85.95,3,0,0,0,2.9,4,0
T009378,36.14,17,0,0,0,13.9,4,0
T009379,52.76,3,0,0,0,1.6,2,0
T009380,44.18,23,0,0,0,14.7,3,0
T009381,2.66,7,1,0,0,17.1,1,0
T009382,12.19,7,1,0,0,1.0,4,0
T009383,20.63,6,0,0,0,45.0,2,0
T009384,377.6,10,1,0,0,14.1,1,0
T009385,13.77,20,0,0,0,0.6,1,0
T009386,56.53,15,0,0,0,17.8,2,0
T009387,17.68,17,0,1,0,24.2,4,0
T009388,50.39,3,0,0,0,9.1,1,0
T009389,220.72,19,0,0,0,7.3,0,0
T009390,16.71,10,0,0,0,12.4,0,0
T009391,89.23,19,0,0,0,23.0,2,0
T009392,46.4,7,0,0,0,21.6,2,0
T009393,1021.89,13,0,0,0,17.9,1,0
T009394,87.41,2,0,0,0,20.6,1,0
T009395,195.58,2,1,0,0,12.0,4,0
T009396,39.47,16,1,0,0,16.6,4,0
T009397,44.79,17,1,0,1,11.1,2,0
T009398,9.51,7,1,0,0,23.3,2,0
T009399,130.12,15,1,1,0,33.4,1,0
T009400,40.25,20,1,0,0,9.9,4,0
T009401,32.65,4,0,0,0,3.9,2,0
T009402,53.95,11,0,0,1,3.5,3,0
T009403,66.96,21,0,0,1,25.6,3,0
T009404,28.47,17,1,0,0,19.4,3,0
T009405,14.09,5,0,0,0,8.6,2,0
T009406,21.81,13,1,0,0,24.4,5,0
T009407,36.99,6,0,0,0,6.3,1,0
T009408,4.44,19,0,1,0,11.1,3,0
T009409,304.14,15,1,0,0,2.3,2,0
T009410,189.66,2,1,0,0,15.9,4,0
T009411,6.43,4,0,0,0,17.2,3,0
T009412,37.58,4,1,0,0,23.8,4,0
T009413,29.35,2,1,0,0,21.8,1,0
T009414,25.28,15,0,0,0,12.5,3,0
T009415,104.17,23,0,0,0,3.1,1,0
T009416,52.38,3,1,0,0,2.1,4,0
T009417,72.98,23,0,0,0,10.4,4,0
T009418,12.33,13,0,0,0,23.1,2,0
T009419,11.06,0,1,0,0,4.5,3,0
T009420,64.03,9,0,0,0,2.4,3,0
T009421,45.09,6,0,0,0,18.7,2,0
T009422,109.1,11,0,0,0,30.1,5,0
T009423,64.41,9,1,0,0,3.3,2,0
T009424,76.69,22,1,0,1,17.8,3,0
T009425,15.92,6,1,0,0,15.5,5,0
T009426,118.18,15,1,0,0,21.1,1,0
T009427,24.17,10,1,0,0,14.9,2,0
T009428,108.25,3,0,0,0,4.6,1,0
T009429,65.85,19,0,0,1,86.1,0,0
T009430,52.16,22,1,0,0,30.5,3,0
T009431,52.39,5,1,0,0,12.0,3,0
T009432,213.19,14,1,0,0,22.9,1,0
T009433,184.35,13,0,1,0,40.6,3,0
T009434,125.03,19,0,0,1,1.7,3,0
T009435,15.27,8,1,0,0,3.4,2,0
T009436,64.34,14,1,0,0,28.1,2,0
T009437,19.19,8,1,0,0,23.6,4,0
T009438,2.79,17,1,0,0,4.1,2,0
T009439,7.36,1,0,0,0,16.4,4,0
T009440,125.95,8,0,0,0,17.2,2,0
T009441,27.58,18,0,0,1,16.0,1,0
T009442,59.45,7,1,0,1,18.5,1,0
T009443,14.01,23,1,0,1,11.5,1,0
T009444,46.13,8,0,1,0,46.5,1,1
T009445,23.29,1,0,0,0,1.5,4,0
T009446,14.27,22,1,0,1,12.2,5,0
T009447,29.92,15,0,0,0,6.9,3,0
T009448,20.13,19,1,1,1,4.3,1,0
T009449,42.19,15,0,0,0,5.9,2,0
T009450,53.36,9,0,0,0,0.9,1,0
T009451,16.26,4,0,0,0,2.7,3,0
T009452,110.58,20,0,0,1,7.0,0,0
T009453,18.0,17,0,0,1,1.2,4,0
T009454,38.55,18,1,0,0,10.9,2,0
T009455,16.98,21,1,0,0,17.6,4,0
T009456,29.95,6,0,0,0,5.1,5,0
T009457,113.27,7,1,0,1,35.0,1,0
T009458,117.03,2,0,0,0,7.8,1,0
T009459,136.79,6,1,0,1,24.9,1,0
T009460,119.79,18,1,0,0,82.6,2,0
T009461,45.75,13,0,0,0,10.5,1,0
T009462,24.36,14,0,0,0,17.0,1,0
T009463,143.63,2,1,0,0,29.3,1,0
T009464,54.82,16,1,0,0,26.6,5,0
T009465,17.32,0,1,0,1,3.0,4,0
T009466,37.04,5,1,0,0,3.6,3,0
T009467,64.34,10,0,0,0,3.9,8,0
T009468,9.48,0,0,0,1,29.2,3,0
T009469,25.24,4,0,0,0,3.2,1,0
T009470,12.45,21,1,0,0,4.4,2,0
T009471,104.44,20,0,0,1,33.4,2,0
T009472,50.2,22,1,0,0,7.8,2,0
T009473,61.73,3,1,0,0,5.0,1,0
T009474,30.07,16,1,0,0,11.6,1,0
T009475,42.19,0,0,0,0,73.5,2,0
T009476,73.83,14,0,0,1,9.3,2,0
T009477,134.4,17,0,0,1,45.3,4,0
T009478,14.81,15,0,0,0,49.3,2,0
T009479,10.03,16,0,0,0,1.1,2,0
T009480,39.18,2,0,0,0,11.1,1,0
T009481,43.75,15,0,0,1,49.4,1,0
T009482,79.65,22,0,0,0,10.9,0,0
T009483,44.76,17,0,0,0,13.2,1,0
T009484,48.84,1,0,0,0,34.3,3,0
T009485,19.6,22,0,0,0,5.7,2,0
T009486,33.24,12,1,0,0,9.6,1,0
T009487,308.41,11,0,0,1,18.4,1,0
T009488,49.67,7,0,1,0,31.1,1,0
T009489,53.23,8,0,0,0,2.4,1,0
T009490,38.87,13,0,0,1,26.7,2,0
T009491,86.72,21,0,0,0,33.1,3,0
T009492,179.06,9,1,0,0,1.4,6,0
T009493,55.1,21,0,0,0,12.8,3,0
T009494,15.12,9,0,0,0,2.7,5,0
T009495,8.45,10,0,0,0,17.3,3,0
T009496,36.09,4,0,0,0,16.8,2,0
T009497,113.79,19,0,0,0,6.7,5,0
T009498,50.44,9,1,0,1,22.5,0,0
T009499,72.9,13,0,0,0,10.7,7,0
T009500,97.46,17,0,0,1,10.3,4,0
T009501,15.14,18,1,0,0,87.3,3,0
T009502,64.93,14,1,0,0,38.9,2,0
T009503,13.26,13,0,0,0,0.1,5,0
T009504,61.48,10,0,0,0,3.2,2,0
T009505,17.09,18,1,0,0,12.0,3,0
T009506,10.45,14,1,0,0,20.3,3,0
T009507,9.96,17,1,0,1,8.1,3,0
T009508,19.09,8,1,0,0,19.8,2,0
T009509,43.12,9,0,0,0,16.0,1,0
T009510,25.77,21,1,0,1,11.2,0,0
T009511,9.32,23,1,1,1,6.0,1,0
T009512,38.13,14,1,0,0,18.8,2,0
T009513,62.02,0,1,1,0,29.5,4,0
T009514,58.21,16,0,0,0,2.9,0,0
T009515,93.49,3,0,1,0,2.1,0,0
T009516,21.21,0,1,0,0,6.3,2,0
T009517,32.46,3,0,0,0,18.5,3,0
T009518,10.45,18,0,0,1,25.4,2,0
T009519,50.81,3,0,0,0,25.4,2,0
T009520,90.14,1,0,0,0,6.2,3,0
T009521,27.87,8,0,0,1,4.9,1,0
T009522,48.66,14,0,0,0,6.9,5,0
T009523,14.83,9,1,0,0,3.8,5,0
T009524,41.75,2,0,0,0,8.9,3,0
T009525,19.4,6,1,0,0,26.7,2,0
T009526,62.87,2,0,0,1,3.4,1,0
T009527,30.98,23,0,0,0,35.0,3,0
T009528,122.74,21,0,0,0,2.3,1,0
T009529,88.28,9,0,0,0,13.6,0,0
T009530,32.3,13,0,0,0,10.4,1,0
T009531,6.07,19,1,0,0,6.0,3,0
T009532,27.58,2,0,0,0,6.4,1,0
T009533,43.37,2,1,1,1,8.0,5,0
T009534,43.09,3,0,1,0,61.6,2,0
T009535,106.04,7,0,0,0,19.4,2,0
T009536,57.6,14,1,0,0,3.6,2,0
T009537,15.9,5,0,0,0,5.3,2,0
T009538,69.07,18,0,0,1,58.5,2,0
T009539,95.54,22,1,0,0,12.9,5,0
T009540,101.22,16,0,0,0,34.7,3,0
T009541,60.21,6,0,1,0,17.7,2,0
T009542,44.7,2,0,0,0,12.3,3,0
T009543,33.26,2,0,0,0,6.3,1,0
T009544,128.85,18,0,0,0,13.2,0,0
T009545,40.41,9,1,0,1,24.1,2,0
T009546,29.18,20,1,0,0,38.3,0,0
T009547,13.18,4,0,0,0,11.2,3,0
T009548,32.75,15,0,0,0,16.0,0,0
T009549,47.97,22,0,0,0,2.5,0,0
T009550,76.78,2,0,0,0,13.6,0,0
T009551,74.97,21,1,0,0,38.5,4,0
T009552,13.69,17,1,0,1,11.1,1,0
T009553,96.55,19,1,0,0,20.7,2,0
T009554,5.95,2,0,0,0,10.6,2,0
T009555,17.41,4,1,0,0,2.7,1,0
T009556,76.43,1,0,0,0,14.8,4,0
T009557,8.64,6,0,0,0,17.1,2,0
T009558,25.27,9,1,0,1,18.5,2,0
T009559,9.24,15,1,1,1,26.6,3,0
T009560,32.51,22,1,0,0,4.6,1,0
T009561,156.72,21,1,0,0,2.0,0,0
T009562,113.75,6,1,0,0,26.0,4,0
T009563,169.17,7,0,0,0,8.3,4,0
T009564,102.7,11,1,0,0,0.2,2,0
T009565,164.77,0,1,0,0,17.3,1,0
T009566,269.72,12,1,0,0,9.2,1,0
T009567,46.76,18,0,0,0,32.7,2,0
T009568,214.6,2,1,0,0,16.6,1,0
T009569,62.62,23,0,0,0,28.7,2,0
T009570,133.93,23,0,0,0,34.0,1,0
T009571,11.72,21,0,0,0,6.1,1,0
T009572,9.61,2,0,0,0,26.1,3,0
T009573,16.07,12,0,0,0,5.9,3,0
T009574,36.95,22,0,0,0,47.2,0,0
T009575,43.34,0,1,0,0,37.1,1,0
T009576,8.98,12,1,0,0,30.0,3,0
T009577,56.35,6,0,0,0,26.2,4,0
T009578,29.37,11,0,0,0,5.7,0,0
T009579,95.39,19,1,0,0,11.4,3,0
T009580,61.64,12,1,0,0,61.8,4,0
T009581,95.66,16,0,0,0,6.7,2,0
T009582,40.65,22,1,0,0,13.7,2,0
T009583,130.27,6,0,0,1,7.5,3,0
T009584,63.76,23,0,0,0,22.4,2,0
T009585,42.04,6,1,0,0,21.2,2,0
T009586,18.47,15,0,0,1,9.0,0,0
T009587,6.39,4,1,0,0,11.5,3,0
T009588,1556.51,20,1,0,1,20.5,2,0
T009589,17.31,12,1,0,0,14.9,1,0
T009590,65.04,4,0,0,0,19.4,1,0
T009591,4.3,18,1,0,1,13.5,3,0
T009592,77.02,9,0,0,1,31.9,5,0
T009593,42.75,20,1,0,0,6.0,4,0
T009594,28.69,16,0,0,1,81.0,3,0
T009595,72.21,14,1,0,0,2.3,0,0
T009596,63.05,2,1,0,0,5.3,1,0
T009597,66.87,21,0,0,1,1.8,3,0
T009598,39.01,22,0,0,0,8.7,2,0
T009599,61.01,3,1,0,1,19.0,0,0
T009600,49.97,5,0,0,1,6.7,3,0
T009601,19.08,6,0,0,0,24.0,0,0
T009602,17.88,4,1,0,1,18.8,2,0
T009603,281.19,16,0,0,0,6.1,1,0
T009604,111.44,15,0,0,1,4.0,3,0
T009605,45.61,10,1,0,0,8.3,6,0
T009606,44.13,23,0,0,0,48.9,1,0
T009607,14.45,15,1,0,1,4.2,2,0
T009608,15.31,10,0,0,0,8.4,0,0
T009609,18.87,22,1,1,0,10.4,1,0
T009610,18.62,2,0,0,1,7.3,1,0
T009611,27.65,6,0,0,0,63.7,3,0
T009612,38.69,6,0,0,0,3.9,1,0
T009613,20.6,5,0,0,1,8.5,1,0
T009614,35.89,3,0,0,0,3.0,1,0
T009615,8.08,5,1,0,0,13.4,1,0
T009616,48.46,6,1,0,0,3.3,4,0
T009617,185.44,14,1,0,0,6.9,4,0
T009618,104.99,17,0,0,0,14.0,4,0
T009619,37.81,19,0,0,0,8.1,1,0
T009620,78.57,17,1,0,0,36.7,2,0
T009621,124.33,14,0,0,0,3.0,1,0
T009622,3.77,12,1,0,1,29.3,2,0
T009623,120.15,14,1,0,1,9.1,3,0
T009624,103.9,10,0,0,0,13.0,0,0
T009625,25.67,9,0,0,0,9.2,2,0
T009626,9.25,20,0,0,0,2.4,2,0
T009627,141.72,15,1,0,0,28.3,2,0
T009628,13.14,21,0,0,0,8.0,4,0
T009629,185.7,10,1,1,0,20.2,2,0
T009630,11.93,9,1,0,0,11.1,3,0
T009631,37.66,6,0,0,0,4.6,1,0
T009632,175.21,4,0,0,0,16.3,0,0
T009633,135.15,8,1,0,0,21.7,3,0
T009634,154.35,13,1,0,0,21.9,1,0
T009635,25.47,14,0,0,1,16.4,3,0
T009636,35.98,14,0,0,0,1.7,3,0
T009637,39.75,10,0,0,1,23.4,1,0
T009638,45.17,4,0,0,0,55.7,2,0
T009639,45.65,12,1,0,0,16.1,2,0
T009640,31.93,9,0,0,1,16.4,4,0
T009641,78.72,18,0,0,1,1.8,0,0
T009642,3.33,17,0,0,0,14.7,2,0
T009643,59.78,8,0,0,1,0.4,1,0
T009644,81.91,20,0,1,0,20.6,3,0
T009645,30.02,7,0,0,0,23.5,4,0
T009646,4.02,8,0,0,0,7.3,1,0
T009647,218.41,2,1,0,0,38.0,1,0
T009648,15.78,19,1,0,0,17.1,1,0
T009649,139.33,22,0,0,0,0.5,0,0
T009650,80.69,21,1,0,0,5.2,3,0
T009651,13.01,13,1,0,0,8.3,3,0
T009652,13.45,4,0,0,0,13.2,1,0
T009653,5.76,2,1,0,0,3.3,2,0
T009654,5.56,12,1,0,0,42.7,4,0
T009655,60.2,7,0,0,1,14.3,0,0
T009656,77.77,11,0,0,0,6.2,6,0
T009657,134.4,15,0,0,0,16.4,3,0
T009658,30.27,8,1,0,1,11.2,2,0
T009659,197.0,10,0,0,0,8.8,0,0
T009660,12.07,17,0,1,0,17.4,1,0
T009661,65.42,9,0,0,0,3.6,2,0
T009662,54.45,10,0,0,1,12.3,2,0
T009663,155.79,7,0,0,0,10.5,3,0
T009664,72.59,23,0,0,0,24.5,4,0
T009665,32.55,2,1,0,0,7.1,1,0
T009666,4.16,16,0,0,0,9.9,0,0
T009667,50.88,19,0,0,1,13.4,1,0
T009668,98.33,0,0,0,0,4.8,2,0
T009669,39.49,15,0,0,0,22.7,2,0
T009670,111.64,10,1,0,0,1.0,1,0
T009671,432.02,5,1,1,0,7.6,2,0
T009672,30.11,10,1,1,0,1.4,2,0
T009673,34.14,9,1,0,1,3.2,2,0
T009674,87.06,10,0,0,1,17.6,1,0
T009675,33.38,5,0,0,0,6.3,1,0
T009676,13.55,13,0,0,0,23.8,2,0
T009677,33.62,14,0,0,0,73.4,3,0
T009678,24.34,6,0,0,0,17.6,0,0
T009679,89.86,11,1,0,0,44.5,5,0
T009680,10.67,7,0,0,0,17.1,1,0
T009681,46.36,21,0,0,0,69.9,3,0
T009682,12.32,22,1,0,1,24.0,6,0
T009683,28.66,6,0,0,0,24.9,4,0
T009684,144.41,0,1,0,0,2.0,4,0
T009685,50.53,20,0,0,0,19.3,1,0
T009686,24.04,6,1,0,0,8.9,6,0
T009687,16.97,2,0,1,0,27.2,2,0
T009688,33.88,9,0,0,0,12.8,1,0
T009689,20.54,4,0,0,0,7.7,0,0
T009690,57.16,7,0,1,0,2.4,3,0
T009691,94.09,10,1,0,0,6.3,4,0
T009692,26.25,1,1,0,0,8.9,3,0
T009693,62.05,5,0,0,0,27.1,3,0
T009694,53.13,19,0,0,0,13.2,2,0
T009695,12.52,6,0,0,0,2.2,3,0
T009696,265.39,23,0,0,0,7.5,3,0
T009697,54.56,21,0,0,0,2.9,3,0
T009698,125.22,20,0,0,0,13.6,4,0
T009699,168.3,1,0,0,0,17.6,3,0
T009700,61.89,20,0,0,0,9.7,0,0
T009701,40.15,17,0,0,1,12.9,0,0
T009702,469.02,16,1,0,0,16.5,2,0
T009703,47.02,15,1,0,0,2.9,0,0
T009704,12.94,15,0,0,1,57.5,2,0
T009705,69.67,8,0,0,0,7.6,3,0
T009706,11.58,11,0,0,0,33.2,0,0
T009707,34.16,2,0,0,0,9.7,2,0
T009708,74.51,0,0,1,0,10.4,2,0
T009709,240.8,7,0,0,0,2.9,3,0
T009710,37.07,0,0,0,0,1.0,1,0
T009711,47.55,19,0,0,0,7.2,1,0
T009712,47.35,2,1,0,0,11.3,4,0
T009713,38.8,22,1,0,0,7.2,0,0
T009714,299.61,9,0,0,0,0.8,0,0
T009715,67.68,10,1,0,0,8.5,3,0
T009716,11.28,17,0,0,0,6.2,2,0
T009717,89.41,1,0,0,0,23.5,3,0
T009718,4.68,23,0,0,0,27.5,5,0
T009719,17.2,18,1,0,1,9.1,2,0
T009720,81.25,15,0,1,1,2.9,3,0
T009721,14.68,12,0,0,1,57.4,2,0
T009722,69.82,2,0,0,0,4.9,1,0
T009723,18.95,7,0,1,0,6.3,2,0
T009724,116.7,9,1,0,0,4.5,2,0
T009725,35.47,16,1,1,1,26.7,2,0
T009726,28.19,11,0,0,1,6.9,2,0
T009727,26.22,11,0,0,0,1.7,3,0
T009728,17.98,7,1,0,1,35.8,2,0
T009729,19.98,20,0,0,0,0.5,2,0
T009730,8.08,14,1,0,0,21.4,3,0
T009731,41.69,20,1,0,1,30.3,1,0
T009732,30.89,8,1,0,0,9.2,2,0
T009733,76.02,21,1,0,1,20.0,1,0
T009734,129.71,20,0,0,0,14.1,1,0
T009735,26.5,18,1,0,0,26.3,2,0
T009736,2.77,6,1,0,0,32.3,1,0
T009737,40.63,9,1,0,0,2.5,5,0
T009738,15.11,18,1,0,0,7.2,1,0
T009739,61.58,22,0,0,0,34.1,1,0
T009740,12.32,9,1,0,0,1.3,6,0
T009741,232.67,5,0,0,1,2.4,1,0
T009742,157.96,19,0,0,0,2.0,1,0
T009743,46.85,14,0,0,0,19.7,0,0
T009744,12.94,4,1,0,0,19.2,4,0
T009745,8.75,15,1,0,1,0.1,1,0
T009746,82.34,23,1,0,0,21.8,0,0
T009747,7.44,10,0,0,1,2.3,3,0
T009748,55.09,22,1,1,0,11.7,3,0
T009749,62.26,15,1,0,0,43.2,2,0
T009750,4.06,19,0,1,0,4.8,2,0
T009751,76.41,5,0,0,0,0.7,2,0
T009752,157.9,23,0,0,0,9.1,4,0
T009753,24.25,4,1,0,0,20.6,2,0
T009754,68.26,1,1,0,0,5.9,4,0
T009755,50.57,12,0,1,0,53.1,3,0
T009756,70.55,16,0,0,1,13.8,3,0
T009757,24.75,0,1,0,0,37.4,0,0
T009758,83.1,2,0,0,0,15.7,4,0
T009759,83.79,14,0,0,0,13.1,0,0
T009760,6.53,0,1,0,0,21.4,1,0
T009761,327.13,3,0,0,0,2.0,0,0
T009762,5.41,11,1,0,0,11.6,3,0
T009763,43.91,1,0,0,1,36.2,2,0
T009764,69.85,0,1,0,0,4.2,3,0
T009765,15.94,9,0,0,0,9.5,4,0
T009766,13.02,11,1,0,1,25.6,1,0
T009767,2.59,7,0,0,0,15.6,2,0
T009768,6.66,21,1,1,1,24.4,4,0
T009769,18.27,7,0,0,0,71.4,3,0
T009770,183.6,17,0,0,0,4.0,2,0
T009771,11.47,3,0,0,0,25.6,2,0
T009772,218.34,19,0,0,0,21.1,3,0
T009773,57.04,1,1,0,0,33.9,2,0
T009774,97.17,10,1,0,1,6.3,4,0
T009775,38.22,16,1,0,1,38.1,1,0
T009776,124.09,6,1,0,0,11.1,6,0
T009777,35.3,10,1,0,0,7.2,0,0
T009778,49.14,21,0,0,0,39.9,2,0
T009779,64.37,3,0,0,0,15.7,3,0
T009780,93.87,8,1,0,0,3.5,2,0
T009781,46.39,4,0,0,0,8.4,5,0
T009782,80.56,3,1,0,0,20.7,1,0
T009783,30.64,9,1,0,0,33.2,5,0
T009784,64.35,17,0,0,0,22.4,1,0
T009785,134.69,16,0,0,0,0.8,0,0
T009786,25.14,7,0,0,0,10.0,3,0
T009787,39.77,19,0,0,0,38.4,4,0
T009788,11.95,1,1,0,0,50.5,1,0
T009789,13.3,5,1,0,0,10.9,1,0
T009790,75.69,22,1,0,1,19.2,3,0
T009791,25.24,8,0,0,0,57.7,1,0
T009792,32.04,16,1,0,0,4.6,2,0
T009793,18.22,9,1,0,1,4.6,3,0
T009794,118.23,2,0,0,0,3.6,0,0
T009795,51.6,18,0,0,1,25.2,5,0
T009796,83.32,18,1,0,0,29.7,1,0
T009797,13.78,8,0,0,0,48.4,0,0
T009798,55.06,7,0,0,0,49.0,3,0
T009799,47.44,0,1,0,1,8.1,0,0
T009800,8.1,15,1,0,0,22.4,3,0
T009801,15.8,18,1,0,0,23.7,2,0
T009802,14.44,0,1,0,0,11.8,4,0
T009803,66.06,23,0,0,0,53.3,1,0
T009804,11.51,7,1,0,0,2.0,1,0
T009805,7.73,15,1,1,1,10.3,3,0
T009806,30.25,13,1,0,0,3.3,0,0
T009807,87.37,9,1,0,0,10.1,2,0
T009808,39.75,2,1,0,0,70.4,0,0
T009809,65.69,11,1,0,0,13.8,4,0
T009810,49.33,7,1,0,0,32.6,2,0
T009811,58.66,6,1,0,0,5.4,6,0
T009812,42.22,7,0,0,0,23.3,4,0
T009813,20.4,12,0,0,0,9.8,1,0
T009814,10.56,6,0,0,0,12.6,5,0
T009815,161.51,11,0,0,0,0.9,2,0
T009816,84.97,1,0,0,0,34.9,0,0
T009817,7.67,6,0,0,0,11.4,1,0
T009818,29.71,3,0,0,0,31.0,6,0
T009819,7.33,22,0,0,0,62.9,2,0
T009820,10.38,6,1,0,0,14.1,1,0
T009821,20.89,4,1,1,1,10.1,4,0
T009822,28.84,16,1,0,0,13.8,2,0
T009823,24.12,4,0,0,0,31.8,2,0
T009824,8.39,0,0,0,0,27.5,0,0
T009825,73.75,17,1,0,0,24.9,7,0
T009826,44.31,4,0,0,1,8.8,2,0
T009827,14.61,8,1,0,0,14.9,3,0
T009828,44.39,12,0,0,0,28.0,1,0
T009829,23.66,4,0,0,0,7.9,0,0
T009830,18.45,8,1,0,0,30.1,1,0
T009831,452.51,8,1,0,0,25.8,6,1
T009832,67.79,4,0,0,0,5.5,0,0
T009833,215.4,5,0,0,0,7.0,3,0
T009834,11.37,16,1,0,0,39.6,2,0
T009835,33.93,8,0,0,0,10.6,4,0
T009836,24.87,12,1,1,0,12.0,1,0
T009837,45.72,9,1,0,0,19.1,1,0
T009838,12.06,14,0,0,0,5.6,1,0
T009839,25.9,7,1,0,1,13.3,2,0
T009840,43.9,23,1,0,0,2.4,2,0
T009841,125.92,15,1,0,0,7.1,0,0
T009842,36.3,13,1,0,1,14.3,1,0
T009843,105.31,13,0,0,0,27.0,5,0
T009844,5.71,11,0,0,0,3.1,2,0
T009845,137.17,9,0,0,1,3.4,4,0
T009846,157.76,19,0,0,0,4.0,3,0
T009847,130.55,8,0,0,0,71.9,0,0
T009848,230.85,12,1,0,0,4.7,4,0
T009849,41.55,5,1,0,0,27.9,3,0
T009850,21.27,18,1,0,0,5.1,3,0
T009851,29.21,8,0,0,1,18.2,5,0
T009852,12.27,4,1,0,0,7.1,6,0
T009853,49.72,3,0,0,0,5.8,2,0
T009854,28.47,16,0,0,1,33.1,3,0
T009855,7.79,4,0,0,0,15.0,4,0
T009856,2.94,9,1,0,0,16.5,2,0
T009857,53.06,19,0,0,0,12.7,2,0
T009858,28.28,11,1,0,0,40.1,4,0
T009859,61.31,9,1,0,0,32.9,1,0
T009860,154.52,0,0,0,0,5.8,3,0
T009861,54.88,9,1,0,0,31.4,0,0
T009862,4.26,1,1,1,0,10.6,2,0
T009863,214.92,23,0,0,0,63.4,0,0
T009864,457.44,22,0,0,0,57.2,1,1
T009865,22.23,10,0,1,1,38.3,0,0
T009866,16.4,14,1,0,0,15.5,3,0
T009867,4.65,20,0,0,0,10.9,3,0
T009868,45.1,21,1,0,0,77.6,2,0
T009869,23.68,15,0,0,0,4.5,1,0
T009870,27.54,15,0,0,0,26.5,4,0
T009871,151.34,8,1,0,0,28.3,3,0
T009872,72.74,22,1,0,0,25.4,1,0
T009873,148.71,19,0,0,1,7.8,3,0
T009874,137.26,6,0,0,0,16.6,0,0
T009875,188.58,2,0,0,0,17.5,2,0
T009876,45.51,5,1,0,0,1.4,1,0
T009877,28.08,0,1,0,1,65.7,1,0
T009878,10.26,7,0,0,0,10.5,2,0
T009879,169.13,15,0,0,0,8.9,0,0
T009880,60.06,1,0,0,1,20.1,3,0
T009881,107.19,10,0,0,0,7.4,3,0
T009882,10.49,7,0,0,0,20.2,2,0
T009883,23.72,16,0,0,1,15.3,0,0
T009884,30.48,18,1,0,1,24.7,3,0
T009885,2.94,7,1,1,1,4.6,1,0
T009886,221.5,19,0,0,0,27.4,1,0
T009887,55.92,23,0,0,0,48.8,2,0
T009888,12.02,1,1,0,0,2.8,0,0
T009889,21.81,4,1,0,0,4.0,1,0
T009890,15.43,0,1,0,0,14.9,1,0
T009891,30.46,0,0,0,0,0.9,3,0
T009892,13.08,22,0,0,1,7.8,3,0
T009893,31.22,21,1,0,0,16.1,5,0
T009894,256.2,16,1,0,0,16.8,2,0
T009895,48.07,10,0,0,0,9.6,4,0
T009896,22.6,8,1,0,0,10.4,2,0
T009897,55.98,16,0,0,0,2.8,3,0
T009898,18.72,7,0,0,0,55.7,1,0
T009899,7.27,5,0,0,0,9.2,3,0
T009900,59.35,20,0,0,0,16.9,1,0
T009901,12.77,2,1,0,0,46.1,2,0
T009902,29.01,0,0,0,0,0.6,1,0
T009903,37.56,7,1,0,0,9.4,1,0
T009904,5.63,9,0,0,0,71.9,3,0
T009905,16.9,4,0,0,0,13.1,3,0
T009906,28.73,21,0,0,0,58.0,3,0
T009907,35.68,19,0,0,0,18.6,3,0
T009908,56.47,15,0,0,1,50.7,2,0
T009909,22.3,11,1,0,0,11.8,2,0
T009910,102.19,8,0,0,0,7.7,1,0
T009911,29.4,20,0,0,0,6.5,1,0
T009912,31.9,16,0,0,0,17.2,3,0
T009913,39.41,23,1,0,0,2.7,2,0
T009914,24.05,9,0,0,0,6.8,0,0
T009915,347.41,12,0,0,0,3.5,2,0
T009916,9.49,0,1,0,0,1.9,0,0
T009917,17.27,22,0,0,0,16.4,1,0
T009918,118.94,5,1,0,0,13.5,0,0
T009919,124.83,12,0,0,0,34.7,3,0
T009920,103.79,10,0,0,0,8.6,5,0
T009921,23.39,11,1,0,0,10.1,2,0
T009922,76.89,10,1,0,1,9.8,3,0
T009923,44.25,9,1,0,0,8.2,3,0
T009924,69.77,20,1,0,0,16.3,3,0
T009925,47.44,14,0,0,0,0.5,3,0
T009926,14.36,19,0,0,1,37.8,4,0
T009927,19.89,10,1,0,0,17.5,2,0
T009928,22.35,19,1,0,0,10.8,4,0
T009929,30.34,1,1,0,0,12.3,1,0
T009930,75.84,12,1,0,1,6.6,1,0
T009931,28.12,14,0,0,0,24.7,2,0
T009932,141.81,8,1,0,0,2.6,3,0
T009933,55.84,14,1,0,0,4.2,2,0
T009934,16.68,19,0,0,0,11.1,2,0
T009935,27.96,2,0,0,0,8.8,2,0
T009936,760.0,0,0,0,1,19.5,5,0
T009937,23.33,15,1,0,0,25.4,1,0
T009938,28.38,17,1,0,0,49.0,1,0
T009939,133.51,5,1,0,1,28.9,3,0
T009940,52.72,0,0,0,0,3.9,2,0
T009941,5.63,0,0,0,0,34.5,7,0
T009942,111.79,0,1,0,1,1.1,0,0
T009943,99.33,2,0,0,0,6.5,1,0
T009944,29.91,4,0,0,0,18.0,2,0
T009945,22.12,13,1,0,0,1.8,0,0
T009946,22.49,23,1,0,0,7.8,2,0
T009947,51.9,9,0,0,0,21.3,2,0
T009948,41.34,18,1,0,0,71.1,3,0
T009949,12.62,2,0,1,0,13.5,1,0
T009950,48.62,21,0,0,0,11.9,2,0
T009951,78.57,13,0,0,1,2.2,4,0
T009952,71.7,7,1,0,0,1.0,0,0
T009953,54.71,2,0,0,0,0.5,2,0
T009954,25.41,4,1,0,1,3.2,2,0
T009955,51.2,1,1,0,0,50.6,4,0
T009956,58.09,3,1,0,0,23.1,2,0
T009957,55.17,13,0,0,0,56.9,4,0
T009958,66.25,10,0,0,0,8.4,2,0
T009959,81.1,22,0,0,1,22.8,3,0
T009960,54.56,10,1,0,0,19.3,3,0
T009961,53.41,18,0,0,0,10.5,0,0
T009962,383.14,17,1,0,0,14.1,2,0
T009963,20.82,13,1,0,0,33.4,4,0
T009964,58.94,18,0,0,0,12.1,1,0
T009965,122.76,19,0,1,1,7.0,3,0
T009966,21.6,7,0,0,0,35.4,1,0
T009967,12.08,6,1,0,1,33.5,2,0
T009968,7.85,17,0,0,1,51.9,5,0
T009969,25.79,11,1,0,0,31.3,3,0
T009970,174.7,0,0,0,0,27.1,2,1
T009971,45.99,3,0,0,0,2.1,1,0
T009972,49.96,17,1,1,1,69.6,0,0
T009973,156.03,10,0,1,0,17.2,3,0
T009974,56.23,19,0,0,0,38.2,1,0
T009975,21.91,8,0,1,1,21.9,3,0
T009976,76.16,21,0,0,0,12.2,4,0
T009977,33.63,18,1,0,0,1.5,1,0
T009978,63.79,4,0,0,0,5.3,4,0
T009979,190.43,0,1,0,0,25.8,4,0
T009980,7.47,17,0,0,0,10.0,5,0
T009981,41.79,16,1,0,0,1.1,2,0
T009982,8.74,5,1,0,0,16.6,3,0
T009983,84.27,9,0,0,0,66.6,5,0
T009984,280.53,14,0,0,0,10.3,1,0
T009985,222.54,13,0,0,0,8.5,4,0
T009986,47.96,6,0,0,0,3.4,0,0
T009987,60.88,3,1,0,0,29.4,1,0
T009988,73.4,20,0,0,1,25.9,1,0
T009989,14.65,16,1,0,0,46.9,1,0
T009990,81.24,21,0,0,0,6.2,2,0
T009991,66.64,11,0,0,0,3.6,4,0
T009992,74.48,3,0,0,0,12.5,3,0
T009993,24.3,7,1,0,1,25.9,4,0
T009994,44.52,14,0,0,0,6.4,2,0
T009995,7.45,22,1,0,1,40.1,2,0
T009996,10.37,8,0,0,0,14.5,2,0
T009997,31.17,23,0,0,0,7.1,3,0
T009998,36.14,9,0,0,1,25.1,3,0
T009999,17.97,4,0,0,0,3.1,8,0
T010000,9.99,6,0,1,0,0.7,3,0
T010001,76.84,9,1,1,0,10.5,3,0
T010002,58.12,9,1,0,0,37.6,1,0
T010003,25.08,13,0,1,0,8.8,4,0
T010004,13.59,18,0,0,0,18.5,3,0
T010005,39.84,1,0,0,0,22.3,3,0
T010006,255.94,22,1,0,0,6.4,2,0
T010007,48.67,20,0,0,0,18.3,2,0
T010008,35.16,8,0,0,0,23.7,0,0
T010009,76.01,22,1,0,0,13.6,2,0
T010010,19.62,7,0,0,0,10.3,4,0
T010011,13.86,18,1,0,0,36.7,6,0
T010012,19.12,8,0,0,0,15.7,0,0
T010013,9.95,5,1,0,0,9.2,1,0
T010014,13.6,19,1,0,0,4.0,2,0
T010015,64.49,6,0,0,1,30.9,4,0
T010016,25.6,9,0,0,0,7.0,2,0
T010017,125.56,3,1,1,0,37.8,0,0
T010018,36.42,23,1,0,0,11.1,1,0
T010019,6.66,15,0,0,0,15.0,4,0
T010020,88.25,2,1,0,1,17.1,2,0
T010021,83.46,16,1,0,0,15.2,3,0
T010022,122.27,12,0,1,0,5.0,1,0
T010023,74.2,3,0,0,0,51.6,1,0
T010024,109.65,3,0,0,0,6.0,2,0
T010025,148.55,5,1,0,1,24.0,3,0
T010026,35.16,15,0,0,0,71.3,1,0
T010027,58.46,11,0,0,0,7.5,1,0
T010028,11.39,0,0,0,1,25.8,2,0
T010029,248.67,18,1,0,0,74.9,2,0
T010030,65.39,4,1,0,1,2.0,4,0
T010031,32.84,14,0,0,0,57.0,3,0
T010032,436.26,15,0,0,0,8.4,2,0
T010033,9.54,20,0,0,1,4.0,2,0
T010034,144.61,3,1,0,0,19.3,2,0
T010035,15.35,14,1,1,0,2.9,2,0
T010036,21.47,16,1,0,1,25.2,3,0
T010037,121.65,5,1,0,0,8.1,3,0
T010038,7.47,3,0,0,1,16.5,4,0
T010039,324.59,7,0,0,0,40.9,2,0
T010040,16.46,5,1,0,0,23.9,2,0
T010041,78.17,2,0,0,0,8.8,2,0
T010042,18.84,11,1,0,0,6.8,3,0
T010043,149.24,3,0,0,0,35.3,5,0
T010044,59.7,8,0,1,0,4.0,4,0
T010045,38.75,0,0,0,1,12.0,1,0
T010046,160.07,6,1,0,0,6.5,1,0
T010047,13.6,0,1,0,0,1.6,2,0
T010048,23.94,20,1,0,1,9.8,2,0
T010049,38.66,17,1,0,0,5.7,2,0
T010050,123.19,14,0,0,0,10.8,3,0
T010051,41.84,11,1,0,0,6.7,2,0
T010052,12.6,2,1,0,1,5.6,1,0
T010053,14.08,3,1,0,0,3.8,3,0
T010054,10.19,4,0,1,1,19.7,2,0
T010055,48.72,6,0,0,1,6.1,1,0
T010056,94.74,4,0,0,0,11.5,0,0
T010057,20.96,10,1,0,1,9.2,2,0
T010058,74.82,22,1,0,0,28.5,0,0
T010059,27.58,0,1,0,0,11.3,2,0
T010060,34.26,10,0,0,0,35.3,1,0
T010061,46.3,16,0,0,1,28.8,8,0
T010062,88.84,13,1,0,0,22.4,1,0
T010063,14.84,7,0,0,0,16.5,3,0
T010064,9.05,13,0,0,1,8.5,0,0
T010065,66.42,2,1,0,0,10.6,3,0
T010066,13.02,3,0,0,0,11.4,3,0
T010067,14.57,7,0,0,1,30.5,2,0
T010068,28.58,6,1,0,0,10.5,2,0
T010069,65.52,10,0,0,0,7.3,4,0
T010070,37.08,19,0,0,0,21.0,3,0
T010071,19.66,14,1,0,1,30.3,2,0
T010072,19.1,23,0,0,1,5.2,1,0
T010073,100.51,10,0,0,0,23.2,1,0
T010074,35.49,4,0,0,0,5.6,2,0
T010075,73.04,0,0,0,1,5.5,2,0
T010076,60.37,11,1,0,0,8.1,1,0
T010077,25.77,5,0,0,0,67.8,1,0
T010078,50.04,17,0,0,0,30.3,5,0
T010079,56.56,6,1,0,1,9.1,2,0
T010080,15.16,21,0,0,0,37.4,3,0
T010081,15.04,7,1,0,0,26.3,3,0
T010082,55.82,10,0,0,0,16.7,5,0
T010083,22.98,14,1,0,1,19.3,2,0
T010084,150.0,18,0,0,0,22.4,1,0
T010085,21.04,15,0,0,0,9.1,1,0
T010086,51.82,17,0,0,0,11.4,4,0
T010087,29.97,19,0,0,0,2.6,1,0
T010088,39.12,14,1,1,1,25.6,2,0
T010089,42.43,12,1,0,1,2.8,2,0
T010090,49.38,12,0,0,0,4.8,3,0
T010091,158.18,17,1,1,0,23.9,1,0
T010092,39.36,4,1,0,0,42.4,0,0
T010093,68.34,0,0,0,0,5.2,1,0
T010094,485.67,2,0,1,0,46.3,6,0
T010095,68.31,6,0,0,1,4.9,1,0
T010096,28.14,9,0,0,0,4.0,2,0
T010097,47.96,9,1,0,0,29.4,4,0
T010098,24.01,12,1,0,1,2.4,2,0
T010099,61.29,22,1,0,0,19.1,5,0
T010100,5.76,22,0,0,0,13.4,3,0
T010101,30.47,23,0,0,1,3.0,3,0
T010102,189.1,19,1,0,0,11.6,2,0
T010103,212.52,10,0,0,0,5.4,0,0
T010104,22.72,0,1,0,0,10.6,6,0
T010105,29.71,10,1,0,0,20.7,2,0
T010106,97.38,17,1,0,1,63.3,0,0
T010107,16.9,16,0,0,0,4.5,1,0
T010108,146.38,10,1,0,0,16.5,3,0
T010109,7.74,23,1,0,0,3.2,4,0
T010110,19.08,20,0,0,0,41.9,0,0
T010111,37.38,13,0,0,0,17.9,3,0
T010112,17.85,15,0,0,0,21.6,2,0
T010113,7.57,4,1,1,0,32.2,1,0
T010114,69.54,14,0,0,0,11.8,3,0
T010115,120.9,23,0,0,0,37.4,1,0
T010116,34.02,1,1,0,1,25.6,2,0
T010117,80.91,2,0,0,0,19.6,3,0
T010118,8.46,5,1,0,1,32.8,0,0
T010119,65.79,12,0,0,1,30.1,1,0
T010120,13.66,11,1,0,1,23.5,3,0
T010121,17.59,12,0,0,0,2.1,2,0
T010122,30.59,22,0,0,0,18.5,2,0
T010123,57.7,14,1,0,0,3.7,0,0
T010124,143.41,15,1,0,0,1.4,3,0
T010125,338.16,12,1,0,0,4.9,4,0
T010126,141.81,0,1,1,0,6.2,1,0
T010127,93.33,13,1,0,0,2.7,3,0
T010128,38.71,11,0,0,0,8.6,2,0
T010129,83.65,5,0,0,0,4.4,4,0
T010130,20.68,5,1,0,0,12.9,2,0
T010131,95.42,11,0,0,0,14.0,2,0
T010132,14.42,15,0,0,0,4.4,1,0
T010133,7.08,3,0,0,0,28.7,2,0
T010134,6.55,5,0,0,0,41.0,3,0
T010135,20.04,19,0,0,0,27.0,1,0
T010136,7.52,12,0,0,0,3.0,1,0
T010137,18.56,5,0,0,1,32.3,2,1
T010138,61.96,4,0,0,0,9.9,3,0
T010139,25.21,18,0,0,0,10.1,3,0
T010140,13.72,3,0,0,0,27.9,4,0
T010141,36.22,20,1,0,0,68.9,2,0
T010142,29.07,6,0,0,0,32.1,4,0
T010143,13.63,5,0,0,0,15.0,4,0
T010144,30.21,9,0,0,0,0.8,2,0
T010145,48.36,2,1,0,0,30.5,3,0
T010146,11.9,0,1,0,0,2.0,4,0
T010147,53.66,1,1,0,0,1.7,2,0
T010148,73.47,9,1,0,0,10.3,0,0
T010149,64.82,7,1,0,1,7.0,0,0
T010150,9.75,0,1,0,1,14.8,5,0
T010151,115.25,3,1,0,0,32.6,2,0
T010152,105.4,21,1,0,0,40.4,0,0
T010153,39.18,20,0,0,0,3.6,0,0
T010154,85.85,20,1,0,0,86.5,3,0
T010155,20.8,8,0,0,0,48.7,5,0
T010156,43.04,21,1,0,0,10.7,3,0
T010157,18.33,3,1,0,0,2.1,4,0
T010158,108.57,13,1,0,0,21.8,3,0
T010159,47.81,0,1,0,0,8.6,2,0
T010160,25.84,0,0,0,0,10.4,1,0
T010161,183.82,2,1,0,1,20.4,3,0
T010162,25.43,5,0,0,0,11.4,0,0
T010163,11.52,10,1,0,0,7.3,3,0
T010164,70.85,11,1,0,1,3.9,3,0
T010165,28.38,13,0,0,0,19.6,3,0
T010166,14.15,4,1,0,0,17.8,3,0
T010167,85.95,3,0,0,0,28.5,1,0
T010168,18.38,14,0,0,0,21.1,2,0
T010169,62.22,9,0,0,1,11.0,0,0
T010170,193.28,13,0,0,0,17.5,2,0
T010171,22.87,10,1,0,0,32.1,4,0
T010172,42.98,14,0,0,0,8.3,1,0
T010173,5.26,18,1,0,0,27.9,3,0
T010174,35.27,19,1,0,0,5.8,0,0
T010175,21.3,13,0,0,0,37.6,2,0
T010176,55.89,9,1,0,0,21.8,2,0
T010177,61.96,21,0,0,1,2.5,2,0
T010178,12.02,8,0,1,0,4.8,3,0
T010179,49.43,7,1,0,0,2.1,2,0
T010180,36.19,16,0,0,1,9.2,3,0
T010181,132.61,5,0,0,0,4.3,2,0
T010182,58.97,22,1,0,1,1.0,3,0
T010183,49.83,11,1,0,0,7.2,1,0
T010184,25.63,10,1,0,0,17.9,3,0
T010185,11.05,5,1,0,0,39.7,2,0
T010186,43.58,15,0,0,1,1.6,3,0
T010187,5.0,4,0,0,1,0.1,2,0
T010188,28.07,2,1,0,0,32.5,1,0
T010189,5.62,8,0,0,1,48.3,2,0
T010190,13.51,5,0,0,0,8.5,2,0
T010191,77.43,14,0,0,0,22.7,2,0
T010192,56.27,21,0,0,1,6.2,1,0
T010193,35.75,20,1,0,1,2.3,5,0
T010194,34.48,11,0,0,0,12.8,0,0
T010195,19.36,4,1,0,0,35.9,2,0
T010196,96.69,18,0,0,0,15.8,3,0
T010197,92.2,4,0,0,0,11.6,2,0
T010198,290.41,20,1,0,0,8.8,3,0
T010199,11.66,13,0,0,0,23.3,2,0
T010200,7.34,4,1,1,0,10.3,1,0
T010201,42.08,6,0,0,0,10.1,3,0
T010202,7.99,16,1,0,0,12.7,3,0
T010203,5.69,19,0,0,0,28.0,3,0
T010204,17.27,20,0,0,0,6.7,1,0
T010205,107.43,16,1,0,0,0.7,4,0
T010206,11.17,5,0,0,0,2.5,3,0
T010207,78.37,20,0,0,0,9.9,4,0
T010208,41.61,20,1,0,0,11.7,0,0
T010209,69.17,9,1,0,0,25.5,3,0
T010210,21.48,5,0,0,0,15.2,1,0
T010211,31.73,1,1,0,0,10.7,1,0
T010212,59.28,20,1,0,1,9.5,2,0
T010213,39.17,9,1,0,0,8.2,5,0
T010214,34.5,17,1,0,0,66.8,1,0
T010215,29.13,22,1,0,0,14.1,3,0
T010216,114.39,12,1,0,0,1.1,3,0
T010217,65.42,11,1,0,0,3.6,2,0
T010218,65.73,5,0,0,0,22.3,4,0
T010219,31.02,22,0,0,1,9.6,1,0
T010220,18.46,19,1,0,0,33.0,3,0
T010221,26.04,16,0,0,0,16.2,0,0
T010222,39.98,18,0,0,0,10.4,4,0
T010223,21.5,23,0,0,0,34.3,0,0
T010224,8.37,12,0,0,0,6.6,2,0
T010225,54.15,0,1,0,0,11.7,2,0
T010226,10.9,4,0,0,0,7.7,3,0
T010227,31.58,7,0,0,1,4.2,2,0
T010228,53.56,17,0,0,0,5.3,4,0
T010229,21.36,9,1,0,0,12.7,4,0
T010230,10.5,12,0,0,1,27.5,2,0
T010231,32.97,5,1,0,0,10.4,0,0
T010232,31.77,15,0,0,0,8.1,5,0
T010233,20.59,4,1,0,0,35.5,2,0
T010234,52.1,9,0,0,1,11.9,4,0
T010235,8.34,17,0,0,0,19.3,2,0
T010236,68.69,17,0,0,0,6.5,3,0
T010237,152.04,22,0,0,0,8.7,6,0
T010238,80.26,13,1,0,1,8.1,2,0
T010239,35.21,17,1,0,1,27.5,2,0
T010240,36.14,10,0,0,0,21.1,2,0
T010241,24.41,13,0,0,0,29.5,6,0
T010242,84.98,20,0,0,0,7.9,2,0
T010243,10.09,23,0,0,0,29.2,2,0
T010244,54.89,8,0,0,1,18.6,3,0
T010245,87.6,1,0,0,0,7.1,7,0
T010246,21.11,17,0,0,0,8.4,2,0
T010247,26.06,2,0,0,0,3.1,2,0
T010248,25.68,10,1,0,1,9.1,5,0
T010249,16.7,13,1,0,0,3.5,2,0
T010250,47.07,20,0,0,0,11.4,0,0
T010251,37.58,21,1,0,1,8.4,4,0
T010252,12.24,12,1,0,0,19.6,4,0
T010253,17.27,23,1,0,1,23.6,2,0
T010254,105.85,1,0,0,1,15.5,5,0
T010255,20.61,4,1,0,0,18.1,1,0
T010256,12.16,17,0,0,0,9.2,1,0
T010257,32.49,19,0,0,0,12.2,0,0
T010258,15.93,21,1,0,0,4.1,1,0
T010259,102.45,10,0,0,1,17.3,2,0
T010260,82.46,0,1,0,0,1.6,1,0
T010261,76.34,15,0,0,1,13.7,3,0
T010262,52.27,13,1,0,0,12.3,4,0
T010263,91.6,21,0,0,0,17.6,0,0
T010264,29.95,14,0,0,0,12.1,1,0
T010265,45.38,7,1,0,1,38.6,3,0
T010266,18.77,17,1,0,1,6.0,1,0
T010267,3.02,1,0,0,0,19.8,4,0
T010268,29.73,9,0,1,1,1.7,4,0
T010269,40.5,17,0,0,0,48.8,2,0
T010270,88.56,1,1,0,0,8.8,4,0
T010271,22.74,9,0,0,1,9.4,1,0
T010272,68.16,23,0,0,0,2.4,1,0
T010273,44.52,17,1,0,0,7.5,2,0
T010274,31.23,4,1,1,0,27.9,1,0
T010275,7.87,16,1,0,0,1.8,1,0
T010276,122.87,10,1,0,1,5.9,1,0
T010277,265.31,0,0,0,0,0.3,0,1
T010278,272.97,13,0,0,0,16.7,0,0
T010279,37.08,16,0,0,0,7.3,2,0
T010280,35.98,13,0,0,0,20.2,2,0
T010281,84.88,15,0,0,1,4.5,2,0
T010282,33.74,18,0,0,0,6.5,1,0
T010283,20.06,16,1,0,0,31.6,2,0
T010284,35.37,10,1,0,0,5.8,1,0
T010285,84.39,14,0,0,0,11.8,2,0
T010286,35.01,7,0,0,0,40.5,1,0
T010287,12.9,3,1,0,0,78.0,1,0
T010288,64.27,5,1,0,1,12.8,5,0
T010289,44.72,11,1,0,0,19.7,1,0
T010290,48.25,8,1,0,0,78.2,0,0
T010291,72.65,21,0,0,0,13.5,2,0
T010292,68.12,18,1,0,0,36.2,3,0
T010293,37.38,5,0,0,0,5.9,3,0
T010294,44.48,0,0,0,0,30.8,2,0
T010295,90.24,9,0,0,0,14.6,3,0
T010296,39.46,1,1,1,0,40.9,1,0
T010297,29.76,12,0,0,1,5.5,3,0
T010298,111.52,8,0,0,0,13.5,2,0
T010299,31.82,12,0,0,0,40.5,2,0
T010300,33.28,10,1,0,0,23.5,1,0
T010301,11.3,22,0,0,1,2.2,0,0
T010302,62.59,5,0,0,1,9.2,4,0
T010303,47.05,2,1,0,0,19.2,2,0
T010304,20.58,8,0,0,0,9.4,3,0
T010305,12.95,7,0,0,1,8.4,2,0
T010306,34.89,10,0,0,0,6.4,0,0
T010307,40.4,1,0,0,0,3.6,3,0
T010308,22.88,21,1,0,0,13.1,4,0
T010309,74.47,11,1,0,1,19.6,2,0
T010310,74.33,17,0,0,0,10.9,1,0
T010311,32.29,3,0,0,0,51.8,2,0
T010312,149.99,9,0,0,0,27.8,3,0
T010313,44.38,1,1,0,0,13.7,4,0
T010314,93.45,2,0,0,0,18.8,5,0
T010315,69.8,19,0,0,0,1.5,2,0
T010316,63.48,21,0,0,0,1.8,1,0
T010317,45.61,8,0,0,0,3.6,2,0
T010318,114.1,13,0,0,0,5.1,1,0
T010319,7.07,13,0,0,0,14.6,0,0
T010320,22.69,12,1,0,0,44.5,6,0
T010321,9.66,19,1,1,1,5.1,4,0
T010322,150.28,8,1,0,0,25.6,2,0
T010323,13.22,23,1,0,1,5.4,1,0
T010324,39.35,17,0,1,1,23.8,1,0
T010325,9.81,12,1,0,0,21.6,3,0
T010326,190.99,21,0,0,0,9.4,0,0
T010327,124.84,12,1,1,0,23.8,2,0
T010328,339.55,0,0,0,0,34.8,1,0
T010329,16.58,16,1,0,0,4.5,3,0
T010330,127.14,4,0,0,1,16.6,2,0
T010331,5.18,3,0,0,0,9.4,2,0
T010332,32.99,4,0,0,0,0.4,2,0
T010333,23.78,14,1,0,0,6.9,1,0
T010334,24.14,7,1,0,0,62.8,0,0
T010335,59.04,17,0,0,1,38.9,0,0
T010336,88.65,8,0,0,1,17.4,3,0
T010337,20.78,23,0,0,0,3.4,3,0
T010338,5.96,5,1,0,0,28.2,4,0
T010339,71.05,11,1,0,0,3.9,1,0
T010340,17.37,6,1,0,0,40.2,4,0
T010341,12.99,15,0,0,0,9.0,3,0
T010342,3.99,13,0,0,0,25.9,4,0
T010343,57.59,21,1,0,0,6.5,2,0
T010344,58.7,4,1,0,0,9.4,0,0
T010345,234.54,8,0,0,0,8.4,1,0
T010346,20.39,22,1,0,0,29.8,5,0
T010347,24.63,10,1,0,1,0.6,3,0
T010348,99.06,22,1,0,0,3.3,1,0
T010349,63.58,1,0,0,0,4.0,4,0
T010350,25.04,18,1,0,0,6.4,2,0
T010351,111.31,9,1,0,0,5.2,1,0
T010352,7.12,14,0,0,0,8.5,3,0
T010353,33.45,7,0,0,0,28.8,2,0
T010354,35.5,9,1,0,0,5.3,1,0
T010355,9.51,20,1,0,1,0.5,4,0
T010356,30.77,3,1,0,1,8.6,1,0
T010357,16.34,16,1,0,1,45.5,0,0
T010358,4.73,18,0,0,0,21.1,1,0
T010359,8.52,10,0,0,1,9.1,1,0
T010360,48.67,12,1,0,1,2.1,2,0
T010361,49.85,23,1,0,0,2.6,2,0
T010362,23.48,1,0,0,0,20.3,2,0
T010363,134.06,7,1,0,0,32.0,4,1
T010364,102.68,2,1,0,0,43.7,4,0
T010365,9.83,8,0,0,0,14.7,4,0
T010366,62.34,21,0,0,0,12.3,1,0
T010367,34.55,18,0,1,0,26.9,3,0
T010368,173.54,2,0,0,0,3.1,2,0
T010369,8.9,12,1,0,0,40.4,2,0
T010370,42.86,23,0,0,1,5.5,3,0
T010371,284.99,1,0,1,0,23.5,1,0
T010372,32.92,13,0,0,1,9.8,3,0
T010373,23.82,5,0,0,0,0.0,2,0
T010374,205.26,7,1,0,0,35.4,0,1
T010375,15.94,13,1,0,0,6.9,1,0
T010376,32.76,20,0,0,0,3.5,2,0
T010377,28.52,22,0,0,0,9.5,3,0
T010378,37.78,4,1,0,0,8.3,3,0
T010379,86.79,1,1,0,1,26.6,2,0
T010380,49.57,5,1,0,1,15.8,0,0
T010381,145.32,20,1,0,0,26.2,0,0
T010382,26.87,20,1,0,0,24.1,2,0
T010383,8.2,3,0,0,0,1.1,1,0
T010384,63.1,16,1,0,0,8.4,5,0
T010385,38.03,7,0,0,1,32.5,3,0
T010386,103.09,18,1,0,0,16.6,3,0
T010387,17.42,22,0,0,0,2.7,0,0
T010388,212.97,23,0,0,1,19.0,2,0
T010389,18.55,21,0,0,0,2.9,1,0
T010390,88.29,9,0,0,0,15.2,0,0
T010391,49.18,19,0,0,0,43.7,3,0
T010392,17.02,23,1,0,0,4.9,5,0
T010393,168.7,2,0,0,0,2.0,2,0
T010394,3.99,4,0,0,0,3.3,3,0
T010395,55.49,14,0,0,1,12.2,1,0
T010396,49.13,20,1,1,0,33.5,3,0
T010397,3.42,13,0,0,0,13.2,1,0
T010398,66.17,14,0,0,1,19.9,3,0
T010399,42.28,22,0,0,1,38.3,3,0
T010400,285.63,13,0,0,1,11.7,2,0
T010401,76.36,22,0,0,0,50.0,2,0
T010402,20.66,20,0,0,0,30.7,2,0
T010403,15.89,20,0,0,0,23.7,2,0
T010404,14.2,19,0,0,0,0.2,4,0
T010405,65.76,10,0,0,0,29.7,1,0
T010406,176.27,6,0,0,0,1.1,1,0
T010407,24.95,12,0,0,0,39.3,4,0
T010408,48.2,2,1,0,0,4.2,4,0
T010409,6.5,17,0,0,0,18.3,3,0
T010410,116.84,16,0,1,0,18.0,3,0
T010411,114.52,12,1,0,0,13.9,1,0
T010412,35.39,14,1,1,0,1.2,1,0
T010413,32.56,23,0,0,1,11.5,3,0
T010414,19.67,3,0,0,0,31.4,3,0
T010415,15.26,22,1,0,0,27.3,6,0
T010416,31.58,1,1,0,0,2.5,3,0
T010417,72.72,16,0,0,1,3.1,0,0
T010418,283.68,19,1,0,0,9.3,1,0
T010419,21.95,22,0,0,0,8.6,0,0
T010420,9.8,2,1,0,0,7.7,1,0
T010421,5.17,23,1,0,0,20.9,1,0
T010422,413.51,11,1,0,0,15.8,0,0
T010423,55.88,7,0,0,0,10.2,3,0
T010424,22.86,2,0,0,0,47.3,0,0
T010425,19.91,13,0,0,0,10.3,2,0
T010426,9.15,9,0,0,0,12.1,1,0
T010427,24.39,15,0,0,0,2.5,1,0
T010428,8.02,8,0,0,0,24.0,2,0
T010429,69.7,16,0,0,0,11.1,5,0
T010430,23.48,10,0,0,1,0.3,1,1
T010431,30.68,23,1,0,0,10.9,2,0
T010432,62.5,10,0,0,0,29.9,0,0
T010433,10.45,19,0,0,0,7.0,0,0
T010434,16.28,15,0,0,0,33.8,3,0
T010435,97.55,9,0,0,1,6.3,5,0
T010436,19.9,21,1,0,0,25.2,2,0
T010437,64.08,2,0,0,0,21.3,4,0
T010438,72.25,21,1,0,0,8.3,1,0
T010439,49.73,18,0,0,1,24.5,3,0
T010440,8.93,14,1,0,0,46.1,2,0
T010441,5.75,19,0,0,0,11.4,0,0
T010442,13.33,18,1,0,0,42.1,2,0
T010443,29.01,4,1,0,0,26.3,1,0
T010444,69.0,2,1,0,0,3.9,1,0
T010445,26.87,13,1,0,0,13.3,3,0
T010446,43.97,3,0,0,0,18.6,1,0
T010447,298.2,14,1,0,0,23.8,2,0
T010448,57.1,12,0,0,0,5.2,2,0
T010449,120.4,9,1,0,0,23.9,1,0
T010450,12.44,4,0,0,0,37.7,5,0
T010451,26.26,8,1,0,0,5.3,3,0
T010452,42.23,16,1,0,0,27.1,3,0
T010453,131.42,7,1,0,0,5.6,1,0
T010454,20.6,11,1,0,0,18.1,1,0
T010455,46.63,5,0,0,0,36.1,4,0
T010456,83.44,4,1,0,0,4.3,3,0
T010457,12.27,11,1,0,1,12.5,1,0
T010458,31.74,4,1,0,0,20.3,1,0
T010459,20.57,1,0,0,0,20.8,1,0
T010460,245.35,21,1,0,1,23.5,2,0
T010461,78.05,15,0,0,0,12.0,3,0
T010462,31.78,17,1,0,0,9.2,2,0
T010463,160.25,0,1,0,0,14.7,4,0
T010464,22.45,9,0,0,0,8.2,0,0
T010465,137.75,19,0,0,0,11.1,2,0
T010466,12.85,12,1,0,0,9.9,3,0
T010467,54.85,18,0,0,0,22.9,2,0
T010468,54.09,19,0,0,0,10.4,1,0
T010469,43.13,6,1,0,0,14.7,2,0
T010470,10.71,19,0,0,0,10.2,4,0
T010471,87.15,8,0,0,1,18.2,6,0
T010472,118.8,1,0,0,1,0.4,2,0
T010473,96.19,3,1,0,0,15.3,5,1
T010474,20.28,23,1,0,0,60.8,2,0
T010475,30.19,12,1,0,1,38.0,3,0
T010476,77.32,8,1,0,1,4.6,0,0
T010477,110.49,6,0,0,1,1.5,1,0
T010478,173.34,22,0,0,0,56.2,4,0
T010479,40.23,15,1,1,0,9.1,0,0
T010480,11.92,12,1,0,0,34.9,3,0
T010481,30.15,18,1,0,0,6.8,3,0
T010482,21.16,5,0,0,0,8.8,0,0
T010483,20.48,2,0,1,0,24.6,3,0
T010484,166.81,20,0,0,0,34.8,4,0
T010485,241.03,18,1,0,0,55.0,1,0
T010486,125.23,13,0,0,0,19.1,2,0
T010487,124.63,5,0,0,0,32.6,6,0
T010488,11.31,20,1,0,0,24.8,5,0
T010489,52.08,8,1,0,0,10.6,3,0
T010490,19.3,3,0,0,0,5.8,1,0
T010491,13.8,23,1,0,0,2.3,2,0
T010492,66.62,10,0,0,1,7.1,1,0
T010493,51.16,5,1,1,0,0.6,3,0
T010494,56.87,13,0,0,0,16.0,3,0
T010495,10.32,4,1,0,0,11.8,1,0
T010496,45.43,7,0,0,0,29.2,1,0
T010497,54.92,5,0,0,0,52.6,1,0
T010498,180.24,7,0,0,0,42.3,3,0
T010499,115.98,21,1,0,0,7.2,3,0
T010500,37.87,0,1,0,0,20.5,2,0
T010501,32.42,16,1,0,0,2.6,2,0
T010502,27.67,13,1,0,0,13.6,3,0
T010503,64.82,19,1,0,0,37.2,0,0
T010504,98.34,21,0,0,0,41.4,4,0
T010505,85.36,3,0,0,0,8.8,1,0
T010506,39.74,14,1,0,0,24.7,6,0
T010507,47.94,21,0,0,1,7.8,2,0
T010508,22.04,0,1,0,0,14.9,2,0
T010509,69.92,11,1,0,1,26.4,3,0
T010510,52.67,21,0,0,0,21.4,0,0
T010511,26.15,1,1,0,0,42.6,2,0
T010512,6.86,17,0,0,0,9.4,0,0
T010513,126.48,4,1,0,1,10.5,0,0
T010514,25.24,23,0,0,0,8.5,2,0
T010515,8.75,6,0,0,0,26.3,2,0
T010516,10.25,19,1,0,1,11.4,6,0
T010517,135.34,19,0,0,0,6.5,0,0
T010518,31.28,17,0,1,0,18.8,2,0
T010519,160.1,15,0,0,1,5.2,2,0
T010520,222.38,16,0,0,0,23.0,4,0
T010521,11.09,1,0,0,0,5.9,3,0
T010522,20.13,23,1,0,0,13.5,2,0
T010523,101.55,20,0,0,1,30.1,3,0
T010524,91.57,20,1,0,0,37.9,5,0
T010525,48.27,11,0,0,0,4.3,3,0
T010526,98.37,3,0,0,0,63.9,1,0
T010527,46.82,19,0,0,0,3.6,2,0
T010528,35.61,22,0,0,0,6.4,4,0
T010529,88.03,22,0,1,0,27.5,2,0
T010530,81.91,14,1,0,0,14.7,3,0
T010531,16.0,4,1,0,0,4.0,0,0
T010532,65.39,1,1,0,0,24.3,3,0
T010533,5.71,10,0,0,0,25.6,1,0
T010534,70.23,20,1,0,0,20.0,4,0
T010535,46.79,15,0,0,0,3.3,2,0
T010536,171.63,17,1,0,0,23.0,1,0
T010537,60.94,11,1,0,1,2.8,4,0
T010538,69.7,5,0,0,0,86.9,2,0
T010539,78.14,3,0,0,0,46.2,0,0
T010540,34.82,8,0,0,0,24.5,3,0
T010541,97.24,7,1,0,1,54.3,0,0
T010542,15.32,2,1,0,0,7.0,1,0
T010543,61.12,11,0,0,1,39.6,2,0
T010544,28.82,11,0,0,0,26.2,1,0
T010545,43.76,12,1,0,0,18.1,2,0
T010546,49.21,8,0,0,0,21.9,1,0
T010547,15.64,15,1,0,0,28.4,1,0
T010548,19.95,3,0,0,0,32.5,1,0
T010549,112.25,7,0,0,0,23.5,3,0
T010550,6.29,6,1,0,0,26.6,1,0
T010551,28.82,18,0,0,1,3.8,0,0
T010552,143.69,8,1,1,0,43.3,2,0
T010553,57.98,6,1,0,0,13.3,1,0
T010554,172.25,17,0,0,1,10.0,0,0
T010555,42.82,13,0,0,0,25.8,5,0
T010556,14.66,22,0,0,1,43.6,5,0
T010557,24.15,1,0,0,1,4.3,0,0
T010558,27.22,11,0,0,0,0.2,5,0
T010559,34.08,1,0,0,1,9.6,1,0
T010560,103.88,7,0,0,0,9.8,3,0
T010561,11.65,12,0,0,0,7.1,3,0
T010562,121.9,1,0,0,0,8.2,1,0
T010563,91.69,15,1,0,0,20.0,3,0
T010564,17.92,12,0,0,0,17.9,1,0
T010565,90.8,19,0,0,1,1.5,3,0
T010566,71.35,21,0,0,1,24.6,2,0
T010567,15.65,10,1,0,0,11.0,5,0
T010568,2.4,13,1,0,0,10.4,5,0
T010569,12.84,6,0,0,1,2.0,1,0
T010570,29.51,11,0,0,0,7.9,1,0
T010571,41.23,7,1,0,0,3.4,4,0
T010572,11.83,13,1,0,0,10.4,2,0
T010573,47.73,18,1,0,1,14.5,2,0
T010574,24.83,17,1,0,0,20.4,0,0
T010575,279.85,15,0,0,0,33.7,2,0
T010576,320.38,2,0,0,1,43.6,0,0
T010577,13.04,10,0,0,0,0.5,1,0
T010578,19.11,12,1,0,0,9.1,4,0
T010579,29.57,14,1,0,0,25.6,0,0
T010580,18.69,6,0,0,0,34.3,2,0
T010581,147.89,6,0,0,1,2.5,1,0
T010582,26.08,5,1,0,0,18.8,5,0
T010583,11.45,17,0,0,0,43.7,2,0
T010584,7.43,19,0,0,0,14.1,4,0
T010585,12.81,23,1,0,0,3.4,3,0
T010586,5.79,15,0,0,0,6.4,0,0
T010587,47.84,13,0,1,1,2.7,3,0
T010588,49.26,3,1,0,0,31.5,2,0
T010589,43.25,17,0,0,1,67.1,1,0
T010590,39.64,9,1,0,0,16.8,2,0
T010591,31.71,13,0,0,0,14.2,1,0
T010592,201.47,4,0,0,0,21.6,3,0
T010593,70.01,15,0,0,0,24.9,3,0
T010594,44.38,23,0,0,1,3.7,2,0
T010595,8.56,20,1,1,0,47.8,0,0
T010596,17.29,19,0,0,0,30.6,4,0
T010597,13.46,9,1,0,0,12.8,2,0
T010598,78.2,17,0,0,0,4.8,4,0
T010599,30.87,4,0,0,0,0.1,3,0
T010600,31.54,15,0,0,0,20.6,2,0
T010601,48.27,16,0,0,0,44.2,0,0
T010602,35.18,23,0,0,0,42.0,3,0
T010603,42.46,6,1,0,0,8.0,0,0
T010604,20.28,7,1,1,0,11.0,4,0
T010605,9.7,10,1,0,0,25.2,4,0
T010606,13.08,10,1,0,0,9.1,2,0
T010607,263.65,9,1,0,1,2.4,3,0
T010608,30.15,8,1,0,0,19.1,2,0
T010609,67.6,19,1,0,0,2.8,1,0
T010610,15.33,17,0,0,0,23.7,3,0
T010611,48.8,0,0,0,0,4.3,3,0
T010612,15.21,5,0,0,0,9.8,4,0
T010613,26.24,1,0,1,0,14.9,1,0
T010614,177.76,9,0,0,0,24.1,3,0
T010615,14.68,15,1,0,1,15.9,0,1
T010616,18.1,10,1,0,1,62.6,2,0
T010617,15.06,13,1,0,0,12.6,1,0
T010618,31.91,22,1,0,0,0.7,2,0
T010619,15.59,23,0,0,0,36.4,1,0
T010620,67.79,11,0,0,0,21.0,4,0
T010621,28.33,11,0,0,0,11.8,1,0
T010622,197.07,0,1,0,0,1.4,4,0
T010623,117.56,22,0,0,0,3.5,3,0
T010624,24.04,3,0,0,1,18.3,1,0
T010625,20.39,9,0,0,1,4.0,1,0
T010626,154.85,12,1,0,0,13.9,4,0
T010627,12.07,20,1,0,0,9.8,0,0
T010628,56.81,14,0,0,0,39.1,2,0
T010629,31.56,4,0,0,0,3.4,6,0
T010630,14.45,22,0,0,1,3.0,3,0
T010631,7.74,12,1,0,0,15.0,5,0
T010632,125.67,4,1,0,0,31.7,2,0
T010633,20.84,8,1,0,1,63.6,2,0
T010634,4.71,23,0,0,0,39.8,5,0
T010635,22.03,21,1,0,1,27.9,2,0
T010636,27.89,14,1,0,0,5.0,3,0
T010637,31.04,13,1,0,0,4.3,1,0
T010638,3.04,21,0,0,0,0.3,1,0
T010639,36.18,22,0,0,0,16.1,1,0
T010640,125.99,11,1,0,0,27.5,1,0
T010641,36.36,7,1,0,0,11.3,3,0
T010642,22.99,2,0,0,0,17.2,4,0
T010643,90.36,1,0,0,0,44.7,2,0
T010644,64.79,2,0,0,0,29.8,3,0
T010645,106.17,12,1,0,0,14.7,2,0
T010646,179.43,18,0,0,0,24.8,3,0
T010647,178.88,0,1,0,1,54.5,0,0
T010648,7.52,23,0,0,1,9.0,3,0
T010649,66.34,21,0,0,1,33.8,5,0
T010650,26.87,6,0,0,0,16.5,2,0
T010651,105.36,18,0,0,0,14.8,2,0
T010652,164.54,8,0,0,0,15.6,1,0
T010653,44.91,10,1,0,0,6.1,1,0
T010654,74.56,13,1,0,0,31.7,5,0
T010655,204.78,23,1,0,0,26.5,3,0
T010656,15.24,3,1,0,1,8.5,0,0
T010657,43.0,5,1,0,0,9.7,3,0
T010658,13.76,7,0,0,0,49.3,1,0
T010659,267.08,19,1,0,1,17.3,0,0
T010660,20.05,10,0,0,0,10.1,1,0
T010661,76.73,10,0,0,0,12.9,2,0
T010662,28.35,6,1,0,0,24.3,2,0
T010663,14.42,15,1,0,0,3.5,3,0
T010664,7.37,18,0,0,0,7.1,1,0
T010665,80.57,14,1,0,0,9.7,6,0
T010666,120.12,17,0,1,0,2.9,1,0
T010667,9.99,20,1,1,0,25.2,2,0
T010668,18.09,12,0,0,0,41.7,1,0
T010669,98.46,20,0,0,1,11.6,1,0
T010670,411.24,0,1,0,0,14.4,1,0
T010671,63.63,21,0,0,0,13.2,3,0
T010672,322.36,14,1,0,0,32.1,2,0
T010673,13.82,7,0,0,0,11.8,2,0
T010674,65.9,14,0,0,0,1.5,2,0
T010675,19.12,13,1,0,0,7.3,2,0
T010676,117.91,19,1,1,0,39.3,2,0
T010677,23.99,1,0,0,0,15.6,3,0
T010678,53.6,13,1,0,0,10.7,2,0
T010679,186.29,6,1,0,0,15.6,1,0
T010680,35.3,1,0,0,0,13.4,3,0
T010681,16.72,21,0,0,1,32.5,4,0
T010682,101.92,18,0,0,0,16.6,4,0
T010683,50.19,9,0,0,0,7.2,2,0
T010684,66.88,7,1,0,0,16.2,2,0
T010685,73.59,19,1,0,0,25.3,0,0
T010686,26.77,15,1,0,1,25.0,2,0
T010687,193.31,10,0,0,0,18.2,1,0
T010688,78.1,22,1,0,0,58.0,1,0
T010689,110.34,20,0,0,1,3.1,1,0
T010690,11.77,7,1,0,0,0.9,5,0
T010691,14.69,17,0,1,0,17.7,1,0
T010692,154.32,15,1,0,0,3.5,2,0
T010693,80.14,16,1,0,0,14.6,2,0
T010694,103.09,3,0,0,0,31.1,1,0
T010695,49.06,1,1,0,1,6.3,0,0
T010696,575.33,5,0,0,0,0.4,0,0
T010697,59.92,22,0,0,0,0.1,0,0
T010698,32.7,23,1,0,1,28.9,2,0
T010699,20.02,6,1,0,0,31.6,2,0
T010700,6.63,18,0,0,0,13.6,0,0
T010701,32.74,22,0,0,0,8.8,2,0
T010702,13.44,7,1,0,0,15.7,0,0
T010703,13.9,18,0,0,0,19.1,2,0
T010704,25.38,22,0,0,0,32.1,2,0
T010705,65.92,12,0,0,0,9.6,3,0
T010706,38.86,3,0,0,0,1.5,3,0
T010707,57.28,11,0,0,0,8.0,0,0
T010708,16.39,5,0,0,0,2.0,0,0
T010709,18.52,16,1,0,0,37.2,1,0
T010710,18.04,0,0,0,0,9.9,4,0
T010711,37.43,16,0,0,0,53.5,1,0
T010712,47.47,2,1,0,0,70.3,3,0
T010713,19.75,14,1,0,0,4.8,3,0
T010714,65.37,8,0,0,0,2.8,0,0
T010715,63.78,23,0,0,0,9.8,2,0
T010716,4.95,14,1,0,0,16.9,2,0
T010717,28.81,5,0,0,0,4.6,0,0
T010718,30.72,0,0,0,1,22.1,2,0
T010719,59.86,1,1,0,0,32.5,0,0
T010720,15.86,11,0,0,0,5.9,0,0
T010721,51.66,2,0,0,0,4.3,1,0
T010722,39.89,22,0,0,0,21.9,2,0
T010723,10.37,17,1,0,0,13.9,3,0
T010724,6.88,6,0,0,1,0.2,3,0
T010725,51.47,10,1,0,0,11.4,5,0
T010726,92.62,12,0,0,0,5.5,6,0
T010727,13.82,16,1,1,0,31.1,2,0
T010728,96.62,15,0,0,0,3.9,4,0
T010729,9.26,14,0,0,0,17.2,2,0
T010730,10.01,2,1,1,0,17.0,4,0
T010731,83.27,19,0,0,1,7.6,1,0
T010732,40.37,2,0,0,0,3.7,3,0
T010733,20.41,9,1,0,0,28.5,6,0
T010734,118.91,9,1,0,0,7.5,3,0
T010735,180.88,7,0,0,0,0.9,3,0
T010736,49.5,23,0,0,0,16.0,1,0
T010737,15.18,19,0,0,0,11.7,1,0
T010738,97.17,16,1,0,0,7.4,2,0
T010739,20.95,16,1,0,0,16.4,3,0
T010740,44.72,3,1,0,0,13.4,2,0
T010741,55.67,16,0,0,0,13.7,0,0
T010742,63.09,15,1,0,0,14.5,0,0
T010743,27.45,0,0,1,1,17.1,1,0
T010744,14.48,15,0,0,0,0.4,2,0
T010745,73.14,12,0,0,0,26.3,4,0
T010746,38.45,6,0,0,0,16.2,2,0
T010747,61.53,21,1,0,0,21.7,1,0
T010748,16.21,11,1,0,0,23.2,3,0
T010749,20.9,0,0,0,0,11.4,1,0
T010750,37.27,0,0,0,0,7.4,3,0
T010751,60.24,23,0,0,0,25.3,1,0
T010752,36.38,21,0,1,0,3.4,0,0
T010753,47.04,14,0,0,0,20.4,2,0
T010754,46.11,12,1,0,0,17.2,1,0
T010755,32.82,4,0,0,0,14.9,0,0
T010756,23.99,2,1,0,1,11.8,0,0
T010757,25.53,14,1,0,1,3.6,1,0
T010758,34.32,8,1,0,0,15.6,1,0
T010759,69.9,19,0,0,0,32.3,2,0
T010760,31.74,18,0,0,0,35.2,3,0
T010761,7.6,8,0,0,0,6.8,5,0
T010762,115.25,20,1,0,0,21.0,3,0
T010763,13.92,19,0,0,1,11.3,3,0
T010764,50.27,6,1,0,1,33.1,1,0
T010765,75.31,2,0,0,0,18.2,5,0
T010766,43.74,4,1,0,0,9.2,3,0
T010767,53.35,3,0,0,0,9.1,0,0
T010768,26.51,4,0,0,0,24.0,1,0
T010769,37.25,20,0,0,1,30.9,2,0
T010770,35.95,3,0,0,1,22.7,1,1
T010771,31.42,23,0,0,0,6.8,8,0
T010772,11.85,14,0,0,0,17.1,2,0
T010773,136.88,3,0,0,1,27.9,0,0
T010774,8.68,8,0,0,1,25.0,3,0
T010775,45.29,11,1,0,1,30.6,3,0
T010776,12.15,15,0,0,0,50.0,2,0
T010777,111.84,9,0,0,0,14.3,1,0
T010778,82.99,3,1,0,0,34.5,5,0
T010779,227.66,16,1,1,0,16.4,4,0
T010780,317.27,23,1,0,0,0.9,2,0
T010781,89.32,15,1,0,0,3.1,2,0
T010782,17.0,10,0,0,0,8.7,1,0
T010783,59.79,20,0,0,0,25.5,1,0
T010784,18.83,20,1,0,0,6.2,4,0
T010785,35.14,9,1,0,0,9.0,4,0
T010786,58.22,9,0,0,0,6.6,0,0
T010787,145.61,19,0,0,0,19.6,2,0
T010788,18.8,9,0,0,0,36.2,3,0
T010789,34.83,0,0,0,0,13.4,0,0
T010790,22.08,5,0,0,0,17.3,1,0
T010791,3.13,22,0,0,1,8.8,4,0
T010792,12.56,1,1,0,0,3.0,1,0
T010793,6.73,0,1,0,0,1.0,0,0
T010794,38.17,15,1,0,1,21.0,1,0
T010795,58.24,17,1,0,0,16.4,1,0
T010796,17.17,0,0,0,0,13.3,3,0
T010797,78.17,10,0,0,0,55.6,2,0
T010798,17.06,21,0,0,0,49.9,1,0
T010799,85.51,23,1,0,0,30.9,2,0
T010800,290.6,17,0,0,0,0.7,2,0
T010801,100.46,14,0,0,0,59.8,2,0
T010802,16.05,17,0,0,0,22.6,1,0
T010803,30.21,20,0,1,0,5.8,0,0
T010804,27.5,21,0,0,0,33.8,2,0
T010805,16.73,21,0,0,0,11.4,3,0
T010806,29.32,17,1,0,0,3.2,0,0
T010807,75.42,14,1,0,0,6.6,1,0
T010808,112.22,8,0,0,0,9.7,1,0
T010809,53.78,16,0,0,1,2.7,2,0
T010810,21.5,20,0,0,0,6.6,2,0
T010811,8.56,14,1,0,0,17.7,5,0
T010812,24.29,5,0,0,0,29.3,2,0
T010813,24.4,12,1,0,0,15.6,2,0
T010814,33.92,13,0,0,0,7.0,0,0
T010815,32.14,5,1,0,0,1.2,2,0
T010816,14.5,8,1,0,0,16.0,3,0
T010817,123.28,23,1,1,0,1.1,1,0
T010818,7.75,6,1,1,0,55.1,3,0
T010819,40.48,3,0,0,0,24.6,0,0
T010820,91.87,10,1,0,1,33.1,3,0
T010821,6.81,18,0,0,0,19.0,5,0
T010822,6.53,3,0,1,0,40.5,4,0
T010823,33.93,4,0,0,1,10.8,1,0
T010824,23.89,3,0,0,1,8.0,2,0
T010825,171.25,9,0,0,1,64.6,1,0
T010826,143.48,16,1,1,1,23.1,2,0
T010827,43.83,0,1,0,1,38.2,3,0
T010828,51.99,20,0,0,0,2.9,3,0
T010829,27.21,11,0,0,1,26.7,1,0
T010830,23.31,10,1,0,0,9.6,4,0
T010831,142.59,0,0,0,0,16.3,1,0
T010832,20.31,12,1,0,0,12.8,3,0
T010833,55.52,21,1,0,0,46.9,2,0
T010834,38.26,9,1,1,1,10.8,4,0
T010835,208.07,12,0,0,0,6.1,3,0
T010836,13.17,18,0,1,0,15.1,1,0
T010837,142.39,20,0,0,0,82.7,0,0
T010838,30.8,22,0,0,0,55.1,3,0
T010839,31.13,11,1,0,0,36.5,2,0
T010840,15.26,17,0,0,1,3.9,0,0
T010841,3.15,3,1,0,1,2.7,4,0
T010842,62.0,8,0,0,1,12.9,5,0
T010843,272.41,17,0,0,0,15.2,2,0
T010844,24.21,18,0,0,1,8.3,3,0
T010845,68.31,21,0,0,0,43.7,1,0
T010846,20.9,13,0,0,0,10.6,1,0
T010847,73.2,17,0,0,1,27.8,2,0
T010848,119.21,10,1,1,0,6.0,3,0
T010849,17.8,2,0,0,0,41.9,1,0
T010850,165.4,20,1,0,0,17.8,0,0
T010851,27.06,2,1,0,0,14.0,4,0
T010852,35.78,2,1,0,0,14.1,1,0
T010853,44.93,23,1,0,0,0.2,3,0
T010854,59.92,20,0,0,1,26.9,5,0
T010855,139.87,21,0,0,0,3.7,3,0
T010856,113.55,0,1,0,1,16.0,6,1
T010857,47.14,4,0,1,0,4.4,3,0
T010858,20.43,22,1,0,0,0.4,2,0
T010859,9.27,14,0,0,0,25.8,5,0
T010860,14.67,19,1,1,0,16.2,2,0
T010861,28.65,14,1,0,1,1.0,3,0
T010862,42.15,11,1,0,0,10.2,4,0
T010863,15.35,7,0,0,0,28.5,2,0
T010864,181.56,23,1,0,1,10.5,2,0
T010865,9.25,14,0,0,0,24.9,2,0
T010866,43.69,23,1,0,0,2.8,1,0
T010867,10.22,4,1,1,1,0.3,5,0
T010868,212.05,20,1,0,0,7.0,1,0
T010869,51.94,21,1,0,1,34.4,1,0
T010870,111.57,9,1,0,0,0.9,2,0
T010871,568.37,19,0,0,0,2.6,3,0
T010872,54.79,5,1,0,0,3.8,0,0
T010873,27.98,5,1,0,0,2.9,1,0
T010874,116.8,3,0,0,0,18.1,4,0
T010875,19.67,6,1,0,0,1.8,2,0
T010876,11.45,9,0,0,0,12.9,6,0
T010877,149.51,14,0,0,0,14.5,5,0
T010878,35.56,21,1,0,0,40.0,2,0
T010879,24.88,7,0,1,0,8.7,1,0
T010880,37.21,11,0,0,0,12.7,2,0
T010881,34.94,7,0,1,0,57.0,0,0
T010882,27.62,20,1,0,0,3.0,1,0
T010883,13.81,17,0,0,0,18.7,3,0
T010884,12.07,3,0,0,0,28.4,7,0
T010885,29.45,17,1,0,1,32.0,0,0
T010886,47.17,15,1,0,0,18.1,3,0
T010887,16.8,13,0,0,0,0.6,0,0
T010888,108.38,12,0,0,0,51.1,2,0
T010889,142.7,6,1,0,0,7.9,1,0
T010890,86.32,10,1,1,0,17.6,3,0
T010891,21.25,1,1,0,0,5.4,1,0
T010892,93.74,14,0,0,0,77.8,2,0
T010893,5.37,19,0,0,0,12.5,2,0
T010894,625.39,16,0,0,0,16.6,1,0
T010895,42.53,13,0,0,0,0.5,2,0
T010896,57.23,5,1,0,0,2.9,3,0
T010897,68.34,7,1,0,0,6.2,1,0
T010898,123.28,22,0,0,0,1.7,2,0
T010899,8.27,10,0,0,1,41.1,3,0
T010900,134.52,2,0,1,0,29.6,3,0
T010901,133.14,22,0,0,0,6.6,2,0
T010902,6.5,11,0,0,0,24.0,4,0
T010903,19.58,7,0,0,0,1.4,0,0
T010904,18.45,5,1,0,0,39.6,2,0
T010905,48.93,21,1,0,1,0.5,2,0
T010906,37.97,23,0,0,0,19.9,3,0
T010907,10.88,2,1,0,0,15.3,2,0
T010908,7.46,4,1,0,0,52.3,3,0
T010909,33.28,10,0,0,0,15.5,2,0
T010910,84.86,9,1,0,0,12.4,3,0
T010911,24.24,18,1,0,0,26.4,7,0
T010912,34.41,11,1,0,0,4.3,2,0
T010913,18.92,3,0,0,0,13.2,2,0
T010914,6.18,22,1,0,0,30.4,1,0
T010915,32.62,12,0,1,0,29.9,1,0
T010916,14.84,21,1,0,0,11.4,1,0
T010917,81.68,20,1,0,0,22.4,1,0
T010918,15.87,21,0,0,1,24.4,3,0
T010919,34.19,15,0,0,0,12.4,1,0
T010920,70.29,3,1,0,1,3.2,1,1
T010921,9.22,8,0,0,0,4.2,4,0
T010922,51.11,2,0,1,0,28.6,1,0
T010923,253.09,22,0,0,0,4.9,7,0
T010924,16.85,13,1,0,1,1.7,0,0
T010925,121.43,0,0,0,1,9.0,3,0
T010926,26.37,10,1,0,0,17.4,2,0
T010927,10.7,12,0,0,0,20.5,3,0
T010928,42.29,17,0,0,0,59.7,0,0
T010929,48.3,17,1,0,1,2.6,1,0
T010930,7.6,3,0,0,0,32.4,2,0
T010931,195.85,20,1,0,0,25.9,1,0
T010932,86.66,11,1,0,0,25.6,3,0
T010933,940.39,15,0,0,0,1.4,1,0
T010934,12.73,20,1,0,0,1.2,1,0
T010935,33.15,21,0,0,0,1.8,3,0
T010936,91.91,0,1,0,0,0.7,0,0
T010937,11.51,14,1,0,0,1.7,1,0
T010938,23.14,14,0,0,0,4.4,3,0
T010939,21.01,21,1,0,1,32.7,1,0
T010940,21.81,4,0,0,0,10.1,3,0
T010941,60.96,20,1,0,0,74.1,2,0
T010942,28.87,13,1,0,0,3.1,5,0
T010943,16.61,20,0,0,0,12.3,6,0
T010944,73.13,2,0,0,0,12.5,3,0
T010945,23.15,5,1,0,1,17.2,4,0
T010946,48.06,21,1,0,0,14.6,2,0
T010947,6.92,23,0,0,0,42.9,2,0
T010948,31.86,12,1,0,0,41.7,5,0
T010949,12.82,0,0,0,1,1.7,2,0
T010950,26.49,21,1,1,0,1.2,1,0
T010951,32.85,20,1,0,0,9.3,3,0
T010952,51.48,10,0,1,1,16.9,1,0
T010953,48.36,10,0,0,0,56.0,2,0
T010954,16.1,6,1,0,0,69.4,6,0
T010955,43.35,20,0,0,1,47.2,2,0
T010956,24.68,17,0,0,0,31.0,4,0
T010957,128.32,23,1,0,0,3.2,3,0
T010958,35.68,7,1,0,0,61.6,3,0
T010959,68.37,11,1,0,0,0.3,1,0
T010960,84.84,0,1,0,0,20.4,3,0
T010961,50.0,14,1,0,0,3.9,3,0
T010962,33.13,3,1,0,0,8.1,4,0
T010963,14.06,5,0,0,1,16.9,3,0
T010964,68.71,7,1,0,0,13.3,2,0
T010965,34.0,8,0,1,1,11.2,3,0
T010966,13.51,0,0,0,0,29.8,4,0
T010967,25.53,9,0,0,0,5.0,3,0
T010968,60.99,10,1,0,0,20.3,4,0
T010969,9.0,17,1,0,0,15.5,3,0
T010970,27.16,4,0,0,0,3.3,3,0
T010971,72.69,22,1,0,1,21.4,2,0
T010972,11.13,21,1,0,0,35.8,1,0
T010973,158.52,0,1,0,0,13.0,2,1
T010974,79.33,18,1,0,1,22.7,4,0
T010975,12.59,2,1,0,0,1.5,1,0
T010976,25.66,2,1,1,0,58.7,4,0
T010977,213.73,14,1,0,0,10.9,1,0
T010978,24.01,14,0,1,0,5.4,2,0
T010979,8.81,5,1,0,0,6.4,2,0
T010980,95.6,5,0,0,1,6.8,4,0
T010981,22.12,0,1,0,0,33.6,1,0
T010982,67.64,16,0,0,0,4.4,0,0
T010983,109.37,10,1,0,0,19.2,1,0
T010984,21.78,19,0,1,0,1.5,2,0
T010985,156.07,7,1,0,0,10.4,1,0
T010986,96.72,21,1,0,0,17.1,1,0
T010987,27.97,22,1,0,0,7.3,2,0
T010988,23.5,17,0,0,0,13.1,4,0
T010989,4.39,14,1,1,0,5.0,1,0
T010990,144.39,10,0,0,0,11.8,1,0
T010991,73.46,6,0,0,0,21.8,1,0
T010992,101.41,12,0,0,1,7.0,1,0
T010993,127.76,2,1,0,1,16.0,2,0
T010994,5.02,18,1,0,0,25.0,5,0
T010995,4.84,2,1,0,0,5.8,1,0
T010996,48.53,6,1,0,1,16.4,4,0
T010997,42.61,5,0,0,0,72.3,3,0
T010998,41.87,3,0,0,0,28.5,4,0
T010999,205.96,15,0,0,0,12.5,3,0
T011000,21.9,5,1,0,0,5.3,2,0
T011001,327.55,9,0,0,0,23.2,5,0
T011002,19.76,15,1,0,0,30.7,4,0
T011003,19.11,12,0,0,0,33.0,0,0
T011004,64.22,18,0,0,0,6.1,6,0
T011005,93.29,1,0,0,0,24.3,5,0
T011006,24.17,7,1,0,0,53.8,5,0
T011007,23.43,0,0,0,0,14.0,5,0
T011008,34.66,18,1,0,0,29.5,3,0
T011009,31.01,14,1,0,1,1.1,0,0
T011010,48.18,8,0,0,0,0.5,0,0
T011011,16.16,5,0,0,0,16.6,2,0
T011012,150.92,7,1,0,0,5.4,1,0
T011013,7.7,3,1,0,1,16.9,1,0
T011014,10.7,5,1,1,1,13.5,2,0
T011015,13.18,16,0,0,0,6.1,5,0
T011016,8.13,23,1,0,0,11.2,3,0
T011017,10.89,16,0,0,0,1.2,1,0
T011018,131.15,19,0,0,0,14.4,0,0
T011019,135.68,11,1,0,0,3.3,2,0
T011020,5.92,0,0,0,0,27.1,4,0
T011021,91.27,15,1,0,0,7.7,5,0
T011022,6.6,0,1,0,0,8.0,1,0
T011023,23.82,14,1,0,0,9.0,3,0
T011024,43.71,9,0,0,0,45.8,3,0
T011025,76.33,5,0,0,1,6.4,2,0
T011026,42.31,7,0,0,0,50.9,1,0
T011027,43.66,13,0,0,0,24.2,2,0
T011028,46.22,10,1,0,0,18.7,1,0
T011029,65.03,8,1,0,0,0.9,0,0
T011030,9.09,6,0,0,1,11.0,2,0
T011031,25.08,1,1,0,0,19.0,2,0
T011032,85.32,0,0,0,1,2.3,1,0
T011033,126.84,14,1,0,0,10.8,2,0
T011034,15.76,10,0,0,0,24.2,1,0
T011035,53.45,5,1,0,0,6.9,2,0
T011036,77.71,17,0,0,0,10.8,6,0
T011037,80.04,11,0,0,1,9.7,2,0
T011038,59.71,5,1,0,0,93.2,2,0
T011039,20.27,15,0,1,0,4.4,3,0
T011040,195.17,2,1,1,0,15.1,3,0
T011041,14.11,13,1,0,0,12.7,2,0
T011042,72.78,17,1,0,0,0.9,1,0
T011043,14.46,16,0,0,0,0.9,2,0
T011044,31.11,16,1,1,0,19.3,3,0
T011045,44.56,9,1,1,0,10.9,3,0
T011046,48.59,18,0,0,0,22.8,2,0
T011047,31.8,1,1,0,0,7.5,4,0
T011048,16.48,4,1,0,0,5.2,4,0
T011049,7.83,16,1,0,0,10.9,2,0
T011050,19.32,10,1,1,1,11.4,1,0
T011051,10.89,22,1,0,0,7.5,3,0
T011052,14.5,12,0,0,0,9.0,2,0
T011053,183.4,0,0,0,0,3.5,1,0
T011054,30.69,11,0,0,1,5.4,3,0
T011055,4.49,14,0,0,1,6.1,4,0
T011056,13.18,12,1,1,0,23.4,3,0
T011057,8.49,0,0,0,0,13.5,4,0
T011058,15.82,19,0,0,0,2.0,3,0
T011059,172.35,16,0,0,0,14.4,2,0
T011060,96.64,9,1,0,0,29.3,6,0
T011061,43.06,0,0,1,0,9.1,4,1
T011062,161.06,9,0,0,0,27.3,3,0
T011063,63.24,15,0,0,0,14.4,2,0
T011064,67.96,18,0,0,1,19.7,5,0
T011065,19.4,22,1,0,0,15.8,0,0
T011066,28.91,1,0,0,1,20.2,1,0
T011067,110.93,21,1,0,0,19.2,3,1
T011068,41.97,5,0,0,0,63.4,4,0
T011069,59.8,18,1,0,0,30.9,2,0
T011070,102.23,12,0,0,0,22.0,4,0
T011071,11.81,6,0,0,0,6.6,2,0
T011072,43.31,8,1,0,0,11.4,0,0
T011073,21.75,4,0,0,0,4.6,1,0
T011074,43.76,2,0,0,0,37.1,1,0
T011075,30.8,3,0,0,1,10.7,0,0
T011076,99.82,1,1,0,0,25.3,1,0
T011077,203.83,14,0,0,0,18.0,1,0
T011078,27.43,7,0,0,0,15.5,3,0
T011079,39.57,1,1,1,1,8.8,4,0
T011080,35.23,19,0,0,0,21.3,1,0
T011081,35.21,15,0,0,0,12.8,4,0
T011082,55.86,10,1,0,0,8.8,2,0
T011083,15.89,18,0,0,0,3.5,1,0
T011084,25.69,4,0,0,0,0.8,3,0
T011085,110.48,19,1,0,0,26.6,3,0
T011086,6.86,18,1,0,1,38.3,1,0
T011087,27.76,19,0,0,0,8.8,2,0
T011088,55.14,13,0,0,0,53.5,3,0
T011089,24.96,12,0,0,0,7.4,2,0
T011090,23.73,9,1,0,0,19.8,3,0
T011091,11.24,17,1,0,0,9.2,4,0
T011092,30.15,13,1,0,1,1.2,2,0
T011093,89.83,0,1,0,0,5.6,3,0
T011094,80.5,16,1,0,0,12.8,1,0
T011095,76.55,10,1,0,0,6.8,1,0
T011096,11.18,2,0,0,1,23.3,1,0
T011097,15.82,2,1,0,0,9.7,0,0
T011098,56.15,8,1,0,0,18.7,3,0
T011099,30.59,10,1,0,0,19.1,1,0
T011100,21.96,13,0,0,0,16.3,3,0
T011101,20.53,15,1,0,0,4.8,5,0
T011102,19.56,14,0,0,1,12.9,0,0
T011103,100.71,5,1,0,0,11.9,4,0
T011104,3.19,0,0,0,1,29.4,0,0
T011105,82.98,23,0,1,0,0.7,1,0
T011106,9.94,8,1,0,1,18.2,1,0
T011107,98.06,23,0,0,0,38.0,3,0
T011108,8.91,23,1,0,0,5.7,2,0
T011109,113.73,8,1,0,1,59.2,0,0
T011110,117.78,15,1,0,0,16.3,3,0
T011111,39.18,18,0,0,0,21.2,2,0
T011112,16.04,9,0,0,0,9.8,1,0
T011113,21.41,7,1,0,1,9.6,2,0
T011114,46.9,13,0,0,0,4.5,1,0
T011115,68.05,5,0,0,0,9.4,2,0
T011116,5.41,18,0,0,0,39.3,1,0
T011117,39.0,11,1,0,1,15.2,2,0
T011118,31.61,13,0,0,0,26.6,4,0
T011119,49.53,10,1,0,1,4.0,1,0
T011120,24.36,17,1,1,0,2.1,2,1
T011121,7.09,10,1,0,0,17.9,1,0
T011122,7.61,3,1,0,1,70.3,2,0
T011123,72.3,10,0,0,0,6.3,2,0
T011124,47.71,20,0,0,0,25.4,3,0
T011125,10.65,7,0,0,0,7.9,1,0
T011126,12.12,13,0,1,1,36.2,3,0
T011127,18.34,2,1,0,0,11.2,0,0
T011128,18.27,13,0,1,0,5.8,4,0
T011129,139.76,20,1,0,0,1.9,2,0
T011130,8.25,10,0,0,0,20.8,2,0
T011131,29.2,6,1,0,0,22.3,2,0
T011132,84.11,16,1,0,1,7.7,3,0
T011133,17.84,0,0,0,0,24.6,1,0
T011134,74.14,21,1,1,0,5.8,2,0
T011135,41.78,20,0,0,0,49.0,1,0
T011136,23.63,4,1,0,0,26.9,1,0
T011137,15.86,18,0,0,0,2.6,1,0
T011138,44.16,2,0,0,0,17.3,1,0
T011139,12.25,19,1,0,0,38.7,1,0
T011140,15.48,3,1,0,0,45.4,4,0
T011141,75.33,4,0,0,1,21.2,2,0
T011142,80.04,21,1,0,0,4.5,2,0
T011143,11.26,23,1,0,0,33.3,0,0
T011144,32.83,0,1,1,0,1.8,1,0
T011145,178.07,11,1,0,0,16.1,1,0
T011146,18.89,5,0,0,0,16.5,0,0
T011147,296.6,18,1,0,1,7.1,0,0
T011148,26.5,20,0,1,0,17.9,0,0
T011149,98.22,8,1,0,0,77.8,2,0
T011150,45.9,5,1,0,0,8.3,2,0
T011151,54.36,16,0,0,1,4.8,1,0
T011152,59.95,0,1,0,0,24.0,4,0
T011153,30.29,18,0,0,0,34.1,1,0
T011154,8.18,16,1,0,1,9.2,3,0
T011155,138.77,4,0,0,0,29.6,5,0
T011156,4.64,1,1,0,0,7.1,3,0
T011157,18.86,11,0,0,0,7.3,3,0
T011158,24.12,0,1,0,0,13.6,3,0
T011159,52.39,9,0,0,1,25.9,3,0
T011160,113.84,8,0,1,0,4.3,4,0
T011161,15.38,8,0,0,0,6.4,2,0
T011162,27.08,22,0,0,0,26.9,3,0
T011163,126.32,13,0,0,0,16.1,1,0
T011164,41.07,8,1,0,0,16.9,1,0
T011165,12.1,17,0,0,0,36.9,1,0
T011166,13.6,0,1,0,0,1.9,3,0
T011167,73.81,13,0,0,0,2.9,4,0
T011168,53.73,19,1,0,0,50.7,2,0
T011169,4.29,23,1,0,0,12.3,6,0
T011170,30.05,14,0,0,0,4.1,5,0
T011171,205.37,7,1,0,0,2.8,2,0
T011172,27.83,16,1,0,0,1.7,2,0
T011173,6.87,17,0,0,0,21.4,1,0
T011174,61.4,7,0,0,0,2.7,3,0
T011175,4.11,22,1,0,1,5.7,2,0
T011176,28.94,8,0,0,0,22.2,2,0
T011177,54.27,3,1,1,0,2.8,2,0
T011178,207.3,6,1,1,0,17.7,3,0
T011179,102.39,14,0,0,0,35.0,7,0
T011180,164.7,5,0,0,1,20.8,2,0
T011181,30.51,14,1,0,0,17.1,5,0
T011182,35.29,0,0,0,0,18.9,1,0
T011183,165.52,2,1,0,0,50.6,3,0
T011184,37.34,1,0,0,0,25.9,3,0
T011185,29.82,4,0,0,0,11.4,5,0
T011186,54.37,13,0,0,0,12.9,2,0
T011187,92.07,19,1,0,0,18.7,0,0
T011188,16.34,6,0,0,1,26.5,3,0
T011189,5.06,16,0,0,0,6.8,5,0
T011190,53.73,6,1,0,0,11.1,2,0
T011191,45.37,2,0,0,0,3.2,4,0
T011192,115.01,17,0,0,0,20.7,3,0
T011193,17.2,13,1,0,0,6.4,1,0
T011194,76.57,22,0,0,0,11.2,1,0
T011195,28.43,23,0,0,1,17.4,3,0
T011196,107.99,0,1,0,0,2.8,0,0
T011197,123.57,17,1,0,0,45.2,2,0
T011198,65.76,6,0,0,0,3.8,4,0
T011199,140.46,2,1,0,0,29.0,1,0
T011200,34.52,7,0,0,0,45.5,6,0
T011201,344.13,3,0,0,0,3.6,2,0
T011202,52.96,12,0,0,0,13.1,2,0
T011203,110.02,11,0,0,1,13.4,1,0
T011204,10.17,4,1,0,0,8.9,1,0
T011205,41.87,5,0,0,0,33.8,1,0
T011206,40.63,12,0,0,0,5.4,2,0
T011207,73.63,22,1,0,0,62.4,3,0
T011208,25.43,21,1,0,0,12.9,1,0
T011209,53.58,3,0,0,0,9.1,1,0
T011210,40.23,18,1,0,1,8.4,2,0
T011211,7.04,11,0,0,0,10.8,1,0
T011212,236.49,3,0,0,0,30.1,4,0
T011213,35.62,23,0,0,0,19.9,3,0
T011214,37.8,14,0,0,0,11.3,0,0
T011215,34.68,22,1,0,1,54.4,2,0
T011216,63.96,22,1,0,0,13.4,2,0
T011217,54.53,3,1,0,1,19.5,3,0
T011218,20.32,21,1,1,0,8.3,2,0
T011219,13.73,3,0,0,1,25.6,5,0
T011220,46.3,20,1,0,0,10.4,1,0
T011221,77.79,20,1,0,0,36.4,4,0
T011222,175.13,18,0,0,0,2.1,2,0
T011223,43.06,11,0,0,0,7.8,2,0
T011224,32.16,13,0,0,0,2.9,1,0
T011225,9.85,9,1,0,0,2.0,2,0
T011226,8.48,8,0,0,0,14.6,2,0
T011227,36.73,5,1,0,0,26.8,3,0
T011228,32.67,5,0,0,0,4.2,3,0
T011229,55.62,3,1,0,0,43.6,2,0
T011230,95.96,7,1,0,0,13.4,3,0
T011231,21.99,7,0,0,0,6.9,3,0
T011232,25.77,18,1,0,0,22.7,3,0
T011233,15.21,18,0,0,0,21.2,1,0
T011234,137.38,20,0,0,0,4.0,4,0
T011235,54.2,11,1,0,1,4.4,2,0
T011236,50.57,5,1,0,0,19.0,3,0
T011237,17.62,17,1,0,0,5.3,5,0
T011238,55.99,18,1,0,0,23.2,4,0
T011239,35.31,16,1,0,0,10.9,1,0
T011240,15.3,21,1,0,0,37.3,2,0
T011241,9.52,12,0,0,0,18.0,5,0
T011242,195.1,11,0,0,0,36.4,1,0
T011243,110.63,16,0,0,1,2.2,2,0
T011244,22.89,13,1,0,0,2.7,2,0
T011245,47.97,13,0,0,0,4.3,1,0
T011246,71.31,1,1,0,0,29.9,2,1
T011247,21.25,7,1,0,1,29.1,0,0
T011248,63.98,13,1,1,0,6.4,1,0
T011249,23.86,4,1,1,0,10.5,1,0
T011250,8.02,7,1,0,0,10.1,2,0
T011251,65.51,9,0,0,0,60.8,2,0
T011252,17.73,8,0,0,0,9.1,1,0
T011253,3.2,13,1,0,1,6.0,3,0
T011254,7.71,9,1,0,0,3.2,3,0
T011255,21.42,22,0,0,0,7.9,2,0
T011256,31.08,7,1,0,0,0.8,2,0
T011257,32.52,3,0,0,1,2.8,4,0
T011258,57.82,4,0,0,0,14.7,3,0
T011259,43.63,22,1,0,0,9.6,1,0
T011260,36.3,18,1,0,0,22.7,2,0
T011261,21.77,8,0,0,0,12.2,3,0
T011262,18.69,16,0,0,0,4.2,3,0
T011263,21.0,20,1,0,1,2.5,2,0
T011264,70.03,10,1,0,0,43.3,2,0
T011265,12.64,7,1,0,0,9.1,1,0
T011266,38.43,1,0,0,0,5.4,3,0
T011267,23.27,19,1,1,1,30.7,2,0
T011268,15.73,12,1,1,0,7.2,4,0
T011269,62.35,1,0,0,0,9.3,3,0
T011270,29.82,16,1,0,1,0.5,0,0
T011271,8.18,5,0,0,0,71.2,0,0
T011272,13.34,13,0,0,0,0.7,3,0
T011273,19.37,7,0,0,0,12.0,3,0
T011274,7.95,7,0,0,0,3.7,0,0
T011275,7.05,15,0,0,0,18.5,1,0
T011276,16.51,20,0,0,0,15.5,4,0
T011277,85.84,19,0,0,0,1.7,1,0
T011278,29.64,17,0,0,0,28.4,4,0
T011279,22.96,16,0,0,0,29.0,2,0
T011280,15.38,12,0,0,0,19.7,2,0
T011281,24.89,11,0,0,0,45.0,2,0
T011282,28.24,17,1,0,0,0.0,1,0
T011283,105.35,23,1,1,0,25.8,5,0
T011284,146.26,19,1,0,0,8.0,1,0
T011285,14.83,18,1,0,0,5.9,3,0
T011286,93.47,2,0,0,1,16.7,0,0
T011287,3.37,14,0,0,0,21.5,1,0
T011288,87.1,7,0,0,0,14.4,3,0
T011289,62.86,10,0,0,0,25.3,4,0
T011290,23.01,8,1,0,0,16.3,5,0
T011291,38.19,11,0,0,0,8.9,2,0
T011292,42.88,3,0,0,1,10.3,0,0
T011293,18.56,14,1,0,1,9.4,0,0
T011294,53.43,5,0,0,0,7.6,2,0
T011295,89.93,21,1,0,0,19.3,3,0
T011296,19.77,3,0,0,0,9.0,2,0
T011297,12.97,15,0,0,0,12.8,2,0
T011298,33.8,9,1,0,1,10.6,4,0
T011299,290.04,13,0,0,0,9.3,2,0
T011300,38.64,6,0,0,0,17.8,3,0
T011301,36.92,19,0,0,0,52.6,0,0
T011302,13.42,5,0,1,0,37.9,2,0
T011303,27.35,19,0,0,1,4.6,4,0
T011304,29.64,14,1,0,0,11.4,2,0
T011305,13.21,23,0,0,1,9.0,2,0
T011306,13.06,9,0,0,0,11.2,0,0
T011307,30.41,2,0,0,0,34.5,1,0
T011308,47.23,7,1,0,0,8.4,2,0
T011309,33.48,1,0,0,0,6.0,6,0
T011310,88.61,0,1,1,0,33.9,2,0
T011311,75.67,10,0,0,0,3.1,2,0
T011312,32.33,9,1,0,0,10.4,0,0
T011313,27.6,9,1,0,0,7.4,3,0
T011314,50.71,2,0,0,0,27.2,2,0
T011315,6.63,2,1,0,0,9.2,2,0
T011316,43.54,7,1,1,0,2.8,1,0
T011317,15.06,9,0,0,0,3.6,2,0
T011318,69.75,6,1,0,0,8.2,1,0
T011319,4.22,7,1,0,1,13.1,2,0
T011320,21.71,13,0,0,0,5.3,0,0
T011321,79.97,6,1,0,0,2.4,3,0
T011322,90.64,21,0,0,0,4.0,1,0
T011323,189.31,4,0,1,0,9.1,3,0
T011324,195.4,9,1,1,1,27.2,1,0
T011325,36.09,20,0,0,0,35.7,2,0
T011326,24.78,8,1,1,0,9.1,3,0
T011327,16.94,12,1,0,0,5.2,2,0
T011328,16.34,5,1,0,0,8.7,2,0
T011329,10.92,0,0,0,1,7.2,3,0
T011330,96.47,0,0,0,0,5.7,2,0
T011331,10.78,22,0,1,1,6.9,2,0
T011332,9.52,7,1,0,0,0.5,1,0
T011333,1.71,22,1,0,0,13.0,3,0
T011334,6.94,16,1,0,0,2.4,2,0
T011335,16.76,10,1,0,0,33.3,1,0
T011336,22.72,12,0,0,0,19.9,2,0
T011337,37.64,13,1,1,0,1.0,1,0
T011338,13.55,0,0,0,0,63.8,3,0
T011339,177.16,13,0,0,0,33.5,3,0
T011340,23.32,5,1,1,0,5.2,1,0
T011341,7.57,16,0,0,1,21.7,3,0
T011342,10.33,20,0,0,0,35.9,1,0
T011343,11.81,15,1,0,0,7.2,3,0
T011344,71.03,10,1,0,1,10.9,4,0
T011345,477.6,3,1,0,0,27.4,2,0
T011346,56.02,15,1,0,1,12.3,1,0
T011347,147.2,6,1,1,1,0.3,3,0
T011348,8.53,18,1,0,1,53.9,5,0
T011349,26.19,13,0,0,0,3.1,1,0
T011350,69.2,4,0,1,1,13.2,2,0
T011351,10.24,7,0,1,0,18.0,2,0
T011352,62.27,12,0,0,0,2.2,2,0
T011353,88.85,23,1,0,0,0.9,1,0
T011354,124.93,13,1,0,1,22.8,3,0
T011355,25.17,13,0,0,0,1.7,1,0
T011356,41.29,2,0,0,0,2.5,1,0
T011357,8.23,0,0,0,1,28.7,1,0
T011358,90.58,5,0,0,0,11.5,5,0
T011359,27.2,3,0,0,0,24.2,0,0
T011360,41.82,8,1,0,0,8.9,2,0
T011361,81.71,4,0,0,0,36.4,0,0
T011362,44.5,20,1,0,0,1.2,3,0
T011363,11.08,18,0,0,0,11.2,2,0
T011364,28.68,2,0,0,1,19.9,5,0
T011365,77.93,0,1,0,0,0.6,5,0
T011366,9.31,14,0,0,1,12.8,1,0
T011367,17.79,23,0,0,0,1.3,1,0
T011368,10.01,14,1,0,0,39.1,2,0
T011369,16.1,12,1,0,0,3.5,7,0
T011370,207.62,15,1,0,0,42.2,3,0
T011371,22.76,3,0,0,0,0.4,2,0
T011372,29.39,9,1,0,0,4.4,0,0
T011373,87.92,4,1,0,0,9.7,3,0
T011374,48.91,3,0,0,1,12.2,5,0
T011375,717.72,10,0,0,0,7.5,2,0
T011376,451.13,20,0,0,0,0.4,1,0
T011377,14.67,23,1,0,0,37.2,1,0
T011378,16.63,12,1,0,0,56.6,3,0
T011379,13.78,14,1,0,1,25.8,3,0
T011380,12.89,19,1,0,0,8.7,0,0
T011381,359.64,11,0,0,0,45.3,1,0
T011382,25.04,7,0,0,0,6.4,4,0
T011383,583.17,1,0,0,1,33.6,3,0
T011384,55.53,17,1,0,1,4.5,3,0
T011385,60.63,10,0,0,0,0.9,4,0
T011386,8.22,17,0,0,0,0.3,4,0
T011387,6.7,8,0,0,0,12.8,1,0
T011388,54.07,6,1,0,0,11.4,5,0
T011389,9.87,11,1,0,1,64.7,4,0
T011390,34.27,22,0,0,0,3.3,1,0
T011391,46.54,14,0,0,0,28.1,1,0
T011392,35.18,10,1,0,0,51.6,2,0
T011393,81.22,5,1,0,0,6.8,1,0
T011394,28.36,1,0,0,0,41.8,0,0
T011395,96.23,5,0,0,1,3.0,3,0
T011396,10.59,16,1,0,0,1.0,4,0
T011397,22.27,7,0,0,0,21.7,1,0
T011398,47.44,20,1,1,1,6.0,0,0
T011399,20.12,5,1,0,0,25.9,1,0
T011400,48.31,15,0,0,0,21.4,2,0
T011401,114.56,6,0,0,0,10.3,2,0
T011402,21.74,8,1,0,0,13.3,0,0
T011403,53.65,2,1,0,0,12.5,2,0
T011404,44.96,15,0,0,1,6.9,3,0
T011405,89.74,15,0,0,0,11.5,1,0
T011406,28.62,21,1,0,0,18.0,1,0
T011407,13.9,4,1,0,0,32.1,1,0
T011408,63.67,10,0,0,0,17.4,2,0
T011409,84.89,8,0,1,1,3.6,0,0
T011410,9.08,18,1,1,1,17.5,3,0
T011411,4.06,19,1,0,1,42.8,2,0
T011412,56.12,8,1,1,0,50.5,4,0
T011413,58.59,22,1,0,0,14.9,2,0
T011414,54.34,9,1,0,0,5.2,3,0
T011415,10.15,9,1,0,0,4.0,2,0
T011416,17.64,22,1,0,1,1.4,0,0
T011417,24.58,9,0,0,0,20.8,3,0
T011418,5.9,21,0,0,0,12.0,1,0
T011419,17.78,18,0,0,0,3.9,4,0
T011420,12.44,18,1,0,0,18.5,5,0
T011421,25.36,17,0,0,0,18.2,3,0
T011422,173.58,1,0,0,0,26.0,2,0
T011423,7.34,11,1,0,0,5.3,2,0
T011424,48.47,9,0,0,1,4.8,4,0
T011425,86.35,8,0,0,0,35.1,1,0
T011426,138.13,15,1,1,1,15.3,3,0
T011427,20.57,0,1,0,0,5.2,1,0
T011428,75.02,17,1,0,0,1.0,3,0
T011429,4.77,4,1,0,1,41.8,2,0
T011430,31.33,16,0,1,0,18.6,1,0
T011431,6.22,11,1,0,1,71.2,5,0
T011432,65.64,8,1,0,0,6.8,4,0
T011433,84.04,6,1,0,0,3.0,2,0
T011434,15.28,10,0,0,0,11.1,2,0
T011435,12.38,8,0,0,1,2.6,2,0
T011436,274.03,22,0,0,0,23.0,0,0
T011437,31.34,18,1,0,1,1.2,3,0
T011438,139.68,11,0,0,1,4.6,1,0
T011439,38.49,23,1,0,0,4.9,1,0
T011440,42.24,1,0,0,0,16.2,4,0
T011441,54.85,17,0,0,1,33.8,5,0
T011442,245.1,19,1,0,0,13.9,3,0
T011443,17.29,0,0,0,0,9.6,1,0
T011444,18.76,6,0,0,0,7.4,0,0
T011445,29.64,10,0,0,0,11.2,2,0
T011446,77.69,11,1,0,0,53.5,4,0
T011447,49.33,14,0,0,0,5.8,2,0
T011448,151.43,4,1,0,0,2.2,1,0
T011449,354.32,9,0,0,0,57.9,4,0
T011450,49.6,16,0,0,0,7.6,1,0
T011451,15.94,20,0,0,0,24.1,2,0
T011452,9.07,6,0,0,0,10.5,0,0
T011453,24.96,11,1,0,0,9.4,1,0
T011454,22.31,3,0,0,0,10.2,3,0
T011455,42.66,20,1,0,0,1.0,2,0
T011456,22.79,6,1,0,0,6.9,5,0
T011457,9.69,10,0,0,0,18.9,1,0
T011458,93.93,12,1,0,0,4.3,2,0
T011459,35.29,8,0,0,1,21.2,1,0
T011460,62.45,3,0,0,0,9.1,5,0
T011461,32.48,20,0,0,0,6.8,2,0
T011462,14.41,23,0,0,0,6.3,3,0
T011463,15.81,13,0,1,0,22.3,2,0
T011464,39.7,19,0,1,0,74.4,2,0
T011465,11.48,4,1,0,0,0.1,1,0
T011466,37.21,2,0,0,0,21.5,5,0
T011467,86.22,11,0,0,1,43.0,4,0
T011468,24.57,14,1,0,0,24.7,2,0
T011469,22.72,9,1,0,0,32.8,3,0
T011470,27.45,15,1,0,0,3.4,2,0
T011471,28.63,2,0,0,1,29.1,3,0
T011472,137.56,17,0,0,0,27.3,0,0
T011473,211.04,15,0,0,0,51.3,2,0
T011474,134.09,7,0,0,0,6.5,2,0
T011475,17.31,8,0,0,1,21.4,3,0
T011476,13.76,20,1,0,0,8.1,1,0
T011477,17.2,3,1,0,0,45.0,1,0
T011478,21.79,12,0,1,0,9.9,2,0
T011479,123.81,7,0,0,1,4.9,1,0
T011480,12.16,20,1,1,0,54.4,1,0
T011481,113.56,22,1,0,0,3.2,5,0
T011482,35.85,16,0,0,0,8.2,3,0
T011483,64.38,22,1,0,0,2.1,1,0
T011484,14.53,14,1,0,0,16.0,4,0
T011485,64.17,17,0,0,0,10.5,2,0
T011486,202.09,8,1,0,0,28.0,2,0
T011487,95.9,21,0,0,1,9.8,4,0
T011488,19.05,18,0,1,1,18.0,2,0
T011489,57.89,0,1,0,1,23.2,4,0
T011490,48.6,16,0,1,1,31.8,2,0
T011491,43.57,15,0,0,0,25.0,6,0
T011492,46.82,18,1,1,1,45.3,2,0
T011493,74.17,12,1,1,0,32.7,4,0
T011494,29.83,12,0,0,0,27.3,1,0
T011495,43.57,10,0,0,0,7.3,3,0
T011496,108.5,21,0,0,0,17.6,0,1
T011497,51.95,15,0,0,0,4.2,0,0
T011498,8.45,14,1,0,0,13.7,3,0
T011499,75.68,12,1,0,0,3.3,1,0
T011500,36.91,1,1,0,0,18.3,2,0
T011501,137.71,9,1,1,0,27.6,5,0
T011502,41.78,14,0,0,0,23.8,1,0
T011503,7.64,15,1,0,0,20.2,1,0
T011504,12.78,8,1,0,0,3.2,4,0
T011505,69.33,20,0,0,0,6.1,2,0
T011506,87.79,8,1,0,0,8.7,3,0
T011507,84.35,17,1,0,0,10.7,3,0
T011508,48.74,21,1,0,0,20.8,1,0
T011509,10.41,3,0,0,0,31.1,1,0
T011510,30.63,14,1,0,0,14.9,2,0
T011511,21.06,13,1,0,0,48.1,2,0
T011512,71.57,21,0,1,0,11.5,1,0
T011513,149.86,16,0,0,0,42.2,3,0
T011514,79.15,1,1,0,1,6.3,2,0
T011515,44.54,5,1,0,0,25.6,4,0
T011516,16.01,23,0,0,0,16.8,2,0
T011517,64.68,23,1,0,1,27.8,0,0
T011518,122.85,9,1,0,0,13.0,1,0
T011519,20.46,10,0,0,0,10.3,2,0
T011520,32.81,4,1,0,1,27.5,0,0
T011521,180.21,6,0,0,1,33.6,3,0
T011522,21.12,6,1,0,0,77.8,4,0
T011523,26.01,10,0,0,0,26.6,3,0
T011524,26.7,6,1,0,0,20.2,2,0
T011525,76.41,22,1,0,0,2.5,2,0
T011526,12.46,5,0,0,0,18.9,4,0
T011527,161.89,11,0,0,0,19.4,1,0
T011528,54.86,15,1,0,1,25.6,2,0
T011529,14.52,9,0,0,0,57.3,2,0
T011530,8.48,0,1,0,0,10.2,0,0
T011531,88.21,5,0,0,0,14.6,2,0
T011532,9.01,17,1,1,1,36.0,1,0
T011533,34.68,9,0,0,0,15.6,2,0
T011534,18.85,20,1,0,0,33.2,2,0
T011535,16.07,4,0,0,0,11.4,5,0
T011536,22.66,14,1,0,0,21.8,2,0
T011537,44.15,21,1,0,0,1.3,5,0
T011538,142.88,20,0,0,0,24.7,3,0
T011539,16.67,18,0,0,0,1.7,2,0
T011540,26.26,1,1,0,0,0.8,0,0
T011541,36.07,1,1,0,0,0.3,3,0
T011542,34.25,8,1,0,0,16.4,3,0
T011543,47.89,4,0,0,1,12.9,2,0
T011544,66.85,12,0,0,0,8.8,4,0
T011545,190.89,2,0,1,0,30.4,3,0
T011546,94.37,21,0,0,1,1.3,3,0
T011547,17.65,20,0,0,0,18.6,0,0
T011548,5.7,8,0,0,1,30.9,1,0
T011549,4.76,12,1,0,0,60.0,6,0
T011550,38.76,14,0,0,0,40.0,3,0
T011551,4.94,12,0,0,1,5.7,1,0
T011552,75.5,17,0,0,1,1.1,5,0
T011553,18.73,10,0,0,0,1.1,4,0
T011554,14.67,11,1,0,0,10.8,0,0
T011555,14.78,1,1,0,0,42.4,2,0
T011556,30.34,0,1,0,0,20.3,2,0
T011557,13.9,17,1,0,0,1.3,2,0
T011558,55.0,0,0,0,1,67.1,1,0
T011559,4.42,16,1,0,0,12.0,2,0
T011560,5.33,7,1,0,0,1.0,0,0
T011561,37.39,5,1,0,1,12.0,1,0
T011562,98.61,2,0,0,1,18.3,1,0
T011563,34.43,21,0,0,0,30.6,6,0
T011564,53.68,3,0,0,0,0.6,1,0
T011565,45.27,13,0,0,0,18.7,1,0
T011566,103.01,7,0,0,0,6.4,5,0
T011567,50.81,3,0,0,0,14.6,1,0
T011568,67.2,14,0,0,0,14.9,1,0
T011569,28.35,0,1,1,0,49.3,5,0
T011570,112.67,11,1,0,1,4.2,0,0
T011571,7.77,7,1,0,0,4.4,1,0
T011572,12.11,21,0,0,0,8.3,3,0
T011573,55.17,6,0,0,0,20.4,1,0
T011574,116.92,21,0,0,1,23.8,4,0
T011575,45.08,21,1,1,0,23.3,5,1
T011576,13.73,1,1,0,0,15.5,1,0
T011577,239.8,20,0,0,0,41.1,2,0
T011578,17.61,22,1,0,0,5.0,2,0
T011579,241.17,19,0,1,0,6.5,4,0
T011580,46.84,20,0,0,0,16.7,0,0
T011581,15.48,21,0,0,0,40.5,2,0
T011582,14.35,15,1,0,1,30.8,6,0
T011583,27.07,11,0,0,0,33.4,1,0
T011584,15.26,17,0,1,0,39.0,5,0
T011585,13.39,9,1,0,0,15.8,3,0
T011586,36.1,17,1,0,0,9.3,1,0
T011587,211.07,20,1,0,0,24.6,1,0
T011588,0.91,10,1,0,0,14.8,1,0
T011589,10.16,16,0,0,0,15.6,3,0
T011590,28.14,4,0,0,1,38.9,0,0
T011591,32.71,1,1,1,1,58.3,2,0
T011592,7.15,1,0,0,0,2.0,1,0
T011593,22.22,5,0,0,0,4.0,1,0
T011594,26.29,4,0,0,0,3.6,3,0
T011595,22.56,1,0,0,0,2.0,2,0
T011596,48.87,9,1,0,1,4.8,8,0
T011597,4.27,6,0,0,0,25.7,1,0
T011598,21.78,12,1,1,0,37.5,2,0
T011599,81.65,13,1,0,0,25.8,3,0
T011600,75.7,22,0,0,0,31.2,1,0
T011601,36.35,23,0,1,0,56.7,2,0
T011602,52.02,1,1,0,0,27.8,3,0
T011603,6.32,23,0,0,0,17.7,1,0
T011604,13.58,4,1,0,0,1.2,2,0
T011605,8.3,16,1,0,0,3.5,1,0
T011606,26.03,2,0,0,0,3.9,3,0
T011607,258.57,19,1,0,0,11.8,3,0
T011608,89.93,16,0,0,0,13.3,1,0
T011609,36.5,1,0,0,0,22.6,2,0
T011610,11.91,23,1,0,0,13.0,4,0
T011611,14.1,0,0,0,0,33.5,4,0
T011612,34.81,15,0,0,0,5.3,3,0
T011613,14.98,19,0,0,1,8.6,3,0
T011614,14.51,12,0,0,1,40.5,4,0
T011615,78.16,14,0,0,0,0.4,4,0
T011616,10.18,1,0,1,0,9.4,3,0
T011617,56.47,3,0,0,1,14.1,3,0
T011618,70.49,4,0,0,0,33.2,3,0
T011619,54.87,23,0,0,0,12.0,0,0
T011620,7.69,18,0,0,0,8.5,1,0
T011621,21.01,20,1,0,0,9.2,1,0
T011622,26.64,14,1,0,0,25.5,4,0
T011623,4.0,13,1,0,0,4.8,2,0
T011624,33.61,22,1,1,0,49.9,5,0
T011625,33.15,3,0,0,0,9.1,2,0
T011626,19.57,11,1,1,0,9.4,5,0
T011627,26.71,3,1,0,0,32.9,1,0
T011628,16.23,7,0,0,0,2.8,2,0
T011629,8.81,2,0,0,1,3.3,1,0
T011630,86.53,13,0,0,0,39.1,2,0
T011631,27.06,0,0,0,0,4.0,0,0
T011632,95.34,0,0,0,0,13.1,2,0
T011633,17.81,19,0,0,0,1.2,0,0
T011634,94.83,8,0,0,1,40.7,3,0
T011635,218.07,5,1,0,0,12.1,7,0
T011636,37.69,18,1,0,0,9.1,3,0
T011637,9.59,13,1,0,0,20.4,3,0
T011638,31.18,23,1,1,1,10.2,7,0
T011639,162.21,13,0,1,0,4.4,2,0
T011640,32.37,20,1,0,0,4.8,3,0
T011641,31.86,11,0,0,0,14.7,2,0
T011642,24.69,11,1,0,0,7.6,4,0
T011643,14.59,17,1,0,0,9.2,0,0
T011644,111.11,18,0,0,1,12.4,3,0
T011645,88.49,22,1,0,0,19.5,0,0
T011646,87.95,11,1,0,1,11.0,1,0
T011647,38.45,7,0,0,0,19.2,0,0
T011648,54.4,6,1,0,1,8.1,2,0
T011649,58.9,10,1,0,0,7.0,4,0
T011650,1.76,19,1,0,0,17.1,4,0
T011651,28.76,20,1,0,1,0.2,3,0
T011652,19.09,14,1,0,0,62.6,2,0
T011653,11.23,12,0,0,0,1.6,1,0
T011654,15.24,14,1,0,0,1.0,1,0
T011655,11.12,7,1,0,0,8.6,2,0
T011656,70.69,21,1,0,0,12.4,3,0
T011657,63.79,19,1,0,1,15.4,5,0
T011658,56.12,18,0,0,0,22.0,2,0
T011659,44.43,7,0,0,0,2.6,5,0
T011660,93.23,5,0,0,0,41.7,0,0
T011661,115.55,12,1,0,1,5.4,3,0
T011662,27.17,13,1,0,1,3.1,1,0
T011663,95.91,15,0,0,1,2.2,1,0
T011664,259.27,11,0,0,0,1.3,2,0
T011665,314.21,16,0,0,0,45.3,2,0
T011666,63.31,23,0,0,1,7.1,1,0
T011667,18.45,8,1,0,0,9.8,6,0
T011668,287.78,1,0,0,1,6.5,3,0
T011669,34.29,22,0,0,1,13.2,2,0
T011670,10.09,11,1,0,0,33.5,3,0
T011671,10.24,10,1,0,0,1.5,2,0
T011672,18.78,14,0,0,0,5.8,4,0
T011673,8.79,6,1,0,0,20.8,3,0
T011674,20.77,11,1,0,0,69.8,4,0
T011675,12.54,1,0,0,0,6.4,1,0
T011676,17.41,6,0,0,0,9.6,0,0
T011677,119.39,17,0,0,0,3.2,2,0
T011678,80.34,0,0,1,0,9.9,5,0
T011679,28.18,8,1,0,0,19.8,0,0
T011680,65.93,22,0,0,1,10.3,4,0
T011681,22.98,13,1,0,1,16.2,4,0
T011682,13.62,16,0,0,0,3.5,2,0
T011683,31.37,14,0,0,0,2.7,2,0
T011684,87.87,9,1,0,1,0.6,3,0
T011685,53.12,19,1,0,0,13.2,0,0
T011686,86.32,8,0,0,0,8.6,0,0
T011687,28.46,17,0,0,0,1.9,5,0
T011688,58.87,6,1,1,1,6.1,3,0
T011689,7.36,8,0,0,0,2.0,1,0
T011690,45.05,20,0,0,0,19.1,0,0
T011691,175.03,0,1,0,1,13.1,1,0
T011692,76.89,15,1,0,1,1.6,2,0
T011693,50.13,15,0,0,0,4.9,0,0
T011694,69.07,17,1,0,0,87.3,4,0
T011695,222.82,9,1,0,0,18.4,1,0
T011696,4.87,7,1,0,0,1.1,3,0
T011697,37.42,7,0,1,0,17.6,0,0
T011698,88.15,12,1,1,0,40.7,3,0
T011699,59.01,16,0,1,1,24.8,3,0
T011700,44.57,23,0,0,0,35.7,3,0
T011701,96.55,20,0,0,0,0.4,7,0
T011702,108.79,18,1,0,0,19.7,5,0
T011703,28.39,18,0,0,0,11.7,1,0
T011704,36.5,20,0,0,1,18.4,4,0
T011705,5.99,9,0,0,0,6.0,3,0
T011706,12.23,6,1,0,0,12.0,7,0
T011707,858.88,2,1,0,1,8.0,4,0
T011708,96.72,17,1,0,1,29.0,2,0
T011709,29.6,13,1,0,0,1.8,4,0
T011710,27.47,14,1,0,0,10.9,0,0
T011711,47.02,12,1,0,0,7.7,3,0
T011712,201.93,6,0,0,0,2.5,5,0
T011713,386.3,8,0,1,0,3.1,0,0
T011714,34.98,16,0,0,1,75.5,2,0
T011715,9.78,14,0,0,0,10.7,3,0
T011716,18.61,0,1,0,0,10.0,1,0
T011717,8.39,3,0,0,0,2.7,2,0
T011718,13.62,10,1,0,1,9.5,3,0
T011719,62.96,18,1,1,0,6.8,4,0
T011720,23.66,18,0,0,0,23.5,4,0
T011721,43.93,11,0,0,1,10.3,3,0
T011722,14.25,17,1,0,0,38.1,0,0
T011723,19.98,13,0,0,0,7.1,2,0
T011724,124.57,16,1,0,1,12.0,2,0
T011725,39.86,6,1,0,1,24.4,5,0
T011726,31.46,4,1,0,0,4.9,4,0
T011727,125.55,13,1,0,1,22.8,2,0
T011728,72.29,11,0,0,0,19.7,4,0
T011729,20.41,15,0,0,0,22.3,2,0
T011730,38.21,5,1,0,0,0.6,1,0
T011731,146.88,0,0,0,0,30.1,2,0
T011732,18.38,1,1,0,0,16.4,1,0
T011733,18.61,19,0,0,1,5.5,3,0
T011734,16.54,23,1,1,0,24.3,3,0
T011735,60.35,20,1,0,0,11.0,1,0
T011736,10.97,13,0,0,0,32.3,3,0
T011737,66.66,8,1,0,1,1.0,2,0
T011738,27.02,13,1,0,0,27.0,2,0
T011739,26.46,21,0,0,0,5.3,5,0
T011740,12.9,19,0,0,0,32.3,3,0
T011741,12.23,1,0,0,0,13.3,1,0
T011742,17.75,14,0,0,0,1.9,1,0
T011743,17.82,9,1,0,0,20.5,2,0
T011744,60.99,23,1,0,0,21.8,3,0
T011745,25.09,22,1,0,0,6.4,1,0
T011746,272.95,7,0,0,0,29.4,0,0
T011747,19.35,8,0,1,0,19.8,2,0
T011748,229.69,8,0,0,0,5.5,1,0
T011749,102.0,14,0,0,0,11.3,4,0
T011750,37.06,20,0,0,0,3.1,1,0
T011751,209.24,12,1,0,0,9.5,3,0
T011752,343.78,2,0,0,0,1.7,1,0
T011753,20.24,20,0,0,0,5.2,0,0
T011754,148.38,4,0,0,0,1.0,0,0
T011755,205.37,22,1,0,1,9.9,4,0
T011756,14.2,14,1,0,0,0.8,3,0
T011757,46.6,8,0,1,0,17.5,1,0
T011758,15.27,15,0,0,1,1.0,5,0
T011759,35.21,16,1,0,0,18.7,1,0
T011760,263.68,0,1,0,0,17.7,3,0
T011761,5.69,7,0,0,0,35.5,2,0
T011762,11.05,15,1,0,0,21.8,3,0
T011763,60.35,9,1,0,0,21.4,3,0
T011764,172.99,18,0,0,0,17.7,3,0
T011765,17.28,5,1,0,0,4.7,4,0
T011766,188.27,4,0,0,0,6.2,1,0
T011767,15.04,2,1,0,0,12.7,2,0
T011768,95.94,14,0,1,0,9.8,3,0
T011769,44.48,10,0,0,0,13.9,5,0
T011770,101.49,12,1,0,0,22.6,1,0
T011771,30.93,3,1,0,0,18.7,0,0
T011772,9.61,0,1,0,0,5.5,2,0
T011773,79.14,14,0,0,0,8.0,1,0
T011774,79.91,10,0,0,0,11.4,3,0
T011775,25.27,20,1,0,1,16.8,0,0
T011776,35.77,22,1,0,1,20.8,1,0
T011777,80.85,2,0,0,0,21.3,2,0
T011778,36.38,20,1,0,0,17.4,1,0
T011779,50.93,14,1,0,0,50.9,0,0
T011780,79.24,21,1,0,0,17.0,5,0
T011781,212.78,6,0,0,0,8.8,4,0
T011782,120.96,12,0,0,1,3.6,2,0
T011783,53.79,0,1,0,0,10.5,4,0
T011784,168.62,14,0,0,1,60.5,5,0
T011785,35.35,12,0,0,0,7.7,4,0
T011786,28.17,7,0,0,0,0.3,2,0
T011787,121.44,4,0,0,0,7.5,1,0
T011788,22.65,15,1,0,0,5.7,3,0
T011789,42.87,0,0,0,1,11.8,0,0
T011790,8.18,12,0,0,0,0.9,2,0
T011791,16.44,22,0,0,0,4.2,2,0
T011792,41.62,6,0,0,0,3.1,3,0
T011793,8.63,11,1,0,0,5.6,1,0
T011794,61.71,11,1,0,0,30.8,3,0
T011795,44.95,4,1,0,0,5.5,2,0
T011796,31.29,9,0,0,0,3.1,1,0
T011797,162.12,23,0,1,0,8.4,4,0
T011798,27.92,7,1,0,0,104.8,1,0
T011799,30.01,0,0,0,1,18.3,2,0
T011800,10.45,7,1,0,0,24.3,2,0
T011801,22.67,8,1,0,0,26.6,0,0
T011802,17.84,2,1,0,0,3.8,0,0
T011803,22.22,17,0,0,0,31.8,4,0
T011804,17.54,21,1,0,0,49.6,1,0
T011805,14.61,22,1,0,0,39.8,0,0
T011806,106.24,21,0,0,0,6.8,1,0
T011807,23.51,11,0,0,0,16.2,5,0
T011808,21.91,15,1,1,0,26.3,1,0
T011809,167.44,18,1,0,0,23.2,2,0
T011810,12.56,18,0,0,0,2.8,1,0
T011811,21.02,14,0,0,0,45.0,1,0
T011812,55.21,20,0,0,0,4.2,1,0
T011813,112.25,3,1,0,0,5.6,2,0
T011814,39.87,8,1,0,0,4.1,1,0
T011815,140.54,12,0,0,0,77.7,1,0
T011816,80.28,15,0,1,1,3.0,2,0
T011817,20.69,16,1,0,0,3.0,5,0
T011818,164.29,14,0,0,1,2.4,1,0
T011819,15.21,22,0,0,0,1.5,4,0
T011820,116.59,9,0,1,1,8.6,1,0
T011821,21.91,6,0,0,0,5.4,4,0
T011822,82.21,9,1,0,0,8.8,0,0
T011823,13.09,18,1,0,1,11.5,2,0
T011824,69.03,14,0,0,0,52.1,5,0
T011825,9.84,23,0,0,1,9.7,1,0
T011826,44.68,23,1,0,1,19.6,1,0
T011827,25.21,23,1,0,0,10.2,1,0
T011828,27.63,23,1,0,1,26.3,2,0
T011829,7.57,15,1,0,0,19.9,4,0
T011830,29.85,11,0,0,0,2.2,1,0
T011831,15.92,19,1,0,0,16.4,1,0
T011832,26.69,3,0,0,0,33.4,3,0
T011833,21.05,14,0,0,1,15.1,1,0
T011834,13.04,0,0,0,0,17.8,5,0
T011835,6.15,7,0,0,1,10.8,2,0
T011836,45.84,2,0,0,0,25.8,2,0
T011837,22.74,23,0,1,1,4.2,1,0
T011838,86.98,8,1,1,0,28.9,4,0
T011839,31.81,20,0,0,0,5.1,1,0
T011840,230.81,23,0,0,1,4.3,2,0
T011841,114.56,0,0,0,0,63.0,0,0
T011842,86.35,14,0,0,0,18.9,0,0
T011843,53.58,5,0,0,0,13.9,6,0
T011844,133.74,16,1,1,0,17.2,5,1
T011845,19.27,22,0,0,0,25.1,1,0
T011846,16.49,11,0,0,1,15.8,0,0
T011847,47.52,17,1,0,0,31.9,4,0
T011848,77.86,14,0,0,0,24.8,3,0
T011849,32.74,13,0,1,0,6.2,2,0
T011850,33.76,5,1,0,0,75.7,5,0
T011851,5.34,0,1,1,0,1.3,1,0
T011852,16.57,5,1,0,0,16.0,2,0
T011853,6.25,5,1,0,0,8.9,3,0
T011854,76.5,6,0,1,1,42.4,0,0
T011855,7.67,8,1,0,0,75.5,2,0
T011856,112.67,10,0,0,0,29.7,2,0
T011857,69.13,16,0,0,0,17.3,1,0
T011858,19.96,0,0,0,0,53.4,0,0
T011859,32.68,19,0,0,0,37.3,4,0
T011860,48.74,9,1,1,0,23.0,0,0
T011861,72.95,8,0,0,0,5.9,2,0
T011862,56.76,12,0,0,0,56.6,1,0
T011863,19.78,9,1,0,0,5.2,1,0
T011864,148.7,7,0,0,0,2.9,2,0
T011865,473.05,3,0,0,0,11.6,2,0
T011866,30.95,21,1,0,0,33.2,2,0
T011867,31.3,22,0,0,1,46.4,2,0
T011868,78.71,17,0,0,0,7.8,1,0
T011869,16.37,16,0,0,0,77.7,3,0
T011870,99.01,18,0,0,1,20.0,4,0
T011871,19.72,15,0,0,0,3.2,1,0
T011872,21.64,21,0,0,0,38.9,3,0
T011873,230.36,1,1,0,0,3.9,2,0
T011874,44.94,2,0,0,0,41.0,3,0
T011875,13.06,15,0,0,0,3.5,3,0
T011876,55.02,23,0,0,1,4.8,1,0
T011877,11.57,19,1,0,0,15.2,3,0
T011878,16.79,4,0,1,0,10.1,3,0
T011879,1.3,15,1,0,0,2.9,0,0
T011880,3.72,3,1,0,0,7.1,5,0
T011881,15.56,1,1,0,1,3.0,3,0
T011882,64.89,22,0,0,0,54.1,3,0
T011883,3.81,18,1,0,0,41.5,2,0
T011884,33.41,18,0,0,0,7.4,1,0
T011885,17.38,21,0,0,1,5.0,1,0
T011886,11.52,9,1,0,0,58.9,4,0
T011887,26.37,8,1,0,0,28.1,3,0
T011888,10.77,13,0,0,0,23.3,2,0
T011889,28.28,7,0,0,0,42.3,1,0
T011890,14.83,6,0,0,0,26.5,2,0
T011891,29.84,5,0,0,0,9.9,4,0
T011892,344.07,11,0,0,0,9.7,1,0
T011893,66.11,11,0,1,0,5.5,1,0
T011894,16.34,1,0,0,1,24.3,5,0
T011895,89.36,2,1,0,0,4.0,0,0
T011896,33.14,17,1,0,0,5.0,7,0
T011897,86.67,17,0,0,0,7.0,3,0
T011898,20.8,7,0,0,0,18.8,1,0
T011899,58.61,10,0,0,0,11.2,1,0
T011900,7.56,1,1,0,0,7.1,1,0
T011901,17.49,23,1,0,0,16.4,2,0
T011902,97.2,6,1,0,0,6.1,4,0
T011903,18.95,4,0,1,1,3.3,3,0
T011904,80.5,3,1,0,0,7.3,1,0
T011905,28.38,12,0,0,1,21.3,1,0
T011906,9.16,21,1,0,0,13.5,1,0
T011907,10.99,2,1,0,0,4.3,4,0
T011908,11.03,1,1,0,0,3.1,4,0
T011909,7.07,23,0,0,0,41.0,3,0
T011910,199.26,4,1,0,1,20.4,2,0
T011911,50.32,21,0,0,0,21.5,3,0
T011912,271.37,21,0,0,0,5.9,1,0
T011913,57.05,16,0,0,0,40.4,3,0
T011914,63.36,0,0,0,0,3.8,0,0
T011915,11.09,19,1,0,0,11.4,2,0
T011916,16.05,5,0,0,0,6.6,0,0
T011917,28.84,19,0,0,0,6.4,2,0
T011918,100.81,12,1,0,0,6.1,4,0
T011919,14.61,17,1,0,0,16.5,0,0
T011920,20.92,11,1,0,0,20.0,2,0
T011921,97.93,15,1,0,0,1.1,4,0
T011922,7.05,20,0,0,0,16.9,1,0
T011923,13.74,2,1,0,0,11.9,7,0
T011924,23.45,15,0,0,0,7.8,2,0
T011925,63.58,23,0,0,0,36.2,0,0
T011926,92.39,4,0,0,0,9.7,3,0
T011927,44.93,9,0,0,0,7.4,4,0
T011928,25.49,5,1,0,0,19.8,2,0
T011929,67.19,15,1,0,1,2.8,1,0
T011930,31.95,13,1,0,0,79.5,1,0
T011931,61.19,4,1,0,0,31.2,2,0
T011932,24.04,13,0,0,0,18.1,3,0
T011933,6.77,4,1,0,0,13.7,3,0
T011934,70.83,6,1,0,0,35.1,3,0
T011935,69.98,16,0,0,1,5.8,1,0
T011936,55.6,17,0,0,0,28.0,3,0
T011937,16.5,23,0,0,0,22.7,1,0
T011938,14.57,16,0,0,0,23.1,4,0
T011939,16.66,17,1,0,0,47.5,4,0
T011940,25.66,1,0,0,0,71.6,1,0
T011941,8.91,9,1,0,0,2.0,1,0
T011942,10.46,23,0,0,0,9.0,5,0
T011943,60.28,23,1,0,1,1.9,3,0
T011944,200.49,19,1,0,0,8.2,3,0
T011945,174.68,22,0,0,0,9.0,2,0
T011946,53.99,14,0,0,0,16.1,2,0
T011947,143.38,15,0,0,0,20.7,2,0
T011948,11.37,16,1,0,0,15.5,2,0
T011949,46.0,9,0,1,0,46.6,1,0
T011950,53.15,0,0,0,0,5.9,5,0
T011951,18.14,13,0,0,1,9.0,3,0
T011952,27.29,19,0,0,0,12.0,2,0
T011953,54.76,0,1,0,0,4.8,2,0
T011954,72.35,10,1,0,0,12.1,0,0
T011955,22.13,21,0,0,0,67.2,1,0
T011956,30.0,1,0,0,0,8.7,1,0
T011957,15.17,2,0,0,0,4.1,2,0
T011958,18.1,15,0,0,1,17.2,3,0
T011959,41.87,20,1,0,1,17.8,0,0
T011960,13.94,19,0,0,0,2.3,0,0
T011961,7.51,7,1,0,1,29.0,3,0
T011962,14.4,6,0,0,0,26.2,4,0
T011963,18.18,14,1,0,0,30.8,2,0
T011964,45.83,18,0,0,0,7.2,2,0
T011965,32.34,11,1,0,0,10.6,1,0
T011966,34.15,23,1,0,1,12.8,0,0
T011967,6.84,9,1,0,0,16.9,2,0
T011968,9.38,22,0,0,0,37.6,1,0
T011969,48.6,9,0,0,0,3.6,1,0
T011970,56.04,2,0,0,0,9.6,4,0
T011971,22.99,21,0,0,0,2.7,3,0
T011972,29.16,3,0,0,0,8.7,3,0
T011973,40.44,2,1,0,0,19.4,2,0
T011974,61.11,8,0,0,0,14.0,5,0
T011975,12.95,21,1,0,0,0.8,3,0
T011976,16.01,16,1,0,0,1.5,2,0
T011977,11.42,12,0,0,0,20.2,0,0
T011978,44.31,2,0,0,0,31.0,3,0
T011979,24.0,4,1,0,0,0.5,4,0
T011980,6.66,19,1,0,0,1.1,3,0
T011981,46.02,6,0,0,0,35.5,2,0
T011982,40.42,18,1,0,0,16.7,3,0
T011983,82.74,6,0,0,0,3.8,0,0
T011984,94.45,22,0,0,0,2.2,0,0
T011985,21.22,6,0,0,0,7.7,2,0
T011986,168.03,15,0,0,0,9.5,1,0
T011987,91.83,17,1,0,0,5.9,3,0
T011988,181.55,15,0,1,0,39.4,3,0
T011989,194.65,4,0,0,0,78.6,0,0
T011990,17.1,6,1,0,1,32.4,2,0
T011991,52.73,1,1,0,0,7.1,2,0
T011992,47.18,18,0,0,0,3.4,1,0
T011993,35.59,19,0,0,0,26.9,3,0
T011994,31.59,16,0,0,1,9.7,3,0
T011995,41.7,1,1,0,1,48.0,2,0
T011996,78.59,16,1,0,1,5.2,0,0
T011997,93.5,18,1,0,0,22.4,1,0
T011998,9.84,17,0,0,0,10.3,3,0
T011999,71.15,17,0,0,0,19.5,1,0
T012000,38.27,19,1,0,0,65.0,1,0
T012001,83.04,12,1,0,1,18.5,2,0
T012002,6.2,4,1,0,0,26.8,2,0
T012003,13.43,12,0,0,1,1.6,4,0
T012004,10.25,12,1,0,1,5.0,4,0
T012005,52.46,21,1,0,1,14.1,2,0
T012006,286.73,10,1,0,1,5.3,1,0
T012007,43.43,15,1,0,0,37.0,2,0
T012008,12.42,4,0,0,0,6.9,0,0
T012009,14.75,21,0,0,0,21.5,2,0
T012010,122.78,20,0,0,0,5.5,3,0
T012011,32.44,6,1,0,0,7.7,1,0
T012012,48.82,0,1,0,0,3.6,2,0
T012013,21.16,22,1,0,0,12.8,2,0
T012014,34.71,6,1,1,0,9.5,4,0
T012015,15.55,8,0,1,1,13.5,2,0
T012016,84.85,4,1,0,0,12.0,0,0
T012017,4.25,3,1,0,0,24.8,1,0
T012018,30.68,13,0,0,0,7.7,1,0
T012019,8.23,4,0,0,1,28.4,0,0
T012020,21.76,5,0,0,0,52.5,2,0
T012021,10.74,8,0,0,0,46.5,1,0
T012022,46.69,23,0,0,0,0.2,3,0
T012023,259.86,12,1,0,1,21.8,2,0
T012024,15.22,11,1,1,0,34.2,1,0
T012025,14.46,10,0,0,0,4.6,5,0
T012026,34.78,15,1,0,0,37.3,1,0
T012027,93.65,13,1,0,0,4.6,4,0
T012028,41.92,0,0,0,0,10.9,3,0
T012029,23.79,2,0,0,1,26.3,3,0
T012030,24.91,20,0,0,1,6.9,3,0
T012031,17.6,8,0,0,1,24.8,4,0
T012032,121.18,7,0,0,0,8.3,5,0
T012033,92.45,0,0,0,0,17.8,1,0
T012034,42.4,13,0,0,0,8.0,1,0
T012035,64.22,17,1,0,0,17.6,3,0
T012036,262.36,13,1,0,0,70.3,2,0
T012037,85.21,20,1,0,1,8.8,0,0
T012038,114.29,15,1,0,1,10.0,2,0
T012039,12.09,14,1,0,0,12.8,1,0
T012040,56.42,12,1,0,1,6.3,2,0
T012041,40.68,10,1,1,0,9.5,2,0
T012042,46.54,5,0,0,0,31.0,3,0
T012043,92.3,16,1,0,0,8.1,0,0
T012044,40.62,6,0,0,0,28.0,2,0
T012045,13.14,5,0,0,0,9.4,2,0
T012046,8.5,10,0,0,0,24.4,3,0
T012047,25.11,7,0,0,0,3.4,1,0
T012048,51.84,5,1,0,0,21.7,4,0
T012049,11.84,19,0,0,0,13.3,3,0
T012050,69.81,3,0,0,0,8.4,6,0
T012051,28.88,7,1,0,0,3.3,2,0
T012052,66.13,7,0,0,0,61.0,1,0
T012053,21.95,17,1,0,0,6.9,0,0
T012054,304.04,7,1,0,0,1.8,4,0
T012055,108.1,16,1,0,0,66.3,6,0
T012056,22.12,4,0,0,0,4.2,2,0
T012057,37.69,8,1,1,0,4.0,1,0
T012058,135.8,20,0,0,0,17.1,3,0
T012059,74.9,5,1,0,0,13.3,2,0
T012060,11.67,5,0,0,0,18.7,1,0
T012061,30.42,19,1,1,1,20.2,0,0
T012062,27.96,0,0,0,0,66.1,3,0
T012063,42.61,4,0,0,0,21.3,5,0
T012064,61.44,2,1,0,0,30.2,4,0
T012065,14.86,23,0,1,0,4.3,2,0
T012066,16.91,17,0,0,0,40.4,1,0
T012067,135.0,2,1,0,0,41.9,2,0
T012068,91.32,18,0,0,0,9.5,3,0
T012069,88.32,18,1,0,0,1.5,3,0
T012070,141.66,19,0,0,0,15.8,0,0
T012071,24.05,0,0,0,0,3.3,0,0
T012072,94.18,1,0,0,1,25.9,0,0
T012073,26.42,17,1,0,0,7.5,1,0
T012074,47.42,12,0,0,0,1.8,4,0
T012075,46.57,7,1,0,1,10.1,0,0
T012076,109.47,9,0,0,0,32.6,4,0
T012077,31.91,15,0,1,0,11.8,1,0
T012078,16.16,14,0,0,0,53.3,2,0
T012079,36.77,3,1,0,0,9.9,0,0
T012080,154.08,0,0,0,0,9.7,3,0
T012081,16.96,0,0,0,0,13.6,1,0
T012082,5.29,16,1,0,0,15.2,1,0
T012083,68.56,18,0,0,0,7.5,3,0
T012084,268.11,19,1,0,0,1.9,2,0
T012085,388.51,2,0,0,0,53.2,2,0
T012086,94.73,20,1,0,1,43.0,2,0
T012087,170.89,5,0,0,1,6.3,0,0
T012088,15.65,21,1,0,0,1.8,1,0
T012089,10.13,4,0,0,0,21.6,1,0
T012090,38.3,23,0,0,0,2.3,1,0
T012091,84.87,17,0,0,0,23.0,0,0
T012092,35.77,4,0,0,0,8.5,0,0
T012093,37.06,18,0,0,1,3.1,2,0
T012094,100.41,6,1,0,0,54.4,1,0
T012095,13.74,9,1,0,0,3.1,4,0
T012096,69.64,14,1,0,0,12.4,1,0
T012097,37.98,1,0,0,0,7.2,0,0
T012098,71.81,13,0,0,1,42.7,5,0
T012099,149.56,18,0,0,0,6.9,6,0
T012100,2.74,8,0,1,0,10.9,0,0
T012101,65.38,14,0,0,1,19.3,4,0
T012102,95.81,1,0,0,0,4.7,2,0
T012103,190.35,21,1,0,0,16.6,4,0
T012104,50.56,16,1,0,0,10.9,3,0
T012105,19.98,11,0,0,1,9.0,5,0
T012106,22.02,3,1,0,0,14.8,1,0
T012107,27.09,12,0,0,0,0.2,3,0
T012108,5.66,1,0,0,0,25.6,1,0
T012109,5.08,16,0,1,0,11.0,2,0
T012110,52.06,0,1,0,0,19.3,2,1
T012111,180.39,14,0,0,1,2.1,2,0
T012112,29.92,3,0,0,0,31.2,3,0
T012113,259.7,0,1,0,1,27.8,4,0
T012114,81.24,20,0,0,0,2.3,2,0
T012115,84.77,3,0,0,1,18.9,2,0
T012116,60.9,23,0,0,0,9.4,3,0
T012117,4.09,21,1,0,0,66.5,2,0
T012118,63.18,14,1,0,0,27.3,0,0
T012119,11.15,0,1,0,0,17.7,1,0
T012120,43.37,7,1,0,0,41.4,1,0
T012121,56.47,0,0,0,0,16.7,2,0
T012122,13.68,18,1,0,0,5.2,3,0
T012123,14.07,19,0,0,1,1.8,1,0
T012124,13.55,9,1,0,0,26.3,5,0
T012125,16.61,11,0,0,0,16.5,1,0
T012126,24.19,23,0,0,0,18.3,1,0
T012127,25.13,7,1,0,0,17.3,2,0
T012128,36.64,23,1,0,0,15.5,2,0
T012129,10.29,15,1,0,0,0.4,5,0
T012130,89.8,11,0,0,0,87.0,1,0
T012131,34.28,13,0,0,1,24.6,0,0
T012132,7.81,23,0,0,1,20.5,1,0
T012133,20.26,22,1,0,1,41.6,2,0
T012134,85.97,3,0,0,1,24.6,2,0
T012135,6.88,23,0,0,0,22.4,4,0
T012136,5.17,18,0,0,0,6.1,0,0
T012137,2.66,0,1,0,1,6.3,2,0
T012138,3.97,16,0,0,0,23.9,2,0
T012139,57.9,13,0,0,0,38.2,2,0
T012140,5.22,18,1,0,0,0.9,2,0
T012141,16.46,17,1,0,0,4.4,4,0
T012142,128.24,4,0,0,0,42.6,4,0
T012143,53.4,23,0,0,0,11.2,0,0
T012144,166.25,22,0,0,0,24.2,4,0
T012145,56.28,9,1,0,0,9.3,2,0
T012146,74.88,12,1,0,0,7.6,3,0
T012147,87.84,5,1,0,0,8.1,1,0
T012148,27.94,2,0,0,1,25.9,1,0
T012149,401.07,19,1,0,0,8.0,1,0
T012150,15.53,1,1,0,0,2.5,1,0
T012151,55.42,23,1,0,0,0.5,2,0
T012152,73.82,15,0,0,0,18.1,1,0
T012153,89.05,3,0,0,0,4.2,2,0
T012154,21.67,5,1,0,0,4.8,1,0
T012155,48.13,8,0,0,0,12.1,4,0
T012156,17.65,10,1,0,0,17.5,3,0
T012157,127.97,18,0,0,0,16.9,2,0
T012158,35.54,14,1,0,1,1.8,0,0
T012159,47.34,0,0,0,1,0.9,4,0
T012160,227.99,19,0,0,0,7.5,3,0
T012161,642.93,8,0,0,0,8.6,3,0
T012162,11.83,5,1,0,0,11.2,2,0
T012163,40.24,7,0,0,0,9.6,3,0
T012164,7.54,19,0,0,0,15.6,0,0
T012165,102.57,21,1,0,0,27.8,2,0
T012166,98.2,22,0,0,1,1.6,2,0
T012167,184.03,7,1,1,0,29.0,4,0
T012168,936.38,21,1,0,0,10.5,3,0
T012169,246.5,21,0,0,1,4.1,2,0
T012170,31.5,16,0,0,1,11.1,2,0
T012171,27.8,19,1,0,0,14.9,1,0
T012172,49.58,3,1,0,0,45.4,2,0
T012173,8.85,0,0,0,0,17.4,2,0
T012174,9.55,9,1,0,0,12.3,0,0
T012175,24.58,15,0,0,0,5.7,1,0
T012176,70.14,12,1,1,0,5.7,0,0
T012177,62.87,23,0,0,1,18.1,3,0
T012178,31.59,19,1,0,0,22.4,0,0
T012179,38.45,23,1,0,1,8.4,2,0
T012180,79.84,6,1,0,0,20.3,0,0
T012181,87.06,17,0,0,0,18.6,1,0
T012182,26.17,8,0,0,0,26.2,3,0
T012183,6.87,15,1,0,0,32.1,3,0
T012184,11.23,17,0,0,0,7.0,2,0
T012185,139.98,21,1,0,0,32.1,4,0
T012186,63.55,8,0,0,1,16.9,0,0
T012187,30.47,0,1,0,0,4.3,2,0
T012188,3.17,9,0,0,1,8.3,6,0
T012189,17.53,9,1,0,0,11.2,3,0
T012190,125.65,0,0,0,1,46.8,3,0
T012191,8.22,23,0,0,0,3.8,3,0
T012192,19.39,9,0,0,0,9.2,1,0
T012193,98.13,13,0,0,0,10.3,1,0
T012194,114.61,21,1,0,1,36.8,1,0
T012195,59.63,0,1,0,0,19.3,1,0
T012196,16.71,18,0,0,0,41.4,0,0
T012197,14.67,7,0,0,1,10.5,3,0
T012198,57.72,0,0,0,1,13.8,0,0
T012199,37.01,10,0,0,0,55.4,0,0
T012200,12.34,20,1,0,0,33.1,1,0
T012201,4.34,2,1,0,1,9.3,2,0
T012202,73.01,21,1,0,0,30.8,3,0
T012203,19.09,22,1,0,0,29.6,2,0
T012204,20.78,12,1,0,0,5.5,4,0
T012205,211.51,11,1,0,0,28.0,2,0
T012206,60.6,6,1,0,0,18.9,6,0
T012207,35.57,8,1,1,0,19.7,0,0
T012208,24.84,1,0,0,1,0.5,2,0
T012209,30.0,21,1,0,1,4.4,3,0
T012210,36.9,4,0,0,0,34.3,1,0
T012211,29.85,3,0,0,0,38.8,0,0
T012212,472.13,9,0,0,0,21.1,2,0
T012213,14.02,12,1,0,0,18.2,3,0
T012214,33.5,14,1,0,1,3.5,4,0
T012215,20.19,7,1,0,0,17.5,1,0
T012216,56.43,16,0,0,0,18.5,2,0
T012217,13.16,22,0,0,0,22.9,1,0
T012218,23.44,4,1,0,0,16.8,5,0
T012219,14.69,8,1,0,0,10.5,0,0
T012220,74.28,8,0,1,1,26.5,2,0
T012221,6.31,18,1,0,0,19.4,1,0
T012222,74.28,10,0,1,1,10.4,0,0
T012223,56.57,18,1,0,0,6.9,2,0
T012224,21.71,7,0,0,1,51.7,3,0
T012225,10.43,19,0,0,0,0.4,0,0
T012226,24.14,19,0,1,0,10.3,2,0
T012227,37.7,23,0,0,0,7.0,1,0
T012228,98.05,20,0,0,0,0.6,2,0
T012229,66.31,4,0,0,0,23.8,2,0
T012230,9.74,20,0,0,0,0.8,2,0
T012231,53.67,3,1,0,0,40.3,2,0
T012232,59.72,11,0,0,0,20.6,1,0
T012233,10.73,19,1,0,1,20.2,1,0
T012234,107.7,15,0,0,0,2.9,0,0
T012235,117.96,15,0,0,0,33.8,2,0
T012236,4.06,7,1,0,1,67.7,1,0
T012237,3.52,20,1,0,0,10.0,1,0
T012238,49.53,19,1,0,0,22.7,1,0
T012239,123.4,11,1,0,0,3.7,3,0
T012240,67.74,8,1,0,0,5.1,6,0
T012241,91.14,4,1,0,0,2.9,0,0
T012242,26.38,22,0,0,0,21.2,1,0
T012243,9.85,0,1,0,0,14.1,0,0
T012244,147.45,4,0,0,0,9.4,2,0
T012245,6.29,4,1,0,0,39.0,1,0
T012246,72.81,18,0,0,1,56.5,1,0
T012247,14.3,18,1,0,0,21.8,2,0
T012248,101.2,7,1,0,0,21.6,0,0
T012249,41.87,11,1,0,0,17.1,2,0
T012250,89.35,10,0,0,0,10.2,1,0
T012251,27.16,20,1,0,0,3.3,2,0
T012252,38.58,8,0,0,0,50.4,1,0
T012253,12.51,20,1,0,0,52.2,1,0
T012254,41.89,13,0,0,0,3.1,0,0
T012255,14.15,13,0,0,0,18.8,0,0
T012256,57.2,13,1,0,0,1.1,2,0
T012257,14.41,6,0,0,0,52.2,4,0
T012258,15.14,1,0,0,1,0.6,1,0
T012259,44.11,10,1,0,0,11.8,1,0
T012260,3.5,18,1,0,0,5.7,2,0
T012261,61.69,22,0,0,0,6.7,3,0
T012262,40.71,15,1,0,0,2.9,3,0
T012263,51.65,23,1,0,0,2.9,1,0
T012264,3.4,5,0,0,0,22.7,2,0
T012265,61.88,12,0,0,0,6.8,4,0
T012266,116.15,19,1,0,0,22.7,3,0
T012267,28.68,2,0,0,0,44.5,4,0
T012268,73.74,21,0,0,0,14.2,2,0
T012269,31.85,20,0,0,0,4.2,1,0
T012270,9.6,15,1,0,0,7.0,4,0
T012271,57.52,2,1,0,1,6.5,5,0
T012272,6.93,15,0,0,0,20.1,7,0
T012273,114.58,4,0,1,0,4.4,4,0
T012274,27.38,7,1,0,0,26.1,1,0
T012275,43.02,14,0,0,0,8.4,3,0
T012276,29.77,2,0,0,1,35.4,5,0
T012277,47.14,18,1,0,0,2.7,1,0
T012278,20.21,7,0,1,1,4.1,3,0
T012279,18.26,14,1,0,0,19.5,3,0
T012280,27.09,14,0,0,0,5.0,2,0
T012281,32.68,11,1,0,0,8.5,2,0
T012282,23.66,15,0,0,0,5.3,2,0
T012283,27.06,20,0,1,0,6.7,0,0
T012284,171.89,18,1,0,0,19.4,3,0
T012285,83.45,21,0,0,1,15.8,2,0
T012286,94.75,20,1,0,0,6.6,1,0
T012287,237.09,7,0,0,0,3.7,2,0
T012288,12.9,19,0,0,1,23.8,3,0
T012289,30.97,6,0,0,1,20.8,4,0
T012290,33.5,5,0,0,0,7.6,1,0
T012291,30.88,23,1,0,0,7.3,4,0
T012292,5.25,5,1,0,0,11.8,3,0
T012293,15.52,1,0,0,1,6.4,3,0
T012294,13.7,8,0,0,0,17.1,1,0
T012295,25.02,15,0,0,0,12.4,0,0
T012296,53.18,0,0,0,0,42.8,3,0
T012297,71.08,18,1,0,0,31.7,3,0
T012298,18.93,13,0,0,0,16.6,3,0
T012299,79.5,6,0,0,0,4.0,1,0
T012300,10.51,10,0,1,0,19.0,5,0
T012301,30.81,1,1,0,0,33.0,5,0
T012302,75.22,10,1,0,0,2.7,2,0
T012303,53.57,19,0,0,1,4.4,3,0
T012304,8.02,15,0,0,0,43.9,2,0
T012305,45.44,3,0,0,1,1.7,3,0
T012306,78.27,1,0,0,0,12.3,1,0
T012307,138.99,0,0,0,0,1.2,5,0
T012308,41.05,5,1,0,0,2.0,1,0
T012309,40.69,7,1,0,1,6.3,0,0
T012310,80.56,0,1,0,0,25.5,0,0
T012311,4.27,4,0,0,0,82.3,2,0
T012312,11.71,4,0,0,0,18.5,1,0
T012313,19.27,0,1,1,0,7.3,4,0
T012314,138.69,22,1,0,0,10.8,2,0
T012315,32.5,19,0,0,0,13.8,0,0
T012316,19.58,0,0,0,1,17.9,4,0
T012317,29.41,17,0,0,1,5.6,1,0
T012318,61.43,9,0,0,0,33.3,1,0
T012319,74.5,13,1,0,0,4.7,0,0
T012320,87.77,12,1,0,0,22.9,0,0
T012321,46.71,23,1,0,0,9.1,1,0
T012322,45.24,3,0,1,0,5.3,2,0
T012323,55.86,9,0,1,0,18.5,2,0
T012324,167.95,17,0,0,0,2.8,1,0
T012325,30.53,3,1,0,0,4.3,0,0
T012326,11.99,9,0,1,0,68.4,2,0
T012327,45.38,14,0,0,0,15.1,3,0
T012328,63.77,12,1,1,0,8.0,2,0
T012329,124.48,6,1,0,0,8.8,3,0
T012330,119.87,8,0,0,0,16.7,3,0
T012331,11.86,18,0,0,0,3.7,4,0
T012332,103.65,10,1,0,0,25.2,2,0
T012333,27.64,19,0,0,0,21.3,3,0
T012334,8.21,10,0,0,0,1.6,1,0
T012335,20.21,7,0,0,1,29.1,4,0
T012336,35.87,5,0,0,1,5.3,3,0
T012337,142.76,1,1,0,1,11.7,4,0
T012338,28.32,15,0,0,0,24.2,4,0
T012339,75.9,7,0,0,0,9.7,3,0
T012340,123.31,0,1,0,0,32.2,4,0
T012341,18.9,18,1,0,0,11.7,1,0
T012342,67.09,1,0,0,0,9.7,1,0
T012343,77.53,0,0,0,0,13.0,2,0
T012344,31.9,18,1,0,0,1.4,1,0
T012345,10.56,2,0,0,1,9.7,3,0
T012346,21.37,22,0,0,0,38.6,1,0
T012347,69.58,23,0,0,0,50.3,0,0
T012348,43.41,11,0,0,0,8.5,2,0
T012349,5.31,20,0,0,1,33.9,2,0
T012350,59.31,5,0,1,0,19.7,1,0
T012351,183.75,0,0,0,0,44.7,2,0
T012352,18.11,22,1,0,0,9.2,3,0
T012353,193.56,3,1,0,0,13.8,4,0
T012354,12.03,18,0,0,1,9.7,2,0
T012355,44.1,17,0,1,1,57.2,2,0
T012356,17.7,10,1,0,0,12.2,2,0
T012357,66.71,18,0,0,0,10.9,3,0
T012358,24.62,17,1,0,0,6.1,5,0
T012359,226.23,18,1,0,1,6.7,0,0
T012360,45.61,11,0,0,0,13.9,1,0
T012361,11.35,19,1,0,0,14.1,3,0
T012362,25.45,22,1,0,0,7.4,2,0
T012363,15.6,1,0,0,0,21.7,2,0
T012364,183.32,5,1,0,0,28.7,4,0
T012365,21.75,4,0,0,0,48.5,1,0
T012366,65.49,12,1,0,1,15.9,5,0
T012367,35.58,22,0,0,0,59.6,5,0
T012368,81.81,0,1,0,0,8.7,2,0
T012369,61.92,11,1,0,0,8.4,1,0
T012370,26.47,14,1,0,0,5.7,4,0
T012371,39.16,16,1,0,1,17.1,3,0
T012372,280.45,3,0,0,0,8.1,2,0
T012373,16.04,1,0,0,0,13.2,1,0
T012374,70.42,23,0,0,0,8.5,2,0
T012375,60.2,7,0,0,0,39.6,4,0
T012376,13.25,22,0,0,0,12.8,2,0
T012377,32.68,0,1,0,0,1.3,2,0
T012378,148.63,10,0,0,0,1.7,2,0
T012379,73.75,20,0,0,0,13.0,0,0
T012380,257.77,8,0,0,0,33.4,1,0
T012381,111.46,8,1,0,1,12.7,1,0
T012382,35.96,18,1,0,0,6.2,5,0
T012383,28.06,8,0,0,0,32.6,3,0
T012384,16.89,19,0,0,0,8.2,1,0
T012385,30.85,0,1,0,0,18.8,2,0
T012386,4.99,16,1,0,1,3.2,3,0
T012387,71.86,16,0,0,0,10.1,2,0
T012388,45.44,10,0,0,0,23.2,4,0
T012389,29.54,7,0,0,0,2.4,1,0
T012390,52.3,4,0,0,0,1.2,3,0
T012391,93.73,3,1,1,0,30.9,2,0
T012392,15.05,9,0,0,1,44.2,1,0
T012393,77.15,9,0,0,1,3.2,5,0
T012394,104.62,12,0,0,0,26.4,3,0
T012395,19.19,14,0,0,0,28.4,5,0
T012396,143.43,19,1,0,0,18.9,5,0
T012397,27.1,0,0,0,1,9.2,1,0
T012398,93.62,3,0,0,0,37.9,4,0
T012399,143.23,10,0,0,0,15.6,4,0
T012400,23.63,23,0,0,0,3.0,1,0
T012401,11.69,21,1,0,0,18.4,5,0
T012402,7.12,5,0,0,0,52.1,3,0
T012403,10.73,1,0,0,0,78.0,3,0
T012404,29.13,5,1,0,0,2.8,3,0
T012405,339.07,3,1,0,0,1.8,1,0
T012406,80.42,22,1,0,0,27.9,3,0
T012407,12.0,6,0,0,0,43.6,1,0
T012408,11.32,21,0,0,0,35.4,6,0
T012409,34.81,18,0,0,1,5.9,1,0
T012410,4.28,6,0,0,0,9.2,2,0
T012411,29.44,17,1,0,0,2.1,3,0
T012412,99.63,3,1,0,0,104.0,2,0
T012413,82.39,18,0,0,0,8.9,2,0
T012414,46.5,3,0,0,0,16.2,1,0
T012415,45.44,1,1,0,0,9.5,1,0
T012416,37.16,6,0,0,0,28.2,3,0
T012417,15.26,14,0,0,0,13.9,1,0
T012418,51.75,22,1,0,0,7.1,2,0
T012419,19.18,11,1,0,1,1.3,1,0
T012420,84.08,14,1,0,0,38.5,1,0
T012421,22.07,16,1,0,0,4.3,1,0
T012422,53.23,1,0,0,0,14.0,4,0
T012423,26.06,16,1,0,0,9.4,1,0
T012424,51.34,14,1,0,0,2.0,2,0
T012425,32.34,18,1,0,0,4.6,2,0
T012426,32.37,0,1,0,0,34.4,2,0
T012427,56.07,3,1,0,1,35.1,2,0
T012428,24.56,10,0,0,0,11.5,0,0
T012429,62.21,13,1,0,0,0.7,3,0
T012430,52.53,7,0,0,0,27.6,3,0
T012431,73.44,1,0,0,0,2.9,3,0
T012432,60.28,7,0,0,0,4.6,4,0
T012433,74.72,13,1,0,0,1.2,4,0
T012434,37.53,1,0,0,0,7.6,4,0
T012435,47.71,16,0,0,0,6.8,4,0
T012436,27.83,20,1,1,0,12.6,4,0
T012437,21.87,3,1,1,1,15.9,1,0
T012438,23.85,3,1,1,1,25.7,2,0
T012439,10.86,17,1,0,0,5.5,2,0
T012440,48.52,9,0,1,1,26.8,0,0
T012441,42.91,3,0,0,1,11.1,4,0
T012442,73.04,1,0,0,0,35.8,3,0
T012443,36.48,19,1,0,0,1.9,3,0
T012444,155.86,2,1,0,0,50.1,3,0
T012445,225.08,6,0,0,0,17.9,1,0
T012446,341.9,9,1,0,0,30.1,4,0
T012447,8.77,11,0,0,0,2.5,0,0
T012448,11.14,2,0,0,0,19.3,2,0
T012449,55.1,3,0,0,0,22.1,2,0
T012450,40.11,19,1,0,1,5.9,0,0
T012451,91.31,21,0,0,0,8.1,8,0
T012452,62.56,7,0,0,0,51.9,3,0
T012453,127.82,10,0,0,0,13.6,2,0
T012454,30.87,10,0,0,0,57.0,1,0
T012455,62.96,21,0,1,0,18.8,2,0
T012456,38.8,13,1,0,0,54.9,2,0
T012457,73.33,17,1,0,0,12.6,1,0
T012458,48.63,21,1,0,0,34.5,3,0
T012459,25.83,4,1,0,0,20.1,2,0
T012460,22.52,1,1,0,0,19.3,2,0
T012461,4.67,16,0,0,0,3.9,2,0
T012462,8.33,9,1,1,0,37.7,5,0
T012463,35.01,19,1,0,0,42.9,0,0
T012464,30.65,18,0,0,1,9.3,4,0
T012465,39.14,14,1,0,0,9.0,3,0
T012466,64.15,11,1,0,0,26.9,7,0
T012467,24.98,13,0,0,1,7.4,2,0
T012468,103.84,13,0,0,0,29.7,0,0
T012469,23.67,13,1,0,0,4.3,3,0
T012470,116.28,22,0,0,0,18.3,1,0
T012471,194.96,14,1,0,0,5.8,3,0
T012472,50.83,18,1,0,0,32.1,2,0
T012473,144.94,1,0,0,0,17.4,1,0
T012474,55.19,8,0,0,0,11.8,3,0
T012475,100.76,4,0,0,0,2.5,2,0
T012476,14.06,0,0,0,0,3.6,2,0
T012477,23.65,0,0,0,0,11.5,3,0
T012478,10.83,5,0,0,0,12.0,2,0
T012479,14.3,4,0,1,0,11.1,3,0
T012480,18.7,18,0,1,0,11.6,2,0
T012481,22.63,10,0,0,0,14.5,5,0
T012482,140.69,22,0,0,0,29.7,2,0
T012483,162.27,1,0,0,0,18.3,2,0
T012484,71.17,0,0,0,1,8.4,3,0
T012485,63.98,18,1,0,0,36.8,2,0
T012486,75.15,19,1,0,0,1.5,5,0
T012487,15.56,1,0,0,0,21.4,0,0
T012488,24.01,20,1,0,0,25.9,2,0
T012489,54.23,0,0,0,0,8.5,0,0
T012490,136.97,16,0,0,0,11.4,1,0
T012491,235.28,23,0,0,1,1.8,2,0
T012492,71.64,12,1,1,0,18.9,3,0
T012493,134.12,0,0,0,1,13.0,1,0
T012494,21.63,22,0,0,1,5.9,0,0
T012495,65.67,1,0,1,0,31.8,1,0
T012496,33.92,18,0,0,0,5.3,9,0
T012497,3.41,14,0,0,1,8.7,2,0
T012498,62.4,8,1,0,0,8.1,1,0
T012499,135.33,22,0,0,0,23.8,1,0
T012500,22.02,1,0,1,0,6.8,4,0
T012501,108.11,15,1,0,1,0.8,2,1
T012502,69.93,22,1,0,0,39.5,4,0
T012503,27.51,18,0,0,0,19.4,3,0
T012504,72.83,22,0,0,0,2.0,1,0
T012505,24.97,21,0,0,0,38.0,1,0
T012506,23.68,0,0,0,0,16.2,2,0
T012507,121.18,9,0,0,0,20.1,1,0
T012508,20.43,14,0,0,0,14.0,2,0
T012509,95.46,8,1,0,0,3.8,1,0
T012510,38.49,0,0,0,0,0.6,3,0
T012511,523.15,9,1,0,0,15.4,2,0
T012512,26.19,20,0,0,0,63.2,4,0
T012513,22.88,6,0,0,0,1.9,3,0
T012514,157.28,13,0,0,0,11.9,2,0
T012515,62.66,15,0,0,0,0.7,2,0
T012516,17.56,8,0,0,0,33.6,0,0
T012517,51.81,16,1,1,0,5.4,1,0
T012518,24.19,5,1,0,1,1.6,3,0
T012519,25.89,17,1,0,0,5.0,2,0
T012520,135.77,15,0,0,0,9.4,0,0
T012521,19.34,21,1,0,0,28.4,2,0
T012522,24.13,19,1,0,0,23.6,4,0
T012523,25.55,19,1,0,1,24.5,4,0
T012524,36.18,22,0,0,0,2.6,1,0
T012525,7.99,12,0,0,1,24.7,4,0
T012526,92.82,1,0,0,0,21.2,1,0
T012527,6.55,5,0,0,0,21.1,1,0
T012528,79.25,23,1,0,0,1.4,2,0
T012529,85.91,10,1,0,0,27.0,3,0
T012530,17.38,15,0,0,0,16.4,2,0
T012531,87.96,16,1,0,0,7.3,2,1
T012532,87.53,6,1,0,1,15.9,0,0
T012533,259.88,18,1,0,0,0.5,1,0
T012534,89.88,20,0,0,0,40.0,2,0
T012535,51.6,9,0,0,0,2.7,3,0
T012536,16.47,5,0,0,0,10.4,1,0
T012537,25.77,4,1,0,0,4.0,0,0
T012538,11.84,3,0,0,1,3.5,2,0
T012539,10.65,13,0,0,0,18.7,4,0
T012540,45.6,3,0,0,1,32.7,4,0
T012541,47.19,11,0,0,1,24.0,1,0
T012542,181.09,3,1,0,0,19.5,1,0
T012543,15.59,18,1,0,0,8.9,2,0
T012544,257.56,23,0,0,0,8.4,1,0
T012545,190.0,7,1,0,1,38.3,4,0
T012546,134.59,8,1,0,0,1.1,2,0
T012547,13.87,21,0,0,1,15.0,1,0
T012548,105.85,3,0,0,0,0.2,1,0
T012549,78.04,22,0,0,1,112.7,4,0
T012550,40.45,8,1,0,1,13.5,4,0
T012551,30.32,5,0,0,0,13.6,0,0
T012552,2.29,2,1,0,0,13.7,3,0
T012553,56.19,15,1,0,0,32.1,1,0
T012554,41.44,14,1,0,0,46.5,2,0
T012555,95.34,1,0,0,0,26.7,4,0
T012556,26.75,12,0,0,0,14.0,1,0
T012557,15.14,11,1,0,0,5.7,1,0
T012558,7.75,14,1,0,0,2.3,3,0
T012559,57.73,8,0,0,0,46.8,3,0
T012560,40.86,16,1,0,1,1.0,1,0
T012561,19.48,10,0,0,0,75.6,1,0
T012562,57.41,0,0,0,0,9.9,1,0
T012563,104.11,19,0,1,1,15.3,2,0
T012564,6.97,10,0,0,0,12.5,1,0
T012565,22.01,10,0,0,0,25.7,0,0
T012566,34.62,23,0,0,0,28.2,1,0
T012567,10.35,13,1,0,0,8.4,2,0
T012568,408.76,22,0,0,0,8.7,1,0
T012569,56.58,23,0,0,0,2.3,1,0
T012570,8.96,18,1,0,0,15.6,4,0
T012571,19.0,8,1,0,0,27.8,4,0
T012572,246.92,0,0,0,0,0.9,2,0
T012573,169.35,17,0,0,0,0.1,1,0
T012574,7.77,6,0,0,0,5.4,4,0
T012575,3.31,12,0,0,0,0.2,2,0
T012576,320.73,4,1,0,1,2.2,1,0
T012577,47.01,11,0,0,0,11.8,1,0
T012578,14.38,23,0,0,0,24.6,0,0
T012579,70.83,2,0,1,1,13.7,2,0
T012580,24.29,12,1,0,1,41.9,2,0
T012581,15.16,7,1,0,0,23.3,7,0
T012582,107.19,12,0,0,0,1.6,3,0
T012583,15.74,11,0,0,0,9.5,0,0
T012584,43.42,9,1,1,0,0.2,0,0
T012585,21.23,20,0,0,0,15.4,0,0
T012586,98.42,0,0,0,0,8.8,2,0
T012587,107.51,16,0,0,0,7.4,2,0
T012588,88.7,2,1,0,0,28.8,2,0
T012589,15.29,8,0,0,0,1.4,1,0
T012590,9.52,18,1,0,0,19.2,3,0
T012591,48.28,2,1,0,0,34.5,3,0
T012592,31.49,23,0,0,0,52.9,5,0
T012593,18.17,12,0,1,0,9.2,4,0
T012594,35.97,17,1,0,1,4.3,5,0
T012595,101.68,22,1,0,0,11.9,4,0
T012596,34.73,0,0,0,0,2.3,2,0
T012597,17.72,0,0,0,0,18.4,4,0
T012598,51.58,22,1,0,0,23.2,3,0
T012599,47.35,10,1,0,0,33.3,2,0
T012600,11.25,8,0,0,1,35.5,3,0
T012601,12.88,11,1,0,1,1.3,2,0
T012602,21.64,15,1,1,1,18.8,1,0
T012603,88.9,11,1,0,0,13.5,1,0
T012604,136.28,21,0,1,0,33.0,2,0
T012605,26.21,21,1,0,0,26.1,2,0
T012606,40.37,23,0,0,0,9.4,2,0
T012607,19.21,11,0,0,0,34.1,1,0
T012608,19.0,19,1,0,0,0.3,6,0
T012609,141.57,1,1,0,1,5.1,4,0
T012610,21.42,12,1,0,0,39.4,2,0
T012611,5.92,4,0,0,1,10.2,5,0
T012612,80.83,0,1,0,0,0.6,1,0
T012613,216.39,18,1,0,1,2.0,2,0
T012614,56.09,23,0,0,0,34.4,2,0
T012615,72.42,19,1,0,0,18.6,1,0
T012616,15.35,6,1,0,0,12.6,3,0
T012617,71.81,19,0,0,1,2.7,1,0
T012618,144.97,16,0,0,0,16.4,5,0
T012619,35.83,19,1,1,0,5.3,2,0
T012620,8.11,4,0,0,0,2.9,0,0
T012621,69.26,16,1,0,1,34.7,2,0
T012622,88.56,15,1,0,0,12.5,0,0
T012623,40.33,23,1,0,0,6.6,0,0
T012624,25.56,21,0,0,0,13.0,0,0
T012625,150.68,18,0,0,0,15.5,2,0
T012626,31.25,14,1,0,1,15.1,0,0
T012627,16.21,23,0,0,0,7.2,4,0
T012628,35.91,14,0,1,0,4.3,4,0
T012629,8.3,17,0,0,0,2.7,5,0
T012630,30.43,5,0,0,0,5.7,1,0
T012631,62.09,4,1,0,0,23.7,3,0
T012632,19.02,11,1,0,0,20.1,1,0
T012633,15.68,2,1,0,0,38.6,5,0
T012634,144.87,13,0,0,0,17.9,2,0
T012635,32.5,8,0,0,0,45.3,0,0
T012636,17.79,10,1,0,0,8.0,3,0
T012637,27.57,21,0,0,0,21.9,0,0
T012638,111.36,5,0,0,1,18.5,2,0
T012639,33.05,14,0,0,0,17.7,4,0
T012640,4.4,2,0,0,0,15.5,3,0
T012641,66.59,6,1,0,0,16.4,4,0
T012642,22.91,22,1,0,1,29.0,2,0
T012643,160.85,21,1,0,0,4.6,3,1
T012644,87.24,8,1,0,0,5.5,2,0
T012645,42.46,21,0,0,0,2.2,2,0
T012646,36.85,6,1,0,0,22.2,1,0
T012647,91.65,22,1,0,0,6.4,2,0
T012648,22.09,16,0,0,0,6.8,3,0
T012649,15.82,14,1,0,0,29.3,1,0
T012650,81.43,22,1,0,0,18.7,5,0
T012651,18.77,0,0,1,0,8.2,0,0
T012652,19.11,15,0,1,0,23.1,1,0
T012653,27.66,7,0,0,0,30.2,1,0
T012654,68.24,7,1,0,0,2.5,4,0
T012655,42.06,20,0,0,0,2.8,4,0
T012656,29.36,13,0,0,0,84.4,2,0
T012657,21.77,6,0,0,0,16.0,0,0
T012658,100.47,12,1,0,0,30.6,2,0
T012659,15.61,0,1,0,0,25.7,2,0
T012660,9.46,9,0,0,0,54.7,1,0
T012661,33.74,10,0,0,0,11.1,2,0
T012662,32.3,2,0,1,0,5.6,3,0
T012663,55.16,5,1,0,1,26.5,2,0
T012664,28.33,21,0,0,0,24.9,1,0
T012665,80.58,5,0,0,0,4.4,1,0
T012666,299.64,2,0,0,1,60.9,2,0
T012667,44.95,7,1,1,0,6.7,1,0
T012668,80.27,16,1,0,0,16.6,3,0
T012669,10.64,3,0,0,0,13.8,1,0
T012670,4.17,17,1,0,0,13.8,2,0
T012671,50.03,8,1,1,0,3.2,0,0
T012672,18.21,3,0,0,0,11.7,1,0
T012673,22.18,15,0,0,1,7.9,0,0
T012674,86.16,4,1,0,0,0.6,2,0
T012675,52.14,19,1,0,0,18.6,2,0
T012676,25.0,13,1,0,0,1.7,1,0
T012677,11.7,23,1,0,0,19.7,1,0
T012678,54.05,18,1,0,0,5.6,1,0
T012679,33.08,11,0,0,1,7.3,4,0
T012680,70.72,0,0,0,1,12.4,5,0
T012681,43.34,8,1,0,0,4.4,3,0
T012682,214.16,19,0,0,0,6.6,0,0
T012683,49.6,8,1,0,1,18.7,1,0
T012684,22.47,18,1,0,0,16.7,2,0
T012685,29.38,20,0,0,0,3.5,2,0
T012686,34.01,14,0,0,1,12.9,3,0
T012687,17.89,15,1,0,1,18.2,1,0
T012688,9.0,20,1,1,0,49.0,0,0
T012689,11.33,3,0,0,0,14.7,3,0
T012690,113.91,8,1,0,0,10.2,4,0
T012691,178.48,10,0,0,0,2.4,2,0
T012692,14.82,6,0,0,0,8.2,2,0
T012693,113.94,0,0,0,0,26.3,2,0
T012694,17.55,6,1,0,0,5.0,1,0
T012695,5.53,0,1,0,1,8.1,3,0
T012696,211.3,23,0,0,0,10.8,1,0
T012697,9.13,19,0,1,1,35.4,1,0
T012698,41.34,21,1,0,0,26.4,1,0
T012699,13.19,5,0,0,0,8.1,2,0
T012700,12.54,8,1,0,1,5.1,0,0
T012701,217.94,16,0,0,0,2.6,3,0
T012702,9.44,6,1,0,0,7.0,1,0
T012703,18.78,14,1,0,1,8.8,2,0
T012704,94.17,10,1,0,0,5.4,1,0
T012705,105.54,17,1,0,0,5.5,2,0
T012706,32.17,6,1,0,1,3.5,4,0
T012707,46.47,14,0,0,0,7.9,1,0
T012708,37.23,10,0,0,0,3.0,3,0
T012709,25.75,0,1,0,0,5.1,2,0
T012710,79.25,22,0,0,1,1.9,1,0
T012711,8.82,15,0,0,0,3.6,5,0
T012712,17.7,18,1,0,0,9.2,1,0
T012713,198.35,6,0,0,0,7.3,4,0
T012714,19.1,7,0,0,0,16.9,1,0
T012715,92.46,0,0,0,1,29.2,0,0
T012716,14.49,14,0,0,0,29.5,2,0
T012717,126.61,12,1,0,0,0.2,2,0
T012718,13.61,21,1,0,0,24.7,1,0
T012719,21.98,23,0,0,1,13.8,2,0
T012720,104.17,17,1,0,0,27.0,4,0
T012721,21.31,1,0,0,1,10.8,1,0
T012722,40.73,20,0,0,0,34.5,3,0
T012723,11.78,13,0,0,0,4.1,1,0
T012724,15.24,18,0,0,0,5.5,2,0
T012725,46.23,12,1,0,0,3.3,2,0
T012726,14.26,0,1,0,0,2.0,1,0
T012727,32.25,15,1,1,1,4.2,2,0
T012728,23.76,8,0,0,0,40.9,1,0
T012729,46.46,0,1,0,0,23.9,0,0
T012730,91.69,18,1,0,0,16.4,4,0
T012731,36.22,10,0,1,0,0.8,0,0
T012732,59.93,10,1,0,0,8.4,1,0
T012733,20.12,1,1,0,0,23.6,1,0
T012734,30.28,9,0,0,0,20.0,2,0
T012735,20.73,22,1,0,0,3.7,4,0
T012736,36.46,1,1,0,0,9.2,2,0
T012737,13.34,2,1,0,1,27.4,3,0
T012738,133.44,22,0,0,0,15.2,3,0
T012739,56.09,9,0,0,0,13.5,5,0
T012740,34.82,3,0,0,0,33.1,3,0
T012741,57.97,19,0,0,0,28.8,2,0
T012742,141.75,15,0,0,0,1.7,2,0
T012743,38.42,1,0,0,0,9.8,3,0
T012744,37.04,7,0,0,0,11.0,3,0
T012745,70.01,1,0,0,1,13.5,1,0
T012746,44.11,16,1,0,1,11.6,4,1
T012747,19.04,12,1,0,0,7.9,3,0
T012748,52.54,15,0,1,0,21.4,1,0
T012749,131.48,21,1,0,0,8.7,1,0
T012750,27.12,5,1,0,0,25.2,1,0
T012751,36.77,11,1,0,1,44.5,1,0
T012752,29.15,1,1,1,1,9.1,3,0
T012753,17.83,4,1,0,0,57.6,2,0
T012754,5.14,20,1,0,0,38.0,6,0
T012755,35.82,18,1,0,0,13.6,6,0
T012756,50.89,3,1,0,0,37.6,3,0
T012757,76.26,14,0,0,0,3.6,2,0
T012758,30.79,6,0,1,0,8.4,2,0
T012759,58.5,16,1,0,0,16.3,3,0
T012760,97.33,23,1,0,0,27.8,3,0
T012761,18.85,20,1,0,0,10.1,5,0
T012762,74.46,13,0,0,1,4.1,2,0
T012763,7.32,22,1,0,1,6.7,2,0
T012764,45.37,20,1,0,0,15.0,3,0
T012765,53.28,14,1,0,0,5.4,2,0
T012766,29.66,7,0,0,0,1.4,2,0
T012767,17.31,22,0,0,1,41.6,1,0
T012768,23.03,0,0,0,1,9.0,1,0
T012769,15.58,16,0,0,0,8.7,3,0
T012770,18.41,5,0,0,1,4.5,2,0
T012771,31.57,6,1,1,1,2.8,1,0
T012772,208.2,1,0,1,0,6.4,3,0
T012773,218.87,6,0,0,0,63.8,0,0
T012774,54.62,13,0,0,0,8.2,2,0
T012775,126.61,15,1,1,0,28.9,2,0
T012776,49.55,8,0,1,1,11.2,1,0
T012777,9.04,20,0,0,0,9.5,1,0
T012778,7.52,21,1,0,0,13.5,3,0
T012779,15.1,9,0,1,0,13.2,6,0
T012780,22.54,12,1,0,0,7.6,1,0
T012781,116.65,3,1,0,1,17.1,0,0
T012782,39.66,21,0,0,0,17.0,3,0
T012783,46.84,12,0,0,0,0.2,1,0
T012784,111.84,16,0,0,0,18.0,3,0
T012785,88.66,12,0,0,0,5.3,1,0
T012786,13.56,6,1,0,0,3.6,1,0
T012787,13.46,21,1,0,0,0.7,2,0
T012788,27.17,20,0,0,1,10.9,0,0
T012789,43.53,1,1,0,0,19.1,0,0
T012790,4.51,20,1,0,0,7.0,3,0
T012791,148.66,14,1,0,0,1.8,3,0
T012792,86.92,7,1,1,1,37.6,3,0
T012793,119.85,14,0,0,0,32.1,2,0
T012794,9.82,15,0,0,0,16.1,5,0
T012795,20.61,1,1,0,0,1.6,0,0
T012796,12.97,10,1,0,0,9.0,1,0
T012797,21.09,11,0,0,0,8.3,3,0
T012798,74.57,23,1,0,0,14.2,1,0
T012799,19.58,11,0,0,0,4.4,2,0
T012800,169.39,2,0,1,0,66.6,1,0
T012801,240.22,16,0,0,0,1.4,5,0
T012802,16.33,11,1,0,0,20.8,2,0
T012803,5.77,22,1,0,0,2.6,1,0
T012804,690.75,11,1,0,0,10.5,1,0
T012805,139.72,20,1,0,0,36.4,2,0
T012806,12.94,0,0,0,0,1.6,1,0
T012807,27.07,13,0,0,0,19.3,1,0
T012808,22.9,23,0,0,0,5.3,1,0
T012809,72.21,6,0,0,0,22.5,1,0
T012810,72.38,22,0,0,1,1.9,2,0
T012811,67.56,23,1,0,0,31.3,3,0
T012812,94.4,14,1,1,1,8.3,5,0
T012813,47.37,7,1,0,0,27.8,1,0
T012814,43.47,9,0,0,0,36.6,1,0
T012815,7.1,7,0,0,0,4.9,3,0
T012816,73.77,6,1,0,1,14.8,3,0
T012817,35.78,16,0,0,1,3.3,2,0
T012818,52.62,7,0,0,0,15.8,1,0
T012819,17.99,16,0,0,1,10.1,3,0
T012820,6.19,20,0,1,1,7.6,0,0
T012821,164.15,4,1,0,0,17.1,5,0
T012822,61.2,18,0,0,0,16.7,0,0
T012823,24.28,2,0,0,1,53.8,1,0
T012824,32.33,16,0,0,0,21.1,1,0
T012825,63.42,3,1,0,0,26.6,1,0
T012826,32.16,10,1,1,0,70.5,1,0
T012827,30.69,5,0,0,0,30.8,3,0
T012828,51.57,22,0,0,1,14.6,1,0
T012829,31.37,22,0,1,0,111.0,2,0
T012830,42.67,5,0,0,0,20.8,1,0
T012831,19.43,17,1,0,0,30.9,5,0
T012832,64.63,1,0,0,0,14.4,7,0
T012833,34.6,17,0,0,0,22.7,1,0
T012834,79.52,6,0,0,0,13.3,0,0
T012835,26.94,16,0,0,0,50.0,2,0
T012836,26.8,14,1,0,0,6.2,1,0
T012837,33.8,14,0,0,0,4.6,4,0
T012838,168.28,19,1,0,0,4.2,0,0
T012839,51.79,7,1,0,0,23.5,3,0
T012840,4.85,2,0,0,0,6.1,4,0
T012841,59.05,22,1,1,0,18.2,3,0
T012842,33.54,0,0,0,0,82.4,3,0
T012843,5.75,9,1,0,0,32.9,2,0
T012844,1.11,2,1,0,0,55.1,0,0
T012845,129.35,15,0,0,1,22.2,2,0
T012846,16.37,13,1,0,1,5.1,2,0
T012847,171.63,5,0,0,0,24.0,0,0
T012848,41.56,12,1,0,1,30.3,5,0
T012849,35.24,19,1,1,0,37.8,0,0
T012850,26.27,2,1,0,0,11.1,3,0
T012851,194.54,17,1,0,0,6.8,1,0
T012852,47.86,16,1,0,0,63.7,0,0
T012853,121.02,19,0,1,0,24.6,0,0
T012854,14.55,11,0,0,0,10.9,1,0
T012855,19.55,1,0,0,0,6.2,2,0
T012856,13.34,9,0,0,1,1.3,3,0
T012857,48.32,8,1,0,0,9.3,2,0
T012858,58.08,20,0,0,0,6.0,3,0
T012859,137.9,6,1,0,0,22.8,5,0
T012860,75.98,6,0,0,1,4.6,4,0
T012861,20.66,10,1,0,1,14.3,0,0
T012862,90.6,16,1,0,0,26.3,2,0
T012863,446.01,8,1,0,0,2.6,0,0
T012864,388.29,21,1,0,0,39.6,3,0
T012865,143.4,23,1,0,0,0.5,3,0
T012866,19.29,17,0,0,0,6.7,3,0
T012867,18.42,18,0,0,0,5.5,2,0
T012868,3.31,4,1,0,0,0.1,2,0
T012869,39.63,1,0,0,0,16.2,3,0
T012870,34.95,13,0,0,0,67.8,4,0
T012871,57.32,10,1,0,0,26.6,1,0
T012872,50.48,22,0,1,0,0.8,1,0
T012873,60.84,0,0,0,1,24.0,2,0
T012874,25.73,12,0,0,0,1.5,2,0
T012875,48.42,10,1,0,0,6.1,1,0
T012876,29.28,7,0,0,0,13.5,2,0
T012877,24.12,15,1,0,0,3.5,2,0
T012878,61.29,22,1,0,0,13.0,0,0
T012879,72.88,4,1,0,0,11.9,0,0
T012880,18.04,12,0,0,0,1.9,2,0
T012881,37.12,5,0,0,0,14.3,0,0
T012882,14.88,11,0,0,0,19.1,2,0
T012883,78.13,14,1,0,0,11.1,2,0
T012884,79.02,17,0,0,1,37.7,3,0
T012885,145.02,1,0,0,1,16.4,1,0
T012886,63.75,17,0,0,0,14.6,0,0
T012887,18.28,0,1,0,0,28.7,1,0
T012888,68.46,4,1,0,1,3.5,5,0
T012889,27.86,5,0,0,0,22.6,3,0
T012890,193.68,9,1,0,0,2.2,2,0
T012891,5.69,10,1,0,0,12.7,1,0
T012892,14.93,19,0,0,0,22.9,3,0
T012893,15.57,20,0,0,0,24.9,2,0
T012894,12.38,1,1,1,0,40.7,0,0
T012895,46.6,2,1,0,1,16.4,1,0
T012896,4.6,22,0,0,0,63.1,5,0
T012897,58.74,5,0,0,0,34.1,2,0
T012898,20.98,8,0,0,0,4.9,3,0
T012899,44.88,14,1,0,0,6.4,1,0
T012900,12.72,7,1,0,0,18.3,4,0
T012901,119.27,0,0,0,0,8.1,3,0
T012902,185.08,7,0,0,0,8.0,1,0
T012903,32.21,19,0,0,1,42.0,0,0
T012904,32.27,22,0,0,1,9.6,0,0
T012905,45.87,13,0,0,1,9.8,3,0
T012906,42.74,14,1,0,0,0.6,1,0
T012907,85.81,11,0,0,0,11.8,2,0
T012908,23.96,22,1,0,1,8.8,3,0
T012909,9.82,17,0,0,0,27.9,1,0
T012910,51.88,1,0,0,0,8.5,1,0
T012911,136.91,13,1,0,0,62.3,2,0
T012912,30.23,3,0,0,0,15.2,2,0
T012913,108.02,4,0,0,0,2.0,1,0
T012914,73.68,23,1,0,1,12.4,1,0
T012915,67.26,5,0,0,1,48.9,1,0
T012916,275.63,0,0,0,0,13.9,3,0
T012917,3.58,23,1,1,0,6.6,2,0
T012918,101.13,13,0,0,0,6.8,3,0
T012919,35.81,17,1,0,0,6.4,2,0
T012920,44.46,5,1,0,0,0.3,3,0
T012921,277.28,0,0,0,0,17.3,2,0
T012922,85.61,8,0,0,0,10.2,4,0
T012923,54.98,17,0,0,0,22.0,2,0
T012924,43.97,8,0,0,0,23.4,7,0
T012925,3.15,12,0,0,0,6.7,0,0
T012926,21.35,6,0,0,0,61.5,4,0
T012927,58.23,16,0,0,1,24.9,1,0
T012928,129.19,5,1,0,1,14.8,2,0
T012929,20.31,9,1,0,0,53.3,3,0
T012930,12.28,14,0,0,0,5.5,1,0
T012931,180.27,12,1,1,0,8.4,3,0
T012932,7.21,22,1,1,0,11.6,1,0
T012933,38.8,6,0,0,0,2.3,3,0
T012934,65.6,4,0,0,0,45.7,0,0
T012935,55.83,22,0,0,1,33.0,1,0
T012936,2.43,14,0,0,0,31.8,3,0
T012937,19.04,17,1,0,0,57.9,2,0
T012938,50.2,16,0,0,0,7.2,4,0
T012939,12.37,1,0,0,0,7.5,2,0
T012940,14.3,12,0,1,0,15.2,4,0
T012941,16.53,7,0,0,0,4.7,3,0
T012942,12.08,0,0,0,0,10.5,1,0
T012943,27.22,1,1,1,1,3.0,3,0
T012944,37.4,22,1,0,0,2.1,3,0
T012945,36.86,20,1,0,0,28.4,2,0
T012946,30.97,0,0,0,0,10.2,4,0
T012947,123.35,13,1,0,0,23.7,0,0
T012948,67.56,16,0,0,0,12.0,1,0
T012949,26.58,13,1,0,0,18.9,1,0
T012950,13.62,5,0,0,1,9.1,2,0
T012951,11.17,22,1,0,0,38.9,3,0
T012952,30.67,18,1,0,1,46.7,2,0
T012953,217.27,1,1,0,1,25.1,4,0
T012954,19.89,0,1,0,0,10.3,2,0
T012955,10.96,22,1,0,0,20.2,5,0
T012956,20.88,7,1,0,0,13.9,3,0
T012957,3.59,21,0,0,0,38.3,4,0
T012958,71.01,4,0,0,0,11.1,1,0
T012959,13.91,23,1,0,1,42.1,3,0
T012960,183.68,7,1,0,0,6.8,3,0
T012961,97.08,10,0,0,1,2.1,1,0
T012962,13.9,2,1,1,1,0.5,3,0
T012963,35.94,6,0,0,0,1.0,3,0
T012964,99.29,7,1,0,0,1.7,1,0
T012965,130.2,13,0,0,0,2.8,2,0
T012966,2.59,23,1,0,1,9.2,3,0
T012967,87.5,9,0,0,0,33.0,2,0
T012968,29.52,5,1,0,1,9.2,2,0
T012969,4.54,14,0,0,0,7.9,3,0
T012970,52.58,14,0,0,0,45.9,3,0
T012971,259.49,7,1,1,0,9.1,0,0
T012972,41.86,3,0,0,0,9.1,4,0
T012973,24.62,2,0,0,1,32.1,3,0
T012974,22.33,23,1,0,0,48.1,2,0
T012975,116.58,5,1,1,0,14.6,5,0
T012976,96.38,16,1,0,0,9.4,1,0
T012977,8.47,2,0,0,0,12.9,3,0
T012978,17.82,9,1,0,0,15.2,1,0
T012979,62.56,15,0,0,0,32.3,1,0
T012980,9.85,10,0,0,0,6.9,2,0
T012981,41.48,5,1,1,0,10.5,4,0
T012982,44.82,3,0,0,0,0.7,3,0
T012983,17.61,20,0,0,0,28.1,5,0
T012984,97.6,18,1,0,0,7.6,1,0
T012985,86.45,7,0,1,0,19.2,2,0
T012986,30.59,9,0,0,0,7.9,4,0
T012987,77.15,6,1,0,1,3.3,2,0
T012988,11.99,10,1,0,0,9.2,1,0
T012989,54.09,14,1,0,0,9.8,2,0
T012990,37.47,9,1,0,1,1.9,1,0
T012991,30.69,6,0,0,0,0.4,3,0
T012992,54.77,1,0,1,0,19.1,3,0
T012993,11.74,20,1,0,0,8.2,0,0
T012994,69.83,18,0,0,0,39.9,3,0
T012995,31.35,11,0,0,1,3.0,2,0
T012996,94.74,4,1,0,0,4.4,3,0
T012997,62.12,22,1,0,0,33.6,3,0
T012998,14.2,8,1,0,1,9.1,4,0
T012999,57.21,1,0,0,0,19.9,4,0
T013000,33.66,8,0,0,0,6.9,0,0
T013001,114.02,8,1,0,0,6.9,5,0
T013002,40.11,1,0,0,0,16.5,2,0
T013003,96.47,9,0,0,0,7.2,1,0
T013004,38.39,17,1,0,0,4.8,0,0
T013005,44.57,0,1,0,0,7.0,2,0
T013006,48.2,20,1,0,0,32.1,2,0
T013007,24.05,10,1,0,1,58.5,3,0
T013008,104.47,17,1,0,0,8.3,1,0
T013009,32.22,13,0,0,0,1.6,1,0
T013010,15.02,10,0,0,0,26.0,1,0
T013011,110.9,3,1,0,0,1.2,3,0
T013012,141.42,23,0,0,0,3.1,1,0
T013013,67.44,19,0,0,0,27.5,2,0
T013014,82.55,0,0,0,1,43.8,2,0
T013015,73.58,6,0,0,0,14.1,1,0
T013016,52.8,5,0,0,0,3.8,2,0
T013017,20.82,11,0,0,0,11.0,0,0
T013018,11.38,15,1,0,1,23.7,2,0
T013019,102.79,7,0,0,1,3.3,1,0
T013020,201.0,17,0,0,0,82.2,5,0
T013021,23.8,9,1,0,0,2.8,1,0
T013022,23.74,22,0,0,0,43.5,1,0
T013023,44.41,16,1,0,0,43.9,1,1
T013024,11.0,20,0,0,1,13.0,2,0
T013025,28.95,0,1,0,0,8.0,2,0
T013026,101.47,14,0,0,0,7.8,2,0
T013027,25.73,18,0,0,1,14.7,4,0
T013028,38.08,7,1,0,1,28.7,4,0
T013029,42.25,8,1,0,1,4.7,6,0
T013030,347.21,6,0,0,1,24.4,3,0
T013031,41.24,17,1,0,0,4.4,1,0
T013032,18.85,8,0,0,0,10.4,5,0
T013033,213.86,1,0,0,0,11.0,2,0
T013034,31.45,16,0,0,0,9.2,3,0
T013035,3.66,5,1,0,1,3.6,1,0
T013036,35.13,18,1,0,0,5.3,0,0
T013037,7.67,3,0,0,0,1.0,1,0
T013038,17.53,11,0,0,1,33.3,3,0
T013039,39.37,15,1,0,0,26.1,1,0
T013040,66.34,10,1,0,0,9.2,8,0
T013041,27.12,14,1,0,0,12.6,1,0
T013042,41.95,6,1,0,1,20.1,4,0
T013043,28.75,11,0,0,0,10.0,7,0
T013044,34.39,17,0,1,1,28.9,4,1
T013045,2.55,8,0,0,1,19.2,4,0
T013046,89.25,18,0,0,0,31.7,2,0
T013047,82.0,6,1,0,0,0.0,1,0
T013048,58.56,22,1,0,0,23.9,3,0
T013049,78.31,21,0,0,0,15.6,1,0
T013050,141.82,1,0,0,0,13.4,1,0
T013051,14.69,19,0,0,0,10.0,1,0
T013052,24.68,12,1,0,0,21.3,4,0
T013053,48.92,2,0,0,1,2.4,2,0
T013054,16.59,5,1,0,0,23.4,2,0
T013055,34.13,8,1,0,0,37.5,3,0
T013056,53.74,13,0,0,0,28.7,1,0
T013057,109.24,22,0,0,0,1.8,2,0
T013058,101.36,12,0,0,1,49.0,3,0
T013059,98.01,15,0,0,0,21.5,3,0
T013060,19.45,9,1,0,1,0.2,2,0
T013061,34.86,6,1,0,0,4.8,1,0
T013062,36.91,16,0,0,1,51.9,3,0
T013063,4.3,2,1,0,1,2.5,0,0
T013064,23.9,17,0,0,0,10.0,4,0
T013065,22.2,22,1,0,0,13.9,5,0
T013066,9.64,22,0,0,0,29.5,2,0
T013067,68.06,1,0,0,0,15.8,3,0
T013068,33.17,21,1,0,0,2.4,2,0
T013069,47.47,5,1,0,0,1.5,3,0
T013070,37.13,15,0,0,0,23.5,2,0
T013071,10.51,20,1,0,1,5.6,1,0
T013072,15.03,8,0,0,0,11.9,2,0
T013073,88.35,1,0,0,0,12.9,3,0
T013074,252.99,0,0,0,0,4.4,0,0
T013075,73.21,9,1,0,0,15.8,3,0
T013076,44.43,0,1,0,1,24.1,6,0
T013077,53.87,19,0,0,0,10.0,2,0
T013078,66.27,8,0,0,1,47.0,1,0
T013079,46.27,10,0,0,0,16.3,1,0
T013080,46.31,5,0,0,0,5.4,4,0
T013081,12.01,13,0,0,0,0.5,6,0
T013082,86.33,6,1,0,0,19.1,2,0
T013083,12.04,23,1,0,0,3.5,2,0
T013084,30.66,14,0,1,0,2.4,2,0
T013085,134.24,14,0,0,0,38.9,2,0
T013086,65.09,11,1,0,0,9.5,2,0
T013087,13.23,1,0,0,0,19.9,2,0
T013088,10.61,3,0,0,1,16.3,4,0
T013089,63.8,22,1,0,1,25.6,2,0
T013090,21.19,9,0,0,0,3.8,2,0
T013091,81.83,18,0,0,0,9.2,5,0
T013092,119.56,0,0,1,0,9.3,2,0
T013093,16.95,17,1,0,1,15.9,4,0
T013094,12.96,7,1,0,0,26.3,3,0
T013095,43.1,23,1,0,0,27.0,1,0
T013096,30.48,4,1,0,1,5.0,1,0
T013097,27.1,9,1,0,0,20.0,0,0
T013098,43.77,4,0,0,0,13.2,2,0
T013099,47.06,8,1,0,0,7.2,3,0
T013100,22.05,4,0,0,0,3.5,0,0
T013101,18.62,8,0,0,1,8.4,3,0
T013102,19.94,1,1,0,0,4.8,1,0
T013103,72.88,22,0,1,1,68.9,1,0
T013104,22.08,15,0,0,0,33.5,1,0
T013105,8.09,13,0,0,0,19.2,2,0
T013106,31.74,9,0,0,0,1.4,3,0
T013107,115.6,12,1,0,0,71.8,2,0
T013108,25.72,14,0,0,0,23.9,3,0
T013109,42.61,23,0,0,0,14.7,1,0
T013110,80.77,7,0,0,0,31.1,4,0
T013111,35.61,6,0,1,1,28.3,1,0
T013112,27.86,22,0,0,0,54.9,1,0
T013113,50.53,12,0,0,1,42.4,3,0
T013114,20.58,11,0,0,1,44.2,3,0
T013115,116.84,16,0,0,0,52.6,2,0
T013116,149.87,6,0,0,0,69.4,5,0
T013117,29.9,0,1,0,0,33.7,1,0
T013118,101.59,7,0,0,1,26.8,0,0
T013119,46.79,3,0,0,0,20.9,4,0
T013120,183.06,16,1,1,0,4.3,1,0
T013121,5.24,15,0,0,0,16.9,0,0
T013122,75.35,12,0,0,1,6.1,4,0
T013123,356.38,9,0,0,0,17.0,4,0
T013124,115.07,1,1,0,0,23.7,1,0
T013125,24.62,8,0,0,0,2.6,2,0
T013126,9.17,5,0,0,0,11.4,2,0
T013127,191.73,14,1,0,0,23.7,2,0
T013128,21.85,10,1,0,0,11.2,2,0
T013129,12.15,14,0,0,0,9.9,2,0
T013130,628.92,12,0,0,0,9.7,2,0
T013131,7.49,23,1,0,0,7.1,1,0
T013132,325.72,6,1,0,0,15.7,2,0
T013133,42.05,20,0,0,0,12.4,1,0
T013134,86.3,0,1,1,0,28.2,2,0
T013135,60.45,13,0,0,0,27.5,1,0
T013136,30.38,15,0,0,0,18.9,1,0
T013137,25.06,0,1,0,0,18.1,2,0
T013138,32.19,22,0,0,0,2.4,1,0
T013139,32.81,4,0,0,0,6.5,0,0
T013140,21.19,0,0,0,0,15.7,0,0
T013141,165.04,15,1,0,1,7.3,1,0
T013142,95.84,10,0,0,0,53.9,5,0
T013143,50.65,5,1,0,0,19.3,2,0
T013144,3.96,13,1,0,0,14.4,7,0
T013145,22.94,12,0,0,0,31.0,2,0
T013146,2.52,7,1,0,0,21.7,0,0
T013147,17.54,18,0,1,0,0.3,2,0
T013148,4.81,23,0,0,0,2.4,3,1
T013149,153.55,22,0,0,0,32.0,3,0
T013150,78.81,9,0,0,1,7.4,3,0
T013151,81.92,9,1,0,0,15.4,1,0
T013152,50.0,5,0,0,0,4.4,4,0
T013153,99.43,19,0,1,0,9.4,7,0
T013154,168.57,22,0,0,1,24.4,1,0
T013155,17.38,15,1,0,1,34.6,2,0
T013156,58.84,21,1,0,0,55.0,2,0
T013157,50.32,8,1,0,0,15.3,0,0
T013158,76.61,8,0,0,0,6.0,1,0
T013159,18.69,8,1,0,0,1.9,1,0
T013160,38.37,10,0,1,1,1.1,5,0
T013161,16.01,17,0,0,0,18.7,4,0
T013162,142.54,15,0,0,0,6.8,1,0
T013163,264.61,23,1,0,0,2.8,0,0
T013164,28.69,0,0,0,0,17.8,4,0
T013165,14.56,1,0,0,0,27.3,3,0
T013166,60.79,23,1,0,0,9.3,2,0
T013167,44.55,16,0,0,0,6.9,4,0
T013168,45.31,13,0,0,0,33.4,3,0
T013169,28.42,7,0,0,0,20.2,0,0
T013170,156.7,17,0,0,1,14.1,1,0
T013171,98.68,22,0,0,1,12.5,3,0
T013172,72.79,8,0,0,0,4.8,0,0
T013173,94.15,5,1,0,0,3.7,2,0
T013174,32.84,4,0,0,1,20.4,1,0
T013175,26.15,11,0,0,0,9.8,1,0
T013176,14.84,13,1,0,0,10.4,3,0
T013177,5.77,12,0,0,0,13.4,2,0
T013178,39.64,4,0,0,0,2.4,4,0
T013179,60.37,5,0,1,0,11.2,4,0
T013180,41.49,19,0,0,0,2.4,4,0
T013181,7.19,7,1,0,0,25.2,2,0
T013182,20.73,1,1,0,0,6.1,1,0
T013183,64.43,4,0,0,1,92.4,6,0
T013184,28.99,12,0,0,0,6.0,0,0
T013185,48.21,3,1,0,1,11.0,2,1
T013186,33.43,16,1,0,0,4.5,0,0
T013187,72.36,15,1,0,0,10.4,5,0
T013188,64.97,16,1,0,0,8.8,3,0
T013189,24.34,13,0,0,0,5.0,1,0
T013190,8.2,1,0,0,0,19.7,2,0
T013191,1.34,18,1,0,1,25.3,2,0
T013192,7.01,2,1,0,1,0.4,6,0
T013193,42.96,9,1,0,1,10.4,2,0
T013194,39.12,19,1,0,0,36.8,2,0
T013195,14.24,1,0,0,0,39.1,2,0
T013196,98.96,19,0,1,0,31.8,2,0
T013197,3.42,12,1,0,0,8.1,0,0
T013198,14.86,13,1,0,0,14.4,2,0
T013199,18.75,10,0,0,0,7.3,3,0
T013200,81.05,0,1,0,0,4.3,2,0
T013201,27.99,19,0,0,0,25.7,2,0
T013202,114.71,0,1,0,0,5.6,3,0
T013203,241.14,10,1,0,0,43.7,0,0
T013204,36.52,18,0,0,0,26.0,4,0
T013205,21.38,16,1,0,0,8.4,3,0
T013206,12.43,21,1,0,1,2.2,2,0
T013207,12.07,12,0,0,0,8.8,2,0
T013208,66.96,1,0,0,0,8.5,2,0
T013209,23.72,5,1,0,0,17.4,0,0
T013210,29.47,13,1,0,0,17.5,2,0
T013211,74.19,12,1,0,1,13.3,2,0
T013212,30.66,20,1,0,1,10.9,7,0
T013213,77.98,19,1,1,0,16.7,0,0
T013214,26.71,18,0,0,1,13.0,3,0
T013215,52.59,21,0,0,0,35.4,6,0
T013216,43.63,14,0,0,1,34.1,1,0
T013217,32.5,15,0,0,0,17.9,4,0
T013218,15.08,20,0,0,1,21.5,4,0
T013219,28.03,1,1,0,0,3.3,2,0
T013220,18.42,11,1,0,0,10.0,3,0
T013221,22.35,2,0,0,0,7.0,4,0
T013222,77.31,8,1,1,0,29.6,3,0
T013223,18.41,5,1,0,0,1.9,3,0
T013224,21.61,16,1,0,1,21.0,0,0
T013225,155.45,5,0,0,0,15.5,0,0
T013226,81.31,18,1,0,0,16.3,2,0
T013227,59.51,22,0,0,0,5.5,5,0
T013228,110.73,8,0,0,0,4.0,4,0
T013229,50.02,15,1,0,0,10.1,3,0
T013230,12.23,21,1,0,0,10.5,1,0
T013231,104.72,0,0,0,0,24.8,2,0
T013232,18.21,21,1,0,1,1.4,2,0
T013233,93.88,22,0,0,1,13.9,5,0
T013234,11.02,0,1,0,0,6.2,2,0
T013235,265.87,5,1,0,0,31.4,2,0
T013236,95.12,8,1,0,0,15.9,3,0
T013237,51.88,20,1,0,0,15.8,3,0
T013238,54.0,17,1,0,0,6.4,1,0
T013239,10.52,21,0,0,0,31.3,2,0
T013240,67.38,18,1,0,0,15.7,3,0
T013241,30.55,4,1,0,0,11.8,1,0
T013242,34.73,11,0,0,0,0.4,0,0
T013243,75.08,1,1,0,0,0.5,2,0
T013244,85.17,2,1,0,1,15.7,5,1
T013245,842.49,4,0,0,0,9.7,3,0
T013246,69.1,14,0,0,1,49.9,3,0
T013247,54.62,2,1,0,0,32.1,3,0
T013248,19.79,13,1,0,1,5.8,4,0
T013249,64.04,17,0,0,0,55.2,4,0
T013250,43.05,14,1,0,0,15.8,6,0
T013251,34.61,12,0,0,0,39.2,2,0
T013252,108.72,18,0,0,1,7.3,3,0
T013253,3.2,10,0,0,0,25.8,1,0
T013254,5.37,10,1,0,0,43.8,4,0
T013255,105.11,0,0,0,0,0.4,2,0
T013256,50.98,0,0,0,1,9.5,2,0
T013257,3.21,11,0,0,0,25.6,2,0
T013258,23.96,21,1,0,0,11.9,2,0
T013259,4.85,12,0,0,0,5.0,2,0
T013260,16.53,9,0,0,0,81.0,5,0
T013261,6.58,0,0,0,0,7.3,3,0
T013262,71.65,5,1,0,0,25.9,4,1
T013263,9.45,14,0,0,0,10.0,1,0
T013264,92.12,9,0,0,0,4.8,0,0
T013265,22.26,6,0,0,0,3.5,0,0
T013266,45.53,15,1,0,0,2.3,3,0
T013267,23.36,2,0,0,0,17.6,4,0
T013268,16.5,5,1,1,0,19.8,4,0
T013269,11.26,5,0,0,0,19.3,1,0
T013270,29.81,20,0,1,0,47.1,3,0
T013271,17.51,22,0,0,0,11.0,0,0
T013272,56.53,8,0,0,0,4.8,0,0
T013273,166.16,19,0,0,0,4.4,0,0
T013274,13.91,18,0,0,0,49.4,2,0
T013275,192.3,19,0,0,0,62.2,1,0
T013276,53.67,8,1,0,0,26.4,1,0
T013277,38.5,20,1,0,0,35.2,2,0
T013278,20.78,23,1,0,1,1.5,2,0
T013279,75.49,0,0,0,1,19.3,0,0
T013280,15.89,22,1,0,1,0.7,4,0
T013281,12.54,1,0,0,1,2.6,3,0
T013282,23.91,8,1,0,0,32.0,2,0
T013283,127.81,6,0,0,0,16.8,2,0
T013284,102.66,2,0,0,1,5.8,3,0
T013285,9.28,14,1,0,1,18.8,1,0
T013286,86.27,16,1,0,0,20.3,1,1
T013287,103.18,9,1,0,0,17.2,2,0
T013288,29.93,20,0,0,0,9.5,2,0
T013289,28.81,9,0,0,0,17.6,2,0
T013290,115.96,2,1,0,0,11.2,2,0
T013291,75.38,22,1,0,0,5.1,2,0
T013292,25.62,0,0,0,1,28.3,2,0
T013293,11.19,23,1,0,0,19.6,5,0
T013294,30.66,9,0,0,0,20.8,3,0
T013295,12.87,23,1,0,0,8.2,3,0
T013296,140.12,20,0,0,1,5.0,1,0
T013297,139.89,20,0,0,0,28.0,1,0
T013298,62.32,3,1,0,0,15.2,0,0
T013299,31.23,18,0,0,0,12.9,1,0
T013300,103.35,22,1,0,0,7.9,2,0
T013301,22.21,22,0,0,0,4.9,4,0
T013302,6.32,12,0,0,0,51.8,5,0
T013303,14.45,11,0,0,0,1.3,2,0
T013304,44.48,17,0,0,1,13.8,2,0
T013305,82.54,18,1,0,1,8.0,2,0
T013306,35.25,19,0,0,0,24.4,4,0
T013307,29.02,1,1,0,1,22.4,0,0
T013308,66.4,14,0,0,0,7.2,1,0
T013309,26.85,17,1,0,1,13.7,3,0
T013310,34.98,23,0,0,0,13.1,1,0
T013311,70.03,11,1,0,0,22.1,4,0
T013312,55.22,18,0,0,0,6.7,1,0
T013313,22.73,17,1,0,0,109.3,0,0
T013314,130.64,22,0,0,0,5.7,3,0
T013315,43.06,21,1,0,0,2.5,3,0
T013316,35.02,5,1,0,1,10.0,1,0
T013317,206.17,2,1,0,0,10.7,4,0
T013318,49.0,6,0,0,0,33.0,1,0
T013319,23.96,9,1,0,0,24.5,6,1
T013320,53.13,21,1,0,0,4.9,2,0
T013321,21.79,13,0,0,0,12.6,3,0
T013322,11.48,5,1,0,0,37.8,2,0
T013323,93.9,9,0,0,1,28.2,3,0
T013324,15.75,20,1,0,0,14.8,3,0
T013325,93.9,12,1,0,1,17.6,0,0
T013326,97.6,22,0,0,0,4.3,3,0
T013327,20.4,13,1,0,0,4.2,2,0
T013328,66.26,18,0,0,1,18.4,2,0
T013329,14.65,1,1,0,0,9.0,4,0
T013330,28.54,10,0,1,0,14.8,2,0
T013331,13.11,9,1,0,0,40.2,4,0
T013332,984.79,19,1,1,0,6.0,0,0
T013333,38.11,14,0,0,0,19.0,1,0
T013334,6.36,2,0,0,1,7.3,3,0
T013335,18.26,8,0,1,0,18.3,2,0
T013336,16.45,15,1,0,0,19.9,4,0
T013337,30.71,5,0,0,0,24.7,1,0
T013338,18.17,9,0,0,0,5.5,3,0
T013339,70.44,19,0,0,0,41.3,3,0
T013340,33.0,7,1,0,0,10.0,3,0
T013341,30.91,17,1,0,0,23.7,7,0
T013342,50.87,17,1,0,0,28.9,1,1
T013343,55.44,12,0,0,1,24.7,1,0
T013344,237.71,23,0,0,0,84.3,0,0
T013345,43.11,0,0,0,0,7.1,4,0
T013346,93.89,5,0,0,0,7.0,1,0
T013347,54.46,2,1,0,0,44.7,4,0
T013348,10.77,5,0,0,1,35.2,2,0
T013349,18.34,16,0,0,0,72.6,1,0
T013350,8.17,7,1,0,0,18.0,3,0
T013351,97.48,6,1,0,0,45.0,3,0
T013352,60.49,18,0,0,0,23.9,2,0
T013353,258.99,5,1,0,0,2.5,2,0
T013354,14.82,16,1,0,0,30.0,2,0
T013355,14.88,8,1,0,0,31.9,1,0
T013356,64.0,0,0,0,0,9.0,1,0
T013357,112.32,7,0,0,0,24.0,2,0
T013358,249.19,16,0,0,0,6.7,1,0
T013359,7.49,4,1,0,0,0.3,3,0
T013360,128.78,20,1,0,0,5.5,0,0
T013361,29.49,13,1,1,1,49.1,2,0
T013362,49.52,20,1,0,1,31.3,3,0
T013363,7.0,18,0,0,1,18.8,1,0
T013364,29.62,18,0,0,0,9.3,0,0
T013365,25.51,16,0,0,0,9.6,1,0
T013366,45.48,21,0,0,1,10.2,2,0
T013367,38.08,20,0,1,1,30.9,3,0
T013368,18.34,4,1,0,0,39.9,1,0
T013369,22.01,10,1,0,0,13.4,4,0
T013370,81.8,12,0,0,0,15.2,0,0
T013371,62.86,17,0,0,0,9.3,7,0
T013372,23.94,20,0,0,0,16.1,2,0
T013373,117.42,13,1,0,0,16.1,3,0
T013374,15.37,8,0,0,0,14.8,2,0
T013375,142.1,17,0,0,1,48.3,0,0
T013376,25.87,1,0,0,0,13.8,4,0
T013377,8.81,0,0,0,1,22.3,3,0
T013378,42.39,1,1,0,0,3.2,1,0
T013379,69.97,15,1,0,0,41.5,1,0
T013380,25.49,12,1,0,0,3.4,2,0
T013381,17.29,22,0,0,0,34.3,3,0
T013382,46.0,12,0,0,0,3.6,4,0
T013383,67.86,14,1,0,1,1.4,3,0
T013384,21.33,18,1,0,0,18.4,4,0
T013385,27.25,19,1,0,1,20.9,3,0
T013386,65.83,5,1,0,1,4.9,3,0
T013387,129.13,12,0,0,1,16.4,1,0
T013388,69.77,15,0,0,0,9.2,1,0
T013389,29.84,4,1,0,1,56.7,0,0
T013390,105.51,17,1,0,0,9.0,1,0
T013391,12.61,10,0,0,0,26.1,3,0
T013392,108.4,13,1,0,0,9.9,1,0
T013393,125.82,4,0,0,0,13.3,2,0
T013394,8.61,6,1,0,1,1.9,3,0
T013395,65.95,16,0,0,0,10.1,1,0
T013396,101.32,18,0,1,0,50.0,1,0
T013397,57.45,14,1,0,0,3.7,1,0
T013398,49.52,23,0,0,0,19.0,1,0
T013399,38.38,19,0,0,0,16.1,2,0
T013400,42.55,1,0,1,0,13.9,0,0
T013401,28.22,9,1,0,0,22.5,1,0
T013402,73.34,6,0,0,0,0.8,1,0
T013403,6.15,22,1,0,1,14.6,3,0
T013404,18.56,12,1,0,0,12.8,3,0
T013405,16.78,9,1,0,0,6.6,4,0
T013406,33.9,5,1,0,0,43.5,1,0
T013407,37.1,19,0,0,0,28.3,2,0
T013408,25.26,16,0,0,0,11.4,3,0
T013409,78.35,1,0,0,0,5.6,1,0
T013410,33.68,1,1,0,0,14.5,4,0
T013411,11.59,6,0,1,0,19.7,4,0
T013412,38.77,11,1,0,0,4.0,0,0
T013413,22.6,13,1,0,0,15.0,2,0
T013414,71.51,21,0,0,0,1.2,0,0
T013415,7.53,4,0,0,0,36.0,6,0
T013416,15.23,23,1,0,0,23.5,2,0
T013417,8.2,21,0,0,0,12.6,2,0
T013418,69.25,7,0,0,0,9.0,2,0
T013419,108.63,2,0,0,1,3.0,3,0
T013420,13.58,11,0,0,0,32.1,0,0
T013421,64.47,22,1,1,0,17.7,0,0
T013422,17.5,9,0,0,0,25.6,2,0
T013423,21.7,8,0,0,0,67.9,4,0
T013424,9.98,22,0,0,0,2.4,2,0
T013425,10.87,23,1,0,0,10.0,3,0
T013426,48.89,10,0,0,0,10.2,0,0
T013427,54.85,4,0,0,1,22.6,2,0
T013428,4.42,12,0,0,0,4.5,2,0
T013429,19.85,9,0,0,0,8.6,2,0
T013430,19.7,8,1,0,0,2.9,3,0
T013431,39.11,19,0,0,1,18.9,0,0
T013432,85.93,14,1,0,1,12.8,4,0
T013433,33.13,11,1,0,0,11.0,1,0
T013434,63.49,7,0,0,0,0.8,1,0
T013435,42.77,15,1,0,1,11.9,3,0
T013436,14.47,9,1,0,1,5.9,3,0
T013437,87.87,21,0,0,0,12.7,3,0
T013438,87.39,11,1,0,1,15.1,2,0
T013439,144.14,17,1,0,1,14.4,0,0
T013440,10.34,10,1,0,0,6.3,1,0
T013441,26.52,22,0,0,0,2.5,0,0
T013442,12.5,15,0,0,0,40.2,2,0
T013443,57.39,1,0,0,1,14.9,4,0
T013444,98.89,18,1,0,0,0.4,4,0
T013445,25.06,18,0,0,1,10.6,3,0
T013446,61.41,11,0,1,1,47.6,4,0
T013447,28.51,8,0,0,0,37.0,2,0
T013448,5.37,21,0,0,0,23.3,2,0
T013449,6.2,16,0,1,0,13.6,2,0
T013450,45.74,22,0,0,0,5.2,1,0
T013451,4.88,18,1,1,1,0.6,2,0
T013452,99.76,5,0,0,0,45.5,3,0
T013453,66.82,5,0,0,1,11.6,2,0
T013454,58.77,5,0,1,1,7.3,3,0
T013455,167.15,17,0,0,1,12.1,3,0
T013456,20.22,2,0,0,0,16.1,3,0
T013457,45.41,22,0,0,1,10.9,7,0
T013458,25.19,20,1,0,0,36.0,1,0
T013459,15.07,2,0,0,0,13.7,3,0
T013460,38.25,14,0,0,1,2.0,1,0
T013461,7.46,7,1,0,0,7.6,2,0
T013462,28.85,13,0,0,0,1.6,3,0
T013463,29.45,21,0,0,0,28.0,2,0
T013464,278.73,7,1,0,0,20.9,6,0
T013465,85.03,15,0,0,0,50.6,6,0
T013466,42.67,14,1,0,0,5.7,4,0
T013467,88.45,4,0,0,0,13.9,3,0
T013468,60.82,0,1,0,0,19.6,5,0
T013469,18.15,1,0,0,0,3.6,3,0
T013470,50.05,5,0,0,0,27.7,2,0
T013471,21.01,6,0,0,0,11.8,5,0
T013472,25.53,16,1,1,0,10.4,0,0
T013473,4.91,6,1,0,0,3.9,1,0
T013474,28.58,2,0,0,0,32.7,0,0
T013475,25.48,6,1,0,0,6.7,1,0
T013476,9.24,11,1,0,1,54.8,4,0
T013477,6.1,21,1,0,0,9.8,3,0
T013478,2.55,14,1,0,0,3.6,3,0
T013479,110.28,1,0,0,0,24.4,2,0
T013480,29.84,18,1,0,0,8.7,4,0
T013481,11.74,3,1,0,0,8.0,1,0
T013482,45.04,10,0,0,0,4.5,3,0
T013483,28.97,17,0,0,1,55.0,4,0
T013484,3.74,6,0,0,1,29.4,3,0
T013485,3.72,3,1,0,0,4.0,1,0
T013486,36.69,18,1,0,0,13.9,1,0
T013487,19.33,8,1,1,0,4.2,1,0
T013488,28.66,20,0,0,0,21.2,5,0
T013489,40.01,9,1,1,0,2.0,2,1
T013490,96.46,2,0,0,0,16.9,2,0
T013491,50.18,16,0,0,0,2.7,1,0
T013492,29.97,22,0,0,0,61.4,3,0
T013493,85.47,23,1,1,0,2.1,1,0
T013494,12.31,19,0,0,0,32.9,0,0
T013495,62.2,9,1,0,0,9.4,1,0
T013496,44.81,13,0,0,0,7.5,0,0
T013497,21.88,22,0,0,0,4.2,3,0
T013498,24.85,4,0,0,0,26.0,2,0
T013499,54.01,23,0,0,0,0.5,5,0
T013500,45.95,7,1,0,0,0.4,1,0
T013501,23.54,1,1,0,1,1.3,3,0
T013502,26.41,11,0,0,0,7.3,1,0
T013503,8.82,2,0,0,0,17.5,3,0
T013504,23.55,6,0,0,0,16.2,2,0
T013505,108.88,0,1,0,0,4.7,2,0
T013506,24.13,2,0,0,1,0.4,2,0
T013507,149.4,16,0,0,0,4.8,0,0
T013508,41.62,11,1,1,0,28.8,2,0
T013509,15.6,15,0,0,0,42.4,2,0
T013510,18.81,21,0,0,0,16.5,1,0
T013511,51.17,17,0,0,1,51.5,4,0
T013512,37.33,14,1,0,1,11.5,1,0
T013513,48.58,21,0,0,0,12.2,4,0
T013514,26.28,3,1,0,0,9.2,4,0
T013515,30.14,11,0,0,0,19.4,4,0
T013516,25.89,10,0,1,0,3.0,1,0
T013517,33.25,6,0,0,1,12.1,1,0
T013518,22.19,11,1,0,0,13.5,3,0
T013519,31.88,9,1,0,0,25.8,6,0
T013520,6.15,20,1,0,1,20.0,1,0
T013521,18.73,3,0,0,0,4.9,3,0
T013522,30.68,20,0,0,0,5.5,1,0
T013523,14.85,3,0,0,0,28.7,2,0
T013524,33.24,17,1,0,1,33.8,2,0
T013525,69.77,13,0,0,1,34.7,2,0
T013526,13.4,0,0,0,0,12.2,2,0
T013527,5.54,6,0,0,1,21.6,2,0
T013528,173.84,16,0,0,0,2.9,1,0
T013529,19.36,16,1,0,0,38.6,3,0
T013530,101.03,7,0,0,0,23.4,0,0
T013531,19.36,23,1,1,0,35.6,4,0
T013532,77.09,16,1,0,0,17.7,2,0
T013533,39.78,2,0,0,0,24.1,2,0
T013534,80.49,21,0,0,0,9.3,2,0
T013535,17.4,11,0,0,0,3.3,4,0
T013536,3.8,20,1,1,0,18.4,4,0
T013537,60.6,15,0,1,0,6.1,1,0
T013538,54.44,23,0,1,0,5.7,3,0
T013539,50.11,12,1,0,0,21.2,0,0
T013540,6.52,13,0,0,0,40.4,4,0
T013541,82.25,20,0,0,0,12.0,2,0
T013542,9.27,10,0,0,0,7.8,3,0
T013543,5.76,5,1,0,0,39.7,1,0
T013544,26.67,12,0,1,0,13.6,3,0
T013545,32.95,3,0,0,0,6.1,0,0
T013546,243.49,9,1,0,0,6.5,3,0
T013547,19.54,0,1,0,0,19.0,4,0
T013548,190.05,7,0,0,0,7.5,2,0
T013549,107.76,16,1,0,1,53.5,3,0
T013550,12.79,6,0,0,0,20.7,2,0
T013551,10.86,8,0,0,1,1.5,3,0
T013552,44.71,0,1,0,1,16.4,2,0
T013553,26.35,21,1,0,0,12.6,2,0
T013554,74.79,14,1,0,0,10.0,2,0
T013555,35.49,10,0,0,0,23.8,7,0
T013556,41.97,16,1,0,0,26.6,2,0
T013557,18.15,19,0,0,0,33.3,0,0
T013558,166.36,2,0,0,0,7.7,1,0
T013559,7.31,20,0,0,0,17.7,0,0
T013560,19.49,9,0,0,1,11.5,2,0
T013561,295.73,9,1,1,0,22.4,3,0
T013562,37.77,17,0,0,1,15.6,3,0
T013563,79.4,22,1,1,1,4.4,3,0
T013564,5.16,3,0,0,0,32.5,2,0
T013565,13.52,20,0,0,0,21.7,2,0
T013566,21.85,18,0,0,0,19.0,1,0
T013567,113.35,4,1,0,0,19.3,3,0
T013568,1.98,10,1,0,1,1.3,2,0
T013569,45.18,10,0,0,0,0.7,1,0
T013570,34.64,20,1,0,0,9.9,6,0
T013571,20.15,18,0,0,0,9.3,1,0
T013572,10.53,8,1,0,0,29.9,4,0
T013573,80.06,21,1,0,0,40.1,0,0
T013574,33.66,19,0,0,0,10.9,2,0
T013575,16.44,22,1,0,0,1.5,1,0
T013576,10.25,7,0,0,0,2.8,1,0
T013577,111.38,1,0,0,0,27.6,4,0
T013578,78.31,22,0,0,0,9.7,2,0
T013579,16.64,17,0,0,0,1.1,2,0
T013580,164.56,12,0,0,0,12.2,2,0
T013581,70.9,5,0,0,0,61.7,2,0
T013582,147.27,1,0,0,1,10.2,1,0
T013583,143.17,5,1,0,0,15.3,0,0
T013584,82.71,8,0,0,1,16.7,2,0
T013585,38.55,17,1,0,1,17.9,4,1
T013586,22.67,21,1,0,0,8.1,1,0
T013587,556.9,1,0,0,0,5.8,1,0
T013588,2.71,23,1,0,0,16.1,1,0
T013589,13.36,8,1,0,0,11.3,2,0
T013590,90.77,13,1,0,0,2.8,3,0
T013591,33.04,4,0,0,1,0.9,3,0
T013592,222.04,16,0,0,0,5.8,3,0
T013593,29.7,11,1,0,0,27.3,0,0
T013594,196.29,12,0,0,0,7.5,2,0
T013595,8.84,11,0,0,1,25.7,4,0
T013596,221.32,16,0,0,0,18.9,1,0
T013597,21.7,10,0,1,0,1.2,3,0
T013598,14.29,0,0,0,0,9.4,2,0
T013599,26.33,23,1,1,1,15.7,1,1
T013600,17.13,4,0,1,1,2.4,2,0
T013601,20.58,14,0,0,0,17.7,5,0
T013602,62.93,18,1,0,0,8.7,2,0
T013603,7.64,17,0,0,0,6.9,2,0
T013604,15.79,10,0,0,0,29.7,3,0
T013605,144.59,23,1,0,0,6.1,0,0
T013606,43.53,1,0,0,1,58.3,3,0
T013607,343.77,3,0,0,0,6.8,3,0
T013608,116.99,11,0,0,0,10.7,1,0
T013609,15.64,1,0,0,0,11.3,2,0
T013610,261.96,22,0,0,0,10.7,1,0
T013611,257.69,23,0,0,1,12.9,0,0
T013612,31.77,11,1,0,1,7.0,1,0
T013613,14.67,19,0,0,1,7.9,0,0
T013614,17.42,19,1,0,0,2.8,1,0
T013615,25.59,20,1,1,0,17.4,6,0
T013616,300.65,0,1,0,0,37.0,4,0
T013617,25.33,2,0,0,1,11.0,1,0
T013618,15.07,5,1,0,0,13.8,2,0
T013619,92.71,21,0,0,1,2.4,2,0
T013620,3.45,7,0,0,0,35.2,2,0
T013621,6.67,10,0,0,1,10.8,0,0
T013622,39.39,14,0,0,0,15.2,3,0
T013623,103.34,9,1,0,0,47.4,1,0
T013624,34.05,23,0,0,0,22.6,4,0
T013625,250.16,0,1,0,0,4.9,2,0
T013626,10.28,18,0,0,0,1.0,2,0
T013627,86.3,0,1,0,0,15.8,1,0
T013628,31.69,3,0,0,0,59.0,1,0
T013629,12.03,4,0,0,0,32.7,1,0
T013630,37.93,9,0,0,0,44.3,1,0
T013631,194.32,8,1,0,0,12.9,4,0
T013632,14.24,4,1,0,0,5.4,2,0
T013633,13.28,14,1,1,0,18.9,5,0
T013634,10.86,16,0,0,0,6.0,0,0
T013635,12.49,4,0,0,0,1.9,1,0
T013636,26.27,20,0,0,0,21.4,2,0
T013637,102.43,21,0,0,0,12.0,3,0
T013638,33.15,2,0,0,0,22.5,1,0
T013639,45.59,23,0,1,1,4.6,3,0
T013640,50.41,22,1,0,1,3.2,3,0
T013641,35.55,23,0,0,1,29.6,0,0
T013642,27.55,4,0,0,0,2.0,2,0
T013643,14.78,20,1,0,0,2.6,6,0
T013644,47.24,14,0,0,0,16.4,3,0
T013645,46.74,8,1,0,1,40.9,3,0
T013646,7.34,1,0,0,0,30.7,2,0
T013647,30.36,17,1,0,1,6.4,4,0
T013648,52.47,20,1,0,0,0.3,3,0
T013649,17.38,10,0,0,0,28.9,1,0
T013650,31.93,21,1,0,0,7.2,3,0
T013651,97.19,7,1,0,0,41.4,1,0
T013652,6.86,16,0,1,0,2.8,3,0
T013653,31.5,21,1,0,0,26.6,1,0
T013654,23.52,15,0,0,0,47.7,2,0
T013655,52.06,0,1,0,0,56.3,4,0
T013656,30.32,11,0,0,0,14.9,1,0
T013657,27.79,20,0,0,0,125.6,1,0
T013658,45.48,14,1,0,0,18.3,3,0
T013659,136.01,4,0,0,0,0.8,1,0
T013660,279.95,4,0,0,0,8.7,1,0
T013661,93.05,8,1,0,1,20.3,3,0
T013662,154.76,22,1,0,0,11.0,4,1
T013663,27.32,5,1,0,0,18.3,1,0
T013664,24.93,17,0,1,0,3.6,3,0
T013665,21.94,3,0,0,0,8.0,0,0
T013666,87.14,22,0,0,0,22.6,1,0
T013667,36.41,0,1,0,0,16.3,1,0
T013668,6.08,13,0,0,0,36.7,2,0
T013669,66.36,23,1,1,1,16.0,4,1
T013670,39.27,23,0,0,1,63.5,2,0
T013671,50.65,20,0,0,0,41.4,1,0
T013672,9.86,20,0,1,0,5.5,1,0
T013673,7.96,4,1,0,0,27.9,3,0
T013674,114.58,10,0,0,0,23.7,0,0
T013675,58.37,2,1,0,1,0.4,2,0
T013676,5.49,11,0,0,1,9.3,0,0
T013677,36.36,22,0,0,1,36.0,1,0
T013678,6.22,15,1,0,1,8.3,2,0
T013679,34.25,3,1,0,0,8.3,4,0
T013680,26.67,22,0,0,0,4.8,3,0
T013681,34.43,7,0,0,1,22.3,3,0
T013682,31.05,10,1,0,1,6.4,2,0
T013683,5.04,22,0,0,0,25.4,1,0
T013684,33.22,9,0,0,1,25.0,4,0
T013685,38.03,1,1,0,0,20.2,2,0
T013686,140.13,21,0,0,0,10.3,2,0
T013687,20.72,17,0,0,0,9.4,5,0
T013688,70.18,21,1,0,0,14.2,3,0
T013689,51.03,23,0,0,1,13.5,2,0
T013690,137.39,5,0,0,0,26.5,0,0
T013691,39.44,0,0,0,0,27.7,2,0
T013692,92.5,19,1,0,0,26.9,0,0
T013693,35.02,6,0,0,1,2.3,1,0
T013694,17.65,14,0,0,0,2.3,2,0
T013695,7.37,16,1,0,0,40.0,3,0
T013696,61.4,14,0,0,0,0.8,4,0
T013697,20.37,5,0,0,0,0.1,3,0
T013698,11.53,13,0,0,0,6.7,4,0
T013699,4.32,17,0,0,0,2.9,3,0
T013700,64.31,0,0,0,0,10.6,3,0
T013701,19.27,17,1,0,1,33.0,1,0
T013702,97.4,4,1,0,0,15.0,5,0
T013703,130.38,10,1,0,0,42.2,1,0
T013704,86.59,11,1,0,0,6.7,2,0
T013705,42.57,15,1,0,0,21.3,2,0
T013706,43.37,13,0,0,1,9.8,3,0
T013707,6.79,0,0,0,0,9.7,0,0
T013708,43.84,9,1,0,1,8.9,2,0
T013709,71.77,22,0,0,0,7.2,4,0
T013710,27.19,22,0,1,0,10.2,3,0
T013711,52.15,14,1,0,0,16.4,3,0
T013712,46.52,5,0,0,1,25.1,0,0
T013713,62.6,15,0,0,0,3.0,3,0
T013714,15.33,18,0,0,0,45.5,5,0
T013715,6.69,10,1,0,0,13.2,1,0
T013716,16.84,6,1,0,0,1.5,4,0
T013717,397.5,2,0,0,1,0.6,2,0
T013718,157.34,23,1,0,0,16.2,3,0
T013719,38.68,21,0,0,0,17.5,0,0
T013720,14.51,12,1,0,0,13.6,1,0
T013721,75.31,1,1,0,0,29.0,3,0
T013722,101.42,8,1,0,0,8.8,3,0
T013723,64.46,15,1,0,0,22.8,0,0
T013724,31.61,1,1,0,0,20.0,5,0
T013725,85.11,19,0,0,0,22.7,4,0
T013726,640.8,10,0,0,1,51.7,1,0
T013727,137.34,1,0,0,0,1.4,1,0
T013728,56.38,16,0,0,0,15.9,4,0
T013729,105.26,18,1,0,0,5.6,0,0
T013730,51.26,7,0,0,1,16.0,3,0
T013731,138.64,22,1,0,1,1.7,3,0
T013732,15.73,20,0,0,0,28.2,2,0
T013733,15.11,16,0,0,0,2.3,2,0
T013734,72.87,11,0,0,0,2.7,4,0
T013735,354.38,20,1,0,1,11.0,1,0
T013736,5.51,23,1,0,0,10.5,1,0
T013737,88.73,10,1,0,0,25.7,3,0
T013738,47.55,14,1,1,0,15.1,2,1
T013739,21.91,14,0,1,0,12.2,6,0
T013740,103.4,21,0,0,0,24.5,2,0
T013741,21.12,12,1,0,0,9.6,1,0
T013742,16.63,20,1,0,1,11.2,2,0
T013743,129.48,14,1,0,0,32.6,1,0
T013744,20.41,4,0,1,0,1.9,3,0
T013745,43.15,13,0,0,0,2.3,3,0
T013746,43.06,6,0,0,0,16.8,0,0
T013747,27.15,17,0,0,0,19.2,2,0
T013748,9.02,19,1,0,0,23.1,5,0
T013749,9.77,0,0,0,0,13.7,3,0
T013750,49.69,12,1,0,0,7.3,2,0
T013751,13.23,17,1,0,1,27.7,2,0
T013752,76.08,20,0,0,0,1.8,2,0
T013753,5.14,5,0,0,1,8.6,0,0
T013754,17.16,23,1,0,0,33.2,2,0
T013755,40.12,11,1,0,0,4.4,1,0
T013756,48.83,12,0,0,0,9.5,4,0
T013757,5.32,3,1,0,0,28.4,4,0
T013758,47.44,4,0,0,0,10.7,0,0
T013759,24.64,1,0,0,0,3.8,2,0
T013760,8.11,5,0,0,0,1.6,2,0
T013761,6.21,11,0,0,0,31.0,3,0
T013762,22.54,13,1,0,0,13.9,0,0
T013763,135.74,15,1,0,0,20.7,1,0
T013764,8.56,15,0,1,0,5.7,5,0
T013765,43.93,7,1,0,0,6.8,2,0
T013766,167.95,20,0,0,0,21.6,1,0
T013767,81.85,0,0,1,0,5.7,0,0
T013768,34.95,13,1,0,0,58.6,2,0
T013769,32.03,4,0,0,0,19.6,1,0
T013770,26.05,10,1,0,0,10.4,1,0
T013771,71.96,3,0,0,0,5.1,3,0
T013772,16.09,9,1,0,0,41.1,2,0
T013773,179.21,18,1,0,0,11.7,2,0
T013774,19.48,6,0,1,0,6.4,1,0
T013775,158.12,19,0,0,1,48.3,0,0
T013776,10.43,17,0,0,0,4.3,1,0
T013777,20.56,11,0,0,0,6.9,0,0
T013778,12.67,5,0,0,0,3.3,0,0
T013779,180.08,17,1,0,0,26.6,1,0
T013780,23.21,16,0,0,0,9.5,3,0
T013781,31.95,4,0,0,0,10.6,7,0
T013782,114.84,7,0,0,0,16.6,3,0
T013783,33.61,15,1,0,0,84.7,0,0
T013784,12.9,21,1,0,0,11.5,2,0
T013785,20.9,3,1,0,0,5.4,1,0
T013786,43.39,19,0,0,0,3.8,1,0
T013787,8.56,3,0,0,1,5.7,2,0
T013788,5.67,5,0,0,0,12.0,7,0
T013789,128.41,0,1,0,0,4.4,1,0
T013790,28.21,2,0,0,0,27.6,1,0
T013791,19.99,15,0,1,1,58.7,0,0
T013792,57.79,20,1,0,1,7.8,0,0
T013793,17.65,23,1,0,0,23.2,0,0
T013794,39.27,1,1,0,0,32.7,0,0
T013795,29.04,22,0,0,1,9.1,2,0
T013796,95.25,21,0,0,1,42.2,3,0
T013797,154.57,2,0,0,0,11.2,2,0
T013798,9.87,4,0,0,0,76.9,3,0
T013799,45.94,2,1,0,1,67.5,4,0
T013800,43.28,8,1,0,0,13.6,0,0
T013801,68.25,9,1,0,0,18.3,2,0
T013802,37.47,19,0,0,0,1.8,1,0
T013803,77.37,0,0,0,0,10.2,3,0
T013804,18.07,0,0,0,0,19.6,1,0
T013805,48.89,11,1,0,0,29.4,0,0
T013806,11.91,19,1,1,0,8.7,5,0
T013807,139.53,15,1,0,1,4.1,3,0
T013808,23.31,19,0,0,0,7.5,1,0
T013809,11.28,12,1,0,0,3.0,3,0
T013810,27.08,15,1,1,0,27.2,7,0
T013811,96.18,4,0,0,1,17.1,1,1
T013812,47.6,13,1,0,0,1.6,1,0
T013813,205.52,4,1,0,1,3.6,2,0
T013814,118.08,22,1,0,0,23.8,3,0
T013815,5.84,7,0,0,1,33.1,1,0
T013816,165.55,7,0,0,1,24.2,3,0
T013817,24.25,7,0,0,1,3.5,4,0
T013818,26.63,1,0,0,0,4.6,2,0
T013819,108.83,21,1,0,0,19.6,3,0
T013820,7.11,2,0,0,0,8.5,1,0
T013821,9.46,2,0,0,0,35.8,3,0
T013822,21.67,22,1,0,0,48.0,2,0
T013823,9.76,16,0,0,0,31.2,1,0
T013824,269.51,1,1,0,0,46.9,1,0
T013825,15.88,5,0,1,0,20.5,4,0
T013826,44.39,14,0,0,0,18.3,3,0
T013827,93.27,21,0,0,0,4.6,2,0
T013828,4.76,13,0,1,1,93.3,1,0
T013829,15.15,16,1,0,0,8.7,0,0
T013830,26.57,7,0,0,0,23.9,2,0
T013831,18.57,0,1,1,0,9.5,2,0
T013832,46.98,9,1,0,0,22.5,3,0
T013833,31.98,14,1,0,0,12.0,5,0
T013834,89.95,11,0,0,0,22.6,2,0
T013835,21.26,1,1,0,0,6.2,1,0
T013836,6.99,6,0,0,0,22.5,2,0
T013837,36.0,7,0,0,0,28.0,0,0
T013838,27.93,12,0,0,0,1.2,7,0
T013839,49.06,14,1,0,0,6.8,2,0
T013840,85.75,16,0,0,0,16.4,0,0
T013841,18.24,21,0,0,0,14.5,2,0
T013842,21.81,15,0,0,1,5.7,5,0
T013843,10.37,0,0,1,0,4.7,4,0
T013844,30.19,2,1,0,0,18.2,5,0
T013845,20.45,15,0,0,0,16.9,3,0
T013846,65.15,19,1,0,0,27.2,2,0
T013847,7.44,8,0,0,0,3.6,6,0
T013848,13.46,16,1,0,0,12.6,1,0
T013849,39.0,4,1,0,1,17.0,1,0
T013850,38.76,6,1,1,0,8.3,1,0
T013851,46.61,16,1,0,0,28.7,2,0
T013852,28.82,20,0,0,1,13.9,2,1
T013853,10.99,2,1,0,0,17.2,3,0
T013854,49.43,7,0,0,1,4.7,1,0
T013855,76.42,13,1,0,0,29.8,0,0
T013856,16.47,22,1,0,0,49.6,2,0
T013857,11.27,16,1,0,1,9.7,4,0
T013858,51.65,9,0,0,0,45.4,1,0
T013859,36.96,2,1,1,0,53.4,1,0
T013860,28.78,23,0,0,0,9.8,2,0
T013861,22.92,17,0,0,0,8.7,3,0
T013862,36.75,2,1,0,0,7.3,3,0
T013863,35.72,1,0,0,0,5.9,4,0
T013864,131.89,7,0,0,0,8.1,1,0
T013865,13.71,20,1,0,0,97.2,3,0
T013866,71.84,0,1,0,0,14.2,5,0
T013867,12.12,10,0,0,1,12.1,3,0
T013868,41.52,21,1,0,0,14.8,1,0
T013869,101.37,7,1,0,0,9.5,2,0
T013870,28.86,15,1,0,1,10.5,2,0
T013871,43.5,2,0,0,0,22.8,1,0
T013872,78.73,11,1,0,0,4.4,2,0
T013873,91.22,1,0,0,0,5.6,1,0
T013874,59.46,21,0,0,1,9.3,6,0
T013875,148.77,10,0,0,0,56.0,5,0
T013876,29.79,19,1,0,0,20.0,7,0
T013877,26.48,3,1,0,0,27.8,3,0
T013878,57.26,9,0,0,0,3.7,5,0
T013879,55.39,4,0,1,0,15.0,0,0
T013880,97.95,18,1,0,0,9.8,2,0
T013881,9.8,14,0,0,0,14.7,3,0
T013882,13.81,5,0,0,0,15.1,0,0
T013883,1.45,1,1,1,0,1.4,2,0
T013884,653.1,20,0,0,0,6.5,3,0
T013885,21.55,15,0,0,0,14.2,2,0
T013886,51.6,7,1,0,0,2.3,3,0
T013887,57.15,4,1,0,0,11.1,5,0
T013888,22.34,12,0,0,0,83.4,1,0
T013889,45.17,16,0,0,0,12.1,3,0
T013890,11.48,13,1,0,0,22.6,2,0
T013891,15.13,6,0,0,0,28.9,3,0
T013892,131.87,12,1,0,0,23.8,6,0
T013893,23.58,17,0,0,0,20.5,0,0
T013894,53.77,14,0,0,0,4.7,2,0
T013895,15.34,11,1,0,0,3.8,5,0
T013896,20.01,20,1,0,0,14.8,2,0
T013897,61.67,9,1,0,0,8.1,3,0
T013898,46.66,5,0,0,0,21.6,0,0
T013899,15.41,10,1,0,0,9.4,2,0
T013900,42.01,12,0,0,0,0.5,3,0
T013901,48.86,10,0,0,0,14.9,4,0
T013902,17.78,8,0,0,0,48.7,4,0
T013903,87.34,22,0,0,0,3.1,4,0
T013904,187.98,12,0,0,0,1.2,4,0
T013905,32.75,14,1,0,0,5.5,0,0
T013906,44.84,19,1,1,1,28.8,1,0
T013907,8.2,8,0,0,1,7.6,5,0
T013908,137.69,15,0,0,1,48.5,2,0
T013909,7.26,9,0,0,0,21.0,4,0
T013910,51.21,15,1,0,0,33.2,2,0
T013911,53.39,8,0,0,1,3.1,3,0
T013912,59.71,2,0,0,0,7.6,1,0
T013913,18.7,22,0,0,0,2.0,4,0
T013914,13.96,0,1,0,1,27.8,0,0
T013915,25.13,6,1,0,1,7.3,1,0
T013916,12.51,13,0,0,0,1.5,4,0
T013917,16.19,18,0,0,0,22.3,3,0
T013918,71.41,16,1,0,0,12.5,1,0
T013919,61.14,8,1,0,0,4.3,0,0
T013920,81.42,1,0,0,1,18.6,2,0
T013921,54.12,15,0,0,1,25.4,5,0
T013922,27.38,1,0,0,0,4.8,3,0
T013923,1.94,18,0,1,0,26.3,3,0
T013924,22.12,18,0,0,0,10.4,3,0
T013925,48.15,15,0,0,0,33.7,6,0
T013926,51.09,16,1,0,0,22.7,1,0
T013927,79.89,7,0,1,1,10.1,1,0
T013928,23.33,0,0,0,0,3.9,2,0
T013929,30.07,11,0,0,0,6.4,3,0
T013930,23.87,10,1,0,0,25.3,1,0
T013931,8.62,7,1,0,0,21.7,1,0
T013932,34.98,0,0,0,0,87.1,2,0
T013933,459.35,17,1,0,0,6.9,3,0
T013934,44.0,2,1,0,0,10.6,1,0
T013935,20.74,23,0,0,0,6.6,4,0
T013936,63.02,22,0,0,0,68.3,4,0
T013937,20.57,4,0,0,0,10.1,4,0
T013938,39.78,21,0,0,0,10.1,2,0
T013939,61.54,1,1,0,0,7.5,3,0
T013940,162.0,2,0,0,0,29.9,2,0
T013941,26.61,23,0,0,0,5.6,2,0
T013942,15.96,19,1,0,0,13.2,2,0
T013943,27.27,19,0,1,0,11.0,3,0
T013944,19.45,17,1,0,0,34.8,1,0
T013945,61.11,17,0,0,0,17.4,5,0
T013946,14.65,7,0,0,0,14.1,2,0
T013947,26.21,15,1,0,1,16.3,0,0
T013948,101.04,20,0,0,0,0.9,1,0
T013949,8.7,17,0,0,0,13.4,1,0
T013950,55.59,3,1,1,0,8.1,0,0
T013951,127.73,19,0,0,0,7.5,5,0
T013952,34.66,15,1,0,0,11.5,3,0
T013953,28.08,3,0,0,0,8.7,1,0
T013954,23.84,11,0,0,0,5.4,5,0
T013955,228.94,7,0,0,0,8.2,3,0
T013956,65.65,17,0,0,0,21.4,6,0
T013957,2.34,13,0,0,1,21.2,0,0
T013958,73.65,23,0,0,0,15.0,3,0
T013959,23.5,17,0,0,0,25.0,1,0
T013960,34.87,14,0,0,1,12.4,3,0
T013961,24.52,21,0,0,0,16.8,3,0
T013962,156.27,18,1,0,0,11.5,2,0
T013963,108.36,16,0,0,0,103.5,2,0
T013964,86.67,8,0,0,1,20.2,1,0
T013965,152.03,0,1,1,0,13.8,3,0
T013966,11.34,3,0,0,0,12.2,5,0
T013967,18.2,0,1,0,0,73.1,2,0
T013968,92.86,21,0,1,0,16.6,1,0
T013969,141.58,2,0,0,1,11.4,1,1
T013970,138.31,10,0,0,1,9.6,2,0
T013971,60.65,4,1,0,0,9.3,0,0
T013972,43.43,14,1,0,0,13.7,1,0
T013973,14.62,2,1,0,0,2.2,1,0
T013974,93.85,14,0,0,0,14.4,3,0
T013975,47.63,5,0,1,0,17.2,2,0
T013976,8.18,8,1,0,0,41.1,4,0
T013977,28.82,18,0,0,1,20.2,2,0
T013978,117.64,4,1,0,0,5.7,1,0
T013979,7.1,2,1,0,1,25.7,5,0
T013980,75.36,10,0,0,0,7.0,4,0
T013981,28.36,7,1,0,0,10.5,1,0
T013982,77.49,3,0,0,0,49.1,2,0
T013983,52.82,21,1,0,0,6.0,2,0
T013984,66.9,2,1,0,0,24.2,4,0
T013985,135.9,8,0,0,0,3.5,0,0
T013986,20.83,21,0,0,1,10.2,2,0
T013987,10.23,14,0,0,0,8.3,2,0
T013988,106.85,14,0,0,0,18.5,1,0
T013989,20.14,7,0,0,0,7.9,1,0
T013990,24.33,12,0,1,0,1.2,2,0
T013991,17.32,8,0,0,0,5.5,1,0
T013992,142.51,11,1,1,0,79.7,3,0
T013993,79.81,18,0,0,0,25.8,3,0
T013994,6.26,16,0,0,0,11.6,2,0
T013995,26.48,10,1,0,0,36.5,1,0
T013996,7.48,18,0,0,1,43.6,4,0
T013997,13.63,17,0,0,0,16.6,1,0
T013998,54.7,20,1,0,0,15.8,1,0
T013999,1.78,4,0,0,0,2.8,1,0
T014000,37.6,23,1,0,0,25.1,5,0
T014001,95.02,17,0,0,0,27.3,8,0
T014002,12.21,3,0,1,0,40.1,5,1
T014003,104.37,14,1,1,0,8.7,3,0
T014004,30.38,4,0,0,0,2.6,5,0
T014005,95.83,23,1,0,0,19.3,2,0
T014006,3.34,4,1,0,1,15.8,0,0
T014007,3.79,11,0,0,0,17.4,0,0
T014008,50.96,4,1,0,0,6.7,3,0
T014009,13.66,14,1,0,0,14.3,5,0
T014010,66.79,12,0,0,0,71.3,2,0
T014011,7.91,9,1,0,0,34.0,4,0
T014012,52.39,6,1,0,1,6.4,3,0
T014013,44.22,8,0,0,0,33.8,1,0
T014014,15.46,10,0,0,1,14.2,4,0
T014015,47.18,22,1,0,0,11.7,0,0
T014016,39.75,12,0,0,0,30.6,3,0
T014017,53.83,6,0,0,0,11.8,1,0
T014018,7.48,15,1,0,0,5.2,1,0
T014019,33.58,3,1,0,1,17.3,1,0
T014020,14.99,4,0,0,0,23.6,1,0
T014021,30.65,16,1,0,1,44.2,1,0
T014022,3.29,12,0,0,0,13.9,2,0
T014023,47.64,3,1,0,0,33.3,5,0
T014024,18.45,16,1,0,0,7.9,1,0
T014025,39.42,8,1,0,0,75.0,4,0
T014026,41.99,20,1,0,0,13.4,1,0
T014027,51.38,12,1,0,0,9.0,3,0
T014028,9.46,15,0,1,0,11.5,2,0
T014029,10.81,20,0,1,1,43.9,2,0
T014030,87.17,19,0,0,1,22.8,1,0
T014031,66.2,20,0,0,1,31.3,2,0
T014032,46.6,22,0,1,0,28.4,2,0
T014033,79.4,23,1,0,0,14.3,2,0
T014034,12.46,1,0,0,0,15.9,1,0
T014035,30.12,0,1,0,0,7.9,0,0
T014036,54.22,12,0,0,0,8.0,3,0
T014037,29.21,5,0,0,0,0.7,1,0
T014038,44.03,16,0,0,0,2.1,1,0
T014039,23.48,14,1,0,0,3.0,3,0
T014040,17.58,15,1,0,0,67.4,2,0
T014041,28.83,15,0,0,0,27.0,6,0
T014042,59.18,8,0,1,0,1.3,3,0
T014043,43.43,14,1,0,1,27.9,1,0
T014044,60.22,20,0,0,0,11.2,6,0
T014045,7.45,13,0,0,1,25.8,4,0
T014046,30.61,20,1,0,0,12.2,1,0
T014047,111.38,8,0,0,0,73.1,1,0
T014048,41.56,13,0,0,0,35.3,3,0
T014049,66.01,0,1,0,1,12.1,2,0
T014050,7.93,4,1,0,0,2.8,2,0
T014051,89.7,22,0,0,1,42.0,1,0
T014052,40.27,20,0,0,0,11.7,3,0
T014053,38.04,8,0,0,0,2.4,0,0
T014054,52.5,21,0,0,0,7.6,3,0
T014055,25.9,1,0,0,0,1.3,4,0
T014056,140.17,19,1,0,0,3.1,3,0
T014057,124.4,4,1,0,1,25.2,5,0
T014058,35.27,11,0,0,0,12.6,0,0
T014059,41.76,6,1,0,0,9.2,3,0
T014060,47.5,4,1,0,0,27.1,2,0
T014061,14.94,5,1,0,0,25.7,3,0
T014062,59.22,4,1,0,1,28.4,1,0
T014063,11.62,17,0,0,0,6.1,0,0
T014064,87.68,14,0,0,0,13.0,5,0
T014065,204.28,13,0,0,0,7.7,0,0
T014066,264.1,10,0,0,0,32.9,2,0
T014067,97.21,5,0,0,0,17.8,2,0
T014068,4.99,18,1,0,1,9.4,3,0
T014069,32.2,14,0,0,0,1.8,2,0
T014070,72.85,2,1,0,1,2.1,0,0
T014071,70.58,0,0,0,0,20.0,0,0
T014072,10.57,6,0,0,0,12.2,2,0
T014073,64.4,16,0,0,0,10.9,4,0
T014074,27.41,23,1,0,0,50.3,0,0
T014075,31.16,0,0,0,0,8.2,0,0
T014076,45.97,20,1,0,1,13.1,4,0
T014077,37.26,14,0,0,1,19.2,3,0
T014078,34.36,23,0,0,0,5.7,3,0
T014079,30.34,7,0,0,0,0.9,3,0
T014080,10.3,19,0,0,0,21.5,3,0
T014081,6.51,6,0,0,0,40.1,2,0
T014082,48.3,12,0,0,0,33.9,2,0
T014083,46.01,2,1,0,0,25.8,0,0
T014084,5.11,18,0,0,0,39.8,1,0
T014085,34.57,21,0,0,0,51.4,3,0
T014086,50.07,17,0,0,0,11.4,2,0
T014087,15.03,3,0,0,0,18.1,4,0
T014088,241.36,18,0,0,1,7.1,1,0
T014089,10.28,3,0,0,0,35.6,2,0
T014090,160.58,13,1,0,0,13.6,3,0
T014091,782.55,1,0,0,0,32.4,2,0
T014092,22.98,9,0,0,0,18.4,2,0
T014093,211.89,7,1,0,0,13.4,3,0
T014094,43.89,5,0,0,0,34.1,3,0
T014095,15.97,14,1,0,0,17.0,4,0
T014096,31.52,6,0,0,0,22.6,0,0
T014097,31.03,5,0,0,1,16.0,3,0
T014098,9.7,7,1,0,0,30.9,1,0
T014099,17.22,10,0,0,0,4.8,4,0
T014100,100.87,19,0,0,0,1.9,1,0
T014101,171.22,0,0,0,1,25.3,4,0
T014102,26.87,7,1,0,0,2.7,2,0
T014103,54.95,12,0,0,0,27.8,3,0
T014104,182.69,17,1,0,0,14.2,1,0
T014105,166.84,19,0,0,0,20.6,3,0
T014106,22.93,13,1,0,0,25.8,2,0
T014107,36.69,4,1,0,0,2.1,1,0
T014108,107.2,18,1,0,0,2.6,6,0
T014109,96.31,1,1,0,0,2.6,2,0
T014110,52.54,18,0,0,0,13.0,1,0
T014111,12.84,6,1,0,0,12.3,0,0
T014112,17.3,13,1,0,0,4.8,3,0
T014113,123.49,10,0,0,0,13.6,4,0
T014114,20.85,15,0,0,1,12.7,2,0
T014115,71.63,22,1,0,1,54.8,2,0
T014116,38.33,5,1,0,0,0.5,3,0
T014117,46.7,3,1,0,0,12.0,5,0
T014118,40.02,15,1,0,0,11.8,1,0
T014119,63.22,20,1,0,1,9.6,2,0
T014120,129.48,0,1,1,0,13.1,1,0
T014121,74.84,18,1,0,1,32.7,0,0
T014122,109.44,19,1,0,0,7.1,3,0
T014123,14.89,9,0,0,0,8.5,5,0
T014124,27.23,2,1,0,0,3.5,3,0
T014125,182.32,12,0,0,1,28.5,2,0
T014126,23.95,11,1,0,0,41.3,3,0
T014127,165.54,2,0,0,1,0.5,1,0
T014128,66.62,6,0,0,0,15.9,3,0
T014129,113.75,15,1,0,0,0.5,1,0
T014130,302.17,9,0,0,0,44.9,6,0
T014131,12.34,7,1,0,1,3.6,0,0
T014132,111.8,17,1,0,0,22.9,2,0
T014133,47.62,6,1,0,0,25.5,3,0
T014134,14.42,7,1,0,0,8.5,4,0
T014135,135.62,15,1,0,0,6.0,2,0
T014136,16.53,11,1,1,0,2.9,3,0
T014137,116.24,11,0,0,0,40.8,2,0
T014138,11.13,2,0,1,0,11.0,1,0
T014139,175.1,20,0,0,0,73.3,1,0
T014140,21.45,5,1,0,0,17.0,2,0
T014141,14.44,19,0,1,0,7.0,5,0
T014142,19.63,0,0,0,0,3.2,1,0
T014143,164.14,18,0,0,0,9.6,2,0
T014144,36.07,8,0,0,0,13.6,2,0
T014145,44.31,4,1,0,0,3.8,0,0
T014146,26.74,14,1,0,0,5.2,5,0
T014147,213.26,17,1,0,0,14.5,1,0
T014148,36.4,11,0,0,1,11.9,4,0
T014149,25.33,16,1,0,0,5.8,3,0
T014150,12.77,17,1,0,0,96.9,3,0
T014151,188.29,2,0,0,0,11.2,3,0
T014152,39.1,23,1,0,1,10.3,1,0
T014153,45.43,22,1,0,0,23.3,1,0
T014154,12.85,3,1,1,1,3.8,0,0
T014155,91.05,5,0,0,0,15.4,1,0
T014156,8.97,2,1,0,0,31.6,2,0
T014157,44.9,6,1,0,0,11.4,3,0
T014158,10.51,16,0,1,1,3.5,4,0
T014159,89.12,15,1,0,0,49.8,3,0
T014160,255.06,11,0,0,0,19.1,0,0
T014161,17.76,14,1,0,0,46.0,2,0
T014162,16.39,3,1,0,1,25.4,4,0
T014163,87.87,10,0,0,0,5.5,4,0
T014164,53.11,1,0,0,0,15.8,2,0
T014165,57.99,14,1,0,0,24.6,2,0
T014166,24.31,7,0,0,0,25.5,2,0
T014167,61.2,14,1,0,0,19.7,0,0
T014168,17.38,14,0,0,0,35.9,3,0
T014169,46.09,0,0,0,0,24.1,4,0
T014170,11.17,18,0,0,1,17.7,1,0
T014171,17.53,21,1,1,0,4.2,3,0
T014172,32.17,11,1,0,0,7.6,2,0
T014173,25.27,19,1,0,0,0.8,0,0
T014174,100.07,16,1,0,0,3.0,2,0
T014175,29.66,10,0,1,0,27.6,3,0
T014176,10.31,1,1,0,0,16.3,3,0
T014177,18.64,13,0,0,0,22.7,0,0
T014178,53.46,2,1,0,0,7.2,4,0
T014179,19.9,17,1,0,0,14.8,0,0
T014180,34.99,21,1,1,0,31.4,3,0
T014181,21.13,15,0,0,0,21.3,7,0
T014182,12.47,4,1,0,0,9.9,1,0
T014183,18.25,12,0,0,0,19.4,1,0
T014184,61.87,15,1,0,0,36.0,5,0
T014185,6.5,5,0,0,0,9.1,2,0
T014186,9.11,11,1,0,0,9.4,3,0
T014187,13.64,2,0,0,0,4.7,2,0
T014188,49.12,20,0,0,1,3.6,1,0
T014189,47.39,10,1,0,0,12.5,2,0
T014190,20.54,9,0,0,0,34.6,3,0
T014191,29.64,3,0,0,0,4.5,4,0
T014192,48.09,18,1,0,0,8.3,5,0
T014193,61.53,9,1,0,0,11.0,2,0
T014194,46.4,10,0,0,0,18.1,4,0
T014195,185.73,2,1,0,0,8.4,2,0
T014196,23.62,15,0,0,0,20.1,3,0
T014197,17.41,15,1,0,0,23.9,4,0
T014198,46.03,17,0,0,0,12.3,3,0
T014199,7.29,23,1,0,0,4.0,5,0
T014200,34.79,6,1,0,1,33.0,3,0
T014201,61.22,9,1,0,0,16.1,2,0
T014202,59.71,7,1,0,0,7.3,3,0
T014203,72.26,4,0,0,0,17.9,1,0
T014204,57.04,23,0,0,1,11.2,2,0
T014205,26.73,3,1,0,0,12.1,3,0
T014206,95.72,10,1,1,0,1.9,0,0
T014207,20.66,21,0,0,0,39.8,1,0
T014208,21.3,17,1,0,0,2.6,3,0
T014209,35.32,21,0,0,0,0.8,3,0
T014210,62.22,16,0,0,0,3.0,5,0
T014211,34.6,6,1,0,0,18.3,0,0
T014212,6.7,15,0,0,0,22.9,4,0
T014213,20.91,16,1,0,1,5.5,3,0
T014214,33.54,6,1,0,0,1.2,2,0
T014215,37.88,3,0,0,1,34.0,1,0
T014216,112.63,16,1,0,0,0.6,2,0
T014217,72.61,3,0,0,0,13.4,3,0
T014218,65.13,13,0,0,0,48.5,1,0
T014219,11.85,6,1,0,0,11.6,0,0
T014220,7.05,20,1,0,0,22.5,3,0
T014221,33.87,2,1,0,0,1.4,3,0
T014222,490.48,1,0,0,0,20.6,4,0
T014223,42.72,9,1,0,0,34.6,5,0
T014224,8.04,8,1,0,0,3.0,4,0
T014225,140.37,19,0,0,1,17.5,0,0
T014226,103.47,20,0,0,0,36.6,1,0
T014227,14.41,6,0,0,1,44.9,2,0
T014228,90.86,4,1,0,0,34.9,6,0
T014229,34.57,21,1,1,0,7.9,1,0
T014230,172.84,15,1,0,0,3.2,1,0
T014231,213.74,21,0,0,0,6.0,1,0
T014232,47.11,3,0,1,0,25.6,1,0
T014233,87.92,16,1,0,0,33.7,4,0
T014234,105.32,7,0,0,1,8.3,4,0
T014235,68.08,5,0,0,0,10.1,0,0
T014236,14.3,18,0,0,0,9.1,1,0
T014237,25.05,23,0,0,0,4.1,3,0
T014238,74.72,14,1,0,0,37.8,3,0
T014239,5.97,21,1,0,0,34.6,1,0
T014240,4.69,5,0,0,0,6.8,0,0
T014241,10.83,15,1,0,1,7.7,3,0
T014242,38.1,19,1,0,0,1.4,2,0
T014243,32.81,1,1,0,1,5.9,5,0
T014244,217.44,4,0,0,0,34.2,2,0
T014245,7.3,23,0,0,0,4.0,2,0
T014246,26.07,12,0,0,0,17.9,1,0
T014247,35.87,17,0,0,0,40.4,2,0
T014248,55.46,19,0,0,0,7.0,4,0
T014249,10.65,2,1,0,1,19.8,0,0
T014250,7.27,22,0,1,0,31.1,1,0
T014251,143.17,2,0,0,1,11.9,2,0
T014252,57.1,10,1,0,0,13.3,4,0
T014253,15.14,3,0,0,0,47.1,1,0
T014254,31.6,22,1,0,0,5.5,1,0
T014255,17.16,21,0,0,0,6.8,3,0
T014256,54.86,14,0,0,0,23.6,0,0
T014257,219.15,18,1,1,1,14.6,1,0
T014258,43.77,1,1,0,0,2.2,3,0
T014259,40.15,1,1,0,0,4.4,4,0
T014260,25.12,3,1,0,0,59.2,1,0
T014261,13.28,19,1,0,0,19.0,3,0
T014262,7.35,0,0,0,1,19.6,2,0
T014263,63.87,0,0,0,0,42.6,4,0
T014264,78.52,2,1,0,1,8.8,0,0
T014265,32.13,14,0,0,0,4.8,1,0
T014266,70.96,1,0,0,0,5.0,2,0
T014267,664.41,1,0,0,0,7.8,2,0
T014268,39.25,0,1,0,1,43.3,2,0
T014269,63.56,11,0,0,0,2.6,2,0
T014270,15.86,14,0,1,0,0.1,2,0
T014271,93.6,3,1,0,1,21.9,2,0
T014272,32.45,4,0,0,0,10.4,3,0
T014273,76.52,23,0,0,0,20.7,4,0
T014274,26.48,15,1,0,0,13.8,3,0
T014275,34.1,5,0,0,0,9.0,4,0
T014276,86.4,22,1,0,0,3.0,5,0
T014277,5.44,7,1,0,0,4.2,2,0
T014278,12.38,19,1,1,0,0.8,4,0
T014279,45.81,13,0,0,0,17.4,1,0
T014280,15.09,6,0,0,0,3.1,0,0
T014281,18.09,3,1,0,0,33.7,3,0
T014282,35.27,5,0,0,0,28.1,3,0
T014283,33.55,16,0,0,0,1.6,4,0
T014284,26.54,19,0,0,0,9.3,2,0
T014285,96.93,16,1,1,1,22.3,2,0
T014286,23.92,21,0,0,0,90.0,1,0
T014287,23.25,12,0,0,1,56.6,1,0
T014288,36.37,2,0,0,0,4.7,3,0
T014289,14.56,13,0,0,0,7.3,4,0
T014290,91.06,1,1,0,0,4.2,2,1
T014291,51.72,19,1,0,1,17.7,4,0
T014292,5.7,0,0,0,0,8.1,3,0
T014293,54.65,11,1,0,0,36.8,2,0
T014294,30.44,11,1,0,0,20.6,5,0
T014295,107.24,0,1,0,0,14.4,0,0
T014296,27.43,8,1,0,0,7.6,2,0
T014297,37.83,12,0,0,0,40.4,2,0
T014298,11.94,20,0,0,0,51.0,2,0
T014299,46.04,8,0,0,1,2.3,3,0
T014300,37.78,3,1,0,0,15.4,1,0
T014301,164.46,2,1,0,0,3.8,2,1
T014302,319.14,5,1,0,1,4.2,0,0
T014303,18.42,21,1,0,0,26.1,3,0
T014304,12.5,5,0,0,0,8.8,2,0
T014305,63.51,6,0,0,0,18.1,5,0
T014306,26.22,23,1,0,0,5.9,1,0
T014307,1.05,15,1,0,0,13.8,3,0
T014308,19.89,20,1,0,0,41.3,4,0
T014309,16.69,5,1,0,0,0.1,2,0
T014310,38.46,6,0,0,1,7.5,1,0
T014311,106.5,2,0,0,0,9.2,2,0
T014312,125.07,0,0,0,0,30.1,4,0
T014313,83.56,19,0,1,0,19.8,4,0
T014314,10.03,3,1,0,0,40.8,1,0
T014315,19.84,20,1,0,0,17.8,2,0
T014316,84.22,7,1,0,0,43.2,2,0
T014317,83.53,15,0,0,0,59.4,2,0
T014318,2.97,8,1,0,0,11.0,2,0
T014319,65.75,2,0,0,0,6.9,2,0
T014320,7.1,16,0,0,0,38.7,0,0
T014321,7.66,8,1,0,0,51.3,2,0
T014322,37.84,2,0,0,0,11.4,3,0
T014323,60.07,13,0,0,0,33.9,0,0
T014324,339.6,18,0,0,0,20.6,0,0
T014325,205.16,17,1,1,0,18.1,3,0
T014326,38.64,4,1,0,0,3.6,2,0
T014327,6.8,17,1,0,0,54.2,2,0
T014328,433.51,9,0,0,0,15.9,1,0
T014329,43.14,10,0,0,0,33.1,5,0
T014330,83.47,17,1,0,1,16.2,2,0
T014331,24.75,19,0,0,0,4.1,3,0
T014332,125.11,2,0,0,1,14.6,0,0
T014333,9.09,18,1,0,1,9.9,2,0
T014334,90.99,13,1,0,0,31.2,0,0
T014335,19.28,23,0,0,0,12.7,3,0
T014336,65.06,16,0,0,0,13.1,3,0
T014337,34.82,2,0,0,0,2.9,4,0
T014338,69.44,17,0,0,0,19.4,0,0
T014339,87.9,3,0,0,1,33.3,4,0
T014340,74.43,4,1,0,1,15.7,1,0
T014341,120.13,0,1,0,1,1.6,5,0
T014342,45.87,3,0,0,1,15.7,2,0
T014343,202.25,7,0,0,1,0.3,2,0
T014344,18.48,16,1,1,0,1.6,3,0
T014345,31.07,20,1,0,0,0.5,0,0
T014346,27.01,9,0,0,1,26.0,2,0
T014347,25.24,9,1,0,1,25.6,2,0
T014348,186.42,22,0,1,1,2.6,5,0
T014349,26.88,18,1,0,0,2.5,0,0
T014350,83.77,17,1,0,0,22.6,2,0
T014351,49.43,21,0,1,0,4.9,2,0
T014352,15.45,10,1,0,0,42.6,3,0
T014353,220.67,2,0,0,0,5.2,1,0
T014354,37.59,4,1,0,0,16.7,2,0
T014355,116.16,3,0,0,0,32.5,2,0
T014356,40.96,17,1,0,0,34.0,1,0
T014357,46.77,13,0,0,1,14.9,1,0
T014358,54.74,20,1,0,0,7.2,4,0
T014359,248.96,5,0,0,1,12.5,4,0
T014360,179.5,14,1,0,0,19.3,3,0
T014361,64.47,8,1,0,0,14.3,2,0
T014362,11.56,16,0,0,0,36.3,1,0
T014363,17.01,17,0,0,1,37.8,4,0
T014364,14.48,15,1,0,0,5.3,1,0
T014365,96.54,6,0,0,0,12.2,1,0
T014366,47.27,18,0,0,0,3.0,2,0
T014367,29.04,5,0,0,0,0.8,3,0
T014368,8.04,21,1,0,0,15.3,3,0
T014369,83.66,1,1,0,0,31.1,3,0
T014370,44.25,0,0,0,0,4.8,1,0
T014371,103.09,5,1,0,1,25.4,1,0
T014372,168.56,11,0,0,0,13.3,3,0
T014373,56.15,17,0,0,0,0.6,2,0
T014374,53.44,14,0,0,0,28.5,1,0
T014375,27.42,2,1,0,1,2.7,6,0
T014376,57.58,5,1,0,1,12.7,1,0
T014377,4.55,14,1,0,0,8.2,4,0
T014378,6.95,4,1,0,1,2.2,5,0
T014379,15.08,23,0,0,0,0.7,0,0
T014380,38.49,16,1,0,0,12.7,1,0
T014381,21.76,2,0,0,1,24.9,5,0
T014382,11.96,4,1,0,0,13.6,4,0
T014383,48.55,4,1,0,0,8.1,6,0
T014384,11.92,4,1,0,1,11.9,3,0
T014385,133.47,22,0,0,0,28.2,4,0
T014386,5.0,18,0,0,0,45.1,3,0
T014387,91.41,1,1,0,0,24.3,3,0
T014388,113.32,7,0,0,0,7.7,3,0
T014389,43.61,19,1,0,0,27.9,2,0
T014390,20.76,12,0,0,0,15.4,1,0
T014391,31.45,20,0,0,0,13.4,5,0
T014392,25.42,2,0,0,0,16.3,2,0
T014393,23.39,3,0,0,0,7.1,1,0
T014394,11.45,15,1,0,0,14.8,1,0
T014395,16.8,19,0,0,0,6.2,0,0
T014396,46.1,13,0,0,0,11.7,2,0
T014397,68.3,19,1,0,0,1.9,1,0
T014398,26.76,8,1,0,0,15.4,2,0
T014399,55.95,10,0,0,1,14.2,0,0
T014400,5.54,1,0,1,0,5.9,2,0
T014401,24.95,5,0,0,1,2.4,2,0
T014402,10.03,4,0,0,0,14.6,0,0
T014403,54.8,4,0,0,0,10.6,6,0
T014404,8.22,4,0,0,1,12.6,2,0
T014405,80.46,7,0,0,0,26.0,3,0
T014406,101.68,18,1,0,1,0.5,3,0
T014407,72.69,13,0,0,0,6.5,2,0
T014408,23.11,8,0,0,0,10.4,2,0
T014409,14.3,20,1,0,0,6.7,3,0
T014410,7.26,22,0,0,0,10.6,2,0
T014411,64.0,6,1,0,0,19.9,2,0
T014412,15.83,2,0,1,0,16.2,4,0
T014413,32.79,9,1,0,0,5.4,5,0
T014414,40.88,20,1,0,0,9.0,4,0
T014415,20.85,15,1,0,1,6.3,5,0
T014416,76.45,21,0,0,0,5.5,1,0
T014417,15.9,3,0,0,1,17.7,3,0
T014418,86.58,13,1,0,0,39.6,3,0
T014419,28.71,22,1,0,0,0.9,2,0
T014420,20.47,12,0,0,0,17.2,1,0
T014421,94.22,18,1,0,0,10.7,0,0
T014422,3.59,12,0,0,0,29.7,2,0
T014423,16.85,22,0,0,0,20.6,2,0
T014424,15.67,3,0,0,0,9.2,3,0
T014425,275.73,8,0,0,0,9.2,2,0
T014426,11.71,17,1,0,0,20.1,1,0
T014427,31.47,21,0,0,0,48.4,2,0
T014428,41.04,6,1,0,0,14.2,4,0
T014429,125.56,15,1,0,0,23.3,3,0
T014430,9.39,10,0,1,0,78.7,3,0
T014431,24.78,15,0,0,0,9.4,1,0
T014432,15.88,17,0,0,0,18.4,1,0
T014433,22.57,15,1,0,0,3.3,2,0
T014434,48.29,0,0,0,0,46.0,5,0
T014435,53.05,10,1,0,1,42.3,5,0
T014436,16.89,2,0,0,1,7.9,3,0
T014437,29.53,9,1,0,1,13.3,4,0
T014438,75.07,5,0,0,0,26.4,4,0
T014439,49.48,18,0,0,0,25.6,4,0
T014440,75.7,5,0,0,0,6.7,4,0
T014441,24.41,11,0,0,0,11.1,1,0
T014442,164.75,8,0,0,1,27.1,1,0
T014443,111.51,1,1,0,0,37.6,2,0
T014444,87.04,9,1,0,0,9.4,3,0
T014445,20.49,3,0,0,0,6.0,2,0
T014446,68.84,5,0,0,0,41.8,1,0
T014447,21.74,19,0,0,0,12.2,1,0
T014448,54.61,3,0,0,0,44.7,6,0
T014449,8.9,10,0,0,0,5.9,2,0
T014450,41.22,10,0,0,0,8.1,3,0
T014451,8.66,19,0,0,0,15.5,2,0
T014452,69.37,11,1,0,1,7.8,0,0
T014453,88.85,17,1,0,0,3.1,0,0
T014454,58.51,19,0,0,1,25.3,1,0
T014455,6.25,0,0,0,0,0.3,2,0
T014456,50.63,17,0,0,1,21.1,0,0
T014457,7.53,3,0,0,1,3.2,3,0
T014458,36.24,22,0,0,0,14.6,4,0
T014459,41.34,2,1,0,0,13.0,1,0
T014460,28.99,1,1,0,1,1.0,4,0
T014461,10.66,14,0,0,0,20.0,3,0
T014462,31.69,0,1,1,0,1.5,1,0
T014463,40.6,10,1,0,0,3.4,4,0
T014464,20.7,7,0,0,0,45.9,2,0
T014465,23.39,15,0,0,0,12.3,1,0
T014466,133.65,20,0,0,0,25.7,0,0
T014467,67.09,7,0,0,1,14.2,2,0
T014468,23.95,23,1,0,0,6.5,1,0
T014469,16.92,23,0,0,0,33.9,2,0
T014470,49.41,21,1,0,0,7.6,4,0
T014471,122.03,19,1,0,1,44.3,2,0
T014472,109.18,6,0,0,1,40.4,2,0
T014473,6.08,11,1,0,0,9.7,1,0
T014474,34.38,6,0,0,0,18.3,1,0
T014475,16.86,8,1,0,0,33.1,1,0
T014476,57.41,12,1,1,0,11.5,4,0
T014477,74.42,5,0,0,1,32.1,5,0
T014478,34.35,16,1,1,0,36.2,2,0
T014479,46.29,14,0,0,0,32.3,0,0
T014480,30.83,19,0,0,0,55.8,4,0
T014481,19.4,17,1,0,1,15.6,1,0
T014482,12.55,0,0,0,1,4.4,3,0
T014483,76.29,2,0,0,0,5.3,2,0
T014484,236.59,13,0,1,0,12.4,1,0
T014485,17.73,7,1,0,0,14.1,2,0
T014486,29.68,2,0,0,0,7.2,4,0
T014487,8.35,2,1,1,1,1.8,3,0
T014488,11.36,8,0,0,0,17.0,1,0
T014489,106.13,13,0,0,0,10.9,3,0
T014490,917.8,15,1,0,0,21.2,2,1
T014491,45.51,11,0,0,0,36.4,4,0
T014492,51.23,1,1,0,0,23.4,2,0
T014493,20.16,5,0,0,1,14.1,4,0
T014494,130.67,19,1,0,0,1.2,4,0
T014495,70.77,5,0,0,0,15.4,1,0
T014496,134.55,3,1,1,0,93.2,2,1
T014497,11.61,17,0,0,0,17.3,2,0
T014498,23.2,1,1,0,0,31.1,2,0
T014499,58.72,12,0,0,0,12.7,0,0
T014500,26.66,6,0,0,0,87.9,2,0
T014501,164.0,18,0,0,0,9.2,2,0
T014502,18.4,22,0,0,1,31.7,1,0
T014503,41.62,8,0,0,0,1.6,1,0
T014504,22.56,14,0,0,1,3.4,5,0
T014505,33.98,15,0,0,0,15.8,4,0
T014506,84.49,17,0,0,0,14.8,3,0
T014507,72.09,22,0,0,0,34.7,2,0
T014508,19.39,13,0,0,0,35.5,3,0
T014509,69.23,11,0,0,1,10.6,3,0
T014510,73.02,22,0,0,0,29.6,3,0
T014511,74.03,12,0,1,0,42.8,7,0
T014512,23.79,6,1,0,0,5.3,5,0
T014513,3.57,11,1,1,0,2.1,2,0
T014514,44.96,19,1,1,0,8.9,1,0
T014515,34.82,14,0,0,0,45.9,2,0
T014516,33.66,1,1,0,0,21.9,4,0
T014517,15.3,9,1,1,0,28.4,4,0
T014518,10.06,19,1,0,0,4.6,2,0
T014519,74.67,15,0,0,1,1.9,2,0
T014520,26.92,7,0,0,1,37.4,6,0
T014521,39.36,20,1,0,0,1.6,0,0
T014522,19.65,21,1,0,1,4.3,1,0
T014523,29.44,0,0,0,0,11.5,5,0
T014524,25.58,7,1,0,0,36.9,3,0
T014525,32.24,19,0,0,1,1.3,3,0
T014526,20.65,7,0,0,1,0.1,5,0
T014527,89.56,6,1,0,0,50.1,2,0
T014528,264.86,2,0,0,0,10.1,3,0
T014529,53.56,3,1,0,0,12.4,2,0
T014530,67.79,0,0,0,0,67.2,2,0
T014531,18.58,17,1,0,0,4.8,3,0
T014532,54.62,17,0,0,0,1.5,3,0
T014533,188.98,23,0,0,0,2.7,2,0
T014534,16.32,15,0,0,0,48.3,4,0
T014535,19.36,14,1,0,0,7.8,1,0
T014536,97.46,23,0,0,0,16.4,1,0
T014537,36.13,13,1,0,0,4.5,3,0
T014538,10.23,6,0,0,0,0.4,2,0
T014539,9.63,3,0,0,0,24.8,2,0
T014540,35.31,23,0,0,0,3.9,1,0
T014541,33.14,12,0,1,0,14.4,3,0
T014542,26.59,2,0,0,0,18.7,1,0
T014543,64.25,3,0,0,0,57.0,1,0
T014544,11.77,20,0,1,0,2.9,3,0
T014545,45.03,4,0,0,1,34.4,1,0
T014546,6.58,5,0,0,0,22.1,2,0
T014547,116.73,22,0,0,0,26.1,2,0
T014548,15.66,22,0,0,0,24.4,3,0
T014549,6.9,2,1,0,0,1.4,1,0
T014550,39.46,4,0,0,0,34.1,0,0
T014551,124.76,12,1,0,0,9.1,0,0
T014552,51.39,0,0,0,0,21.8,4,0
T014553,48.94,22,1,0,0,15.3,1,0
T014554,9.16,5,0,0,0,11.5,0,0
T014555,31.65,9,1,0,0,2.3,0,0
T014556,16.12,10,1,0,0,3.3,0,0
T014557,9.24,15,1,0,0,6.7,2,0
T014558,39.44,3,0,0,1,7.4,1,0
T014559,95.58,23,0,0,0,16.1,3,0
T014560,22.15,2,1,0,1,21.9,6,0
T014561,5.78,13,1,0,1,47.4,1,0
T014562,64.02,19,0,0,0,104.5,1,0
T014563,55.68,14,0,0,0,8.0,3,0
T014564,48.12,6,0,0,0,11.4,4,0
T014565,9.31,5,1,0,0,1.7,1,0
T014566,89.91,12,0,1,0,34.3,2,0
T014567,16.73,17,0,0,1,23.7,1,0
T014568,46.34,10,0,1,1,35.0,0,0
T014569,49.99,8,0,0,0,15.3,2,0
T014570,187.43,20,1,0,1,1.4,1,0
T014571,9.95,0,1,0,0,24.6,1,0
T014572,38.32,3,1,1,0,14.3,4,0
T014573,47.18,8,1,0,0,21.4,2,0
T014574,16.77,7,1,0,0,1.8,0,0
T014575,32.24,1,1,0,0,15.6,0,1
T014576,17.85,21,1,0,0,19.0,1,0
T014577,67.26,15,1,0,0,17.4,3,0
T014578,24.34,16,1,1,0,3.9,3,0
T014579,93.9,8,0,0,0,24.5,3,0
T014580,9.13,16,1,0,0,9.2,3,0
T014581,19.12,22,1,0,0,11.5,5,0
T014582,25.5,3,0,0,0,28.4,3,0
T014583,29.47,22,1,0,0,55.8,3,0
T014584,13.12,5,0,0,0,39.3,2,0
T014585,26.35,23,1,1,0,10.3,1,0
T014586,70.69,1,1,1,0,6.8,2,0
T014587,7.65,21,0,0,1,39.3,3,0
T014588,45.78,12,1,0,1,8.7,2,0
T014589,18.11,23,0,0,0,39.2,2,0
T014590,44.97,15,1,0,0,1.2,2,0
T014591,9.66,20,1,0,0,14.3,2,0
T014592,35.56,17,0,0,0,57.4,1,0
T014593,22.3,3,0,0,0,15.8,4,0
T014594,31.36,13,0,0,0,22.9,5,0
T014595,298.58,19,0,0,0,26.9,0,0
T014596,6.43,21,0,0,0,14.1,1,0
T014597,84.57,22,0,0,0,125.3,1,0
T014598,8.61,5,0,0,0,15.2,4,0
T014599,22.39,22,1,1,1,2.3,0,0
T014600,40.96,21,0,0,0,12.1,2,0
T014601,51.34,13,0,0,0,0.9,2,0
T014602,76.68,11,0,0,0,14.9,1,0
T014603,117.36,5,0,0,1,14.4,1,0
T014604,17.0,14,1,0,0,11.3,2,0
T014605,33.08,0,0,0,0,60.0,0,0
T014606,31.38,16,1,0,0,21.1,2,0
T014607,12.15,23,0,0,0,7.0,1,0
T014608,88.23,23,0,0,0,2.1,3,0
T014609,53.95,3,0,0,0,2.4,3,0
T014610,35.05,17,0,0,1,9.2,1,0
T014611,9.81,12,0,0,1,8.0,2,0
T014612,55.5,4,0,0,0,3.5,3,0
T014613,163.04,0,0,0,0,10.5,0,0
T014614,91.91,11,0,0,0,7.3,1,0
T014615,247.91,14,1,0,0,15.9,4,0
T014616,28.73,19,0,0,0,22.7,1,0
T014617,41.86,7,0,0,0,4.7,2,0
T014618,34.73,17,0,0,0,17.9,2,0
T014619,19.72,4,1,0,0,33.9,1,0
T014620,54.92,21,0,0,0,36.7,1,0
T014621,39.28,19,1,0,0,77.6,0,0
T014622,41.52,3,0,0,1,2.4,1,0
T014623,42.16,12,1,0,0,19.9,2,0
T014624,34.99,19,1,0,1,2.3,0,0
T014625,53.74,2,1,0,0,46.0,3,1
T014626,27.58,14,1,0,0,31.7,3,0
T014627,17.53,1,1,0,0,19.5,0,0
T014628,57.56,23,1,0,0,43.6,7,0
T014629,33.09,1,0,0,0,19.6,3,0
T014630,11.06,20,1,0,0,11.6,0,0
T014631,20.65,16,1,1,0,9.8,2,0
T014632,12.28,7,1,0,0,23.7,2,0
T014633,9.79,18,0,0,0,17.0,0,0
T014634,223.23,8,1,1,0,20.5,2,0
T014635,193.15,4,1,1,0,5.6,1,0
T014636,56.34,13,1,0,0,58.4,3,0
T014637,14.45,2,1,0,0,14.0,3,0
T014638,22.2,20,1,0,0,20.1,1,0
T014639,20.53,11,1,0,0,12.6,2,0
T014640,318.19,6,0,0,0,16.1,1,0
T014641,153.24,9,0,0,0,3.9,1,0
T014642,194.55,15,0,0,1,12.2,2,0
T014643,172.35,6,0,0,0,4.4,1,0
T014644,5.96,1,0,0,1,5.3,2,0
T014645,46.63,17,0,0,0,4.3,7,0
T014646,11.03,22,0,0,1,9.1,1,0
T014647,31.18,11,1,0,0,5.7,1,0
T014648,96.84,17,0,0,1,3.6,1,0
T014649,179.6,11,0,0,1,5.3,5,0
T014650,24.44,22,1,0,0,26.2,4,0
T014651,72.39,3,0,0,0,20.6,2,0
T014652,10.89,20,1,0,1,72.7,1,0
T014653,33.2,19,1,0,0,0.6,4,0
T014654,78.29,21,1,0,0,2.4,0,0
T014655,25.39,21,0,0,0,9.0,0,0
T014656,164.06,6,0,0,0,32.3,3,0
T014657,12.83,21,0,0,0,20.8,1,0
T014658,14.8,13,1,0,1,35.7,1,0
T014659,28.26,9,1,0,1,18.0,5,0
T014660,31.11,17,1,0,0,16.3,3,0
T014661,34.88,10,0,0,1,2.5,0,0
T014662,15.04,23,0,0,0,35.3,1,0
T014663,65.32,20,1,0,0,7.2,2,0
T014664,75.88,5,1,0,1,12.1,5,0
T014665,85.98,3,1,0,0,16.7,2,0
T014666,39.35,21,0,0,0,20.8,0,0
T014667,28.08,17,1,0,0,16.5,2,0
T014668,44.89,4,1,0,0,66.1,4,0
T014669,201.16,7,1,1,0,4.8,1,0
T014670,1631.88,19,1,0,0,1.9,4,0
T014671,164.04,1,0,0,0,6.0,3,0
T014672,10.96,23,0,0,0,41.9,2,0
T014673,49.04,10,1,0,0,4.3,0,0
T014674,31.3,6,1,0,0,6.5,4,0
T014675,59.3,0,1,0,0,18.9,1,0
T014676,230.39,11,0,0,0,8.9,1,0
T014677,57.63,0,0,0,1,10.0,2,0
T014678,60.15,4,0,0,0,32.7,2,0
T014679,55.45,10,1,0,0,9.8,3,0
T014680,10.8,1,0,0,0,4.4,1,0
T014681,44.21,21,1,0,0,25.4,1,0
T014682,28.9,6,1,0,0,1.2,3,0
T014683,15.1,20,0,0,0,9.8,2,0
T014684,3.48,21,1,0,0,13.2,0,0
T014685,41.41,10,0,0,1,19.9,4,0
T014686,85.98,20,1,0,0,13.9,3,0
T014687,22.37,4,1,0,0,8.4,0,0
T014688,11.5,10,1,0,0,0.9,1,0
T014689,190.48,13,1,0,0,18.3,3,0
T014690,10.15,19,1,0,1,24.4,3,0
T014691,34.7,22,0,0,0,13.3,1,0
T014692,199.51,10,0,0,0,21.1,1,0
T014693,26.22,16,0,0,0,4.9,0,0
T014694,29.27,14,1,0,1,19.7,1,0
T014695,13.28,22,0,0,0,58.1,0,0
T014696,18.66,11,0,0,0,8.3,5,0
T014697,12.67,15,1,1,0,1.3,3,0
T014698,28.57,15,1,0,0,22.5,1,0
T014699,60.08,23,1,0,1,22.5,0,0
T014700,146.92,0,0,0,0,21.7,2,0
T014701,16.68,19,1,0,0,44.5,3,0
T014702,11.76,2,0,0,1,19.0,3,0
T014703,74.3,18,0,0,0,8.9,1,0
T014704,75.52,7,1,0,0,3.8,2,0
T014705,43.52,20,1,0,1,2.1,3,0
T014706,20.48,7,0,0,0,10.0,6,0
T014707,68.38,20,0,0,0,32.3,1,0
T014708,43.29,18,1,0,1,54.5,1,0
T014709,81.61,3,1,0,0,35.6,1,0
T014710,26.04,16,0,0,1,14.8,1,0
T014711,11.41,4,1,0,1,0.8,1,0
T014712,47.11,23,1,0,1,8.9,2,0
T014713,216.27,1,1,0,1,51.0,1,0
T014714,66.1,4,1,0,0,30.6,1,0
T014715,41.51,21,1,0,1,10.6,1,0
T014716,195.9,17,0,0,0,2.2,4,0
T014717,51.63,18,0,0,0,23.7,2,0
T014718,20.41,4,0,0,1,0.4,2,0
T014719,34.52,15,1,0,0,76.1,5,0
T014720,22.11,14,1,0,0,5.0,0,0
T014721,37.31,16,0,1,0,40.9,0,0
T014722,20.2,12,1,0,0,19.7,1,0
T014723,7.7,2,0,0,0,9.9,2,0
T014724,31.79,13,0,0,0,8.0,4,0
T014725,16.15,11,1,0,0,16.0,4,0
T014726,27.82,16,0,0,0,0.8,2,0
T014727,11.88,2,0,0,0,12.9,2,0
T014728,22.74,2,0,0,0,14.1,3,0
T014729,10.84,11,0,0,0,35.5,0,0
T014730,11.23,21,0,0,0,7.7,2,0
T014731,54.36,16,1,0,0,19.2,3,0
T014732,22.94,10,0,0,0,21.9,3,0
T014733,13.91,17,0,0,0,3.1,5,0
T014734,113.21,18,1,0,0,16.0,3,0
T014735,41.53,7,1,0,0,2.4,1,0
T014736,107.57,7,1,0,0,33.0,0,0
T014737,35.41,7,1,0,0,56.9,2,0
T014738,42.89,18,1,0,0,7.3,2,0
T014739,16.78,20,0,0,1,23.1,3,0
T014740,14.99,14,1,1,0,3.2,2,0
T014741,4.69,6,0,0,0,5.4,2,0
T014742,33.67,9,1,0,0,7.8,3,0
T014743,63.28,9,0,0,0,5.2,3,0
T014744,10.02,12,0,0,0,53.7,0,0
T014745,89.23,19,1,0,1,10.3,2,0
T014746,113.55,4,1,0,1,3.5,3,0
T014747,21.67,3,0,0,0,5.0,3,0
T014748,38.54,8,1,0,0,24.6,4,0
T014749,54.16,16,1,0,0,32.5,4,0
T014750,7.67,9,0,0,0,9.5,1,0
T014751,13.02,7,1,0,0,14.4,6,0
T014752,12.37,11,1,0,0,34.5,3,0
T014753,127.04,21,1,1,1,13.5,0,0
T014754,59.13,2,0,0,0,35.3,3,0
T014755,184.15,17,1,0,0,16.5,3,0
T014756,19.48,22,0,0,0,15.2,3,0
T014757,14.67,23,1,0,0,10.8,2,0
T014758,16.51,9,0,0,0,24.3,1,0
T014759,17.18,12,1,1,0,36.4,3,0
T014760,77.05,20,0,0,0,33.7,1,0
T014761,46.18,22,1,0,0,16.3,4,0
T014762,33.73,20,0,0,0,0.3,1,0
T014763,19.84,7,1,0,0,19.4,3,0
T014764,27.02,11,0,0,0,7.0,4,0
T014765,6.86,2,1,0,0,16.0,5,0
T014766,7.4,2,0,0,0,3.7,5,0
T014767,32.48,9,1,0,0,11.5,2,0
T014768,35.47,12,1,0,0,1.3,2,0
T014769,61.09,15,0,0,0,1.0,1,0
T014770,10.02,23,1,0,0,20.3,2,0
T014771,5.74,20,1,0,0,18.8,1,0
T014772,13.32,5,0,0,0,6.6,2,0
T014773,4.79,17,1,0,0,44.3,4,0
T014774,50.01,7,1,0,0,7.8,4,0
T014775,15.55,2,0,0,0,10.1,2,0
T014776,267.56,1,1,0,0,26.0,2,0
T014777,13.22,5,0,0,1,3.8,2,0
T014778,662.5,14,0,0,0,36.8,0,0
T014779,220.05,23,1,0,0,10.1,3,0
T014780,75.83,17,0,0,0,10.9,2,0
T014781,23.95,18,1,0,0,21.9,5,0
T014782,60.98,11,0,0,0,37.1,1,0
T014783,26.06,5,1,0,0,69.9,2,0
T014784,185.8,20,1,0,0,19.2,3,0
T014785,265.07,23,0,0,1,7.1,1,0
T014786,91.17,12,1,0,0,22.6,2,0
T014787,34.69,12,0,0,0,14.4,4,0
T014788,18.24,7,0,0,0,15.3,1,0
T014789,67.8,5,0,1,1,14.7,3,0
T014790,38.77,7,0,0,0,46.5,1,0
T014791,11.79,16,1,0,0,47.3,4,0
T014792,79.91,6,1,0,0,44.0,3,0
T014793,26.63,21,0,0,0,6.1,5,0
T014794,13.26,18,1,0,0,2.1,1,0
T014795,46.67,0,1,0,0,15.8,1,0
T014796,206.97,20,1,0,1,12.4,2,0
T014797,51.28,22,1,0,0,4.7,1,0
T014798,26.84,7,1,0,1,23.4,1,0
T014799,159.75,16,0,0,0,35.9,0,0
T014800,33.09,17,0,0,0,29.7,3,0
T014801,80.68,2,1,1,0,3.3,1,0
T014802,37.97,20,1,0,0,18.8,5,0
T014803,12.76,5,0,0,1,19.6,4,0
T014804,46.75,20,1,0,1,10.5,6,0
T014805,7.55,21,1,0,1,36.8,3,0
T014806,23.57,4,0,0,0,21.9,2,0
T014807,55.03,13,0,0,0,25.5,3,0
T014808,101.39,20,0,0,0,32.9,1,0
T014809,22.83,11,0,0,0,11.0,2,0
T014810,30.3,8,0,1,0,39.6,2,0
T014811,38.68,8,0,0,0,30.6,2,0
T014812,49.93,2,1,0,0,16.3,3,0
T014813,52.01,19,0,0,0,50.7,4,0
T014814,99.46,17,0,0,0,2.3,1,0
T014815,23.54,15,0,1,1,18.5,4,0
T014816,21.43,8,1,0,0,45.1,1,0
T014817,110.69,23,1,0,0,21.2,1,0
T014818,270.13,23,1,0,0,17.8,3,0
T014819,23.67,6,1,0,0,13.9,3,0
T014820,64.05,21,0,0,0,41.2,3,0
T014821,95.76,7,0,1,0,6.0,3,0
T014822,27.1,7,0,0,0,16.2,4,0
T014823,47.19,0,1,0,0,15.3,2,1
T014824,58.05,21,0,0,0,18.8,1,0
T014825,44.4,14,1,0,1,0.4,2,0
T014826,158.34,12,1,0,1,5.4,2,0
T014827,33.26,23,1,0,0,35.1,1,0
T014828,105.94,3,0,0,0,17.2,1,0
T014829,28.09,20,1,0,1,18.4,3,0
T014830,49.86,3,0,0,0,15.7,3,0
T014831,84.26,8,0,0,0,4.9,4,0
T014832,73.49,16,0,0,1,11.4,2,0
T014833,89.02,21,0,0,1,9.5,1,1
T014834,40.84,3,1,0,0,17.5,5,0
T014835,35.32,7,1,0,0,48.0,1,0
T014836,48.47,20,1,0,1,0.9,1,0
T014837,69.14,4,1,0,1,21.5,4,0
T014838,15.97,15,1,0,0,26.8,2,0
T014839,60.07,7,1,0,0,7.1,2,0
T014840,17.31,15,1,0,0,17.2,3,0
T014841,36.23,7,0,0,1,22.0,1,0
T014842,23.87,10,0,0,0,3.7,2,0
T014843,15.95,8,0,0,0,16.1,2,0
T014844,47.43,0,0,1,0,41.4,3,0
T014845,15.04,13,1,0,0,29.6,1,0
T014846,25.09,6,0,0,0,26.7,4,0
T014847,63.06,17,1,0,1,9.4,3,0
T014848,45.13,7,0,0,0,9.5,1,0
T014849,96.23,13,0,0,1,19.2,1,0
T014850,193.95,8,1,0,1,5.8,1,0
T014851,28.62,4,0,0,0,2.9,1,0
T014852,163.71,17,0,0,0,42.3,2,0
T014853,179.12,19,1,0,1,17.3,1,0
T014854,53.19,16,0,0,1,12.0,3,0
T014855,32.24,2,1,0,0,23.6,2,0
T014856,9.45,11,0,0,0,6.4,2,0
T014857,47.98,2,1,0,0,22.0,6,0
T014858,12.37,14,0,0,1,110.5,1,0
T014859,35.5,3,0,0,0,42.4,2,0
T014860,147.59,21,0,0,0,27.8,2,0
T014861,15.13,2,1,0,1,10.6,4,0
T014862,21.53,0,0,0,0,16.0,1,0
T014863,26.22,3,1,0,1,14.5,2,0
T014864,50.21,21,1,0,0,19.7,2,0
T014865,27.12,21,0,0,0,36.9,4,0
T014866,12.82,14,0,0,0,23.0,1,0
T014867,23.81,18,0,0,1,42.2,3,0
T014868,57.81,3,1,0,1,26.3,6,0
T014869,38.86,21,1,0,0,6.0,2,0
T014870,27.53,7,0,0,0,48.4,3,0
T014871,16.69,2,1,0,0,7.4,0,0
T014872,63.32,13,1,0,0,92.6,1,0
T014873,47.09,13,0,1,0,30.9,2,0
T014874,9.33,16,1,0,0,6.8,3,0
T014875,64.77,23,1,0,1,11.3,1,0
T014876,68.81,12,1,0,0,16.7,2,0
T014877,56.42,13,1,0,0,6.0,0,0
T014878,68.98,15,0,0,0,22.7,0,0
T014879,46.86,18,1,0,0,10.2,2,0
T014880,47.98,22,1,0,0,1.0,2,0
T014881,18.54,9,1,0,0,4.6,2,0
T014882,51.65,8,1,0,0,2.8,3,0
T014883,23.93,20,0,0,0,2.9,2,0
T014884,56.77,14,0,0,0,6.9,2,0
T014885,30.44,17,0,0,0,4.2,0,0
T014886,38.93,0,0,0,1,18.5,2,0
T014887,15.12,17,1,0,0,5.4,3,0
T014888,3.84,15,0,0,0,4.2,1,0
T014889,48.94,14,0,0,0,2.4,3,0
T014890,136.77,21,1,0,0,24.2,3,0
T014891,23.7,10,1,0,0,0.6,3,0
T014892,21.77,12,1,0,0,28.1,2,0
T014893,99.57,7,0,0,0,47.4,3,0
T014894,9.95,9,0,0,0,29.6,2,0
T014895,26.41,23,1,0,1,47.2,2,0
T014896,80.68,2,0,0,0,37.1,3,0
T014897,19.33,22,0,0,0,5.2,2,0
T014898,17.99,12,1,0,0,44.7,2,0
T014899,60.35,6,0,0,0,16.5,3,0
T014900,7.04,5,0,0,0,3.0,2,0
T014901,192.25,17,1,1,0,14.9,1,0
T014902,32.36,1,1,0,0,6.7,2,0
T014903,20.73,10,0,0,0,17.8,4,0
T014904,39.08,12,1,0,0,78.1,1,0
T014905,33.54,6,0,0,1,44.3,4,0
T014906,17.32,2,1,0,0,12.4,2,0
T014907,29.42,15,1,0,1,17.7,1,0
T014908,65.93,10,1,0,0,10.4,4,0
T014909,5.59,12,0,0,0,0.8,2,0
T014910,140.17,8,0,0,0,5.9,1,0
T014911,40.01,21,0,0,0,93.9,5,0
T014912,8.32,5,1,0,0,13.5,2,0
T014913,13.86,3,0,0,0,0.1,2,0
T014914,71.38,13,1,0,0,1.7,2,0
T014915,48.37,20,0,0,0,4.2,3,0
T014916,21.49,20,1,0,1,27.3,0,0
T014917,66.71,12,0,0,0,15.1,1,0
T014918,93.59,3,1,0,0,6.7,4,0
T014919,45.05,8,0,0,0,11.9,1,0
T014920,75.93,4,0,0,0,2.3,3,0
T014921,6.28,21,1,0,0,17.8,3,0
T014922,52.77,16,0,0,0,21.0,2,0
T014923,27.1,7,0,0,0,4.2,6,0
T014924,34.85,5,1,0,1,27.2,1,0
T014925,30.63,0,1,0,0,37.7,1,0
T014926,88.82,3,1,0,0,13.8,0,0
T014927,107.67,0,1,0,1,1.6,3,0
T014928,9.56,8,1,0,0,6.3,4,0
T014929,10.88,2,0,0,0,17.4,0,0
T014930,19.18,16,1,0,0,7.2,0,0
T014931,84.29,11,1,0,0,4.1,0,0
T014932,14.17,8,0,0,0,32.2,3,0
T014933,16.92,16,1,0,0,20.6,4,0
T014934,64.81,1,0,0,1,58.2,1,0
T014935,2.03,13,1,0,0,0.7,3,0
T014936,75.86,19,0,1,0,36.9,3,0
T014937,27.3,9,1,0,0,19.5,1,0
T014938,42.73,18,0,0,0,24.7,2,0
T014939,108.64,1,1,0,0,29.9,5,0
T014940,16.81,16,0,0,0,15.2,3,0
T014941,13.72,12,1,0,0,21.1,0,0
T014942,27.47,17,0,0,0,22.7,3,0
T014943,21.59,16,0,0,1,10.0,2,0
T014944,119.42,9,0,0,0,10.1,1,0
T014945,84.37,19,0,0,0,2.9,2,1
T014946,157.97,10,0,0,0,3.2,1,0
T014947,35.11,18,1,0,0,7.2,1,0
T014948,15.03,12,1,0,0,1.0,2,0
T014949,318.88,20,0,0,0,7.4,4,0
T014950,21.07,6,0,0,0,41.0,4,0
T014951,59.47,12,1,0,0,7.7,2,0
T014952,6.98,18,0,0,0,72.9,2,0
T014953,18.27,15,1,0,0,19.5,0,0
T014954,94.53,19,1,0,0,14.9,3,0
T014955,24.95,23,0,0,0,12.7,2,0
T014956,55.93,20,1,0,0,12.6,3,0
T014957,126.7,9,1,1,0,16.9,2,0
T014958,207.42,2,0,0,0,55.8,5,0
T014959,10.98,20,0,0,1,73.9,3,0
T014960,121.18,2,1,0,1,2.3,4,0
T014961,15.33,16,0,0,0,46.3,2,0
T014962,59.66,5,0,0,1,10.2,3,0
T014963,40.58,22,1,0,1,28.9,1,0
T014964,57.98,15,0,0,0,17.8,2,0
T014965,38.7,4,0,1,0,7.8,2,0
T014966,79.1,14,1,0,0,48.4,4,0
T014967,14.02,15,1,0,0,8.9,1,0
T014968,123.48,7,0,0,0,27.6,3,0
T014969,31.38,4,1,0,0,11.8,1,0
T014970,1.68,19,0,0,0,0.2,2,0
T014971,24.05,19,0,0,0,11.2,1,0
T014972,68.0,4,0,0,0,7.2,1,0
T014973,16.19,6,0,0,0,31.8,1,0
T014974,184.04,14,0,0,0,36.3,0,0
T014975,47.88,1,1,0,1,28.0,2,0
T014976,77.4,13,0,0,1,50.7,3,0
T014977,69.15,22,1,0,0,23.5,2,0
T014978,27.21,10,0,0,0,2.1,2,0
T014979,56.15,7,0,1,1,2.7,4,0
T014980,11.1,22,0,0,0,20.9,4,0
T014981,26.09,10,0,0,1,2.6,2,0
T014982,104.13,22,0,1,0,5.4,2,0
T014983,16.1,3,1,0,0,4.7,3,0
T014984,82.43,11,0,0,0,9.8,1,0
T014985,24.41,0,1,0,0,37.2,5,0
T014986,20.26,2,1,0,0,10.7,2,0
T014987,34.54,4,0,0,0,20.9,1,0
T014988,81.57,17,0,0,1,3.8,1,0
T014989,51.23,23,1,0,0,20.8,0,0
T014990,86.0,3,0,0,0,6.4,1,0
T014991,94.59,14,1,0,1,6.1,3,0
T014992,200.36,4,1,0,0,23.4,3,0
T014993,115.11,10,1,0,0,42.7,2,0
T014994,19.11,14,0,0,0,11.1,2,0
T014995,16.13,0,1,0,0,29.3,3,0
T014996,44.18,23,1,0,0,0.4,3,0
T014997,184.8,9,1,1,0,3.9,1,0
T014998,66.2,14,0,0,0,3.8,0,0
T014999,93.37,10,1,0,0,12.2,2,0
T015000,35.81,19,0,0,0,7.1,3,0
T015001,146.48,1,0,0,0,4.4,2,0
T015002,89.43,15,1,0,0,63.8,5,0
T015003,19.24,10,0,0,1,42.3,2,0
T015004,0.92,12,1,0,1,3.7,1,0
T015005,6.77,8,1,0,1,19.3,4,0
T015006,15.62,7,0,0,1,7.4,0,0
T015007,45.42,8,0,0,1,10.7,2,0
T015008,6.59,6,1,0,0,6.0,1,0
T015009,31.6,5,0,0,0,4.5,3,0
T015010,280.58,14,1,0,0,7.2,1,0
T015011,23.04,19,0,0,0,48.4,0,0
T015012,37.72,20,0,1,1,24.5,2,0
T015013,196.61,15,1,0,0,3.9,0,0
T015014,129.33,13,1,0,1,61.4,2,0
T015015,8.58,15,1,0,0,20.7,3,0
T015016,215.69,14,0,0,0,52.3,3,0
T015017,14.8,3,1,1,0,8.9,0,1
T015018,55.84,11,0,0,0,42.2,4,0
T015019,4.28,21,0,0,1,1.8,3,0
T015020,62.92,1,0,0,0,28.6,0,0
T015021,432.14,2,1,0,1,42.4,3,0
T015022,55.6,22,0,0,0,5.2,5,0
T015023,62.26,1,1,0,0,38.5,7,0
T015024,13.04,9,1,0,1,14.9,0,0
T015025,93.52,9,1,0,0,17.4,1,0
T015026,31.57,0,1,0,0,42.2,0,0
T015027,81.39,15,1,0,0,25.3,5,0
T015028,9.94,19,1,0,1,19.3,2,0
T015029,9.56,9,0,0,0,33.4,3,0
T015030,38.13,19,1,0,1,9.7,3,0
T015031,20.32,18,0,0,0,0.6,3,0
T015032,89.5,20,1,0,1,6.4,2,0
T015033,77.51,18,1,1,1,58.5,4,0
T015034,5.82,15,1,0,1,31.5,1,0
T015035,24.46,1,1,1,0,6.7,2,0
T015036,118.06,20,0,0,0,5.6,2,0
T015037,40.62,16,0,0,0,28.3,5,0
T015038,31.86,11,1,0,0,8.8,0,0
T015039,40.5,20,0,0,0,8.3,3,0
T015040,23.76,3,0,0,1,3.4,2,0
T015041,8.19,18,0,0,1,32.7,1,0
T015042,48.95,11,0,0,0,33.6,4,0
T015043,31.29,1,1,0,0,14.3,4,0
T015044,58.43,12,1,0,0,8.4,1,0
T015045,10.06,16,1,0,0,12.6,4,0
T015046,14.77,12,1,0,1,17.1,3,0
T015047,19.53,22,1,0,1,0.7,2,0
T015048,8.49,7,0,0,0,22.3,4,0
T015049,47.65,11,0,0,0,13.7,2,0
T015050,12.57,22,0,0,0,8.1,2,0
T015051,35.85,7,0,0,1,9.5,3,0
T015052,28.91,11,0,0,0,8.7,1,0
T015053,47.32,1,0,0,0,9.5,3,0
T015054,87.58,2,1,0,0,18.5,3,0
T015055,8.81,10,1,0,1,1.2,2,0
T015056,39.01,21,0,0,0,3.1,3,0
T015057,40.52,18,0,0,1,28.3,1,0
T015058,99.4,6,1,0,0,4.1,1,0
T015059,6.22,15,0,0,0,12.4,1,0
T015060,135.49,8,0,0,0,6.4,1,0
T015061,74.74,15,1,0,0,62.9,3,0
T015062,34.44,23,0,0,0,22.9,2,0
T015063,136.42,8,1,0,0,38.4,3,0
T015064,13.08,23,0,0,0,16.6,4,0
T015065,20.6,15,0,0,0,11.0,1,0
T015066,25.94,9,0,0,0,5.2,1,0
T015067,39.49,10,0,0,0,20.6,1,0
T015068,45.26,11,1,0,0,15.0,1,0
T015069,87.77,20,0,0,1,6.9,1,0
T015070,51.68,9,0,0,0,28.7,5,0
T015071,59.49,18,0,0,0,11.8,7,0
T015072,59.56,1,1,0,0,12.7,3,0
T015073,35.91,11,0,1,0,11.0,2,0
T015074,148.11,4,1,1,0,34.4,2,0
T015075,89.74,19,0,0,0,10.0,3,0
T015076,25.92,10,0,0,0,11.4,1,0
T015077,7.33,5,1,0,1,4.3,1,0
T015078,6.95,8,0,0,1,7.6,0,0
T015079,16.81,15,1,0,0,4.1,3,0
T015080,57.92,17,0,0,0,8.8,5,0
T015081,34.66,4,1,0,0,46.4,6,0
T015082,20.67,8,0,0,0,14.0,6,0
T015083,12.79,5,1,0,0,39.2,3,0
T015084,46.25,2,1,0,0,20.2,3,0
T015085,67.11,19,0,0,0,1.9,4,0
T015086,4.15,20,0,0,1,17.3,6,0
T015087,52.25,13,1,0,0,22.5,2,0
T015088,33.36,2,0,0,0,23.4,0,0
T015089,336.64,13,0,0,0,1.5,0,0
T015090,46.44,18,0,0,0,12.9,2,0
T015091,25.02,11,0,0,0,23.6,5,0
T015092,21.05,13,1,0,0,39.8,1,0
T015093,7.87,22,1,0,0,4.7,3,0
T015094,180.26,20,1,0,0,23.2,2,0
T015095,6.44,0,1,0,0,46.8,1,0
T015096,73.86,13,1,0,0,6.9,2,0
T015097,31.85,16,1,0,0,4.4,2,0
T015098,18.87,6,0,0,0,4.4,1,0
T015099,43.17,4,0,0,0,4.5,2,0
T015100,15.84,16,1,1,0,14.6,2,0
T015101,13.99,8,1,0,0,4.9,1,0
T015102,75.29,9,1,0,0,24.2,3,0
T015103,41.16,22,0,0,1,13.9,4,0
T015104,17.78,6,1,0,1,8.2,1,0
T015105,23.21,3,0,0,0,103.9,0,0
T015106,4.41,21,0,0,0,16.6,3,0
T015107,88.18,6,0,0,0,29.1,3,0
T015108,6.2,2,0,0,0,26.3,4,0
T015109,34.02,19,0,0,0,10.5,2,0
T015110,59.85,9,0,0,1,8.8,2,1
T015111,9.51,5,1,0,0,44.2,2,0
T015112,9.42,7,1,0,0,4.1,3,0
T015113,48.6,16,1,0,1,22.8,3,0
T015114,24.52,23,1,0,0,3.2,1,0
T015115,150.03,17,0,0,0,1.2,0,0
T015116,25.08,21,0,0,0,2.1,3,0
T015117,81.42,1,1,0,0,4.3,3,0
T015118,26.55,1,0,1,1,20.5,2,0
T015119,21.33,14,0,0,0,21.2,3,0
T015120,34.91,6,0,0,0,24.6,1,0
T015121,394.81,7,0,0,1,6.3,6,0
T015122,45.97,9,1,1,0,27.6,2,0
T015123,49.98,18,0,0,0,14.7,0,0
T015124,33.09,22,0,0,0,30.2,4,0
T015125,13.9,8,1,0,0,14.8,3,0
T015126,24.12,20,0,0,0,5.1,3,0
T015127,67.7,15,1,0,0,2.5,4,0
T015128,133.08,13,0,0,0,20.5,2,0
T015129,97.76,7,0,0,1,34.7,6,0
T015130,46.26,1,0,0,0,2.8,3,0
T015131,43.18,1,0,0,0,35.8,3,0
T015132,19.26,12,0,0,0,19.3,1,0
T015133,66.9,0,0,0,0,6.9,3,0
T015134,12.55,10,1,0,0,6.3,4,0
T015135,14.96,0,0,0,1,2.9,1,0
T015136,15.19,20,0,0,0,1.3,6,0
T015137,34.42,7,0,0,0,2.1,3,0
T015138,73.77,3,0,0,0,33.2,1,0
T015139,102.29,12,1,0,0,19.9,5,0
T015140,7.38,16,0,0,0,20.8,1,0
T015141,53.46,3,1,0,0,3.1,3,0
T015142,13.2,10,1,0,0,3.7,2,0
T015143,152.53,20,1,1,0,22.1,2,0
T015144,18.94,0,0,0,1,34.1,0,0
T015145,18.99,13,1,0,0,30.4,0,0
T015146,12.44,9,1,0,0,32.5,4,0
T015147,128.09,6,0,0,0,41.8,2,0
T015148,22.24,7,0,0,0,11.2,2,0
T015149,99.54,2,0,0,1,2.6,1,0
T015150,57.45,4,0,0,0,0.6,2,0
T015151,26.5,20,1,0,0,4.3,4,0
T015152,14.9,19,0,0,0,10.7,3,0
T015153,111.83,1,0,0,0,8.4,2,0
T015154,13.86,0,0,0,1,27.4,2,0
T015155,34.99,10,1,0,0,44.2,4,0
T015156,13.75,12,0,0,0,21.4,0,0
T015157,31.54,7,0,0,0,108.6,3,0
T015158,26.89,20,1,0,0,6.4,2,0
T015159,121.09,23,0,0,0,48.7,5,0
T015160,71.78,0,0,0,1,14.6,2,0
T015161,109.54,14,1,0,1,6.2,4,0
T015162,17.15,10,0,0,1,65.1,1,0
T015163,99.72,11,1,0,0,23.1,1,0
T015164,16.43,9,0,0,0,42.1,0,0
T015165,61.26,14,0,0,0,4.0,1,0
T015166,39.22,22,0,0,0,5.1,4,0
T015167,6.54,0,0,0,0,15.9,2,0
T015168,35.27,6,0,0,0,7.4,2,0
T015169,50.77,22,0,0,1,5.6,7,0
T015170,47.29,19,1,0,0,4.0,6,0
T015171,16.62,10,0,0,1,20.6,1,0
T015172,30.46,13,0,0,0,3.1,2,0
T015173,132.4,2,0,1,0,36.1,0,0
T015174,96.38,13,0,0,0,1.2,2,0
T015175,20.64,10,0,0,0,42.0,2,0
T015176,27.79,4,0,0,0,1.9,4,0
T015177,30.64,3,1,0,0,27.0,0,0
T015178,31.78,9,0,0,0,23.5,5,0
T015179,51.87,15,1,0,0,23.5,1,0
T015180,38.47,2,1,1,0,12.4,1,0
T015181,163.75,9,0,0,0,31.0,2,0
T015182,15.9,19,0,0,0,3.3,3,0
T015183,4.83,22,0,0,0,9.4,1,0
T015184,8.67,10,1,0,0,12.8,0,0
T015185,71.18,8,0,0,0,12.8,1,0
T015186,10.71,8,1,0,0,6.4,2,0
T015187,66.04,5,1,0,0,12.0,1,0
T015188,61.62,16,0,0,0,13.3,3,0
T015189,58.22,6,1,0,0,34.6,3,0
T015190,22.55,9,0,0,0,0.2,3,0
T015191,27.49,16,0,0,0,19.2,3,0
T015192,19.5,4,0,0,0,25.5,1,0
T015193,70.5,13,1,0,0,6.9,1,0
T015194,5.78,4,0,0,1,13.5,1,0
T015195,16.3,22,0,0,0,33.8,6,0
T015196,228.36,19,1,0,0,2.2,1,0
T015197,35.88,15,0,0,0,7.1,0,0
T015198,23.67,1,0,0,0,25.3,0,0
T015199,5.54,23,0,0,0,31.0,0,0
T015200,79.13,11,1,0,0,24.2,6,0
T015201,99.04,23,0,0,1,23.6,1,0
T015202,8.82,23,0,0,0,4.4,1,0
T015203,19.41,21,0,0,1,43.4,2,0
T015204,27.52,3,1,0,0,18.2,2,0
T015205,38.45,5,1,0,0,5.3,2,0
T015206,2.77,4,0,0,0,0.5,2,0
T015207,34.4,6,0,0,0,7.3,3,0
T015208,56.87,6,1,0,0,34.6,4,1
T015209,44.23,7,0,0,1,36.0,2,0
T015210,66.97,8,1,0,0,0.7,3,0
T015211,56.22,8,0,0,1,0.6,6,0
T015212,15.59,3,1,0,0,71.2,1,0
T015213,213.85,3,0,0,0,12.6,3,0
T015214,16.77,23,1,0,0,8.7,3,0
T015215,11.59,11,1,0,0,18.2,3,0
T015216,142.15,20,1,0,0,4.1,2,0
T015217,396.96,19,1,0,0,7.1,1,0
T015218,85.73,17,1,1,0,6.3,1,0
T015219,4.06,8,1,1,0,6.3,3,0
T015220,10.31,0,0,0,0,12.8,2,0
T015221,84.45,18,1,0,0,23.8,4,0
T015222,92.47,12,0,0,0,23.3,1,0
T015223,64.68,17,0,0,0,28.3,1,0
T015224,169.75,17,1,0,0,4.3,0,0
T015225,21.24,15,1,0,0,5.8,1,0
T015226,26.03,13,1,0,0,39.4,2,0
T015227,154.05,5,0,0,1,18.3,3,0
T015228,24.95,0,1,0,0,30.8,4,0
T015229,196.92,13,0,0,0,2.1,0,0
T015230,52.63,7,0,0,1,9.4,1,0
T015231,11.89,12,0,0,0,8.7,2,0
T015232,38.55,21,1,0,0,12.5,3,0
T015233,31.42,10,0,0,0,30.1,0,0
T015234,9.45,19,1,0,0,17.4,1,0
T015235,14.36,22,1,0,1,23.8,4,0
T015236,196.72,20,1,0,0,101.4,1,0
T015237,84.4,16,0,0,0,2.6,3,0
T015238,102.92,2,0,0,0,24.5,3,0
T015239,24.74,22,0,0,1,7.5,2,0
T015240,63.57,10,0,0,0,11.8,5,0
T015241,45.17,11,1,0,0,11.7,1,0
T015242,38.24,14,0,0,0,5.3,1,0
T015243,46.86,22,0,0,0,3.9,3,0
T015244,76.63,0,1,1,0,8.9,1,0
T015245,40.53,5,1,0,1,2.9,1,0
T015246,43.99,19,0,0,0,47.9,1,0
T015247,37.76,11,1,1,0,16.8,2,0
T015248,12.41,20,1,0,0,28.9,2,0
T015249,35.95,2,1,0,0,18.2,0,0
T015250,10.04,7,0,0,0,38.2,4,0
T015251,12.64,6,1,0,1,19.3,2,0
T015252,4.83,13,0,0,1,41.2,4,0
T015253,45.66,1,0,0,0,3.4,2,0
T015254,12.32,5,1,0,0,1.4,4,0
T015255,42.98,9,1,0,0,5.1,3,0
T015256,61.05,17,0,0,0,9.6,6,0
T015257,147.08,11,0,0,0,14.3,2,0
T015258,69.35,4,1,0,0,9.4,3,0
T015259,15.12,13,0,0,0,8.1,3,0
T015260,3.98,12,1,0,0,30.6,2,0
T015261,76.06,3,0,0,0,22.7,2,0
T015262,10.46,19,0,0,0,8.7,6,0
T015263,122.26,2,0,0,1,5.7,4,1
T015264,114.86,16,0,0,0,18.4,4,0
T015265,265.27,9,1,0,1,1.8,4,0
T015266,28.11,5,1,0,0,4.6,1,0
T015267,5.69,14,1,0,0,19.5,2,0
T015268,59.46,3,0,0,0,16.0,4,0
T015269,46.74,19,0,0,0,3.3,2,0
T015270,12.98,8,0,1,0,31.5,3,0
T015271,255.28,5,1,0,0,1.0,3,1
T015272,106.32,2,1,0,0,11.5,2,0
T015273,44.66,5,0,0,0,10.9,2,0
T015274,22.61,13,1,0,0,5.1,2,0
T015275,22.91,15,0,0,1,42.4,2,0
T015276,65.96,16,0,0,0,18.8,3,0
T015277,25.61,15,0,0,0,12.7,3,0
T015278,10.2,12,0,0,0,12.3,2,0
T015279,38.87,12,0,0,0,12.8,1,0
T015280,92.53,4,1,0,0,0.6,3,0
T015281,15.62,18,1,0,1,3.3,4,0
T015282,4.29,3,1,1,0,41.0,3,0
T015283,27.25,1,0,0,0,56.7,2,0
T015284,252.78,8,0,0,0,1.5,2,0
T015285,42.4,4,0,0,0,44.6,0,0
T015286,69.61,0,1,0,0,18.5,1,0
T015287,38.22,14,1,0,0,47.8,3,0
T015288,205.62,22,0,0,0,0.9,2,0
T015289,8.8,16,1,0,1,51.9,0,0
T015290,41.8,11,0,0,0,40.1,2,0
T015291,19.77,8,1,0,0,60.2,2,0
T015292,38.6,8,0,0,0,14.6,3,0
T015293,47.33,15,1,0,0,13.1,0,0
T015294,24.65,3,1,0,0,14.0,1,0
T015295,103.5,0,0,0,0,33.0,3,0
T015296,12.0,22,1,0,0,6.3,1,0
T015297,126.63,22,0,0,1,7.0,2,0
T015298,51.84,9,1,0,0,7.8,3,0
T015299,135.2,3,1,0,0,13.0,2,0
T015300,10.79,20,1,0,0,6.6,2,0
T015301,23.2,18,1,0,0,25.8,2,0
T015302,183.94,20,0,0,0,19.8,1,0
T015303,88.32,19,0,0,0,16.2,1,0
T015304,160.17,10,1,0,0,10.1,5,0
T015305,14.29,14,1,0,0,18.2,3,0
T015306,90.33,9,1,0,1,14.9,1,0
T015307,16.7,1,0,0,0,2.5,3,0
T015308,24.38,23,1,0,0,44.7,2,0
T015309,106.02,18,0,0,1,5.4,1,0
T015310,74.33,1,0,0,0,40.0,1,0
T015311,57.15,22,1,0,0,1.0,2,0
T015312,15.07,18,1,0,0,7.2,2,0
T015313,75.7,8,0,0,0,11.3,2,0
T015314,32.12,12,0,0,0,17.7,2,0
T015315,74.2,7,1,0,0,41.6,4,0
T015316,25.68,7,1,0,1,9.3,2,0
T015317,30.55,4,0,0,0,57.7,0,0
T015318,9.95,11,0,1,1,14.6,2,0
T015319,17.5,11,0,0,1,5.8,0,0
T015320,116.46,5,0,0,1,26.2,3,0
T015321,32.36,16,0,0,0,28.1,2,0
T015322,20.98,13,0,0,0,98.5,1,0
T015323,14.92,17,1,0,0,43.1,5,0
T015324,35.32,22,0,0,0,8.6,4,0
T015325,17.28,17,1,0,0,0.7,3,0
T015326,23.68,21,0,0,0,8.4,2,0
T015327,94.24,23,0,0,0,34.5,4,0
T015328,50.58,10,1,0,0,9.9,3,0
T015329,70.02,11,0,0,0,7.0,2,0
T015330,49.02,13,0,0,1,17.3,3,0
T015331,1033.72,23,0,0,0,85.9,2,0
T015332,20.66,10,0,0,0,2.5,1,0
T015333,25.15,17,0,0,0,12.4,0,0
T015334,12.81,1,0,0,0,6.8,4,0
T015335,63.99,22,1,0,0,43.4,2,0
T015336,53.32,20,0,0,0,6.9,1,0
T015337,111.61,1,0,0,0,16.9,2,0
T015338,49.87,2,1,0,0,21.0,1,0
T015339,19.01,7,0,0,0,1.3,3,0
T015340,50.54,1,0,0,1,17.5,5,0
T015341,203.37,1,0,0,0,0.2,4,0
T015342,91.57,1,1,0,0,22.6,0,0
T015343,10.61,3,1,0,1,12.9,0,0
T015344,54.71,11,0,0,0,8.3,2,0
T015345,12.66,8,1,0,0,3.9,3,0
T015346,32.16,23,0,0,1,18.4,1,0
T015347,56.92,22,0,0,0,44.1,1,0
T015348,8.55,15,0,0,0,33.3,2,0
T015349,94.68,17,1,0,0,37.4,4,0
T015350,95.53,12,0,1,0,17.0,2,0
T015351,98.23,23,0,0,0,10.0,0,0
T015352,9.45,22,1,0,1,6.5,0,0
T015353,22.95,17,0,0,0,0.5,3,0
T015354,19.72,19,0,0,0,64.0,1,0
T015355,90.61,20,0,0,0,10.8,3,0
T015356,61.85,21,0,0,0,28.4,4,0
T015357,70.44,19,1,0,0,14.8,2,0
T015358,88.01,11,0,0,0,36.4,1,0
T015359,46.1,5,0,0,0,17.2,3,0
T015360,544.53,9,1,0,0,11.5,3,0
T015361,27.48,3,0,0,0,32.4,0,0
T015362,28.58,10,1,0,0,1.8,1,0
T015363,12.94,1,1,0,1,0.8,3,0
T015364,276.6,2,0,0,0,3.2,1,0
T015365,62.78,22,0,0,0,14.2,1,0
T015366,29.93,12,0,0,0,16.9,2,0
T015367,10.02,2,0,0,0,5.5,4,0
T015368,9.16,13,0,0,0,20.2,4,0
T015369,176.32,17,0,0,1,27.7,2,0
T015370,81.8,13,0,0,0,16.3,2,0
T015371,223.05,0,0,0,0,4.3,3,0
T015372,9.37,13,1,0,0,1.7,3,0
T015373,28.27,12,0,0,1,11.8,1,0
T015374,73.47,7,1,0,1,13.2,1,0
T015375,13.38,1,1,0,0,4.0,5,1
T015376,27.54,23,1,0,0,2.6,3,0
T015377,144.23,14,1,0,0,0.4,4,0
T015378,38.86,19,0,0,0,49.9,0,0
T015379,36.6,2,1,0,1,43.6,1,0
T015380,29.72,21,0,0,0,9.8,3,0
T015381,19.9,8,0,0,0,6.1,3,0
T015382,16.49,0,0,0,0,11.7,0,0
T015383,36.15,3,1,0,0,1.5,5,0
T015384,66.57,5,1,0,0,9.5,1,0
T015385,12.03,18,0,0,0,18.7,1,0
T015386,76.01,1,0,0,1,0.5,1,0
T015387,137.87,11,0,0,0,24.4,2,0
T015388,143.66,10,0,0,0,2.0,6,0
T015389,35.81,5,0,0,0,10.3,2,0
T015390,108.54,18,0,0,0,47.3,5,0
T015391,31.51,21,1,0,1,64.7,3,0
T015392,11.02,2,0,0,0,43.3,3,0
T015393,91.1,6,0,0,0,3.4,5,0
T015394,67.22,2,0,0,1,6.5,3,0
T015395,43.25,14,0,0,0,27.1,2,0
T015396,56.76,6,1,0,1,5.7,3,0
T015397,12.21,15,0,0,0,9.9,3,0
T015398,25.66,22,0,0,0,5.0,1,0
T015399,25.55,20,1,0,0,19.3,4,0
T015400,32.6,6,0,0,0,21.0,2,0
T015401,50.03,0,1,0,1,22.4,2,0
T015402,45.47,5,1,0,0,22.6,2,0
T015403,52.65,11,1,1,0,14.1,1,0
T015404,157.2,8,0,0,0,26.9,3,0
T015405,21.49,16,1,0,0,5.4,1,0
T015406,54.39,1,0,0,0,8.9,2,0
T015407,34.45,2,1,0,0,39.2,0,0
T015408,140.4,10,0,0,0,3.2,1,0
T015409,102.09,23,1,0,0,3.0,2,0
T015410,16.92,20,1,0,0,10.5,2,0
T015411,141.55,12,0,0,1,10.3,2,0
T015412,102.78,11,1,0,0,1.6,2,0
T015413,184.05,4,1,0,0,16.2,2,0
T015414,78.19,8,1,0,0,3.6,3,0
T015415,47.45,13,1,0,0,41.2,1,0
T015416,68.47,9,0,0,1,15.4,2,0
T015417,26.0,12,1,0,0,14.0,1,0
T015418,60.2,6,1,0,0,3.4,1,0
T015419,12.15,17,0,0,1,29.0,3,0
T015420,56.72,6,1,0,1,19.9,2,0
T015421,31.59,12,0,0,0,40.6,1,0
T015422,73.37,19,1,0,1,2.3,2,0
T015423,22.21,20,0,0,0,11.9,0,0
T015424,34.69,14,0,0,0,7.8,3,0
T015425,74.5,15,1,0,1,18.6,0,0
T015426,47.59,15,1,0,0,15.3,3,0
T015427,24.17,13,1,0,0,2.3,2,0
T015428,6.98,8,1,0,0,0.2,6,0
T015429,47.49,10,0,0,0,19.5,3,0
T015430,13.92,17,1,0,0,1.9,1,0
T015431,62.24,2,1,0,0,8.8,6,0
T015432,9.19,17,0,1,1,12.0,4,0
T015433,5.63,9,0,0,0,5.8,0,0
T015434,52.11,11,0,0,0,8.7,3,0
T015435,7.8,7,0,0,0,16.1,3,0
T015436,47.98,21,1,0,1,34.3,0,0
T015437,16.97,21,0,0,1,1.7,3,0
T015438,29.44,17,0,0,0,6.5,4,0
T015439,18.23,6,0,1,0,1.9,1,0
T015440,36.01,20,0,0,0,26.2,2,0
T015441,45.02,1,0,0,0,4.0,2,0
T015442,38.9,18,1,0,0,7.9,2,0
T015443,8.71,11,1,0,0,12.6,3,0
T015444,48.63,10,0,0,1,17.2,3,0
T015445,125.19,18,1,0,0,1.6,4,0
T015446,10.46,13,0,0,1,18.9,5,0
T015447,14.97,14,0,0,0,1.4,1,0
T015448,48.43,22,1,0,0,30.4,4,0
T015449,2.54,10,0,0,0,11.2,4,0
T015450,3.89,4,1,0,0,2.3,2,0
T015451,30.57,14,1,0,0,0.6,3,0
T015452,16.21,8,1,0,0,26.5,1,0
T015453,2.75,15,1,0,1,3.0,2,0
T015454,8.15,23,1,0,0,6.7,1,0
T015455,44.58,1,0,0,0,4.8,1,0
T015456,60.55,21,1,0,0,72.6,3,0
T015457,14.39,19,1,0,0,11.6,6,0
T015458,28.51,13,0,0,1,37.3,2,0
T015459,9.24,2,1,1,0,48.2,5,0
T015460,38.24,10,1,1,0,12.3,3,0
T015461,16.84,1,1,0,0,12.1,2,0
T015462,185.96,0,1,0,1,33.4,1,1
T015463,37.95,8,1,0,1,22.2,3,0
T015464,110.74,11,1,0,0,37.9,2,0
T015465,34.62,23,0,0,1,22.4,2,0
T015466,10.04,7,1,0,0,17.7,1,0
T015467,16.72,3,1,0,0,18.8,1,0
T015468,37.32,13,0,0,0,8.5,1,0
T015469,54.17,17,0,1,1,27.5,7,1
T015470,25.63,1,0,0,0,3.3,1,0
T015471,75.03,1,1,0,0,38.4,1,0
T015472,71.99,1,0,1,0,7.1,2,0
T015473,17.12,23,1,0,0,7.8,0,0
T015474,31.62,7,0,0,0,5.1,3,0
T015475,8.36,17,0,0,0,30.1,5,0
T015476,62.1,9,0,1,1,25.0,4,0
T015477,39.94,11,1,0,0,56.4,3,0
T015478,17.24,0,1,0,0,2.2,3,0
T015479,17.12,16,0,0,0,12.9,2,0
T015480,17.72,15,0,0,0,12.3,3,0
T015481,58.35,13,1,0,1,5.8,1,0
T015482,24.48,18,1,0,1,66.2,1,0
T015483,435.45,18,0,0,0,32.0,2,0
T015484,150.39,2,1,0,0,61.1,1,0
T015485,44.63,10,1,0,0,61.5,6,0
T015486,86.5,13,1,0,0,42.9,5,0
T015487,30.68,20,0,0,1,2.4,1,0
T015488,205.07,0,1,0,0,3.2,1,0
T015489,5.65,7,0,0,1,33.9,1,0
T015490,24.9,15,1,0,0,12.8,2,0
T015491,37.06,21,0,0,0,9.5,1,0
T015492,238.27,8,0,0,0,10.3,3,0
T015493,79.28,18,0,1,0,10.8,4,0
T015494,6.16,5,1,0,0,2.9,2,0
T015495,4.72,11,1,0,0,2.9,0,0
T015496,32.22,6,0,0,0,18.1,4,0
T015497,10.63,10,0,0,0,15.9,3,0
T015498,117.68,18,1,0,1,11.0,3,0
T015499,16.95,0,1,0,0,10.8,5,0
T015500,35.88,11,0,0,0,15.6,6,0
T015501,29.89,12,0,0,0,17.9,2,0
T015502,46.19,8,0,0,0,10.1,1,0
T015503,88.17,10,0,0,0,49.8,2,0
T015504,18.19,2,1,0,0,3.6,1,0
T015505,35.67,4,1,0,1,12.5,1,0
T015506,13.32,0,0,0,0,16.7,2,0
T015507,38.81,4,1,0,0,52.1,5,0
T015508,32.46,20,1,0,0,23.3,3,0
T015509,19.27,0,0,0,0,43.5,3,0
T015510,70.03,17,0,0,0,20.3,1,0
T015511,43.84,6,0,0,0,15.7,2,0
T015512,80.28,6,1,0,0,18.4,4,0
T015513,17.85,6,1,0,0,24.2,3,0
T015514,4.37,5,0,0,0,34.6,2,0
T015515,40.36,15,1,0,0,3.8,1,0
T015516,83.77,10,0,0,0,12.1,0,0
T015517,17.69,16,0,0,0,1.8,0,0
T015518,21.19,8,1,0,0,13.4,2,0
T015519,67.96,20,1,0,0,5.7,1,0
T015520,107.63,5,1,0,0,22.1,3,0
T015521,13.18,11,0,0,0,25.6,1,0
T015522,59.89,9,0,0,1,4.5,1,0
T015523,10.95,10,0,0,0,25.0,1,0
T015524,23.43,3,0,0,0,15.2,6,0
T015525,28.45,7,1,0,0,14.5,1,0
T015526,56.24,21,0,0,1,5.2,1,0
T015527,72.25,23,0,0,0,47.0,3,0
T015528,31.52,1,0,0,1,12.7,1,0
T015529,8.87,0,0,0,0,33.5,2,0
T015530,44.01,6,1,0,0,52.9,4,1
T015531,15.04,1,1,0,1,14.3,2,0
T015532,23.33,12,0,0,1,7.6,3,0
T015533,34.24,4,0,0,0,8.7,1,0
T015534,43.08,23,0,0,0,31.9,1,0
T015535,30.93,20,0,0,0,32.6,2,0
T015536,28.87,1,0,1,0,16.8,1,0
T015537,40.01,8,1,0,1,26.3,2,0
T015538,21.74,11,1,0,0,3.5,4,0
T015539,151.95,23,0,0,0,4.1,2,0
T015540,25.11,8,0,0,0,23.2,4,0
T015541,24.83,0,0,0,0,11.2,3,0
T015542,2.11,0,1,0,0,14.9,2,0
T015543,40.35,19,0,0,0,4.5,2,0
T015544,38.04,7,1,0,0,7.1,2,0
T015545,19.24,15,1,0,0,4.6,2,0
T015546,77.29,23,1,1,0,5.1,0,0
T015547,19.67,18,1,0,0,9.6,2,0
T015548,104.34,13,1,0,0,6.1,3,0
T015549,17.99,17,1,0,1,3.3,1,0
T015550,12.27,10,0,0,1,3.3,2,0
T015551,39.59,9,0,0,0,5.6,3,0
T015552,22.13,7,1,1,0,56.1,2,0
T015553,55.62,16,1,0,0,36.3,0,0
T015554,57.73,6,1,0,0,25.9,3,0
T015555,11.27,6,0,0,0,45.3,0,0
T015556,52.14,5,0,0,1,5.3,0,0
T015557,39.29,6,0,0,1,24.7,1,0
T015558,137.65,2,0,0,0,7.8,3,0
T015559,5.52,10,0,0,0,8.7,3,0
T015560,98.75,21,0,0,0,10.7,4,0
T015561,98.12,8,0,0,1,68.7,2,0
T015562,225.34,22,1,0,0,10.1,4,0
T015563,126.37,14,1,0,0,5.1,4,0
T015564,62.59,20,0,0,1,4.8,5,0
T015565,27.17,4,1,0,0,2.0,5,0
T015566,14.72,4,1,0,0,20.2,2,0
T015567,71.12,17,1,0,0,10.3,4,0
T015568,14.79,0,0,0,0,16.4,3,0
T015569,156.84,15,0,0,0,5.1,5,0
T015570,43.66,17,0,0,0,6.0,2,0
T015571,48.15,18,0,0,0,2.2,1,0
T015572,22.27,18,0,0,1,4.3,1,0
T015573,241.8,22,0,0,0,1.7,2,0
T015574,198.86,23,0,0,0,0.4,3,0
T015575,47.53,4,1,0,0,6.3,6,0
T015576,33.59,12,1,0,0,19.7,1,0
T015577,13.07,5,0,0,0,15.2,1,0
T015578,28.72,19,0,0,1,29.4,1,0
T015579,416.0,21,0,0,0,11.3,0,0
T015580,5.85,0,1,0,0,3.9,2,0
T015581,136.15,8,1,0,0,1.9,5,0
T015582,118.82,11,1,0,1,10.3,3,0
T015583,26.57,9,0,0,0,18.0,4,0
T015584,51.9,13,0,0,0,8.5,2,0
T015585,14.12,8,0,0,0,13.2,1,0
T015586,12.03,0,1,0,0,8.8,0,0
T015587,80.74,12,0,0,1,20.1,4,0
T015588,31.08,0,0,0,0,12.7,2,0
T015589,56.26,14,0,0,1,14.6,5,0
T015590,13.56,3,1,1,0,7.3,2,0
T015591,24.72,2,1,0,0,24.3,1,0
T015592,14.32,10,1,0,0,32.0,4,0
T015593,30.53,20,0,0,0,21.2,2,0
T015594,103.35,15,0,0,0,4.8,2,0
T015595,25.55,13,1,0,1,47.7,6,0
T015596,89.36,14,1,0,0,12.5,2,0
T015597,28.87,20,0,0,0,6.1,1,0
T015598,11.92,10,0,0,1,11.5,2,0
T015599,17.47,12,0,0,1,20.1,2,0
T015600,22.92,23,0,0,0,2.1,5,0
T015601,13.59,16,1,1,1,7.9,2,0
T015602,437.39,1,1,0,0,13.3,1,0
T015603,25.55,10,1,0,0,22.1,0,0
T015604,113.24,23,0,0,0,4.0,1,0
T015605,30.3,20,0,0,0,31.2,1,0
T015606,11.1,13,0,0,0,4.1,0,0
T015607,20.97,4,0,1,0,5.6,2,0
T015608,90.93,19,0,0,0,27.0,3,0
T015609,84.15,20,0,1,0,13.3,1,0
T015610,48.36,2,1,1,0,2.2,0,0
T015611,40.52,16,1,0,0,7.6,2,0
T015612,103.86,16,0,0,0,6.3,0,0
T015613,16.45,1,0,0,0,8.3,2,0
T015614,34.65,6,1,0,0,1.5,2,0
T015615,8.22,10,1,0,0,0.4,1,0
T015616,111.75,16,1,1,0,9.7,0,0
T015617,47.65,12,0,0,1,17.6,2,0
T015618,116.11,0,1,0,0,11.0,2,0
T015619,28.33,7,0,0,0,50.9,3,0
T015620,9.64,17,1,0,0,25.5,5,0
T015621,31.49,7,1,0,1,6.5,3,0
T015622,23.8,9,0,0,0,10.1,2,0
T015623,47.85,4,0,0,0,7.6,3,0
T015624,16.43,23,0,1,0,24.8,3,0
T015625,9.06,10,1,0,1,4.6,2,0
T015626,99.01,7,0,0,0,37.5,3,0
T015627,38.76,6,0,0,1,0.9,3,0
T015628,36.87,9,0,1,1,9.8,0,0
T015629,19.87,5,1,0,0,10.6,2,0
T015630,14.33,8,0,0,0,5.4,4,0
T015631,39.25,18,1,0,0,34.1,0,0
T015632,20.96,6,1,0,0,15.8,1,0
T015633,59.1,20,0,0,0,8.3,1,0
T015634,11.15,23,0,0,0,40.2,1,0
T015635,37.81,9,1,0,1,28.1,5,0
T015636,49.81,1,0,0,0,34.7,3,0
T015637,76.82,6,1,0,0,10.2,2,0
T015638,31.82,7,0,0,0,8.8,2,0
T015639,57.71,2,0,0,0,24.9,1,0
T015640,58.72,6,0,0,0,26.8,1,0
T015641,16.05,17,0,1,0,2.6,5,0
T015642,14.76,14,0,0,0,12.0,3,0
T015643,107.73,9,0,0,0,23.7,3,0
T015644,60.92,9,1,0,1,3.4,4,0
T015645,47.16,3,0,0,0,4.8,4,0
T015646,17.2,15,1,0,0,9.6,2,0
T015647,16.29,4,0,0,0,46.9,1,0
T015648,337.08,20,0,0,0,10.7,3,0
T015649,80.35,8,1,0,1,34.6,4,0
T015650,62.78,5,1,0,0,2.2,4,0
T015651,33.08,23,0,0,0,20.8,3,0
T015652,21.18,17,1,0,0,3.8,1,0
T015653,174.63,17,1,0,0,20.2,3,0
T015654,27.41,8,1,1,0,5.9,4,0
T015655,7.79,20,1,0,0,6.3,2,0
T015656,5.17,17,0,0,0,1.7,2,0
T015657,47.63,4,0,0,0,49.7,0,0
T015658,32.85,22,0,0,0,27.7,2,0
T015659,10.01,5,0,0,0,24.0,0,0
T015660,57.0,12,0,0,0,11.4,3,0
T015661,36.33,15,0,0,0,9.8,1,0
T015662,63.95,4,0,0,1,41.1,2,0
T015663,31.48,4,1,0,0,8.2,2,0
T015664,43.13,23,1,1,0,6.6,1,0
T015665,6.94,8,0,0,0,2.3,1,0
T015666,24.34,19,0,0,0,3.6,6,0
T015667,10.56,20,0,0,1,3.4,0,0
T015668,18.89,20,1,0,0,1.6,5,0
T015669,31.94,6,1,0,0,14.6,6,0
T015670,16.96,19,1,0,0,42.1,4,0
T015671,9.66,3,0,0,1,34.2,2,0
T015672,32.64,21,0,0,0,27.2,0,0
T015673,241.78,8,0,0,1,9.6,2,0
T015674,67.25,5,1,0,0,19.4,5,0
T015675,49.15,21,1,0,0,7.2,1,0
T015676,28.54,21,0,0,0,35.5,4,0
T015677,132.09,1,1,1,0,24.0,2,0
T015678,41.26,2,0,0,1,13.4,0,0
T015679,26.89,23,0,0,1,9.6,1,0
T015680,11.41,10,1,0,0,21.7,0,0
T015681,8.92,20,0,0,0,33.7,2,0
T015682,35.29,11,0,0,0,3.6,2,0
T015683,41.82,22,0,0,1,27.4,1,0
T015684,51.23,20,0,0,0,8.5,4,0
T015685,388.36,17,1,0,0,4.8,4,0
T015686,10.09,21,0,0,0,2.7,2,0
T015687,12.07,18,1,0,0,49.9,2,0
T015688,3.59,14,1,1,0,18.8,2,0
T015689,112.83,2,0,0,0,36.2,3,0
T015690,31.1,22,0,0,1,6.4,3,0
T015691,12.72,10,0,0,0,9.9,5,0
T015692,29.6,5,1,1,0,12.3,3,0
T015693,17.76,16,1,0,0,14.2,1,0
T015694,86.43,10,1,0,0,39.3,4,0
T015695,44.04,8,0,0,1,1.7,4,0
T015696,33.53,4,0,0,0,2.9,1,0
T015697,74.39,17,1,0,0,12.3,3,0
T015698,34.04,9,1,0,0,5.9,1,0
T015699,104.85,4,0,0,0,10.5,2,0
T015700,52.0,6,1,0,1,22.6,4,0
T015701,52.03,0,0,1,0,7.1,2,0
T015702,26.93,10,0,0,0,17.9,1,0
T015703,17.24,21,0,0,0,18.0,2,0
T015704,42.57,16,1,0,0,9.2,0,0
T015705,50.35,23,1,0,1,18.8,3,0
T015706,65.42,7,1,0,0,67.1,3,0
T015707,34.18,14,0,0,0,5.2,3,0
T015708,317.21,13,0,1,0,45.8,2,0
T015709,27.07,7,1,0,0,5.0,5,0
T015710,12.63,16,0,1,1,4.3,2,0
T015711,45.25,13,0,0,0,29.0,2,0
T015712,71.39,4,0,0,0,2.0,1,0
T015713,98.3,9,1,1,1,12.7,3,0
T015714,16.07,19,1,0,0,43.9,2,0
T015715,13.84,18,0,0,0,7.7,2,0
T015716,94.41,20,1,0,0,5.5,1,0
T015717,15.8,18,0,0,0,10.5,1,0
T015718,11.35,23,1,0,1,4.4,4,0
T015719,9.54,18,0,0,0,29.6,0,0
T015720,98.72,16,0,0,1,5.3,1,0
T015721,7.08,14,1,0,0,19.3,3,0
T015722,72.63,0,0,1,1,47.5,7,0
T015723,49.02,20,0,0,0,13.5,1,0
T015724,50.05,15,0,0,0,4.4,2,0
T015725,37.96,15,0,1,0,1.4,2,0
T015726,11.04,18,1,0,0,2.0,3,0
T015727,33.35,17,0,0,0,29.8,2,0
T015728,97.31,4,0,0,1,72.7,1,0
T015729,13.2,22,1,0,0,19.4,4,0
T015730,33.92,22,0,0,0,6.0,5,0
T015731,4.91,15,0,0,0,17.0,4,0
T015732,8.21,10,1,0,0,37.2,2,0
T015733,38.59,15,1,0,0,21.4,3,0
T015734,45.45,1,1,0,0,1.1,0,0
T015735,32.4,17,0,0,1,52.6,3,0
T015736,108.96,1,0,0,0,18.7,6,0
T015737,39.62,21,1,0,0,1.9,1,0
T015738,82.97,7,0,1,0,21.2,0,0
T015739,28.6,6,1,0,1,81.7,6,0
T015740,11.2,11,0,0,0,19.0,1,0
T015741,42.8,3,1,0,0,30.4,5,0
T015742,10.32,16,1,0,0,22.8,1,0
T015743,20.86,11,1,0,1,13.6,2,0
T015744,21.38,3,1,0,0,0.7,2,0
T015745,93.02,13,0,0,0,3.1,2,0
T015746,14.75,16,0,0,0,20.9,3,0
T015747,7.71,7,0,0,0,34.8,1,0
T015748,15.64,8,1,0,1,15.7,1,0
T015749,64.41,7,0,0,1,33.1,3,0
T015750,9.64,2,1,0,0,31.9,2,0
T015751,52.1,20,0,0,0,9.7,1,0
T015752,159.79,1,1,0,0,11.6,0,0
T015753,43.72,11,0,0,0,11.1,5,0
T015754,93.79,7,1,0,0,26.7,3,0
T015755,21.85,12,0,0,0,3.3,0,0
T015756,21.86,22,1,0,0,9.0,3,0
T015757,66.96,12,0,0,0,7.0,0,0
T015758,88.44,14,1,0,0,9.2,3,0
T015759,44.56,16,0,0,0,2.1,2,0
T015760,12.24,7,0,0,0,10.1,0,0
T015761,46.53,5,0,1,0,25.3,3,0
T015762,11.27,13,1,0,0,17.0,1,0
T015763,27.45,20,0,0,1,1.9,0,0
T015764,153.8,19,0,0,0,3.3,2,0
T015765,33.82,3,1,0,1,22.1,2,0
T015766,14.34,20,1,0,0,2.1,4,0
T015767,133.94,21,0,0,0,14.0,4,0
T015768,6.65,19,0,0,1,10.6,1,0
T015769,14.95,16,1,0,0,13.4,0,0
T015770,25.66,7,1,0,0,48.0,3,0
T015771,113.65,11,1,1,1,63.6,1,0
T015772,63.99,0,0,0,0,2.5,0,0
T015773,101.0,8,0,0,0,5.3,2,0
T015774,59.19,8,0,0,0,33.1,8,0
T015775,3.95,19,0,0,0,9.2,4,0
T015776,19.44,0,0,0,1,1.2,1,0
T015777,14.15,1,0,0,0,26.4,2,0
T015778,8.01,8,0,0,0,30.3,1,0
T015779,20.15,15,0,0,0,5.6,2,0
T015780,36.93,10,0,0,0,49.3,1,0
T015781,50.95,13,0,0,0,4.2,3,0
T015782,50.39,11,0,0,0,60.3,3,0
T015783,12.4,2,0,0,0,2.9,1,0
T015784,21.19,21,1,0,0,8.4,1,0
T015785,6.06,11,0,0,0,5.9,2,0
T015786,41.31,6,0,0,0,7.5,1,0
T015787,314.74,1,1,0,0,4.1,0,0
T015788,18.1,13,0,1,0,8.1,2,0
T015789,58.65,13,0,0,0,22.8,0,0
T015790,13.68,9,0,0,0,2.1,1,0
T015791,18.8,9,1,0,0,6.8,2,0
T015792,34.89,15,1,0,0,61.9,5,1
T015793,44.27,18,1,0,0,8.7,1,0
T015794,18.6,20,0,0,0,5.7,2,0
T015795,148.08,13,1,0,0,40.9,0,0
T015796,8.3,22,0,0,0,6.5,5,0
T015797,111.9,18,1,0,0,10.7,2,0
T015798,58.34,4,0,0,0,26.1,0,0
T015799,67.22,12,0,0,0,27.2,2,0
T015800,36.69,7,0,1,0,0.4,3,0
T015801,74.33,20,1,0,1,3.0,2,0
T015802,26.48,2,0,0,0,11.4,2,0
T015803,114.87,6,0,0,0,10.3,2,0
T015804,21.9,10,0,0,0,74.7,2,0
T015805,21.18,22,0,0,1,9.0,2,0
T015806,30.85,22,0,0,0,9.8,1,0
T015807,23.12,13,0,0,0,5.2,1,0
T015808,17.24,15,0,1,0,30.5,1,0
T015809,35.65,17,0,0,0,45.5,4,0
T015810,10.45,20,0,0,1,8.3,3,0
T015811,219.88,7,0,0,0,37.1,2,0
T015812,85.16,22,0,0,0,30.2,3,0
T015813,35.4,19,0,0,0,6.7,2,0
T015814,38.36,13,0,0,0,12.1,4,0
T015815,53.15,16,0,0,0,36.5,1,0
T015816,32.0,6,0,0,1,7.1,2,0
T015817,21.42,18,0,0,0,2.8,4,0
T015818,43.8,1,1,0,0,2.4,2,0
T015819,7.85,16,0,0,0,4.5,2,0
T015820,56.52,14,1,0,1,19.3,3,0
T015821,46.02,11,0,0,0,7.5,4,0
T015822,72.11,1,1,0,1,63.7,0,0
T015823,103.92,17,0,0,0,25.8,5,0
T015824,66.99,0,1,0,0,26.6,1,0
T015825,82.91,5,1,0,1,25.1,1,0
T015826,64.52,22,0,0,0,9.9,1,0
T015827,8.97,10,1,0,0,5.6,4,0
T015828,9.23,23,0,1,0,47.0,3,0
T015829,100.94,17,1,0,0,13.0,3,0
T015830,42.24,6,0,0,0,5.9,1,0
T015831,14.37,21,0,0,1,8.7,2,0
T015832,67.31,22,1,0,1,16.7,5,0
T015833,138.82,17,0,0,0,2.4,3,0
T015834,41.39,18,0,0,0,36.5,4,0
T015835,24.47,12,1,0,0,6.0,3,0
T015836,11.8,4,1,0,0,57.2,1,0
T015837,26.53,5,1,1,0,9.0,1,0
T015838,19.17,15,1,1,0,1.5,1,0
T015839,14.21,11,1,0,0,29.6,1,0
T015840,19.63,12,0,0,0,0.2,0,0
T015841,43.22,8,1,1,0,24.7,2,0
T015842,31.86,21,1,0,0,5.3,1,0
T015843,16.79,15,0,1,0,6.9,3,0
T015844,41.0,10,0,0,0,20.2,3,0
T015845,133.3,20,1,0,1,4.0,3,0
T015846,33.22,4,1,0,0,25.2,1,0
T015847,4.99,18,0,0,1,27.6,2,0
T015848,13.32,5,0,1,0,5.7,2,0
T015849,91.37,13,0,0,0,16.0,2,0
T015850,24.14,21,1,0,1,6.0,2,0
T015851,39.34,1,0,0,1,16.3,2,0
T015852,37.18,15,0,0,0,2.4,2,0
T015853,72.74,8,0,0,1,5.1,1,0
T015854,84.96,12,0,0,0,36.2,6,0
T015855,11.83,7,0,0,0,5.7,4,0
T015856,8.81,16,1,0,0,9.4,3,0
T015857,185.29,6,0,0,0,6.6,1,0
T015858,6.97,17,0,0,0,4.1,3,0
T015859,21.3,5,0,1,0,131.0,2,0
T015860,93.76,9,0,0,0,16.3,1,0
T015861,40.0,20,1,0,0,4.1,3,0
T015862,7.95,20,1,0,0,2.9,1,0
T015863,155.7,23,1,0,0,5.5,0,0
T015864,130.98,23,1,0,0,36.6,2,0
T015865,146.21,19,1,0,0,49.6,0,0
T015866,26.64,23,1,0,0,3.5,1,0
T015867,137.71,5,1,0,0,24.0,1,1
T015868,13.91,4,0,0,0,12.0,2,0
T015869,20.05,21,0,0,0,18.0,3,0
T015870,13.23,1,0,0,1,0.5,1,0
T015871,94.94,15,1,0,0,30.8,1,0
T015872,191.73,8,0,0,0,48.1,2,0
T015873,111.45,1,1,0,0,10.5,4,0
T015874,19.88,6,1,0,0,1.8,2,0
T015875,42.5,19,0,0,0,16.5,2,0
T015876,96.91,2,1,0,1,1.0,1,0
T015877,44.86,3,0,0,0,5.9,5,0
T015878,43.85,15,1,0,0,3.2,4,0
T015879,77.92,0,0,0,0,29.1,0,0
T015880,66.62,0,0,0,0,7.8,1,0
T015881,170.09,22,0,0,1,53.6,0,0
T015882,31.39,13,0,0,0,8.8,2,0
T015883,34.37,4,1,1,0,42.3,1,0
T015884,36.65,19,1,0,0,13.4,2,0
T015885,16.72,8,0,0,0,15.5,3,0
T015886,53.23,7,1,0,0,2.9,1,0
T015887,55.93,22,1,0,0,7.9,1,0
T015888,30.57,10,1,1,0,124.8,1,0
T015889,290.96,15,0,0,1,7.6,4,0
T015890,8.63,14,1,0,1,34.4,1,0
T015891,74.0,18,0,0,0,14.5,0,0
T015892,94.37,16,0,0,0,13.7,1,0
T015893,13.19,8,0,1,1,5.9,2,0
T015894,22.38,13,0,0,0,3.0,1,0
T015895,9.3,17,1,0,0,1.5,1,0
T015896,26.34,8,1,0,1,10.8,2,0
T015897,9.8,21,1,0,0,7.2,2,0
T015898,28.41,19,1,0,0,28.8,3,0
T015899,103.61,7,0,1,0,12.4,1,0
T015900,128.87,1,1,0,0,26.2,2,0
T015901,488.44,1,0,0,0,4.6,2,0
T015902,31.06,22,1,0,1,20.3,3,0
T015903,10.44,23,0,0,0,1.1,3,0
T015904,25.01,9,1,0,0,0.3,1,0
T015905,32.57,10,0,0,0,0.8,0,0
T015906,20.87,11,1,0,1,33.0,2,0
T015907,67.57,23,0,0,0,26.8,2,0
T015908,56.87,3,1,0,0,6.2,2,0
T015909,41.5,2,1,0,0,47.8,2,0
T015910,41.79,21,1,0,1,19.6,1,0
T015911,62.9,22,1,0,0,15.6,4,0
T015912,202.64,6,0,0,0,2.0,2,0
T015913,50.3,19,1,0,0,8.3,2,0
T015914,37.7,10,1,0,0,5.7,3,0
T015915,70.51,9,0,0,0,4.1,4,0
T015916,44.49,5,0,0,0,24.8,1,0
T015917,87.81,6,0,0,0,17.7,3,0
T015918,74.25,3,0,0,0,2.7,3,0
T015919,115.41,23,0,0,1,7.0,3,0
T015920,9.01,7,0,0,0,56.0,0,0
T015921,67.52,19,0,0,1,48.7,2,0
T015922,2.75,17,0,0,0,9.5,0,0
T015923,14.57,22,0,0,0,13.4,2,0
T015924,7.19,18,0,0,0,27.1,0,0
T015925,29.08,3,0,0,0,15.3,4,0
T015926,34.74,4,1,0,0,7.6,1,0
T015927,19.92,15,1,0,0,31.9,3,0
T015928,18.7,2,0,0,1,30.0,2,0
T015929,80.07,8,0,0,0,6.8,3,0
T015930,22.73,14,0,0,0,12.9,1,0
T015931,29.03,18,1,0,0,40.6,2,0
T015932,51.55,0,0,0,0,2.4,1,0
T015933,69.34,19,0,0,0,1.4,1,0
T015934,47.68,2,0,0,1,17.0,2,0
T015935,69.01,20,1,1,0,24.1,1,0
T015936,277.65,11,0,0,0,45.2,3,0
T015937,14.04,4,1,0,0,10.4,1,0
T015938,3.5,11,0,0,0,1.8,4,0
T015939,13.81,17,0,0,0,0.5,0,0
T015940,29.22,14,0,0,0,8.1,1,0
T015941,104.27,13,0,0,0,6.2,3,0
T015942,18.82,6,1,0,0,37.0,1,0
T015943,9.54,6,0,0,0,5.3,0,0
T015944,210.42,0,0,0,0,33.1,1,0
T015945,5.51,1,0,0,0,0.5,1,0
T015946,16.51,22,0,0,1,11.8,1,0
T015947,72.24,0,1,0,0,11.8,2,0
T015948,15.6,8,1,0,0,8.9,0,0
T015949,40.45,14,0,0,0,13.8,2,0
T015950,51.1,22,0,0,0,1.0,4,0
T015951,4.42,11,0,0,0,1.4,1,0
T015952,153.21,14,0,0,1,4.6,1,0
T015953,257.73,20,1,0,0,23.9,0,0
T015954,7.47,18,0,0,0,5.6,2,0
T015955,118.2,2,1,0,0,6.1,2,0
T015956,51.7,22,0,0,1,14.2,4,0
T015957,22.56,3,1,0,0,5.5,4,0
T015958,1.59,6,0,0,0,10.7,2,0
T015959,157.26,18,0,1,0,21.4,1,0
T015960,16.14,17,1,0,1,3.8,3,0
T015961,20.97,12,0,1,1,0.2,3,0
T015962,7.41,6,0,0,0,3.6,3,0
T015963,25.33,19,0,0,0,16.4,1,0
T015964,11.46,19,1,0,0,41.0,3,0
T015965,76.67,11,0,0,0,16.6,1,0
T015966,60.4,16,0,0,1,7.1,2,0
T015967,8.81,9,0,0,0,2.1,3,0
T015968,34.45,4,0,0,0,57.5,0,0
T015969,12.61,11,0,0,0,17.2,1,0
T015970,110.21,17,0,0,0,0.7,4,0
T015971,15.55,4,0,0,0,4.4,5,0
T015972,24.32,7,1,0,0,29.7,2,0
T015973,27.83,20,0,0,1,52.9,2,0
T015974,14.53,0,1,0,0,3.5,0,0
T015975,63.05,23,1,1,0,9.4,0,0
T015976,33.8,15,1,0,0,43.0,3,0
T015977,14.77,21,1,0,0,38.1,0,0
T015978,19.88,6,0,0,0,17.9,1,0
T015979,35.53,21,0,0,1,13.6,2,0
T015980,31.69,9,0,0,0,3.8,3,0
T015981,27.29,21,1,0,0,68.1,5,0
T015982,59.01,22,0,0,0,9.1,3,0
T015983,64.17,1,0,0,0,55.0,2,0
T015984,96.46,12,0,0,1,4.1,1,0
T015985,18.25,2,0,0,0,3.3,5,0
T015986,31.79,10,1,0,0,2.8,2,0
T015987,76.59,3,0,0,0,14.9,4,0
T015988,38.82,12,1,0,0,1.4,3,0
T015989,6.61,1,1,0,1,11.7,3,0
T015990,26.3,12,1,0,1,11.5,1,0
T015991,27.73,5,0,0,0,14.8,4,0
T015992,197.33,19,1,0,0,47.4,3,0
T015993,43.31,1,1,0,1,38.8,2,0
T015994,5.92,8,0,0,1,32.1,3,0
T015995,30.81,2,1,0,0,11.4,2,0
T015996,24.38,23,1,0,0,0.2,4,0
T015997,110.46,14,1,0,0,18.8,0,0
T015998,32.62,22,0,0,0,26.7,4,0
T015999,116.58,17,0,0,0,3.2,1,0
T016000,13.83,17,0,0,1,44.7,5,0
T016001,79.17,3,1,0,0,18.0,0,0
T016002,15.49,21,0,0,0,5.0,1,0
T016003,66.92,19,0,0,1,1.4,4,0
T016004,21.03,0,1,0,0,12.7,5,0
T016005,37.88,22,1,0,1,2.7,0,0
T016006,18.05,7,0,0,1,7.9,1,0
T016007,83.29,23,1,0,1,16.9,3,0
T016008,19.38,19,0,0,0,23.1,4,0
T016009,14.69,7,0,0,0,41.4,1,0
T016010,36.1,19,0,0,0,6.5,1,0
T016011,52.66,21,1,0,0,27.0,3,1
T016012,88.74,7,0,0,0,43.3,4,0
T016013,63.59,8,0,0,0,1.5,0,0
T016014,16.99,16,0,0,0,18.0,2,0
T016015,356.89,6,1,0,0,56.6,3,0
T016016,28.12,14,1,0,0,34.6,2,0
T016017,12.97,15,0,0,1,24.2,2,0
T016018,103.36,2,0,0,0,5.9,3,0
T016019,44.27,2,1,0,0,23.4,3,0
T016020,22.51,12,0,0,0,6.8,2,0
T016021,23.82,3,1,1,0,9.2,2,0
T016022,3.19,14,0,0,1,4.8,2,0
T016023,34.2,8,1,0,0,22.8,2,0
T016024,40.1,0,1,0,1,53.2,6,0
T016025,35.5,23,1,0,0,10.2,1,0
T016026,156.21,21,0,0,0,9.8,1,0
T016027,293.26,18,1,0,0,3.3,3,0
T016028,13.37,10,1,0,0,2.2,0,0
T016029,34.99,20,1,0,1,8.4,5,0
T016030,96.64,23,1,0,0,31.5,2,0
T016031,30.93,20,0,0,0,28.3,3,0
T016032,14.72,8,1,0,0,4.4,3,0
T016033,25.18,11,1,0,0,5.0,2,0
T016034,166.26,3,0,0,0,9.2,5,0
T016035,8.41,12,0,0,0,34.7,3,0
T016036,166.22,16,0,0,0,9.0,3,0
T016037,13.56,11,1,0,0,80.3,4,0
T016038,42.16,0,0,0,0,11.4,3,0
T016039,12.41,8,0,0,0,18.4,3,0
T016040,6.25,13,1,0,1,24.2,6,0
T016041,25.71,7,0,0,1,36.2,1,0
T016042,9.2,4,0,0,1,8.4,2,0
T016043,61.11,0,0,0,0,42.2,1,0
T016044,33.15,9,1,0,1,4.7,2,0
T016045,16.7,6,1,0,1,4.5,1,0
T016046,43.69,21,0,0,0,1.7,1,0
T016047,24.95,6,1,0,0,14.6,1,0
T016048,52.87,18,0,0,0,11.0,3,0
T016049,74.87,18,1,0,0,4.0,5,0
T016050,11.77,1,1,0,0,4.7,2,0
T016051,44.84,13,1,0,0,0.1,1,0
T016052,38.43,4,1,0,1,43.2,3,0
T016053,93.62,4,0,0,0,3.6,1,0
T016054,24.08,19,1,0,1,38.5,3,0
T016055,221.84,4,0,0,0,13.5,2,0
T016056,71.05,5,1,0,0,2.9,2,0
T016057,17.82,13,0,0,0,19.8,2,0
T016058,48.4,19,0,0,0,15.3,1,0
T016059,12.84,20,1,0,0,66.3,5,0
T016060,43.51,14,0,0,0,16.1,0,0
T016061,15.3,14,0,0,1,3.2,0,0
T016062,298.0,1,0,0,0,56.8,1,0
T016063,108.76,9,0,0,0,42.4,2,0
T016064,94.67,15,1,0,0,1.7,2,0
T016065,179.2,16,0,0,1,15.9,7,0
T016066,39.13,21,1,0,0,12.9,2,0
T016067,41.3,12,1,0,0,2.5,3,0
T016068,66.61,21,0,0,1,16.9,3,0
T016069,50.87,21,0,0,0,22.1,4,0
T016070,35.65,19,0,0,0,42.8,0,0
T016071,13.84,15,0,0,0,3.6,4,0
T016072,12.33,11,0,0,0,29.8,1,0
T016073,44.48,2,0,0,0,21.6,5,0
T016074,43.73,8,1,0,0,62.5,0,0
T016075,53.1,18,1,0,1,64.7,3,0
T016076,59.56,7,1,0,0,43.1,0,0
T016077,94.76,17,0,0,0,4.8,3,0
T016078,180.38,17,1,0,0,4.6,2,0
T016079,39.1,4,0,0,0,49.2,2,0
T016080,5.4,1,0,0,0,18.7,5,0
T016081,71.91,9,1,0,0,8.0,2,0
T016082,15.66,8,0,0,0,19.3,4,0
T016083,13.27,9,0,0,0,17.7,6,0
T016084,62.33,12,0,0,1,8.3,7,0
T016085,10.54,12,1,1,0,7.1,3,0
T016086,30.39,20,1,0,0,5.8,5,0
T016087,122.72,8,1,0,0,36.1,1,0
T016088,30.96,19,1,0,0,14.1,1,0
T016089,58.2,17,0,0,0,5.8,1,0
T016090,247.05,15,1,0,0,11.0,2,0
T016091,102.14,11,1,0,1,4.6,5,0
T016092,20.99,21,1,0,0,15.9,0,0
T016093,17.54,6,0,0,1,5.1,4,0
T016094,8.9,10,0,0,0,26.9,0,0
T016095,12.52,5,0,0,0,33.4,1,0
T016096,34.43,3,0,0,0,1.6,0,0
T016097,38.84,5,1,0,0,6.0,2,0
T016098,147.65,14,1,0,1,6.1,1,0
T016099,33.09,20,1,0,0,7.3,1,0
T016100,127.65,9,0,0,0,22.9,1,0
T016101,11.38,15,0,0,0,19.3,0,0
T016102,57.38,17,1,1,0,20.0,0,0
T016103,82.49,13,0,0,0,3.8,2,0
T016104,64.73,23,0,0,0,9.9,4,0
T016105,5.82,7,1,0,0,2.5,4,0
T016106,21.53,11,0,0,0,5.1,1,0
T016107,8.51,22,0,0,1,3.2,2,0
T016108,123.76,19,1,0,1,3.1,6,0
T016109,58.84,15,1,0,1,11.1,4,0
T016110,50.54,16,1,0,1,16.0,1,0
T016111,548.79,16,0,0,0,28.6,2,0
T016112,44.98,11,0,0,0,7.3,1,0
T016113,36.62,22,1,0,0,12.4,3,1
T016114,24.85,2,1,0,0,8.2,4,0
T016115,14.94,9,1,0,0,16.7,4,0
T016116,131.02,23,0,0,0,16.7,2,0
T016117,22.44,8,0,0,0,60.1,1,0
T016118,65.04,10,0,0,1,6.0,1,0
T016119,37.0,4,0,0,0,2.8,4,0
T016120,69.13,4,0,0,0,27.1,1,0
T016121,57.47,8,0,0,0,16.3,2,0
T016122,603.23,23,1,0,0,17.6,4,0
T016123,77.3,19,1,0,1,2.1,4,0
T016124,865.71,9,1,0,0,0.1,2,0
T016125,31.32,7,0,0,0,20.7,2,0
T016126,45.13,8,1,0,1,23.1,3,0
T016127,12.28,9,0,0,0,14.6,3,0
T016128,60.57,22,0,0,0,16.0,3,0
T016129,32.25,3,1,0,1,21.9,1,0
T016130,31.98,20,0,0,0,6.1,1,0
T016131,55.21,19,1,0,0,6.6,3,0
T016132,58.21,23,1,0,1,14.3,2,0
T016133,29.35,14,1,0,0,0.1,2,0
T016134,110.3,8,1,0,0,27.7,0,0
T016135,6.08,21,0,1,0,78.4,0,0
T016136,37.94,9,0,0,0,10.0,4,0
T016137,28.32,6,1,0,0,72.2,3,0
T016138,6.04,9,0,0,1,30.4,1,0
T016139,18.21,20,1,0,0,10.9,4,0
T016140,7.19,0,0,0,1,9.9,2,0
T016141,112.9,8,1,0,0,18.9,1,0
T016142,14.73,11,0,0,0,10.0,5,0
T016143,14.9,1,1,0,1,6.1,3,0
T016144,14.99,1,0,0,1,70.7,3,0
T016145,213.11,7,1,0,0,18.2,5,0
T016146,59.62,18,1,1,0,21.9,2,0
T016147,9.79,8,0,0,0,31.6,2,0
T016148,40.43,3,0,0,0,1.3,4,0
T016149,29.9,11,0,1,0,2.6,3,0
T016150,54.36,17,0,0,0,6.3,5,0
T016151,72.98,11,1,0,0,60.4,2,0
T016152,32.88,12,0,0,0,16.1,2,0
T016153,50.77,16,0,0,0,8.9,2,0
T016154,13.6,14,0,0,1,10.0,2,0
T016155,44.15,6,1,0,1,11.6,5,0
T016156,16.67,14,1,0,0,30.0,1,0
T016157,61.82,3,0,1,1,8.6,2,0
T016158,33.74,23,1,0,0,6.0,1,0
T016159,36.23,18,1,0,0,23.4,2,0
T016160,44.69,5,0,0,0,2.6,3,0
T016161,114.37,23,0,0,0,2.7,1,0
T016162,33.24,8,1,0,0,6.7,2,0
T016163,21.29,6,1,0,1,21.7,2,0
T016164,42.23,2,1,0,0,0.5,4,0
T016165,28.91,5,0,0,0,29.6,4,0
T016166,23.04,16,1,0,0,17.0,1,0
T016167,5.26,10,0,0,0,20.3,2,0
T016168,25.95,22,1,0,0,12.2,4,0
T016169,35.47,2,1,0,0,4.4,2,0
T016170,33.09,12,1,0,0,7.7,4,0
T016171,39.85,4,0,0,1,7.5,3,0
T016172,34.06,15,0,0,0,23.7,4,0
T016173,40.74,21,0,0,0,1.1,0,0
T016174,9.83,8,1,0,1,12.5,1,0
T016175,4.56,15,1,0,1,20.2,0,0
T016176,41.28,17,0,0,0,6.0,4,0
T016177,8.27,12,0,0,0,13.7,2,0
T016178,69.43,9,1,0,0,6.5,1,0
T016179,25.82,0,1,0,0,4.5,1,0
T016180,84.78,3,1,0,0,20.1,4,0
T016181,40.89,11,0,0,1,20.4,3,0
T016182,2.77,13,0,0,0,9.4,3,0
T016183,157.29,23,1,0,0,8.6,2,0
T016184,61.06,4,1,0,0,45.7,6,0
T016185,13.07,3,1,0,0,11.0,3,0
T016186,77.38,5,0,0,0,42.6,1,0
T016187,26.27,3,1,1,1,24.1,2,0
T016188,36.77,6,0,0,0,3.0,2,0
T016189,6.32,11,1,0,0,4.6,2,0
T016190,14.03,16,0,0,0,13.3,0,0
T016191,7.34,10,0,0,0,6.5,3,0
T016192,39.77,16,0,0,0,8.9,1,0
T016193,16.29,14,0,0,0,3.9,0,0
T016194,16.04,23,0,0,0,19.0,2,0
T016195,15.71,7,0,1,0,39.6,0,0
T016196,47.93,18,1,0,0,18.9,2,0
T016197,168.83,16,0,0,0,8.7,5,0
T016198,112.57,14,0,0,0,11.5,1,0
T016199,82.48,4,1,1,0,3.6,2,0
T016200,29.56,19,1,0,0,7.8,1,0
T016201,150.59,2,0,0,0,53.9,4,0
T016202,6.85,23,1,0,0,21.2,2,0
T016203,77.06,20,0,1,1,6.6,1,0
T016204,43.88,11,0,0,1,34.1,0,0
T016205,79.0,13,1,0,0,6.4,1,0
T016206,267.22,2,0,0,0,27.0,0,0
T016207,53.62,8,0,0,0,18.7,0,0
T016208,225.56,0,1,0,0,71.9,3,0
T016209,16.45,16,1,0,0,15.8,4,0
T016210,45.05,17,0,0,0,2.3,2,0
T016211,6.02,2,1,0,0,21.0,2,0
T016212,31.65,5,1,0,0,45.4,3,0
T016213,214.77,23,0,0,0,27.3,2,0
T016214,59.61,0,0,1,0,12.3,1,0
T016215,51.94,3,0,0,0,12.3,1,0
T016216,18.12,15,1,0,1,21.1,2,0
T016217,21.32,5,0,0,1,10.3,1,0
T016218,44.08,5,0,0,0,30.6,4,0
T016219,26.81,20,1,0,0,49.2,4,0
T016220,2.81,3,1,0,0,24.0,1,0
T016221,18.96,19,1,0,0,6.1,0,0
T016222,245.09,6,0,0,0,7.7,0,0
T016223,34.14,19,0,0,0,15.5,4,0
T016224,19.95,21,1,0,0,29.4,2,0
T016225,13.36,3,0,0,0,22.7,3,0
T016226,26.64,0,1,0,1,60.5,0,0
T016227,9.24,21,0,0,1,10.3,1,0
T016228,48.69,14,0,0,0,19.6,3,0
T016229,84.11,0,0,0,0,19.3,1,0
T016230,11.94,15,0,0,0,25.9,3,0
T016231,101.89,1,1,0,0,11.9,1,0
T016232,5.16,16,1,0,0,27.6,5,0
T016233,8.18,6,0,0,1,14.7,2,0
T016234,13.66,3,0,0,0,15.6,2,0
T016235,61.49,2,1,0,0,5.1,2,0
T016236,16.54,19,1,1,1,24.9,4,0
T016237,49.08,20,0,0,1,34.1,1,0
T016238,88.24,0,0,0,0,10.7,1,0
T016239,19.75,10,0,0,1,7.1,2,0
T016240,12.75,5,1,0,0,44.0,2,0
T016241,53.17,16,1,1,0,0.4,5,0
T016242,4.31,11,1,0,0,9.1,4,0
T016243,85.27,23,1,1,0,14.8,0,0
T016244,80.21,10,0,0,0,35.9,2,0
T016245,9.63,17,0,1,0,0.2,4,0
T016246,11.48,20,0,1,0,1.6,2,0
T016247,24.03,11,1,0,0,30.6,1,0
T016248,135.51,23,1,0,1,13.8,3,0
T016249,51.08,9,1,0,0,10.8,5,0
T016250,9.44,23,1,0,0,21.9,0,0
T016251,13.69,21,0,0,1,38.0,0,0
T016252,137.31,19,0,0,0,52.3,0,0
T016253,526.28,14,0,0,0,53.1,4,0
T016254,16.39,18,0,0,0,23.2,5,0
T016255,447.52,23,1,0,0,6.3,2,0
T016256,23.98,12,0,0,0,6.4,5,0
T016257,12.38,14,0,0,0,18.8,1,0
T016258,16.71,1,1,1,0,8.2,1,0
T016259,166.74,10,1,1,0,12.2,2,0
T016260,7.22,23,0,0,0,0.8,2,0
T016261,11.24,19,0,0,0,6.9,4,0
T016262,30.91,7,0,0,0,30.1,4,0
T016263,21.9,0,1,0,0,79.4,4,0
T016264,38.25,15,0,0,0,12.9,1,0
T016265,26.89,4,1,1,0,35.0,3,0
T016266,13.79,0,0,0,1,2.2,3,0
T016267,21.04,9,0,0,0,15.7,2,0
T016268,130.63,14,1,0,0,10.7,6,0
T016269,64.62,5,1,0,0,7.6,1,0
T016270,36.06,4,0,0,0,7.1,3,0
T016271,21.3,9,0,0,0,26.1,2,0
T016272,43.17,7,0,0,0,10.7,2,0
T016273,24.6,12,0,1,0,3.2,2,0
T016274,26.88,21,1,0,0,3.9,4,0
T016275,94.91,11,0,0,0,43.0,1,0
T016276,4.32,5,0,0,1,28.5,1,0
T016277,21.24,6,0,0,1,65.1,1,0
T016278,55.31,7,0,0,1,3.4,3,0
T016279,28.7,6,0,0,0,41.5,1,0
T016280,45.88,19,1,0,0,8.8,1,0
T016281,88.57,14,1,0,0,52.7,2,0
T016282,52.48,3,1,0,1,62.2,3,0
T016283,23.45,6,1,0,0,6.0,1,0
T016284,24.13,18,1,0,0,45.2,1,0
T016285,54.63,7,0,0,0,46.4,0,0
T016286,54.23,17,0,0,1,25.3,2,0
T016287,33.48,16,1,0,0,4.5,7,0
T016288,93.52,11,0,0,0,31.5,1,0
T016289,11.68,20,1,1,0,19.4,2,0
T016290,53.09,6,0,0,0,5.9,5,0
T016291,7.11,6,1,0,0,27.8,1,0
T016292,25.98,16,0,0,1,10.2,2,0
T016293,334.41,2,0,0,0,25.7,1,0
T016294,74.65,15,0,0,0,27.7,4,0
T016295,168.98,10,0,0,0,6.4,1,0
T016296,7.0,1,0,0,0,48.5,2,0
T016297,277.72,11,1,0,1,8.9,3,0
T016298,17.26,17,0,0,0,7.2,0,0
T016299,121.22,11,1,1,1,96.6,3,0
T016300,28.81,18,1,0,0,4.0,0,0
T016301,28.33,6,1,0,0,74.9,4,0
T016302,12.1,19,1,0,0,5.1,2,0
T016303,61.15,7,1,0,0,11.7,2,0
T016304,65.5,17,1,0,1,8.6,1,0
T016305,38.28,23,0,0,1,25.9,3,0
T016306,323.39,1,0,0,0,6.3,4,0
T016307,101.03,21,1,0,0,19.5,2,0
T016308,66.57,17,1,0,1,21.4,0,0
T016309,42.0,14,1,0,0,15.2,3,0
T016310,8.73,21,0,0,1,41.0,0,0
T016311,71.11,8,0,0,0,61.7,2,0
T016312,25.14,14,1,0,0,2.4,4,0
T016313,3.78,22,0,0,0,54.1,1,0
T016314,46.57,7,0,0,0,1.6,0,0
T016315,107.32,4,1,0,0,1.1,2,0
T016316,22.51,5,1,0,0,20.3,1,0
T016317,33.71,11,0,0,0,15.5,0,0
T016318,15.81,2,1,0,0,65.4,0,0
T016319,16.92,6,0,0,1,10.9,3,0
T016320,61.14,18,0,0,0,20.0,3,0
T016321,26.59,16,1,0,0,3.4,4,0
T016322,55.48,3,1,0,0,20.0,2,0
T016323,46.01,8,0,0,1,0.7,3,0
T016324,13.16,16,0,0,0,7.1,2,0
T016325,25.83,0,1,0,0,12.0,3,0
T016326,11.86,22,1,0,0,25.8,2,0
T016327,129.8,11,0,0,0,30.2,2,0
T016328,2.79,6,0,1,1,0.8,2,0
T016329,17.6,23,0,0,1,11.3,0,0
T016330,33.77,23,1,0,1,12.1,2,0
T016331,29.75,7,0,0,0,29.9,3,0
T016332,43.96,11,1,0,0,11.4,1,0
T016333,4.91,10,1,0,0,21.1,2,0
T016334,9.57,17,0,0,0,28.4,1,0
T016335,235.61,15,0,0,0,0.6,0,0
T016336,31.11,10,1,0,0,39.7,2,0
T016337,149.56,1,0,1,0,2.7,3,0
T016338,132.1,2,0,1,0,0.1,0,0
T016339,33.83,10,1,0,0,4.0,3,0
T016340,25.75,1,0,0,0,7.0,0,0
T016341,43.47,20,1,0,0,40.8,1,0
T016342,144.43,11,0,0,0,14.4,0,0
T016343,17.44,19,1,0,0,21.2,3,0
T016344,27.9,3,0,0,0,21.9,1,0
T016345,11.6,3,0,0,1,23.0,3,0
T016346,45.25,20,0,0,1,4.9,0,0
T016347,14.77,3,1,0,0,13.6,5,0
T016348,11.33,2,0,0,0,11.1,4,0
T016349,29.26,17,1,0,1,30.8,3,0
T016350,19.97,23,0,0,0,19.6,1,0
T016351,56.52,7,0,0,0,76.4,1,0
T016352,51.32,2,0,0,0,1.3,0,0
T016353,25.84,16,1,0,1,6.2,3,0
T016354,80.75,13,1,0,0,3.2,2,0
T016355,35.28,1,0,0,0,3.9,3,0
T016356,14.33,4,0,1,0,19.7,0,0
T016357,24.47,0,1,0,0,23.5,4,0
T016358,47.7,5,1,0,0,19.5,4,0
T016359,73.76,6,0,0,0,5.8,2,0
T016360,29.83,18,1,0,0,1.3,3,0
T016361,18.32,11,1,0,0,8.8,4,0
T016362,212.37,7,0,0,0,7.0,2,0
T016363,57.8,20,1,0,0,55.4,4,0
T016364,20.49,5,0,0,0,5.7,3,0
T016365,9.54,1,1,0,0,10.9,1,0
T016366,6.05,23,0,0,1,0.1,3,0
T016367,5.71,12,0,0,0,58.3,0,0
T016368,30.48,22,1,0,1,2.3,3,0
T016369,55.95,18,0,0,0,40.5,2,0
T016370,94.75,20,1,1,1,43.5,4,0
T016371,67.63,3,0,0,0,10.3,5,0
T016372,18.54,13,0,0,0,11.5,4,0
T016373,29.51,5,1,0,0,18.6,1,0
T016374,10.62,19,0,0,0,13.3,5,0
T016375,43.7,7,0,0,1,12.9,1,0
T016376,30.4,9,1,0,0,4.5,4,0
T016377,60.52,11,0,0,0,33.8,3,0
T016378,234.29,1,0,1,0,20.0,1,0
T016379,107.09,15,1,1,1,32.5,0,1
T016380,353.7,19,0,0,0,23.8,1,0
T016381,29.11,11,1,0,0,7.6,1,0
T016382,40.17,16,1,0,0,8.0,2,0
T016383,83.29,6,1,0,0,48.3,2,0
T016384,24.69,21,0,0,1,8.8,2,0
T016385,32.85,4,0,0,0,3.8,0,0
T016386,104.76,11,1,0,0,43.7,5,0
T016387,24.34,21,0,0,0,8.8,3,0
T016388,22.2,7,0,0,0,6.3,7,0
T016389,52.48,0,0,0,0,45.7,2,0
T016390,11.45,5,1,0,0,12.5,5,0
T016391,41.5,4,1,0,1,24.5,4,0
T016392,89.4,0,0,0,0,6.2,0,0
T016393,20.46,5,1,0,1,6.9,1,0
T016394,32.73,14,0,0,0,15.4,2,0
T016395,66.61,9,0,0,0,15.8,3,0
T016396,98.99,5,0,1,0,36.5,2,0
T016397,22.86,2,1,0,0,18.7,3,0
T016398,109.31,23,0,0,0,18.7,3,0
T016399,45.31,22,1,0,1,11.0,2,0
T016400,42.58,21,1,1,0,53.7,6,0
T016401,41.55,17,0,0,0,8.9,2,0
T016402,2.57,16,0,0,0,4.7,2,0
T016403,23.62,6,0,0,0,14.0,2,0
T016404,30.46,19,0,0,0,23.1,1,0
T016405,50.39,13,1,0,0,0.3,3,0
T016406,12.75,17,1,1,1,21.9,2,0
T016407,39.36,15,0,0,0,1.2,2,0
T016408,6.42,7,0,0,0,2.6,5,0
T016409,91.17,19,1,0,0,22.9,2,0
T016410,2.45,9,0,0,0,23.5,2,0
T016411,325.17,4,1,0,0,3.2,1,1
T016412,39.43,2,0,0,1,15.4,0,0
T016413,6.99,11,0,0,1,4.3,2,0
T016414,11.67,8,1,0,0,28.8,0,0
T016415,261.71,16,0,0,0,9.0,3,0
T016416,5.1,11,0,0,0,18.4,3,0
T016417,36.24,20,1,0,0,1.1,3,0
T016418,20.35,20,0,1,0,9.3,7,0
T016419,33.21,12,0,0,0,2.1,1,0
T016420,109.01,8,1,0,0,11.0,0,0
T016421,72.02,18,1,0,1,33.0,3,0
T016422,3.12,13,0,0,1,40.7,5,0
T016423,91.94,16,0,1,0,7.7,0,0
T016424,45.31,23,1,0,0,60.1,3,0
T016425,49.05,13,1,0,0,54.6,3,0
T016426,27.13,1,0,0,0,53.8,3,0
T016427,108.39,7,0,0,1,66.9,3,0
T016428,11.79,9,0,0,0,13.6,3,0
T016429,29.7,3,0,0,0,4.6,1,0
T016430,127.77,16,0,0,1,1.6,4,0
T016431,24.34,14,1,0,0,16.1,2,0
T016432,36.44,16,1,0,0,39.6,4,0
T016433,27.71,22,1,0,0,51.1,2,0
T016434,97.02,17,0,0,0,36.9,3,0
T016435,148.54,12,0,0,0,30.4,2,0
T016436,376.4,18,0,0,0,2.2,4,0
T016437,142.9,19,1,0,0,8.2,4,0
T016438,105.55,11,0,0,0,6.8,1,0
T016439,11.84,23,0,0,0,6.7,2,0
T016440,63.73,14,0,0,0,7.4,5,0
T016441,69.35,20,0,0,0,12.4,1,0
T016442,64.5,2,1,0,0,9.2,3,0
T016443,42.37,15,0,0,0,0.4,0,0
T016444,57.67,21,0,0,0,34.5,4,0
T016445,21.16,21,0,0,0,1.1,4,0
T016446,53.4,14,0,0,0,28.7,1,0
T016447,17.57,12,0,0,1,29.7,1,0
T016448,33.61,9,0,0,0,10.9,3,0
T016449,10.0,3,0,0,0,13.9,3,0
T016450,45.17,20,0,0,0,16.7,2,0
T016451,13.11,19,0,0,1,17.1,1,0
T016452,166.69,0,1,1,0,1.3,2,0
T016453,17.13,9,0,0,0,51.1,1,0
T016454,24.27,20,1,0,0,26.3,1,0
T016455,41.59,8,0,0,0,48.6,1,0
T016456,9.12,9,1,0,0,7.2,4,0
T016457,13.37,1,0,0,0,0.9,2,0
T016458,68.61,18,1,0,0,1.8,2,0
T016459,6.76,9,1,0,0,3.2,0,0
T016460,20.72,7,0,0,0,16.7,5,0
T016461,27.09,22,1,0,0,19.1,2,0
T016462,13.29,16,1,0,0,31.9,1,0
T016463,22.1,9,1,0,0,9.2,3,0
T016464,94.46,18,0,0,1,13.7,3,0
T016465,91.7,9,0,0,1,11.6,2,0
T016466,218.24,9,0,0,1,9.5,3,0
T016467,9.4,13,0,0,0,24.1,0,0
T016468,36.09,20,0,0,0,26.3,0,0
T016469,109.91,19,0,0,0,6.3,0,0
T016470,67.79,15,1,0,0,22.5,2,0
T016471,11.86,8,1,0,0,11.4,3,0
T016472,33.71,14,1,0,0,76.5,2,0
T016473,8.18,0,1,0,0,6.1,3,0
T016474,29.18,0,0,0,0,16.9,4,0
T016475,21.5,9,1,0,1,18.1,2,0
T016476,205.01,6,0,0,0,9.1,1,0
T016477,49.71,23,1,0,0,25.6,2,0
T016478,52.16,2,1,0,1,5.6,3,0
T016479,4.73,8,1,0,1,15.8,4,0
T016480,64.21,15,0,0,0,4.1,3,0
T016481,37.54,1,1,0,0,65.4,1,0
T016482,38.99,20,0,0,0,48.5,2,0
T016483,74.24,19,0,0,0,5.6,4,0
T016484,95.44,17,1,0,0,19.7,3,0
T016485,23.29,3,0,0,0,13.3,1,0
T016486,104.04,18,0,0,1,17.5,2,0
T016487,21.32,7,0,0,1,13.1,1,0
T016488,30.76,4,0,0,1,17.1,1,0
T016489,18.19,9,0,0,0,1.2,2,0
T016490,46.01,10,0,0,0,69.8,1,0
T016491,42.84,0,0,0,0,1.5,6,0
T016492,13.34,23,0,0,0,52.0,2,0
T016493,10.49,20,0,0,0,37.8,2,0
T016494,74.86,16,1,0,0,23.6,1,0
T016495,62.59,15,0,0,0,21.1,4,0
T016496,25.29,17,1,0,1,17.3,3,0
T016497,38.16,16,1,0,0,33.0,2,0
T016498,120.56,14,1,0,0,4.0,0,0
T016499,9.84,2,1,0,0,7.4,3,0
T016500,48.84,13,0,0,0,7.4,5,0
T016501,124.23,2,0,0,0,16.5,3,0
T016502,30.92,9,1,0,1,36.5,1,0
T016503,25.44,22,0,0,0,19.4,3,0
T016504,77.19,10,0,0,0,37.2,2,0
T016505,35.09,15,1,0,0,1.5,1,0
T016506,11.79,0,1,0,0,14.2,1,0
T016507,13.76,13,0,0,0,22.5,1,0
T016508,18.83,16,0,0,0,7.2,2,0
T016509,31.61,1,0,1,0,29.0,2,0
T016510,44.48,19,0,0,0,26.2,4,0
T016511,26.65,19,0,1,0,0.4,1,0
T016512,51.51,14,1,0,0,33.0,2,0
T016513,73.76,0,0,0,0,11.8,4,0
T016514,134.84,7,0,0,0,19.0,3,0
T016515,4.44,15,0,0,0,32.1,3,0
T016516,51.5,10,0,0,0,76.6,3,0
T016517,11.76,10,0,0,0,7.2,0,0
T016518,13.3,9,0,0,0,8.2,1,0
T016519,173.71,5,0,0,0,14.8,1,0
T016520,105.94,5,1,0,0,37.6,3,0
T016521,33.27,8,1,0,0,4.9,3,0
T016522,48.7,23,1,0,1,34.9,0,0
T016523,13.31,21,0,0,0,16.7,2,0
T016524,36.11,23,0,0,0,4.1,3,0
T016525,37.88,1,1,1,0,36.0,2,0
T016526,100.45,14,1,0,0,5.6,3,0
T016527,169.73,9,1,0,1,11.2,4,0
T016528,3.36,8,0,0,0,10.7,4,0
T016529,26.99,18,1,0,0,5.7,3,0
T016530,32.1,9,0,0,0,10.3,1,0
T016531,148.06,13,0,0,0,7.2,5,0
T016532,11.57,0,1,0,0,43.2,2,0
T016533,125.33,6,1,0,0,29.1,4,0
T016534,35.33,21,1,0,1,6.4,4,0
T016535,101.82,15,0,1,0,10.8,5,0
T016536,7.61,20,0,0,0,2.2,1,0
T016537,24.35,11,1,0,0,71.8,5,0
T016538,17.69,2,1,0,0,4.3,2,0
T016539,10.92,2,1,0,0,6.8,4,0
T016540,14.7,6,1,0,1,22.3,2,0
T016541,67.71,19,0,0,0,4.2,4,0
T016542,20.41,8,1,0,0,22.7,1,0
T016543,6.67,2,0,0,0,7.4,2,0
T016544,29.48,3,0,0,0,24.7,1,0
T016545,78.34,13,0,0,0,7.0,4,0
T016546,61.81,12,0,0,0,0.5,5,0
T016547,57.09,23,0,0,1,6.3,3,0
T016548,71.83,22,0,0,0,41.1,2,0
T016549,147.14,17,0,0,0,2.9,0,0
T016550,13.85,20,1,0,0,1.0,0,0
T016551,60.61,17,1,0,1,2.4,4,0
T016552,43.86,15,0,1,0,11.1,1,0
T016553,143.74,17,0,0,0,9.8,3,0
T016554,21.23,17,0,0,1,0.1,5,0
T016555,55.33,9,0,0,0,6.8,2,0
T016556,35.89,18,0,0,0,12.0,2,0
T016557,38.11,19,0,0,0,35.8,4,0
T016558,90.51,7,1,0,0,13.2,2,0
T016559,55.41,21,0,0,0,5.9,1,0
T016560,9.37,21,0,0,0,33.6,4,0
T016561,17.67,13,0,0,0,19.1,2,0
T016562,19.6,8,0,0,0,9.5,2,0
T016563,24.34,14,1,0,1,0.2,0,0
T016564,90.44,11,1,0,0,42.9,0,0
T016565,15.1,15,1,0,0,33.5,3,0
T016566,24.22,0,1,0,0,18.3,2,0
T016567,12.85,11,0,0,1,9.9,3,0
T016568,76.15,3,0,0,0,24.1,0,0
T016569,7.19,0,1,1,0,5.1,5,0
T016570,16.86,20,0,0,0,26.4,2,0
T016571,25.87,17,0,0,0,9.8,1,0
T016572,140.48,21,0,0,0,6.2,0,0
T016573,62.3,7,1,0,1,45.3,0,0
T016574,45.28,6,1,0,1,26.0,0,0
T016575,88.24,13,1,0,0,3.6,2,0
T016576,46.81,1,0,0,0,11.0,2,0
T016577,38.9,3,0,0,1,19.2,3,0
T016578,8.79,4,0,0,1,16.0,1,0
T016579,4.16,12,0,0,0,26.7,0,0
T016580,5.01,6,0,0,0,3.5,2,0
T016581,68.13,5,1,0,0,87.7,1,0
T016582,36.37,19,0,0,1,4.5,6,0
T016583,14.45,10,0,0,0,27.9,1,0
T016584,76.18,1,0,0,0,34.4,2,0
T016585,16.64,23,0,0,0,17.6,0,0
T016586,38.25,2,0,0,0,18.9,3,0
T016587,395.63,19,1,0,0,17.8,4,0
T016588,8.82,17,1,0,0,35.6,1,0
T016589,9.31,7,0,0,0,11.6,2,0
T016590,33.35,10,1,0,0,6.1,4,0
T016591,59.36,13,1,0,0,3.5,6,0
T016592,43.54,4,1,0,0,69.0,1,0
T016593,103.06,17,1,0,0,53.0,2,0
T016594,29.6,1,0,0,1,5.1,4,0
T016595,7.77,1,0,0,0,2.9,1,0
T016596,44.98,18,1,1,0,26.0,2,0
T016597,44.46,14,0,0,1,14.1,2,0
T016598,132.61,17,0,0,1,15.0,2,0
T016599,67.95,17,0,0,1,1.1,3,0
T016600,20.77,6,1,0,0,12.8,0,0
T016601,69.71,16,0,0,0,50.6,4,0
T016602,198.72,23,0,0,1,15.9,4,0
T016603,13.77,7,0,0,0,6.0,1,0
T016604,61.46,22,1,0,0,3.9,2,0
T016605,49.74,16,0,0,0,4.3,3,0
T016606,8.61,9,1,0,0,18.9,0,0
T016607,141.68,11,0,0,0,23.8,3,0
T016608,19.07,21,0,0,0,12.7,1,0
T016609,38.63,3,1,0,0,9.5,2,0
T016610,38.35,22,0,0,0,25.5,3,0
T016611,28.9,8,1,0,0,3.1,1,0
T016612,17.11,17,1,0,0,19.8,4,0
T016613,29.51,7,1,0,0,12.5,3,0
T016614,32.97,12,0,0,1,46.2,3,0
T016615,91.27,7,0,0,1,5.3,5,0
T016616,71.11,3,1,0,0,8.6,2,0
T016617,3.11,2,1,0,1,7.6,5,0
T016618,29.23,21,0,0,0,24.9,4,0
T016619,22.27,19,1,0,0,17.5,5,0
T016620,66.75,7,1,0,0,6.0,0,0
T016621,720.3,6,1,0,0,2.0,4,0
T016622,21.66,6,1,1,0,39.8,3,0
T016623,85.18,22,0,0,0,1.0,3,0
T016624,13.31,21,1,0,0,10.4,4,0
T016625,134.27,0,0,0,1,5.5,3,0
T016626,36.96,8,0,0,0,3.1,2,0
T016627,23.61,4,0,0,0,11.1,3,0
T016628,44.64,9,0,0,0,10.7,3,0
T016629,49.5,8,1,0,0,3.4,0,0
T016630,200.99,11,1,0,0,3.2,4,0
T016631,21.9,5,1,0,0,26.4,3,0
T016632,169.9,10,1,0,0,4.8,1,0
T016633,68.09,8,1,0,1,5.0,3,0
T016634,17.69,1,1,0,1,1.8,2,0
T016635,66.25,18,0,0,1,3.4,1,0
T016636,68.91,12,0,1,0,23.6,0,0
T016637,18.79,20,0,0,0,37.3,3,0
T016638,17.36,18,0,1,0,2.4,3,0
T016639,91.2,8,0,0,0,11.0,2,0
T016640,18.28,1,1,0,0,25.2,4,0
T016641,166.93,5,0,0,0,26.4,2,0
T016642,88.9,20,0,0,0,30.4,2,0
T016643,19.88,23,1,0,0,10.4,1,0
T016644,11.56,7,1,0,0,15.3,2,0
T016645,8.68,5,1,0,1,28.4,5,0
T016646,17.68,20,0,0,0,6.3,2,0
T016647,31.78,12,0,1,1,4.0,2,0
T016648,128.23,11,1,0,0,10.6,1,0
T016649,78.06,8,1,0,0,36.6,1,0
T016650,10.11,16,0,0,0,9.4,1,0
T016651,100.62,8,1,0,1,3.2,1,0
T016652,12.77,11,1,0,1,8.3,3,0
T016653,55.05,19,1,0,0,15.7,3,0
T016654,43.96,19,0,0,0,22.1,5,0
T016655,43.36,22,0,0,0,22.4,0,0
T016656,11.35,11,1,0,0,31.0,7,0
T016657,109.07,7,0,0,0,10.5,4,0
T016658,11.47,0,0,0,0,20.7,1,0
T016659,60.24,13,0,0,0,20.7,3,0
T016660,69.65,23,1,0,1,23.2,2,0
T016661,79.92,20,1,0,0,23.8,2,0
T016662,130.56,10,0,0,0,6.7,4,0
T016663,429.82,3,1,0,0,8.3,0,0
T016664,11.91,1,1,0,0,3.6,4,0
T016665,76.5,21,0,0,0,15.3,2,0
T016666,266.55,2,0,0,1,6.4,3,0
T016667,21.69,22,0,1,0,3.3,2,0
T016668,64.62,6,0,0,0,23.9,4,0
T016669,71.46,18,0,0,0,1.2,4,0
T016670,111.66,17,0,0,1,4.6,2,0
T016671,49.39,15,1,0,0,0.8,0,0
T016672,104.23,8,0,0,0,39.5,1,0
T016673,42.87,19,0,0,0,26.9,2,0
T016674,63.57,10,0,0,0,33.0,1,0
T016675,24.37,12,0,0,0,18.9,2,0
T016676,14.45,19,0,0,0,11.6,3,0
T016677,12.68,21,0,1,0,9.6,2,0
T016678,103.21,23,1,0,0,18.2,2,0
T016679,30.93,21,0,0,0,27.4,0,0
T016680,68.94,17,1,0,0,6.8,1,0
T016681,71.05,7,0,0,0,49.9,2,0
T016682,3.44,1,0,0,0,68.3,2,0
T016683,23.77,19,0,0,0,17.3,3,0
T016684,28.59,14,0,0,0,9.7,1,0
T016685,46.56,21,1,0,1,70.5,4,0
T016686,12.53,2,1,0,0,22.7,0,0
T016687,69.28,6,1,0,0,15.3,3,0
T016688,69.29,12,0,0,0,2.7,0,0
T016689,16.81,8,0,0,0,20.0,5,0
T016690,41.2,11,0,0,0,35.5,2,0
T016691,84.74,20,1,0,1,3.1,4,0
T016692,35.71,5,0,0,0,10.1,1,0
T016693,22.3,9,0,0,1,15.5,3,0
T016694,22.28,3,1,0,1,4.1,4,0
T016695,26.83,6,0,0,0,35.3,4,0
T016696,32.4,0,0,0,0,41.2,1,0
T016697,70.32,7,0,0,0,13.1,2,0
T016698,29.51,15,1,0,0,10.7,4,0
T016699,20.93,0,1,0,0,49.4,3,0
T016700,34.13,22,0,0,0,45.6,2,0
T016701,25.82,14,1,0,1,19.7,1,0
T016702,60.46,12,0,0,0,22.0,2,0
T016703,126.05,16,1,0,0,54.8,3,0
T016704,5.82,18,0,0,0,9.7,2,0
T016705,128.43,4,0,0,0,30.9,2,0
T016706,75.56,5,1,0,1,27.8,1,0
T016707,60.28,21,1,1,0,113.9,1,0
T016708,56.66,9,0,0,0,16.4,2,0
T016709,31.48,7,1,0,0,0.6,2,0
T016710,8.0,17,0,0,0,5.1,1,0
T016711,3.85,11,1,0,0,10.2,0,0
T016712,58.4,9,0,0,0,25.2,3,0
T016713,84.98,13,1,0,0,12.5,0,0
T016714,96.45,3,0,0,0,11.5,3,0
T016715,11.29,11,0,0,0,19.6,3,0
T016716,78.54,2,0,0,0,14.2,3,0
T016717,27.91,22,1,0,0,1.8,0,0
T016718,23.73,8,0,0,1,26.7,0,0
T016719,55.88,16,1,1,1,4.9,2,0
T016720,11.0,12,0,0,0,2.8,1,0
T016721,9.37,23,0,0,0,0.2,4,0
T016722,38.68,21,0,0,0,6.3,4,0
T016723,10.23,3,1,0,0,2.0,2,0
T016724,38.23,11,1,0,1,19.0,1,0
T016725,93.78,9,0,1,0,3.8,2,0
T016726,45.38,10,0,0,0,21.7,4,0
T016727,7.19,16,0,0,0,72.2,0,0
T016728,4.7,15,0,0,0,21.2,1,0
T016729,34.4,15,0,0,0,9.5,3,0
T016730,128.99,7,0,0,0,29.3,2,0
T016731,146.5,1,0,1,0,8.3,3,0
T016732,87.78,22,0,0,0,1.4,4,0
T016733,20.19,10,0,0,0,5.3,0,0
T016734,126.19,7,0,0,0,0.4,0,0
T016735,144.34,8,1,0,0,4.7,3,0
T016736,213.62,1,1,0,0,34.1,1,0
T016737,14.72,13,1,0,0,22.9,3,0
T016738,9.4,23,0,1,0,33.0,3,0
T016739,9.8,3,1,0,0,9.3,3,0
T016740,13.4,10,0,0,0,27.8,2,0
T016741,120.63,12,1,0,1,4.3,2,0
T016742,86.56,21,1,0,0,25.3,1,0
T016743,242.95,0,0,0,1,10.7,5,0
T016744,20.72,11,0,0,0,18.6,2,0
T016745,4.34,7,0,0,1,17.1,2,0
T016746,131.5,13,1,0,0,0.1,1,0
T016747,31.63,17,1,0,0,14.2,0,0
T016748,58.84,8,0,0,0,6.9,2,0
T016749,46.25,8,0,1,0,16.8,0,0
T016750,38.96,7,0,0,0,19.6,1,0
T016751,19.19,4,0,0,0,6.2,5,0
T016752,76.11,8,1,0,0,1.3,2,0
T016753,104.4,16,0,1,0,1.5,0,0
T016754,32.14,21,0,0,0,28.8,1,0
T016755,13.52,16,1,0,0,0.5,2,0
T016756,95.82,10,0,0,0,0.8,2,0
T016757,122.58,13,0,0,0,3.6,2,0
T016758,19.62,15,1,1,0,7.7,2,0
T016759,35.3,18,0,0,1,29.6,3,0
T016760,29.01,21,1,0,0,10.8,1,0
T016761,30.24,9,0,0,1,2.5,4,0
T016762,93.4,5,0,0,0,9.5,2,0
T016763,19.71,5,1,0,0,9.3,3,0
T016764,39.22,22,0,0,0,12.6,5,0
T016765,75.55,10,0,0,0,6.8,2,0
T016766,91.36,4,0,0,0,40.4,3,0
T016767,22.0,2,1,1,0,22.0,3,1
T016768,89.38,2,1,0,0,14.1,0,0
T016769,28.64,17,1,0,0,29.6,3,0
T016770,35.07,18,0,0,0,17.8,3,0
T016771,28.75,0,1,0,0,29.3,5,0
T016772,58.43,10,1,0,0,21.3,2,0
T016773,147.44,10,0,0,0,7.8,1,0
T016774,69.02,14,0,0,0,4.8,2,0
T016775,55.32,0,0,0,1,8.0,2,0
T016776,23.98,11,1,0,0,28.2,5,0
T016777,30.1,20,1,0,0,2.8,1,0
T016778,108.48,13,0,0,1,59.1,2,0
T016779,2.23,19,0,0,1,2.5,0,0
T016780,196.26,16,0,0,0,12.7,4,0
T016781,65.03,8,1,0,0,18.6,2,0
T016782,26.49,22,0,0,0,10.4,2,0
T016783,37.58,20,0,0,0,69.5,3,0
T016784,319.96,3,1,0,0,4.7,4,0
T016785,29.39,19,0,0,1,8.6,3,0
T016786,35.68,5,0,0,1,25.5,3,0
T016787,80.09,0,1,0,1,11.0,0,0
T016788,7.58,22,0,0,1,4.8,2,0
T016789,30.29,9,0,0,1,3.0,1,0
T016790,38.46,19,1,0,0,38.1,0,0
T016791,23.7,7,0,1,1,0.7,5,0
T016792,130.76,9,1,1,1,3.6,2,0
T016793,38.12,14,0,0,0,36.7,0,0
T016794,22.69,4,1,0,0,6.0,0,0
T016795,63.03,14,1,0,1,48.9,3,0
T016796,17.02,3,1,0,0,12.9,1,0
T016797,137.44,20,0,0,0,0.9,4,0
T016798,47.0,23,0,0,0,1.5,1,0
T016799,10.32,16,1,0,0,9.6,3,0
T016800,13.21,3,1,0,1,18.1,0,0
T016801,18.55,17,1,0,0,30.1,6,0
T016802,94.68,3,1,0,0,14.8,3,0
T016803,29.87,21,0,0,0,14.7,1,0
T016804,48.8,5,0,0,0,18.9,6,0
T016805,16.05,20,0,0,1,50.7,1,0
T016806,54.86,2,1,0,0,1.0,4,0
T016807,39.31,1,0,0,0,51.1,5,0
T016808,20.84,23,1,0,0,11.5,1,0
T016809,17.51,20,0,0,0,9.3,0,0
T016810,34.06,21,1,1,0,16.9,3,0
T016811,20.58,22,1,0,0,51.8,3,0
T016812,49.01,14,0,0,0,4.0,1,0
T016813,64.59,2,1,0,1,22.7,2,0
T016814,18.66,11,0,0,0,22.2,1,0
T016815,87.9,0,0,0,0,11.7,1,0
T016816,23.34,22,1,0,1,9.1,0,0
T016817,93.26,23,1,0,0,0.2,1,0
T016818,1.97,19,1,0,0,39.2,3,0
T016819,51.99,16,0,0,0,30.5,2,0
T016820,28.47,0,1,0,0,23.4,4,0
T016821,55.73,14,0,0,0,40.2,4,0
T016822,189.21,11,1,0,0,4.3,4,0
T016823,82.74,13,1,1,0,13.9,2,0
T016824,31.36,9,1,0,0,9.6,3,0
T016825,12.2,22,0,0,0,22.2,2,0
T016826,23.06,6,0,0,1,3.8,10,0
T016827,31.35,8,1,1,0,0.6,0,0
T016828,33.78,19,1,0,1,60.3,2,0
T016829,258.36,21,0,0,0,23.9,1,0
T016830,40.34,19,0,0,1,1.8,2,0
T016831,276.24,10,0,1,0,9.4,1,0
T016832,95.7,14,1,0,0,2.3,1,0
T016833,100.51,17,0,0,0,30.3,3,0
T016834,11.24,6,1,0,0,30.0,0,0
T016835,67.21,22,0,0,0,23.0,3,0
T016836,28.91,11,1,0,0,3.4,2,0
T016837,40.53,12,0,0,0,1.8,1,0
T016838,78.84,1,1,1,0,18.7,1,0
T016839,33.74,13,1,0,0,11.1,3,0
T016840,28.5,3,0,1,0,5.7,3,0
T016841,44.61,1,1,0,0,2.3,1,0
T016842,24.95,7,1,0,0,31.6,2,0
T016843,15.16,21,1,0,0,38.8,3,0
T016844,26.53,11,1,0,0,34.6,0,0
T016845,81.89,10,1,0,1,7.5,3,0
T016846,3.87,6,0,0,0,22.2,2,0
T016847,15.75,4,0,0,0,3.5,5,0
T016848,96.41,21,0,0,1,2.4,3,0
T016849,27.22,13,0,1,0,26.0,1,0
T016850,85.55,15,0,0,0,4.4,1,0
T016851,44.47,17,0,0,1,7.4,2,0
T016852,64.72,3,0,0,0,6.1,1,0
T016853,259.73,5,1,0,0,90.1,2,0
T016854,13.23,2,1,0,0,29.2,2,0
T016855,138.91,0,1,0,0,34.4,3,0
T016856,51.96,4,0,0,1,9.8,2,0
T016857,79.66,4,0,0,0,21.0,1,0
T016858,17.28,7,1,0,0,7.1,1,0
T016859,35.52,11,1,0,0,11.7,6,0
T016860,16.84,9,1,0,0,3.8,2,0
T016861,47.28,1,1,0,0,1.4,4,0
T016862,58.63,13,0,0,0,5.0,4,0
T016863,4.1,13,1,0,0,1.7,4,0
T016864,121.46,21,1,0,0,1.4,3,0
T016865,9.0,22,0,0,1,11.3,4,0
T016866,21.91,17,1,0,1,8.5,3,0
T016867,110.92,10,1,0,0,4.7,2,0
T016868,161.62,23,0,0,0,24.7,2,0
T016869,6.41,1,1,0,0,4.4,2,0
T016870,132.13,4,1,0,1,60.9,2,0
T016871,23.86,15,0,0,0,7.1,0,0
T016872,52.87,6,0,0,0,1.9,1,0
T016873,10.41,7,0,1,0,10.1,0,0
T016874,99.19,18,0,0,0,8.8,5,0
T016875,34.95,15,1,1,0,32.1,3,0
T016876,12.87,20,1,0,1,6.7,3,0
T016877,19.41,15,1,0,0,25.2,2,0
T016878,19.34,0,0,0,0,49.0,0,0
T016879,28.81,2,1,0,0,5.1,0,0
T016880,52.01,3,0,0,0,3.2,3,0
T016881,17.25,14,1,0,1,7.2,3,0
T016882,63.78,7,1,0,0,24.4,0,0
T016883,10.41,3,0,0,0,7.9,2,0
T016884,133.1,6,1,0,0,23.6,0,0
T016885,23.36,4,1,0,0,24.2,2,0
T016886,67.9,2,0,0,0,24.7,0,0
T016887,18.93,2,0,0,0,13.5,1,0
T016888,49.23,17,0,0,0,9.0,0,0
T016889,23.78,14,1,0,0,4.1,1,0
T016890,40.0,14,1,0,0,5.5,1,0
T016891,35.84,4,1,0,0,15.2,0,0
T016892,54.46,16,1,1,0,68.8,2,0
T016893,39.75,14,0,0,0,22.4,3,0
T016894,262.69,15,1,0,0,3.4,0,0
T016895,34.81,6,0,0,1,4.9,1,0
T016896,139.09,18,1,0,0,14.6,10,0
T016897,8.96,2,1,0,0,32.4,1,0
T016898,5.91,3,0,0,0,6.5,2,0
T016899,14.4,13,0,0,0,8.2,6,0
T016900,7.64,9,0,1,0,35.6,3,0
T016901,68.75,23,1,0,0,0.3,1,0
T016902,85.03,17,0,0,0,8.2,5,0
T016903,26.86,17,1,0,0,24.0,4,0
T016904,3.34,20,0,0,0,1.9,1,0
T016905,42.44,4,1,0,0,13.6,1,0
T016906,6.76,15,1,0,0,5.2,3,0
T016907,23.45,1,0,1,0,1.9,2,0
T016908,17.64,8,1,0,0,6.6,1,0
T016909,75.08,10,0,0,0,85.4,0,0
T016910,149.37,18,1,0,1,4.1,2,0
T016911,8.33,19,1,0,0,23.1,0,0
T016912,5.85,17,0,0,0,3.7,3,0
T016913,60.44,22,0,0,1,11.8,1,0
T016914,54.89,9,1,0,0,38.9,1,0
T016915,221.52,11,1,0,1,11.9,4,0
T016916,24.05,10,1,0,0,9.8,2,0
T016917,44.5,6,0,0,0,15.9,5,0
T016918,3.34,0,1,0,0,27.5,4,0
T016919,50.57,10,1,0,1,7.4,1,0
T016920,21.3,12,0,0,0,0.3,3,0
T016921,38.86,16,1,0,0,3.4,0,0
T016922,9.64,3,0,0,1,18.5,0,0
T016923,25.33,9,1,0,0,3.6,2,0
T016924,65.23,5,1,0,0,36.1,5,0
T016925,57.06,8,0,0,0,18.0,1,0
T016926,15.11,23,1,0,0,4.0,3,0
T016927,66.49,21,0,0,0,16.9,5,0
T016928,30.6,10,1,0,1,13.6,1,0
T016929,32.85,3,0,0,0,35.3,4,0
T016930,16.45,8,0,0,0,27.5,2,0
T016931,58.65,13,0,0,0,30.7,3,0
T016932,76.74,10,1,0,0,33.1,2,0
T016933,27.49,16,1,0,0,40.0,5,0
T016934,9.44,4,0,0,0,29.9,3,0
T016935,50.56,3,0,0,0,7.7,2,0
T016936,69.5,0,0,0,0,6.6,4,0
T016937,54.03,18,0,0,0,10.7,2,0
T016938,49.16,17,0,0,0,29.6,3,0
T016939,65.21,7,0,0,0,1.3,4,0
T016940,36.69,8,0,0,0,0.7,1,0
T016941,29.03,15,1,0,1,7.8,2,0
T016942,9.97,16,0,0,0,39.2,3,0
T016943,37.37,11,0,0,0,3.2,1,0
T016944,4.7,1,0,0,0,15.1,2,0
T016945,28.64,1,1,0,0,12.2,0,0
T016946,218.23,12,0,0,0,85.3,0,0
T016947,30.27,7,1,0,0,20.5,3,0
T016948,24.55,9,1,0,0,25.8,4,0
T016949,28.42,4,0,0,0,3.3,3,0
T016950,113.51,23,0,1,0,3.4,1,0
T016951,36.21,5,1,0,0,22.7,2,0
T016952,52.59,17,1,0,0,12.1,1,0
T016953,7.36,4,0,0,0,2.7,3,0
T016954,60.11,17,1,0,1,7.7,4,0
T016955,5.44,10,1,0,1,24.1,1,0
T016956,45.14,23,1,0,0,62.0,5,0
T016957,19.62,21,1,0,0,12.9,2,0
T016958,10.86,16,1,0,0,19.0,3,0
T016959,25.43,0,1,0,0,20.2,1,0
T016960,9.74,0,0,0,0,5.9,3,0
T016961,63.59,15,0,0,0,12.4,2,0
T016962,49.05,19,1,0,0,6.4,0,0
T016963,185.61,7,0,0,0,3.3,0,0
T016964,89.24,17,1,0,0,4.9,2,0
T016965,50.05,22,1,0,0,2.0,2,0
T016966,19.68,0,0,0,1,3.6,4,0
T016967,60.54,0,0,0,0,33.9,1,0
T016968,22.33,19,1,0,0,0.5,4,0
T016969,292.28,12,1,0,0,1.5,1,0
T016970,8.99,2,1,0,0,0.6,3,0
T016971,47.63,15,0,0,0,8.0,1,0
T016972,28.11,5,0,0,0,1.2,2,0
T016973,39.05,2,1,0,0,24.6,3,0
T016974,197.12,12,0,0,0,4.4,2,0
T016975,59.1,18,0,0,0,1.9,1,0
T016976,24.25,5,0,0,0,30.8,1,0
T016977,37.59,3,0,0,0,17.9,4,0
T016978,5.97,7,1,0,0,6.3,2,0
T016979,5.19,9,1,0,0,7.1,3,0
T016980,349.14,20,1,0,0,5.7,2,0
T016981,22.94,7,0,0,0,6.5,1,0
T016982,83.43,7,0,0,0,46.1,4,0
T016983,31.07,10,1,0,0,5.3,0,0
T016984,11.68,3,0,0,0,2.8,0,0
T016985,135.44,3,0,0,0,21.0,1,0
T016986,121.08,11,1,0,0,40.5,1,0
T016987,10.27,16,1,0,1,13.4,2,0
T016988,90.43,1,0,0,0,1.1,5,0
T016989,50.42,6,0,0,0,11.5,3,0
T016990,100.59,16,1,1,0,16.1,2,0
T016991,13.9,11,0,0,1,15.4,0,0
T016992,147.4,7,1,0,1,14.2,2,0
T016993,62.6,14,0,0,0,19.0,3,0
T016994,19.4,10,0,0,0,21.7,1,0
T016995,70.36,11,1,0,0,15.0,4,0
T016996,68.16,11,1,0,0,8.6,2,0
T016997,7.91,3,1,0,0,5.3,4,0
T016998,48.88,16,0,0,0,28.5,2,0
T016999,5.94,5,0,0,1,18.7,1,0
T017000,28.63,10,1,0,0,2.5,1,0
T017001,5.48,9,0,0,0,6.0,5,0
T017002,13.14,19,0,0,1,22.3,1,0
T017003,56.03,17,0,0,0,31.8,2,0
T017004,57.7,23,1,0,0,5.7,3,0
T017005,55.31,17,0,0,0,14.3,0,0
T017006,72.76,0,1,0,0,13.1,1,0
T017007,4.53,16,0,0,0,27.4,1,0
T017008,52.83,17,0,0,0,19.1,0,0
T017009,59.43,19,0,0,0,22.5,2,0
T017010,29.08,20,0,1,0,38.4,3,0
T017011,49.55,4,0,0,1,12.6,1,0
T017012,28.75,11,1,1,0,0.9,1,0
T017013,67.86,20,1,0,0,5.8,4,0
T017014,405.66,19,0,1,0,34.3,3,0
T017015,26.1,3,0,0,0,36.5,0,0
T017016,51.2,11,0,0,1,8.5,1,0
T017017,47.94,10,1,1,0,3.7,1,0
T017018,24.73,19,1,0,0,10.9,1,0
T017019,92.32,5,0,0,0,7.7,2,0
T017020,24.57,11,0,0,0,26.1,2,0
T017021,20.42,23,0,0,0,34.5,1,0
T017022,10.13,21,1,0,0,10.7,0,0
T017023,22.84,14,0,0,0,28.7,4,0
T017024,30.0,7,1,0,0,12.0,4,0
T017025,50.79,19,0,1,0,3.8,3,0
T017026,36.8,12,1,0,0,11.2,1,0
T017027,7.17,17,1,0,0,1.7,2,0
T017028,32.48,15,0,0,0,22.6,1,0
T017029,80.95,17,1,0,0,12.9,5,0
T017030,43.21,15,0,0,0,5.1,5,0
T017031,37.1,0,1,0,0,2.5,1,0
T017032,8.18,13,0,0,1,3.4,7,0
T017033,10.69,10,1,0,1,15.5,2,0
T017034,64.27,23,0,0,0,7.1,2,0
T017035,44.74,5,0,0,1,19.5,4,0
T017036,20.05,13,1,0,0,19.2,2,0
T017037,22.6,18,0,0,0,8.5,2,0
T017038,68.64,21,1,0,0,60.0,2,0
T017039,13.65,9,1,0,0,6.0,3,0
T017040,21.78,11,0,0,0,1.6,0,0
T017041,22.65,21,1,0,0,2.3,2,0
T017042,133.6,6,1,0,0,56.9,2,0
T017043,18.01,9,0,0,0,21.2,2,0
T017044,67.08,18,1,0,0,32.6,1,0
T017045,105.45,8,0,0,0,39.7,2,0
T017046,47.47,17,0,0,0,7.2,1,0
T017047,34.68,8,1,0,0,20.5,2,0
T017048,8.79,16,0,0,0,2.2,3,0
T017049,48.71,9,0,0,0,37.9,4,1
T017050,15.03,3,0,0,0,36.6,1,0
T017051,21.21,4,0,0,0,3.6,1,0
T017052,11.2,8,0,0,0,25.4,3,0
T017053,71.57,19,1,0,0,18.0,5,1
T017054,65.45,15,0,0,0,18.5,3,0
T017055,12.11,20,0,0,1,4.0,1,0
T017056,28.26,15,1,0,0,2.2,2,0
T017057,10.63,14,0,0,0,14.8,4,0
T017058,40.85,21,1,0,0,3.7,0,0
T017059,119.54,8,0,0,0,9.6,2,0
T017060,3.95,20,0,1,0,28.0,3,0
T017061,15.16,15,0,0,0,128.4,4,0
T017062,45.21,12,0,0,1,26.3,1,0
T017063,27.97,8,1,0,0,10.0,2,0
T017064,137.16,18,1,0,0,20.5,1,0
T017065,147.21,13,0,0,0,17.4,4,0
T017066,50.0,18,0,0,0,17.1,2,0
T017067,39.38,11,1,0,0,2.9,1,0
T017068,14.5,13,1,0,1,1.5,1,0
T017069,134.05,22,1,0,0,9.9,1,0
T017070,26.39,17,1,0,0,12.6,1,0
T017071,173.23,12,1,0,0,27.2,4,0
T017072,17.35,15,1,0,0,44.0,1,0
T017073,10.32,22,0,1,0,0.4,0,0
T017074,12.84,6,1,0,0,19.3,1,0
T017075,9.46,7,1,0,0,52.4,1,0
T017076,50.56,4,1,0,0,5.8,2,0
T017077,19.68,13,1,1,0,31.6,2,0
T017078,96.04,19,1,0,1,5.2,1,0
T017079,51.37,14,1,0,0,8.1,4,0
T017080,78.77,17,1,0,0,2.8,1,0
T017081,168.24,3,0,0,1,5.0,1,0
T017082,40.37,2,1,0,1,10.7,2,0
T017083,148.67,9,1,0,0,4.9,3,0
T017084,69.06,14,0,0,0,30.7,1,0
T017085,110.23,8,0,0,1,6.9,3,0
T017086,18.04,4,0,0,0,10.4,4,0
T017087,35.44,7,1,0,1,15.6,2,0
T017088,30.81,5,1,1,0,37.7,3,0
T017089,5.82,15,0,0,0,18.4,4,0
T017090,35.75,2,1,0,0,1.3,0,0
T017091,68.27,7,1,0,0,20.6,9,0
T017092,471.94,13,0,0,0,8.4,2,0
T017093,16.51,0,0,0,1,8.2,1,0
T017094,22.46,8,0,0,0,13.6,1,0
T017095,36.29,23,0,0,0,31.0,0,0
T017096,32.89,20,0,0,1,0.2,1,0
T017097,137.07,7,1,0,0,4.7,1,0
T017098,9.04,21,1,0,0,1.8,6,0
T017099,33.09,14,0,0,0,8.7,2,0
T017100,32.67,15,0,0,0,13.0,0,0
T017101,55.75,10,0,0,0,43.5,2,0
T017102,63.93,10,1,0,0,39.4,4,0
T017103,16.13,21,0,0,0,5.2,2,0
T017104,21.35,15,0,0,0,12.3,1,0
T017105,418.46,21,0,0,0,12.4,2,0
T017106,204.77,18,0,0,1,26.7,3,0
T017107,13.47,17,0,0,0,30.6,2,0
T017108,27.16,17,0,0,0,17.3,5,0
T017109,47.25,2,1,0,0,21.8,2,0
T017110,113.29,19,0,0,0,1.9,2,0
T017111,10.71,10,0,0,1,1.9,2,0
T017112,56.99,8,1,0,0,7.6,1,0
T017113,56.68,0,1,0,0,8.5,3,0
T017114,163.76,20,0,0,0,14.0,2,0
T017115,161.11,8,1,0,0,13.3,2,0
T017116,15.98,21,0,0,1,5.8,2,0
T017117,60.71,8,0,0,0,108.0,1,0
T017118,19.28,13,1,0,0,43.4,2,0
T017119,42.82,13,0,0,0,8.5,3,0
T017120,92.04,2,0,0,0,0.5,1,0
T017121,18.22,15,1,0,0,10.0,2,0
T017122,41.66,2,1,0,0,7.4,2,0
T017123,16.84,6,0,0,0,0.4,0,0
T017124,70.6,15,1,0,0,14.5,2,0
T017125,35.83,21,1,0,0,2.6,1,0
T017126,26.22,14,1,0,0,33.1,1,0
T017127,17.77,15,0,1,0,1.7,1,0
T017128,34.19,9,0,1,1,28.7,4,0
T017129,30.08,13,0,0,0,2.4,2,0
T017130,185.24,13,0,0,0,31.2,4,0
T017131,42.28,13,0,0,0,7.8,2,0
T017132,99.56,9,0,0,1,1.1,2,0
T017133,52.67,10,0,0,0,13.2,1,0
T017134,154.06,18,0,0,1,1.4,1,0
T017135,40.12,9,1,0,0,19.0,4,0
T017136,12.89,10,0,0,0,0.5,2,0
T017137,92.27,20,0,0,0,8.0,1,0
T017138,43.35,23,1,0,0,0.2,0,0
T017139,39.39,7,1,0,1,7.9,1,0
T017140,6.88,20,0,0,0,16.7,4,0
T017141,34.37,10,1,0,0,55.1,3,0
T017142,103.3,7,1,0,1,10.9,5,0
T017143,77.88,18,0,0,0,19.8,3,0
T017144,1652.28,11,1,0,0,24.3,4,0
T017145,28.66,9,0,0,1,10.7,2,0
T017146,15.52,23,0,0,0,16.1,3,0
T017147,40.54,5,0,0,0,30.8,0,0
T017148,12.81,15,0,0,0,4.3,4,0
T017149,21.56,21,1,0,0,24.3,2,0
T017150,78.92,2,0,0,0,22.4,2,0
T017151,22.37,11,0,0,0,8.8,2,0
T017152,5.35,8,0,0,1,19.7,3,0
T017153,158.47,22,0,1,0,38.5,1,0
T017154,17.09,20,1,0,0,37.8,1,0
T017155,214.66,22,0,1,1,18.0,3,0
T017156,34.38,16,0,1,0,50.9,3,0
T017157,33.89,18,1,0,1,53.7,8,0
T017158,57.17,20,0,0,0,1.3,1,0
T017159,57.49,18,1,1,0,22.5,3,0
T017160,59.85,5,0,0,0,3.1,3,0
T017161,5.28,12,1,0,0,31.7,0,0
T017162,34.89,22,0,0,0,5.7,0,0
T017163,47.56,16,0,0,0,32.1,4,0
T017164,23.66,18,0,0,0,1.3,4,0
T017165,17.86,3,1,0,0,8.2,1,0
T017166,235.34,17,0,0,0,5.6,2,0
T017167,189.25,6,1,0,0,25.1,3,0
T017168,4.78,8,1,0,0,11.1,1,0
T017169,88.27,2,0,0,0,2.3,1,0
T017170,9.17,23,0,0,1,12.0,4,0
T017171,50.07,12,0,0,0,50.0,2,0
T017172,9.37,10,1,0,0,3.3,3,0
T017173,50.96,6,1,0,0,33.3,6,0
T017174,73.97,4,0,0,0,20.9,4,0
T017175,200.97,5,1,0,0,11.4,3,0
T017176,39.36,7,1,0,0,52.8,3,0
T017177,44.79,13,1,0,0,41.8,0,0
T017178,21.68,12,1,0,0,33.0,2,0
T017179,43.8,14,0,0,0,36.7,1,0
T017180,34.87,4,0,0,0,7.4,1,0
T017181,59.02,4,1,0,0,21.5,3,0
T017182,23.47,18,0,0,0,6.8,2,0
T017183,14.27,0,0,1,0,7.9,2,0
T017184,70.8,4,0,0,0,14.0,4,0
T017185,124.27,8,0,0,0,4.0,4,0
T017186,36.47,18,0,0,0,126.2,4,0
T017187,18.45,21,1,0,0,12.8,1,0
T017188,96.76,1,1,0,0,41.1,2,1
T017189,69.18,13,1,0,0,5.8,1,0
T017190,24.56,11,1,0,0,17.8,2,0
T017191,119.6,5,0,0,0,16.2,3,0
T017192,29.44,3,1,0,0,1.3,1,0
T017193,68.51,8,0,0,0,11.3,0,0
T017194,93.31,14,1,0,1,41.5,0,0
T017195,21.58,2,0,0,0,8.4,2,0
T017196,15.09,19,1,0,1,35.7,1,0
T017197,210.48,10,0,0,1,19.9,2,0
T017198,23.73,7,0,0,0,31.3,2,0
T017199,25.43,18,0,0,0,13.2,4,0
T017200,8.42,6,0,0,0,8.7,4,0
T017201,39.43,7,0,0,0,13.9,1,0
T017202,140.39,0,0,0,0,0.5,2,0
T017203,5.62,23,1,0,0,15.8,2,0
T017204,129.65,16,1,0,1,29.1,3,0
T017205,20.52,19,1,0,0,66.5,4,0
T017206,33.15,4,1,0,0,1.8,2,0
T017207,39.93,4,0,0,0,15.3,4,1
T017208,21.65,11,0,0,0,13.2,8,0
T017209,104.18,17,0,0,0,3.3,2,0
T017210,184.84,2,0,0,0,22.7,3,0
T017211,11.42,19,1,0,0,9.4,3,0
T017212,18.72,18,0,0,0,7.5,3,0
T017213,89.29,23,1,0,1,4.8,1,0
T017214,51.45,13,0,0,0,14.4,3,0
T017215,4.53,10,1,1,1,40.7,2,0
T017216,43.97,12,1,0,0,30.8,4,0
T017217,67.48,22,1,0,0,51.9,2,0
T017218,53.51,5,1,0,1,26.2,3,0
T017219,57.69,11,0,1,1,6.0,6,0
T017220,198.49,5,0,0,1,2.8,6,0
T017221,51.74,3,0,1,0,24.2,3,0
T017222,80.12,6,1,0,0,10.7,5,0
T017223,31.87,11,0,0,0,8.1,6,0
T017224,13.3,11,0,0,0,41.4,4,0
T017225,65.56,11,0,0,0,13.0,3,0
T017226,71.09,10,0,0,0,4.1,0,0
T017227,54.86,15,0,0,0,5.3,5,0
T017228,18.17,0,0,0,0,36.3,1,0
T017229,68.5,9,1,0,0,17.6,3,0
T017230,133.35,15,1,0,0,4.9,2,0
T017231,117.1,7,1,0,0,39.0,2,0
T017232,57.86,11,1,0,0,4.5,2,0
T017233,6.86,6,0,0,0,32.3,3,0
T017234,56.59,17,0,0,0,9.4,3,0
T017235,22.29,0,0,0,1,17.8,1,0
T017236,83.56,17,0,0,0,61.8,3,0
T017237,54.09,15,0,0,0,31.1,1,0
T017238,39.4,19,0,0,0,19.5,2,0
T017239,73.49,9,0,0,0,6.9,4,0
T017240,49.67,8,0,0,0,6.3,3,0
T017241,46.4,2,0,0,0,26.2,5,0
T017242,29.76,23,1,0,0,15.3,1,0
T017243,18.91,12,1,0,0,2.2,3,0
T017244,71.2,1,0,0,0,19.3,1,0
T017245,9.24,15,1,0,0,20.4,3,0
T017246,60.3,11,1,1,0,29.8,2,0
T017247,51.48,7,1,1,0,7.3,1,0
T017248,20.61,12,1,1,0,17.8,4,0
T017249,34.71,10,1,0,1,31.6,2,0
T017250,33.75,21,0,0,1,52.6,2,0
T017251,32.2,6,1,0,0,22.1,1,0
T017252,37.53,19,0,0,0,4.1,1,0
T017253,26.16,20,0,0,0,21.4,6,0
T017254,5.04,11,0,0,1,3.5,5,0
T017255,17.25,19,0,0,0,17.5,6,0
T017256,169.98,9,0,0,0,61.4,4,0
T017257,68.48,10,0,0,1,15.6,5,0
T017258,29.18,3,0,1,0,17.7,1,0
T017259,10.66,16,1,0,1,21.5,1,0
T017260,65.23,10,1,0,1,9.6,1,0
T017261,23.91,18,0,0,1,7.2,3,0
T017262,272.98,18,1,0,0,12.0,4,0
T017263,8.0,18,0,0,0,67.2,4,0
T017264,15.39,20,1,0,0,14.3,2,0
T017265,14.9,16,1,0,0,34.7,4,0
T017266,5.25,19,1,0,1,14.1,2,0
T017267,68.88,20,0,0,0,21.0,2,0
T017268,21.23,5,0,0,1,4.3,1,0
T017269,31.77,19,0,0,0,11.8,5,0
T017270,74.21,21,1,1,0,14.8,4,0
T017271,36.33,10,0,0,0,14.3,3,0
T017272,15.68,9,1,0,0,10.2,4,0
T017273,36.6,13,0,0,1,9.8,5,0
T017274,93.02,12,0,0,0,38.1,2,0
T017275,34.73,21,1,0,1,9.7,1,0
T017276,20.7,3,0,0,0,20.6,2,0
T017277,78.67,10,0,0,0,22.8,2,0
T017278,45.21,18,1,0,1,2.3,3,0
T017279,44.21,23,1,1,0,13.1,4,0
T017280,27.94,15,0,0,0,16.9,3,0
T017281,19.6,3,0,0,0,33.9,1,0
T017282,21.08,9,1,0,0,41.7,1,0
T017283,70.91,10,1,1,0,18.8,4,0
T017284,19.99,4,1,0,1,43.9,1,0
T017285,36.56,13,0,0,1,13.8,0,0
T017286,6.79,15,0,0,0,92.5,4,0
T017287,8.97,18,0,0,0,15.8,2,0
T017288,69.79,11,1,0,0,36.4,1,0
T017289,36.49,19,0,0,0,5.6,3,0
T017290,2.9,23,1,1,0,22.4,1,0
T017291,54.88,4,1,0,0,12.0,4,0
T017292,124.84,20,0,0,1,44.6,2,0
T017293,43.23,15,1,0,0,0.7,0,0
T017294,18.73,23,0,0,0,45.8,2,0
T017295,28.75,18,1,0,0,40.1,4,0
T017296,60.33,2,1,0,0,2.2,4,0
T017297,27.97,8,0,0,0,5.9,3,0
T017298,40.69,20,1,0,1,52.2,0,0
T017299,7.28,17,0,0,0,4.4,2,0
T017300,6.46,8,0,0,0,10.6,1,0
T017301,41.39,11,0,0,0,1.9,1,0
T017302,51.63,9,1,0,0,7.0,2,0
T017303,83.19,16,0,0,0,80.5,3,0
T017304,22.77,5,1,0,0,14.0,0,0
T017305,20.51,10,1,0,0,22.9,2,0
T017306,25.31,10,1,1,0,18.9,3,0
T017307,23.12,17,1,0,0,38.6,3,0
T017308,14.14,16,0,0,0,20.6,0,0
T017309,32.03,7,1,0,0,28.2,2,0
T017310,37.98,17,1,0,0,3.0,2,0
T017311,25.12,19,0,0,0,6.4,1,0
T017312,57.9,22,0,1,0,36.8,4,0
T017313,77.13,0,0,0,0,7.8,2,0
T017314,27.68,14,1,0,0,23.8,1,0
T017315,23.97,1,0,0,1,16.8,2,0
T017316,56.73,14,0,0,0,8.3,2,0
T017317,31.6,4,0,1,0,5.4,4,0
T017318,45.37,10,1,0,1,15.3,3,0
T017319,248.63,23,1,0,0,18.6,0,0
T017320,14.67,2,0,0,1,36.5,3,0
T017321,12.81,15,0,0,0,14.1,5,0
T017322,24.03,12,0,0,0,16.5,5,0
T017323,19.1,6,0,0,1,14.9,0,0
T017324,14.25,18,0,0,0,15.2,0,0
T017325,156.83,19,1,0,0,7.7,2,0
T017326,42.0,11,1,1,0,4.9,7,0
T017327,11.65,4,0,0,1,14.5,3,0
T017328,69.01,8,1,0,1,9.6,2,0
T017329,59.29,4,1,0,0,5.1,4,0
T017330,49.08,23,0,0,0,21.1,3,0
T017331,51.05,5,1,0,0,33.6,2,0
T017332,21.13,11,0,0,0,30.5,3,0
T017333,9.75,18,1,0,0,9.8,1,0
T017334,253.57,13,0,0,1,23.0,1,0
T017335,19.89,8,0,0,0,12.2,4,0
T017336,9.31,20,1,0,0,9.4,0,0
T017337,19.89,3,1,1,0,4.3,0,0
T017338,42.81,13,1,0,1,20.4,4,0
T017339,36.66,5,1,0,0,13.1,5,0
T017340,21.15,19,0,0,0,1.9,2,0
T017341,117.0,23,0,0,1,13.1,1,0
T017342,34.41,4,1,0,0,7.7,1,0
T017343,8.17,21,0,0,0,2.0,2,0
T017344,81.37,12,0,1,0,13.4,2,0
T017345,9.0,19,0,0,0,24.6,0,0
T017346,110.96,6,0,0,0,3.1,4,0
T017347,42.66,17,1,0,0,16.4,0,0
T017348,39.19,19,1,0,0,2.1,3,0
T017349,45.35,12,0,0,0,4.4,1,0
T017350,371.7,4,0,0,1,26.4,2,0
T017351,19.37,3,1,0,0,15.8,1,0
T017352,124.72,15,1,0,0,4.3,2,0
T017353,22.9,23,0,0,1,20.6,0,0
T017354,18.35,22,1,0,0,37.9,2,0
T017355,40.73,0,0,0,0,3.4,2,0
T017356,66.43,20,1,0,1,1.2,6,1
T017357,87.02,0,1,0,0,8.7,1,0
T017358,25.27,11,1,0,0,2.5,1,0
T017359,15.53,17,0,0,0,12.5,3,0
T017360,26.32,19,1,0,0,1.4,2,0
T017361,28.57,1,0,0,0,38.7,3,0
T017362,49.29,16,1,0,0,3.6,9,0
T017363,43.97,18,0,0,0,44.2,1,0
T017364,19.46,9,0,0,0,15.6,3,0
T017365,17.86,13,1,0,0,47.3,3,0
T017366,112.09,4,1,0,1,21.8,2,0
T017367,9.37,15,0,0,0,6.1,1,0
T017368,35.53,20,0,0,0,8.4,1,0
T017369,14.37,0,1,0,1,33.4,1,0
T017370,108.98,12,0,0,0,23.0,2,0
T017371,20.56,9,0,0,0,0.0,1,0
T017372,46.87,2,1,0,0,36.4,3,1
T017373,7.73,10,0,1,0,51.6,3,0
T017374,209.36,12,0,1,0,17.1,4,0
T017375,113.88,14,1,1,0,1.8,0,0
T017376,320.15,17,0,0,0,21.9,3,0
T017377,38.47,5,1,1,0,10.5,0,0
T017378,61.09,7,1,0,0,23.8,4,0
T017379,111.05,18,1,0,1,25.5,5,0
T017380,12.07,1,0,0,0,20.1,0,0
T017381,29.0,3,1,0,0,13.0,1,1
T017382,174.49,10,0,0,0,44.6,2,0
T017383,253.27,9,0,0,1,17.7,0,0
T017384,11.03,13,0,0,0,42.0,3,0
T017385,68.0,6,1,0,0,5.0,4,0
T017386,74.32,2,0,0,1,47.6,2,0
T017387,166.54,2,1,0,0,9.5,1,0
T017388,28.63,15,0,0,0,12.2,2,0
T017389,131.07,12,1,0,0,50.4,3,0
T017390,31.13,21,0,0,0,21.0,1,0
T017391,33.16,22,0,0,0,0.7,4,0
T017392,13.26,3,0,0,0,2.8,1,0
T017393,25.58,19,0,1,0,21.3,1,0
T017394,9.37,8,0,0,0,5.6,2,0
T017395,17.48,7,1,0,0,12.5,2,0
T017396,43.34,15,0,0,0,2.8,4,0
T017397,9.73,12,0,0,0,4.4,4,0
T017398,17.19,16,0,0,0,32.3,1,0
T017399,143.4,11,0,0,1,61.1,1,0
T017400,18.76,15,1,0,0,20.3,2,0
T017401,28.01,20,0,0,1,28.5,1,0
T017402,5.43,11,0,0,1,15.7,1,0
T017403,18.1,15,1,1,0,26.5,3,0
T017404,12.17,17,0,0,0,4.9,1,0
T017405,11.69,12,1,0,1,7.8,0,0
T017406,14.03,4,1,1,1,28.8,2,0
T017407,27.26,22,0,0,0,35.2,0,0
T017408,175.84,8,1,0,1,18.1,1,0
T017409,44.08,4,1,0,1,4.0,2,0
T017410,15.32,7,1,0,1,12.2,2,0
T017411,4.92,19,1,0,0,5.0,0,0
T017412,88.61,20,0,0,0,6.7,1,0
T017413,54.73,9,1,0,0,5.4,1,0
T017414,37.25,3,0,0,0,58.8,2,0
T017415,41.5,19,1,0,0,3.5,5,0
T017416,36.92,12,1,0,0,10.9,1,0
T017417,3.74,20,0,0,0,9.0,2,0
T017418,53.7,9,1,0,0,71.0,2,0
T017419,19.48,9,0,0,0,7.3,2,0
T017420,17.39,20,1,0,0,7.0,6,0
T017421,12.2,10,1,0,0,2.4,1,0
T017422,70.39,2,1,0,0,1.6,1,0
T017423,31.33,16,0,0,0,18.4,1,0
T017424,22.78,13,0,0,0,2.7,4,0
T017425,57.26,17,0,0,0,85.1,2,0
T017426,59.41,10,0,0,0,23.3,1,0
T017427,91.53,22,1,0,0,7.1,2,0
T017428,15.11,3,1,0,1,51.5,1,0
T017429,40.78,5,1,1,0,40.6,2,0
T017430,21.67,21,0,0,0,17.5,2,0
T017431,44.69,12,0,0,0,20.0,1,0
T017432,10.62,18,0,0,1,30.8,3,0
T017433,40.62,22,0,0,0,33.0,2,0
T017434,25.05,22,0,0,0,9.5,3,0
T017435,8.51,18,1,0,0,39.7,4,0
T017436,24.46,11,1,0,0,7.4,5,0
T017437,62.41,1,0,0,0,10.7,2,0
T017438,46.75,0,1,0,0,2.7,4,0
T017439,36.49,11,0,0,0,1.5,5,0
T017440,25.39,10,0,0,0,38.9,0,0
T017441,157.44,15,0,0,0,26.9,1,0
T017442,32.53,8,0,0,0,23.9,1,0
T017443,30.25,19,1,0,0,42.2,2,0
T017444,34.79,12,0,0,0,22.7,4,0
T017445,62.61,10,1,0,0,27.3,2,0
T017446,22.76,19,0,0,1,9.7,2,0
T017447,49.88,16,1,0,0,36.2,0,0
T017448,25.42,1,0,0,0,25.5,3,0
T017449,72.11,13,0,1,1,1.3,1,0
T017450,61.65,17,1,0,0,4.6,3,0
T017451,55.07,3,0,0,0,8.4,4,0
T017452,115.64,11,1,1,0,4.5,2,0
T017453,19.16,20,0,0,0,2.4,1,0
T017454,33.75,2,0,0,1,10.3,3,0
T017455,96.07,17,0,0,0,43.5,3,0
T017456,48.48,21,0,0,0,11.1,0,0
T017457,17.37,23,0,0,0,4.2,3,0
T017458,27.82,5,1,0,0,7.4,3,0
T017459,17.74,19,1,0,0,7.5,2,0
T017460,75.24,3,0,0,0,6.1,1,1
T017461,104.23,16,1,0,0,24.2,1,0
T017462,212.05,15,0,0,0,35.6,6,0
T017463,87.26,7,0,0,1,6.4,0,0
T017464,72.03,22,1,0,0,8.0,1,0
T017465,60.48,1,0,0,0,17.7,4,0
T017466,63.58,5,1,0,0,18.0,3,0
T017467,72.5,17,0,1,1,2.2,1,1
T017468,48.07,12,1,0,0,6.3,1,0
T017469,45.45,13,1,0,0,6.4,1,0
T017470,2.21,12,0,0,0,13.3,1,0
T017471,16.43,7,1,1,1,17.5,1,0
T017472,23.78,7,1,0,0,20.7,3,0
T017473,47.58,19,1,0,0,5.2,1,0
T017474,119.9,12,1,0,0,11.9,3,0
T017475,106.21,5,0,1,1,4.9,2,0
T017476,86.1,13,0,0,0,14.9,1,0
T017477,14.22,13,0,0,0,125.5,2,0
T017478,38.54,23,1,0,0,22.9,4,0
T017479,12.68,8,0,0,0,13.3,2,0
T017480,22.91,2,0,0,1,34.2,1,1
T017481,14.0,22,1,0,0,29.3,2,0
T017482,4.79,19,0,0,0,13.5,5,0
T017483,43.52,10,0,0,0,4.4,2,0
T017484,29.64,6,1,0,0,14.0,2,0
T017485,36.89,11,1,0,0,18.1,5,0
T017486,22.66,5,0,0,0,7.5,3,0
T017487,18.97,17,1,0,0,32.4,1,0
T017488,49.94,12,0,0,0,36.1,7,0
T017489,117.24,20,0,0,0,6.5,2,0
T017490,121.03,0,1,0,0,7.2,4,0
T017491,57.83,5,0,0,0,18.4,1,0
T017492,8.54,10,0,0,0,4.4,2,0
T017493,193.66,9,1,0,0,28.4,1,0
T017494,38.28,4,0,0,0,59.7,3,0
T017495,176.78,17,0,0,0,46.0,1,0
T017496,16.4,15,0,0,0,0.7,0,0
T017497,22.38,10,0,0,1,25.3,1,0
T017498,15.11,12,0,1,0,5.9,2,0
T017499,31.84,0,0,0,0,22.3,1,0
T017500,43.24,10,0,0,0,22.4,1,0
T017501,37.84,8,1,0,0,19.2,1,0
T017502,44.29,14,1,0,0,11.9,4,0
T017503,98.65,20,0,0,1,14.1,3,0
T017504,524.23,5,0,0,0,4.0,5,0
T017505,100.99,1,0,0,0,11.5,2,0
T017506,13.59,12,1,0,0,23.6,2,0
T017507,30.33,13,1,0,0,24.0,1,0
T017508,29.61,6,1,0,0,42.2,2,0
T017509,53.15,11,0,0,0,59.7,1,0
T017510,12.4,7,0,0,0,62.7,2,0
T017511,46.07,0,0,1,0,8.2,4,0
T017512,32.01,18,0,0,0,18.6,1,0
T017513,37.01,1,1,0,0,19.8,2,0
T017514,77.1,13,1,0,0,9.4,1,0
T017515,10.82,16,0,0,1,16.2,1,0
T017516,41.97,11,0,0,1,58.2,2,0
T017517,10.46,6,1,0,0,10.6,4,0
T017518,69.83,12,0,0,1,4.1,3,0
T017519,9.83,0,1,0,0,63.6,2,0
T017520,87.06,6,0,0,0,6.0,1,0
T017521,35.59,23,0,0,0,15.5,2,0
T017522,96.5,3,0,0,0,19.7,0,0
T017523,10.81,3,1,0,0,22.7,4,0
T017524,81.22,4,1,0,0,0.5,4,0
T017525,35.66,21,1,0,0,41.7,4,0
T017526,81.75,4,0,0,1,10.2,1,0
T017527,72.91,17,1,0,0,9.7,2,0
T017528,4.97,16,1,0,0,33.4,1,0
T017529,157.77,10,1,0,0,14.2,1,0
T017530,67.98,10,0,0,0,14.6,3,0
T017531,60.25,13,1,0,0,7.0,3,0
T017532,49.95,16,1,1,0,13.8,2,0
T017533,23.99,18,1,0,0,14.0,2,0
T017534,50.84,11,0,0,0,17.4,2,0
T017535,23.85,6,1,0,0,46.8,1,0
T017536,61.51,22,0,0,1,1.5,1,0
T017537,96.22,2,1,0,0,11.0,2,0
T017538,10.22,21,0,0,0,26.8,1,0
T017539,229.45,12,1,0,0,6.0,2,0
T017540,20.86,20,0,0,0,13.5,3,0
T017541,320.2,22,1,0,0,2.1,4,0
T017542,56.18,2,1,0,1,0.3,2,0
T017543,35.88,3,1,0,0,15.5,1,0
T017544,5.57,13,1,0,0,48.2,1,0
T017545,20.59,11,1,0,1,5.2,2,0
T017546,46.92,10,0,0,0,6.6,0,0
T017547,31.15,23,1,0,1,41.2,1,0
T017548,31.01,20,0,0,0,17.6,2,0
T017549,106.21,22,1,1,1,11.0,1,0
T017550,9.83,15,0,0,0,5.5,3,0
T017551,116.85,7,0,0,0,37.5,3,0
T017552,171.61,12,1,0,1,35.4,2,0
T017553,9.29,16,1,0,0,10.3,2,0
T017554,11.41,12,0,0,0,7.3,1,0
T017555,44.66,7,0,0,0,10.5,3,0
T017556,13.69,10,1,0,0,8.0,3,0
T017557,37.94,7,1,1,0,3.0,5,0
T017558,21.01,4,1,0,0,21.5,3,0
T017559,33.46,19,0,0,0,14.0,2,0
T017560,102.79,0,0,0,1,4.0,0,0
T017561,5.5,9,1,0,0,10.4,2,0
T017562,57.33,19,1,0,0,10.7,1,0
T017563,22.18,21,1,1,0,7.6,1,0
T017564,28.81,14,0,0,0,4.5,1,0
T017565,4.94,5,0,0,0,1.3,1,0
T017566,39.68,7,0,0,0,41.8,1,0
T017567,28.86,6,1,0,0,6.8,5,0
T017568,33.51,16,0,0,1,4.8,1,0
T017569,27.24,5,1,0,0,2.6,4,0
T017570,54.83,6,1,0,0,7.6,5,0
T017571,92.49,6,1,0,1,5.1,3,0
T017572,64.68,5,0,0,0,9.6,4,0
T017573,94.03,0,0,0,0,10.6,1,0
T017574,36.27,11,0,0,0,14.7,5,0
T017575,141.53,0,0,0,0,8.0,4,0
T017576,82.55,13,1,0,0,15.9,3,0
T017577,16.04,1,1,0,0,15.1,3,0
T017578,31.83,2,1,0,0,36.4,2,0
T017579,117.49,1,0,0,0,38.4,0,0
T017580,59.62,21,1,0,0,0.4,2,0
T017581,8.52,0,0,0,0,15.9,3,0
T017582,25.93,9,0,0,0,8.0,3,0
T017583,12.16,2,0,0,0,87.1,0,0
T017584,96.97,23,0,0,0,0.9,0,0
T017585,50.64,4,1,0,0,17.1,3,0
T017586,206.45,0,0,0,0,54.2,2,0
T017587,29.71,2,1,0,0,36.0,1,0
T017588,21.33,0,0,0,0,50.8,0,0
T017589,18.46,16,1,0,0,50.2,5,0
T017590,15.86,19,1,0,0,2.4,2,0
T017591,8.39,18,1,0,0,15.1,2,0
T017592,44.34,20,0,0,1,6.2,2,0
T017593,35.97,0,1,0,1,57.7,0,0
T017594,107.85,2,1,0,0,41.3,1,0
T017595,134.56,1,0,0,0,37.1,0,0
T017596,21.24,2,1,0,0,19.1,1,0
T017597,9.28,0,1,0,0,6.7,3,0
T017598,49.96,13,0,0,0,75.9,4,0
T017599,79.96,5,0,0,0,7.2,1,0
T017600,296.4,23,0,0,0,0.8,2,0
T017601,4.15,15,0,0,0,0.4,2,0
T017602,17.28,7,0,0,0,0.7,1,0
T017603,54.5,23,0,0,1,39.2,6,0
T017604,31.48,16,1,0,1,19.7,1,0
T017605,40.55,18,0,0,0,2.3,3,0
T017606,51.96,14,0,0,0,15.4,1,0
T017607,11.08,14,0,0,0,10.5,0,0
T017608,31.42,13,1,0,0,7.5,0,0
T017609,7.79,13,1,0,0,6.6,2,0
T017610,207.2,7,0,0,1,7.1,2,0
T017611,46.56,4,1,1,0,28.1,3,0
T017612,7.92,9,0,0,0,18.7,6,0
T017613,54.46,16,1,0,1,18.2,1,0
T017614,27.94,4,1,0,0,44.8,1,0
T017615,41.68,2,0,0,0,26.7,2,0
T017616,33.88,15,1,0,0,23.5,3,0
T017617,31.01,6,1,0,1,46.6,3,0
T017618,95.96,15,1,0,0,14.7,3,0
T017619,14.73,16,1,0,0,22.1,4,0
T017620,16.16,3,1,0,0,4.9,1,0
T017621,26.7,11,0,0,1,63.7,6,0
T017622,20.62,6,0,0,0,23.4,1,0
T017623,121.62,10,1,0,0,1.1,2,0
T017624,506.43,2,1,0,0,5.2,2,0
T017625,105.96,12,0,0,0,50.4,1,0
T017626,228.92,12,1,0,0,19.0,3,0
T017627,49.8,21,0,0,0,12.6,2,0
T017628,16.54,0,1,0,1,50.9,1,0
T017629,32.63,10,1,0,0,42.6,0,0
T017630,101.79,11,0,0,1,15.3,0,0
T017631,18.96,15,0,0,0,8.7,3,0
T017632,38.23,7,1,0,1,8.9,1,0
T017633,53.09,14,0,0,0,53.0,1,0
T017634,94.33,3,0,0,0,27.9,3,0
T017635,27.46,4,1,0,1,7.8,0,0
T017636,41.4,0,1,0,0,11.1,2,0
T017637,42.53,22,0,0,0,3.4,2,0
T017638,31.43,15,0,0,1,40.3,1,0
T017639,5.55,3,1,0,0,44.4,2,0
T017640,34.96,0,0,0,0,6.5,2,0
T017641,66.62,23,1,0,1,52.1,2,0
T017642,221.35,19,0,0,1,33.1,2,0
T017643,37.28,16,0,0,0,41.5,1,0
T017644,52.31,21,0,0,1,9.3,6,0
T017645,29.93,16,1,0,1,4.1,2,0
T017646,30.12,10,0,1,1,55.8,1,0
T017647,4.97,19,1,0,0,1.8,2,0
T017648,15.37,1,1,0,0,27.7,2,0
T017649,59.72,4,1,1,0,27.0,4,0
T017650,10.12,2,1,0,0,47.8,1,0
T017651,9.17,19,0,0,0,43.2,3,0
T017652,59.24,1,0,0,0,37.2,2,0
T017653,25.56,9,0,0,0,37.2,3,0
T017654,12.58,15,1,0,1,22.7,2,0
T017655,9.18,4,1,0,0,21.5,4,0
T017656,4.19,2,0,0,0,1.2,3,0
T017657,53.58,4,0,0,0,14.5,0,0
T017658,37.77,9,0,0,0,6.4,4,0
T017659,23.13,13,0,0,0,45.7,2,0
T017660,17.45,10,1,0,0,27.3,7,0
T017661,7.92,10,1,0,0,36.8,2,0
T017662,97.89,8,0,0,0,7.9,2,0
T017663,12.05,10,1,0,0,20.4,3,0
T017664,6.93,21,1,0,0,65.3,0,0
T017665,22.07,8,0,0,0,44.9,4,1
T017666,47.65,15,0,0,0,11.1,1,0
T017667,3.19,17,1,0,0,4.4,2,0
T017668,41.9,0,1,0,0,19.9,1,0
T017669,30.35,16,1,0,0,12.8,2,0
T017670,50.78,12,1,0,0,17.2,1,0
T017671,94.8,2,1,1,0,33.9,4,1
T017672,66.51,11,1,0,0,12.2,2,0
T017673,38.04,4,0,1,0,8.8,2,0
T017674,20.86,21,0,0,1,33.9,3,0
T017675,15.74,13,1,0,0,20.9,3,0
T017676,21.31,9,0,0,0,6.6,0,0
T017677,32.76,16,0,0,1,25.6,1,0
T017678,16.38,1,0,0,1,70.7,0,0
T017679,127.27,13,0,0,1,10.8,2,0
T017680,131.83,21,1,0,0,3.4,4,0
T017681,216.25,13,0,0,0,1.8,2,0
T017682,21.9,2,0,0,0,30.1,2,0
T017683,27.64,4,0,0,0,1.2,3,0
T017684,14.51,5,1,0,0,42.6,2,0
T017685,105.95,12,0,0,0,0.1,3,0
T017686,63.5,16,0,1,0,89.3,5,0
T017687,51.94,6,1,0,0,4.7,3,0
T017688,43.03,4,0,0,0,14.9,3,0
T017689,281.66,21,1,0,0,3.7,1,0
T017690,113.82,23,0,0,0,42.3,1,0
T017691,13.36,15,0,1,0,54.3,0,0
T017692,31.58,2,0,0,0,9.4,2,0
T017693,18.2,10,0,0,1,84.1,1,0
T017694,21.17,1,0,0,0,69.7,0,0
T017695,10.53,7,1,0,0,12.9,3,0
T017696,23.47,9,0,0,0,2.7,1,0
T017697,58.54,4,0,0,0,22.8,3,0
T017698,48.01,16,0,0,0,40.6,2,0
T017699,88.21,1,0,0,0,20.6,0,0
T017700,29.9,1,1,0,0,5.0,0,0
T017701,115.56,14,1,0,0,4.0,1,0
T017702,3.91,21,0,0,0,0.3,1,0
T017703,11.52,0,0,1,0,11.7,1,0
T017704,9.32,11,1,0,0,11.3,4,0
T017705,80.53,19,1,0,0,12.8,3,0
T017706,58.45,14,1,0,1,12.5,2,0
T017707,23.03,22,1,0,1,14.5,1,0
T017708,20.74,17,0,0,1,18.6,3,0
T017709,16.15,3,1,0,0,70.6,1,0
T017710,15.31,15,0,0,0,66.2,4,0
T017711,21.82,19,1,0,1,17.3,2,0
T017712,23.81,10,0,0,0,13.6,0,0
T017713,48.85,10,0,0,1,17.0,2,0
T017714,46.77,8,1,0,0,30.7,2,0
T017715,33.88,6,1,0,0,14.0,0,0
T017716,30.75,16,1,0,1,19.3,3,0
T017717,58.83,10,1,0,0,5.3,1,0
T017718,84.41,19,0,0,0,9.0,2,0
T017719,41.84,1,0,0,0,9.9,2,0
T017720,39.92,7,1,0,0,3.9,2,0
T017721,9.98,8,1,0,0,5.0,3,0
T017722,44.73,11,0,1,0,22.4,2,0
T017723,34.74,7,1,0,0,12.3,1,0
T017724,256.43,8,1,0,0,3.5,4,0
T017725,66.54,8,0,0,0,7.8,5,0
T017726,72.37,23,0,0,0,2.2,4,0
T017727,42.61,19,0,0,0,11.5,1,0
T017728,33.74,15,0,0,0,35.9,2,0
T017729,33.33,19,1,0,0,51.0,1,0
T017730,47.09,9,0,0,0,32.8,3,0
T017731,13.62,12,0,0,0,1.4,0,0
T017732,75.85,0,0,0,0,34.1,2,0
T017733,128.67,21,1,0,0,4.3,3,0
T017734,46.02,11,1,0,0,15.5,2,0
T017735,136.39,8,1,0,0,8.3,3,0
T017736,193.73,22,0,0,0,9.9,2,0
T017737,671.6,10,1,0,0,50.7,1,0
T017738,46.41,11,1,0,0,6.1,2,0
T017739,5.74,11,1,0,0,5.8,5,0
T017740,91.54,5,0,0,1,9.0,1,0
T017741,284.65,0,0,0,0,11.4,1,0
T017742,102.51,6,0,0,0,0.7,3,0
T017743,128.53,7,0,1,0,14.5,3,0
T017744,9.19,3,0,0,0,45.0,4,0
T017745,54.83,7,0,1,0,8.5,5,0
T017746,30.56,7,0,0,0,5.1,5,0
T017747,20.59,0,0,0,0,2.0,1,0
T017748,85.1,8,0,0,0,12.5,1,0
T017749,19.66,0,0,0,0,13.1,5,0
T017750,22.78,22,0,0,0,11.7,2,0
T017751,100.45,16,0,0,0,0.7,4,0
T017752,95.38,17,1,0,0,16.2,2,0
T017753,264.79,2,1,0,0,14.9,2,0
T017754,81.38,12,1,0,0,35.5,1,1
T017755,8.28,14,1,0,0,34.8,1,0
T017756,115.49,13,1,0,1,12.0,1,0
T017757,107.26,8,0,0,0,16.3,2,0
T017758,69.54,9,1,0,0,17.1,0,0
T017759,27.27,0,0,0,0,26.2,1,0
T017760,93.16,9,1,0,0,25.4,1,0
T017761,114.34,13,0,0,0,0.4,3,0
T017762,8.72,11,0,0,0,14.1,2,0
T017763,76.28,9,1,0,0,31.2,2,1
T017764,82.36,19,0,0,0,3.9,3,0
T017765,26.16,1,1,0,0,7.6,1,0
T017766,36.57,21,0,0,0,3.2,4,0
T017767,38.91,1,1,0,1,0.5,2,0
T017768,56.72,5,0,0,0,18.2,3,0
T017769,7.82,6,1,0,1,16.3,0,0
T017770,145.82,13,1,0,0,7.5,2,0
T017771,33.7,19,0,0,1,1.9,2,0
T017772,56.06,8,0,0,1,16.0,2,0
T017773,303.92,3,0,0,0,18.4,1,0
T017774,7.35,3,1,0,0,23.6,5,0
T017775,131.58,12,0,0,0,15.1,2,0
T017776,38.08,6,0,0,0,21.1,0,0
T017777,93.29,1,0,0,0,20.1,1,0
T017778,53.48,17,0,1,0,24.4,5,0
T017779,118.29,4,0,0,0,27.2,5,0
T017780,181.03,15,1,0,0,1.2,1,0
T017781,83.25,11,1,0,1,5.2,3,0
T017782,21.91,20,0,0,0,36.1,2,0
T017783,61.1,20,0,0,0,57.6,2,0
T017784,474.29,4,0,0,0,8.7,6,0
T017785,167.33,3,1,0,0,10.5,2,0
T017786,18.79,18,1,0,0,18.3,0,0
T017787,60.13,2,0,0,0,29.4,0,0
T017788,18.78,9,0,0,0,86.5,2,0
T017789,307.73,14,1,0,0,30.5,1,0
T017790,246.15,15,1,0,0,11.4,3,0
T017791,37.52,14,1,0,1,10.3,1,0
T017792,30.52,23,1,0,0,11.1,2,0
T017793,40.25,13,0,0,0,13.0,5,0
T017794,38.7,9,0,1,0,22.4,2,0
T017795,51.09,7,0,0,1,24.9,0,0
T017796,42.72,21,0,0,0,23.0,1,0
T017797,13.25,15,1,0,0,7.8,2,0
T017798,7.53,5,0,0,1,10.4,0,0
T017799,22.15,1,0,0,0,1.6,3,0
T017800,9.88,18,0,0,0,13.9,2,0
T017801,130.77,14,1,0,0,3.1,4,0
T017802,58.89,4,0,0,0,67.1,2,0
T017803,50.08,7,0,1,0,10.7,2,0
T017804,86.19,1,0,0,0,3.3,1,0
T017805,128.71,8,0,0,1,11.8,4,0
T017806,15.55,18,1,0,0,15.0,2,0
T017807,438.1,9,0,0,1,3.7,1,0
T017808,19.59,7,0,0,0,2.6,2,0
T017809,16.54,3,0,0,0,18.9,1,0
T017810,148.84,9,0,0,0,3.8,3,0
T017811,21.59,22,1,0,0,31.2,3,0
T017812,28.24,12,0,0,0,5.8,2,0
T017813,24.51,5,1,0,1,22.3,1,0
T017814,44.35,11,0,0,0,7.4,3,0
T017815,22.76,13,1,1,0,6.9,2,0
T017816,17.08,16,0,0,0,6.6,2,0
T017817,4.06,8,0,0,1,17.7,4,0
T017818,43.75,7,0,0,1,47.9,3,0
T017819,12.82,16,1,0,0,58.3,0,0
T017820,206.98,6,1,0,0,4.7,1,0
T017821,28.68,12,0,0,0,3.8,4,0
T017822,145.59,2,0,0,0,20.0,1,0
T017823,144.55,11,0,0,0,1.1,1,0
T017824,43.16,14,1,0,0,11.9,2,0
T017825,133.02,5,0,0,0,15.3,2,0
T017826,2.27,9,0,0,0,28.8,4,0
T017827,86.56,4,1,0,1,20.3,0,0
T017828,132.26,16,1,0,1,1.4,2,0
T017829,113.07,11,0,0,0,39.0,1,0
T017830,27.18,17,0,0,1,27.0,3,0
T017831,16.02,5,1,0,0,23.1,4,0
T017832,241.72,21,1,0,0,6.0,2,0
T017833,16.2,16,0,0,1,59.0,1,0
T017834,23.19,13,0,0,0,11.0,0,0
T017835,17.23,2,1,0,0,7.7,0,0
T017836,153.77,7,0,0,0,5.2,2,0
T017837,42.73,13,0,0,0,16.6,3,0
T017838,36.65,4,1,0,0,6.8,1,0
T017839,43.05,18,0,0,1,38.6,2,0
T017840,5.05,11,0,0,1,72.1,3,0
T017841,61.31,23,1,0,0,7.9,1,0
T017842,49.52,11,0,0,0,15.8,1,0
T017843,25.65,1,0,0,0,14.7,1,0
T017844,14.96,10,0,0,0,7.9,1,0
T017845,173.26,8,0,0,1,7.0,5,0
T017846,3.56,15,0,0,0,3.5,1,0
T017847,84.74,16,1,0,0,3.4,2,0
T017848,92.41,7,1,0,0,14.7,1,1
T017849,9.08,20,0,0,0,0.2,4,0
T017850,66.86,6,1,0,1,20.9,2,0
T017851,171.14,19,1,0,0,18.5,0,0
T017852,114.49,5,0,0,1,8.0,3,0
T017853,4.29,3,1,0,0,7.8,1,0
T017854,57.14,1,0,0,0,4.5,3,0
T017855,37.86,17,1,0,0,23.8,0,0
T017856,490.24,16,1,0,0,67.3,1,0
T017857,74.94,17,0,0,0,0.7,0,0
T017858,19.83,8,1,0,0,6.6,3,0
T017859,4.94,1,0,0,0,2.2,2,0
T017860,68.85,18,1,0,0,33.1,5,0
T017861,29.95,5,1,0,0,4.7,0,0
T017862,44.16,8,1,0,0,13.7,0,0
T017863,23.22,8,0,1,1,3.6,2,0
T017864,86.01,0,1,0,1,13.6,1,0
T017865,14.93,21,0,0,1,27.2,0,0
T017866,78.5,12,0,0,0,15.5,3,0
T017867,70.59,19,0,0,0,7.6,4,0
T017868,7.21,15,0,0,0,21.7,4,0
T017869,34.05,4,1,0,0,10.4,2,0
T017870,79.61,2,1,0,1,22.7,2,0
T017871,111.17,14,0,0,0,12.2,1,0
T017872,117.87,14,0,0,1,21.4,2,0
T017873,65.46,3,1,0,0,0.7,0,0
T017874,21.53,0,0,0,0,20.8,0,0
T017875,19.22,8,0,1,0,34.1,1,0
T017876,135.27,13,1,0,0,20.5,2,0
T017877,12.24,20,1,0,0,35.0,3,0
T017878,12.02,21,1,0,0,8.7,4,0
T017879,32.59,16,0,0,0,24.7,1,0
T017880,66.99,21,1,0,0,9.9,3,0
T017881,22.38,7,1,0,0,12.8,4,0
T017882,212.11,14,1,0,0,7.1,2,0
T017883,44.17,13,1,0,0,33.3,1,0
T017884,111.75,2,0,0,0,0.6,2,0
T017885,31.88,0,0,0,0,3.1,4,0
T017886,63.61,9,1,0,0,23.9,5,0
T017887,12.82,23,0,0,0,27.6,2,0
T017888,36.23,15,0,0,0,20.9,0,0
T017889,6.72,21,1,0,0,9.2,6,0
T017890,103.11,22,0,1,0,9.1,1,0
T017891,15.84,11,0,0,0,13.5,1,0
T017892,44.07,1,1,0,0,22.5,3,0
T017893,22.64,14,0,0,0,37.4,3,0
T017894,2.69,1,0,0,0,9.7,0,0
T017895,4.85,21,0,1,0,23.0,1,0
T017896,27.18,5,1,0,1,7.0,2,0
T017897,148.6,14,0,0,0,5.2,2,0
T017898,30.4,14,0,0,0,11.1,2,0
T017899,12.03,9,0,0,0,2.8,2,0
T017900,26.7,5,0,0,0,8.1,3,0
T017901,85.88,13,0,0,0,16.5,6,0
T017902,94.0,20,1,0,0,24.9,3,0
T017903,68.0,6,0,0,0,15.2,3,0
T017904,105.64,15,0,0,1,22.2,4,0
T017905,38.2,9,0,0,1,11.3,2,0
T017906,43.19,22,0,0,0,37.1,1,0
T017907,79.7,12,0,0,0,36.7,2,0
T017908,23.09,18,1,0,1,10.3,3,0
T017909,20.35,9,0,0,1,22.4,0,0
T017910,14.69,23,0,1,1,13.5,3,0
T017911,20.22,8,0,0,0,1.4,1,0
T017912,94.76,15,1,0,1,25.7,1,0
T017913,45.07,19,0,0,0,5.1,0,0
T017914,28.96,6,1,1,0,39.8,1,0
T017915,11.94,18,0,0,0,29.1,2,0
T017916,43.36,12,0,0,0,15.7,3,0
T017917,30.71,7,0,0,0,23.2,1,0
T017918,43.5,9,0,0,0,29.6,3,0
T017919,113.15,19,0,0,0,53.2,0,0
T017920,68.48,22,1,0,0,13.5,2,0
T017921,2.99,19,0,0,0,53.4,2,0
T017922,63.16,3,1,0,0,27.8,3,0
T017923,25.57,21,0,0,0,0.5,3,0
T017924,85.33,11,1,0,0,17.0,3,0
T017925,9.77,15,1,0,0,55.9,1,0
T017926,35.65,13,0,0,0,18.4,2,0
T017927,28.53,17,0,0,0,36.0,0,0
T017928,68.47,13,0,0,0,6.2,3,0
T017929,38.45,10,0,0,0,29.2,2,0
T017930,45.36,13,1,0,0,2.9,4,0
T017931,32.6,13,0,0,1,0.5,2,0
T017932,118.31,23,0,0,0,11.1,3,0
T017933,61.53,14,0,1,0,18.7,2,0
T017934,70.47,20,1,0,0,16.4,1,0
T017935,112.46,23,0,0,0,21.8,1,0
T017936,14.89,14,1,0,0,13.3,3,0
T017937,15.37,12,1,0,0,21.7,1,0
T017938,153.79,9,1,0,0,38.8,0,0
T017939,221.07,13,1,0,1,3.7,2,0
T017940,35.17,14,1,0,1,24.6,1,0
T017941,33.71,18,0,0,0,40.0,2,0
T017942,50.74,13,0,0,1,5.6,5,0
T017943,19.69,17,1,0,0,16.5,1,0
T017944,23.02,21,0,0,0,38.3,1,0
T017945,175.4,8,0,0,0,15.7,2,0
T017946,45.0,18,1,0,0,14.1,1,0
T017947,35.74,3,0,0,0,21.3,2,0
T017948,48.84,12,0,1,0,15.6,2,0
T017949,26.33,15,0,0,0,16.9,1,0
T017950,73.46,6,0,0,1,15.3,2,0
T017951,43.08,22,0,0,1,28.4,3,0
T017952,9.66,21,1,0,0,10.3,1,0
T017953,18.38,23,0,1,0,17.2,3,0
T017954,102.66,18,1,0,0,1.1,1,0
T017955,37.58,21,0,1,0,24.1,1,0
T017956,31.66,16,0,0,0,17.9,2,0
T017957,32.12,9,0,0,1,36.5,4,0
T017958,134.84,1,1,0,0,11.9,1,0
T017959,12.8,9,0,0,0,8.1,2,0
T017960,46.3,23,0,0,0,8.0,2,0
T017961,7.9,20,0,0,0,2.0,2,0
T017962,18.2,6,0,0,0,32.7,0,0
T017963,15.19,3,0,1,0,9.6,2,0
T017964,43.22,17,0,0,0,12.1,2,0
T017965,19.67,5,1,0,0,1.1,4,0
T017966,370.86,4,1,0,0,8.3,2,0
T017967,38.59,12,1,0,0,8.6,2,0
T017968,33.6,20,0,0,0,18.6,1,0
T017969,14.13,23,0,0,0,49.2,1,0
T017970,24.04,9,0,0,0,29.7,5,0
T017971,61.39,4,0,0,1,11.7,2,0
T017972,109.24,11,1,0,0,7.0,1,0
T017973,18.33,16,1,0,0,19.4,4,0
T017974,35.63,10,0,0,0,2.0,2,0
T017975,14.42,1,0,0,0,14.7,0,0
T017976,12.9,5,1,0,0,15.7,1,0
T017977,371.88,23,0,0,0,21.6,2,0
T017978,26.36,22,0,1,0,4.9,1,0
T017979,62.87,4,1,1,0,13.3,4,0
T017980,74.41,9,1,0,1,1.6,3,0
T017981,167.47,19,0,0,0,54.0,0,0
T017982,8.79,18,0,0,0,10.4,2,0
T017983,38.2,14,0,0,0,17.6,3,0
T017984,56.21,11,1,0,0,10.1,0,0
T017985,59.07,18,0,1,0,17.4,2,0
T017986,138.36,8,0,0,0,33.2,4,0
T017987,30.03,12,0,0,0,33.0,0,0
T017988,48.09,3,1,0,1,42.0,4,0
T017989,152.55,8,0,0,0,25.7,3,0
T017990,8.99,23,0,0,1,11.9,0,0
T017991,63.87,18,1,0,0,16.1,1,0
T017992,14.35,4,0,0,0,7.6,2,0
T017993,24.8,2,0,0,0,8.6,2,0
T017994,29.18,2,1,0,0,7.9,5,1
T017995,87.76,5,0,0,1,9.3,1,0
T017996,105.12,11,0,0,0,28.6,3,0
T017997,4.83,3,1,0,0,42.6,2,0
T017998,60.61,7,0,0,0,16.1,2,0
T017999,25.74,21,1,0,0,8.6,4,1
T018000,96.86,9,1,0,0,8.8,5,0
T018001,62.63,19,0,0,0,0.3,4,0
T018002,28.54,17,1,0,1,10.3,2,0
T018003,27.01,1,1,0,0,4.5,2,0
T018004,146.42,8,1,0,0,4.3,4,0
T018005,105.31,16,0,0,0,5.3,0,0
T018006,10.86,17,1,0,0,5.6,1,0
T018007,3.75,12,0,0,0,25.0,0,0
T018008,94.32,15,1,0,0,5.5,2,0
T018009,107.59,18,1,0,0,11.0,1,0
T018010,54.14,22,1,0,0,38.3,1,0
T018011,136.37,20,0,0,0,11.9,3,0
T018012,3.95,18,0,0,0,15.9,1,0
T018013,17.24,2,1,0,1,16.6,3,0
T018014,26.09,19,0,0,0,3.2,0,0
T018015,26.63,5,0,0,1,56.7,2,0
T018016,19.92,19,0,0,0,5.7,4,0
T018017,29.78,13,0,0,0,22.3,2,0
T018018,37.32,3,0,0,1,4.9,0,0
T018019,26.64,15,1,0,0,4.4,4,0
T018020,90.15,20,1,0,1,17.1,2,0
T018021,8.51,10,1,0,0,0.1,2,0
T018022,12.64,0,1,0,0,85.5,5,0
T018023,723.34,9,1,0,0,3.4,4,0
T018024,66.18,1,0,0,0,3.2,3,0
T018025,10.19,5,1,0,0,35.8,1,0
T018026,34.44,2,0,0,0,8.1,0,0
T018027,14.98,14,1,0,0,25.3,1,0
T018028,90.23,14,1,0,0,0.2,2,0
T018029,599.23,13,1,0,0,15.0,2,0
T018030,132.12,18,1,0,0,10.3,3,0
T018031,21.26,5,0,0,0,9.7,1,0
T018032,46.16,3,1,0,1,1.0,1,0
T018033,57.92,16,1,0,0,2.8,3,0
T018034,32.66,7,1,0,0,35.5,2,0
T018035,176.01,9,1,0,1,36.3,3,1
T018036,32.32,2,1,0,0,48.9,3,0
T018037,4.57,15,1,0,0,0.9,2,0
T018038,19.76,5,0,0,0,11.8,4,0
T018039,309.52,20,1,0,0,20.6,4,0
T018040,33.42,15,0,0,0,4.9,2,0
T018041,71.35,18,0,0,0,12.3,5,0
T018042,64.14,14,0,0,0,24.3,6,0
T018043,9.17,16,0,0,0,29.8,2,0
T018044,18.5,0,0,0,0,73.5,3,0
T018045,88.91,18,1,0,0,13.6,3,0
T018046,29.25,21,0,0,0,3.9,2,0
T018047,20.24,13,1,0,0,1.4,3,0
T018048,12.53,22,1,0,1,26.0,3,0
T018049,41.48,9,1,1,0,21.0,2,0
T018050,16.86,3,0,0,1,0.3,3,0
T018051,110.81,11,0,0,0,27.9,0,0
T018052,9.16,21,1,0,0,27.0,3,0
T018053,11.37,18,0,1,0,5.6,1,0
T018054,25.8,8,0,0,1,16.3,2,0
T018055,11.95,22,1,0,1,20.6,1,0
T018056,9.56,8,0,0,0,37.6,3,0
T018057,82.69,19,1,0,0,4.8,6,0
T018058,69.45,4,1,0,0,29.4,0,0
T018059,17.51,9,1,0,0,46.2,1,0
T018060,12.93,12,1,0,0,7.4,4,0
T018061,132.3,22,1,0,0,25.2,3,0
T018062,69.07,3,0,0,0,6.8,8,0
T018063,10.94,16,0,0,0,10.6,0,0
T018064,32.76,13,0,0,1,6.7,2,0
T018065,79.59,14,1,0,0,19.5,4,0
T018066,162.35,22,0,0,0,23.7,1,0
T018067,36.62,4,0,0,0,40.3,1,0
T018068,88.7,15,1,0,0,26.8,1,0
T018069,10.46,10,0,0,1,60.3,3,0
T018070,25.33,3,0,0,0,0.6,4,0
T018071,20.25,9,1,1,0,18.3,1,0
T018072,28.46,12,0,0,0,0.2,3,0
T018073,8.62,14,1,0,0,48.1,1,0
T018074,21.35,10,0,1,0,4.6,2,0
T018075,82.06,18,1,1,0,1.9,3,0
T018076,14.96,8,0,0,0,31.2,2,0
T018077,23.01,4,0,0,0,7.5,4,0
T018078,17.64,8,0,0,0,19.0,2,0
T018079,66.92,5,1,0,0,5.5,3,0
T018080,25.39,10,0,0,1,58.8,3,0
T018081,357.6,17,0,0,1,13.0,4,0
T018082,7.56,9,1,0,1,2.3,1,0
T018083,48.47,0,1,0,0,57.8,1,0
T018084,49.1,3,1,0,0,7.8,3,0
T018085,30.97,6,1,0,1,4.6,2,0
T018086,370.48,17,0,0,1,16.7,6,0
T018087,78.2,20,0,0,0,13.8,2,0
T018088,27.19,1,1,0,0,0.3,1,0
T018089,31.08,17,0,0,0,1.3,2,0
T018090,16.22,7,0,0,0,0.1,1,0
T018091,22.99,21,1,0,0,29.8,1,0
T018092,84.23,10,0,0,1,7.5,1,0
T018093,27.68,11,0,0,1,8.8,2,0
T018094,26.31,18,0,0,0,35.6,3,0
T018095,71.23,6,0,0,0,1.8,3,0
T018096,122.07,22,1,0,1,11.3,1,0
T018097,66.3,18,0,0,1,21.2,3,0
T018098,138.43,9,1,0,0,9.1,3,0
T018099,9.99,11,0,0,0,11.2,2,0
T018100,44.36,15,1,0,0,0.8,3,0
T018101,162.86,4,0,0,0,8.4,1,0
T018102,101.52,9,1,0,0,19.1,0,0
T018103,49.67,14,1,0,0,16.8,7,0
T018104,63.03,14,1,0,0,17.0,1,0
T018105,30.12,0,0,0,0,3.2,4,0
T018106,37.14,6,0,1,0,2.7,2,0
T018107,30.6,4,1,0,0,21.5,2,0
T018108,28.35,5,1,0,0,12.5,4,0
T018109,59.83,4,0,0,0,11.3,3,0
T018110,63.08,21,1,0,0,22.7,3,0
T018111,5.96,1,1,0,0,3.5,3,0
T018112,40.64,13,0,0,0,12.0,5,0
T018113,16.63,16,0,0,0,16.6,2,0
T018114,15.6,2,0,0,0,10.2,2,0
T018115,44.64,23,0,0,0,19.3,2,0
T018116,19.5,13,0,1,1,30.7,2,0
T018117,19.68,11,1,0,0,49.2,2,0
T018118,9.52,2,1,0,0,12.8,0,0
T018119,191.43,19,0,0,0,42.2,3,0
T018120,1.53,4,1,0,0,9.4,4,0
T018121,33.64,5,0,0,0,0.5,2,0
T018122,17.37,5,1,0,1,23.5,1,0
T018123,130.35,11,0,0,0,8.7,2,0
T018124,43.01,15,0,0,0,20.5,2,0
T018125,158.29,20,1,0,0,8.8,1,0
T018126,18.53,13,1,0,0,1.3,1,0
T018127,11.05,15,0,0,0,65.1,3,0
T018128,38.61,22,1,0,0,21.7,1,0
T018129,76.85,11,1,0,1,3.8,5,0
T018130,32.88,21,0,0,0,17.0,1,0
T018131,12.61,17,1,0,0,17.6,2,0
T018132,24.3,7,1,0,0,14.2,3,0
T018133,85.09,4,1,0,0,19.9,2,1
T018134,27.11,3,0,0,0,11.2,1,0
T018135,32.05,8,1,0,0,27.1,5,0
T018136,112.87,4,0,0,0,34.7,1,0
T018137,30.66,20,0,0,0,30.0,1,0
T018138,27.74,21,1,0,0,50.3,2,0
T018139,93.88,19,0,0,1,67.0,2,0
T018140,103.24,17,0,0,0,0.7,1,0
T018141,13.6,3,1,0,0,18.2,2,0
T018142,81.58,12,0,0,0,16.8,2,0
T018143,87.41,17,0,1,1,3.3,2,0
T018144,33.52,6,1,0,0,18.9,3,0
T018145,43.25,16,0,0,0,19.6,0,0
T018146,38.31,19,1,0,0,52.7,2,0
T018147,9.99,16,1,0,0,14.9,4,0
T018148,18.44,10,0,0,0,10.5,2,0
T018149,8.06,3,0,0,1,35.4,3,0
T018150,69.33,18,1,0,1,27.8,3,0
T018151,459.6,16,1,0,0,7.4,4,0
T018152,71.52,18,0,0,1,27.9,0,0
T018153,79.42,4,0,0,0,0.3,4,0
T018154,35.02,20,0,0,0,33.0,3,0
T018155,86.63,15,1,0,0,12.6,1,0
T018156,19.39,3,1,0,1,49.5,2,0
T018157,37.45,0,0,0,0,21.6,2,0
T018158,6.61,10,1,0,0,11.2,4,0
T018159,100.44,2,1,1,0,30.7,1,0
T018160,4.84,4,1,0,0,21.5,1,0
T018161,31.48,18,1,0,1,1.0,4,0
T018162,184.73,11,1,1,0,8.0,5,0
T018163,28.69,0,0,0,1,89.1,2,0
T018164,152.27,2,0,0,1,4.8,3,0
T018165,30.47,7,1,0,0,3.2,0,0
T018166,7.15,6,0,0,0,59.9,3,0
T018167,280.12,12,1,0,0,27.9,2,0
T018168,32.64,2,1,0,0,20.9,1,0
T018169,14.68,6,1,0,0,21.4,2,0
T018170,17.1,1,0,0,0,2.8,2,0
T018171,167.79,3,1,0,0,39.8,4,0
T018172,20.38,23,0,0,0,83.8,1,0
T018173,33.6,11,0,0,0,9.7,3,0
T018174,60.77,16,1,0,0,5.3,4,0
T018175,18.25,5,0,0,1,64.8,1,0
T018176,27.46,3,1,0,1,35.6,3,0
T018177,91.37,14,1,0,1,18.7,3,0
T018178,66.83,2,1,0,0,41.8,4,0
T018179,24.7,6,0,0,0,21.9,2,0
T018180,45.98,19,1,0,0,2.5,1,0
T018181,20.96,18,1,0,0,10.6,2,0
T018182,14.28,19,0,0,0,30.2,4,0
T018183,89.45,23,1,0,1,25.3,2,0
T018184,26.79,23,0,0,0,6.6,4,0
T018185,18.54,9,0,0,1,13.7,1,0
T018186,8.46,0,0,0,0,9.3,0,0
T018187,36.98,16,0,0,0,11.9,4,0
T018188,58.88,4,0,0,1,15.8,1,0
T018189,143.18,2,0,1,1,9.4,3,0
T018190,9.72,21,0,1,0,4.3,1,0
T018191,10.89,2,1,0,0,11.0,6,0
T018192,8.03,23,0,0,0,4.6,1,0
T018193,4.08,13,1,0,0,1.0,3,0
T018194,19.08,13,0,0,0,2.9,4,0
T018195,15.56,21,0,0,0,14.1,2,0
T018196,27.8,8,0,0,0,31.4,4,0
T018197,35.54,23,1,0,0,42.5,1,0
T018198,127.55,0,1,0,0,4.4,1,0
T018199,11.81,2,1,0,0,7.4,1,0
T018200,68.14,11,0,0,0,50.2,3,0
T018201,49.56,17,0,0,0,30.1,0,0
T018202,30.57,3,0,0,0,12.0,3,0
T018203,8.81,4,1,0,0,11.4,2,0
T018204,45.0,0,0,0,1,7.5,1,0
T018205,43.99,4,0,0,0,0.3,0,0
T018206,50.66,22,0,0,1,25.1,3,0
T018207,66.62,18,0,0,0,0.7,5,0
T018208,56.2,2,1,0,1,27.2,0,0
T018209,3.37,17,0,0,1,15.4,1,0
T018210,11.18,23,1,0,0,35.7,1,0
T018211,13.98,23,0,0,0,5.8,4,0
T018212,52.85,17,1,1,1,2.6,2,0
T018213,25.41,20,0,0,0,7.7,0,0
T018214,33.6,23,1,0,0,18.5,6,0
T018215,143.99,11,0,0,0,3.9,0,0
T018216,59.85,6,1,0,1,0.8,1,0
T018217,63.02,19,1,0,0,7.7,2,0
T018218,12.65,14,1,0,1,7.0,1,0
T018219,46.27,2,1,0,0,8.1,2,0
T018220,68.02,9,0,0,0,1.4,3,0
T018221,12.77,4,0,0,1,23.3,1,0
T018222,41.55,14,1,0,0,80.4,2,0
T018223,4.64,5,0,0,0,21.6,3,0
T018224,172.55,15,1,1,1,29.0,4,0
T018225,105.42,4,0,0,0,7.6,4,0
T018226,19.92,1,1,0,0,20.9,1,0
T018227,46.42,17,1,0,0,0.3,5,0
T018228,60.1,10,1,0,0,9.6,3,0
T018229,4.63,10,1,0,0,25.0,2,0
T018230,38.81,15,0,0,0,5.6,4,0
T018231,17.26,4,0,0,0,20.3,3,0
T018232,30.06,23,1,0,1,29.4,0,0
T018233,14.21,0,0,0,1,18.3,4,0
T018234,86.76,8,1,0,1,13.2,1,0
T018235,98.13,19,1,0,0,11.7,1,0
T018236,25.28,6,0,0,0,5.0,1,0
T018237,88.62,5,1,0,0,35.4,2,0
T018238,17.09,7,0,0,0,10.0,4,0
T018239,6.07,8,0,0,0,2.7,2,0
T018240,34.28,21,1,0,1,25.4,2,0
T018241,26.27,16,0,0,1,11.5,4,0
T018242,16.28,13,1,0,0,0.9,0,0
T018243,12.03,7,1,0,0,59.5,2,0
T018244,9.92,3,1,0,0,3.2,1,0
T018245,6.06,15,0,0,1,1.1,2,0
T018246,20.9,17,1,0,0,1.6,2,0
T018247,25.07,14,1,0,1,15.2,2,0
T018248,39.25,22,0,0,1,11.9,2,0
T018249,48.31,11,0,0,0,13.8,2,0
T018250,73.83,17,1,0,1,8.6,2,0
T018251,80.28,5,0,0,0,4.3,2,0
T018252,25.86,10,0,0,0,26.5,3,0
T018253,34.72,7,1,0,0,9.3,2,0
T018254,79.17,18,0,0,0,22.1,3,0
T018255,46.93,7,0,0,0,4.1,2,0
T018256,63.63,0,1,0,0,18.2,2,0
T018257,3.24,19,0,0,0,31.8,5,0
T018258,95.99,9,0,0,0,11.3,0,0
T018259,44.58,4,1,0,0,17.6,7,0
T018260,33.15,11,1,0,0,35.7,1,0
T018261,19.29,15,1,0,0,29.3,2,0
T018262,13.21,7,0,0,1,12.1,5,0
T018263,32.14,2,1,0,0,74.5,4,0
T018264,20.03,10,0,0,0,15.4,2,0
T018265,36.69,21,1,0,0,7.2,3,0
T018266,90.95,3,0,0,0,12.0,1,0
T018267,48.29,3,1,1,0,24.3,1,0
T018268,54.66,22,0,0,1,13.0,3,0
T018269,67.4,13,0,0,0,44.0,4,0
T018270,39.58,13,0,0,0,30.0,2,0
T018271,106.45,3,1,0,0,8.9,3,0
T018272,38.06,7,1,0,0,14.9,2,0
T018273,64.54,7,1,0,0,35.4,2,0
T018274,15.19,13,0,1,1,3.2,1,0
T018275,1.83,2,0,0,0,23.1,3,0
T018276,266.53,14,0,0,0,5.6,2,0
T018277,45.49,22,0,0,1,37.8,6,0
T018278,73.97,5,1,0,0,0.9,3,0
T018279,22.36,17,0,0,1,35.5,3,0
T018280,27.94,5,1,0,0,14.0,1,0
T018281,27.1,15,0,0,0,29.1,4,0
T018282,55.97,7,0,0,0,59.4,2,0
T018283,21.97,19,1,0,0,25.3,1,0
T018284,26.75,6,1,0,0,6.0,0,0
T018285,8.52,0,0,0,0,4.4,2,0
T018286,7.83,23,1,0,0,22.0,4,0
T018287,28.19,3,0,0,1,33.3,3,0
T018288,114.51,5,0,0,0,10.7,3,0
T018289,74.99,19,0,0,1,12.2,2,0
T018290,46.5,0,0,1,1,33.6,2,0
T018291,50.65,23,0,0,1,4.9,1,0
T018292,13.33,10,1,0,0,24.4,2,0
T018293,75.63,0,1,0,0,6.0,4,0
T018294,25.6,22,0,0,0,22.5,2,0
T018295,24.22,1,1,1,0,5.1,1,0
T018296,179.83,16,0,0,1,2.6,2,0
T018297,72.35,11,1,0,0,6.4,3,0
T018298,6.7,15,0,1,1,31.5,2,0
T018299,74.87,4,1,0,0,2.7,4,0
T018300,8.31,22,1,0,0,12.7,1,0
T018301,430.78,3,0,0,0,3.7,0,0
T018302,38.24,14,0,0,1,3.5,5,0
T018303,81.26,11,0,0,1,17.7,1,0
T018304,75.67,11,1,1,0,5.9,0,0
T018305,35.67,0,1,0,1,55.8,2,0
T018306,5.29,6,1,1,0,7.1,1,0
T018307,52.06,19,0,0,1,1.2,0,0
T018308,12.46,23,0,0,0,7.4,2,0
T018309,75.27,19,1,0,0,14.3,4,0
T018310,97.86,4,0,0,1,0.8,2,0
T018311,11.21,10,0,0,0,19.5,3,0
T018312,18.07,18,1,0,0,9.1,5,0
T018313,128.5,6,1,0,0,10.1,0,0
T018314,24.85,13,1,0,0,2.5,1,0
T018315,275.46,13,1,1,0,94.4,2,0
T018316,110.17,5,1,0,1,18.5,4,0
T018317,24.11,21,1,0,0,32.9,3,0
T018318,155.85,20,0,0,1,27.1,0,0
T018319,7.19,17,1,0,0,4.0,4,0
T018320,23.92,8,1,0,1,1.4,2,0
T018321,20.22,17,0,0,0,2.1,1,0
T018322,27.34,5,1,0,0,27.6,1,0
T018323,464.87,18,0,0,1,2.3,1,0
T018324,106.96,22,0,0,1,29.5,3,0
T018325,8.07,15,1,0,0,2.4,3,0
T018326,1143.28,9,0,0,0,16.8,2,0
T018327,12.35,15,0,0,0,88.3,4,0
T018328,19.34,15,1,0,0,30.0,1,0
T018329,58.7,13,0,0,0,15.3,1,0
T018330,13.51,19,1,0,1,4.0,0,0
T018331,81.21,21,0,0,0,0.9,2,0
T018332,43.31,3,1,1,0,4.2,1,0
T018333,36.61,21,0,0,0,5.4,2,0
T018334,27.31,7,0,1,0,3.8,4,0
T018335,18.67,10,0,0,1,5.1,3,0
T018336,7.36,2,0,0,0,22.4,1,0
T018337,96.21,23,0,0,0,6.7,1,0
T018338,30.65,22,1,0,1,9.1,2,0
T018339,13.76,13,0,0,0,1.4,2,0
T018340,34.92,22,1,0,0,2.6,3,0
T018341,33.94,22,1,0,0,23.9,3,0
T018342,9.6,16,1,0,0,1.3,1,0
T018343,62.94,15,1,0,1,5.8,2,0
T018344,52.3,13,1,0,0,18.3,5,0
T018345,81.65,6,1,0,0,4.1,2,0
T018346,56.62,15,0,0,1,2.9,4,0
T018347,97.38,5,0,0,0,52.4,6,0
T018348,18.05,6,0,0,0,37.9,3,0
T018349,14.52,0,0,0,1,3.0,4,0
T018350,20.83,11,1,0,0,45.1,1,0
T018351,18.79,10,1,0,0,2.1,4,0
T018352,53.79,23,0,0,0,15.7,2,0
T018353,23.43,7,1,0,1,5.7,1,0
T018354,56.97,14,0,0,1,18.5,2,0
T018355,29.33,11,0,0,0,26.9,5,0
T018356,44.33,18,1,0,0,9.8,1,0
T018357,5.65,12,0,1,0,1.0,4,0
T018358,19.73,23,1,0,0,16.1,2,0
T018359,14.23,22,0,0,0,6.2,5,0
T018360,122.97,9,0,0,0,13.0,2,0
T018361,40.86,17,1,0,0,19.7,1,0
T018362,10.61,9,0,0,0,2.3,5,0
T018363,3.34,2,1,0,0,0.9,4,0
T018364,43.18,22,1,0,0,12.5,2,0
T018365,7.24,15,0,0,0,25.6,1,0
T018366,17.94,21,0,0,0,0.1,2,0
T018367,29.68,5,0,0,0,4.8,0,0
T018368,23.91,9,0,0,0,9.6,2,0
T018369,240.71,20,1,0,0,20.7,3,0
T018370,26.7,7,0,0,0,4.8,4,0
T018371,51.16,13,1,0,0,18.2,6,0
T018372,12.99,19,0,0,0,12.4,4,0
T018373,39.03,20,0,0,0,10.4,1,0
T018374,144.69,12,1,1,0,25.2,2,0
T018375,81.95,14,0,0,0,11.8,3,0
T018376,29.72,20,1,0,0,19.6,5,0
T018377,96.99,16,1,0,0,1.0,2,0
T018378,8.6,6,1,0,0,1.2,5,0
T018379,71.03,13,0,0,0,8.9,5,0
T018380,766.53,17,0,0,1,23.2,2,0
T018381,18.81,5,1,0,1,17.7,4,0
T018382,16.35,16,0,0,0,6.9,0,0
T018383,29.04,1,0,0,0,6.0,3,0
T018384,19.76,7,0,0,0,22.2,2,0
T018385,6.21,15,0,0,1,1.4,4,0
T018386,4.83,11,1,0,0,4.0,3,0
T018387,7.92,14,1,0,0,13.5,3,0
T018388,44.96,18,1,0,0,9.4,2,1
T018389,108.16,14,1,0,1,30.4,4,0
T018390,11.49,1,0,0,0,10.5,3,0
T018391,65.3,15,1,0,0,6.4,2,0
T018392,22.47,9,1,0,0,5.5,2,0
T018393,23.54,10,0,1,1,0.1,1,0
T018394,79.51,0,0,0,0,32.9,2,0
T018395,22.5,4,1,0,0,22.3,1,0
T018396,65.85,4,0,0,1,24.0,5,0
T018397,23.28,22,1,0,0,15.1,2,0
T018398,22.64,21,1,0,0,4.6,3,0
T018399,43.84,11,1,0,0,14.2,1,0
T018400,172.11,16,0,0,0,25.6,1,0
T018401,33.26,6,0,0,1,4.8,3,0
T018402,65.27,13,0,0,0,3.9,3,0
T018403,26.56,6,0,0,0,24.3,4,0
T018404,5.99,7,1,0,1,6.0,3,0
T018405,13.25,14,0,0,1,18.7,3,0
T018406,81.83,16,0,1,0,41.0,1,0
T018407,16.86,7,0,0,0,1.1,1,0
T018408,60.93,8,0,0,0,63.8,5,0
T018409,6.96,20,0,0,0,15.1,4,0
T018410,53.13,15,0,0,0,2.0,2,0
T018411,6.73,12,0,0,0,8.6,4,0
T018412,27.59,6,1,0,0,13.1,3,0
T018413,27.23,7,0,0,0,7.9,1,0
T018414,69.77,3,1,0,0,15.2,0,0
T018415,48.12,3,1,0,0,23.0,6,0
T018416,419.63,11,1,0,0,49.2,2,0
T018417,165.25,4,0,1,0,9.8,0,0
T018418,7.26,6,0,0,0,24.3,5,0
T018419,63.77,17,1,1,0,2.5,7,0
T018420,29.36,13,1,0,0,47.4,0,0
T018421,43.91,22,0,0,1,0.5,2,0
T018422,51.97,7,1,0,0,8.8,5,0
T018423,287.72,20,0,0,0,10.5,4,0
T018424,177.9,15,0,0,0,10.7,0,0
T018425,41.54,13,1,0,0,37.9,5,0
T018426,12.51,1,0,0,1,23.8,3,0
T018427,51.34,0,1,0,0,18.2,2,0
T018428,19.03,5,0,0,1,16.4,0,0
T018429,138.75,18,1,0,0,17.7,0,0
T018430,301.21,1,0,0,1,17.7,1,0
T018431,14.2,10,1,1,1,25.8,0,0
T018432,182.81,15,0,0,0,10.7,3,0
T018433,12.13,2,0,0,0,21.0,3,0
T018434,417.39,13,1,0,0,19.5,5,0
T018435,45.7,12,1,0,0,15.9,2,0
T018436,30.21,19,1,0,0,42.4,1,0
T018437,26.04,14,0,0,0,16.2,2,0
T018438,33.3,5,1,0,1,11.2,2,0
T018439,8.07,4,1,0,0,2.8,0,0
T018440,4.18,14,0,0,1,10.8,0,0
T018441,15.72,9,1,1,0,21.9,3,0
T018442,50.02,3,0,0,1,39.2,2,0
T018443,255.34,2,1,0,0,29.3,0,0
T018444,117.45,18,0,0,0,25.6,2,0
T018445,2.78,14,1,0,0,40.0,1,0
T018446,64.32,21,1,1,0,57.9,3,0
T018447,30.39,2,0,0,0,76.2,1,0
T018448,45.11,12,1,0,0,16.0,1,0
T018449,68.72,6,1,0,0,36.4,5,0
T018450,130.31,15,1,0,0,1.7,0,0
T018451,17.78,21,1,0,1,12.1,6,0
T018452,23.9,4,1,1,0,11.3,3,0
T018453,63.41,0,0,0,0,15.2,5,0
T018454,161.1,22,1,0,0,16.4,1,0
T018455,125.12,3,1,0,0,2.1,3,0
T018456,21.18,12,1,0,0,28.6,4,0
T018457,203.45,16,0,0,0,52.9,2,0
T018458,19.25,14,0,0,0,19.7,6,0
T018459,61.55,16,0,0,0,15.6,3,0
T018460,9.29,23,1,0,0,23.0,2,0
T018461,186.12,18,1,0,0,8.5,0,0
T018462,46.15,5,1,0,0,2.6,3,0
T018463,110.45,11,0,0,0,1.8,2,0
T018464,148.59,16,0,0,0,17.9,5,0
T018465,38.74,14,1,0,0,16.5,2,0
T018466,33.63,9,1,0,0,4.7,4,0
T018467,41.82,14,0,0,0,3.8,0,0
T018468,32.91,8,1,0,1,9.8,4,0
T018469,143.93,10,0,1,1,9.2,2,0
T018470,22.84,2,1,0,0,58.7,2,0
T018471,40.18,8,0,0,0,16.9,2,0
T018472,56.08,21,1,1,1,3.2,5,0
T018473,57.33,5,0,1,0,18.5,3,0
T018474,21.93,14,0,0,0,13.5,1,0
T018475,123.89,23,1,0,1,13.2,2,0
T018476,29.43,17,0,0,0,49.1,1,0
T018477,443.23,4,0,0,1,14.5,3,0
T018478,28.13,3,0,0,0,12.8,5,0
T018479,25.5,10,1,0,0,3.5,1,0
T018480,74.91,23,1,0,0,3.1,1,0
T018481,6.48,22,1,0,0,8.1,2,0
T018482,5.09,13,0,0,0,29.3,0,0
T018483,25.28,7,1,0,0,6.7,2,0
T018484,7.73,4,1,0,0,6.3,2,0
T018485,70.42,20,0,0,0,41.9,2,0
T018486,32.41,2,0,0,0,3.9,6,0
T018487,19.89,20,0,0,1,35.0,4,0
T018488,25.68,4,1,0,0,9.8,2,0
T018489,5.61,1,0,0,1,5.2,1,0
T018490,20.52,1,1,0,1,33.6,2,0
T018491,16.48,2,0,0,0,10.6,3,0
T018492,10.58,18,0,1,0,26.8,7,0
T018493,34.44,12,1,0,0,11.9,3,0
T018494,40.73,22,0,0,0,10.3,5,0
T018495,33.17,12,0,0,0,6.8,3,0
T018496,52.41,7,0,0,0,5.6,1,0
T018497,120.06,3,0,0,0,43.1,5,0
T018498,10.99,18,0,0,0,26.3,4,0
T018499,13.33,2,1,0,0,15.7,3,0
T018500,30.33,10,0,0,0,7.7,1,0
T018501,67.3,18,1,0,0,16.9,4,0
T018502,12.39,3,1,0,0,40.5,2,0
T018503,41.66,6,1,0,0,3.9,0,0
T018504,42.29,8,0,0,1,13.5,2,0
T018505,26.33,13,1,0,0,46.6,5,0
T018506,41.33,6,0,0,1,20.8,1,0
T018507,40.0,18,0,0,0,37.5,3,0
T018508,7.99,19,0,0,0,30.3,2,0
T018509,12.86,11,0,0,0,8.9,4,0
T018510,43.32,0,0,0,1,10.0,6,0
T018511,65.0,7,0,0,0,13.1,2,0
T018512,66.97,20,0,1,1,22.2,3,0
T018513,23.11,1,0,0,0,28.3,0,0
T018514,15.42,21,0,1,0,30.3,0,0
T018515,263.94,19,0,0,0,38.1,2,0
T018516,62.6,19,0,0,0,10.2,4,0
T018517,152.31,6,0,0,1,12.4,2,0
T018518,141.97,7,1,0,0,2.7,2,0
T018519,177.45,9,0,0,0,11.9,2,0
T018520,42.65,13,0,0,0,19.7,3,0
T018521,31.19,17,1,0,0,6.0,0,0
T018522,23.06,18,1,0,0,10.2,2,0
T018523,22.43,22,1,0,0,8.8,1,0
T018524,35.98,18,0,0,0,65.3,3,0
T018525,69.13,19,1,0,1,43.6,2,0
T018526,43.25,9,0,0,0,57.9,2,0
T018527,75.65,10,0,1,0,10.1,3,0
T018528,11.3,5,0,0,1,20.0,3,0
T018529,6.37,19,1,0,0,14.7,0,0
T018530,52.59,7,1,1,1,35.0,0,1
T018531,24.21,14,0,0,1,14.2,2,0
T018532,3.89,18,1,0,0,35.5,0,0
T018533,31.33,23,0,0,1,10.5,4,0
T018534,96.24,16,0,0,0,4.0,3,0
T018535,232.52,15,0,0,0,3.6,1,0
T018536,19.03,20,0,0,1,22.5,1,0
T018537,48.94,21,1,0,1,30.3,3,0
T018538,74.22,4,0,0,0,12.8,1,0
T018539,20.17,21,1,0,0,8.1,1,0
T018540,65.91,3,1,0,0,29.4,1,0
T018541,17.24,0,0,0,0,20.8,4,0
T018542,18.13,8,0,0,0,1.9,1,0
T018543,73.48,22,1,1,0,8.5,2,0
T018544,109.24,16,1,0,1,16.5,0,0
T018545,74.77,17,0,0,0,24.4,0,0
T018546,71.5,4,1,0,0,3.3,2,0
T018547,16.81,22,0,0,0,59.9,1,0
T018548,15.86,18,0,1,0,3.3,1,0
T018549,34.93,12,0,1,0,18.3,4,0
T018550,80.63,11,1,0,0,24.2,1,0
T018551,247.86,4,1,0,0,4.9,2,0
T018552,14.19,15,0,0,1,8.5,4,0
T018553,51.33,21,0,0,0,64.8,0,0
T018554,18.99,17,1,0,0,5.5,0,0
T018555,133.35,18,1,0,1,6.7,1,0
T018556,40.89,15,1,0,1,21.1,3,0
T018557,23.44,3,0,1,0,40.9,1,0
T018558,4.25,8,0,0,0,22.1,1,0
T018559,21.26,22,0,1,0,2.3,2,0
T018560,12.04,4,0,0,0,7.9,2,0
T018561,3.52,12,0,1,0,0.4,0,0
T018562,13.46,16,1,0,0,4.0,4,0
T018563,8.39,6,1,0,1,6.8,3,0
T018564,143.43,19,0,1,0,4.7,1,0
T018565,45.62,16,1,0,0,18.3,2,0
T018566,40.21,8,1,0,0,11.3,0,0
T018567,121.89,0,1,0,1,35.1,0,0
T018568,144.03,15,1,0,0,68.8,1,0
T018569,69.12,12,1,0,0,5.6,3,0
T018570,122.93,10,0,0,0,14.2,2,0
T018571,19.56,18,1,0,0,14.0,3,0
T018572,65.86,8,0,1,0,15.8,5,0
T018573,21.05,7,1,0,0,11.4,2,0
T018574,75.95,22,0,0,0,33.5,5,0
T018575,76.7,1,0,0,0,0.2,1,0
T018576,110.52,9,0,1,0,5.1,2,0
T018577,106.7,10,0,0,1,33.8,1,0
T018578,19.82,23,0,0,1,0.7,3,0
T018579,120.36,17,0,0,0,28.8,1,0
T018580,45.98,0,0,0,0,10.8,0,0
T018581,37.83,6,1,0,1,60.2,4,0
T018582,8.22,6,1,0,1,6.9,1,0
T018583,19.89,11,1,0,0,19.3,2,0
T018584,30.95,0,1,0,0,32.0,0,0
T018585,146.43,2,1,1,1,11.2,1,1
T018586,4.55,11,0,0,0,41.8,3,0
T018587,60.54,8,0,1,0,6.7,3,0
T018588,12.1,8,1,0,1,9.9,3,0
T018589,19.57,19,0,0,0,38.6,4,0
T018590,171.15,6,1,0,1,47.8,0,0
T018591,47.44,12,0,0,0,3.8,2,0
T018592,203.42,13,1,0,0,11.0,3,0
T018593,86.0,8,1,0,1,9.6,1,0
T018594,32.79,3,1,1,0,23.3,3,0
T018595,119.77,14,0,0,0,5.4,2,0
T018596,16.05,1,1,0,1,16.3,3,0
T018597,24.0,17,1,0,0,8.3,2,0
T018598,84.68,14,1,1,0,1.8,2,0
T018599,18.71,0,1,0,0,7.4,1,0
T018600,157.92,9,1,0,1,31.2,0,0
T018601,20.99,12,1,0,0,15.8,6,0
T018602,81.52,15,0,0,0,10.7,0,0
T018603,28.02,3,0,1,1,10.8,1,0
T018604,27.93,16,1,0,1,5.6,5,0
T018605,9.84,14,0,0,1,12.1,0,0
T018606,23.38,2,0,1,0,7.4,7,0
T018607,72.55,3,1,0,1,3.3,3,0
T018608,36.38,13,1,0,1,43.7,0,0
T018609,59.12,7,0,0,0,7.1,1,0
T018610,25.77,9,0,0,0,16.0,0,0
T018611,15.37,17,1,0,0,4.9,1,0
T018612,64.67,19,0,0,0,1.5,2,0
T018613,20.99,10,0,0,0,11.5,1,0
T018614,14.62,19,1,0,0,31.3,2,0
T018615,37.29,2,1,0,1,25.6,2,0
T018616,77.06,5,0,0,0,4.9,5,0
T018617,10.91,7,0,0,0,14.8,3,0
T018618,15.84,19,0,0,0,19.6,2,0
T018619,19.41,18,1,0,0,1.5,2,0
T018620,20.27,4,1,0,0,11.4,0,0
T018621,13.86,7,1,0,1,6.1,3,0
T018622,27.69,0,0,0,0,5.4,3,0
T018623,19.72,2,1,0,0,14.8,2,0
T018624,130.35,22,1,0,0,15.3,3,0
T018625,7.55,6,0,0,0,20.9,4,0
T018626,22.05,19,1,0,1,3.7,3,0
T018627,22.69,11,1,0,0,54.0,4,0
T018628,32.6,2,0,0,0,15.0,2,0
T018629,37.15,3,1,0,0,3.5,2,0
T018630,9.81,2,0,0,0,16.7,2,0
T018631,14.99,12,0,0,0,6.7,2,0
T018632,54.74,23,1,0,0,9.2,2,0
T018633,16.62,9,0,0,1,13.6,1,0
T018634,7.82,13,0,0,0,11.6,1,0
T018635,62.1,14,0,0,0,10.2,0,0
T018636,34.54,8,1,0,0,12.2,4,0
T018637,99.39,1,0,1,1,27.1,3,1
T018638,28.46,1,0,0,1,15.0,4,0
T018639,57.23,16,0,0,0,13.6,0,0
T018640,205.49,18,1,0,0,0.7,2,0
T018641,73.67,11,1,0,0,18.6,6,0
T018642,17.84,23,1,0,1,0.3,0,0
T018643,324.17,2,0,1,0,13.3,2,0
T018644,105.79,13,1,0,0,12.9,2,0
T018645,33.67,6,0,0,0,7.2,1,0
T018646,31.41,5,0,0,0,27.9,0,0
T018647,81.51,8,1,0,0,4.0,1,0
T018648,14.8,6,1,0,0,28.9,4,0
T018649,4.36,3,1,0,0,6.1,2,0
T018650,54.32,9,1,0,0,9.3,3,0
T018651,58.78,14,1,0,0,5.8,3,0
T018652,7.76,10,1,0,0,4.5,3,0
T018653,11.59,10,1,0,0,17.9,4,0
T018654,150.2,9,1,0,1,20.0,0,0
T018655,31.07,6,0,0,0,7.1,0,0
T018656,21.08,14,0,0,0,24.9,4,0
T018657,237.44,22,0,0,0,21.8,1,0
T018658,460.88,1,1,0,0,27.5,2,0
T018659,93.12,11,0,0,1,40.6,3,0
T018660,173.6,16,1,0,0,7.7,1,0
T018661,39.98,7,0,0,0,0.3,3,0
T018662,22.43,12,1,0,0,28.9,3,0
T018663,120.37,22,0,0,0,34.4,4,0
T018664,10.84,14,1,0,0,12.0,3,0
T018665,89.11,2,0,0,0,18.6,1,0
T018666,92.19,6,0,0,0,16.9,4,0
T018667,26.3,7,0,0,0,9.1,4,0
T018668,69.2,4,1,0,1,3.9,2,0
T018669,350.27,6,0,0,1,15.8,3,0
T018670,460.43,0,1,0,0,8.1,2,0
T018671,47.35,16,0,0,1,3.2,0,0
T018672,116.98,0,1,0,0,11.6,2,0
T018673,154.68,6,0,0,0,7.0,1,0
T018674,16.73,15,0,0,0,0.9,2,0
T018675,14.99,11,0,0,0,5.9,2,0
T018676,15.55,11,0,0,0,8.6,2,0
T018677,195.44,20,0,0,0,110.0,1,0
T018678,40.25,11,0,0,0,11.9,3,0
T018679,19.11,13,1,0,0,28.9,2,0
T018680,67.56,5,0,0,0,10.8,4,0
T018681,15.03,13,0,0,0,13.6,1,0
T018682,41.24,1,1,0,0,1.8,3,0
T018683,78.65,17,0,0,0,18.7,7,0
T018684,53.83,8,1,0,0,42.5,1,0
T018685,30.08,22,1,0,0,7.9,2,0
T018686,191.59,3,0,0,0,12.5,4,0
T018687,19.63,19,0,0,0,5.8,3,0
T018688,12.55,22,1,0,1,36.6,1,0
T018689,49.31,9,1,0,0,0.7,3,0
T018690,8.97,13,0,0,0,55.1,4,0
T018691,9.04,18,1,0,0,42.7,5,0
T018692,26.99,8,1,0,0,18.7,1,0
T018693,13.1,12,0,0,0,16.4,3,0
T018694,133.9,14,0,1,0,33.2,4,0
T018695,36.44,7,0,0,0,2.0,1,0
T018696,98.41,3,1,0,0,43.8,2,0
T018697,63.58,0,0,0,0,15.8,1,0
T018698,150.07,11,0,0,0,3.6,1,0
T018699,83.12,9,0,1,0,19.3,0,0
T018700,56.85,7,0,0,0,46.8,0,0
T018701,69.42,3,1,0,1,25.6,3,0
T018702,14.52,23,1,0,0,6.1,2,0
T018703,173.78,3,1,1,0,20.5,1,0
T018704,14.75,12,0,0,1,22.8,2,0
T018705,64.04,17,1,0,0,22.9,1,0
T018706,3.07,13,0,0,1,3.1,1,0
T018707,263.34,13,0,0,0,14.4,3,0
T018708,9.63,23,0,0,0,42.7,2,0
T018709,32.68,21,1,0,0,15.1,5,0
T018710,17.82,7,0,0,1,11.7,4,0
T018711,18.07,17,1,0,0,1.3,4,0
T018712,87.91,21,0,0,0,22.5,3,0
T018713,25.51,15,0,0,1,2.6,3,0
T018714,14.55,9,1,0,0,23.6,3,0
T018715,54.19,21,1,0,0,1.9,5,0
T018716,51.72,17,0,0,0,21.5,4,0
T018717,32.13,17,0,0,0,3.8,3,0
T018718,10.15,10,1,0,0,31.5,1,0
T018719,30.45,13,0,0,0,18.3,4,0
T018720,78.6,18,1,0,0,47.3,1,0
T018721,31.68,1,0,0,0,23.8,1,0
T018722,7.59,9,0,0,0,2.0,2,0
T018723,30.95,13,0,1,1,21.6,1,0
T018724,73.24,3,0,1,1,3.7,1,0
T018725,35.79,12,0,0,0,17.2,3,0
T018726,13.39,2,0,0,0,15.5,2,0
T018727,30.81,7,0,0,0,6.1,2,0
T018728,2.0,14,0,0,1,7.5,3,0
T018729,59.44,19,1,1,0,6.7,2,0
T018730,8.94,22,0,0,0,23.6,2,0
T018731,21.45,3,1,0,0,17.8,3,0
T018732,13.54,12,1,0,1,5.5,3,0
T018733,114.27,19,0,0,0,19.1,3,0
T018734,153.6,16,0,0,0,10.9,1,0
T018735,31.31,6,1,0,1,2.0,6,0
T018736,42.25,23,1,0,0,48.7,1,0
T018737,15.63,0,1,0,1,32.0,1,0
T018738,72.83,13,0,0,1,32.0,1,0
T018739,103.6,23,1,0,0,32.0,2,0
T018740,25.16,11,0,0,0,21.7,2,0
T018741,13.23,17,1,0,0,6.7,4,0
T018742,50.24,19,1,0,0,54.1,1,0
T018743,217.54,3,1,0,0,20.5,2,0
T018744,24.51,21,1,0,0,33.2,2,0
T018745,7.45,1,1,0,0,24.7,3,0
T018746,30.43,17,0,0,1,25.5,2,0
T018747,38.0,22,0,0,0,11.6,2,0
T018748,84.18,4,0,0,1,91.2,4,0
T018749,47.57,14,1,0,0,13.3,1,0
T018750,11.5,10,0,0,0,1.4,1,0
T018751,39.56,5,1,0,0,1.0,2,0
T018752,20.79,13,1,1,0,16.7,7,0
T018753,60.04,12,0,0,0,22.7,1,0
T018754,52.81,9,0,0,0,7.8,0,0
T018755,18.95,22,0,0,0,8.8,1,0
T018756,9.09,23,0,0,1,24.8,4,0
T018757,11.98,11,0,1,0,8.2,3,0
T018758,163.81,23,0,0,0,14.7,2,0
T018759,172.16,18,1,0,0,4.7,4,0
T018760,48.23,18,1,0,0,6.1,2,0
T018761,144.5,4,1,0,0,19.9,3,0
T018762,41.33,13,0,0,0,20.9,1,0
T018763,16.41,10,1,0,0,12.2,3,0
T018764,29.4,2,0,0,0,6.2,4,0
T018765,21.02,7,0,0,0,4.9,0,0
T018766,42.89,3,1,0,0,40.5,3,0
T018767,35.89,23,0,0,0,11.2,2,0
T018768,23.86,11,1,1,0,6.1,1,0
T018769,23.95,6,0,1,0,0.5,2,0
T018770,136.76,20,1,0,0,17.9,0,0
T018771,106.37,0,0,0,1,7.1,0,0
T018772,183.61,10,0,0,0,10.6,1,0
T018773,59.23,0,1,0,0,0.2,1,0
T018774,34.86,22,1,0,0,8.7,2,0
T018775,27.75,22,0,0,1,4.6,3,0
T018776,32.04,17,1,0,0,18.6,1,0
T018777,12.05,11,0,0,1,7.7,4,0
T018778,7.46,16,0,0,0,6.7,0,0
T018779,12.22,2,1,0,0,1.0,0,0
T018780,38.75,18,0,1,0,13.0,2,0
T018781,27.68,13,1,0,0,11.8,3,0
T018782,9.72,12,1,0,0,13.1,3,0
T018783,22.18,10,1,0,1,1.5,3,0
T018784,4.51,8,0,0,0,0.0,2,0
T018785,96.91,17,0,0,0,16.0,4,0
T018786,27.42,4,0,0,1,46.0,1,0
T018787,39.58,19,1,0,0,11.0,4,0
T018788,77.97,13,0,0,1,6.5,2,0
T018789,12.97,3,0,0,0,5.1,3,0
T018790,25.24,8,0,0,1,1.7,1,0
T018791,39.47,23,0,0,0,13.0,3,0
T018792,15.62,3,1,0,1,6.8,3,0
T018793,44.02,20,0,0,1,4.1,1,0
T018794,21.76,19,1,1,0,29.5,4,0
T018795,34.72,16,0,0,0,61.7,1,0
T018796,15.34,17,0,0,0,4.2,3,0
T018797,54.61,18,1,0,0,9.7,1,0
T018798,18.74,13,0,0,1,15.6,3,0
T018799,10.72,7,0,0,0,18.6,2,0
T018800,40.83,23,0,0,0,3.0,1,0
T018801,44.11,22,1,0,0,19.5,1,0
T018802,167.82,4,1,0,0,15.8,1,0
T018803,31.43,0,0,0,0,15.8,1,0
T018804,36.7,9,1,0,0,22.6,1,0
T018805,26.36,19,1,0,1,1.6,1,0
T018806,69.55,19,1,0,0,9.5,1,0
T018807,46.36,2,1,0,0,4.5,0,0
T018808,45.28,15,1,0,0,61.7,2,0
T018809,32.75,1,0,0,0,3.0,1,0
T018810,11.89,11,0,0,0,39.4,1,0
T018811,12.39,19,1,0,0,56.7,2,0
T018812,26.62,21,1,0,0,2.6,3,0
T018813,35.78,9,0,0,0,6.4,0,0
T018814,65.35,8,0,0,0,11.6,3,0
T018815,131.83,21,1,0,0,6.5,5,0
T018816,1.37,12,0,0,1,47.8,1,0
T018817,11.25,16,1,0,0,25.6,2,0
T018818,513.18,17,0,0,0,10.2,3,0
T018819,38.45,4,1,0,0,24.4,3,0
T018820,12.83,15,1,0,0,31.3,2,0
T018821,16.0,6,0,0,0,21.5,0,0
T018822,262.73,20,1,0,0,40.2,6,1
T018823,39.11,16,0,0,0,8.7,3,0
T018824,21.5,23,0,0,0,146.1,1,0
T018825,74.74,0,1,0,1,4.7,0,0
T018826,14.63,12,0,1,1,21.7,1,0
T018827,41.85,7,0,0,0,8.3,4,0
T018828,38.83,6,1,0,0,14.2,2,0
T018829,61.08,4,0,0,1,8.1,2,0
T018830,29.49,9,0,0,0,37.2,2,0
T018831,16.93,22,1,0,0,12.6,3,0
T018832,27.93,0,1,0,0,4.9,2,0
T018833,15.49,11,1,0,0,13.3,4,0
T018834,194.71,9,0,0,0,34.8,1,0
T018835,49.67,21,1,0,0,14.4,2,0
T018836,104.62,15,1,0,1,24.1,2,0
T018837,123.43,15,1,0,1,14.4,1,0
T018838,46.27,19,1,0,0,38.4,3,0
T018839,74.0,22,1,0,1,13.2,3,0
T018840,33.58,16,1,0,0,15.9,4,0
T018841,25.73,23,0,0,0,5.8,4,0
T018842,24.49,0,1,0,0,2.1,1,0
T018843,88.88,18,1,0,0,1.2,3,0
T018844,8.06,12,0,0,1,11.9,1,0
T018845,74.97,1,1,0,0,23.6,3,0
T018846,36.36,21,0,0,0,26.9,1,0
T018847,91.98,4,1,0,1,13.4,0,0
T018848,11.27,3,1,1,0,33.2,2,0
T018849,13.41,20,1,0,1,21.8,1,0
T018850,58.35,5,1,0,0,25.4,4,0
T018851,23.68,4,0,0,0,12.5,2,0
T018852,17.34,18,0,0,0,24.2,4,0
T018853,76.05,23,1,0,0,33.0,1,0
T018854,83.03,5,0,0,0,33.5,0,0
T018855,90.15,4,1,0,0,3.5,3,1
T018856,16.21,11,1,0,0,2.6,3,0
T018857,50.82,23,1,0,1,21.8,3,0
T018858,40.38,12,0,0,1,4.8,3,0
T018859,275.78,1,0,0,1,55.4,4,0
T018860,0.52,5,1,0,0,29.2,2,0
T018861,70.23,9,0,1,1,11.9,0,0
T018862,21.53,10,0,0,1,30.5,6,0
T018863,115.56,20,0,0,0,28.2,3,0
T018864,66.07,3,1,0,1,36.5,0,0
T018865,71.69,10,0,0,1,21.3,1,0
T018866,42.18,17,1,0,0,38.2,2,0
T018867,93.81,2,1,0,0,23.9,0,0
T018868,26.32,13,0,0,0,53.7,3,0
T018869,63.21,23,1,0,1,14.1,1,0
T018870,72.27,19,1,0,1,16.7,4,0
T018871,7.22,20,0,0,0,0.4,1,0
T018872,20.2,8,0,0,1,5.9,1,0
T018873,11.62,5,1,1,0,8.5,7,0
T018874,30.64,4,1,0,0,13.1,3,0
T018875,196.8,5,1,0,0,9.8,2,0
T018876,83.19,20,0,0,0,9.4,2,0
T018877,11.87,19,1,0,0,14.6,0,0
T018878,15.06,16,1,0,0,63.7,5,0
T018879,8.25,8,0,0,0,59.0,2,0
T018880,13.13,12,0,0,1,67.9,1,0
T018881,302.13,17,0,0,0,9.0,1,0
T018882,20.03,21,0,0,0,20.6,3,0
T018883,93.73,2,0,0,0,5.0,1,0
T018884,16.26,19,0,0,0,15.9,4,0
T018885,61.08,1,0,0,0,28.8,3,0
T018886,204.44,18,0,0,0,2.4,0,0
T018887,80.7,2,1,1,0,4.0,1,0
T018888,67.9,13,0,0,1,35.7,1,0
T018889,9.45,4,0,0,0,68.8,2,0
T018890,57.55,11,0,0,0,1.3,0,0
T018891,44.16,15,1,0,0,7.1,1,0
T018892,6.65,1,0,0,1,2.9,1,0
T018893,13.68,12,0,1,0,1.9,1,0
T018894,16.33,6,0,0,1,3.1,3,0
T018895,49.16,2,0,0,0,31.3,3,0
T018896,79.08,22,0,1,0,21.3,3,0
T018897,14.08,0,1,0,0,32.8,4,0
T018898,23.08,0,1,0,0,5.1,4,0
T018899,158.56,0,1,0,1,4.4,3,1
T018900,145.27,4,1,0,1,5.4,3,0
T018901,74.71,6,1,0,1,9.3,2,0
T018902,88.59,0,0,0,0,1.4,1,0
T018903,77.69,5,0,0,0,19.6,0,0
T018904,11.59,22,1,0,0,11.2,5,0
T018905,49.6,6,0,0,0,16.3,1,0
T018906,78.63,0,1,0,0,14.0,1,0
T018907,18.61,7,1,0,0,19.9,1,0
T018908,3.13,18,1,0,0,12.0,3,0
T018909,216.09,3,0,0,0,32.6,2,0
T018910,57.78,7,0,1,0,17.7,4,0
T018911,33.77,19,0,0,0,5.3,3,0
T018912,32.99,8,0,0,0,6.1,5,0
T018913,50.85,5,0,1,0,40.5,0,0
T018914,81.67,8,1,0,0,44.4,2,0
T018915,105.01,7,1,0,0,16.5,2,0
T018916,65.04,5,0,0,0,30.6,3,0
T018917,7.91,19,0,0,0,13.6,0,0
T018918,11.25,12,0,0,0,1.6,1,0
T018919,25.94,9,1,0,0,5.7,4,0
T018920,33.3,19,1,0,1,4.6,2,0
T018921,32.96,13,1,1,0,24.3,1,0
T018922,28.9,21,0,0,1,10.8,0,0
T018923,51.73,10,1,0,0,3.9,0,0
T018924,46.91,13,0,0,0,7.0,2,0
T018925,441.18,9,0,0,0,25.7,1,0
T018926,215.22,15,0,0,0,64.8,3,0
T018927,42.88,14,0,0,0,17.5,3,0
T018928,45.48,3,1,0,1,14.1,1,0
T018929,3.19,1,1,0,0,8.2,3,0
T018930,15.64,5,0,0,0,88.4,3,0
T018931,144.6,1,1,0,1,22.9,4,0
T018932,111.82,3,0,0,0,12.7,3,0
T018933,160.95,21,1,0,0,9.7,1,0
T018934,13.29,2,0,0,0,38.1,3,0
T018935,45.13,19,1,0,0,3.3,1,0
T018936,35.07,8,1,0,0,10.3,3,0
T018937,18.16,3,0,0,0,12.5,1,0
T018938,11.78,6,0,0,0,16.5,2,0
T018939,61.9,1,1,0,0,16.3,1,0
T018940,7.77,10,0,0,0,18.1,2,0
T018941,22.31,16,1,0,0,34.1,1,0
T018942,73.33,0,0,0,0,23.2,4,0
T018943,19.73,15,0,0,0,13.8,2,0
T018944,26.59,3,1,0,1,7.1,2,0
T018945,42.07,16,0,0,0,24.6,2,0
T018946,47.63,21,1,0,0,1.1,2,0
T018947,11.27,14,0,0,0,7.4,2,0
T018948,36.59,4,0,0,0,1.6,1,0
T018949,38.46,20,0,0,0,18.8,1,0
T018950,17.29,3,0,0,1,13.8,4,0
T018951,8.7,0,0,0,0,9.6,4,0
T018952,33.1,4,0,0,0,23.2,1,0
T018953,10.32,3,0,1,1,20.4,2,0
T018954,104.8,23,1,0,1,21.8,2,0
T018955,16.49,15,0,0,0,1.0,2,0
T018956,134.13,3,1,0,0,37.2,5,0
T018957,12.37,10,1,0,0,23.9,1,0
T018958,74.32,6,0,0,0,12.7,3,0
T018959,16.1,14,1,0,0,8.7,3,0
T018960,56.24,6,0,0,1,13.9,1,0
T018961,24.56,17,1,0,0,5.6,1,0
T018962,133.06,1,0,0,0,47.3,3,0
T018963,16.95,23,0,0,0,23.2,3,0
T018964,39.19,10,0,0,0,5.9,3,0
T018965,33.78,23,1,0,1,23.1,1,0
T018966,119.21,19,0,0,0,50.5,0,0
T018967,42.66,14,0,0,0,2.4,4,0
T018968,44.85,9,0,0,0,64.6,5,0
T018969,15.5,3,1,0,0,26.9,3,0
T018970,17.18,4,0,0,1,33.7,2,0
T018971,10.77,16,0,0,0,2.6,2,0
T018972,43.14,20,1,0,1,25.8,5,0
T018973,7.11,16,1,0,0,0.5,3,0
T018974,17.97,20,0,0,1,15.0,1,0
T018975,58.4,16,0,0,0,20.1,1,0
T018976,128.8,21,0,0,0,19.9,0,0
T018977,15.11,8,0,0,0,36.6,1,0
T018978,11.08,5,1,0,0,5.2,1,0
T018979,64.39,0,1,0,0,0.3,3,0
T018980,12.57,18,0,1,0,23.6,2,0
T018981,22.72,22,0,1,0,2.7,2,0
T018982,119.15,11,1,1,0,15.7,2,0
T018983,65.55,8,1,1,0,69.4,3,0
T018984,49.15,18,0,0,1,13.7,2,0
T018985,33.49,4,1,0,1,2.6,2,0
T018986,123.91,23,1,0,0,6.6,2,0
T018987,16.15,12,0,0,0,3.4,3,0
T018988,19.91,21,0,0,0,10.7,3,0
T018989,41.96,3,0,0,0,12.5,6,0
T018990,568.48,9,1,0,0,59.8,0,0
T018991,11.55,12,1,0,1,15.0,1,0
T018992,10.77,23,1,0,0,6.0,1,0
T018993,57.03,20,0,1,0,3.4,3,0
T018994,29.63,1,1,0,0,22.4,5,0
T018995,39.17,20,1,0,0,51.4,2,0
T018996,13.29,16,0,0,0,102.5,2,0
T018997,32.57,16,0,0,0,1.0,1,0
T018998,50.71,20,0,0,0,0.6,4,0
T018999,62.97,13,1,0,0,7.8,0,0
T019000,25.79,7,0,1,0,60.8,3,0
T019001,20.46,13,0,0,0,8.3,5,0
T019002,47.74,1,1,0,0,34.8,1,0
T019003,166.52,18,1,0,0,34.2,5,0
T019004,23.12,5,0,0,0,1.7,0,0
T019005,6.27,19,0,0,0,12.9,3,0
T019006,23.18,18,1,0,0,9.4,1,0
T019007,7.05,5,0,0,0,5.2,1,0
T019008,114.18,1,1,0,0,19.4,1,0
T019009,43.2,2,0,0,0,5.6,0,0
T019010,12.84,20,0,0,0,4.2,2,0
T019011,20.97,11,0,0,0,29.7,2,0
T019012,22.13,18,1,0,1,6.6,1,0
T019013,34.71,11,1,0,1,0.1,1,0
T019014,425.56,20,1,0,0,12.5,3,0
T019015,38.77,4,1,0,0,14.6,2,0
T019016,35.88,17,0,0,0,36.7,3,0
T019017,4.95,23,1,0,0,14.6,4,0
T019018,48.32,0,1,0,1,18.8,0,0
T019019,84.53,9,1,0,1,2.7,0,0
T019020,61.58,8,0,0,0,2.0,1,0
T019021,21.56,12,0,0,0,3.3,1,0
T019022,108.84,11,0,0,0,17.5,1,0
T019023,6.3,13,0,0,0,11.3,1,0
T019024,178.41,18,0,0,0,16.7,2,0
T019025,50.96,2,0,0,0,3.1,4,0
T019026,10.5,21,0,0,0,28.1,2,0
T019027,25.43,2,1,0,0,18.5,3,0
T019028,31.06,21,1,0,0,14.9,2,0
T019029,6.49,18,0,0,0,5.0,1,0
T019030,65.54,5,1,0,0,0.4,0,0
T019031,174.05,13,0,0,0,4.2,1,0
T019032,171.68,10,0,1,0,19.4,2,0
T019033,33.16,12,0,0,1,9.4,2,0
T019034,8.68,19,1,0,0,37.3,3,0
T019035,17.3,14,1,0,0,25.2,3,0
T019036,66.04,0,0,0,0,17.7,4,0
T019037,43.68,8,1,1,0,14.9,1,0
T019038,12.44,18,1,0,0,24.7,0,0
T019039,16.79,3,1,0,0,19.3,0,0
T019040,69.95,12,0,0,0,20.7,2,0
T019041,69.89,13,0,0,1,6.0,5,0
T019042,2.59,2,1,0,0,21.8,0,0
T019043,91.36,5,0,0,0,4.1,5,0
T019044,15.58,13,0,0,0,26.9,2,0
T019045,12.28,7,1,0,0,14.4,3,0
T019046,41.59,15,1,0,0,11.5,2,0
T019047,41.57,9,1,0,0,20.3,2,0
T019048,24.96,1,1,0,0,15.6,5,0
T019049,33.57,8,0,0,0,24.4,2,0
T019050,51.02,20,0,0,1,24.6,2,0
T019051,11.71,19,1,0,0,18.4,3,0
T019052,38.34,8,1,0,0,25.5,1,0
T019053,88.74,17,0,0,1,0.6,2,0
T019054,32.4,11,1,0,0,2.2,2,0
T019055,6.17,0,0,0,0,1.3,2,0
T019056,15.2,20,1,0,1,18.0,3,0
T019057,91.66,10,0,0,0,26.0,2,0
T019058,16.18,0,1,0,1,5.5,4,0
T019059,4.49,13,0,0,1,6.6,0,0
T019060,48.0,5,1,0,0,101.8,1,0
T019061,82.48,20,1,0,0,14.8,4,0
T019062,30.28,17,0,0,0,19.7,3,0
T019063,77.87,18,0,0,0,19.1,4,0
T019064,240.93,15,1,0,0,7.5,3,0
T019065,36.66,6,1,1,0,16.6,0,0
T019066,5.99,23,0,0,1,9.8,3,0
T019067,34.69,5,0,0,0,2.6,2,0
T019068,26.02,1,1,0,0,19.2,0,0
T019069,29.85,8,0,0,1,0.7,1,0
T019070,28.58,3,0,0,0,14.5,4,0
T019071,21.98,16,0,0,1,27.2,1,0
T019072,14.11,23,0,0,0,48.1,5,0
T019073,138.06,18,1,0,0,0.5,1,0
T019074,13.11,16,1,0,0,33.5,0,0
T019075,55.57,12,1,0,0,7.0,2,0
T019076,62.91,11,0,0,1,19.9,1,0
T019077,105.49,8,0,0,0,12.8,1,0
T019078,48.56,2,1,0,0,74.2,1,0
T019079,60.11,6,0,0,0,7.7,4,0
T019080,13.31,9,0,0,0,16.0,3,0
T019081,37.09,16,1,0,0,4.8,2,0
T019082,29.86,8,1,1,0,13.7,3,0
T019083,72.91,16,1,0,0,1.4,2,0
T019084,46.24,7,0,0,0,2.9,3,0
T019085,77.74,21,0,0,0,8.3,3,0
T019086,40.68,10,1,0,0,10.4,3,0
T019087,31.08,13,0,0,0,7.9,1,0
T019088,100.74,6,1,0,1,20.9,2,0
T019089,48.45,5,1,0,0,9.7,2,0
T019090,52.02,9,1,0,1,12.0,1,0
T019091,7.61,7,0,0,1,11.9,1,0
T019092,88.79,5,0,0,0,5.4,6,0
T019093,133.84,17,0,0,0,35.4,2,0
T019094,21.71,3,1,0,0,11.8,1,0
T019095,2.27,6,0,0,0,6.1,3,0
T019096,76.98,9,1,0,0,30.5,1,0
T019097,46.1,10,0,0,0,48.4,3,0
T019098,92.72,23,1,0,0,37.5,4,0
T019099,35.86,15,1,1,0,15.4,3,0
T019100,28.28,15,0,0,0,9.5,0,0
T019101,126.95,16,0,0,0,11.6,3,0
T019102,10.87,11,1,0,0,18.5,1,0
T019103,59.09,12,0,0,0,21.9,2,0
T019104,85.61,23,1,0,0,14.7,0,0
T019105,19.16,23,0,0,0,3.4,3,0
T019106,22.46,5,0,0,0,48.4,8,0
T019107,10.23,16,1,0,0,15.2,0,0
T019108,111.52,9,0,1,0,25.4,1,0
T019109,92.49,7,0,0,0,23.0,1,0
T019110,117.29,18,1,0,1,4.1,2,0
T019111,141.78,8,0,0,1,3.3,2,0
T019112,12.18,18,1,0,1,13.0,1,0
T019113,158.67,15,0,0,0,1.1,1,0
T019114,38.3,5,1,0,0,27.9,0,0
T019115,13.37,18,0,0,0,28.1,3,0
T019116,84.27,3,0,0,0,6.7,0,0
T019117,18.99,7,0,0,0,1.8,4,0
T019118,143.17,11,1,0,0,11.9,2,0
T019119,14.51,3,1,0,1,53.4,1,0
T019120,87.42,23,1,0,0,17.7,4,0
T019121,54.41,10,1,0,0,2.0,2,0
T019122,11.07,10,1,0,1,5.8,3,0
T019123,237.1,17,1,0,0,6.1,2,0
T019124,11.97,7,0,0,0,7.0,1,0
T019125,81.52,10,1,0,1,7.2,0,0
T019126,43.0,13,1,0,0,10.2,3,0
T019127,80.11,10,1,0,1,4.3,0,0
T019128,14.43,23,1,0,0,2.6,3,0
T019129,15.97,3,0,0,1,36.8,0,0
T019130,40.4,6,0,0,0,15.5,3,0
T019131,128.1,18,0,0,0,20.3,2,0
T019132,28.14,11,0,0,1,3.0,2,0
T019133,309.0,1,0,0,0,2.4,1,0
T019134,38.32,9,0,0,0,8.8,3,0
T019135,74.34,17,1,0,0,23.8,1,0
T019136,44.71,20,1,0,0,38.6,1,0
T019137,69.38,11,0,0,0,7.4,2,0
T019138,98.43,10,1,0,0,7.0,3,0
T019139,127.33,22,1,1,0,46.4,5,0
T019140,24.92,2,0,0,0,12.7,4,0
T019141,77.8,22,1,0,1,22.1,3,0
T019142,6.5,7,0,0,1,21.7,1,0
T019143,77.92,23,1,0,0,12.7,0,0
T019144,98.89,7,1,0,0,33.5,2,1
T019145,45.83,0,0,0,0,38.5,1,0
T019146,36.0,23,0,0,0,3.9,1,0
T019147,10.75,5,0,0,0,13.8,1,0
T019148,44.38,4,0,0,0,0.2,2,0
T019149,24.77,13,1,0,1,14.3,5,0
T019150,9.21,2,1,0,0,19.1,2,0
T019151,29.49,16,0,0,0,19.3,1,0
T019152,46.16,22,1,0,0,0.1,2,0
T019153,43.78,19,1,0,1,14.0,0,0
T019154,40.58,5,1,0,0,7.6,1,0
T019155,17.4,12,1,0,0,14.1,3,0
T019156,13.25,0,1,0,0,1.6,1,0
T019157,168.51,16,0,1,0,9.0,2,0
T019158,204.69,22,1,0,0,25.6,1,0
T019159,3.98,1,1,0,0,16.2,1,0
T019160,26.79,14,1,0,0,36.4,0,0
T019161,5.76,1,0,0,0,46.5,0,0
T019162,15.04,23,1,1,0,18.4,2,0
T019163,107.05,4,0,0,0,13.9,2,0
T019164,32.9,6,0,0,0,27.1,2,0
T019165,99.89,8,0,0,0,14.4,2,0
T019166,118.51,14,1,0,0,1.3,2,0
T019167,14.74,15,1,0,0,4.6,1,0
T019168,128.63,15,0,0,0,28.9,2,0
T019169,14.36,21,0,0,0,29.9,3,0
T019170,25.24,14,0,0,0,53.5,2,0
T019171,36.51,14,1,0,0,8.5,0,0
T019172,16.49,9,0,0,1,18.5,3,0
T019173,36.31,7,0,0,0,8.1,2,0
T019174,16.51,6,1,0,1,4.9,4,0
T019175,34.01,7,0,0,0,8.2,3,0
T019176,20.31,6,1,0,0,3.8,2,0
T019177,54.49,10,1,0,0,30.9,6,0
T019178,13.35,21,0,0,0,19.5,1,0
T019179,12.42,8,0,0,0,5.4,0,0
T019180,45.99,12,0,0,0,8.3,1,0
T019181,132.18,10,0,0,0,13.0,2,0
T019182,47.19,1,0,0,1,26.5,2,0
T019183,40.05,14,1,0,1,10.2,3,0
T019184,22.74,15,0,0,0,9.3,2,0
T019185,64.29,5,1,0,0,52.5,3,0
T019186,21.45,10,1,1,1,14.1,5,0
T019187,48.33,16,0,0,1,15.5,2,0
T019188,175.69,14,1,0,0,4.4,2,0
T019189,46.77,8,1,0,0,19.6,5,0
T019190,80.37,8,1,0,0,46.3,5,0
T019191,20.36,2,1,0,0,3.2,1,0
T019192,9.16,0,0,0,0,73.1,2,0
T019193,12.01,11,0,0,1,3.6,1,0
T019194,39.05,5,0,0,0,3.4,2,0
T019195,118.88,20,0,0,0,1.0,1,0
T019196,6.49,3,1,0,0,44.0,2,0
T019197,31.65,4,1,0,1,7.2,2,0
T019198,22.43,18,1,0,1,76.5,1,0
T019199,144.43,12,0,0,0,11.0,0,0
T019200,79.99,21,0,0,0,3.1,2,0
T019201,36.29,18,1,0,0,16.7,5,0
T019202,130.52,1,0,0,0,19.7,4,0
T019203,54.67,13,1,0,0,10.4,1,0
T019204,27.6,16,0,0,0,53.7,4,0
T019205,44.35,12,1,0,1,4.9,3,0
T019206,58.18,20,0,0,0,4.6,0,0
T019207,9.22,4,0,0,0,21.2,6,0
T019208,23.89,15,0,0,0,11.3,1,0
T019209,4.14,11,1,0,0,10.9,4,0
T019210,229.6,2,0,0,0,23.0,0,0
T019211,17.11,18,0,0,0,10.9,2,0
T019212,58.36,13,0,0,0,1.3,4,0
T019213,28.14,13,0,0,0,10.7,0,0
T019214,37.62,23,1,0,0,16.3,2,0
T019215,141.18,13,0,0,1,6.8,4,0
T019216,40.49,18,0,0,0,33.0,1,0
T019217,4.4,15,0,1,0,24.2,4,0
T019218,10.98,20,1,0,0,10.9,2,0
T019219,116.28,19,0,0,0,16.8,2,0
T019220,65.02,12,0,0,1,31.0,4,0
T019221,22.9,9,1,0,1,5.5,3,0
T019222,23.11,3,0,0,0,14.9,1,0
T019223,105.45,3,0,0,0,2.3,2,0
T019224,46.24,19,1,0,0,18.2,1,0
T019225,69.66,3,0,0,1,8.7,1,0
T019226,271.21,21,1,0,0,46.6,2,0
T019227,98.24,13,1,0,0,15.6,3,0
T019228,48.34,1,1,0,0,7.9,1,0
T019229,54.85,22,1,0,1,16.6,1,0
T019230,84.68,22,0,1,1,5.0,1,0
T019231,35.0,20,0,0,0,26.7,2,0
T019232,130.33,14,0,0,0,67.1,2,0
T019233,23.55,13,0,0,0,15.3,3,0
T019234,49.56,5,1,0,0,6.6,0,0
T019235,6.84,20,0,0,0,30.9,1,0
T019236,15.68,1,1,0,0,5.2,1,0
T019237,7.17,22,0,0,1,3.2,2,0
T019238,43.84,22,1,0,0,41.2,9,0
T019239,66.32,16,0,1,1,11.8,3,0
T019240,64.83,17,0,0,1,8.2,2,0
T019241,11.25,11,0,1,0,0.9,1,0
T019242,10.16,10,0,0,0,36.0,1,0
T019243,15.14,17,0,1,0,32.1,1,0
T019244,22.29,15,0,0,0,19.7,2,0
T019245,18.32,14,1,0,0,22.1,2,0
T019246,19.26,20,1,0,1,3.6,5,0
T019247,18.09,17,0,0,0,32.8,2,0
T019248,28.9,15,1,0,0,4.3,0,0
T019249,87.01,17,0,0,0,6.4,0,0
T019250,54.19,16,0,0,0,3.0,3,0
T019251,95.34,9,0,0,1,39.4,1,0
T019252,35.41,12,0,0,0,6.7,1,0
T019253,6.67,10,0,0,0,8.0,0,0
T019254,10.86,0,0,0,1,8.1,4,0
T019255,68.52,22,0,0,0,9.0,1,0
T019256,9.07,15,0,0,0,11.7,3,0
T019257,19.28,12,0,0,0,3.3,1,0
T019258,157.61,16,0,0,0,6.0,2,0
T019259,16.15,1,0,0,0,16.2,4,0
T019260,3.85,3,1,0,0,13.2,3,0
T019261,64.26,2,0,0,0,4.6,2,0
T019262,7.34,4,0,0,0,29.8,2,0
T019263,403.04,20,0,0,0,36.8,2,0
T019264,24.49,16,1,0,0,52.3,1,0
T019265,109.85,15,0,0,0,16.0,3,0
T019266,13.35,20,1,0,0,1.8,1,0
T019267,22.87,23,0,0,1,8.7,4,0
T019268,42.33,20,1,0,0,3.3,1,0
T019269,12.0,3,0,0,1,13.3,4,0
T019270,65.46,19,1,0,0,2.1,3,0
T019271,42.61,0,0,0,0,6.8,2,0
T019272,23.58,21,1,0,0,15.2,1,0
T019273,42.6,6,1,0,0,5.1,0,0
T019274,13.0,18,0,0,0,28.2,4,0
T019275,97.14,16,1,0,0,29.1,2,0
T019276,42.93,3,0,0,0,3.9,1,0
T019277,86.25,13,0,0,0,6.9,2,0
T019278,32.07,10,1,0,0,20.2,1,0
T019279,90.3,4,0,0,1,0.7,1,0
T019280,66.41,4,1,0,0,39.3,4,0
T019281,43.55,22,1,0,0,17.1,1,0
T019282,18.89,9,1,0,0,10.5,3,0
T019283,73.95,10,0,0,1,22.5,1,0
T019284,20.34,8,0,0,0,41.2,3,0
T019285,203.0,21,1,0,0,32.1,5,0
T019286,27.13,9,0,0,0,2.9,2,0
T019287,98.27,13,1,0,0,5.0,1,0
T019288,22.94,12,0,0,1,10.7,2,0
T019289,24.07,10,1,0,0,7.6,5,0
T019290,25.86,7,0,0,0,5.5,4,0
T019291,74.7,14,0,0,1,0.8,3,0
T019292,55.18,23,1,0,0,37.3,3,0
T019293,40.65,14,0,0,0,4.4,1,0
T019294,85.86,20,0,0,0,5.7,4,0
T019295,2.47,3,0,0,1,33.8,4,0
T019296,11.08,6,1,0,1,14.1,3,0
T019297,42.76,12,0,0,0,7.1,1,0
T019298,137.06,8,1,0,1,0.2,2,0
T019299,152.42,10,0,0,0,21.0,0,0
T019300,11.28,13,0,0,1,48.4,2,0
T019301,28.58,7,0,0,0,15.2,1,0
T019302,48.12,20,0,0,1,16.7,0,0
T019303,61.27,4,0,0,0,2.0,2,0
T019304,42.41,9,0,0,0,17.8,1,0
T019305,46.28,12,1,0,1,24.3,3,0
T019306,78.2,18,0,0,0,9.7,3,0
T019307,70.71,17,0,0,0,4.2,2,0
T019308,26.53,6,0,0,0,11.3,2,0
T019309,5.72,19,1,0,0,25.7,0,0
T019310,27.33,13,1,1,1,20.3,2,0
T019311,73.31,4,1,0,0,14.0,2,0
T019312,713.4,21,0,0,0,6.0,2,0
T019313,23.66,22,0,0,0,50.2,2,0
T019314,28.5,19,1,0,1,21.1,3,0
T019315,175.5,7,0,0,0,10.2,0,0
T019316,19.6,22,1,0,0,9.9,3,0
T019317,233.34,20,1,1,0,39.4,2,0
T019318,20.43,8,1,1,0,42.2,1,0
T019319,29.22,16,1,0,0,1.5,6,0
T019320,60.2,15,0,0,0,6.9,3,0
T019321,23.41,8,1,0,0,32.3,0,0
T019322,30.62,1,1,1,0,43.4,3,0
T019323,114.61,13,0,0,0,2.3,3,0
T019324,6.27,7,1,0,0,9.8,1,0
T019325,145.17,16,1,0,1,10.2,4,0
T019326,118.98,21,1,0,0,3.4,4,0
T019327,10.75,19,0,0,0,25.2,3,0
T019328,105.39,11,1,0,0,12.6,1,0
T019329,52.25,12,0,0,0,5.3,2,0
T019330,50.42,22,1,1,1,4.2,2,0
T019331,51.58,4,0,0,0,21.5,1,0
T019332,66.47,2,1,0,0,7.3,0,0
T019333,34.13,9,1,0,0,36.0,1,0
T019334,146.04,11,0,0,0,18.8,5,0
T019335,18.99,7,0,0,1,44.8,2,0
T019336,41.81,15,0,0,1,9.7,1,0
T019337,32.28,5,1,0,0,3.7,6,0
T019338,33.05,20,1,0,1,9.5,3,0
T019339,35.41,9,1,0,0,57.2,4,0
T019340,30.68,23,1,0,0,4.5,1,0
T019341,96.22,4,0,0,1,10.9,4,0
T019342,52.03,12,0,0,1,7.9,1,0
T019343,45.1,17,0,1,0,2.7,4,0
T019344,13.56,19,0,0,1,37.6,4,0
T019345,41.48,3,0,0,0,21.5,1,0
T019346,12.81,1,1,0,0,66.3,3,0
T019347,41.72,5,0,0,1,16.1,3,0
T019348,13.76,16,0,0,0,33.8,5,0
T019349,57.26,10,0,0,0,28.0,7,0
T019350,2.94,6,0,0,0,21.4,1,0
T019351,133.57,22,0,0,0,13.7,1,0
T019352,152.78,9,0,0,0,45.2,4,0
T019353,32.01,10,1,0,1,30.0,5,0
T019354,174.12,3,0,0,0,2.6,2,0
T019355,28.03,13,1,0,0,5.1,1,0
T019356,18.67,21,1,0,0,1.0,4,0
T019357,28.92,7,1,0,1,22.2,6,0
T019358,11.7,0,1,0,0,50.6,3,0
T019359,335.92,14,0,0,1,6.8,1,0
T019360,105.19,19,0,0,1,31.8,2,0
T019361,42.56,3,1,0,0,11.7,3,0
T019362,41.09,13,1,1,0,4.7,1,0
T019363,17.51,1,0,0,1,30.4,2,0
T019364,73.11,10,1,0,1,11.1,2,0
T019365,37.71,17,1,0,0,36.1,1,0
T019366,54.47,9,1,0,0,57.7,5,0
T019367,68.12,10,0,0,0,17.5,1,0
T019368,14.75,12,0,0,0,23.8,2,0
T019369,459.67,3,0,0,1,1.8,2,0
T019370,26.14,3,0,0,0,15.6,2,0
T019371,54.85,19,0,1,0,1.2,4,0
T019372,103.42,13,0,0,1,20.9,3,0
T019373,11.37,18,1,0,0,1.8,3,0
T019374,13.21,19,1,0,1,3.3,2,0
T019375,467.29,8,0,0,1,26.2,0,0
T019376,26.83,15,0,0,1,80.1,1,0
T019377,60.79,9,1,0,1,22.9,1,0
T019378,29.33,1,0,0,0,14.2,1,0
T019379,20.5,16,0,0,0,17.1,3,0
T019380,12.04,23,0,0,1,0.8,1,0
T019381,12.16,20,0,0,0,14.1,2,0
T019382,123.76,2,0,0,0,26.0,2,0
T019383,45.05,20,1,0,0,18.0,3,0
T019384,161.91,20,1,0,0,3.2,0,0
T019385,47.0,19,1,0,0,21.4,0,0
T019386,10.91,3,1,0,0,45.4,2,0
T019387,33.36,23,1,0,0,29.6,3,0
T019388,14.07,20,1,0,0,2.5,0,0
T019389,63.88,9,1,0,1,7.2,1,0
T019390,24.76,15,1,0,1,9.8,2,0
T019391,16.46,6,1,0,0,5.0,1,0
T019392,10.37,0,1,0,0,3.4,0,0
T019393,6.31,2,0,0,1,34.0,2,0
T019394,34.05,1,1,0,0,13.4,2,0
T019395,28.67,22,1,0,0,10.2,3,0
T019396,352.74,12,0,0,0,8.9,3,0
T019397,20.64,3,1,0,1,24.1,2,0
T019398,25.65,23,0,0,1,3.7,1,0
T019399,13.1,18,0,0,0,3.2,2,0
T019400,16.69,3,1,0,0,12.3,6,0
T019401,18.42,2,0,0,0,10.4,3,0
T019402,2.62,14,0,0,1,9.4,2,0
T019403,27.45,23,0,0,1,7.3,4,0
T019404,187.33,2,0,0,0,7.1,3,0
T019405,116.1,6,1,0,0,10.0,1,0
T019406,50.29,19,1,0,0,8.1,3,0
T019407,20.44,12,1,0,0,0.4,1,0
T019408,43.31,8,1,0,0,5.8,4,0
T019409,6.54,13,0,0,0,52.1,0,0
T019410,15.22,8,1,0,0,11.4,1,0
T019411,78.48,18,0,0,1,36.0,0,0
T019412,41.7,23,1,0,1,9.4,2,0
T019413,756.65,19,0,0,0,27.9,1,0
T019414,18.76,12,1,0,0,44.6,5,0
T019415,196.39,7,1,0,0,13.4,1,0
T019416,17.74,3,0,0,0,31.1,1,0
T019417,21.86,13,1,0,0,5.7,4,0
T019418,88.97,3,1,0,0,33.9,2,0
T019419,45.59,2,1,0,0,85.6,1,0
T019420,61.25,20,1,1,0,13.1,1,0
T019421,56.3,15,0,0,1,21.2,3,0
T019422,38.07,14,1,0,0,11.3,4,0
T019423,65.6,18,0,0,0,21.4,3,0
T019424,35.41,2,1,0,0,4.3,0,0
T019425,12.6,10,1,1,0,8.0,3,0
T019426,71.26,9,0,0,0,20.1,5,0
T019427,105.71,18,0,0,0,4.1,1,0
T019428,7.35,7,0,0,1,10.7,1,0
T019429,19.21,19,1,0,0,10.2,1,0
T019430,9.86,14,1,0,0,18.2,3,0
T019431,107.89,12,1,0,1,5.9,2,0
T019432,53.78,18,0,0,0,1.9,2,0
T019433,8.54,5,1,0,0,5.3,2,0
T019434,53.18,9,0,0,1,17.5,3,0
T019435,372.53,18,0,0,0,32.0,3,0
T019436,126.95,18,1,0,0,17.0,2,0
T019437,58.2,13,0,0,0,40.4,1,0
T019438,34.92,15,1,0,0,13.3,1,0
T019439,46.66,20,0,0,0,19.3,4,0
T019440,74.92,23,1,0,0,18.9,4,0
T019441,78.69,0,0,0,0,6.7,0,0
T019442,48.38,22,1,0,0,6.0,0,0
T019443,7.44,6,0,0,0,0.7,2,0
T019444,30.64,14,1,0,1,29.7,3,0
T019445,40.68,3,1,0,0,64.0,2,0
T019446,6.24,14,0,0,0,7.5,1,0
T019447,55.47,9,0,0,0,16.2,3,0
T019448,62.9,11,1,0,1,81.1,2,0
T019449,32.27,11,1,0,1,4.3,3,0
T019450,60.86,14,0,0,0,17.2,3,0
T019451,40.93,21,0,0,0,16.3,1,0
T019452,56.16,6,0,0,0,18.6,3,0
T019453,32.32,10,0,0,0,4.3,0,0
T019454,23.49,2,1,0,0,10.3,4,0
T019455,39.5,7,1,0,0,18.9,2,0
T019456,25.15,4,0,0,0,40.1,0,0
T019457,94.17,5,0,0,0,21.2,4,0
T019458,53.69,11,0,0,0,0.9,2,0
T019459,11.65,0,1,0,1,60.3,3,1
T019460,5.31,14,1,0,0,4.9,3,0
T019461,39.0,21,1,0,0,7.6,2,0
T019462,40.55,16,1,0,0,59.8,1,0
T019463,78.53,3,0,0,0,13.8,4,0
T019464,58.04,16,0,0,0,5.9,4,0
T019465,150.21,9,0,0,0,8.4,3,0
T019466,153.26,11,1,1,0,21.3,0,0
T019467,18.82,8,1,0,0,25.8,4,0
T019468,68.82,20,1,0,0,13.0,3,0
T019469,75.09,12,1,0,0,9.4,1,0
T019470,49.67,20,0,0,0,27.1,7,0
T019471,263.99,5,0,0,0,18.7,2,0
T019472,48.32,22,0,0,0,7.4,2,0
T019473,137.45,10,0,0,0,13.8,1,0
T019474,51.91,3,1,0,0,17.2,0,0
T019475,140.09,1,1,0,0,5.1,2,0
T019476,31.32,5,1,0,0,4.9,3,0
T019477,13.41,17,0,0,0,16.2,1,0
T019478,46.13,1,1,0,0,1.2,2,0
T019479,22.75,12,0,0,0,9.3,2,0
T019480,18.36,9,0,0,0,2.7,4,0
T019481,117.93,16,0,0,1,26.5,2,0
T019482,17.5,7,1,0,0,13.9,3,0
T019483,18.27,3,0,0,1,31.4,3,0
T019484,37.05,18,0,0,0,17.1,4,0
T019485,50.34,17,0,0,0,27.8,4,0
T019486,16.32,5,1,0,0,19.5,4,0
T019487,17.09,3,0,0,0,10.0,4,0
T019488,14.17,12,1,0,0,12.1,1,0
T019489,39.64,0,0,0,0,9.0,2,0
T019490,21.92,22,1,0,0,1.0,3,0
T019491,79.86,12,0,0,1,8.3,4,0
T019492,32.59,0,1,0,0,32.2,2,0
T019493,56.37,18,1,0,0,2.3,3,0
T019494,62.49,8,0,0,1,9.4,1,0
T019495,18.92,18,1,0,0,12.5,1,0
T019496,95.86,13,0,0,1,18.5,0,0
T019497,36.73,6,1,1,0,12.9,1,0
T019498,16.26,1,1,0,0,10.6,2,0
T019499,31.06,15,1,0,1,9.1,1,0
T019500,20.18,15,1,0,0,20.8,3,0
T019501,23.62,2,0,0,0,37.7,3,0
T019502,27.72,9,0,0,0,34.8,3,0
T019503,41.63,22,0,0,0,26.3,3,0
T019504,42.3,6,1,0,0,12.0,1,0
T019505,16.66,21,0,0,0,0.9,2,0
T019506,7.45,21,0,0,0,9.2,3,0
T019507,109.71,19,0,0,0,5.2,0,0
T019508,19.76,0,0,0,0,8.1,1,0
T019509,76.78,16,0,0,0,32.3,2,0
T019510,74.86,19,0,0,1,3.7,3,0
T019511,19.04,2,0,0,0,0.4,3,0
T019512,12.05,2,0,0,0,6.6,5,0
T019513,58.12,18,0,0,0,21.4,3,0
T019514,93.02,2,1,0,0,4.4,0,0
T019515,40.32,1,0,0,0,5.4,3,0
T019516,149.77,9,1,0,0,15.6,3,0
T019517,24.31,21,0,1,0,3.8,0,0
T019518,79.15,7,0,0,1,35.0,3,0
T019519,114.83,7,1,0,0,1.8,2,0
T019520,279.34,9,1,0,0,35.6,2,0
T019521,25.01,14,0,0,0,10.1,2,0
T019522,31.93,13,0,1,1,57.6,0,0
T019523,117.04,0,1,0,0,10.1,1,0
T019524,39.92,19,0,0,0,0.4,2,0
T019525,25.02,16,0,1,0,19.4,3,0
T019526,28.3,3,0,1,0,29.8,2,0
T019527,67.55,15,1,1,0,6.4,0,0
T019528,236.48,23,0,0,0,3.3,0,0
T019529,17.18,0,1,0,0,30.6,3,0
T019530,10.4,15,0,0,0,3.4,4,0
T019531,84.04,14,0,0,1,12.0,2,0
T019532,73.67,22,0,0,0,6.8,4,0
T019533,67.03,7,1,0,0,14.8,1,0
T019534,109.42,10,1,1,0,2.9,2,0
T019535,8.83,18,0,0,0,56.1,2,0
T019536,26.41,13,1,0,0,15.5,1,0
T019537,10.34,19,1,0,0,9.1,4,0
T019538,31.77,18,1,1,0,5.8,1,0
T019539,114.44,7,1,0,0,13.0,5,0
T019540,54.74,7,0,0,0,52.4,2,0
T019541,7.3,21,1,0,0,27.4,2,0
T019542,12.12,16,1,0,0,35.1,2,0
T019543,180.08,14,0,0,0,27.0,7,0
T019544,30.01,15,0,0,0,1.2,2,0
T019545,105.63,11,1,0,1,6.0,5,0
T019546,27.32,8,0,0,0,14.6,1,0
T019547,13.95,2,1,0,0,45.2,3,0
T019548,18.79,0,0,1,0,22.9,4,0
T019549,24.1,3,1,0,0,4.7,5,0
T019550,64.56,6,0,0,0,6.5,0,0
T019551,331.58,3,0,1,0,23.5,4,0
T019552,130.2,12,0,0,0,34.9,6,0
T019553,20.92,10,1,1,0,14.3,1,0
T019554,26.13,3,0,0,1,26.4,2,0
T019555,13.12,23,1,0,0,74.9,5,0
T019556,77.29,1,1,0,0,18.8,3,0
T019557,121.4,21,1,0,0,19.8,2,0
T019558,57.08,22,1,0,0,22.6,0,0
T019559,47.36,20,0,0,0,10.7,1,0
T019560,78.76,13,0,1,1,18.6,3,0
T019561,31.27,14,1,0,0,28.1,0,0
T019562,6.91,14,0,0,0,14.0,4,0
T019563,8.8,4,0,0,1,30.5,4,0
T019564,9.42,8,1,0,0,41.0,1,0
T019565,92.08,21,0,0,0,3.9,4,0
T019566,4.65,19,1,0,0,19.0,2,0
T019567,45.42,6,0,0,0,9.5,2,0
T019568,25.61,3,1,1,1,22.3,2,0
T019569,52.19,22,1,0,1,1.0,3,0
T019570,80.18,8,1,0,0,30.2,1,0
T019571,23.55,12,0,0,0,15.3,1,0
T019572,47.98,8,0,0,0,3.8,3,0
T019573,28.26,7,1,0,0,2.5,2,0
T019574,35.28,1,0,0,1,25.1,5,0
T019575,15.89,16,1,0,0,104.7,2,0
T019576,135.01,22,1,0,1,18.9,4,0
T019577,7.63,15,1,0,1,12.3,3,0
T019578,70.03,5,0,0,0,12.3,0,0
T019579,38.58,3,1,0,0,7.2,2,0
T019580,120.26,7,0,0,1,5.2,4,0
T019581,31.17,22,0,0,0,38.5,1,0
T019582,19.7,23,0,0,1,14.3,1,0
T019583,13.45,22,0,0,0,18.0,1,0
T019584,47.8,17,0,0,0,23.9,3,0
T019585,50.97,10,0,0,0,11.8,0,0
T019586,28.05,5,1,0,0,15.9,2,0
T019587,4.17,5,0,0,0,6.2,3,0
T019588,38.02,16,0,0,0,9.4,1,0
T019589,73.99,7,1,0,0,26.2,2,0
T019590,14.83,11,0,0,0,7.9,1,0
T019591,61.24,15,0,0,0,30.4,5,0
T019592,69.36,9,1,0,0,13.5,1,0
T019593,9.29,4,1,0,1,45.1,1,0
T019594,7.86,22,1,0,0,23.2,1,0
T019595,256.81,16,0,0,0,10.1,5,0
T019596,28.04,22,1,0,1,8.3,2,0
T019597,85.05,2,1,0,0,22.6,1,0
T019598,115.76,6,0,0,0,11.4,2,0
T019599,32.8,16,0,0,0,33.6,3,0
T019600,44.33,18,0,0,0,83.6,1,0
T019601,121.31,15,0,0,0,2.6,3,0
T019602,34.81,1,0,0,1,22.3,1,0
T019603,14.33,14,1,0,0,40.1,3,0
T019604,49.86,13,1,0,0,20.4,1,0
T019605,37.86,0,0,0,0,4.4,3,0
T019606,60.25,18,0,0,1,2.4,4,0
T019607,13.81,20,1,0,0,14.4,1,0
T019608,57.9,22,1,0,0,9.4,0,0
T019609,125.14,15,1,0,1,26.2,4,0
T019610,41.82,23,0,0,0,31.4,2,0
T019611,242.8,21,0,0,0,43.3,3,0
T019612,30.21,6,0,0,0,15.3,1,0
T019613,30.77,5,1,0,0,6.2,3,0
T019614,23.47,13,0,0,0,22.7,1,0
T019615,37.54,4,0,0,0,25.2,3,0
T019616,34.74,7,0,0,0,38.4,2,0
T019617,13.17,8,1,0,1,3.5,3,0
T019618,16.71,4,1,0,0,5.4,1,0
T019619,41.82,9,1,0,0,57.9,4,0
T019620,87.53,4,1,1,0,26.1,5,0
T019621,53.87,3,0,0,0,24.9,2,0
T019622,4.1,1,0,0,0,23.3,5,0
T019623,29.35,10,0,0,0,54.1,1,0
T019624,82.86,12,0,0,0,40.9,5,0
T019625,34.6,12,0,0,0,5.6,3,0
T019626,23.13,12,1,1,1,23.8,3,0
T019627,135.14,16,1,0,1,29.4,4,0
T019628,14.88,23,0,0,0,2.7,4,0
T019629,18.03,17,0,0,0,1.2,0,0
T019630,11.36,1,1,0,1,12.9,2,0
T019631,40.87,12,0,0,0,19.7,5,0
T019632,116.53,13,1,0,0,2.4,3,0
T019633,16.48,16,1,0,0,42.3,1,0
T019634,74.86,2,0,0,0,14.3,5,0
T019635,9.71,23,0,0,1,11.4,1,0
T019636,6.0,15,1,0,1,1.3,1,0
T019637,10.48,6,0,0,0,13.9,4,0
T019638,26.59,19,0,0,0,17.8,0,0
T019639,10.79,6,0,0,0,10.3,5,0
T019640,27.05,18,0,0,0,10.8,2,0
T019641,69.49,9,1,0,0,0.9,2,0
T019642,6.51,2,0,0,0,29.0,3,0
T019643,260.82,15,1,0,0,18.0,3,0
T019644,15.54,3,1,0,0,9.7,4,0
T019645,34.82,20,1,0,0,55.2,2,0
T019646,29.71,19,1,0,0,17.5,4,0
T019647,12.17,3,0,0,0,4.0,1,0
T019648,19.32,18,0,0,0,17.1,2,0
T019649,30.54,18,0,0,1,15.7,2,0
T019650,75.81,19,0,0,0,6.4,1,0
T019651,57.77,18,0,0,0,1.0,1,0
T019652,30.23,0,1,0,0,9.0,4,0
T019653,105.28,14,1,0,0,8.2,2,0
T019654,56.22,6,1,0,0,35.5,1,0
T019655,19.68,1,0,0,0,10.9,1,0
T019656,25.77,7,1,0,0,3.8,7,0
T019657,70.94,0,0,0,0,24.5,3,0
T019658,124.39,8,0,0,0,28.2,2,0
T019659,16.03,18,1,1,0,30.1,4,0
T019660,235.25,6,1,0,0,40.1,2,0
T019661,5.57,12,0,0,0,13.4,3,0
T019662,15.76,21,0,0,0,5.9,1,0
T019663,35.21,1,0,0,1,21.5,1,0
T019664,20.18,2,0,0,0,13.9,4,0
T019665,7.03,5,0,0,0,1.5,2,0
T019666,124.64,1,1,0,0,11.5,0,0
T019667,13.51,9,0,0,1,21.4,2,0
T019668,32.85,0,1,0,0,4.4,1,0
T019669,37.2,7,0,0,0,18.2,0,0
T019670,23.65,5,0,0,0,3.5,4,0
T019671,18.6,11,0,0,0,25.6,1,0
T019672,63.78,13,1,0,0,1.6,0,0
T019673,17.12,16,0,0,0,0.2,2,0
T019674,40.07,14,1,1,0,26.8,2,0
T019675,36.9,8,1,0,0,2.9,2,0
T019676,95.4,2,1,0,0,34.2,1,0
T019677,66.99,22,1,0,0,54.8,3,0
T019678,12.15,9,1,0,0,15.5,2,0
T019679,25.56,23,1,0,1,30.7,2,0
T019680,100.39,17,1,0,0,3.7,1,0
T019681,58.81,11,1,0,1,8.3,3,0
T019682,41.62,2,1,0,1,5.8,2,0
T019683,21.33,13,1,0,0,27.4,5,0
T019684,39.19,21,0,0,0,14.0,2,0
T019685,72.37,1,1,0,0,56.4,4,0
T019686,26.18,23,1,0,0,4.1,2,0
T019687,13.35,20,0,0,0,6.2,2,0
T019688,23.47,3,0,0,0,28.2,2,0
T019689,68.85,6,0,0,0,1.6,1,0
T019690,140.99,20,0,0,0,25.3,2,0
T019691,23.33,23,1,0,0,4.1,0,0
T019692,25.97,13,1,0,0,0.6,2,0
T019693,16.05,7,1,0,0,31.4,3,0
T019694,40.0,2,1,0,0,31.6,2,1
T019695,15.68,9,0,0,0,19.2,2,0
T019696,134.46,14,1,0,0,9.8,1,0
T019697,21.73,2,0,0,0,43.2,1,1
T019698,12.48,19,0,0,0,51.6,1,0
T019699,11.83,8,1,0,0,4.0,0,0
T019700,404.6,14,0,0,0,21.6,1,0
T019701,35.11,19,0,0,0,3.4,1,0
T019702,12.6,5,1,0,0,13.5,1,0
T019703,113.25,2,1,0,1,1.8,1,0
T019704,25.93,11,0,0,0,22.4,2,0
T019705,48.45,12,1,0,1,3.0,2,0
T019706,72.48,1,0,0,0,9.6,1,0
T019707,18.06,2,1,0,0,22.9,3,0
T019708,7.99,23,0,0,1,55.5,3,0
T019709,4.12,21,0,0,1,19.4,2,0
T019710,77.61,6,1,0,0,33.6,1,0
T019711,63.26,1,1,0,0,30.3,2,0
T019712,88.34,2,1,0,0,14.7,3,0
T019713,133.57,14,0,0,0,19.8,2,0
T019714,21.44,19,0,1,1,15.8,3,0
T019715,15.38,11,1,0,0,62.1,0,0
T019716,23.01,10,1,0,0,5.5,6,0
T019717,82.04,1,1,0,0,18.1,0,0
T019718,3.58,8,0,1,0,31.4,3,0
T019719,23.01,8,0,0,0,16.2,1,0
T019720,8.45,1,0,0,0,2.7,4,0
T019721,45.86,15,1,0,0,9.5,3,0
T019722,25.07,11,0,0,1,33.5,0,0
T019723,52.82,6,1,0,0,1.5,3,0
T019724,27.41,17,0,0,1,16.8,3,0
T019725,8.56,20,0,0,0,17.6,2,0
T019726,52.38,21,1,0,0,15.3,0,0
T019727,38.4,18,0,0,0,52.7,2,0
T019728,35.73,2,1,0,1,24.0,4,0
T019729,57.16,11,0,0,0,2.4,1,0
T019730,31.61,12,1,0,0,14.9,2,0
T019731,20.52,16,1,0,1,28.1,1,0
T019732,69.19,0,1,0,0,13.1,2,0
T019733,124.6,1,0,0,0,60.4,2,0
T019734,29.74,2,0,0,0,6.4,2,0
T019735,63.17,2,1,0,0,13.3,2,0
T019736,162.82,6,1,0,0,37.2,3,0
T019737,71.98,5,0,0,0,14.8,0,0
T019738,29.88,1,1,0,0,2.4,3,0
T019739,29.89,2,0,0,0,35.1,2,0
T019740,63.45,17,0,0,0,9.3,4,0
T019741,115.0,20,0,0,0,25.4,1,0
T019742,52.2,11,1,0,1,118.9,3,0
T019743,85.64,17,1,0,1,11.7,3,0
T019744,50.65,18,1,0,0,14.3,4,0
T019745,33.23,10,1,0,0,12.5,4,1
T019746,25.78,14,0,0,1,6.0,1,0
T019747,428.6,6,1,0,0,51.4,3,0
T019748,5.93,16,0,1,0,2.6,3,0
T019749,112.94,11,0,0,0,35.1,0,0
T019750,112.76,20,1,0,1,21.1,3,0
T019751,108.66,15,0,0,0,4.9,3,0
T019752,77.2,0,0,0,0,8.5,4,0
T019753,1.99,14,0,0,0,13.9,5,0
T019754,15.49,10,0,0,1,9.3,0,0
T019755,13.77,15,0,0,0,41.1,0,0
T019756,8.06,19,0,0,1,7.2,2,0
T019757,22.25,2,0,0,0,9.5,2,0
T019758,30.47,14,1,0,0,14.9,3,0
T019759,6.4,5,0,0,0,6.9,0,0
T019760,53.32,18,0,0,0,7.0,1,0
T019761,48.96,16,1,1,1,12.1,1,0
T019762,26.64,15,0,0,0,8.2,0,0
T019763,15.82,1,1,0,0,6.3,1,0
T019764,23.79,13,1,0,0,25.9,0,0
T019765,33.19,19,0,0,0,1.4,2,0
T019766,173.37,13,1,0,0,29.3,5,0
T019767,5.48,19,0,0,0,26.4,2,0
T019768,396.72,8,0,0,0,4.7,4,0
T019769,5.11,21,0,0,0,14.5,3,0
T019770,8.43,6,0,0,0,32.9,0,0
T019771,48.12,3,1,0,0,11.1,1,0
T019772,20.76,2,0,1,1,4.0,3,0
T019773,17.28,3,1,0,0,18.3,2,0
T019774,31.7,5,0,0,0,4.7,1,0
T019775,6.19,10,0,0,0,41.3,3,0
T019776,89.67,18,1,0,0,100.1,1,0
T019777,19.09,14,1,0,0,6.2,4,0
T019778,55.38,0,1,1,0,23.7,1,0
T019779,65.17,8,0,0,0,4.1,5,0
T019780,41.62,15,0,0,0,37.3,3,0
T019781,28.46,1,1,0,0,10.9,4,0
T019782,23.02,17,0,0,0,35.9,3,0
T019783,14.04,0,1,0,1,30.7,2,0
T019784,67.27,18,1,0,0,5.4,4,0
T019785,15.01,13,0,0,0,35.0,2,0
T019786,9.6,7,0,0,0,6.8,3,0
T019787,33.68,2,0,0,1,33.6,1,0
T019788,24.66,21,0,0,0,15.4,4,0
T019789,7.49,9,0,1,1,18.2,1,0
T019790,64.25,2,0,0,1,0.5,1,0
T019791,67.33,21,0,0,1,14.2,3,1
T019792,15.13,10,1,0,0,3.4,2,0
T019793,91.1,20,0,0,0,18.8,2,0
T019794,110.38,4,1,0,0,6.2,4,0
T019795,233.05,6,0,1,0,23.5,1,0
T019796,83.52,8,0,0,0,20.3,1,0
T019797,35.41,17,0,0,0,22.0,1,0
T019798,16.8,17,0,1,1,37.9,0,0
T019799,21.87,3,1,0,1,17.6,3,0
T019800,41.14,1,0,1,0,21.1,3,0
T019801,17.09,12,1,1,0,16.4,2,0
T019802,46.48,6,1,0,0,25.1,5,0
T019803,9.33,8,1,0,0,1.2,1,0
T019804,9.13,11,1,0,0,17.5,5,0
T019805,10.66,16,1,0,1,29.8,0,0
T019806,29.04,11,0,0,0,7.0,0,0
T019807,15.35,7,1,0,0,0.6,3,0
T019808,44.97,11,0,0,0,9.1,0,0
T019809,22.25,10,1,0,0,18.1,4,0
T019810,44.14,7,0,0,0,4.1,6,0
T019811,248.05,1,0,0,0,1.6,2,0
T019812,8.79,8,0,0,0,28.8,3,0
T019813,54.13,17,1,0,0,5.6,3,0
T019814,68.3,5,1,0,0,8.2,1,0
T019815,463.25,23,1,0,0,17.7,2,0
T019816,20.29,6,0,0,0,0.4,4,0
T019817,18.46,16,0,0,0,24.0,2,0
T019818,44.06,22,1,0,0,13.9,2,0
T019819,7.57,11,0,0,0,17.8,2,0
T019820,50.67,16,1,0,0,43.2,0,0
T019821,23.43,11,0,0,0,38.3,3,0
T019822,14.68,5,1,0,0,68.1,1,0
T019823,15.16,22,1,0,0,38.3,3,0
T019824,23.01,14,1,0,1,2.6,3,0
T019825,21.01,1,0,0,0,3.9,0,0
T019826,37.74,3,1,0,0,0.9,1,0
T019827,606.65,13,1,0,0,8.3,1,0
T019828,4.71,17,0,1,0,18.6,0,0
T019829,13.78,19,0,0,0,21.6,5,0
T019830,32.72,20,0,0,0,3.7,2,0
T019831,24.02,15,0,0,1,16.4,1,1
T019832,145.36,15,1,0,0,10.8,1,0
T019833,137.14,20,0,0,0,49.6,1,0
T019834,101.28,13,0,0,0,22.4,1,0
T019835,167.9,20,1,0,1,7.2,2,0
T019836,231.46,2,0,0,0,21.6,1,0
T019837,46.61,11,1,0,0,9.7,2,0
T019838,23.13,15,1,0,1,8.8,1,0
T019839,28.1,10,1,0,0,13.8,1,0
T019840,23.99,20,1,0,0,45.2,3,0
T019841,8.1,6,0,0,0,7.1,1,0
T019842,34.33,20,0,0,0,10.0,3,0
T019843,149.76,0,0,1,0,0.8,5,0
T019844,60.79,8,0,0,0,12.9,3,0
T019845,11.29,13,1,0,0,21.4,3,0
T019846,29.34,21,0,0,0,15.2,0,0
T019847,32.91,10,1,0,1,11.7,1,0
T019848,46.94,17,1,0,0,7.5,2,0
T019849,9.0,4,0,0,0,23.3,2,0
T019850,24.51,19,0,0,1,14.1,3,0
T019851,47.96,1,1,0,0,7.5,2,0
T019852,186.7,23,1,1,0,14.2,2,0
T019853,60.61,22,0,0,0,7.4,2,0
T019854,198.94,20,0,0,0,7.3,2,0
T019855,42.65,7,0,0,0,39.7,1,0
T019856,121.16,23,1,0,1,13.8,0,0
T019857,27.07,22,0,0,0,4.0,3,0
T019858,37.04,15,1,0,0,2.8,1,0
T019859,40.12,13,0,0,0,6.7,0,0
T019860,17.42,9,0,0,1,80.1,1,0
T019861,566.19,14,1,0,1,13.5,3,0
T019862,119.71,1,1,0,0,13.9,3,0
T019863,5.6,10,0,0,1,11.9,3,0
T019864,64.6,20,0,0,0,3.7,0,0
T019865,16.04,9,0,0,1,18.5,3,0
T019866,90.79,0,0,0,0,17.4,1,0
T019867,24.76,21,0,0,1,2.8,2,0
T019868,114.22,0,0,0,1,0.8,3,0
T019869,9.04,9,0,0,1,26.7,1,0
T019870,11.5,2,1,0,0,9.4,3,0
T019871,40.05,14,1,0,0,5.2,2,0
T019872,49.19,5,0,0,0,21.2,2,0
T019873,21.11,4,0,1,0,61.3,2,0
T019874,7.82,10,1,0,0,12.0,2,0
T019875,147.93,10,0,0,0,36.5,0,0
T019876,73.42,2,0,0,0,28.4,2,0
T019877,26.16,21,1,0,0,14.4,3,0
T019878,51.9,19,1,0,0,8.7,3,0
T019879,216.28,11,1,0,0,6.9,2,0
T019880,169.17,5,0,0,1,7.4,2,0
T019881,30.96,1,1,0,0,14.0,1,1
T019882,23.99,20,0,0,0,13.9,0,0
T019883,11.19,21,0,0,1,22.9,2,0
T019884,20.89,12,0,0,0,2.3,1,0
T019885,7.7,5,1,0,0,12.3,3,0
T019886,8.64,17,1,0,0,19.4,2,0
T019887,13.53,6,0,0,0,14.5,2,0
T019888,76.06,22,1,1,1,8.3,2,0
T019889,59.92,0,0,0,0,16.7,1,0
T019890,59.09,18,1,0,0,1.3,3,0
T019891,12.08,22,1,0,0,2.2,1,0
T019892,53.92,22,0,0,0,26.3,3,0
T019893,445.54,10,1,0,0,6.8,3,0
T019894,17.86,10,1,0,0,44.9,2,0
T019895,94.38,2,0,0,0,25.6,2,0
T019896,199.16,6,0,0,0,6.7,4,0
T019897,94.63,19,0,0,0,1.8,1,0
T019898,11.44,22,1,0,0,32.6,1,0
T019899,7.29,5,1,0,0,9.0,2,0
T019900,24.82,21,0,0,1,25.7,4,0
T019901,35.43,7,1,0,0,4.7,2,0
T019902,31.14,17,1,0,0,13.8,1,0
T019903,113.09,9,0,1,0,63.5,3,0
T019904,84.52,18,1,0,0,32.2,8,0
T019905,54.48,3,1,0,1,4.2,2,0
T019906,103.03,7,0,0,0,13.5,1,0
T019907,80.14,12,0,0,0,54.4,3,0
T019908,18.42,0,0,0,0,5.8,3,0
T019909,94.72,11,1,0,0,23.3,0,0
T019910,8.88,14,0,0,0,26.3,4,0
T019911,76.73,15,0,0,0,1.6,1,0
T019912,12.27,16,1,0,0,28.1,4,0
T019913,9.99,6,0,0,0,11.8,5,0
T019914,96.75,10,0,0,0,23.7,0,0
T019915,26.93,12,1,0,0,65.9,2,0
T019916,53.1,8,1,0,0,80.9,3,0
T019917,13.43,6,0,0,0,7.1,3,0
T019918,95.81,9,1,0,0,0.5,7,0
T019919,48.01,21,0,0,1,1.8,1,0
T019920,54.89,4,1,0,0,7.6,2,1
T019921,7.9,10,0,0,0,12.2,4,0
T019922,18.4,4,1,0,0,39.3,4,0
T019923,9.0,3,0,0,1,36.2,1,0
T019924,64.25,18,0,0,0,14.4,5,0
T019925,131.85,16,0,1,1,32.0,2,0
T019926,74.14,6,1,0,0,10.3,4,0
T019927,122.09,17,1,0,1,8.4,2,0
T019928,40.0,23,0,0,0,19.5,1,0
T019929,91.99,2,1,0,1,2.9,3,0
T019930,44.62,11,1,0,0,1.6,0,0
T019931,12.12,0,0,0,1,17.3,0,0
T019932,18.45,23,1,0,0,33.0,4,0
T019933,47.52,13,0,0,1,28.9,2,0
T019934,54.66,18,1,1,0,4.4,1,0
T019935,5.2,7,0,0,0,7.5,3,0
T019936,63.12,20,0,0,1,10.8,1,0
T019937,31.96,19,0,0,0,8.3,3,0
T019938,13.3,8,0,0,0,23.2,3,0
T019939,85.19,11,1,0,0,4.3,2,0
T019940,22.07,16,1,0,1,27.6,3,0
T019941,70.34,21,1,0,0,9.4,1,0
T019942,42.62,2,0,0,0,38.1,3,0
T019943,56.1,7,1,0,0,2.1,1,0
T019944,23.1,16,0,0,0,20.2,5,0
T019945,24.09,20,1,0,0,29.1,2,0
T019946,43.84,0,1,0,0,38.4,2,0
T019947,101.48,7,1,0,0,23.9,2,0
T019948,102.37,3,0,1,0,0.3,4,0
T019949,115.71,15,0,0,0,17.3,0,0
T019950,24.89,5,1,1,0,50.1,5,0
T019951,20.97,11,0,0,0,11.1,4,0
T019952,42.38,21,0,0,0,21.4,7,0
T019953,15.19,7,1,0,1,2.8,2,0
T019954,148.25,6,0,1,1,7.0,3,0
T019955,8.03,18,0,0,0,2.5,1,0
T019956,45.2,13,0,0,0,10.5,2,0
T019957,38.13,21,1,0,0,9.4,2,0
T019958,15.81,10,0,0,0,11.9,2,0
T019959,768.03,10,1,0,0,21.9,1,0
T019960,18.56,16,1,0,1,32.6,1,0
T019961,8.92,7,1,0,1,31.0,2,0
T019962,49.92,20,0,0,0,0.6,1,0
T019963,84.61,20,1,0,0,3.4,3,0
T019964,8.87,23,0,0,1,11.6,2,0
T019965,79.01,14,1,0,0,1.0,1,0
T019966,30.98,2,0,0,0,2.5,4,0
T019967,8.14,20,0,0,0,36.3,3,0
T019968,28.28,23,1,0,0,10.8,2,0
T019969,29.61,0,1,0,1,31.6,6,0
T019970,57.29,19,0,0,0,16.3,1,0
T019971,43.4,11,0,0,0,53.7,1,0
T019972,123.71,2,1,1,0,20.0,1,0
T019973,75.98,20,1,1,0,22.5,7,0
T019974,32.37,6,1,0,1,4.1,2,0
T019975,18.34,0,0,1,0,33.7,3,0
T019976,55.01,3,1,0,0,21.2,1,0
T019977,69.08,13,0,1,0,7.5,4,0
T019978,193.5,20,0,0,0,23.9,3,0
T019979,18.84,22,0,0,0,8.5,2,0
T019980,58.34,16,0,0,1,6.1,0,0
T019981,59.34,13,0,0,0,14.0,3,0
T019982,100.0,3,0,0,0,1.8,1,0
T019983,61.24,2,1,0,1,12.3,6,0
T019984,47.83,2,0,0,1,4.2,2,0
T019985,33.57,19,1,0,0,19.1,0,0
T019986,192.91,20,1,0,0,27.9,2,0
T019987,18.72,12,0,0,1,2.1,1,0
T019988,26.94,10,0,0,0,7.4,3,0
T019989,35.51,22,0,1,0,4.7,4,0
T019990,508.74,10,0,0,1,41.7,3,0
T019991,63.18,8,0,0,0,46.2,1,0
T019992,46.45,0,0,0,0,13.3,4,0
T019993,39.01,19,1,0,0,20.6,4,0
T019994,53.96,16,1,0,0,34.7,4,0
T019995,48.26,0,0,0,0,6.4,2,0
T019996,92.22,14,0,0,0,7.5,4,0
T019997,85.45,10,0,1,0,18.9,2,0
T019998,81.78,2,1,0,0,1.4,6,1
T019999,102.13,3,0,0,1,1.6,3,0
T020000,6.78,1,0,0,0,7.4,3,0
